CollectionYearRange,Parent_Org_Code,Parent_Org_Name,Org_Name,Org_Type,Age_Band,Table_Code,Total_with_cancer,Invasive_total,Non_or_micro_invasive,Cancer_non_microinvasive,Cancer_microinvasive,Small_invasive,Invasive_not_known,Invasive_lessthan10mm,Invasive_10mmto15mm,Invasive_15mmto20mm,Invasive_20mmto50mm,Invasive_50mmplus,Invasive_unknown,Rate_with_cancer,Rate_non_or_micro_invasive,Rate_small_invasive,Percent_small_invasive
2011-12,E92000001,England,England,National,45 and over,A,2597.0,1874.0,722.0,700.0,22.0,851.0,1.0,409.0,442.0,374.0,537.0,59.0,53.0,7.341384262243179,2.0410009385212073,2.405667311193279,45.41088580576307
2011-12,E92000001,England,England,National,45 and over,A to F2,15749.0,12484.0,3249.0,3120.0,129.0,6403.0,16.0,3136.0,3267.0,2376.0,3032.0,280.0,393.0,8.115518733094817,1.6742218784573661,3.299489900819488,51.28965075296379
2011-12,E92000001,England,England,National,45 and over,B,516.0,408.0,107.0,101.0,6.0,169.0,1.0,79.0,90.0,84.0,121.0,14.0,20.0,11.65022239281118,2.415840689982163,3.8156736131493982,41.42156862745098
2011-12,E92000001,England,England,National,45 and over,C1,10295.0,8280.0,2005.0,1924.0,81.0,4444.0,10.0,2196.0,2248.0,1561.0,1887.0,153.0,235.0,7.593918963774905,1.4789516777434368,3.2780355390981715,53.67149758454106
2011-12,E92000001,England,England,National,45 and over,C2,1011.0,815.0,193.0,185.0,8.0,400.0,3.0,185.0,215.0,157.0,209.0,18.0,31.0,11.462844962470804,2.1882582371482346,4.535250232431574,49.079754601226995
2011-12,E92000001,England,England,National,45 and over,D,34.0,25.0,9.0,8.0,1.0,14.0,0.0,9.0,5.0,4.0,5.0,0.0,2.0,30.965391621129328,8.196721311475411,12.750455373406194,56.00000000000001
2011-12,E92000001,England,England,National,45 and over,E,206.0,162.0,44.0,43.0,1.0,64.0,0.0,29.0,35.0,30.0,53.0,9.0,6.0,12.174221381715029,2.6003191300750546,3.7822823710182614,39.50617283950617
2011-12,E92000001,England,England,National,45 and over,F1,801.0,670.0,131.0,122.0,9.0,367.0,0.0,187.0,180.0,114.0,146.0,16.0,27.0,11.886389268118952,1.9439662847984804,5.446073484893453,54.77611940298508
2011-12,E92000001,England,England,National,45 and over,F2,289.0,250.0,38.0,37.0,1.0,94.0,1.0,42.0,52.0,52.0,74.0,11.0,19.0,21.780088929082822,2.863817921471098,7.084181174165348,37.6
2011-12,E92000001,England,England,National,45-49,A,816.0,576.0,240.0,231.0,9.0,252.0,0.0,116.0,136.0,105.0,189.0,14.0,16.0,6.7063899732895,1.9724676392027942,2.071091021162934,43.75
2011-12,E92000001,England,England,National,45-49,A to F2,842.0,592.0,250.0,241.0,9.0,261.0,0.0,119.0,142.0,106.0,193.0,15.0,17.0,6.739612432263693,2.001072574900147,2.089119768195753,44.08783783783784
2011-12,E92000001,England,England,National,45-49,B,2.0,2.0,0.0,0.0,0.0,2.0,0.0,0.0,2.0,0.0,0.0,0.0,0.0,7.462686567164179,0.0,7.462686567164179,100.0
2011-12,E92000001,England,England,National,45-49,C1,8.0,5.0,3.0,3.0,0.0,3.0,0.0,1.0,2.0,0.0,1.0,0.0,1.0,5.718370264474625,2.144388849177984,2.144388849177984,60.0
2011-12,E92000001,England,England,National,45-49,C2,1.0,0.0,1.0,1.0,0.0,0.0,0.0,0.0,0.0,0.0,0.0,0.0,0.0,11.904761904761903,11.904761904761903,0.0,z
2011-12,E92000001,England,England,National,45-49,D,1.0,0.0,1.0,1.0,0.0,0.0,0.0,0.0,0.0,0.0,0.0,0.0,0.0,32.25806451612903,32.25806451612903,0.0,z
2011-12,E92000001,England,England,National,45-49,E,14.0,9.0,5.0,5.0,0.0,4.0,0.0,2.0,2.0,1.0,3.0,1.0,0.0,9.60878517501716,3.431708991077557,2.7453671928620453,44.44444444444444
2011-12,E92000001,England,England,National,45-49,F1,0.0,0.0,0.0,0.0,0.0,0.0,0.0,0.0,0.0,0.0,0.0,0.0,0.0,0.0,0.0,0.0,z
2011-12,E92000001,England,England,National,45-49,F2,0.0,0.0,0.0,0.0,0.0,0.0,0.0,0.0,0.0,0.0,0.0,0.0,0.0,0.0,0.0,0.0,z
2011-12,E92000001,England,England,National,45-74,A,2597.0,1874.0,722.0,700.0,22.0,851.0,1.0,409.0,442.0,374.0,537.0,59.0,53.0,7.341384262243179,2.0410009385212073,2.405667311193279,45.41088580576307
2011-12,E92000001,England,England,National,45-74,A to F2,15261.0,12068.0,3178.0,3054.0,124.0,6214.0,15.0,3048.0,3166.0,2300.0,2927.0,271.0,356.0,7.985131675402121,1.6628496471022831,3.2513995302371264,51.49154789526019
2011-12,E92000001,England,England,National,45-74,B,516.0,408.0,107.0,101.0,6.0,169.0,1.0,79.0,90.0,84.0,121.0,14.0,20.0,11.65022239281118,2.415840689982163,3.8156736131493982,41.42156862745098
2011-12,E92000001,England,England,National,45-74,C1,10295.0,8280.0,2005.0,1924.0,81.0,4444.0,10.0,2196.0,2248.0,1561.0,1887.0,153.0,235.0,7.593946971457234,1.4789571323721955,3.278047629058373,53.67149758454106
2011-12,E92000001,England,England,National,45-74,C2,1011.0,815.0,193.0,185.0,8.0,400.0,3.0,185.0,215.0,157.0,209.0,18.0,31.0,11.463364854752024,2.188357484636143,4.535455926707032,49.079754601226995
2011-12,E92000001,England,England,National,45-74,D,31.0,22.0,9.0,8.0,1.0,13.0,0.0,8.0,5.0,4.0,4.0,0.0,1.0,28.999064546304957,8.41908325537886,12.160898035547241,59.09090909090909
2011-12,E92000001,England,England,National,45-74,E,184.0,142.0,42.0,41.0,1.0,58.0,0.0,27.0,31.0,26.0,46.0,8.0,4.0,11.473467606160753,2.6189436927106065,3.6166365280289328,40.845070422535215
2011-12,E92000001,England,England,National,45-74,F1,512.0,423.0,89.0,84.0,5.0,231.0,0.0,123.0,108.0,75.0,95.0,14.0,8.0,11.366411366411366,1.9758019758019758,5.128205128205129,54.60992907801418
2011-12,E92000001,England,England,National,45-74,F2,115.0,104.0,11.0,11.0,0.0,48.0,0.0,21.0,27.0,19.0,28.0,5.0,4.0,16.178953292065277,1.5475520540236354,6.752954417557682,46.15384615384615
2011-12,E92000001,England,England,National,50-52,A,1693.0,1237.0,455.0,444.0,11.0,573.0,1.0,283.0,290.0,254.0,338.0,41.0,31.0,7.61508082870791,2.0465810850927935,2.5773427730948804,46.32174616006468
2011-12,E92000001,England,England,National,50-52,A to F2,2072.0,1526.0,545.0,530.0,15.0,701.0,1.0,356.0,345.0,304.0,428.0,52.0,41.0,7.236279183473902,1.90336493966857,2.4481813260691148,45.937090432503275
2011-12,E92000001,England,England,National,50-52,B,65.0,49.0,16.0,15.0,1.0,23.0,0.0,12.0,11.0,7.0,15.0,2.0,2.0,9.872417982989065,2.430133657351154,3.4933171324422845,46.93877551020408
2011-12,E92000001,England,England,National,50-52,C1,237.0,181.0,56.0,54.0,2.0,81.0,0.0,46.0,35.0,32.0,57.0,5.0,6.0,4.862835217596487,1.149024355212672,1.6619816566469008,44.751381215469614
2011-12,E92000001,England,England,National,50-52,C2,3.0,2.0,1.0,1.0,0.0,0.0,0.0,0.0,0.0,0.0,2.0,0.0,0.0,3.0425963488843815,1.0141987829614605,0.0,0.0
2011-12,E92000001,England,England,National,50-52,D,2.0,2.0,0.0,0.0,0.0,2.0,0.0,1.0,1.0,0.0,0.0,0.0,0.0,6.172839506172839,0.0,6.172839506172839,100.0
2011-12,E92000001,England,England,National,50-52,E,71.0,54.0,17.0,16.0,1.0,21.0,0.0,14.0,7.0,11.0,16.0,4.0,2.0,10.016930022573364,2.3984198645598194,2.9627539503386005,38.88888888888889
2011-12,E92000001,England,England,National,50-52,F1,1.0,1.0,0.0,0.0,0.0,1.0,0.0,0.0,1.0,0.0,0.0,0.0,0.0,3.4965034965034967,0.0,3.4965034965034967,100.0
2011-12,E92000001,England,England,National,50-52,F2,0.0,0.0,0.0,0.0,0.0,0.0,0.0,0.0,0.0,0.0,0.0,0.0,0.0,0.0,0.0,0.0,z
2011-12,E92000001,England,England,National,50<71,A,1780.0,1298.0,481.0,468.0,13.0,599.0,1.0,293.0,306.0,269.0,348.0,45.0,37.0,7.671983897454022,2.0731596936378565,2.5817518845926735,46.14791987673343
2011-12,E92000001,England,England,National,50<71,A to F2,13619.0,10803.0,2801.0,2690.0,111.0,5587.0,15.0,2735.0,2852.0,2072.0,2584.0,241.0,319.0,7.905718831794933,1.6259577390305902,3.2432080999514126,51.717115616032586
2011-12,E92000001,England,England,National,50<71,B,510.0,404.0,105.0,99.0,6.0,166.0,1.0,78.0,88.0,83.0,121.0,14.0,20.0,11.627906976744185,2.3939808481532148,3.7847697218422254,41.089108910891085
2011-12,E92000001,England,England,National,50<71,C1,9964.0,8005.0,1949.0,1870.0,79.0,4295.0,10.0,2123.0,2172.0,1515.0,1822.0,149.0,224.0,7.521453201524219,1.4712276485117126,3.242135839075323,53.65396627108058
2011-12,E92000001,England,England,National,50<71,C2,943.0,758.0,182.0,174.0,8.0,377.0,3.0,173.0,204.0,145.0,193.0,17.0,26.0,11.196200653012763,2.1608785989907986,4.476105669338082,49.736147757255935
2011-12,E92000001,England,England,National,50<71,D,25.0,19.0,6.0,5.0,1.0,11.0,0.0,6.0,5.0,3.0,4.0,0.0,1.0,25.278058645096056,6.066734074823054,11.122345803842265,57.89473684210527
2011-12,E92000001,England,England,National,50<71,E,153.0,117.0,36.0,35.0,1.0,48.0,0.0,22.0,26.0,19.0,40.0,6.0,4.0,10.906757912745938,2.5662959794696323,3.4217279726261762,41.02564102564102
2011-12,E92000001,England,England,National,50<71,F1,195.0,157.0,38.0,35.0,3.0,73.0,0.0,32.0,41.0,29.0,42.0,9.0,4.0,10.188620095093787,1.9854746851977636,3.814201368932546,46.496815286624205
2011-12,E92000001,England,England,National,50<71,F2,49.0,45.0,4.0,4.0,0.0,18.0,0.0,8.0,10.0,9.0,14.0,1.0,3.0,13.31883664039141,1.0872519706441968,4.892633867898886,40.0
2011-12,E92000001,England,England,National,53-54,A,24.0,15.0,9.0,9.0,0.0,8.0,0.0,4.0,4.0,4.0,0.0,2.0,1.0,8.81704628949302,3.3063923585598824,2.9390154298310063,53.333333333333336
2011-12,E92000001,England,England,National,53-54,A to F2,1034.0,794.0,239.0,235.0,4.0,390.0,1.0,200.0,190.0,163.0,194.0,20.0,27.0,5.609565557050476,1.2966017099952258,2.115793585347858,49.1183879093199
2011-12,E92000001,England,England,National,53-54,B,160.0,129.0,30.0,30.0,0.0,54.0,1.0,27.0,27.0,32.0,34.0,4.0,5.0,9.510788801046187,1.78327290019616,3.209891220353088,41.86046511627907
2011-12,E92000001,England,England,National,53-54,C1,796.0,607.0,189.0,185.0,4.0,308.0,0.0,162.0,146.0,119.0,149.0,12.0,19.0,5.04480752411494,1.1978249020825675,1.952010951541962,50.74135090609555
2011-12,E92000001,England,England,National,53-54,C2,12.0,9.0,3.0,3.0,0.0,6.0,0.0,2.0,4.0,1.0,2.0,0.0,0.0,5.163511187607574,1.2908777969018934,2.581755593803787,66.66666666666666
2011-12,E92000001,England,England,National,53-54,D,3.0,2.0,1.0,1.0,0.0,1.0,0.0,0.0,1.0,1.0,0.0,0.0,0.0,21.58273381294964,7.194244604316547,7.194244604316547,50.0
2011-12,E92000001,England,England,National,53-54,E,18.0,16.0,2.0,2.0,0.0,7.0,0.0,3.0,4.0,2.0,4.0,1.0,2.0,8.075370121130552,0.8972633467922835,3.1404217137729926,43.75
2011-12,E92000001,England,England,National,53-54,F1,21.0,16.0,5.0,5.0,0.0,6.0,0.0,2.0,4.0,4.0,5.0,1.0,0.0,9.186351706036746,2.1872265966754156,2.6246719160104988,37.5
2011-12,E92000001,England,England,National,53-54,F2,0.0,0.0,0.0,0.0,0.0,0.0,0.0,0.0,0.0,0.0,0.0,0.0,0.0,0.0,0.0,0.0,z
2011-12,E92000001,England,England,National,55-59,A,32.0,24.0,8.0,8.0,0.0,9.0,0.0,3.0,6.0,6.0,6.0,1.0,2.0,9.744214372716199,2.4360535931790497,2.7405602923264314,37.5
2011-12,E92000001,England,England,National,55-59,A to F2,2612.0,2058.0,551.0,524.0,27.0,1055.0,3.0,514.0,541.0,419.0,492.0,40.0,52.0,6.261236426396913,1.3208044682024116,2.5289450343984465,51.263362487852284
2011-12,E92000001,England,England,National,55-59,B,143.0,115.0,28.0,25.0,3.0,54.0,0.0,25.0,29.0,20.0,34.0,3.0,4.0,11.01101101101101,2.1560021560021556,4.158004158004158,46.95652173913044
2011-12,E92000001,England,England,National,55-59,C1,2146.0,1694.0,450.0,427.0,23.0,879.0,2.0,436.0,443.0,342.0,400.0,32.0,41.0,5.869209078949888,1.230728837617637,2.404023662813118,51.88902007083826
2011-12,E92000001,England,England,National,55-59,C2,202.0,152.0,49.0,48.0,1.0,83.0,1.0,42.0,41.0,36.0,26.0,2.0,5.0,7.807970314251478,1.8940126009817944,3.208225426152835,54.60526315789473
2011-12,E92000001,England,England,National,55-59,D,5.0,3.0,2.0,2.0,0.0,2.0,0.0,1.0,1.0,0.0,1.0,0.0,0.0,30.67484662576687,12.269938650306749,12.269938650306749,66.66666666666666
2011-12,E92000001,England,England,National,55-59,E,30.0,25.0,5.0,5.0,0.0,10.0,0.0,2.0,8.0,4.0,11.0,0.0,0.0,12.58917331095258,2.0981955518254303,4.1963911036508605,40.0
2011-12,E92000001,England,England,National,55-59,F1,45.0,38.0,7.0,7.0,0.0,14.0,0.0,4.0,10.0,9.0,13.0,2.0,0.0,7.759958613554061,1.2071046732195205,2.414209346439041,36.84210526315789
2011-12,E92000001,England,England,National,55-59,F2,9.0,7.0,2.0,2.0,0.0,4.0,0.0,1.0,3.0,2.0,1.0,0.0,0.0,8.604206500956023,1.9120458891013383,3.8240917782026767,57.14285714285714
2011-12,E92000001,England,England,National,60-64,A,17.0,12.0,5.0,4.0,1.0,4.0,0.0,3.0,1.0,3.0,3.0,0.0,2.0,7.5994635672776045,2.235136343316942,1.788109074653554,33.33333333333333
2011-12,E92000001,England,England,National,60-64,A to F2,3722.0,3010.0,706.0,668.0,38.0,1589.0,6.0,766.0,823.0,557.0,710.0,64.0,90.0,8.583176328697373,1.6280823449920327,3.6643383090543056,52.79069767441861
2011-12,E92000001,England,England,National,60-64,B,93.0,73.0,20.0,19.0,1.0,23.0,0.0,11.0,12.0,16.0,28.0,3.0,3.0,18.84498480243161,4.052684903748734,4.660587639311043,31.506849315068493
2011-12,E92000001,England,England,National,60-64,C1,3189.0,2580.0,605.0,576.0,29.0,1405.0,4.0,679.0,726.0,475.0,578.0,52.0,70.0,8.190195393560847,1.553800004109223,3.6084115797908405,54.45736434108527
2011-12,E92000001,England,England,National,60-64,C2,320.0,265.0,53.0,48.0,5.0,126.0,2.0,55.0,71.0,50.0,74.0,5.0,10.0,11.004126547455297,1.8225584594222835,4.332874828060523,47.54716981132076
2011-12,E92000001,England,England,National,60-64,D,9.0,7.0,2.0,1.0,1.0,4.0,0.0,2.0,2.0,0.0,2.0,0.0,1.0,46.391752577319586,10.309278350515465,20.61855670103093,57.14285714285714
2011-12,E92000001,England,England,National,60-64,E,24.0,16.0,8.0,8.0,0.0,5.0,0.0,3.0,2.0,2.0,8.0,1.0,0.0,16.666666666666668,5.555555555555555,3.472222222222222,31.25
2011-12,E92000001,England,England,National,60-64,F1,51.0,40.0,11.0,10.0,1.0,19.0,0.0,11.0,8.0,9.0,9.0,2.0,1.0,10.115033716779056,2.18167393891313,3.7683458944863153,47.5
2011-12,E92000001,England,England,National,60-64,F2,19.0,17.0,2.0,2.0,0.0,3.0,0.0,2.0,1.0,2.0,8.0,1.0,3.0,14.147431124348472,1.4892032762472078,2.2338049143708116,17.647058823529413
2011-12,E92000001,England,England,National,65-70,A,14.0,10.0,4.0,3.0,1.0,5.0,0.0,0.0,5.0,2.0,1.0,1.0,1.0,9.668508287292818,2.7624309392265194,3.453038674033149,50.0
2011-12,E92000001,England,England,National,65-70,A to F2,4179.0,3415.0,760.0,733.0,27.0,1852.0,4.0,899.0,953.0,629.0,760.0,65.0,109.0,10.416121434179535,1.8942934410089605,4.616094016774467,54.23133235724744
2011-12,E92000001,England,England,National,65-70,B,49.0,38.0,11.0,10.0,1.0,12.0,0.0,3.0,9.0,8.0,10.0,2.0,6.0,19.35993678387989,4.34610825760569,4.741209008297116,31.57894736842105
2011-12,E92000001,England,England,National,65-70,C1,3596.0,2943.0,649.0,628.0,21.0,1622.0,4.0,800.0,822.0,547.0,638.0,48.0,88.0,9.900444914320955,1.7868155587859564,4.465662305625303,55.11382942575603
2011-12,E92000001,England,England,National,65-70,C2,406.0,330.0,76.0,74.0,2.0,162.0,0.0,74.0,88.0,58.0,89.0,10.0,11.0,15.6370358958558,2.9271298721306427,6.239408411646895,49.09090909090909
2011-12,E92000001,England,England,National,65-70,D,6.0,5.0,1.0,1.0,0.0,2.0,0.0,2.0,0.0,2.0,1.0,0.0,0.0,35.50295857988166,5.9171597633136095,11.834319526627219,40.0
2011-12,E92000001,England,England,National,65-70,E,10.0,6.0,4.0,4.0,0.0,5.0,0.0,0.0,5.0,0.0,1.0,0.0,0.0,11.26126126126126,4.504504504504505,5.63063063063063,83.33333333333334
2011-12,E92000001,England,England,National,65-70,F1,77.0,62.0,15.0,13.0,2.0,33.0,0.0,15.0,18.0,7.0,15.0,4.0,3.0,13.447432762836184,2.619629758994062,5.7631854697869365,53.2258064516129
2011-12,E92000001,England,England,National,65-70,F2,21.0,21.0,0.0,0.0,0.0,11.0,0.0,5.0,6.0,5.0,5.0,0.0,0.0,16.6270783847981,0.0,8.709422011084719,52.38095238095239
2011-12,E92000001,England,England,National,Over 70,A,1.0,0.0,1.0,1.0,0.0,0.0,0.0,0.0,0.0,0.0,0.0,0.0,0.0,16.666666666666668,16.666666666666668,0.0,z
2011-12,E92000001,England,England,National,Over 70,A to F2,1288.0,1089.0,198.0,189.0,9.0,555.0,1.0,282.0,273.0,198.0,255.0,24.0,57.0,13.850504876711149,2.1291925198670865,5.968191154172894,50.964187327823694
2011-12,E92000001,England,England,National,Over 70,B,4.0,2.0,2.0,2.0,0.0,1.0,0.0,1.0,0.0,1.0,0.0,0.0,0.0,24.539877300613497,12.269938650306749,6.134969325153374,50.0
2011-12,E92000001,England,England,National,Over 70,C1,323.0,270.0,53.0,51.0,2.0,146.0,0.0,72.0,74.0,46.0,64.0,4.0,10.0,10.931735878430976,1.7937523268013673,4.941279994584899,54.074074074074076
2011-12,E92000001,England,England,National,Over 70,C2,67.0,57.0,10.0,10.0,0.0,23.0,0.0,12.0,11.0,12.0,16.0,1.0,5.0,17.22807919773721,2.5713551041398817,5.914116739521728,40.35087719298245
2011-12,E92000001,England,England,National,Over 70,D,8.0,6.0,2.0,2.0,0.0,3.0,0.0,3.0,0.0,1.0,1.0,0.0,1.0,102.56410256410255,25.64102564102564,38.46153846153847,50.0
2011-12,E92000001,England,England,National,Over 70,E,39.0,36.0,3.0,3.0,0.0,12.0,0.0,5.0,7.0,10.0,10.0,2.0,2.0,27.158774373259053,2.0891364902506964,8.356545961002785,33.33333333333333
2011-12,E92000001,England,England,National,Over 70,F1,606.0,513.0,93.0,87.0,6.0,294.0,0.0,155.0,139.0,85.0,104.0,7.0,23.0,12.56453318405175,1.9282204391366549,6.095664614044909,57.30994152046783
2011-12,E92000001,England,England,National,Over 70,F2,240.0,205.0,34.0,33.0,1.0,76.0,1.0,34.0,42.0,43.0,60.0,10.0,16.0,25.02867869433726,3.5457294816977787,7.925748253206799,37.073170731707314
2012-13,E92000001,England,England,National,45 and over,A,2796.0,1937.0,857.0,829.0,28.0,862.0,2.0,430.0,432.0,378.0,576.0,47.0,74.0,7.537282049623136,2.3102470373844874,2.3237257248838135,44.5018069179143
2012-13,E92000001,England,England,National,45 and over,A to F2,16432.0,12873.0,3530.0,3395.0,135.0,6565.0,29.0,3194.0,3371.0,2420.0,3173.0,278.0,437.0,8.337075174217576,1.7910099418809664,3.330872597294205,50.99821331468966
2012-13,E92000001,England,England,National,45 and over,B,504.0,398.0,106.0,104.0,2.0,150.0,0.0,77.0,73.0,86.0,122.0,13.0,27.0,10.77752117013087,2.2667008810195877,3.2075955863484733,37.68844221105528
2012-13,E92000001,England,England,National,45 and over,C1,10710.0,8549.0,2138.0,2044.0,94.0,4598.0,23.0,2252.0,2346.0,1597.0,1950.0,164.0,240.0,7.8221144541135486,1.5615014661899875,3.3581776153141076,53.78406831208329
2012-13,E92000001,England,England,National,45 and over,C2,1078.0,889.0,188.0,181.0,7.0,443.0,1.0,204.0,239.0,160.0,223.0,25.0,38.0,11.815252416756177,2.060544948376773,4.855433043249523,49.831271091113614
2012-13,E92000001,England,England,National,45 and over,D,26.0,12.0,14.0,14.0,0.0,10.0,0.0,7.0,3.0,0.0,2.0,0.0,0.0,24.074074074074073,12.962962962962962,9.25925925925926,83.33333333333334
2012-13,E92000001,England,England,National,45 and over,E,213.0,162.0,49.0,48.0,1.0,61.0,2.0,27.0,34.0,17.0,63.0,8.0,13.0,13.138415988156922,3.0224525043177897,3.762644954354799,37.65432098765432
2012-13,E92000001,England,England,National,45 and over,F1,809.0,679.0,130.0,128.0,2.0,338.0,0.0,146.0,192.0,142.0,158.0,14.0,27.0,12.971811563993201,2.084469101754161,5.419619664560819,49.779086892488955
2012-13,E92000001,England,England,National,45 and over,F2,296.0,247.0,48.0,47.0,1.0,103.0,1.0,51.0,52.0,40.0,79.0,7.0,18.0,22.51978088861838,3.6518563603164944,7.836275106512478,41.70040485829959
2012-13,E92000001,England,England,National,45-49,A,1052.0,700.0,351.0,343.0,8.0,297.0,1.0,145.0,152.0,142.0,219.0,18.0,24.0,6.814001088167474,2.2734927585045472,1.92372464181154,42.42857142857142
2012-13,E92000001,England,England,National,45-49,A to F2,1103.0,741.0,361.0,352.0,9.0,317.0,1.0,154.0,163.0,149.0,230.0,20.0,25.0,6.860092670336163,2.2452343191218085,1.9715769505861866,42.7800269905533
2012-13,E92000001,England,England,National,45-49,B,5.0,5.0,0.0,0.0,0.0,0.0,0.0,0.0,0.0,2.0,3.0,0.0,0.0,7.142857142857142,0.0,0.0,0.0
2012-13,E92000001,England,England,National,45-49,C1,19.0,16.0,3.0,2.0,1.0,9.0,0.0,4.0,5.0,3.0,2.0,2.0,0.0,5.909797822706065,0.9331259720062208,2.7993779160186625,56.25
2012-13,E92000001,England,England,National,45-49,C2,1.0,0.0,1.0,1.0,0.0,0.0,0.0,0.0,0.0,0.0,0.0,0.0,0.0,5.46448087431694,5.46448087431694,0.0,z
2012-13,E92000001,England,England,National,45-49,D,1.0,0.0,1.0,1.0,0.0,0.0,0.0,0.0,0.0,0.0,0.0,0.0,0.0,17.543859649122805,17.543859649122805,0.0,z
2012-13,E92000001,England,England,National,45-49,E,25.0,20.0,5.0,5.0,0.0,11.0,0.0,5.0,6.0,2.0,6.0,0.0,1.0,11.462631820265932,2.2925263640531863,5.0435580009170105,55.00000000000001
2012-13,E92000001,England,England,National,45-49,F1,0.0,0.0,0.0,0.0,0.0,0.0,0.0,0.0,0.0,0.0,0.0,0.0,0.0,0.0,0.0,0.0,z
2012-13,E92000001,England,England,National,45-49,F2,0.0,0.0,0.0,0.0,0.0,0.0,0.0,0.0,0.0,0.0,0.0,0.0,0.0,0.0,0.0,0.0,z
2012-13,E92000001,England,England,National,45-74,A,2796.0,1937.0,857.0,829.0,28.0,862.0,2.0,430.0,432.0,378.0,576.0,47.0,74.0,7.537302368211778,2.3102532652208487,2.3237319890552763,44.5018069179143
2012-13,E92000001,England,England,National,45-74,A to F2,15912.0,12427.0,3457.0,3324.0,133.0,6363.0,28.0,3097.0,3266.0,2339.0,3049.0,270.0,406.0,8.195450577240525,1.7805224136199407,3.277253143726839,51.203025669912286
2012-13,E92000001,England,England,National,45-74,B,504.0,398.0,106.0,104.0,2.0,150.0,0.0,77.0,73.0,86.0,122.0,13.0,27.0,10.777751641254838,2.266749353121057,3.207664178944892,37.68844221105528
2012-13,E92000001,England,England,National,45-74,C1,10710.0,8549.0,2138.0,2044.0,94.0,4598.0,23.0,2252.0,2346.0,1597.0,1950.0,164.0,240.0,7.822120167047181,1.5615026066430322,3.3581800679816007,53.78406831208329
2012-13,E92000001,England,England,National,45-74,C2,1078.0,889.0,188.0,181.0,7.0,443.0,1.0,204.0,239.0,160.0,223.0,25.0,38.0,11.815511420930335,2.0605901179359027,4.855539480029813,49.831271091113614
2012-13,E92000001,England,England,National,45-74,D,25.0,12.0,13.0,13.0,0.0,10.0,0.0,7.0,3.0,0.0,2.0,0.0,0.0,23.76425855513308,12.357414448669202,9.505703422053232,83.33333333333334
2012-13,E92000001,England,England,National,45-74,E,188.0,139.0,48.0,47.0,1.0,54.0,1.0,25.0,29.0,14.0,56.0,7.0,8.0,12.206999545484061,3.1166807350172063,3.5062658268943574,38.84892086330935
2012-13,E92000001,England,England,National,45-74,F1,495.0,408.0,87.0,87.0,0.0,203.0,0.0,84.0,119.0,91.0,90.0,11.0,13.0,12.264010703136615,2.1554927902482532,5.029483177245924,49.754901960784316
2012-13,E92000001,England,England,National,45-74,F2,116.0,95.0,20.0,19.0,1.0,43.0,1.0,18.0,25.0,13.0,30.0,3.0,6.0,17.570433202059984,3.029385034837928,6.513177824901545,45.26315789473684
2012-13,E92000001,England,England,National,50-52,A,1644.0,1166.0,477.0,460.0,17.0,536.0,1.0,272.0,264.0,224.0,337.0,26.0,43.0,7.926520575685254,2.299848123237145,2.5843157108073576,45.96912521440824
2012-13,E92000001,England,England,National,50-52,A to F2,2103.0,1499.0,602.0,581.0,21.0,681.0,2.0,349.0,332.0,292.0,431.0,40.0,55.0,7.469472128888352,2.138194113928097,2.418787693662847,45.43028685790527
2012-13,E92000001,England,England,National,50-52,B,71.0,58.0,13.0,12.0,1.0,23.0,0.0,11.0,12.0,9.0,18.0,4.0,4.0,8.681829298116899,1.5896307165566153,2.8124235754463194,39.6551724137931
2012-13,E92000001,England,England,National,50-52,C1,307.0,219.0,87.0,84.0,3.0,97.0,1.0,57.0,40.0,50.0,61.0,7.0,4.0,5.339873373686774,1.5132540179503233,1.6871912613928894,44.29223744292237
2012-13,E92000001,England,England,National,50-52,C2,8.0,6.0,2.0,2.0,0.0,4.0,0.0,2.0,2.0,0.0,1.0,0.0,1.0,6.802721088435374,1.7006802721088434,3.401360544217687,66.66666666666666
2012-13,E92000001,England,England,National,50-52,D,1.0,0.0,1.0,1.0,0.0,0.0,0.0,0.0,0.0,0.0,0.0,0.0,0.0,3.6101083032490977,3.6101083032490977,0.0,z
2012-13,E92000001,England,England,National,50-52,E,70.0,48.0,22.0,22.0,0.0,21.0,0.0,7.0,14.0,8.0,14.0,2.0,3.0,10.680500457735734,3.3567287152883734,3.20415013732072,43.75
2012-13,E92000001,England,England,National,50-52,F1,1.0,1.0,0.0,0.0,0.0,0.0,0.0,0.0,0.0,1.0,0.0,0.0,0.0,2.2271714922048997,0.0,0.0,0.0
2012-13,E92000001,England,England,National,50-52,F2,1.0,1.0,0.0,0.0,0.0,0.0,0.0,0.0,0.0,0.0,0.0,1.0,0.0,66.66666666666667,0.0,0.0,0.0
2012-13,E92000001,England,England,National,50<71,A,1741.0,1236.0,504.0,484.0,20.0,565.0,1.0,285.0,280.0,236.0,357.0,29.0,49.0,8.042387679117509,2.328181154666987,2.609964984894539,45.71197411003236
2012-13,E92000001,England,England,National,50<71,A to F2,13888.0,10943.0,2921.0,2805.0,116.0,5669.0,24.0,2765.0,2904.0,2054.0,2642.0,234.0,344.0,8.11518798802589,1.7068306532995123,3.3125720553080917,51.80480672576076
2012-13,E92000001,England,England,National,50<71,B,494.0,388.0,106.0,104.0,2.0,149.0,0.0,77.0,72.0,84.0,115.0,13.0,27.0,10.783671687404496,2.313905260860074,3.2525649421523686,38.402061855670105
2012-13,E92000001,England,England,National,50<71,C1,10223.0,8161.0,2041.0,1955.0,86.0,4395.0,21.0,2150.0,2245.0,1528.0,1867.0,153.0,218.0,7.708647363503856,1.5390148947384692,3.3140472623104227,53.85369440019605
2012-13,E92000001,England,England,National,50<71,C2,1014.0,836.0,177.0,170.0,7.0,423.0,1.0,193.0,230.0,151.0,204.0,25.0,33.0,11.716312712314839,2.0451551775934185,4.887574237977492,50.59808612440191
2012-13,E92000001,England,England,National,50<71,D,22.0,10.0,12.0,12.0,0.0,8.0,0.0,6.0,2.0,0.0,2.0,0.0,0.0,22.964509394572026,12.526096033402924,8.35073068893528,80.0
2012-13,E92000001,England,England,National,50<71,E,156.0,114.0,41.0,40.0,1.0,42.0,1.0,20.0,22.0,12.0,46.0,7.0,7.0,12.192262602579133,3.2043767096522076,3.28253223915592,36.84210526315789
2012-13,E92000001,England,England,National,50<71,F1,187.0,156.0,31.0,31.0,0.0,70.0,0.0,28.0,42.0,37.0,37.0,5.0,7.0,9.714790378720972,1.6104732713387708,3.636552548184321,44.871794871794876
2012-13,E92000001,England,England,National,50<71,F2,51.0,42.0,9.0,9.0,0.0,17.0,0.0,6.0,11.0,6.0,14.0,2.0,3.0,15.223880597014926,2.6865671641791042,5.074626865671641,40.476190476190474
2012-13,E92000001,England,England,National,53-54,A,29.0,20.0,9.0,9.0,0.0,10.0,0.0,3.0,7.0,4.0,4.0,2.0,0.0,10.642201834862384,3.302752293577982,3.669724770642202,50.0
2012-13,E92000001,England,England,National,53-54,A to F2,1019.0,773.0,245.0,237.0,8.0,374.0,1.0,192.0,182.0,142.0,202.0,27.0,28.0,5.53176012029814,1.3300110200913093,2.0303025367924477,48.38292367399741
2012-13,E92000001,England,England,National,53-54,B,153.0,115.0,38.0,38.0,0.0,50.0,0.0,26.0,24.0,20.0,35.0,1.0,9.0,9.051112162801704,2.2479886417415997,2.957879791765263,43.47826086956522
2012-13,E92000001,England,England,National,53-54,C1,796.0,609.0,186.0,178.0,8.0,303.0,1.0,158.0,145.0,114.0,155.0,19.0,18.0,5.045287156701802,1.1789238833499185,1.9205050357797062,49.75369458128079
2012-13,E92000001,England,England,National,53-54,C2,17.0,12.0,5.0,5.0,0.0,5.0,0.0,2.0,3.0,2.0,3.0,1.0,1.0,6.852075775896815,2.015316404675534,2.015316404675534,41.66666666666667
2012-13,E92000001,England,England,National,53-54,D,0.0,0.0,0.0,0.0,0.0,0.0,0.0,0.0,0.0,0.0,0.0,0.0,0.0,0.0,0.0,0.0,z
2012-13,E92000001,England,England,National,53-54,E,15.0,11.0,4.0,4.0,0.0,4.0,0.0,3.0,1.0,0.0,4.0,3.0,0.0,7.668711656441718,2.044989775051125,2.044989775051125,36.36363636363637
2012-13,E92000001,England,England,National,53-54,F1,8.0,6.0,2.0,2.0,0.0,2.0,0.0,0.0,2.0,2.0,1.0,1.0,0.0,3.6166365280289328,0.9041591320072332,0.9041591320072332,33.33333333333333
2012-13,E92000001,England,England,National,53-54,F2,1.0,0.0,1.0,1.0,0.0,0.0,0.0,0.0,0.0,0.0,0.0,0.0,0.0,47.61904761904761,47.61904761904761,0.0,z
2012-13,E92000001,England,England,National,55-59,A,27.0,20.0,7.0,7.0,0.0,10.0,0.0,4.0,6.0,3.0,4.0,1.0,2.0,8.875739644970414,2.3011176857330704,3.287310979618672,50.0
2012-13,E92000001,England,England,National,55-59,A to F2,2722.0,2119.0,599.0,569.0,30.0,1096.0,4.0,556.0,540.0,417.0,498.0,51.0,57.0,6.613329186842342,1.455321154635769,2.66282468360735,51.72251061821614
2012-13,E92000001,England,England,National,55-59,B,139.0,105.0,34.0,33.0,1.0,37.0,0.0,25.0,12.0,33.0,27.0,2.0,6.0,10.521535084399364,2.5736128983422906,2.8006963893724928,35.23809523809524
2012-13,E92000001,England,England,National,55-59,C1,2237.0,1734.0,500.0,474.0,26.0,927.0,3.0,472.0,455.0,342.0,385.0,38.0,42.0,6.209231964915203,1.3878480028867237,2.5730701973519863,53.46020761245674
2012-13,E92000001,England,England,National,55-59,C2,215.0,176.0,38.0,35.0,3.0,94.0,1.0,43.0,51.0,29.0,42.0,7.0,4.0,8.24260082809385,1.4568317742677503,3.6037417573991717,53.40909090909091
2012-13,E92000001,England,England,National,55-59,D,7.0,4.0,3.0,3.0,0.0,3.0,0.0,2.0,1.0,0.0,1.0,0.0,0.0,38.04347826086957,16.304347826086957,16.304347826086957,75.0
2012-13,E92000001,England,England,National,55-59,E,41.0,34.0,7.0,7.0,0.0,7.0,0.0,3.0,4.0,2.0,21.0,2.0,2.0,20.11776251226693,3.434739941118744,3.434739941118744,20.588235294117645
2012-13,E92000001,England,England,National,55-59,F1,47.0,38.0,9.0,9.0,0.0,14.0,0.0,6.0,8.0,8.0,14.0,1.0,1.0,8.013640238704177,1.5345268542199488,2.3870417732310316,36.84210526315789
2012-13,E92000001,England,England,National,55-59,F2,9.0,8.0,1.0,1.0,0.0,4.0,0.0,1.0,3.0,0.0,4.0,0.0,0.0,10.011123470522802,1.1123470522803114,4.4493882091212456,50.0
2012-13,E92000001,England,England,National,60-64,A,17.0,12.0,5.0,5.0,0.0,1.0,0.0,1.0,0.0,2.0,6.0,0.0,3.0,8.803728638011393,2.589331952356292,0.5178663904712584,8.333333333333332
2012-13,E92000001,England,England,National,60-64,A to F2,3620.0,2911.0,700.0,677.0,23.0,1584.0,9.0,750.0,834.0,552.0,652.0,51.0,72.0,8.92339927281691,1.7255191964010599,3.9046034387132558,54.41429062177946
2012-13,E92000001,England,England,National,60-64,B,81.0,65.0,16.0,16.0,0.0,25.0,0.0,10.0,15.0,13.0,17.0,5.0,5.0,16.966904063678257,3.3514872224549643,5.236698785085882,38.46153846153847
2012-13,E92000001,England,England,National,60-64,C1,3086.0,2487.0,590.0,571.0,19.0,1376.0,9.0,661.0,715.0,469.0,553.0,38.0,51.0,8.498380736269304,1.6247714304597827,3.7892974378180697,55.327704061117814
2012-13,E92000001,England,England,National,60-64,C2,343.0,275.0,68.0,65.0,3.0,145.0,0.0,63.0,82.0,53.0,64.0,6.0,7.0,12.064720365810762,2.3918396060499476,5.100246218782975,52.72727272727272
2012-13,E92000001,England,England,National,60-64,D,4.0,1.0,3.0,3.0,0.0,0.0,0.0,0.0,0.0,0.0,1.0,0.0,0.0,26.490066225165563,19.867549668874172,0.0,0.0
2012-13,E92000001,England,England,National,60-64,E,16.0,11.0,5.0,4.0,1.0,5.0,0.0,4.0,1.0,0.0,4.0,0.0,2.0,12.057272042200452,3.7678975131876413,3.7678975131876413,45.45454545454545
2012-13,E92000001,England,England,National,60-64,F1,54.0,43.0,11.0,11.0,0.0,24.0,0.0,9.0,15.0,11.0,3.0,1.0,4.0,11.34453781512605,2.3109243697478994,5.04201680672269,55.81395348837209
2012-13,E92000001,England,England,National,60-64,F2,19.0,17.0,2.0,2.0,0.0,8.0,0.0,2.0,6.0,4.0,4.0,1.0,0.0,16.183986371379895,1.7035775127768313,6.814310051107325,47.05882352941176
2012-13,E92000001,England,England,National,65-70,A,24.0,18.0,6.0,3.0,3.0,8.0,0.0,5.0,3.0,3.0,6.0,0.0,1.0,17.454545454545457,4.363636363636364,5.8181818181818175,44.44444444444444
2012-13,E92000001,England,England,National,65-70,A to F2,4424.0,3641.0,775.0,741.0,34.0,1934.0,8.0,918.0,1016.0,651.0,859.0,65.0,132.0,10.328340368308991,1.8093272571065706,4.515146987411752,53.117275473770945
2012-13,E92000001,England,England,National,65-70,B,50.0,45.0,5.0,5.0,0.0,14.0,0.0,5.0,9.0,9.0,18.0,1.0,3.0,18.22821728034998,1.8228217280349983,5.103900838497995,31.11111111111111
2012-13,E92000001,England,England,National,65-70,C1,3797.0,3112.0,678.0,648.0,30.0,1692.0,7.0,802.0,890.0,553.0,713.0,51.0,103.0,9.798406242903445,1.7496232374739362,4.366316397943806,54.37017994858612
2012-13,E92000001,England,England,National,65-70,C2,431.0,367.0,64.0,63.0,1.0,175.0,0.0,83.0,92.0,67.0,94.0,11.0,20.0,15.18942731277533,2.255506607929515,6.167400881057269,47.68392370572207
2012-13,E92000001,England,England,National,65-70,D,10.0,5.0,5.0,5.0,0.0,5.0,0.0,4.0,1.0,0.0,0.0,0.0,0.0,48.309178743961354,24.154589371980677,24.154589371980677,100.0
2012-13,E92000001,England,England,National,65-70,E,14.0,10.0,3.0,3.0,0.0,5.0,1.0,3.0,2.0,2.0,3.0,0.0,0.0,15.217391304347826,3.260869565217391,5.434782608695652,50.0
2012-13,E92000001,England,England,National,65-70,F1,77.0,68.0,9.0,9.0,0.0,30.0,0.0,13.0,17.0,15.0,19.0,2.0,2.0,12.91296327352004,1.5093073956062384,5.031024652020795,44.11764705882353
2012-13,E92000001,England,England,National,65-70,F2,21.0,16.0,5.0,5.0,0.0,5.0,0.0,3.0,2.0,2.0,6.0,0.0,3.0,16.921837228041902,4.0290088638195,4.0290088638195,31.25
2012-13,E92000001,England,England,National,Over 70,A,3.0,1.0,2.0,2.0,0.0,0.0,0.0,0.0,0.0,0.0,0.0,0.0,1.0,33.333333333333336,22.22222222222222,0.0,0.0
2012-13,E92000001,England,England,National,Over 70,A to F2,1441.0,1189.0,248.0,238.0,10.0,579.0,4.0,275.0,304.0,217.0,301.0,24.0,68.0,14.583396585400411,2.509842021637267,5.859671494064426,48.69638351555929
2012-13,E92000001,England,England,National,Over 70,B,5.0,5.0,0.0,0.0,0.0,1.0,0.0,0.0,1.0,0.0,4.0,0.0,0.0,19.68503937007874,0.0,3.937007874015748,20.0
2012-13,E92000001,England,England,National,Over 70,C1,468.0,372.0,94.0,87.0,7.0,194.0,2.0,98.0,96.0,66.0,81.0,9.0,22.0,11.756726203933981,2.361393724721782,4.8735147084683605,52.1505376344086
2012-13,E92000001,England,England,National,Over 70,C2,63.0,53.0,10.0,10.0,0.0,20.0,0.0,11.0,9.0,9.0,19.0,0.0,5.0,13.972055888223553,2.2177866489243736,4.435573297848747,37.735849056603776
2012-13,E92000001,England,England,National,Over 70,D,3.0,2.0,1.0,1.0,0.0,2.0,0.0,1.0,1.0,0.0,0.0,0.0,0.0,46.15384615384615,15.384615384615385,30.76923076923077,100.0
2012-13,E92000001,England,England,National,Over 70,E,32.0,28.0,3.0,3.0,0.0,8.0,1.0,2.0,6.0,3.0,11.0,1.0,5.0,25.889967637540455,2.4271844660194173,6.472491909385114,28.57142857142857
2012-13,E92000001,England,England,National,Over 70,F1,622.0,523.0,99.0,97.0,2.0,268.0,0.0,118.0,150.0,105.0,121.0,9.0,20.0,14.445295989224089,2.2991709050372746,6.224018207575653,51.24282982791587
2012-13,E92000001,England,England,National,Over 70,F2,245.0,205.0,39.0,38.0,1.0,86.0,1.0,45.0,41.0,34.0,65.0,5.0,15.0,25.022980288019607,3.9832499233990397,8.783576754161986,41.951219512195124
2013-14,E92000001,England,England,National,45 and over,A,2930.0,2028.0,900.0,873.0,27.0,926.0,2.0,452.0,474.0,384.0,575.0,70.0,73.0,7.747940713709625,2.379913529808417,2.4486665873362154,45.66074950690335
2013-14,E92000001,England,England,National,45 and over,A to F2,17961.0,14076.0,3871.0,3741.0,130.0,7175.0,14.0,3534.0,3641.0,2671.0,3387.0,308.0,535.0,8.63812365006774,1.8617101859257403,3.450728644799067,50.97328786587099
2013-14,E92000001,England,England,National,45 and over,B,601.0,463.0,138.0,130.0,8.0,195.0,0.0,98.0,97.0,83.0,130.0,19.0,36.0,11.693972058995213,2.685138342997237,3.7942172238004437,42.11663066954643
2013-14,E92000001,England,England,National,45 and over,C1,11460.0,9155.0,2299.0,2221.0,78.0,4902.0,6.0,2447.0,2455.0,1739.0,2050.0,165.0,299.0,7.994631179619689,1.6038095184943864,3.4196930229053857,53.544511196067724
2013-14,E92000001,England,England,National,45 and over,C2,1236.0,1000.0,236.0,228.0,8.0,446.0,0.0,209.0,237.0,186.0,286.0,25.0,57.0,12.31873224697264,2.3521203966711517,4.445108885234465,44.6
2013-14,E92000001,England,England,National,45 and over,D,27.0,18.0,9.0,8.0,1.0,13.0,0.0,5.0,8.0,4.0,0.0,0.0,1.0,29.637760702524698,9.879253567508233,14.270032930845225,72.22222222222221
2013-14,E92000001,England,England,National,45 and over,E,218.0,172.0,45.0,44.0,1.0,70.0,1.0,37.0,33.0,37.0,48.0,5.0,12.0,11.439366112189747,2.3613370415070576,3.6731909534554235,40.69767441860465
2013-14,E92000001,England,England,National,45 and over,F1,1012.0,833.0,176.0,171.0,5.0,430.0,3.0,203.0,227.0,152.0,202.0,14.0,35.0,13.317892298784018,2.3161551823972206,5.658788229720482,51.62064825930373
2013-14,E92000001,England,England,National,45 and over,F2,477.0,407.0,68.0,66.0,2.0,193.0,2.0,83.0,110.0,86.0,96.0,10.0,22.0,23.89899293551781,3.4069843178515957,9.669823137431736,47.420147420147416
2013-14,E92000001,England,England,National,45-49,A,1131.0,774.0,357.0,346.0,11.0,360.0,0.0,183.0,177.0,135.0,212.0,35.0,32.0,6.559677989989386,2.0705614875563314,2.087961163922351,46.51162790697674
2013-14,E92000001,England,England,National,45-49,A to F2,1198.0,824.0,374.0,363.0,11.0,386.0,0.0,198.0,188.0,143.0,226.0,36.0,33.0,6.48468412876266,2.0244339433699787,2.089389043157251,46.84466019417476
2013-14,E92000001,England,England,National,45-49,B,8.0,6.0,2.0,2.0,0.0,4.0,0.0,2.0,2.0,0.0,1.0,0.0,1.0,5.952380952380952,1.488095238095238,2.976190476190476,66.66666666666666
2013-14,E92000001,England,England,National,45-49,C1,38.0,30.0,8.0,8.0,0.0,15.0,0.0,8.0,7.0,3.0,11.0,1.0,0.0,5.201204489460717,1.094990418833835,2.0531070353134413,50.0
2013-14,E92000001,England,England,National,45-49,C2,1.0,1.0,0.0,0.0,0.0,1.0,0.0,1.0,0.0,0.0,0.0,0.0,0.0,3.5335689045936394,0.0,3.5335689045936394,100.0
2013-14,E92000001,England,England,National,45-49,D,0.0,0.0,0.0,0.0,0.0,0.0,0.0,0.0,0.0,0.0,0.0,0.0,0.0,0.0,0.0,0.0,z
2013-14,E92000001,England,England,National,45-49,E,20.0,13.0,7.0,7.0,0.0,6.0,0.0,4.0,2.0,5.0,2.0,0.0,0.0,6.195786864931847,2.1685254027261465,1.858736059479554,46.15384615384615
2013-14,E92000001,England,England,National,45-49,F1,0.0,0.0,0.0,0.0,0.0,0.0,0.0,0.0,0.0,0.0,0.0,0.0,0.0,0.0,0.0,0.0,z
2013-14,E92000001,England,England,National,45-49,F2,0.0,0.0,0.0,0.0,0.0,0.0,0.0,0.0,0.0,0.0,0.0,0.0,0.0,0.0,0.0,0.0,z
2013-14,E92000001,England,England,National,45-74,A,2930.0,2028.0,900.0,873.0,27.0,926.0,2.0,452.0,474.0,384.0,575.0,70.0,73.0,7.747940713709625,2.379913529808417,2.4486665873362154,45.66074950690335
2013-14,E92000001,England,England,National,45-74,A to F2,17149.0,13394.0,3745.0,3618.0,127.0,6830.0,10.0,3369.0,3461.0,2527.0,3242.0,296.0,499.0,8.415604962699275,1.837800488967799,3.351716245567441,50.99298193220845
2013-14,E92000001,England,England,National,45-74,B,601.0,463.0,138.0,130.0,8.0,195.0,0.0,98.0,97.0,83.0,130.0,19.0,36.0,11.693972058995213,2.685138342997237,3.7942172238004437,42.11663066954643
2013-14,E92000001,England,England,National,45-74,C1,11460.0,9155.0,2299.0,2221.0,78.0,4902.0,6.0,2447.0,2455.0,1739.0,2050.0,165.0,299.0,7.994647911101748,1.603812875010726,3.419700179774936,53.544511196067724
2013-14,E92000001,England,England,National,45-74,C2,1236.0,1000.0,236.0,228.0,8.0,446.0,0.0,209.0,237.0,186.0,286.0,25.0,57.0,12.318855024219108,2.352143839575817,4.445153188350908,44.6
2013-14,E92000001,England,England,National,45-74,D,23.0,15.0,8.0,7.0,1.0,11.0,0.0,4.0,7.0,3.0,0.0,0.0,1.0,26.077097505668934,9.070294784580499,12.471655328798187,73.33333333333333
2013-14,E92000001,England,England,National,45-74,E,192.0,152.0,40.0,39.0,1.0,63.0,0.0,33.0,30.0,34.0,41.0,5.0,9.0,10.674375938177572,2.223828320453661,3.5025296047145162,41.44736842105263
2013-14,E92000001,England,England,National,45-74,F1,561.0,457.0,103.0,100.0,3.0,219.0,1.0,97.0,122.0,80.0,129.0,9.0,20.0,11.885593220338983,2.182203389830508,4.639830508474576,47.921225382932164
2013-14,E92000001,England,England,National,45-74,F2,146.0,124.0,21.0,20.0,1.0,68.0,1.0,29.0,39.0,18.0,31.0,3.0,4.0,17.503896415297927,2.51768373096751,8.152499700275746,54.83870967741935
2013-14,E92000001,England,England,National,50-52,A,1689.0,1173.0,514.0,499.0,15.0,531.0,2.0,254.0,277.0,231.0,344.0,32.0,35.0,8.644073001218052,2.630582310613427,2.717586005711537,45.26854219948849
2013-14,E92000001,England,England,National,50-52,A to F2,2289.0,1627.0,660.0,640.0,20.0,745.0,2.0,351.0,394.0,323.0,457.0,50.0,52.0,7.732455029136053,2.2295414238662277,2.516679334515666,45.789797172710514
2013-14,E92000001,England,England,National,50-52,B,99.0,69.0,30.0,30.0,0.0,33.0,0.0,15.0,18.0,13.0,14.0,3.0,6.0,9.090074373335783,2.754567991919934,3.0300247911119276,47.82608695652174
2013-14,E92000001,England,England,National,50-52,C1,415.0,321.0,94.0,90.0,4.0,153.0,0.0,67.0,86.0,67.0,80.0,11.0,10.0,5.2198631515395455,1.182330448782451,1.9244314751459046,47.66355140186916
2013-14,E92000001,England,England,National,50-52,C2,7.0,3.0,4.0,4.0,0.0,1.0,0.0,1.0,0.0,1.0,1.0,0.0,0.0,4.575163398692811,2.6143790849673203,0.6535947712418301,33.33333333333333
2013-14,E92000001,England,England,National,50-52,D,4.0,2.0,2.0,2.0,0.0,2.0,0.0,1.0,1.0,0.0,0.0,0.0,0.0,16.194331983805668,8.097165991902834,8.097165991902834,100.0
2013-14,E92000001,England,England,National,50-52,E,74.0,58.0,16.0,15.0,1.0,24.0,0.0,13.0,11.0,11.0,18.0,4.0,1.0,9.439979589233321,2.0410766679423396,3.0616150019135095,41.37931034482759
2013-14,E92000001,England,England,National,50-52,F1,0.0,0.0,0.0,0.0,0.0,0.0,0.0,0.0,0.0,0.0,0.0,0.0,0.0,0.0,0.0,0.0,z
2013-14,E92000001,England,England,National,50-52,F2,1.0,1.0,0.0,0.0,0.0,1.0,0.0,0.0,1.0,0.0,0.0,0.0,0.0,200.0,0.0,200.0,100.0
2013-14,E92000001,England,England,National,50<71,A,1796.0,1252.0,542.0,526.0,16.0,565.0,2.0,268.0,297.0,249.0,362.0,35.0,41.0,8.73247791354069,2.635302354754484,2.747132528480228,45.12779552715655
2013-14,E92000001,England,England,National,50<71,A to F2,14821.0,11612.0,3201.0,3088.0,113.0,5951.0,8.0,2928.0,3023.0,2221.0,2772.0,243.0,425.0,8.371388952432595,1.8080302298587636,3.361320805338801,51.24870823286256
2013-14,E92000001,England,England,National,50<71,B,587.0,452.0,135.0,127.0,8.0,189.0,0.0,94.0,95.0,83.0,126.0,19.0,35.0,11.785728627073043,2.7105168052041924,3.7947235272858695,41.8141592920354
2013-14,E92000001,England,England,National,50<71,C1,10869.0,8659.0,2204.0,2128.0,76.0,4637.0,6.0,2306.0,2331.0,1657.0,1927.0,155.0,283.0,7.876206811842789,1.5971257533629135,3.3601960609545505,53.551218385494856
2013-14,E92000001,England,England,National,50<71,C2,1118.0,895.0,223.0,216.0,7.0,400.0,0.0,188.0,212.0,167.0,256.0,23.0,49.0,11.798849664925333,2.353437813308005,4.221413118041265,44.6927374301676
2013-14,E92000001,England,England,National,50<71,D,23.0,15.0,8.0,7.0,1.0,11.0,0.0,4.0,7.0,3.0,0.0,0.0,1.0,30.50397877984085,10.610079575596817,14.588859416445624,73.33333333333333
2013-14,E92000001,England,England,National,50<71,E,161.0,129.0,32.0,31.0,1.0,52.0,0.0,26.0,26.0,27.0,38.0,5.0,7.0,11.367648097154557,2.259408317446869,3.6715385158511613,40.310077519379846
2013-14,E92000001,England,England,National,50<71,F1,221.0,173.0,48.0,45.0,3.0,79.0,0.0,35.0,44.0,25.0,58.0,4.0,7.0,10.26236359414906,2.2289296494079407,3.668446714650569,45.664739884393065
2013-14,E92000001,England,England,National,50<71,F2,46.0,37.0,9.0,8.0,1.0,18.0,0.0,7.0,11.0,10.0,5.0,2.0,2.0,12.188659247482777,2.3847376788553256,4.769475357710651,48.64864864864865
2013-14,E92000001,England,England,National,53-54,A,24.0,15.0,9.0,8.0,1.0,10.0,0.0,2.0,8.0,2.0,3.0,0.0,0.0,7.168458781362007,2.688172043010753,2.9868578255675033,66.66666666666666
2013-14,E92000001,England,England,National,53-54,A to F2,1111.0,839.0,272.0,264.0,8.0,394.0,0.0,181.0,213.0,160.0,233.0,17.0,35.0,5.849554307135825,1.4321141057974296,2.0744594032506884,46.96066746126341
2013-14,E92000001,England,England,National,53-54,B,170.0,127.0,43.0,40.0,3.0,49.0,0.0,24.0,25.0,24.0,43.0,4.0,7.0,9.752179899036255,2.466727856815053,2.810922441486921,38.582677165354326
2013-14,E92000001,England,England,National,53-54,C1,849.0,647.0,202.0,198.0,4.0,312.0,0.0,143.0,169.0,129.0,170.0,13.0,23.0,5.26501832524046,1.2526898724364817,1.9348477237632788,48.222565687789796
2013-14,E92000001,England,England,National,53-54,C2,14.0,11.0,3.0,3.0,0.0,8.0,0.0,3.0,5.0,0.0,3.0,0.0,0.0,4.599211563731932,0.9855453350854139,2.628120893561104,72.72727272727273
2013-14,E92000001,England,England,National,53-54,D,4.0,1.0,3.0,3.0,0.0,0.0,0.0,0.0,0.0,0.0,0.0,0.0,1.0,38.46153846153847,28.846153846153847,0.0,0.0
2013-14,E92000001,England,England,National,53-54,E,32.0,27.0,5.0,5.0,0.0,11.0,0.0,7.0,4.0,4.0,8.0,0.0,4.0,14.645308924485127,2.288329519450801,5.034324942791762,40.74074074074074
2013-14,E92000001,England,England,National,53-54,F1,18.0,11.0,7.0,7.0,0.0,4.0,0.0,2.0,2.0,1.0,6.0,0.0,0.0,7.089405277668374,2.7569909413154785,1.5754233950374164,36.36363636363637
2013-14,E92000001,England,England,National,53-54,F2,0.0,0.0,0.0,0.0,0.0,0.0,0.0,0.0,0.0,0.0,0.0,0.0,0.0,0.0,0.0,0.0,z
2013-14,E92000001,England,England,National,55-59,A,37.0,28.0,9.0,9.0,0.0,13.0,0.0,6.0,7.0,5.0,6.0,1.0,3.0,10.644418872266973,2.589182968929804,3.7399309551208284,46.42857142857143
2013-14,E92000001,England,England,National,55-59,A to F2,2748.0,2137.0,610.0,586.0,24.0,1065.0,1.0,518.0,547.0,404.0,530.0,44.0,94.0,6.453491648975144,1.4325436338700284,2.501080278805869,49.83621899859616
2013-14,E92000001,England,England,National,55-59,B,169.0,129.0,40.0,36.0,4.0,53.0,0.0,26.0,27.0,26.0,34.0,6.0,10.0,12.233079985522982,2.895403546869345,3.836409699601882,41.08527131782946
2013-14,E92000001,England,England,National,55-59,C1,2249.0,1755.0,493.0,476.0,17.0,901.0,1.0,449.0,452.0,326.0,431.0,29.0,68.0,6.07104390101688,1.3308246523794227,2.432196778486531,51.33903133903134
2013-14,E92000001,England,England,National,55-59,C2,198.0,152.0,46.0,45.0,1.0,62.0,0.0,23.0,39.0,34.0,39.0,7.0,10.0,6.998692163585593,1.6259587854794813,2.1915096673853878,40.78947368421053
2013-14,E92000001,England,England,National,55-59,D,2.0,1.0,1.0,0.0,1.0,1.0,0.0,0.0,1.0,0.0,0.0,0.0,0.0,15.748031496062993,7.874015748031496,7.874015748031496,100.0
2013-14,E92000001,England,England,National,55-59,E,26.0,22.0,4.0,4.0,0.0,10.0,0.0,4.0,6.0,7.0,4.0,0.0,1.0,12.166588675713617,1.8717828731867105,4.679457182966776,45.45454545454545
2013-14,E92000001,England,England,National,55-59,F1,58.0,45.0,13.0,12.0,1.0,22.0,0.0,8.0,14.0,5.0,15.0,1.0,2.0,8.936825885978429,2.0030816640986133,3.389830508474576,48.888888888888886
2013-14,E92000001,England,England,National,55-59,F2,9.0,5.0,4.0,4.0,0.0,3.0,0.0,2.0,1.0,1.0,1.0,0.0,0.0,8.712487899322364,3.872216844143272,2.904162633107454,60.0
2013-14,E92000001,England,England,National,60-64,A,26.0,18.0,8.0,8.0,0.0,7.0,0.0,4.0,3.0,6.0,3.0,1.0,1.0,12.633624878522838,3.887269193391642,3.401360544217687,38.88888888888889
2013-14,E92000001,England,England,National,60-64,A to F2,3661.0,2951.0,709.0,688.0,21.0,1544.0,1.0,784.0,760.0,605.0,655.0,50.0,97.0,9.027068877941009,1.748208640934219,3.807100340765069,52.321247034903415
2013-14,E92000001,England,England,National,60-64,B,89.0,74.0,15.0,14.0,1.0,35.0,0.0,18.0,17.0,14.0,17.0,3.0,5.0,18.713204373423043,3.153910849453322,7.359125315391085,47.2972972972973
2013-14,E92000001,England,England,National,60-64,C1,3078.0,2488.0,589.0,574.0,15.0,1341.0,1.0,688.0,653.0,514.0,525.0,40.0,68.0,8.523647722458067,1.6310683913345683,3.713519036977345,53.89871382636656
2013-14,E92000001,England,England,National,60-64,C2,385.0,305.0,80.0,77.0,3.0,130.0,0.0,64.0,66.0,57.0,92.0,6.0,20.0,12.757638014447611,2.6509377692358673,4.307773875008285,42.62295081967213
2013-14,E92000001,England,England,National,60-64,D,5.0,4.0,1.0,1.0,0.0,2.0,0.0,0.0,2.0,2.0,0.0,0.0,0.0,41.666666666666664,8.333333333333334,16.666666666666668,50.0
2013-14,E92000001,England,England,National,60-64,E,18.0,12.0,6.0,6.0,0.0,3.0,0.0,2.0,1.0,2.0,7.0,0.0,0.0,16.100178890876567,5.366726296958855,2.6833631484794274,25.0
2013-14,E92000001,England,England,National,60-64,F1,43.0,36.0,7.0,6.0,1.0,20.0,0.0,8.0,12.0,4.0,10.0,0.0,2.0,8.655394524959743,1.4090177133655395,4.025764895330112,55.55555555555556
2013-14,E92000001,England,England,National,60-64,F2,17.0,14.0,3.0,2.0,1.0,6.0,0.0,0.0,6.0,6.0,1.0,0.0,1.0,13.632718524458701,2.405773857257418,4.811547714514836,42.857142857142854
2013-14,E92000001,England,England,National,65-70,A,20.0,18.0,2.0,2.0,0.0,4.0,0.0,2.0,2.0,5.0,6.0,1.0,2.0,14.357501794687723,1.4357501794687726,2.871500358937545,22.22222222222222
2013-14,E92000001,England,England,National,65-70,A to F2,5012.0,4058.0,950.0,910.0,40.0,2203.0,4.0,1094.0,1109.0,729.0,897.0,82.0,147.0,11.061404922016212,2.0966350111563052,4.861986241660358,54.287826515524884
2013-14,E92000001,England,England,National,65-70,B,60.0,53.0,7.0,7.0,0.0,19.0,0.0,11.0,8.0,6.0,18.0,3.0,7.0,20.604395604395606,2.403846153846154,6.524725274725275,35.84905660377358
2013-14,E92000001,England,England,National,65-70,C1,4278.0,3448.0,826.0,790.0,36.0,1930.0,4.0,959.0,971.0,621.0,721.0,62.0,114.0,10.493987666252925,2.0261883619272827,4.734314211282877,55.974477958236655
2013-14,E92000001,England,England,National,65-70,C2,514.0,424.0,90.0,87.0,3.0,199.0,0.0,97.0,102.0,75.0,121.0,10.0,19.0,16.208375378405652,2.838042381432896,6.275227043390514,46.93396226415094
2013-14,E92000001,England,England,National,65-70,D,8.0,7.0,1.0,1.0,0.0,6.0,0.0,3.0,3.0,1.0,0.0,0.0,0.0,51.28205128205128,6.41025641025641,38.46153846153847,85.71428571428571
2013-14,E92000001,England,England,National,65-70,E,11.0,10.0,1.0,1.0,0.0,4.0,0.0,0.0,4.0,3.0,1.0,1.0,1.0,12.443438914027148,1.1312217194570138,4.524886877828055,40.0
2013-14,E92000001,England,England,National,65-70,F1,102.0,81.0,21.0,20.0,1.0,33.0,0.0,17.0,16.0,15.0,27.0,3.0,3.0,14.733497038855988,3.033367037411527,4.766719630218113,40.74074074074074
2013-14,E92000001,England,England,National,65-70,F2,19.0,17.0,2.0,2.0,0.0,8.0,0.0,5.0,3.0,3.0,3.0,2.0,1.0,12.969283276450511,1.3651877133105803,5.460750853242321,47.05882352941176
2013-14,E92000001,England,England,National,Over 70,A,3.0,2.0,1.0,1.0,0.0,1.0,0.0,1.0,0.0,0.0,1.0,0.0,0.0,37.9746835443038,12.658227848101266,12.658227848101266,50.0
2013-14,E92000001,England,England,National,Over 70,A to F2,1942.0,1640.0,296.0,290.0,6.0,838.0,6.0,408.0,430.0,307.0,389.0,29.0,77.0,15.649553157712361,2.385307793348537,6.7529997663043035,51.09756097560976
2013-14,E92000001,England,England,National,Over 70,B,6.0,5.0,1.0,1.0,0.0,2.0,0.0,2.0,0.0,0.0,3.0,0.0,0.0,24.59016393442623,4.0983606557377055,8.196721311475411,40.0
2013-14,E92000001,England,England,National,Over 70,C1,553.0,466.0,87.0,85.0,2.0,250.0,0.0,133.0,117.0,79.0,112.0,9.0,16.0,11.975658877796306,1.8840548324923663,5.413950668081513,53.648068669527895
2013-14,E92000001,England,England,National,Over 70,C2,117.0,104.0,13.0,12.0,1.0,45.0,0.0,20.0,25.0,19.0,30.0,2.0,8.0,22.087974325089675,2.454219369454408,8.495374740419104,43.269230769230774
2013-14,E92000001,England,England,National,Over 70,D,4.0,3.0,1.0,1.0,0.0,2.0,0.0,1.0,1.0,1.0,0.0,0.0,0.0,64.51612903225806,16.129032258064516,32.25806451612903,66.66666666666666
2013-14,E92000001,England,England,National,Over 70,E,37.0,30.0,6.0,6.0,0.0,12.0,1.0,7.0,5.0,5.0,8.0,0.0,5.0,22.20888355342137,3.601440576230492,7.202881152460984,40.0
2013-14,E92000001,England,England,National,Over 70,F1,791.0,660.0,128.0,126.0,2.0,351.0,3.0,168.0,183.0,127.0,144.0,10.0,28.0,14.544184165042475,2.3535468686794396,6.453866803956901,53.18181818181819
2013-14,E92000001,England,England,National,Over 70,F2,431.0,370.0,59.0,58.0,1.0,175.0,2.0,76.0,99.0,76.0,91.0,8.0,20.0,26.634532196267457,3.646026449141021,10.814485230503028,47.2972972972973
2014-15,E92000001,England,England,National,45 and over,A,2597.0,1843.0,751.0,730.0,21.0,857.0,3.0,422.0,435.0,348.0,501.0,62.0,75.0,7.626011246678119,2.2052885815384164,2.516554346708952,46.500271296798694
2014-15,E92000001,England,England,National,45 and over,A to F2,18015.0,14089.0,3907.0,3778.0,129.0,7301.0,19.0,3559.0,3742.0,2680.0,3285.0,339.0,484.0,8.556349366929886,1.8556567847124659,3.467660656561483,51.82056923841295
2014-15,E92000001,England,England,National,45 and over,B,644.0,497.0,146.0,141.0,5.0,218.0,1.0,102.0,116.0,97.0,134.0,27.0,21.0,10.879664825232712,2.466507864105553,3.6828679066781547,43.86317907444668
2014-15,E92000001,England,England,National,45 and over,C1,11642.0,9214.0,2417.0,2335.0,82.0,4953.0,11.0,2424.0,2529.0,1767.0,2030.0,190.0,274.0,7.932771093696235,1.646925591261278,3.374936886022801,53.75515519861081
2014-15,E92000001,England,England,National,45 and over,C2,1413.0,1131.0,280.0,273.0,7.0,575.0,2.0,282.0,293.0,204.0,269.0,38.0,45.0,12.156093532235586,2.408850806104716,4.9467471911078995,50.83996463306808
2014-15,E92000001,England,England,National,45 and over,D,36.0,22.0,14.0,10.0,4.0,12.0,0.0,8.0,4.0,3.0,5.0,1.0,1.0,36.69724770642202,14.271151885830784,12.232415902140673,54.54545454545454
2014-15,E92000001,England,England,National,45 and over,E,225.0,168.0,57.0,56.0,1.0,79.0,0.0,48.0,31.0,27.0,53.0,3.0,6.0,11.07065538279866,2.8045660303089943,3.887030112182641,47.023809523809526
2014-15,E92000001,England,England,National,45 and over,F1,1005.0,818.0,186.0,179.0,7.0,439.0,1.0,204.0,235.0,156.0,179.0,9.0,35.0,12.594774108653425,2.3309731186164546,5.501597844476471,53.66748166259169
2014-15,E92000001,England,England,National,45 and over,F2,453.0,396.0,56.0,54.0,2.0,168.0,1.0,69.0,99.0,78.0,114.0,9.0,27.0,21.784082712190433,2.692955037268574,8.078865111805722,42.42424242424242
2014-15,E92000001,England,England,National,45-49,A,1050.0,717.0,332.0,324.0,8.0,329.0,1.0,147.0,182.0,133.0,198.0,30.0,27.0,6.602527824938691,2.0876564170282337,2.068792051814123,45.885634588563455
2014-15,E92000001,England,England,National,45-49,A to F2,1156.0,794.0,361.0,352.0,9.0,367.0,1.0,164.0,203.0,149.0,216.0,34.0,28.0,6.53890535556712,2.0419938004841955,2.075932755616897,46.221662468513856
2014-15,E92000001,England,England,National,45-49,B,13.0,10.0,3.0,3.0,0.0,5.0,0.0,3.0,2.0,3.0,1.0,1.0,0.0,6.595636732623033,1.5220700152207,2.536783358701167,50.0
2014-15,E92000001,England,England,National,45-49,C1,59.0,43.0,16.0,16.0,0.0,21.0,0.0,9.0,12.0,11.0,8.0,2.0,1.0,5.115754790600884,1.3873233330443075,1.8208618746206537,48.837209302325576
2014-15,E92000001,England,England,National,45-49,C2,2.0,2.0,0.0,0.0,0.0,0.0,0.0,0.0,0.0,0.0,1.0,1.0,0.0,5.050505050505051,0.0,0.0,0.0
2014-15,E92000001,England,England,National,45-49,D,5.0,3.0,2.0,1.0,1.0,2.0,0.0,0.0,2.0,1.0,0.0,0.0,0.0,49.01960784313725,19.607843137254903,19.607843137254903,66.66666666666666
2014-15,E92000001,England,England,National,45-49,E,27.0,19.0,8.0,8.0,0.0,10.0,0.0,5.0,5.0,1.0,8.0,0.0,0.0,7.627118644067797,2.2598870056497176,2.824858757062147,52.63157894736842
2014-15,E92000001,England,England,National,45-49,F1,0.0,0.0,0.0,0.0,0.0,0.0,0.0,0.0,0.0,0.0,0.0,0.0,0.0,0.0,0.0,0.0,z
2014-15,E92000001,England,England,National,45-49,F2,0.0,0.0,0.0,0.0,0.0,0.0,0.0,0.0,0.0,0.0,0.0,0.0,0.0,0.0,0.0,0.0,z
2014-15,E92000001,England,England,National,45-74,A,2597.0,1843.0,751.0,730.0,21.0,857.0,3.0,422.0,435.0,348.0,501.0,62.0,75.0,7.626011246678119,2.2052885815384164,2.516554346708952,46.500271296798694
2014-15,E92000001,England,England,National,45-74,A to F2,17221.0,13413.0,3791.0,3668.0,123.0,6978.0,17.0,3415.0,3563.0,2554.0,3119.0,327.0,435.0,8.352163409657587,1.8386302471408111,3.384321251529565,52.024155669872506
2014-15,E92000001,England,England,National,45-74,B,644.0,497.0,146.0,141.0,5.0,218.0,1.0,102.0,116.0,97.0,134.0,27.0,21.0,10.879664825232712,2.466507864105553,3.6828679066781547,43.86317907444668
2014-15,E92000001,England,England,National,45-74,C1,11642.0,9214.0,2417.0,2335.0,82.0,4953.0,11.0,2424.0,2529.0,1767.0,2030.0,190.0,274.0,7.932781904371888,1.6469278356697177,3.3749414853422057,53.75515519861081
2014-15,E92000001,England,England,National,45-74,C2,1413.0,1131.0,280.0,273.0,7.0,575.0,2.0,282.0,293.0,204.0,269.0,38.0,45.0,12.15630269451805,2.408892253690767,4.946832306686397,50.83996463306808
2014-15,E92000001,England,England,National,45-74,D,32.0,19.0,13.0,9.0,4.0,10.0,0.0,6.0,4.0,3.0,4.0,1.0,1.0,33.898305084745765,13.771186440677965,10.59322033898305,52.63157894736842
2014-15,E92000001,England,England,National,45-74,E,194.0,141.0,53.0,52.0,1.0,66.0,0.0,38.0,28.0,24.0,46.0,2.0,3.0,10.155472962361932,2.77443333507826,3.4549547191540597,46.808510638297875
2014-15,E92000001,England,England,National,45-74,F1,577.0,464.0,113.0,110.0,3.0,251.0,0.0,123.0,128.0,90.0,105.0,6.0,12.0,11.574724172517552,2.266800401203611,5.035105315947844,54.0948275862069
2014-15,E92000001,England,England,National,45-74,F2,122.0,104.0,18.0,18.0,0.0,48.0,0.0,18.0,30.0,21.0,30.0,1.0,4.0,14.508264954215722,2.1405636817695326,5.708169818052087,46.15384615384615
2014-15,E92000001,England,England,National,50-52,A,1446.0,1040.0,404.0,391.0,13.0,492.0,2.0,264.0,228.0,198.0,283.0,29.0,38.0,8.50393145102006,2.3759255229682603,2.8934538547039206,47.30769230769231
2014-15,E92000001,England,England,National,50-52,A to F2,2190.0,1600.0,587.0,569.0,18.0,760.0,3.0,393.0,367.0,315.0,428.0,48.0,49.0,7.142810549181023,1.9145341517667855,2.4787835695788027,47.5
2014-15,E92000001,England,England,National,50-52,B,116.0,89.0,27.0,25.0,2.0,34.0,0.0,22.0,12.0,26.0,22.0,5.0,2.0,7.475671843784236,1.7400270670877103,2.191145195591931,38.20224719101123
2014-15,E92000001,England,England,National,50-52,C1,539.0,404.0,134.0,131.0,3.0,201.0,1.0,90.0,111.0,81.0,102.0,13.0,7.0,4.971774342323728,1.2360255322289047,1.854038298343357,49.75247524752475
2014-15,E92000001,England,England,National,50-52,C2,13.0,8.0,5.0,5.0,0.0,3.0,0.0,1.0,2.0,1.0,3.0,0.0,1.0,4.397834912043302,1.6914749661705006,1.0148849797023003,37.5
2014-15,E92000001,England,England,National,50-52,D,1.0,0.0,1.0,1.0,0.0,0.0,0.0,0.0,0.0,0.0,0.0,0.0,0.0,4.273504273504274,4.273504273504274,0.0,z
2014-15,E92000001,England,England,National,50-52,E,68.0,53.0,15.0,15.0,0.0,27.0,0.0,15.0,12.0,8.0,17.0,0.0,1.0,8.145663632007667,1.796837565884044,3.2343076185912794,50.943396226415096
2014-15,E92000001,England,England,National,50-52,F1,7.0,6.0,1.0,1.0,0.0,3.0,0.0,1.0,2.0,1.0,1.0,1.0,0.0,6.463527239150507,0.9233610341643582,2.770083102493075,50.0
2014-15,E92000001,England,England,National,50-52,F2,0.0,0.0,0.0,0.0,0.0,0.0,0.0,0.0,0.0,0.0,0.0,0.0,0.0,0.0,0.0,0.0,z
2014-15,E92000001,England,England,National,50<71,A,1545.0,1124.0,419.0,406.0,13.0,527.0,2.0,275.0,252.0,215.0,302.0,32.0,48.0,8.516197311196732,2.3095706623892758,2.9048776589001153,46.886120996441285
2014-15,E92000001,England,England,National,50<71,A to F2,14879.0,11628.0,3235.0,3128.0,107.0,6078.0,16.0,3008.0,3070.0,2226.0,2668.0,280.0,376.0,8.287719036354227,1.801920228685122,3.3854934002930976,52.270381836945305
2014-15,E92000001,England,England,National,50<71,B,625.0,482.0,142.0,137.0,5.0,213.0,1.0,99.0,114.0,92.0,130.0,26.0,21.0,10.974731777555357,2.493459059860577,3.7401885897908658,44.190871369294605
2014-15,E92000001,England,England,National,50<71,C1,10947.0,8648.0,2288.0,2209.0,79.0,4643.0,11.0,2287.0,2356.0,1664.0,1901.0,181.0,259.0,7.7974528463160295,1.629722491310046,3.3071684996296087,53.68871415356151
2014-15,E92000001,England,England,National,50<71,C2,1298.0,1032.0,264.0,257.0,7.0,524.0,2.0,257.0,267.0,189.0,247.0,33.0,39.0,11.833348527668885,2.4067827513902817,4.777099097456468,50.775193798449614
2014-15,E92000001,England,England,National,50<71,D,21.0,12.0,9.0,8.0,1.0,6.0,0.0,5.0,1.0,2.0,2.0,1.0,1.0,26.957637997432606,11.553273427471117,7.702182284980744,50.0
2014-15,E92000001,England,England,National,50<71,E,155.0,112.0,43.0,42.0,1.0,49.0,0.0,28.0,21.0,23.0,36.0,2.0,2.0,10.406176569318564,2.886874790198053,3.289694528365223,43.75
2014-15,E92000001,England,England,National,50<71,F1,236.0,179.0,57.0,56.0,1.0,96.0,0.0,50.0,46.0,34.0,40.0,5.0,4.0,10.00933073203834,2.4175078462973962,4.071592162185088,53.63128491620112
2014-15,E92000001,England,England,National,50<71,F2,52.0,39.0,13.0,13.0,0.0,20.0,0.0,7.0,13.0,7.0,10.0,0.0,2.0,12.754476330635272,3.188619082658818,4.905567819475104,51.28205128205128
2014-15,E92000001,England,England,National,53-54,A,34.0,26.0,8.0,8.0,0.0,8.0,0.0,2.0,6.0,5.0,9.0,1.0,3.0,8.353808353808352,1.9656019656019657,1.9656019656019657,30.76923076923077
2014-15,E92000001,England,England,National,53-54,A to F2,1150.0,862.0,287.0,280.0,7.0,423.0,1.0,201.0,222.0,164.0,218.0,31.0,26.0,5.982292414453219,1.4929721069113684,2.20044320983801,49.071925754060324
2014-15,E92000001,England,England,National,53-54,B,181.0,137.0,44.0,44.0,0.0,59.0,0.0,26.0,33.0,21.0,45.0,9.0,3.0,10.004974849372616,2.4321485821679287,3.261290144270632,43.06569343065693
2014-15,E92000001,England,England,National,53-54,C1,865.0,652.0,212.0,206.0,6.0,330.0,1.0,165.0,165.0,128.0,157.0,19.0,18.0,5.376177009851145,1.3176295099288355,2.0510270673420554,50.61349693251533
2014-15,E92000001,England,England,National,53-54,C2,31.0,22.0,9.0,9.0,0.0,10.0,0.0,2.0,8.0,7.0,4.0,1.0,0.0,7.435835931878149,2.1587910769968817,2.398656752218758,45.45454545454545
2014-15,E92000001,England,England,National,53-54,D,3.0,1.0,2.0,1.0,1.0,1.0,0.0,1.0,0.0,0.0,0.0,0.0,0.0,31.578947368421055,21.052631578947366,10.526315789473683,100.0
2014-15,E92000001,England,England,National,53-54,E,23.0,12.0,11.0,11.0,0.0,7.0,0.0,2.0,5.0,2.0,2.0,0.0,1.0,10.478359908883828,5.011389521640091,3.1890660592255125,58.333333333333336
2014-15,E92000001,England,England,National,53-54,F1,13.0,12.0,1.0,1.0,0.0,8.0,0.0,3.0,5.0,1.0,1.0,1.0,1.0,4.861630516080777,0.3739715781600598,2.9917726252804786,66.66666666666666
2014-15,E92000001,England,England,National,53-54,F2,0.0,0.0,0.0,0.0,0.0,0.0,0.0,0.0,0.0,0.0,0.0,0.0,0.0,0.0,0.0,0.0,z
2014-15,E92000001,England,England,National,55-59,A,23.0,19.0,4.0,4.0,0.0,11.0,0.0,4.0,7.0,1.0,3.0,0.0,4.0,6.221260481471464,1.0819583446037329,2.9753854476602655,57.89473684210527
2014-15,E92000001,England,England,National,55-59,A to F2,2894.0,2184.0,708.0,681.0,27.0,1156.0,2.0,560.0,596.0,411.0,472.0,61.0,84.0,6.6801315713543765,1.6342547175255353,2.668359397541693,52.930402930402934
2014-15,E92000001,England,England,National,55-59,B,176.0,142.0,34.0,32.0,2.0,72.0,0.0,33.0,39.0,21.0,34.0,7.0,8.0,11.838299589695298,2.2869442389184096,4.842940741238985,50.70422535211267
2014-15,E92000001,England,England,National,55-59,C1,2321.0,1756.0,563.0,541.0,22.0,935.0,2.0,454.0,481.0,342.0,373.0,44.0,62.0,6.236078981377741,1.5126723250821492,2.512164518564493,53.24601366742597
2014-15,E92000001,England,England,National,55-59,C2,282.0,203.0,79.0,76.0,3.0,105.0,0.0,49.0,56.0,35.0,48.0,7.0,8.0,8.785867838115712,2.4612892170607843,3.2713337695111693,51.724137931034484
2014-15,E92000001,England,England,National,55-59,D,6.0,3.0,3.0,3.0,0.0,1.0,0.0,0.0,1.0,0.0,0.0,1.0,1.0,37.73584905660377,18.867924528301884,6.289308176100629,33.33333333333333
2014-15,E92000001,England,England,National,55-59,E,31.0,21.0,10.0,10.0,0.0,8.0,0.0,5.0,3.0,3.0,9.0,1.0,0.0,13.82077574676772,4.458314757021846,3.5666518056174765,38.095238095238095
2014-15,E92000001,England,England,National,55-59,F1,49.0,36.0,13.0,13.0,0.0,22.0,0.0,15.0,7.0,7.0,5.0,1.0,1.0,7.147024504084015,1.896149358226371,3.2088681446907814,61.111111111111114
2014-15,E92000001,England,England,National,55-59,F2,6.0,4.0,2.0,2.0,0.0,2.0,0.0,0.0,2.0,2.0,0.0,0.0,0.0,5.371530886302597,1.7905102954341987,1.7905102954341987,50.0
2014-15,E92000001,England,England,National,60-64,A,23.0,21.0,2.0,2.0,0.0,9.0,0.0,3.0,6.0,6.0,4.0,1.0,1.0,10.874704491725769,0.9456264775413711,4.25531914893617,42.857142857142854
2014-15,E92000001,England,England,National,60-64,A to F2,3565.0,2855.0,708.0,688.0,20.0,1500.0,2.0,770.0,730.0,549.0,656.0,66.0,84.0,8.857627000730474,1.7591023608743832,3.726911781513524,52.53940455341506
2014-15,E92000001,England,England,National,60-64,B,93.0,64.0,28.0,27.0,1.0,28.0,1.0,13.0,15.0,11.0,16.0,4.0,5.0,17.570375968259963,5.290005667863215,5.290005667863215,43.75
2014-15,E92000001,England,England,National,60-64,C1,2929.0,2348.0,580.0,564.0,16.0,1258.0,1.0,640.0,618.0,456.0,524.0,44.0,66.0,8.289747769777657,1.6415342118371599,3.560431100846805,53.57751277683135
2014-15,E92000001,England,England,National,60-64,C2,411.0,339.0,72.0,71.0,1.0,163.0,0.0,91.0,72.0,60.0,91.0,14.0,11.0,12.151853822955474,2.12879191059074,4.819348353142924,48.08259587020649
2014-15,E92000001,England,England,National,60-64,D,6.0,4.0,2.0,2.0,0.0,2.0,0.0,2.0,0.0,1.0,1.0,0.0,0.0,43.16546762589928,14.388489208633095,14.388489208633095,50.0
2014-15,E92000001,England,England,National,60-64,E,18.0,16.0,2.0,1.0,1.0,3.0,0.0,3.0,0.0,8.0,4.0,1.0,0.0,15.557476231633535,1.7286084701815039,2.592912705272256,18.75
2014-15,E92000001,England,England,National,60-64,F1,69.0,50.0,19.0,18.0,1.0,30.0,0.0,15.0,15.0,6.0,11.0,2.0,1.0,12.952881546836869,3.566735498404355,5.631687629059508,60.0
2014-15,E92000001,England,England,National,60-64,F2,16.0,13.0,3.0,3.0,0.0,7.0,0.0,3.0,4.0,1.0,5.0,0.0,0.0,12.33616037008481,2.3130300693909023,5.397070161912104,53.84615384615385
2014-15,E92000001,England,England,National,65-70,A,19.0,18.0,1.0,1.0,0.0,7.0,0.0,2.0,5.0,5.0,3.0,1.0,2.0,12.683578104138851,0.6675567423230975,4.672897196261682,38.88888888888889
2014-15,E92000001,England,England,National,65-70,A to F2,5080.0,4127.0,945.0,910.0,35.0,2239.0,8.0,1084.0,1155.0,787.0,894.0,74.0,133.0,11.025071185498994,2.050923675255226,4.859278422112647,54.25248364429368
2014-15,E92000001,England,England,National,65-70,B,59.0,50.0,9.0,9.0,0.0,20.0,0.0,5.0,15.0,13.0,13.0,1.0,3.0,18.54762653253694,2.8292989625903804,6.287331027978623,40.0
2014-15,E92000001,England,England,National,65-70,C1,4293.0,3488.0,799.0,767.0,32.0,1919.0,6.0,938.0,981.0,657.0,745.0,61.0,106.0,10.493869409625125,1.9530868060308584,4.690830514109158,55.017201834862384
2014-15,E92000001,England,England,National,65-70,C2,561.0,460.0,99.0,96.0,3.0,243.0,2.0,114.0,129.0,86.0,101.0,11.0,19.0,15.30862849969983,2.7015226764176172,6.631010205752333,52.826086956521735
2014-15,E92000001,England,England,National,65-70,D,5.0,4.0,1.0,1.0,0.0,2.0,0.0,2.0,0.0,1.0,1.0,0.0,0.0,32.89473684210526,6.578947368421052,13.157894736842104,50.0
2014-15,E92000001,England,England,National,65-70,E,15.0,10.0,5.0,5.0,0.0,4.0,0.0,3.0,1.0,2.0,4.0,0.0,0.0,15.756302521008402,5.2521008403361344,4.201680672268908,40.0
2014-15,E92000001,England,England,National,65-70,F1,98.0,75.0,23.0,23.0,0.0,33.0,0.0,16.0,17.0,19.0,22.0,0.0,1.0,12.8305839224928,3.011259492013616,4.32050274941084,44.0
2014-15,E92000001,England,England,National,65-70,F2,30.0,22.0,8.0,8.0,0.0,11.0,0.0,4.0,7.0,4.0,5.0,0.0,2.0,18.69158878504673,4.984423676012462,6.853582554517134,50.0
2014-15,E92000001,England,England,National,Over 70,A,2.0,2.0,0.0,0.0,0.0,1.0,0.0,0.0,1.0,0.0,1.0,0.0,0.0,20.833333333333332,0.0,10.416666666666666,50.0
2014-15,E92000001,England,England,National,Over 70,A to F2,1980.0,1667.0,311.0,298.0,13.0,856.0,2.0,387.0,469.0,305.0,401.0,25.0,80.0,14.847141925179404,2.332051080167068,6.4187643878553375,51.349730053989205
2014-15,E92000001,England,England,National,Over 70,B,6.0,5.0,1.0,1.0,0.0,0.0,0.0,0.0,0.0,2.0,3.0,0.0,0.0,21.978021978021978,3.663003663003663,0.0,0.0
2014-15,E92000001,England,England,National,Over 70,C1,636.0,523.0,113.0,110.0,3.0,289.0,0.0,128.0,161.0,92.0,121.0,7.0,14.0,12.200268559370803,2.167657778630347,5.543832725877613,55.25812619502868
2014-15,E92000001,England,England,National,Over 70,C2,113.0,97.0,16.0,16.0,0.0,51.0,0.0,25.0,26.0,15.0,21.0,4.0,6.0,18.368010403120937,2.6007802340702213,8.289986996098829,52.57731958762887
2014-15,E92000001,England,England,National,Over 70,D,10.0,7.0,3.0,1.0,2.0,4.0,0.0,3.0,1.0,0.0,3.0,0.0,0.0,100.0,30.0,40.0,57.14285714285714
2014-15,E92000001,England,England,National,Over 70,E,43.0,37.0,6.0,6.0,0.0,20.0,0.0,15.0,5.0,3.0,9.0,1.0,4.0,22.763366860772894,3.1762837480148227,10.587612493382743,54.054054054054056
2014-15,E92000001,England,England,National,Over 70,F1,769.0,639.0,129.0,123.0,6.0,343.0,1.0,154.0,189.0,122.0,139.0,4.0,31.0,13.73165244098425,2.3034891611013895,6.124781257812221,53.677621283255085
2014-15,E92000001,England,England,National,Over 70,F2,401.0,357.0,43.0,41.0,2.0,148.0,1.0,62.0,86.0,71.0,104.0,9.0,25.0,23.987557576120118,2.572231859783454,8.85326314530119,41.45658263305322
2015-16,E92000001,England,England,National,45 and over,A,2304.0,1608.0,694.0,671.0,23.0,763.0,2.0,383.0,380.0,292.0,456.0,52.0,45.0,7.1987177284046275,2.1683637602052133,2.3839503588423314,47.450248756218905
2015-16,E92000001,England,England,National,45 and over,A to F2,18320.0,14484.0,3830.0,3699.0,131.0,7543.0,6.0,3819.0,3724.0,2717.0,3439.0,322.0,463.0,8.4765054588325,1.7721078552035192,3.49008082292432,52.07815520574427
2015-16,E92000001,England,England,National,45 and over,B,699.0,553.0,145.0,142.0,3.0,246.0,1.0,117.0,129.0,105.0,156.0,13.0,33.0,9.934621944286526,2.060830017055145,3.496304718590108,44.48462929475588
2015-16,E92000001,England,England,National,45 and over,C1,12086.0,9630.0,2454.0,2373.0,81.0,5228.0,2.0,2683.0,2545.0,1780.0,2157.0,198.0,267.0,7.963328890227165,1.6169128823942962,3.4446701504308805,54.28868120456906
2015-16,E92000001,England,England,National,45 and over,C2,1506.0,1246.0,260.0,248.0,12.0,584.0,0.0,295.0,289.0,269.0,311.0,27.0,55.0,11.433343455815367,1.9738839963559063,4.433647130276344,46.869983948635635
2015-16,E92000001,England,England,National,45 and over,D,33.0,20.0,13.0,12.0,1.0,14.0,0.0,9.0,5.0,2.0,2.0,0.0,2.0,38.150289017341045,15.028901734104046,16.184971098265894,70.0
2015-16,E92000001,England,England,National,45 and over,E,233.0,188.0,45.0,43.0,2.0,80.0,0.0,31.0,49.0,36.0,58.0,5.0,9.0,11.174524003644908,2.1581698719485876,3.8367464390197115,42.5531914893617
2015-16,E92000001,England,England,National,45 and over,F1,1019.0,852.0,166.0,159.0,7.0,458.0,1.0,224.0,234.0,166.0,183.0,16.0,29.0,12.622946758169611,2.0563387260609964,5.673512870698413,53.755868544600936
2015-16,E92000001,England,England,National,45 and over,F2,440.0,387.0,53.0,51.0,2.0,170.0,0.0,77.0,93.0,67.0,116.0,11.0,23.0,23.17985459909388,2.792118849436308,8.955852913286272,43.927648578811365
2015-16,E92000001,England,England,National,45-49,A,1014.0,679.0,334.0,328.0,6.0,304.0,1.0,144.0,160.0,114.0,211.0,29.0,21.0,6.23098903124712,2.052416505361477,1.8680677174547577,44.77172312223859
2015-16,E92000001,England,England,National,45-49,A to F2,1155.0,782.0,372.0,366.0,6.0,353.0,1.0,172.0,181.0,135.0,239.0,30.0,25.0,6.221920553346909,2.0039432431558875,1.9015913033172802,45.14066496163683
2015-16,E92000001,England,England,National,45-49,B,22.0,17.0,5.0,5.0,0.0,10.0,0.0,7.0,3.0,3.0,3.0,0.0,1.0,7.936507936507936,1.8037518037518037,3.6075036075036073,58.82352941176471
2015-16,E92000001,England,England,National,45-49,C1,75.0,51.0,24.0,24.0,0.0,22.0,0.0,12.0,10.0,10.0,15.0,1.0,3.0,4.839646383170936,1.5486868426146996,1.4196296057301414,43.13725490196079
2015-16,E92000001,England,England,National,45-49,C2,3.0,2.0,1.0,1.0,0.0,0.0,0.0,0.0,0.0,1.0,1.0,0.0,0.0,5.825242718446602,1.941747572815534,0.0,0.0
2015-16,E92000001,England,England,National,45-49,D,4.0,2.0,2.0,2.0,0.0,1.0,0.0,1.0,0.0,0.0,1.0,0.0,0.0,42.5531914893617,21.27659574468085,10.638297872340425,50.0
2015-16,E92000001,England,England,National,45-49,E,36.0,30.0,6.0,6.0,0.0,16.0,0.0,8.0,8.0,7.0,7.0,0.0,0.0,9.66702470461869,1.611170784103115,4.296455424274973,53.333333333333336
2015-16,E92000001,England,England,National,45-49,F1,1.0,1.0,0.0,0.0,0.0,0.0,0.0,0.0,0.0,0.0,1.0,0.0,0.0,3.401360544217687,0.0,0.0,0.0
2015-16,E92000001,England,England,National,45-49,F2,0.0,0.0,0.0,0.0,0.0,0.0,0.0,0.0,0.0,0.0,0.0,0.0,0.0,0.0,0.0,0.0,z
2015-16,E92000001,England,England,National,45-74,A,2304.0,1608.0,694.0,671.0,23.0,763.0,2.0,383.0,380.0,292.0,456.0,52.0,45.0,7.1987177284046275,2.1683637602052133,2.3839503588423314,47.450248756218905
2015-16,E92000001,England,England,National,45-74,A to F2,17580.0,13853.0,3721.0,3597.0,124.0,7218.0,6.0,3662.0,3556.0,2610.0,3290.0,304.0,431.0,8.29698877829908,1.7561487624602319,3.4065793516361067,52.10423734931062
2015-16,E92000001,England,England,National,45-74,B,699.0,553.0,145.0,142.0,3.0,246.0,1.0,117.0,129.0,105.0,156.0,13.0,33.0,9.934621944286526,2.060830017055145,3.496304718590108,44.48462929475588
2015-16,E92000001,England,England,National,45-74,C1,12086.0,9630.0,2454.0,2373.0,81.0,5228.0,2.0,2683.0,2545.0,1780.0,2157.0,198.0,267.0,7.963334137178084,1.6169139477606334,3.4446724200866305,54.28868120456906
2015-16,E92000001,England,England,National,45-74,C2,1506.0,1246.0,260.0,248.0,12.0,584.0,0.0,295.0,289.0,269.0,311.0,27.0,55.0,11.433343455815367,1.9738839963559063,4.433647130276344,46.869983948635635
2015-16,E92000001,England,England,National,45-74,D,30.0,18.0,12.0,11.0,1.0,13.0,0.0,9.0,4.0,2.0,2.0,0.0,1.0,36.101083032490976,14.44043321299639,15.643802647412757,72.22222222222221
2015-16,E92000001,England,England,National,45-74,E,211.0,174.0,37.0,36.0,1.0,75.0,0.0,31.0,44.0,33.0,54.0,4.0,8.0,10.667880074826837,1.8706709135952273,3.791900500530866,43.103448275862064
2015-16,E92000001,England,England,National,45-74,F1,607.0,509.0,97.0,94.0,3.0,262.0,1.0,125.0,137.0,104.0,122.0,9.0,12.0,12.023135126569741,1.9213247236857744,5.1895575010894115,51.47347740667977
2015-16,E92000001,England,England,National,45-74,F2,137.0,115.0,22.0,22.0,0.0,47.0,0.0,19.0,28.0,25.0,32.0,1.0,10.0,17.337382941027588,2.7841052898000505,5.947861300936472,40.869565217391305
2015-16,E92000001,England,England,National,50-52,A,1177.0,843.0,333.0,318.0,15.0,418.0,1.0,214.0,204.0,166.0,222.0,20.0,17.0,8.092350425587503,2.289509508683635,2.8739188427320106,49.58481613285884
2015-16,E92000001,England,England,National,50-52,A to F2,2136.0,1573.0,562.0,537.0,25.0,768.0,1.0,382.0,386.0,336.0,399.0,38.0,32.0,6.741190059900649,1.773665174936407,2.4237986732227053,48.823903369357915
2015-16,E92000001,England,England,National,50-52,B,168.0,128.0,40.0,39.0,1.0,54.0,0.0,20.0,34.0,35.0,30.0,4.0,5.0,7.886213209407127,1.8776698117636015,2.5348542458808616,42.1875
2015-16,E92000001,England,England,National,50-52,C1,692.0,531.0,161.0,153.0,8.0,267.0,0.0,133.0,134.0,119.0,126.0,11.0,8.0,5.085916714439006,1.183284091076127,1.9623406976231423,50.282485875706215
2015-16,E92000001,England,England,National,50-52,C2,20.0,16.0,4.0,4.0,0.0,8.0,0.0,6.0,2.0,3.0,4.0,1.0,0.0,5.045408678102927,1.0090817356205852,2.0181634712411705,50.0
2015-16,E92000001,England,England,National,50-52,D,3.0,1.0,2.0,1.0,1.0,0.0,0.0,0.0,0.0,1.0,0.0,0.0,0.0,17.142857142857142,11.428571428571429,0.0,0.0
2015-16,E92000001,England,England,National,50-52,E,72.0,51.0,21.0,21.0,0.0,20.0,0.0,9.0,11.0,11.0,16.0,2.0,2.0,8.664259927797834,2.527075812274368,2.406738868832732,39.21568627450981
2015-16,E92000001,England,England,National,50-52,F1,4.0,3.0,1.0,1.0,0.0,1.0,0.0,0.0,1.0,1.0,1.0,0.0,0.0,2.5348542458808616,0.6337135614702154,0.6337135614702154,33.33333333333333
2015-16,E92000001,England,England,National,50-52,F2,0.0,0.0,0.0,0.0,0.0,0.0,0.0,0.0,0.0,0.0,0.0,0.0,0.0,0.0,0.0,0.0,z
2015-16,E92000001,England,England,National,50<71,A,1290.0,929.0,360.0,343.0,17.0,459.0,1.0,239.0,220.0,178.0,245.0,23.0,24.0,8.205845870042301,2.2900034986164566,2.9197544607359815,49.40796555435953
2015-16,E92000001,England,England,National,50<71,A to F2,15112.0,11979.0,3129.0,3015.0,114.0,6307.0,4.0,3211.0,3096.0,2256.0,2789.0,258.0,369.0,8.236297590207133,1.7053583350819297,3.437422505388856,52.65047165873612
2015-16,E92000001,England,England,National,50<71,B,664.0,525.0,138.0,135.0,3.0,234.0,1.0,109.0,125.0,99.0,149.0,12.0,31.0,9.875074360499703,2.0523497917906006,3.4800713860797146,44.57142857142857
2015-16,E92000001,England,England,National,50<71,C1,11294.0,9009.0,2283.0,2203.0,80.0,4900.0,2.0,2506.0,2394.0,1659.0,2013.0,190.0,247.0,7.831107678077267,1.5830014900876925,3.397594087354224,54.39005439005439
2015-16,E92000001,England,England,National,50<71,C2,1379.0,1133.0,246.0,234.0,12.0,535.0,0.0,274.0,261.0,244.0,278.0,25.0,51.0,11.089220377146074,1.9782075509629689,4.302199348638977,47.21977052074139
2015-16,E92000001,England,England,National,50<71,D,24.0,14.0,10.0,9.0,1.0,12.0,0.0,8.0,4.0,1.0,0.0,0.0,1.0,34.98542274052478,14.577259475218659,17.49271137026239,85.71428571428571
2015-16,E92000001,England,England,National,50<71,E,165.0,136.0,29.0,28.0,1.0,58.0,0.0,23.0,35.0,25.0,44.0,3.0,6.0,10.787133891213388,1.8959205020920502,3.7918410041841004,42.64705882352941
2015-16,E92000001,England,England,National,50<71,F1,229.0,180.0,49.0,49.0,0.0,90.0,0.0,45.0,45.0,36.0,44.0,5.0,5.0,9.694352722038778,2.074337482008297,3.8100076200152397,50.0
2015-16,E92000001,England,England,National,50<71,F2,67.0,53.0,14.0,14.0,0.0,19.0,0.0,7.0,12.0,14.0,16.0,0.0,4.0,15.937202664129401,3.3301617507136063,4.519505233111323,35.84905660377358
2015-16,E92000001,England,England,National,53-54,A,34.0,25.0,9.0,8.0,1.0,15.0,0.0,10.0,5.0,4.0,4.0,2.0,0.0,8.508508508508509,2.2522522522522523,3.7537537537537538,60.0
2015-16,E92000001,England,England,National,53-54,A to F2,1107.0,859.0,248.0,238.0,10.0,434.0,0.0,203.0,231.0,158.0,216.0,20.0,31.0,5.7025700200388405,1.2775405284278525,2.235695924748742,50.52386495925495
2015-16,E92000001,England,England,National,53-54,B,166.0,128.0,38.0,37.0,1.0,56.0,0.0,21.0,35.0,19.0,42.0,1.0,10.0,8.555378034324589,1.9584600319538215,2.886151626037211,43.75
2015-16,E92000001,England,England,National,53-54,C1,822.0,636.0,186.0,179.0,7.0,323.0,0.0,159.0,164.0,126.0,151.0,15.0,21.0,5.137339458141932,1.1624636730102185,2.018686916033874,50.786163522012586
2015-16,E92000001,England,England,National,53-54,C2,33.0,27.0,6.0,6.0,0.0,13.0,0.0,4.0,9.0,4.0,9.0,1.0,0.0,6.089684443624285,1.1072153533862337,2.3989665990035065,48.148148148148145
2015-16,E92000001,England,England,National,53-54,D,4.0,2.0,2.0,2.0,0.0,2.0,0.0,1.0,1.0,0.0,0.0,0.0,0.0,42.10526315789473,21.052631578947366,21.052631578947366,100.0
2015-16,E92000001,England,England,National,53-54,E,27.0,23.0,4.0,3.0,1.0,14.0,0.0,4.0,10.0,1.0,8.0,0.0,0.0,11.435832274459974,1.6941973739940703,5.929690808979246,60.86956521739131
2015-16,E92000001,England,England,National,53-54,F1,21.0,18.0,3.0,3.0,0.0,11.0,0.0,4.0,7.0,4.0,2.0,1.0,0.0,7.556675062972292,1.0795250089960418,3.95825836631882,61.111111111111114
2015-16,E92000001,England,England,National,53-54,F2,0.0,0.0,0.0,0.0,0.0,0.0,0.0,0.0,0.0,0.0,0.0,0.0,0.0,0.0,0.0,0.0,z
2015-16,E92000001,England,England,National,55-59,A,41.0,30.0,11.0,10.0,1.0,15.0,0.0,9.0,6.0,3.0,8.0,0.0,4.0,10.641058915131067,2.854918245522969,3.8930703348040487,50.0
2015-16,E92000001,England,England,National,55-59,A to F2,3080.0,2375.0,703.0,686.0,17.0,1241.0,2.0,644.0,597.0,453.0,566.0,58.0,57.0,6.8157124300449,1.555664233221287,2.746201014833026,52.25263157894737
2015-16,E92000001,England,England,National,55-59,B,177.0,143.0,33.0,32.0,1.0,70.0,1.0,40.0,30.0,25.0,40.0,2.0,6.0,10.311680745703466,1.9225167491989514,4.07806583163414,48.95104895104895
2015-16,E92000001,England,England,National,55-59,C1,2436.0,1874.0,561.0,547.0,14.0,1007.0,1.0,517.0,490.0,347.0,435.0,43.0,42.0,6.353246780343534,1.4631245664091637,2.6263216370303524,53.73532550693704
2015-16,E92000001,England,England,National,55-59,C2,314.0,248.0,66.0,65.0,1.0,109.0,0.0,58.0,51.0,58.0,65.0,12.0,4.0,8.531449531313681,1.7932346148621112,2.961554136666214,43.95161290322581
2015-16,E92000001,England,England,National,55-59,D,6.0,3.0,3.0,3.0,0.0,3.0,0.0,2.0,1.0,0.0,0.0,0.0,0.0,44.44444444444444,22.22222222222222,22.22222222222222,100.0
2015-16,E92000001,England,England,National,55-59,E,34.0,30.0,4.0,4.0,0.0,12.0,0.0,4.0,8.0,9.0,8.0,0.0,1.0,13.968775677896467,1.6433853738701725,4.930156121610517,40.0
2015-16,E92000001,England,England,National,55-59,F1,57.0,37.0,20.0,20.0,0.0,21.0,0.0,13.0,8.0,8.0,7.0,1.0,0.0,8.244142319930576,2.8926815157651147,3.0373155915533703,56.75675675675676
2015-16,E92000001,England,England,National,55-59,F2,15.0,10.0,5.0,5.0,0.0,4.0,0.0,1.0,3.0,3.0,3.0,0.0,0.0,12.875536480686696,4.291845493562231,3.433476394849785,40.0
2015-16,E92000001,England,England,National,60-64,A,23.0,20.0,3.0,3.0,0.0,8.0,0.0,3.0,5.0,4.0,6.0,1.0,1.0,9.862778730703258,1.2864493996569468,3.4305317324185247,40.0
2015-16,E92000001,England,England,National,60-64,A to F2,3510.0,2822.0,687.0,658.0,29.0,1572.0,1.0,814.0,758.0,490.0,620.0,57.0,83.0,8.83249957221512,1.7287541897754382,3.9557519451630117,55.705173635719355
2015-16,E92000001,England,England,National,60-64,B,88.0,74.0,14.0,14.0,0.0,34.0,0.0,18.0,16.0,10.0,22.0,3.0,5.0,15.138482711164631,2.408394976776191,5.848959229313607,45.94594594594595
2015-16,E92000001,England,England,National,60-64,C1,2888.0,2310.0,577.0,553.0,24.0,1331.0,1.0,694.0,637.0,382.0,496.0,44.0,57.0,8.390568164650373,1.6763704400980837,3.8669827656335345,57.61904761904761
2015-16,E92000001,England,England,National,60-64,C2,420.0,345.0,75.0,70.0,5.0,164.0,0.0,86.0,78.0,77.0,80.0,8.0,16.0,11.275470482429057,2.013476871862332,4.402802759805632,47.53623188405797
2015-16,E92000001,England,England,National,60-64,D,5.0,3.0,2.0,2.0,0.0,3.0,0.0,2.0,1.0,0.0,0.0,0.0,0.0,38.75968992248062,15.503875968992247,23.25581395348837,100.0
2015-16,E92000001,England,England,National,60-64,E,13.0,13.0,0.0,0.0,0.0,5.0,0.0,2.0,3.0,2.0,3.0,1.0,2.0,10.770505385252692,0.0,4.142502071251036,38.46153846153847
2015-16,E92000001,England,England,National,60-64,F1,51.0,40.0,11.0,11.0,0.0,21.0,0.0,8.0,13.0,11.0,7.0,0.0,1.0,9.9241097489784,2.1404942595835768,4.086398131932283,52.5
2015-16,E92000001,England,England,National,60-64,F2,22.0,17.0,5.0,5.0,0.0,6.0,0.0,1.0,5.0,4.0,6.0,0.0,1.0,16.528925619834713,3.756574004507889,4.507888805409467,35.294117647058826
2015-16,E92000001,England,England,National,65-70,A,15.0,11.0,4.0,4.0,0.0,3.0,0.0,3.0,0.0,1.0,5.0,0.0,2.0,9.505703422053232,2.5348542458808616,1.9011406844106464,27.27272727272727
2015-16,E92000001,England,England,National,65-70,A to F2,5279.0,4350.0,929.0,896.0,33.0,2292.0,0.0,1168.0,1124.0,819.0,988.0,85.0,166.0,11.12466835675646,1.9577224670253366,4.830032179141089,52.689655172413794
2015-16,E92000001,England,England,National,65-70,B,65.0,52.0,13.0,13.0,0.0,20.0,0.0,10.0,10.0,10.0,15.0,2.0,5.0,18.27896512935883,3.655793025871766,5.624296962879639,38.46153846153847
2015-16,E92000001,England,England,National,65-70,C1,4456.0,3658.0,798.0,771.0,27.0,1972.0,0.0,1003.0,969.0,685.0,805.0,77.0,119.0,10.647347243063454,1.9067735861680064,4.711976831984096,53.90924002186988
2015-16,E92000001,England,England,National,65-70,C2,592.0,497.0,95.0,89.0,6.0,241.0,0.0,120.0,121.0,102.0,120.0,3.0,31.0,14.467960310865633,2.3217166039395862,5.88982843736253,48.49094567404427
2015-16,E92000001,England,England,National,65-70,D,6.0,5.0,1.0,1.0,0.0,4.0,0.0,3.0,1.0,0.0,0.0,0.0,1.0,39.473684210526315,6.578947368421052,26.31578947368421,80.0
2015-16,E92000001,England,England,National,65-70,E,19.0,19.0,0.0,0.0,0.0,7.0,0.0,4.0,3.0,2.0,9.0,0.0,1.0,19.308943089430894,0.0,7.113821138211382,36.84210526315789
2015-16,E92000001,England,England,National,65-70,F1,96.0,82.0,14.0,14.0,0.0,36.0,0.0,20.0,16.0,12.0,27.0,3.0,4.0,13.311148086522463,1.9412090959511925,4.9916805324459235,43.90243902439025
2015-16,E92000001,England,England,National,65-70,F2,30.0,26.0,4.0,4.0,0.0,9.0,0.0,5.0,4.0,7.0,7.0,0.0,3.0,18.48428835489834,2.4645717806531118,5.545286506469501,34.61538461538461
2015-16,E92000001,England,England,National,Over 70,A,0.0,0.0,0.0,0.0,0.0,0.0,0.0,0.0,0.0,0.0,0.0,0.0,0.0,0.0,0.0,0.0,z
2015-16,E92000001,England,England,National,Over 70,A to F2,2053.0,1723.0,329.0,318.0,11.0,883.0,1.0,436.0,447.0,326.0,411.0,34.0,69.0,14.577963345617736,2.3361665566041085,6.270015408758139,51.24782356355194
2015-16,E92000001,England,England,National,Over 70,B,13.0,11.0,2.0,2.0,0.0,2.0,0.0,1.0,1.0,3.0,4.0,1.0,1.0,37.356321839080465,5.747126436781609,5.747126436781609,18.181818181818183
2015-16,E92000001,England,England,National,Over 70,C1,717.0,570.0,147.0,146.0,1.0,306.0,0.0,165.0,141.0,111.0,129.0,7.0,17.0,11.947411394197925,2.449469281655641,5.098895239364804,53.68421052631579
2015-16,E92000001,England,England,National,Over 70,C2,124.0,111.0,13.0,13.0,0.0,49.0,0.0,21.0,28.0,24.0,32.0,2.0,4.0,18.1021897810219,1.897810218978102,7.153284671532847,44.14414414414414
2015-16,E92000001,England,England,National,Over 70,D,5.0,4.0,1.0,1.0,0.0,1.0,0.0,0.0,1.0,1.0,1.0,0.0,1.0,58.8235294117647,11.76470588235294,11.76470588235294,25.0
2015-16,E92000001,England,England,National,Over 70,E,32.0,22.0,10.0,9.0,1.0,6.0,0.0,0.0,6.0,4.0,7.0,2.0,3.0,17.47678864008738,5.461496450027307,3.276897870016384,27.27272727272727
2015-16,E92000001,England,England,National,Over 70,F1,789.0,671.0,117.0,110.0,7.0,368.0,1.0,179.0,189.0,130.0,138.0,11.0,24.0,13.88839992958986,2.059496567505721,6.477732793522267,54.843517138599104
2015-16,E92000001,England,England,National,Over 70,F2,373.0,334.0,39.0,37.0,2.0,151.0,0.0,70.0,81.0,53.0,100.0,11.0,19.0,25.245346869712353,2.6395939086294415,10.219966159052454,45.209580838323355
2016-17,E92000001,England,England,National,45 and over,A,2201.0,1550.0,650.0,634.0,16.0,710.0,1.0,346.0,364.0,305.0,412.0,50.0,73.0,7.499429280143378,2.214733771964196,2.419170735530122,45.806451612903224
2016-17,E92000001,England,England,National,45 and over,A to F2,18402.0,14567.0,3827.0,3692.0,135.0,7635.0,8.0,3865.0,3770.0,2603.0,3396.0,348.0,585.0,8.367047962526973,1.7400658924351011,3.471492837403187,52.412988261138196
2016-17,E92000001,England,England,National,45 and over,B,820.0,642.0,178.0,171.0,7.0,287.0,0.0,135.0,152.0,108.0,192.0,22.0,33.0,11.044514782140212,2.3974678429523877,3.8655801737490743,44.704049844236756
2016-17,E92000001,England,England,National,45 and over,C1,12236.0,9797.0,2432.0,2335.0,97.0,5385.0,7.0,2732.0,2653.0,1694.0,2178.0,213.0,327.0,7.751063902568189,1.5405841297029943,3.411202935218184,54.96580585893641
2016-17,E92000001,England,England,National,45 and over,C2,1539.0,1262.0,277.0,269.0,8.0,621.0,0.0,298.0,323.0,221.0,311.0,32.0,77.0,11.034710222343318,1.9861044389792717,4.452602370419233,49.20760697305864
2016-17,E92000001,England,England,National,45 and over,D,38.0,25.0,13.0,13.0,0.0,17.0,0.0,14.0,3.0,4.0,3.0,1.0,0.0,48.284625158831,16.518424396442185,21.601016518424398,68.0
2016-17,E92000001,England,England,National,45 and over,E,190.0,144.0,46.0,45.0,1.0,58.0,0.0,31.0,27.0,33.0,40.0,4.0,9.0,10.348583877995644,2.505446623093682,3.159041394335512,40.27777777777778
2016-17,E92000001,England,England,National,45 and over,F1,1038.0,856.0,182.0,176.0,6.0,441.0,0.0,248.0,193.0,182.0,179.0,16.0,38.0,13.088873196812267,2.2949662059921314,5.560879652980934,51.518691588785046
2016-17,E92000001,England,England,National,45 and over,F2,340.0,291.0,49.0,49.0,0.0,116.0,0.0,61.0,55.0,56.0,81.0,10.0,28.0,22.567370237621134,3.252356298951281,7.699455728129563,39.86254295532646
2016-17,E92000001,England,England,National,45-49,A,1013.0,685.0,327.0,318.0,9.0,313.0,1.0,141.0,172.0,128.0,187.0,25.0,32.0,6.736805703341137,2.1746648223026175,2.081559906363056,45.69343065693431
2016-17,E92000001,England,England,National,45-49,A to F2,1137.0,772.0,364.0,355.0,9.0,355.0,1.0,163.0,192.0,141.0,209.0,29.0,38.0,6.510163183509877,2.0841683366733466,2.0326367019753793,45.984455958549226
2016-17,E92000001,England,England,National,45-49,B,20.0,13.0,7.0,7.0,0.0,5.0,0.0,2.0,3.0,1.0,4.0,1.0,2.0,6.609385327164574,2.313284864507601,1.6523463317911435,38.46153846153847
2016-17,E92000001,England,England,National,45-49,C1,67.0,48.0,19.0,19.0,0.0,25.0,0.0,12.0,13.0,9.0,10.0,3.0,1.0,3.8576692768309533,1.0939659143251959,1.4394288346384154,52.083333333333336
2016-17,E92000001,England,England,National,45-49,C2,5.0,4.0,1.0,1.0,0.0,3.0,0.0,3.0,0.0,0.0,0.0,0.0,1.0,9.46969696969697,1.893939393939394,5.681818181818182,75.0
2016-17,E92000001,England,England,National,45-49,D,1.0,1.0,0.0,0.0,0.0,0.0,0.0,0.0,0.0,0.0,1.0,0.0,0.0,14.084507042253522,0.0,0.0,0.0
2016-17,E92000001,England,England,National,45-49,E,31.0,21.0,10.0,10.0,0.0,9.0,0.0,5.0,4.0,3.0,7.0,0.0,2.0,9.711779448621554,3.132832080200501,2.819548872180451,42.857142857142854
2016-17,E92000001,England,England,National,45-49,F1,0.0,0.0,0.0,0.0,0.0,0.0,0.0,0.0,0.0,0.0,0.0,0.0,0.0,0.0,0.0,0.0,z
2016-17,E92000001,England,England,National,45-49,F2,0.0,0.0,0.0,0.0,0.0,0.0,0.0,0.0,0.0,0.0,0.0,0.0,0.0,0.0,0.0,0.0,z
2016-17,E92000001,England,England,National,45-74,A,2201.0,1550.0,650.0,634.0,16.0,710.0,1.0,346.0,364.0,305.0,412.0,50.0,73.0,7.499429280143378,2.214733771964196,2.419170735530122,45.806451612903224
2016-17,E92000001,England,England,National,45-74,A to F2,17736.0,14007.0,3721.0,3587.0,134.0,7365.0,8.0,3708.0,3657.0,2490.0,3277.0,333.0,542.0,8.210046845779251,1.722461903086637,3.4092802784824188,52.58085243092739
2016-17,E92000001,England,England,National,45-74,B,820.0,642.0,178.0,171.0,7.0,287.0,0.0,135.0,152.0,108.0,192.0,22.0,33.0,11.044514782140212,2.3974678429523877,3.8655801737490743,44.704049844236756
2016-17,E92000001,England,England,National,45-74,C1,12236.0,9797.0,2432.0,2335.0,97.0,5385.0,7.0,2732.0,2653.0,1694.0,2178.0,213.0,327.0,7.751063902568189,1.5405841297029943,3.411202935218184,54.96580585893641
2016-17,E92000001,England,England,National,45-74,C2,1539.0,1262.0,277.0,269.0,8.0,621.0,0.0,298.0,323.0,221.0,311.0,32.0,77.0,11.034789342358103,1.9861186795537324,4.452634296039235,49.20760697305864
2016-17,E92000001,England,England,National,45-74,D,35.0,24.0,11.0,11.0,0.0,16.0,0.0,13.0,3.0,4.0,3.0,1.0,0.0,45.7516339869281,14.37908496732026,20.915032679738562,66.66666666666666
2016-17,E92000001,England,England,National,45-74,E,167.0,123.0,44.0,43.0,1.0,51.0,0.0,29.0,22.0,27.0,37.0,3.0,5.0,9.539586427510567,2.5134239689249402,2.9132868730720896,41.46341463414634
2016-17,E92000001,England,England,National,45-74,F1,616.0,508.0,108.0,103.0,5.0,253.0,0.0,132.0,121.0,113.0,114.0,9.0,19.0,12.563736487864572,2.202733020599633,5.160106057515806,49.803149606299215
2016-17,E92000001,England,England,National,45-74,F2,122.0,101.0,21.0,21.0,0.0,42.0,0.0,23.0,19.0,18.0,30.0,3.0,8.0,17.05101327742837,2.9350104821802936,5.870020964360587,41.584158415841586
2016-17,E92000001,England,England,National,50-52,A,1043.0,750.0,293.0,286.0,7.0,340.0,0.0,171.0,169.0,158.0,202.0,21.0,29.0,7.9810230707426255,2.242032367907564,2.6016757852852277,45.33333333333333
2016-17,E92000001,England,England,National,50-52,A to F2,2070.0,1545.0,525.0,506.0,19.0,739.0,0.0,361.0,378.0,299.0,409.0,46.0,52.0,6.481551063350116,1.643871646501841,2.3139450414568774,47.83171521035599
2016-17,E92000001,England,England,National,50-52,B,205.0,147.0,58.0,56.0,2.0,75.0,0.0,32.0,43.0,18.0,44.0,7.0,3.0,8.47597783841892,2.398081534772182,3.1009675018605805,51.02040816326531
2016-17,E92000001,England,England,National,50-52,C1,722.0,573.0,149.0,139.0,10.0,292.0,0.0,136.0,156.0,104.0,142.0,16.0,19.0,4.80714813606493,0.9920568868056433,1.9441651741426031,50.959860383944154
2016-17,E92000001,England,England,National,50-52,C2,27.0,19.0,8.0,8.0,0.0,7.0,0.0,5.0,2.0,6.0,4.0,1.0,1.0,5.5981754094961635,1.6587186398507154,1.4513788098693758,36.84210526315789
2016-17,E92000001,England,England,National,50-52,D,4.0,2.0,2.0,2.0,0.0,1.0,0.0,1.0,0.0,1.0,0.0,0.0,0.0,24.539877300613497,12.269938650306749,6.134969325153374,50.0
2016-17,E92000001,England,England,National,50-52,E,52.0,39.0,13.0,13.0,0.0,18.0,0.0,11.0,7.0,10.0,11.0,0.0,0.0,7.203213741515445,1.8008034353788613,2.4934201412938077,46.15384615384615
2016-17,E92000001,England,England,National,50-52,F1,16.0,14.0,2.0,2.0,0.0,5.0,0.0,4.0,1.0,2.0,6.0,1.0,0.0,7.751937984496124,0.9689922480620154,2.4224806201550386,35.714285714285715
2016-17,E92000001,England,England,National,50-52,F2,1.0,1.0,0.0,0.0,0.0,1.0,0.0,1.0,0.0,0.0,0.0,0.0,0.0,28.57142857142857,0.0,28.57142857142857,100.0
2016-17,E92000001,England,England,National,50<71,A,1184.0,862.0,322.0,315.0,7.0,396.0,0.0,204.0,192.0,177.0,224.0,25.0,40.0,8.281052197206543,2.2521104793078606,2.76967624163327,45.93967517401392
2016-17,E92000001,England,England,National,50<71,A to F2,15227.0,12098.0,3122.0,3006.0,116.0,6409.0,7.0,3248.0,3161.0,2133.0,2814.0,284.0,458.0,8.075730591887888,1.655771386870295,3.3990515113554522,52.9756984625558
2016-17,E92000001,England,England,National,50<71,B,788.0,617.0,171.0,164.0,7.0,278.0,0.0,130.0,148.0,101.0,187.0,20.0,31.0,11.11675413351391,2.4123920771965466,3.921900569945263,45.05672609400324
2016-17,E92000001,England,England,National,50<71,C1,11414.0,9124.0,2283.0,2189.0,94.0,5015.0,7.0,2557.0,2458.0,1587.0,2021.0,199.0,302.0,7.621497242933055,1.5244329950601159,3.3486778231390635,54.96492766330556
2016-17,E92000001,England,England,National,50<71,C2,1404.0,1152.0,252.0,245.0,7.0,570.0,0.0,272.0,298.0,200.0,281.0,31.0,70.0,10.643782029899628,1.9104224156230099,4.321193559147284,49.47916666666667
2016-17,E92000001,England,England,National,50<71,D,30.0,20.0,10.0,10.0,0.0,14.0,0.0,11.0,3.0,3.0,2.0,1.0,0.0,46.29629629629629,15.432098765432098,21.604938271604937,70.0
2016-17,E92000001,England,England,National,50<71,E,118.0,88.0,30.0,29.0,1.0,39.0,0.0,23.0,16.0,20.0,26.0,1.0,2.0,8.650392199985339,2.1992522542335604,2.8590279305036286,44.31818181818182
2016-17,E92000001,England,England,National,50<71,F1,221.0,181.0,40.0,40.0,0.0,75.0,0.0,39.0,36.0,37.0,56.0,6.0,7.0,9.284153923710301,1.6803898504453034,3.1507309695849437,41.43646408839779
2016-17,E92000001,England,England,National,50<71,F2,68.0,54.0,14.0,14.0,0.0,22.0,0.0,12.0,10.0,8.0,17.0,1.0,6.0,16.757023164120255,3.4499753573188765,5.421389847215377,40.74074074074074
2016-17,E92000001,England,England,National,53-54,A,31.0,22.0,9.0,9.0,0.0,8.0,0.0,5.0,3.0,5.0,5.0,1.0,3.0,8.681041725007,2.520302436292355,2.240268832259871,36.36363636363637
2016-17,E92000001,England,England,National,53-54,A to F2,1157.0,887.0,270.0,261.0,9.0,461.0,0.0,235.0,226.0,153.0,215.0,29.0,29.0,5.746498460315884,1.3410151981722458,2.289659282805205,51.97294250281848
2016-17,E92000001,England,England,National,53-54,B,189.0,142.0,47.0,46.0,1.0,67.0,0.0,33.0,34.0,25.0,39.0,5.0,6.0,9.723222553760674,2.4179442329457763,3.4468566724971708,47.183098591549296
2016-17,E92000001,England,England,National,53-54,C1,864.0,665.0,199.0,191.0,8.0,352.0,0.0,180.0,172.0,114.0,158.0,22.0,19.0,5.205258274794259,1.1988962924584001,2.1206607786198837,52.932330827067666
2016-17,E92000001,England,England,National,53-54,C2,36.0,32.0,4.0,4.0,0.0,22.0,0.0,9.0,13.0,3.0,6.0,0.0,1.0,4.971002485501243,0.5523336095001381,3.0378348522507594,68.75
2016-17,E92000001,England,England,National,53-54,D,4.0,3.0,1.0,1.0,0.0,1.0,0.0,1.0,0.0,1.0,1.0,0.0,0.0,46.51162790697674,11.627906976744185,11.627906976744185,33.33333333333333
2016-17,E92000001,England,England,National,53-54,E,14.0,9.0,5.0,5.0,0.0,5.0,0.0,3.0,2.0,2.0,2.0,0.0,0.0,6.569685593618019,2.346316283435007,2.346316283435007,55.55555555555556
2016-17,E92000001,England,England,National,53-54,F1,18.0,13.0,5.0,5.0,0.0,6.0,0.0,4.0,2.0,2.0,4.0,1.0,0.0,6.481814908174289,1.8005041411595246,2.1606049693914295,46.15384615384615
2016-17,E92000001,England,England,National,53-54,F2,1.0,1.0,0.0,0.0,0.0,0.0,0.0,0.0,0.0,1.0,0.0,0.0,0.0,9.174311926605505,0.0,0.0,0.0
2016-17,E92000001,England,England,National,55-59,A,52.0,42.0,10.0,10.0,0.0,20.0,0.0,10.0,10.0,7.0,7.0,2.0,6.0,11.967779056386652,2.3014959723820483,4.602991944764097,47.61904761904761
2016-17,E92000001,England,England,National,55-59,A to F2,3167.0,2473.0,693.0,669.0,24.0,1290.0,1.0,661.0,629.0,416.0,590.0,66.0,111.0,6.635517934964801,1.4519778746228629,2.702815957090178,52.16336433481601
2016-17,E92000001,England,England,National,55-59,B,222.0,183.0,39.0,36.0,3.0,75.0,0.0,35.0,40.0,39.0,56.0,3.0,10.0,12.396694214876034,2.1777976323430868,4.188072369890551,40.98360655737705
2016-17,E92000001,England,England,National,55-59,C1,2500.0,1933.0,566.0,548.0,18.0,1053.0,1.0,546.0,507.0,315.0,440.0,51.0,74.0,6.180209978814241,1.3991995392035441,2.6031044430765578,54.474909467149516
2016-17,E92000001,England,England,National,55-59,C2,306.0,248.0,58.0,56.0,2.0,117.0,0.0,55.0,62.0,45.0,63.0,8.0,15.0,7.629400618330508,1.4460955420365016,2.917123765832253,47.17741935483871
2016-17,E92000001,England,England,National,55-59,D,6.0,4.0,2.0,2.0,0.0,4.0,0.0,4.0,0.0,0.0,0.0,0.0,0.0,48.387096774193544,16.129032258064516,32.25806451612903,100.0
2016-17,E92000001,England,England,National,55-59,E,19.0,14.0,5.0,4.0,1.0,5.0,0.0,3.0,2.0,2.0,6.0,0.0,1.0,8.474576271186441,2.230151650312221,2.230151650312221,35.714285714285715
2016-17,E92000001,England,England,National,55-59,F1,50.0,40.0,10.0,10.0,0.0,14.0,0.0,6.0,8.0,7.0,14.0,2.0,3.0,7.259001161440186,1.4518002322880372,2.032520325203252,35.0
2016-17,E92000001,England,England,National,55-59,F2,12.0,9.0,3.0,3.0,0.0,2.0,0.0,2.0,0.0,1.0,4.0,0.0,2.0,10.452961672473869,2.613240418118467,1.7421602787456445,22.22222222222222
2016-17,E92000001,England,England,National,60-64,A,29.0,24.0,5.0,5.0,0.0,15.0,0.0,9.0,6.0,3.0,4.0,0.0,2.0,11.646586345381525,2.008032128514056,6.024096385542169,62.5
2016-17,E92000001,England,England,National,60-64,A to F2,3603.0,2891.0,710.0,686.0,24.0,1600.0,2.0,810.0,790.0,486.0,644.0,59.0,102.0,8.832008001019737,1.7404178963985606,3.9220684989263335,55.344171566931855
2016-17,E92000001,England,England,National,60-64,B,103.0,84.0,19.0,18.0,1.0,31.0,0.0,16.0,15.0,15.0,31.0,4.0,3.0,17.252931323283082,3.1825795644891124,5.192629815745394,36.904761904761905
2016-17,E92000001,England,England,National,60-64,C1,2934.0,2357.0,575.0,555.0,20.0,1351.0,2.0,691.0,660.0,396.0,494.0,46.0,70.0,8.300797827194025,1.6267753069654274,3.8222146777570307,57.318625371234624
2016-17,E92000001,England,England,National,60-64,C2,441.0,353.0,88.0,85.0,3.0,173.0,0.0,79.0,94.0,58.0,91.0,8.0,23.0,11.522483212708698,2.2992710265722573,4.520157813602279,49.008498583569406
2016-17,E92000001,England,England,National,60-64,D,6.0,3.0,3.0,3.0,0.0,3.0,0.0,1.0,2.0,0.0,0.0,0.0,0.0,51.724137931034484,25.862068965517242,25.862068965517242,100.0
2016-17,E92000001,England,England,National,60-64,E,15.0,10.0,5.0,5.0,0.0,6.0,0.0,2.0,4.0,1.0,3.0,0.0,0.0,13.020833333333334,4.340277777777778,5.208333333333333,60.0
2016-17,E92000001,England,England,National,60-64,F1,52.0,42.0,10.0,10.0,0.0,12.0,0.0,8.0,4.0,12.0,15.0,0.0,3.0,10.081426909654905,1.938735944164405,2.3264831329972857,28.57142857142857
2016-17,E92000001,England,England,National,60-64,F2,23.0,18.0,5.0,5.0,0.0,9.0,0.0,4.0,5.0,1.0,6.0,1.0,1.0,17.306245297215952,3.762227238525207,6.772009029345372,50.0
2016-17,E92000001,England,England,National,65-70,A,29.0,24.0,5.0,5.0,0.0,13.0,0.0,9.0,4.0,4.0,6.0,1.0,0.0,15.376458112407212,2.651113467656416,6.892895015906681,54.166666666666664
2016-17,E92000001,England,England,National,65-70,A to F2,5230.0,4302.0,924.0,884.0,40.0,2319.0,4.0,1181.0,1138.0,779.0,956.0,84.0,164.0,10.905148147375884,1.9266456765153568,4.8353802206051,53.90516039051604
2016-17,E92000001,England,England,National,65-70,B,69.0,61.0,8.0,8.0,0.0,30.0,0.0,14.0,16.0,4.0,17.0,1.0,9.0,20.40212891780012,2.365464222353637,8.870490833826139,49.18032786885246
2016-17,E92000001,England,England,National,65-70,C1,4394.0,3596.0,794.0,756.0,38.0,1967.0,4.0,1004.0,963.0,658.0,787.0,64.0,120.0,10.376667847443619,1.875073798559452,4.645176526154209,54.69966629588432
2016-17,E92000001,England,England,National,65-70,C2,594.0,500.0,94.0,92.0,2.0,251.0,0.0,124.0,127.0,88.0,117.0,14.0,30.0,14.326371135015194,2.2671361728811923,6.053735950991269,50.2
2016-17,E92000001,England,England,National,65-70,D,10.0,8.0,2.0,2.0,0.0,5.0,0.0,4.0,1.0,1.0,1.0,1.0,0.0,62.893081761006286,12.578616352201259,31.446540880503143,62.5
2016-17,E92000001,England,England,National,65-70,E,18.0,16.0,2.0,2.0,0.0,5.0,0.0,4.0,1.0,5.0,4.0,1.0,1.0,20.066889632107024,2.229654403567447,5.574136008918618,31.25
2016-17,E92000001,England,England,National,65-70,F1,85.0,72.0,13.0,13.0,0.0,38.0,0.0,17.0,21.0,14.0,17.0,2.0,1.0,12.288564406534626,1.8794274974700016,5.4937111464507735,52.77777777777778
2016-17,E92000001,England,England,National,65-70,F2,31.0,25.0,6.0,6.0,0.0,10.0,0.0,5.0,5.0,5.0,7.0,0.0,3.0,21.572720946416144,4.17536534446764,6.958942240779401,40.0
2016-17,E92000001,England,England,National,Over 70,A,4.0,3.0,1.0,1.0,0.0,1.0,0.0,1.0,0.0,0.0,1.0,0.0,1.0,27.777777777777775,6.944444444444444,6.944444444444444,33.33333333333333
2016-17,E92000001,England,England,National,Over 70,A to F2,2038.0,1697.0,341.0,331.0,10.0,871.0,0.0,454.0,417.0,329.0,373.0,35.0,89.0,14.644381529971401,2.4503111392150383,6.258712616587385,51.32586918090748
2016-17,E92000001,England,England,National,Over 70,B,12.0,12.0,0.0,0.0,0.0,4.0,0.0,3.0,1.0,6.0,1.0,1.0,0.0,35.820895522388064,0.0,11.940298507462687,33.33333333333333
2016-17,E92000001,England,England,National,Over 70,C1,755.0,625.0,130.0,127.0,3.0,345.0,0.0,163.0,182.0,98.0,147.0,11.0,24.0,11.862116641528406,2.0424836601307192,5.420437405731523,55.2
2016-17,E92000001,England,England,National,Over 70,C2,130.0,106.0,24.0,23.0,1.0,48.0,0.0,23.0,25.0,21.0,30.0,1.0,6.0,18.48428835489834,3.4124840039812314,6.824968007962463,45.28301886792453
2016-17,E92000001,England,England,National,Over 70,D,7.0,4.0,3.0,3.0,0.0,3.0,0.0,3.0,0.0,1.0,0.0,0.0,0.0,102.94117647058823,44.11764705882353,44.11764705882353,75.0
2016-17,E92000001,England,England,National,Over 70,E,41.0,35.0,6.0,6.0,0.0,10.0,0.0,3.0,7.0,10.0,7.0,3.0,5.0,26.85003274394237,3.929273084479371,6.5487884741322855,28.57142857142857
2016-17,E92000001,England,England,National,Over 70,F1,817.0,675.0,142.0,136.0,6.0,366.0,0.0,209.0,157.0,145.0,123.0,10.0,31.0,14.745695412049237,2.5628993249828538,6.605782767209328,54.22222222222223
2016-17,E92000001,England,England,National,Over 70,F2,272.0,237.0,35.0,35.0,0.0,94.0,0.0,49.0,45.0,48.0,64.0,9.0,22.0,24.716038164470696,3.1803725579282145,8.54157201272149,39.66244725738397
2017-18,E92000001,England,England,National,45 and over,A,1959.0,1381.0,577.0,559.0,18.0,622.0,1.0,317.0,305.0,239.0,387.0,55.0,78.0,7.3339198472568,2.1601183011062655,2.3285850663571868,45.03982621288921
2017-18,E92000001,England,England,National,45 and over,A to F2,18001.0,14141.0,3851.0,3691.0,160.0,7223.0,9.0,3571.0,3652.0,2600.0,3312.0,367.0,639.0,8.417842215378169,1.8008505289384662,3.377705367572719,51.07842443957288
2017-18,E92000001,England,England,National,45 and over,B,769.0,590.0,179.0,177.0,2.0,259.0,0.0,130.0,129.0,105.0,180.0,14.0,32.0,10.723000766924633,2.495991075786098,3.611517813567594,43.898305084745765
2017-18,E92000001,England,England,National,45 and over,C1,12101.0,9605.0,2488.0,2370.0,118.0,5132.0,8.0,2523.0,2609.0,1804.0,2103.0,203.0,363.0,7.837399700908092,1.6113916581984409,3.323819127763022,53.43050494534097
2017-18,E92000001,England,England,National,45 and over,C2,1455.0,1161.0,294.0,282.0,12.0,538.0,0.0,270.0,268.0,215.0,295.0,44.0,69.0,10.63588716456751,2.1491070971703423,3.9327197900600144,46.33936261843238
2017-18,E92000001,England,England,National,45 and over,D,28.0,21.0,7.0,5.0,2.0,11.0,0.0,9.0,2.0,3.0,3.0,1.0,3.0,43.20987654320987,10.802469135802468,16.975308641975307,52.38095238095239
2017-18,E92000001,England,England,National,45 and over,E,219.0,170.0,49.0,47.0,2.0,70.0,0.0,32.0,38.0,27.0,55.0,7.0,11.0,12.202596534239706,2.730261325012537,3.9003733214464815,41.17647058823529
2017-18,E92000001,England,England,National,45 and over,F1,1135.0,934.0,201.0,195.0,6.0,486.0,0.0,244.0,242.0,158.0,204.0,29.0,57.0,13.357184046697185,2.3654572628952724,5.7194638296870774,52.03426124197003
2017-18,E92000001,England,England,National,45 and over,F2,335.0,279.0,56.0,56.0,0.0,105.0,0.0,46.0,59.0,49.0,85.0,14.0,26.0,21.998949303913843,3.6774363015497764,6.895193065405832,37.634408602150536
2017-18,E92000001,England,England,National,45-49,A,861.0,575.0,285.0,277.0,8.0,258.0,1.0,130.0,128.0,99.0,159.0,26.0,33.0,6.37041640770665,2.1086744206694483,1.9089052650270797,44.869565217391305
2017-18,E92000001,England,England,National,45-49,A to F2,991.0,661.0,329.0,320.0,9.0,292.0,1.0,151.0,141.0,118.0,184.0,29.0,38.0,6.1873306444563765,2.05411885169137,1.8231085249054106,44.175491679273826
2017-18,E92000001,England,England,National,45-49,B,19.0,12.0,7.0,7.0,0.0,5.0,0.0,4.0,1.0,3.0,3.0,0.0,1.0,5.376344086021506,1.9807583474816073,1.4148273910582907,41.66666666666667
2017-18,E92000001,England,England,National,45-49,C1,80.0,55.0,25.0,24.0,1.0,21.0,0.0,11.0,10.0,12.0,16.0,3.0,3.0,4.490597810833568,1.4033118158854898,1.1787819253438114,38.18181818181819
2017-18,E92000001,England,England,National,45-49,C2,2.0,1.0,1.0,1.0,0.0,1.0,0.0,0.0,1.0,0.0,0.0,0.0,0.0,4.246284501061571,2.1231422505307855,2.1231422505307855,100.0
2017-18,E92000001,England,England,National,45-49,D,3.0,2.0,1.0,1.0,0.0,1.0,0.0,1.0,0.0,1.0,0.0,0.0,0.0,50.0,16.666666666666668,16.666666666666668,50.0
2017-18,E92000001,England,England,National,45-49,E,24.0,15.0,9.0,9.0,0.0,6.0,0.0,5.0,1.0,3.0,5.0,0.0,1.0,7.936507936507936,2.976190476190476,1.984126984126984,40.0
2017-18,E92000001,England,England,National,45-49,F1,2.0,1.0,1.0,1.0,0.0,0.0,0.0,0.0,0.0,0.0,1.0,0.0,0.0,19.230769230769234,9.615384615384617,0.0,0.0
2017-18,E92000001,England,England,National,45-49,F2,0.0,0.0,0.0,0.0,0.0,0.0,0.0,0.0,0.0,0.0,0.0,0.0,0.0,0.0,0.0,0.0,z
2017-18,E92000001,England,England,National,45-74,A,1959.0,1381.0,577.0,559.0,18.0,622.0,1.0,317.0,305.0,239.0,387.0,55.0,78.0,7.3339198472568,2.1601183011062655,2.3285850663571868,45.03982621288921
2017-18,E92000001,England,England,National,45-74,A to F2,17267.0,13531.0,3727.0,3568.0,159.0,6938.0,9.0,3442.0,3496.0,2503.0,3160.0,346.0,584.0,8.237251151960514,1.7779715667664817,3.3097844728268986,51.27485034365531
2017-18,E92000001,England,England,National,45-74,B,769.0,590.0,179.0,177.0,2.0,259.0,0.0,130.0,129.0,105.0,180.0,14.0,32.0,10.723150291435424,2.4960258805811977,3.6115681735783807,43.898305084745765
2017-18,E92000001,England,England,National,45-74,C1,12101.0,9605.0,2488.0,2370.0,118.0,5132.0,8.0,2523.0,2609.0,1804.0,2103.0,203.0,363.0,7.837450461367476,1.611402094693189,3.3238406551308066,53.43050494534097
2017-18,E92000001,England,England,National,45-74,C2,1455.0,1161.0,294.0,282.0,12.0,538.0,0.0,270.0,268.0,215.0,295.0,44.0,69.0,10.636509178101218,2.1492327823792152,3.9329497854422373,46.33936261843238
2017-18,E92000001,England,England,National,45-74,D,27.0,20.0,7.0,5.0,2.0,10.0,0.0,9.0,1.0,3.0,3.0,1.0,3.0,43.33868378812199,11.235955056179774,16.051364365971107,50.0
2017-18,E92000001,England,England,National,45-74,E,192.0,147.0,45.0,43.0,2.0,64.0,0.0,31.0,33.0,23.0,46.0,6.0,8.0,11.30808645974439,2.650332764002591,3.76936215324813,43.53741496598639
2017-18,E92000001,England,England,National,45-74,F1,638.0,522.0,116.0,111.0,5.0,274.0,0.0,141.0,133.0,91.0,114.0,18.0,25.0,12.347590478033675,2.245016450551577,5.302883684923553,52.490421455938694
2017-18,E92000001,England,England,National,45-74,F2,126.0,105.0,21.0,21.0,0.0,39.0,0.0,21.0,18.0,23.0,32.0,5.0,6.0,17.217819076250343,2.8696365127083903,5.329324952172725,37.142857142857146
2017-18,E92000001,England,England,National,50-52,A,969.0,706.0,263.0,253.0,10.0,324.0,0.0,169.0,155.0,115.0,208.0,27.0,32.0,8.097132161240724,2.1976736412861824,2.7074002272879203,45.892351274787536
2017-18,E92000001,England,England,National,50-52,A to F2,1993.0,1472.0,520.0,504.0,16.0,678.0,1.0,351.0,327.0,255.0,426.0,52.0,61.0,6.586774892919465,1.7185764898736184,2.240759346412141,46.059782608695656
2017-18,E92000001,England,England,National,50-52,B,197.0,146.0,51.0,51.0,0.0,73.0,0.0,40.0,33.0,23.0,44.0,2.0,4.0,7.960882566879495,2.060939141679463,2.9499717126000164,50.0
2017-18,E92000001,England,England,National,50-52,C1,722.0,547.0,174.0,168.0,6.0,246.0,1.0,124.0,122.0,105.0,156.0,18.0,22.0,5.006795927990901,1.2066239494050097,1.705916618124324,44.97257769652651
2017-18,E92000001,England,England,National,50-52,C2,21.0,13.0,8.0,8.0,0.0,5.0,0.0,4.0,1.0,3.0,3.0,1.0,1.0,4.290091930541369,1.634320735444331,1.021450459652707,38.46153846153847
2017-18,E92000001,England,England,National,50-52,D,6.0,4.0,2.0,2.0,0.0,3.0,0.0,2.0,1.0,0.0,1.0,0.0,0.0,45.80152671755725,15.267175572519083,22.900763358778626,75.0
2017-18,E92000001,England,England,National,50-52,E,65.0,49.0,16.0,16.0,0.0,25.0,0.0,11.0,14.0,7.0,13.0,3.0,1.0,9.518231073363596,2.3429491872895007,3.6608581051398446,51.02040816326531
2017-18,E92000001,England,England,National,50-52,F1,12.0,6.0,6.0,6.0,0.0,1.0,0.0,1.0,0.0,2.0,1.0,1.0,1.0,5.88523786169691,2.942618930848455,0.4904364884747425,16.666666666666664
2017-18,E92000001,England,England,National,50-52,F2,1.0,1.0,0.0,0.0,0.0,1.0,0.0,0.0,1.0,0.0,0.0,0.0,0.0,16.666666666666668,0.0,16.666666666666668,100.0
2017-18,E92000001,England,England,National,50<71,A,1098.0,806.0,292.0,282.0,10.0,364.0,0.0,187.0,177.0,140.0,228.0,29.0,45.0,8.329161166992854,2.215041038945276,2.761215541698906,45.16129032258064
2017-18,E92000001,England,England,National,50<71,A to F2,14906.0,11760.0,3139.0,3000.0,139.0,6039.0,7.0,2986.0,3053.0,2178.0,2754.0,288.0,501.0,8.127705191022338,1.7115836974788083,3.2928492988450215,51.35204081632653
2017-18,E92000001,England,England,National,50<71,B,742.0,570.0,172.0,170.0,2.0,252.0,0.0,125.0,127.0,100.0,174.0,13.0,31.0,10.933470861268695,2.5344433802401825,3.7132542547705003,44.21052631578947
2017-18,E92000001,England,England,National,50<71,C1,11279.0,8960.0,2312.0,2203.0,109.0,4772.0,7.0,2337.0,2435.0,1671.0,1984.0,192.0,341.0,7.708673778685404,1.5801448511677147,3.2614408433271342,53.25892857142858
2017-18,E92000001,England,England,National,50<71,C2,1336.0,1066.0,270.0,258.0,12.0,490.0,0.0,249.0,241.0,205.0,271.0,41.0,59.0,10.38298930614275,2.098358617259388,3.8081323053966676,45.96622889305816
2017-18,E92000001,England,England,National,50<71,D,20.0,14.0,6.0,4.0,2.0,8.0,0.0,7.0,1.0,1.0,2.0,1.0,2.0,37.950664136622386,11.385199240986717,15.180265654648956,57.14285714285714
2017-18,E92000001,England,England,National,50<71,E,155.0,122.0,33.0,31.0,2.0,53.0,0.0,24.0,29.0,20.0,37.0,6.0,6.0,11.731759006963367,2.497729336966394,4.011504692703602,43.44262295081967
2017-18,E92000001,England,England,National,50<71,F1,223.0,178.0,45.0,43.0,2.0,80.0,0.0,46.0,34.0,32.0,48.0,5.0,13.0,9.068727124847499,1.830012200081334,3.253355022366816,44.9438202247191
2017-18,E92000001,England,England,National,50<71,F2,53.0,44.0,9.0,9.0,0.0,20.0,0.0,11.0,9.0,9.0,10.0,1.0,4.0,12.84848484848485,2.181818181818182,4.848484848484849,45.45454545454545
2017-18,E92000001,England,England,National,53-54,A,33.0,26.0,7.0,7.0,0.0,10.0,0.0,1.0,9.0,8.0,4.0,1.0,3.0,9.59023539668701,2.034292356873002,2.906131938390003,38.46153846153847
2017-18,E92000001,England,England,National,53-54,A to F2,1294.0,986.0,307.0,296.0,11.0,463.0,1.0,208.0,255.0,182.0,255.0,29.0,57.0,6.3011297234125445,1.4949357226334241,2.25457732761979,46.95740365111562
2017-18,E92000001,England,England,National,53-54,B,194.0,149.0,45.0,45.0,0.0,62.0,0.0,27.0,35.0,29.0,48.0,4.0,6.0,10.792767732962448,2.5034770514603615,3.4492350486787204,41.61073825503356
2017-18,E92000001,England,England,National,53-54,C1,949.0,712.0,236.0,226.0,10.0,349.0,1.0,157.0,192.0,130.0,172.0,22.0,39.0,5.591595519653073,1.390533764634484,2.0563401858365884,49.01685393258427
2017-18,E92000001,England,England,National,53-54,C2,69.0,63.0,6.0,6.0,0.0,29.0,0.0,16.0,13.0,10.0,18.0,2.0,4.0,7.670075589150733,0.6669630947087594,3.223654957759004,46.03174603174603
2017-18,E92000001,England,England,National,53-54,D,1.0,0.0,1.0,0.0,1.0,0.0,0.0,0.0,0.0,0.0,0.0,0.0,0.0,12.5,12.5,0.0,z
2017-18,E92000001,England,England,National,53-54,E,18.0,10.0,8.0,8.0,0.0,3.0,0.0,1.0,2.0,0.0,6.0,0.0,1.0,8.853910477127398,3.9350713231677323,1.4756517461878995,30.0
2017-18,E92000001,England,England,National,53-54,F1,28.0,25.0,3.0,3.0,0.0,10.0,0.0,6.0,4.0,5.0,6.0,0.0,4.0,9.507640067911714,1.0186757215619693,3.395585738539898,40.0
2017-18,E92000001,England,England,National,53-54,F2,2.0,1.0,1.0,1.0,0.0,0.0,0.0,0.0,0.0,0.0,1.0,0.0,0.0,11.695906432748536,5.847953216374268,0.0,0.0
2017-18,E92000001,England,England,National,55-59,A,49.0,35.0,14.0,14.0,0.0,13.0,0.0,6.0,7.0,9.0,8.0,0.0,5.0,11.403304631138003,3.2580870374680013,3.025366534791715,37.142857142857146
2017-18,E92000001,England,England,National,55-59,A to F2,3181.0,2472.0,706.0,672.0,34.0,1241.0,3.0,579.0,662.0,483.0,577.0,66.0,105.0,6.800277911389022,1.5092726203837314,2.6529848752070975,50.202265372168284
2017-18,E92000001,England,England,National,55-59,B,197.0,155.0,42.0,40.0,2.0,67.0,0.0,31.0,36.0,30.0,42.0,6.0,10.0,11.722004046173986,2.4991074616208495,3.986671426871356,43.225806451612904
2017-18,E92000001,England,England,National,55-59,C1,2501.0,1936.0,562.0,532.0,30.0,999.0,3.0,465.0,534.0,371.0,441.0,51.0,74.0,6.294420842813135,1.4144200374494131,2.5142448708397933,51.60123966942148
2017-18,E92000001,England,England,National,55-59,C2,327.0,254.0,73.0,71.0,2.0,120.0,0.0,55.0,65.0,54.0,60.0,7.0,13.0,8.460762244818754,1.8887940179564802,3.10486687883257,47.24409448818898
2017-18,E92000001,England,England,National,55-59,D,2.0,2.0,0.0,0.0,0.0,1.0,0.0,1.0,0.0,0.0,0.0,1.0,0.0,17.241379310344826,0.0,8.620689655172413,50.0
2017-18,E92000001,England,England,National,55-59,E,41.0,38.0,3.0,3.0,0.0,14.0,0.0,7.0,7.0,10.0,11.0,1.0,2.0,17.446808510638295,1.276595744680851,5.957446808510639,36.84210526315789
2017-18,E92000001,England,England,National,55-59,F1,48.0,39.0,9.0,9.0,0.0,21.0,0.0,11.0,10.0,5.0,13.0,0.0,0.0,6.792132446582708,1.273524833734258,2.971557945379935,53.84615384615385
2017-18,E92000001,England,England,National,55-59,F2,16.0,13.0,3.0,3.0,0.0,6.0,0.0,3.0,3.0,4.0,2.0,0.0,1.0,13.86481802426343,2.5996533795493937,5.199306759098787,46.15384615384615
2017-18,E92000001,England,England,National,60-64,A,27.0,23.0,4.0,4.0,0.0,8.0,0.0,5.0,3.0,6.0,5.0,1.0,3.0,10.731319554848966,1.589825119236884,3.179650238473768,34.78260869565217
2017-18,E92000001,England,England,National,60-64,A to F2,3373.0,2722.0,651.0,621.0,30.0,1425.0,0.0,712.0,713.0,497.0,615.0,65.0,120.0,8.447473146151554,1.6303898660375518,3.5688257436305855,52.35121234386481
2017-18,E92000001,England,England,National,60-64,B,73.0,57.0,16.0,16.0,0.0,27.0,0.0,14.0,13.0,6.0,20.0,0.0,4.0,13.662736290473516,2.994572337638031,5.053340819764178,47.368421052631575
2017-18,E92000001,England,England,National,60-64,C1,2817.0,2277.0,540.0,517.0,23.0,1233.0,0.0,611.0,622.0,415.0,497.0,44.0,88.0,8.12888481049916,1.5582526793289126,3.5580102844676835,54.1501976284585
2017-18,E92000001,England,England,National,60-64,C2,379.0,307.0,72.0,68.0,4.0,131.0,0.0,69.0,62.0,60.0,78.0,17.0,21.0,10.255438900313885,1.9482627990042212,3.5447559259660135,42.671009771986974
2017-18,E92000001,England,England,National,60-64,D,3.0,1.0,2.0,2.0,0.0,1.0,0.0,1.0,0.0,0.0,0.0,0.0,0.0,35.714285714285715,23.809523809523807,11.904761904761903,100.0
2017-18,E92000001,England,England,National,60-64,E,15.0,10.0,5.0,3.0,2.0,3.0,0.0,0.0,3.0,2.0,2.0,1.0,2.0,13.368983957219251,4.45632798573975,2.6737967914438503,30.0
2017-18,E92000001,England,England,National,60-64,F1,45.0,35.0,10.0,9.0,1.0,18.0,0.0,10.0,8.0,5.0,10.0,1.0,1.0,8.214676889375685,1.8254837531945967,3.2858707557502735,51.42857142857142
2017-18,E92000001,England,England,National,60-64,F2,14.0,12.0,2.0,2.0,0.0,4.0,0.0,2.0,2.0,3.0,3.0,1.0,1.0,11.2,1.6,3.2,33.33333333333333
2017-18,E92000001,England,England,National,65-70,A,20.0,16.0,4.0,4.0,0.0,9.0,0.0,6.0,3.0,2.0,3.0,0.0,2.0,10.526315789473683,2.1052631578947367,4.736842105263158,56.25
2017-18,E92000001,England,England,National,65-70,A to F2,5065.0,4108.0,955.0,907.0,48.0,2232.0,2.0,1136.0,1096.0,761.0,881.0,76.0,158.0,11.035531579268453,2.080736951273716,4.863041754181083,54.33300876338851
2017-18,E92000001,England,England,National,65-70,B,81.0,63.0,18.0,18.0,0.0,23.0,0.0,13.0,10.0,12.0,20.0,1.0,7.0,27.045075125208683,6.010016694490818,7.679465776293823,36.507936507936506
2017-18,E92000001,England,England,National,65-70,C1,4290.0,3488.0,800.0,760.0,40.0,1945.0,2.0,980.0,965.0,650.0,718.0,57.0,118.0,10.58328975024423,1.9735738461993901,4.798251413572268,55.762614678899084
2017-18,E92000001,England,England,National,65-70,C2,540.0,429.0,111.0,105.0,6.0,205.0,0.0,105.0,100.0,78.0,112.0,14.0,20.0,13.78394935674903,2.8333673677761895,5.232795589136206,47.785547785547784
2017-18,E92000001,England,England,National,65-70,D,8.0,7.0,1.0,0.0,1.0,3.0,0.0,3.0,0.0,1.0,1.0,0.0,2.0,68.9655172413793,8.620689655172413,25.862068965517242,42.857142857142854
2017-18,E92000001,England,England,National,65-70,E,16.0,15.0,1.0,1.0,0.0,8.0,0.0,5.0,3.0,1.0,5.0,1.0,0.0,18.223234624145785,1.1389521640091116,9.111617312072893,53.333333333333336
2017-18,E92000001,England,England,National,65-70,F1,90.0,73.0,17.0,16.0,1.0,30.0,0.0,18.0,12.0,15.0,18.0,3.0,7.0,12.74606996176179,2.407590992777227,4.248689987253931,41.0958904109589
2017-18,E92000001,England,England,National,65-70,F2,20.0,17.0,3.0,3.0,0.0,9.0,0.0,6.0,3.0,2.0,4.0,0.0,2.0,13.422818791946309,2.0134228187919465,6.040268456375839,52.94117647058824
2017-18,E92000001,England,England,National,Over 70,A,0.0,0.0,0.0,0.0,0.0,0.0,0.0,0.0,0.0,0.0,0.0,0.0,0.0,0.0,0.0,0.0,z
2017-18,E92000001,England,England,National,Over 70,A to F2,2104.0,1720.0,383.0,371.0,12.0,892.0,1.0,434.0,458.0,304.0,374.0,50.0,100.0,14.581340873494392,2.654303020222601,6.181823222032794,51.86046511627907
2017-18,E92000001,England,England,National,Over 70,B,8.0,8.0,0.0,0.0,0.0,2.0,0.0,1.0,1.0,2.0,3.0,1.0,0.0,25.31645569620253,0.0,6.329113924050633,25.0
2017-18,E92000001,England,England,National,Over 70,C1,742.0,590.0,151.0,143.0,8.0,339.0,1.0,175.0,164.0,121.0,103.0,8.0,19.0,11.771238200999445,2.395494566510669,5.377964622828587,57.45762711864407
2017-18,E92000001,England,England,National,Over 70,C2,117.0,94.0,23.0,23.0,0.0,47.0,0.0,21.0,26.0,10.0,24.0,3.0,10.0,15.278140506659703,3.003395142334813,6.137372682162445,50.0
2017-18,E92000001,England,England,National,Over 70,D,5.0,5.0,0.0,0.0,0.0,2.0,0.0,1.0,1.0,1.0,1.0,0.0,1.0,81.96721311475409,0.0,32.786885245901644,40.0
2017-18,E92000001,England,England,National,Over 70,E,40.0,33.0,7.0,7.0,0.0,11.0,0.0,3.0,8.0,4.0,13.0,1.0,4.0,23.378141437755698,4.091174751607247,6.428988895382817,33.33333333333333
2017-18,E92000001,England,England,National,Over 70,F1,910.0,755.0,155.0,151.0,4.0,406.0,0.0,198.0,208.0,126.0,155.0,24.0,44.0,15.096468090047942,2.571376432920254,6.735347301713698,53.77483443708609
2017-18,E92000001,England,England,National,Over 70,F2,282.0,235.0,47.0,47.0,0.0,85.0,0.0,35.0,50.0,40.0,75.0,13.0,22.0,25.40311683632105,4.233852806053508,7.656967840735069,36.17021276595745
2018-19,E92000001,England,England,National,45 and over,A,1888.0,1267.0,621.0,595.0,26.0,589.0,0.0,300.0,289.0,219.0,347.0,52.0,60.0,7.2549810747977785,2.3863046861490576,2.263338905220282,46.48776637726914
2018-19,E92000001,England,England,National,45 and over,A to F2,19558.0,15417.0,4128.0,3961.0,167.0,7888.0,13.0,3962.0,3926.0,2726.0,3625.0,418.0,760.0,8.752686266454361,1.8473815782760814,3.53007410112445,51.16429915028864
2018-19,E92000001,England,England,National,45 and over,B,821.0,649.0,172.0,166.0,6.0,270.0,0.0,126.0,144.0,107.0,173.0,38.0,61.0,10.994603136341114,2.3033760529240825,3.6157647342412917,41.60246533127889
2018-19,E92000001,England,England,National,45 and over,C1,12720.0,10098.0,2613.0,2505.0,108.0,5412.0,9.0,2730.0,2682.0,1801.0,2223.0,236.0,426.0,8.007130878820384,1.6448610838331494,3.4068075720264086,53.59477124183007
2018-19,E92000001,England,England,National,45 and over,C2,2049.0,1670.0,377.0,363.0,14.0,803.0,2.0,407.0,396.0,307.0,426.0,43.0,91.0,12.771368200602106,2.3498320212918467,5.005079875589795,48.08383233532934
2018-19,E92000001,England,England,National,45 and over,D,17.0,8.0,9.0,9.0,0.0,6.0,0.0,3.0,3.0,1.0,1.0,0.0,0.0,29.109589041095887,15.410958904109588,10.273972602739725,75.0
2018-19,E92000001,England,England,National,45 and over,E,241.0,187.0,54.0,53.0,1.0,80.0,0.0,38.0,42.0,28.0,66.0,4.0,9.0,11.19316334587339,2.508011704054619,3.7155728948957316,42.780748663101605
2018-19,E92000001,England,England,National,45 and over,F1,1370.0,1155.0,214.0,204.0,10.0,583.0,1.0,287.0,296.0,203.0,275.0,32.0,62.0,12.830718801217515,2.004214469679232,5.460079606649496,50.476190476190474
2018-19,E92000001,England,England,National,45 and over,F2,452.0,383.0,68.0,66.0,2.0,145.0,1.0,71.0,74.0,60.0,114.0,13.0,51.0,20.83429361604056,3.1343627563954826,6.683567642313897,37.85900783289817
2018-19,E92000001,England,England,National,45-49,A,788.0,516.0,272.0,261.0,11.0,226.0,0.0,117.0,109.0,86.0,159.0,24.0,21.0,6.199354889465817,2.1398788450948,1.7779875698214145,43.798449612403104
2018-19,E92000001,England,England,National,45-49,A to F2,902.0,596.0,306.0,295.0,11.0,262.0,0.0,137.0,125.0,100.0,183.0,26.0,25.0,6.071988744606229,2.0598986206757277,1.7637040477681065,43.95973154362416
2018-19,E92000001,England,England,National,45-49,B,29.0,21.0,8.0,8.0,0.0,7.0,0.0,1.0,6.0,5.0,4.0,1.0,4.0,9.666666666666668,2.6666666666666665,2.3333333333333335,33.33333333333333
2018-19,E92000001,England,England,National,45-49,C1,67.0,47.0,20.0,20.0,0.0,24.0,0.0,16.0,8.0,9.0,13.0,1.0,0.0,4.44768985661179,1.327668613913967,1.5932023366967605,51.06382978723404
2018-19,E92000001,England,England,National,45-49,C2,3.0,2.0,1.0,1.0,0.0,2.0,0.0,1.0,1.0,0.0,0.0,0.0,0.0,7.389162561576354,2.4630541871921183,4.926108374384237,100.0
2018-19,E92000001,England,England,National,45-49,D,0.0,0.0,0.0,0.0,0.0,0.0,0.0,0.0,0.0,0.0,0.0,0.0,0.0,0.0,0.0,0.0,z
2018-19,E92000001,England,England,National,45-49,E,15.0,10.0,5.0,5.0,0.0,3.0,0.0,2.0,1.0,0.0,7.0,0.0,0.0,5.345687811831789,1.7818959372772631,1.069137562366358,30.0
2018-19,E92000001,England,England,National,45-49,F1,0.0,0.0,0.0,0.0,0.0,0.0,0.0,0.0,0.0,0.0,0.0,0.0,0.0,0.0,0.0,0.0,z
2018-19,E92000001,England,England,National,45-49,F2,0.0,0.0,0.0,0.0,0.0,0.0,0.0,0.0,0.0,0.0,0.0,0.0,0.0,0.0,0.0,0.0,z
2018-19,E92000001,England,England,National,45-74,A,1888.0,1267.0,621.0,595.0,26.0,589.0,0.0,300.0,289.0,219.0,347.0,52.0,60.0,7.255510806406985,2.3864789252006022,2.2635041657699757,46.48776637726914
2018-19,E92000001,England,England,National,45-74,A to F2,18346.0,14402.0,3932.0,3772.0,160.0,7428.0,12.0,3732.0,3696.0,2558.0,3368.0,387.0,661.0,8.454837636332297,1.8120801038950505,3.4232276225158786,51.57616997639217
2018-19,E92000001,England,England,National,45-74,B,819.0,647.0,172.0,166.0,6.0,269.0,0.0,125.0,144.0,106.0,173.0,38.0,61.0,10.97972972972973,2.305877305877306,3.6062848562848564,41.57650695517774
2018-19,E92000001,England,England,National,45-74,C1,12717.0,10095.0,2613.0,2505.0,108.0,5412.0,9.0,2730.0,2682.0,1799.0,2222.0,236.0,426.0,8.005464136880407,1.6449066438364788,3.406901935110227,53.61069836552749
2018-19,E92000001,England,England,National,45-74,C2,1764.0,1431.0,331.0,319.0,12.0,691.0,2.0,343.0,348.0,261.0,369.0,34.0,76.0,11.849821648092542,2.223520955509428,4.641851904099743,48.2879105520615
2018-19,E92000001,England,England,National,45-74,D,15.0,7.0,8.0,8.0,0.0,5.0,0.0,3.0,2.0,1.0,1.0,0.0,0.0,26.455026455026452,14.109347442680775,8.818342151675484,71.42857142857143
2018-19,E92000001,England,England,National,45-74,E,213.0,164.0,49.0,48.0,1.0,67.0,0.0,32.0,35.0,25.0,61.0,3.0,8.0,10.557620817843866,2.4287484510532837,3.3209417596034694,40.853658536585364
2018-19,E92000001,England,England,National,45-74,F1,784.0,666.0,117.0,111.0,6.0,342.0,1.0,166.0,176.0,124.0,161.0,20.0,19.0,11.725994615614717,1.749925216871074,5.1151660185462156,51.35135135135135
2018-19,E92000001,England,England,National,45-74,F2,146.0,125.0,21.0,20.0,1.0,53.0,0.0,33.0,20.0,23.0,34.0,4.0,11.0,14.499950342635813,2.0856092958585757,5.263680603833549,42.4
2018-19,E92000001,England,England,National,50-52,A,991.0,672.0,319.0,306.0,13.0,328.0,0.0,166.0,162.0,121.0,166.0,27.0,30.0,8.227411976654407,2.6483798391046984,2.72309901951831,48.80952380952381
2018-19,E92000001,England,England,National,50-52,A to F2,2026.0,1456.0,570.0,548.0,22.0,707.0,0.0,331.0,376.0,251.0,370.0,61.0,67.0,6.599434520319483,1.8567017159832702,2.3029616021055648,48.55769230769231
2018-19,E92000001,England,England,National,50-52,B,223.0,174.0,49.0,46.0,3.0,79.0,0.0,32.0,47.0,27.0,46.0,11.0,11.0,8.641736097655494,1.8988568106956016,3.061422204999031,45.40229885057471
2018-19,E92000001,England,England,National,50-52,C1,712.0,540.0,172.0,169.0,3.0,269.0,0.0,119.0,150.0,90.0,137.0,21.0,23.0,4.907873966899423,1.1856100032397483,1.8542389004156528,49.81481481481482
2018-19,E92000001,England,England,National,50-52,C2,21.0,13.0,8.0,6.0,2.0,4.0,0.0,2.0,2.0,1.0,7.0,1.0,0.0,3.928170594837262,1.4964459408903852,0.7482229704451926,30.76923076923077
2018-19,E92000001,England,England,National,50-52,D,1.0,0.0,1.0,1.0,0.0,0.0,0.0,0.0,0.0,0.0,0.0,0.0,0.0,8.403361344537815,8.403361344537815,0.0,z
2018-19,E92000001,England,England,National,50-52,E,68.0,51.0,17.0,16.0,1.0,24.0,0.0,12.0,12.0,12.0,12.0,0.0,3.0,8.782125791037066,2.1955314477592665,3.0995738086013174,47.05882352941176
2018-19,E92000001,England,England,National,50-52,F1,9.0,5.0,4.0,4.0,0.0,3.0,0.0,0.0,3.0,0.0,1.0,1.0,0.0,3.7926675094816686,1.685630004214075,1.2642225031605563,60.0
2018-19,E92000001,England,England,National,50-52,F2,1.0,1.0,0.0,0.0,0.0,0.0,0.0,0.0,0.0,0.0,1.0,0.0,0.0,11.627906976744185,0.0,0.0,0.0
2018-19,E92000001,England,England,National,50<71,A,1098.0,749.0,349.0,334.0,15.0,362.0,0.0,182.0,180.0,133.0,187.0,28.0,39.0,8.258930250400535,2.6251062453458895,2.722889572536424,48.33110814419226
2018-19,E92000001,England,England,National,50<71,A to F2,15285.0,12038.0,3241.0,3105.0,136.0,6247.0,6.0,3117.0,3130.0,2124.0,2804.0,319.0,544.0,8.183660947473586,1.7352466555944972,3.344673205028949,51.89400232596777
2018-19,E92000001,England,England,National,50<71,B,777.0,615.0,162.0,156.0,6.0,257.0,0.0,121.0,136.0,101.0,167.0,35.0,55.0,10.927962645213919,2.2784169221681525,3.6145256110939217,41.78861788617886
2018-19,E92000001,England,England,National,50<71,C1,11519.0,9157.0,2357.0,2256.0,101.0,4919.0,5.0,2462.0,2457.0,1618.0,2028.0,220.0,372.0,7.770276651259677,1.5899420146730667,3.3181691854801936,53.71846674675111
2018-19,E92000001,England,England,National,50<71,C2,1365.0,1090.0,274.0,263.0,11.0,522.0,1.0,252.0,270.0,200.0,288.0,25.0,55.0,10.485240008296016,2.104729496170775,4.009740135040674,47.88990825688074
2018-19,E92000001,England,England,National,50<71,D,12.0,5.0,7.0,7.0,0.0,3.0,0.0,2.0,1.0,1.0,1.0,0.0,0.0,25.31645569620253,14.767932489451477,6.329113924050633,60.0
2018-19,E92000001,England,England,National,50<71,E,180.0,141.0,39.0,38.0,1.0,60.0,0.0,29.0,31.0,24.0,48.0,1.0,8.0,11.072153533862336,2.3989665990035065,3.690717844620779,42.5531914893617
2018-19,E92000001,England,England,National,50<71,F1,255.0,212.0,43.0,41.0,2.0,95.0,0.0,51.0,44.0,38.0,63.0,8.0,8.0,8.887185027707106,1.4986233576133552,3.3109120691457847,44.81132075471698
2018-19,E92000001,England,England,National,50<71,F2,79.0,69.0,10.0,10.0,0.0,29.0,0.0,18.0,11.0,9.0,22.0,2.0,7.0,13.992206872121855,1.7711654268508679,5.136379737867517,42.028985507246375
2018-19,E92000001,England,England,National,53-54,A,20.0,14.0,6.0,5.0,1.0,7.0,0.0,2.0,5.0,4.0,2.0,0.0,1.0,5.557099194220617,1.667129758266185,1.944984717977216,50.0
2018-19,E92000001,England,England,National,53-54,A to F2,1277.0,981.0,295.0,287.0,8.0,480.0,1.0,250.0,230.0,181.0,241.0,35.0,44.0,6.001193659506276,1.386336828155326,2.255734500049344,48.92966360856269
2018-19,E92000001,England,England,National,53-54,B,163.0,126.0,37.0,37.0,0.0,61.0,0.0,36.0,25.0,21.0,27.0,8.0,9.0,9.088374686367438,2.063005296905492,3.401170894898244,48.41269841269841
2018-19,E92000001,England,England,National,53-54,C1,970.0,742.0,227.0,220.0,7.0,365.0,1.0,188.0,177.0,141.0,177.0,26.0,33.0,5.562660213216192,1.3017771839176038,2.093165956519495,49.19137466307278
2018-19,E92000001,England,England,National,53-54,C2,73.0,59.0,14.0,14.0,0.0,27.0,0.0,15.0,12.0,12.0,19.0,1.0,0.0,6.937844516251663,1.3305455236647026,2.5660520813533547,45.76271186440678
2018-19,E92000001,England,England,National,53-54,D,1.0,0.0,1.0,1.0,0.0,0.0,0.0,0.0,0.0,0.0,0.0,0.0,0.0,16.129032258064516,16.129032258064516,0.0,z
2018-19,E92000001,England,England,National,53-54,E,29.0,21.0,8.0,8.0,0.0,11.0,0.0,5.0,6.0,1.0,8.0,0.0,1.0,11.266511266511266,3.108003108003108,4.273504273504274,52.38095238095239
2018-19,E92000001,England,England,National,53-54,F1,20.0,18.0,2.0,2.0,0.0,9.0,0.0,4.0,5.0,1.0,8.0,0.0,0.0,5.844535359438924,0.5844535359438924,2.6300409117475163,50.0
2018-19,E92000001,England,England,National,53-54,F2,1.0,1.0,0.0,0.0,0.0,0.0,0.0,0.0,0.0,1.0,0.0,0.0,0.0,3.3333333333333335,0.0,0.0,0.0
2018-19,E92000001,England,England,National,55-59,A,45.0,33.0,12.0,11.0,1.0,18.0,0.0,9.0,9.0,3.0,9.0,0.0,3.0,10.211027910142954,2.722940776038121,4.084411164057181,54.54545454545454
2018-19,E92000001,England,England,National,55-59,A to F2,3295.0,2553.0,740.0,707.0,33.0,1271.0,2.0,621.0,650.0,453.0,615.0,88.0,126.0,6.92295247639998,1.554775366475261,2.670431744310888,49.78456717587152
2018-19,E92000001,England,England,National,55-59,B,209.0,162.0,47.0,45.0,2.0,63.0,0.0,28.0,35.0,28.0,46.0,9.0,16.0,11.698197693943804,2.6306951751931043,3.526250979514161,38.88888888888889
2018-19,E92000001,England,England,National,55-59,C1,2624.0,2031.0,591.0,565.0,26.0,1034.0,2.0,511.0,523.0,374.0,467.0,67.0,89.0,6.535068712860437,1.471884759641966,2.5751757046866204,50.910881339241755
2018-19,E92000001,England,England,National,55-59,C2,290.0,221.0,69.0,65.0,4.0,114.0,0.0,48.0,66.0,30.0,57.0,8.0,12.0,7.509646010824248,1.7867778439547348,2.9520677421860837,51.58371040723983
2018-19,E92000001,England,England,National,55-59,D,3.0,3.0,0.0,0.0,0.0,1.0,0.0,1.0,0.0,1.0,1.0,0.0,0.0,26.785714285714285,0.0,8.928571428571429,33.33333333333333
2018-19,E92000001,England,England,National,55-59,E,42.0,34.0,8.0,8.0,0.0,10.0,0.0,3.0,7.0,3.0,19.0,0.0,2.0,13.215859030837004,2.5173064820641913,3.1466331025802394,29.411764705882355
2018-19,E92000001,England,England,National,55-59,F1,69.0,60.0,9.0,9.0,0.0,27.0,0.0,18.0,9.0,13.0,13.0,3.0,4.0,8.044770898915706,1.0493179433368311,3.1479538300104934,45.0
2018-19,E92000001,England,England,National,55-59,F2,13.0,9.0,4.0,4.0,0.0,4.0,0.0,3.0,1.0,1.0,3.0,1.0,0.0,7.784431137724551,2.395209580838323,2.395209580838323,44.44444444444444
2018-19,E92000001,England,England,National,60-64,A,27.0,17.0,10.0,10.0,0.0,4.0,0.0,3.0,1.0,2.0,7.0,1.0,3.0,10.078387458006718,3.732736095558044,1.4930944382232176,23.52941176470588
2018-19,E92000001,England,England,National,60-64,A to F2,3602.0,2931.0,668.0,636.0,32.0,1549.0,3.0,774.0,775.0,516.0,676.0,65.0,125.0,8.800476916461436,1.6320706774559242,3.784547124819202,52.84885704537701
2018-19,E92000001,England,England,National,60-64,B,103.0,88.0,15.0,15.0,0.0,28.0,0.0,14.0,14.0,13.0,35.0,3.0,9.0,16.932434653953642,2.465888541837909,4.602991944764097,31.818181818181817
2018-19,E92000001,England,England,National,60-64,C1,2940.0,2390.0,548.0,521.0,27.0,1313.0,2.0,650.0,663.0,411.0,525.0,49.0,92.0,8.313421651656322,1.549576552757709,3.712762798851956,54.937238493723854
2018-19,E92000001,England,England,National,60-64,C2,403.0,328.0,74.0,70.0,4.0,159.0,1.0,81.0,78.0,72.0,75.0,8.0,14.0,10.926443076756229,2.006344386302633,4.310929154352954,48.47560975609756
2018-19,E92000001,England,England,National,60-64,D,3.0,1.0,2.0,2.0,0.0,1.0,0.0,0.0,1.0,0.0,0.0,0.0,0.0,36.58536585365854,24.390243902439025,12.195121951219512,100.0
2018-19,E92000001,England,England,National,60-64,E,25.0,21.0,4.0,4.0,0.0,8.0,0.0,5.0,3.0,4.0,7.0,1.0,1.0,15.842839036755388,2.5348542458808616,5.069708491761723,38.095238095238095
2018-19,E92000001,England,England,National,60-64,F1,71.0,57.0,14.0,13.0,1.0,24.0,0.0,14.0,10.0,11.0,17.0,3.0,2.0,10.612855007473842,2.0926756352765326,3.587443946188341,42.10526315789473
2018-19,E92000001,England,England,National,60-64,F2,30.0,29.0,1.0,1.0,0.0,12.0,0.0,7.0,5.0,3.0,10.0,0.0,4.0,18.115942028985508,0.6038647342995169,7.246376811594203,41.37931034482759
2018-19,E92000001,England,England,National,65-70,A,15.0,13.0,2.0,2.0,0.0,5.0,0.0,2.0,3.0,3.0,3.0,0.0,2.0,8.282716731087797,1.1043622308117063,2.7609055770292654,38.46153846153847
2018-19,E92000001,England,England,National,65-70,A to F2,5085.0,4117.0,968.0,927.0,41.0,2240.0,0.0,1141.0,1099.0,723.0,902.0,70.0,182.0,10.989604720019019,2.0920230814116834,4.841045147068358,54.40854991498664
2018-19,E92000001,England,England,National,65-70,B,79.0,65.0,14.0,13.0,1.0,26.0,0.0,11.0,15.0,12.0,13.0,4.0,10.0,23.14679167887489,4.101963082332259,7.6179314386170525,40.0
2018-19,E92000001,England,England,National,65-70,C1,4273.0,3454.0,819.0,781.0,38.0,1938.0,0.0,994.0,944.0,602.0,722.0,57.0,135.0,10.47758463843383,2.008224156067706,4.7520615561162565,56.108859293572664
2018-19,E92000001,England,England,National,65-70,C2,578.0,469.0,109.0,108.0,1.0,218.0,0.0,106.0,112.0,85.0,130.0,7.0,29.0,14.891150328481256,2.808192709004251,5.616385418008502,46.481876332622605
2018-19,E92000001,England,England,National,65-70,D,4.0,1.0,3.0,3.0,0.0,1.0,0.0,1.0,0.0,0.0,0.0,0.0,0.0,40.40404040404041,30.303030303030305,10.101010101010102,100.0
2018-19,E92000001,England,England,National,65-70,E,16.0,14.0,2.0,2.0,0.0,7.0,0.0,4.0,3.0,4.0,2.0,0.0,1.0,13.513513513513514,1.6891891891891893,5.912162162162162,50.0
2018-19,E92000001,England,England,National,65-70,F1,86.0,72.0,14.0,13.0,1.0,32.0,0.0,15.0,17.0,13.0,24.0,1.0,2.0,11.269820469139038,1.8346219368365875,4.1934215699122,44.44444444444444
2018-19,E92000001,England,England,National,65-70,F2,34.0,29.0,5.0,5.0,0.0,13.0,0.0,8.0,5.0,4.0,8.0,1.0,3.0,17.580144777662873,2.5853154084798344,6.72182006204757,44.827586206896555
2018-19,E92000001,England,England,National,Over 70,A,2.0,2.0,0.0,0.0,0.0,1.0,0.0,1.0,0.0,0.0,1.0,0.0,0.0,11.235955056179774,0.0,5.617977528089887,50.0
2018-19,E92000001,England,England,National,Over 70,A to F2,3371.0,2783.0,581.0,561.0,20.0,1379.0,7.0,708.0,671.0,502.0,638.0,73.0,191.0,15.447925688649372,2.662487340582998,6.31939766379338,49.55084441250449
2018-19,E92000001,England,England,National,Over 70,B,15.0,13.0,2.0,2.0,0.0,6.0,0.0,4.0,2.0,1.0,2.0,2.0,2.0,26.26970227670753,3.502626970227671,10.507880910683012,46.15384615384615
2018-19,E92000001,England,England,National,Over 70,C1,1134.0,894.0,236.0,229.0,7.0,469.0,4.0,252.0,217.0,174.0,182.0,15.0,54.0,12.451139707497035,2.5912424788089066,5.149545434582107,52.46085011185683
2018-19,E92000001,England,England,National,Over 70,C2,681.0,578.0,102.0,99.0,3.0,279.0,1.0,154.0,125.0,107.0,138.0,18.0,36.0,22.81559903511123,3.4173143929241494,9.347359957116055,48.26989619377163
2018-19,E92000001,England,England,National,Over 70,D,5.0,3.0,2.0,2.0,0.0,3.0,0.0,1.0,2.0,0.0,0.0,0.0,0.0,79.36507936507937,31.746031746031743,47.61904761904761,100.0
2018-19,E92000001,England,England,National,Over 70,E,46.0,36.0,10.0,10.0,0.0,17.0,0.0,7.0,10.0,4.0,11.0,3.0,1.0,18.638573743922205,4.051863857374392,6.888168557536467,47.22222222222222
2018-19,E92000001,England,England,National,Over 70,F1,1115.0,943.0,171.0,163.0,8.0,488.0,1.0,236.0,252.0,165.0,212.0,24.0,54.0,14.300738764621384,2.193207469731172,6.258978042273753,51.74973488865323
2018-19,E92000001,England,England,National,Over 70,F2,373.0,314.0,58.0,56.0,2.0,116.0,1.0,53.0,63.0,51.0,92.0,11.0,44.0,23.247117482081645,3.6148332813960735,7.229666562792147,36.94267515923567
2019-20,E92000001,England,England,National,45 and over,A,1874.0,1324.0,550.0,528.0,22.0,580.0,0.0,297.0,283.0,272.0,357.0,51.0,64.0,7.226620494448922,2.120939846289705,2.236627474269143,43.80664652567976
2019-20,E92000001,England,England,National,45 and over,A to F2,17771.0,14022.0,3742.0,3584.0,158.0,7092.0,7.0,3483.0,3609.0,2580.0,3317.0,410.0,623.0,8.36838013382062,1.7621112183195524,3.339629278546837,50.57766367137355
2019-20,E92000001,England,England,National,45 and over,B,752.0,585.0,167.0,163.0,4.0,230.0,0.0,100.0,130.0,112.0,186.0,31.0,26.0,10.253892934086013,2.277127819138782,3.1361640622869453,39.31623931623932
2019-20,E92000001,England,England,National,45 and over,C1,11950.0,9518.0,2427.0,2318.0,109.0,5024.0,5.0,2481.0,2543.0,1772.0,2112.0,245.0,365.0,7.796088255633407,1.583356167064626,3.277619028979267,52.784198361000215
2019-20,E92000001,England,England,National,45 and over,C2,1441.0,1145.0,296.0,285.0,11.0,548.0,0.0,252.0,296.0,183.0,299.0,44.0,71.0,10.78245774189445,2.2148559969470902,4.1004766429966395,47.86026200873362
2019-20,E92000001,England,England,National,45 and over,D,25.0,17.0,8.0,8.0,0.0,12.0,0.0,9.0,3.0,0.0,3.0,0.0,2.0,43.936731107205624,14.0597539543058,21.0896309314587,70.58823529411765
2019-20,E92000001,England,England,National,45 and over,E,177.0,136.0,41.0,40.0,1.0,53.0,0.0,33.0,20.0,26.0,41.0,11.0,5.0,10.784134527508682,2.4980198623042713,3.2291476268811308,38.970588235294116
2019-20,E92000001,England,England,National,45 and over,F1,1157.0,967.0,189.0,180.0,9.0,514.0,1.0,246.0,268.0,156.0,214.0,21.0,62.0,12.885334996436208,2.104864575908767,5.724340698503207,53.1540847983454
2019-20,E92000001,England,England,National,45 and over,F2,395.0,330.0,64.0,62.0,2.0,131.0,1.0,65.0,66.0,59.0,105.0,7.0,28.0,22.322690025430912,3.6168409155128565,7.403221248940379,39.696969696969695
2019-20,E92000001,England,England,National,45-49,A,708.0,493.0,215.0,207.0,8.0,218.0,0.0,113.0,105.0,100.0,139.0,15.0,21.0,6.234150464919695,1.8931389123696818,1.9195548041701886,44.21906693711968
2019-20,E92000001,England,England,National,45-49,A to F2,798.0,552.0,246.0,237.0,9.0,247.0,0.0,131.0,116.0,109.0,153.0,18.0,25.0,6.068256478890376,1.8706655310865068,1.8782698625136878,44.7463768115942
2019-20,E92000001,England,England,National,45-49,B,17.0,10.0,7.0,7.0,0.0,4.0,0.0,3.0,1.0,1.0,4.0,1.0,0.0,6.540977298961138,2.6933435936898804,1.5390534821085033,40.0
2019-20,E92000001,England,England,National,45-49,C1,66.0,43.0,23.0,23.0,0.0,24.0,0.0,14.0,10.0,6.0,8.0,2.0,3.0,5.0,1.7424242424242424,1.8181818181818181,55.81395348837209
2019-20,E92000001,England,England,National,45-49,C2,0.0,0.0,0.0,0.0,0.0,0.0,0.0,0.0,0.0,0.0,0.0,0.0,0.0,0.0,0.0,0.0,z
2019-20,E92000001,England,England,National,45-49,D,0.0,0.0,0.0,0.0,0.0,0.0,0.0,0.0,0.0,0.0,0.0,0.0,0.0,0.0,0.0,0.0,z
2019-20,E92000001,England,England,National,45-49,E,6.0,5.0,1.0,0.0,1.0,0.0,0.0,0.0,0.0,2.0,2.0,0.0,1.0,3.426613363792119,0.5711022272986864,0.0,0.0
2019-20,E92000001,England,England,National,45-49,F1,1.0,1.0,0.0,0.0,0.0,1.0,0.0,1.0,0.0,0.0,0.0,0.0,0.0,14.084507042253522,0.0,14.084507042253522,100.0
2019-20,E92000001,England,England,National,45-49,F2,0.0,0.0,0.0,0.0,0.0,0.0,0.0,0.0,0.0,0.0,0.0,0.0,0.0,0.0,0.0,0.0,z
2019-20,E92000001,England,England,National,45-74,A,1874.0,1324.0,550.0,528.0,22.0,580.0,0.0,297.0,283.0,272.0,357.0,51.0,64.0,7.226676230251005,2.1209562041825256,2.236644724410663,43.80664652567976
2019-20,E92000001,England,England,National,45-74,A to F2,16948.0,13338.0,3605.0,3450.0,155.0,6786.0,5.0,3325.0,3461.0,2470.0,3135.0,391.0,556.0,8.15505184482305,1.734656708790836,3.2652927672273546,50.877192982456144
2019-20,E92000001,England,England,National,45-74,B,752.0,585.0,167.0,163.0,4.0,230.0,0.0,100.0,130.0,112.0,186.0,31.0,26.0,10.253892934086013,2.277127819138782,3.1361640622869453,39.31623931623932
2019-20,E92000001,England,England,National,45-74,C1,11950.0,9518.0,2427.0,2318.0,109.0,5024.0,5.0,2481.0,2543.0,1772.0,2112.0,245.0,365.0,7.796093341744851,1.5833572000347071,3.277621167274153,52.784198361000215
2019-20,E92000001,England,England,National,45-74,C2,1440.0,1144.0,296.0,285.0,11.0,548.0,0.0,252.0,296.0,183.0,299.0,43.0,71.0,10.776023348050588,2.2150714659881765,4.10087555189703,47.9020979020979
2019-20,E92000001,England,England,National,45-74,D,21.0,15.0,6.0,6.0,0.0,10.0,0.0,7.0,3.0,0.0,3.0,0.0,2.0,39.473684210526315,11.278195488721805,18.796992481203006,66.66666666666666
2019-20,E92000001,England,England,National,45-74,E,155.0,118.0,37.0,36.0,1.0,47.0,0.0,29.0,18.0,23.0,35.0,9.0,4.0,10.057098364910459,2.4007267064624966,3.0495717622631715,39.83050847457627
2019-20,E92000001,England,England,National,45-74,F1,638.0,539.0,99.0,92.0,7.0,304.0,0.0,143.0,161.0,89.0,117.0,11.0,18.0,11.5433327302334,1.7912068029672517,5.500271394970146,56.400742115027825
2019-20,E92000001,England,England,National,45-74,F2,118.0,95.0,23.0,22.0,1.0,43.0,0.0,16.0,27.0,19.0,26.0,1.0,6.0,14.931038846007844,2.910287232696444,5.440971782867266,45.26315789473684
2019-20,E92000001,England,England,National,50-52,A,1034.0,736.0,298.0,287.0,11.0,326.0,0.0,171.0,155.0,153.0,195.0,30.0,32.0,7.870659338986405,2.268333155723355,2.481465130086623,44.29347826086957
2019-20,E92000001,England,England,National,50-52,A to F2,1980.0,1449.0,531.0,511.0,20.0,653.0,0.0,314.0,339.0,297.0,389.0,60.0,50.0,6.613049751509646,1.7734997060866777,2.180970448351413,45.0655624568668
2019-20,E92000001,England,England,National,50-52,B,191.0,145.0,46.0,44.0,2.0,60.0,0.0,22.0,38.0,27.0,46.0,8.0,4.0,7.705652156372293,1.855811514100133,2.420623714043652,41.37931034482759
2019-20,E92000001,England,England,National,50-52,C1,665.0,500.0,165.0,159.0,6.0,236.0,0.0,105.0,131.0,106.0,129.0,16.0,13.0,5.0939118178754175,1.2639029322548028,1.80776419401293,47.199999999999996
2019-20,E92000001,England,England,National,50-52,C2,29.0,23.0,6.0,5.0,1.0,13.0,0.0,7.0,6.0,3.0,6.0,1.0,0.0,6.061872909698997,1.254180602006689,2.717391304347826,56.52173913043478
2019-20,E92000001,England,England,National,50-52,D,3.0,1.0,2.0,2.0,0.0,1.0,0.0,1.0,0.0,0.0,0.0,0.0,0.0,25.210084033613445,16.80672268907563,8.403361344537815,100.0
2019-20,E92000001,England,England,National,50-52,E,46.0,35.0,11.0,11.0,0.0,15.0,0.0,8.0,7.0,6.0,8.0,5.0,1.0,8.174871156921983,1.954860494046561,2.665718855518038,42.857142857142854
2019-20,E92000001,England,England,National,50-52,F1,11.0,8.0,3.0,3.0,0.0,2.0,0.0,0.0,2.0,1.0,5.0,0.0,0.0,5.228136882129277,1.4258555133079849,0.9505703422053232,25.0
2019-20,E92000001,England,England,National,50-52,F2,1.0,1.0,0.0,0.0,0.0,0.0,0.0,0.0,0.0,1.0,0.0,0.0,0.0,15.384615384615385,0.0,0.0,0.0
2019-20,E92000001,England,England,National,50<71,A,1155.0,821.0,334.0,320.0,14.0,360.0,0.0,184.0,176.0,171.0,216.0,36.0,38.0,7.953559476098004,2.299990359321847,2.4790315250175596,43.8489646772229
2019-20,E92000001,England,England,National,50<71,A to F2,14679.0,11563.0,3112.0,2981.0,131.0,5864.0,4.0,2874.0,2990.0,2156.0,2729.0,344.0,470.0,7.998047210218584,1.6956143414537932,3.1950779236134457,50.71348266020929
2019-20,E92000001,England,England,National,50<71,B,721.0,564.0,157.0,153.0,4.0,224.0,0.0,97.0,127.0,109.0,179.0,27.0,25.0,10.24438761011651,2.230747371412333,3.182722364308042,39.71631205673759
2019-20,E92000001,England,England,National,50<71,C1,11021.0,8762.0,2255.0,2154.0,101.0,4598.0,4.0,2262.0,2336.0,1643.0,1962.0,227.0,332.0,7.595739328506594,1.5541595305128726,3.1689691890457596,52.476603515179185
2019-20,E92000001,England,England,National,50<71,C2,1343.0,1066.0,277.0,270.0,7.0,511.0,0.0,239.0,272.0,169.0,280.0,41.0,65.0,10.562244889934016,2.1785121627041866,4.018843736974149,47.93621013133208
2019-20,E92000001,England,England,National,50<71,D,17.0,12.0,5.0,5.0,0.0,8.0,0.0,6.0,2.0,0.0,3.0,0.0,1.0,37.61061946902655,11.061946902654867,17.699115044247787,66.66666666666666
2019-20,E92000001,England,England,National,50<71,E,142.0,107.0,35.0,35.0,0.0,43.0,0.0,25.0,18.0,21.0,32.0,9.0,2.0,10.997521685254027,2.7106567534076826,3.3302354399008673,40.18691588785047
2019-20,E92000001,England,England,National,50<71,F1,215.0,179.0,36.0,31.0,5.0,99.0,0.0,52.0,47.0,33.0,39.0,3.0,5.0,9.22153120308814,1.5440703409822,4.24619343770105,55.3072625698324
2019-20,E92000001,England,England,National,50<71,F2,65.0,52.0,13.0,13.0,0.0,21.0,0.0,9.0,12.0,10.0,18.0,1.0,2.0,13.131313131313131,2.6262626262626263,4.242424242424243,40.38461538461539
2019-20,E92000001,England,England,National,53-54,A,28.0,19.0,9.0,8.0,1.0,10.0,0.0,5.0,5.0,2.0,6.0,0.0,1.0,7.252007252007252,2.331002331002331,2.59000259000259,52.63157894736842
2019-20,E92000001,England,England,National,53-54,A to F2,1175.0,885.0,290.0,276.0,14.0,438.0,0.0,201.0,237.0,163.0,220.0,37.0,27.0,5.7330776624656625,1.4149723592468444,2.1370961839659235,49.49152542372882
2019-20,E92000001,England,England,National,53-54,B,148.0,105.0,43.0,42.0,1.0,40.0,0.0,16.0,24.0,24.0,30.0,7.0,4.0,8.517495395948435,2.4746777163904237,2.3020257826887662,38.095238095238095
2019-20,E92000001,England,England,National,53-54,C1,876.0,674.0,202.0,191.0,11.0,345.0,0.0,160.0,185.0,123.0,163.0,23.0,20.0,5.212889404623762,1.2020589722990864,2.0530215120949746,51.18694362017804
2019-20,E92000001,England,England,National,53-54,C2,81.0,59.0,22.0,22.0,0.0,33.0,0.0,15.0,18.0,7.0,12.0,5.0,2.0,7.931068246352687,2.1541173014785078,3.231175952217762,55.932203389830505
2019-20,E92000001,England,England,National,53-54,D,1.0,0.0,1.0,1.0,0.0,0.0,0.0,0.0,0.0,0.0,0.0,0.0,0.0,16.129032258064516,16.129032258064516,0.0,z
2019-20,E92000001,England,England,National,53-54,E,23.0,14.0,9.0,9.0,0.0,4.0,0.0,2.0,2.0,4.0,4.0,2.0,0.0,10.511882998171846,4.113345521023766,1.8281535648994516,28.57142857142857
2019-20,E92000001,England,England,National,53-54,F1,17.0,13.0,4.0,3.0,1.0,6.0,0.0,3.0,3.0,3.0,4.0,0.0,0.0,5.8279053822420295,1.3712718546451834,2.056907781967775,46.15384615384615
2019-20,E92000001,England,England,National,53-54,F2,1.0,1.0,0.0,0.0,0.0,0.0,0.0,0.0,0.0,0.0,1.0,0.0,0.0,3.4602076124567476,0.0,0.0,0.0
2019-20,E92000001,England,England,National,55-59,A,43.0,28.0,15.0,14.0,1.0,9.0,0.0,1.0,8.0,8.0,5.0,3.0,3.0,8.94342762063228,3.119800332778702,1.8718801996672214,32.142857142857146
2019-20,E92000001,England,England,National,55-59,A to F2,3282.0,2563.0,718.0,688.0,30.0,1285.0,1.0,627.0,658.0,504.0,604.0,83.0,87.0,6.828267613164701,1.4938135728983104,2.673468581022742,50.1365587202497
2019-20,E92000001,England,England,National,55-59,B,212.0,171.0,41.0,40.0,1.0,78.0,0.0,32.0,46.0,33.0,53.0,4.0,3.0,11.627906976744185,2.2487933304080734,4.278192189556823,45.614035087719294
2019-20,E92000001,England,England,National,55-59,C1,2595.0,2029.0,565.0,543.0,22.0,1049.0,1.0,521.0,528.0,407.0,449.0,62.0,62.0,6.374997236272875,1.3880051786104717,2.577022004181212,51.70034499753573
2019-20,E92000001,England,England,National,55-59,C2,320.0,241.0,79.0,75.0,4.0,102.0,0.0,50.0,52.0,41.0,73.0,9.0,16.0,8.261049153242462,2.0394465097067327,2.6332094175960346,42.32365145228216
2019-20,E92000001,England,England,National,55-59,D,2.0,2.0,0.0,0.0,0.0,1.0,0.0,1.0,0.0,0.0,1.0,0.0,0.0,19.04761904761905,0.0,9.523809523809526,50.0
2019-20,E92000001,England,England,National,55-59,E,33.0,26.0,7.0,7.0,0.0,10.0,0.0,5.0,5.0,7.0,6.0,2.0,1.0,12.141280353200882,2.57542310522443,3.679175864606328,38.46153846153847
2019-20,E92000001,England,England,National,55-59,F1,66.0,56.0,10.0,8.0,2.0,31.0,0.0,16.0,15.0,6.0,15.0,2.0,2.0,8.881711748082356,1.3457139012245996,4.171713093796258,55.35714285714286
2019-20,E92000001,England,England,National,55-59,F2,11.0,10.0,1.0,1.0,0.0,5.0,0.0,1.0,4.0,2.0,2.0,1.0,0.0,7.051282051282051,0.6410256410256411,3.205128205128205,50.0
2019-20,E92000001,England,England,National,60-64,A,30.0,23.0,7.0,6.0,1.0,10.0,0.0,4.0,6.0,4.0,4.0,3.0,2.0,10.033444816053512,2.341137123745819,3.3444816053511706,43.47826086956522
2019-20,E92000001,England,England,National,60-64,A to F2,3500.0,2771.0,728.0,694.0,34.0,1439.0,1.0,719.0,720.0,493.0,656.0,72.0,111.0,8.592457295487241,1.7872311174613462,3.5327274423446116,51.930710934680626
2019-20,E92000001,England,England,National,60-64,B,105.0,86.0,19.0,19.0,0.0,27.0,0.0,15.0,12.0,18.0,30.0,3.0,8.0,16.074709124311084,2.908756889161053,4.133496631965707,31.3953488372093
2019-20,E92000001,England,England,National,60-64,C1,2854.0,2251.0,602.0,572.0,30.0,1184.0,1.0,585.0,599.0,412.0,514.0,55.0,86.0,8.079378335149825,1.704199634814364,3.3517813415618054,52.59884495779653
2019-20,E92000001,England,England,National,60-64,C2,399.0,319.0,80.0,79.0,1.0,167.0,0.0,82.0,85.0,45.0,84.0,11.0,12.0,11.09072715143429,2.2237046920169004,4.64198354458528,52.35109717868338
2019-20,E92000001,England,England,National,60-64,D,6.0,4.0,2.0,2.0,0.0,2.0,0.0,2.0,0.0,0.0,1.0,0.0,1.0,83.33333333333333,27.777777777777775,27.777777777777775,50.0
2019-20,E92000001,England,England,National,60-64,E,23.0,19.0,4.0,4.0,0.0,9.0,0.0,7.0,2.0,2.0,8.0,0.0,0.0,16.41684511063526,2.8551034975017844,6.423982869379015,47.368421052631575
2019-20,E92000001,England,England,National,60-64,F1,59.0,50.0,9.0,7.0,2.0,33.0,0.0,19.0,14.0,8.0,8.0,0.0,1.0,10.492619598079317,1.6005690912324384,5.86875333451894,66.0
2019-20,E92000001,England,England,National,60-64,F2,24.0,19.0,5.0,5.0,0.0,7.0,0.0,5.0,2.0,4.0,7.0,0.0,1.0,16.05351170568562,3.3444816053511706,4.682274247491638,36.84210526315789
2019-20,E92000001,England,England,National,65-70,A,20.0,15.0,5.0,5.0,0.0,5.0,0.0,3.0,2.0,4.0,6.0,0.0,0.0,9.153318077803204,2.288329519450801,2.288329519450801,33.33333333333333
2019-20,E92000001,England,England,National,65-70,A to F2,4742.0,3895.0,845.0,812.0,33.0,2049.0,2.0,1013.0,1036.0,699.0,860.0,92.0,195.0,10.704748059171838,1.9075310227752431,4.625480551084584,52.60590500641848
2019-20,E92000001,England,England,National,65-70,B,65.0,57.0,8.0,8.0,0.0,19.0,0.0,12.0,7.0,7.0,20.0,5.0,6.0,18.824210831161306,2.3168259484506226,5.502461627570229,33.33333333333333
2019-20,E92000001,England,England,National,65-70,C1,4031.0,3308.0,721.0,689.0,32.0,1784.0,2.0,891.0,893.0,595.0,707.0,71.0,151.0,10.281904256621639,1.8390605232012405,4.550463208586704,53.92986698911729
2019-20,E92000001,England,England,National,65-70,C2,514.0,424.0,90.0,89.0,1.0,196.0,0.0,85.0,111.0,73.0,105.0,15.0,35.0,13.727899150686396,2.403717750120186,5.234763100261738,46.22641509433962
2019-20,E92000001,England,England,National,65-70,D,5.0,5.0,0.0,0.0,0.0,4.0,0.0,2.0,2.0,0.0,1.0,0.0,0.0,53.191489361702125,0.0,42.5531914893617,80.0
2019-20,E92000001,England,England,National,65-70,E,17.0,13.0,4.0,4.0,0.0,5.0,0.0,3.0,2.0,2.0,6.0,0.0,0.0,17.382413087934562,4.08997955010225,5.112474437627812,38.46153846153847
2019-20,E92000001,England,England,National,65-70,F1,62.0,52.0,10.0,10.0,0.0,27.0,0.0,14.0,13.0,15.0,7.0,1.0,2.0,11.83206106870229,1.9083969465648853,5.152671755725191,51.92307692307693
2019-20,E92000001,England,England,National,65-70,F2,28.0,21.0,7.0,7.0,0.0,9.0,0.0,3.0,6.0,3.0,8.0,0.0,1.0,18.170019467878003,4.542504866969501,5.840363400389357,42.857142857142854
2019-20,E92000001,England,England,National,Over 70,A,11.0,10.0,1.0,1.0,0.0,2.0,0.0,0.0,2.0,1.0,2.0,0.0,5.0,20.637898686679172,1.876172607879925,3.75234521575985,20.0
2019-20,E92000001,England,England,National,Over 70,A to F2,2294.0,1907.0,384.0,366.0,18.0,981.0,3.0,478.0,503.0,315.0,435.0,48.0,128.0,14.633648460723899,2.4495732384123703,6.257894132506602,51.44205558468799
2019-20,E92000001,England,England,National,Over 70,B,14.0,11.0,3.0,3.0,0.0,2.0,0.0,0.0,2.0,2.0,3.0,3.0,1.0,38.99721448467967,8.356545961002785,5.571030640668524,18.181818181818183
2019-20,E92000001,England,England,National,Over 70,C1,863.0,713.0,149.0,141.0,8.0,402.0,1.0,205.0,197.0,123.0,142.0,16.0,30.0,12.566436112122314,2.1696396068438295,5.853658536585366,56.381486676016834
2019-20,E92000001,England,England,National,Over 70,C2,98.0,79.0,19.0,15.0,4.0,37.0,0.0,13.0,24.0,14.0,19.0,3.0,6.0,15.791169835642927,3.061553335481792,5.9619722848855945,46.835443037974684
2019-20,E92000001,England,England,National,Over 70,D,8.0,5.0,3.0,3.0,0.0,4.0,0.0,3.0,1.0,0.0,0.0,0.0,1.0,89.8876404494382,33.70786516853933,44.9438202247191,80.0
2019-20,E92000001,England,England,National,Over 70,E,29.0,24.0,5.0,5.0,0.0,10.0,0.0,8.0,2.0,3.0,7.0,2.0,2.0,16.57142857142857,2.857142857142857,5.714285714285714,41.66666666666667
2019-20,E92000001,England,England,National,Over 70,F1,941.0,787.0,153.0,149.0,4.0,414.0,1.0,193.0,221.0,123.0,175.0,18.0,57.0,14.170406288588381,2.304008673915008,6.234376411770021,52.60482846251588
2019-20,E92000001,England,England,National,Over 70,F2,330.0,278.0,51.0,49.0,2.0,110.0,1.0,56.0,54.0,49.0,87.0,6.0,26.0,25.894538606403014,4.001883239171375,8.631512868801003,39.568345323741006
2020-21,E92000001,England,England,National,45 and over,A,1111.0,796.0,315.0,304.0,11.0,345.0,0.0,153.0,192.0,147.0,226.0,25.0,53.0,8.332458337708312,2.3624881875590624,2.587487062564687,43.34170854271357
2020-21,E92000001,England,England,National,45 and over,A to F2,10813.0,8512.0,2295.0,2202.0,93.0,4140.0,6.0,2040.0,2100.0,1501.0,2095.0,242.0,534.0,9.108299730701615,1.9331867087727928,3.487317200139156,48.63721804511278
2020-21,E92000001,England,England,National,45 and over,B,412.0,315.0,96.0,94.0,2.0,115.0,1.0,60.0,55.0,54.0,98.0,13.0,35.0,11.995923715242393,2.7951666909302664,3.3483767651768814,36.507936507936506
2020-21,E92000001,England,England,National,45 and over,C1,7725.0,6145.0,1578.0,1517.0,61.0,3103.0,2.0,1546.0,1557.0,1089.0,1460.0,162.0,331.0,8.694184181649362,1.775977040600996,3.492304662221097,50.49633848657445
2020-21,E92000001,England,England,National,45 and over,C2,829.0,666.0,160.0,152.0,8.0,314.0,3.0,150.0,164.0,101.0,168.0,22.0,61.0,11.130355392650474,2.148198869510345,4.215840281414052,47.147147147147145
2020-21,E92000001,England,England,National,45 and over,D,23.0,11.0,12.0,10.0,2.0,6.0,0.0,4.0,2.0,2.0,2.0,1.0,0.0,47.717842323651446,24.896265560165972,12.448132780082986,54.54545454545454
2020-21,E92000001,England,England,National,45 and over,E,94.0,76.0,18.0,18.0,0.0,28.0,0.0,12.0,16.0,15.0,20.0,5.0,8.0,8.830436824800376,1.690934711131987,2.6303428839830905,36.84210526315789
2020-21,E92000001,England,England,National,45 and over,F1,507.0,413.0,94.0,86.0,8.0,193.0,0.0,100.0,93.0,79.0,96.0,11.0,34.0,12.801737198262803,2.3734976265023735,4.873245126754873,46.73123486682809
2020-21,E92000001,England,England,National,45 and over,F2,112.0,90.0,22.0,21.0,1.0,36.0,0.0,15.0,21.0,14.0,25.0,3.0,12.0,19.502002437750306,3.83075047884381,6.268500783562598,40.0
2020-21,E92000001,England,England,National,45-49,A,146.0,104.0,42.0,42.0,0.0,42.0,0.0,21.0,21.0,24.0,28.0,5.0,5.0,6.567110471392588,1.889168765743073,1.889168765743073,40.38461538461539
2020-21,E92000001,England,England,National,45-49,A to F2,171.0,122.0,49.0,49.0,0.0,51.0,0.0,25.0,26.0,28.0,30.0,6.0,7.0,6.388224745965331,1.8305439330543933,1.9052600119545728,41.80327868852459
2020-21,E92000001,England,England,National,45-49,B,3.0,3.0,0.0,0.0,0.0,1.0,0.0,1.0,0.0,0.0,1.0,0.0,1.0,6.41025641025641,0.0,2.136752136752137,33.33333333333333
2020-21,E92000001,England,England,National,45-49,C1,12.0,9.0,3.0,3.0,0.0,5.0,0.0,2.0,3.0,3.0,1.0,0.0,0.0,4.6801872074882995,1.1700468018720749,1.9500780031201248,55.55555555555556
2020-21,E92000001,England,England,National,45-49,C2,0.0,0.0,0.0,0.0,0.0,0.0,0.0,0.0,0.0,0.0,0.0,0.0,0.0,0.0,0.0,0.0,z
2020-21,E92000001,England,England,National,45-49,D,0.0,0.0,0.0,0.0,0.0,0.0,0.0,0.0,0.0,0.0,0.0,0.0,0.0,0.0,0.0,0.0,z
2020-21,E92000001,England,England,National,45-49,E,9.0,6.0,3.0,3.0,0.0,3.0,0.0,1.0,2.0,1.0,0.0,1.0,1.0,6.72645739910314,2.242152466367713,2.242152466367713,50.0
2020-21,E92000001,England,England,National,45-49,F1,1.0,0.0,1.0,1.0,0.0,0.0,0.0,0.0,0.0,0.0,0.0,0.0,0.0,19.607843137254903,19.607843137254903,0.0,z
2020-21,E92000001,England,England,National,45-49,F2,0.0,0.0,0.0,0.0,0.0,0.0,0.0,0.0,0.0,0.0,0.0,0.0,0.0,0.0,0.0,0.0,z
2020-21,E92000001,England,England,National,45-74,A,1111.0,796.0,315.0,304.0,11.0,345.0,0.0,153.0,192.0,147.0,226.0,25.0,53.0,8.332458337708312,2.3624881875590624,2.587487062564687,43.34170854271357
2020-21,E92000001,England,England,National,45-74,A to F2,10575.0,8310.0,2259.0,2171.0,88.0,4059.0,6.0,2008.0,2051.0,1462.0,2050.0,236.0,503.0,8.98877741577112,1.9201558564753622,3.450160522989595,48.84476534296029
2020-21,E92000001,England,England,National,45-74,B,412.0,315.0,96.0,94.0,2.0,115.0,1.0,60.0,55.0,54.0,98.0,13.0,35.0,11.995923715242393,2.7951666909302664,3.3483767651768814,36.507936507936506
2020-21,E92000001,England,England,National,45-74,C1,7725.0,6145.0,1578.0,1517.0,61.0,3103.0,2.0,1546.0,1557.0,1089.0,1460.0,162.0,331.0,8.694203751619261,1.7759810381948469,3.4923125231423384,50.49633848657445
2020-21,E92000001,England,England,National,45-74,C2,829.0,666.0,160.0,152.0,8.0,314.0,3.0,150.0,164.0,101.0,168.0,22.0,61.0,11.130504833512353,2.1482277121374866,4.215896885069817,47.147147147147145
2020-21,E92000001,England,England,National,45-74,D,20.0,10.0,10.0,10.0,0.0,5.0,0.0,3.0,2.0,2.0,2.0,1.0,0.0,43.19654427645788,21.59827213822894,10.79913606911447,50.0
2020-21,E92000001,England,England,National,45-74,E,91.0,73.0,18.0,18.0,0.0,27.0,0.0,12.0,15.0,14.0,20.0,5.0,7.0,8.700640596615354,1.7210058322975428,2.581508748446314,36.986301369863014
2020-21,E92000001,England,England,National,45-74,F1,337.0,267.0,70.0,64.0,6.0,134.0,0.0,74.0,60.0,50.0,63.0,6.0,14.0,10.882200981658487,2.2603978300180834,4.327047274606045,50.187265917603
2020-21,E92000001,England,England,National,45-74,F2,50.0,38.0,12.0,12.0,0.0,16.0,0.0,10.0,6.0,5.0,13.0,2.0,2.0,12.836970474967908,3.0808729139922977,4.10783055198973,42.10526315789473
2020-21,E92000001,England,England,National,50-52,A,845.0,605.0,240.0,230.0,10.0,271.0,0.0,118.0,153.0,109.0,171.0,19.0,35.0,8.382853344708883,2.380928760627375,2.688465392208411,44.79338842975207
2020-21,E92000001,England,England,National,50-52,A to F2,1335.0,958.0,377.0,359.0,18.0,423.0,0.0,194.0,229.0,175.0,276.0,29.0,55.0,7.250587922204178,2.0475443046224537,2.2973772966984027,44.15448851774531
2020-21,E92000001,England,England,National,50-52,B,84.0,56.0,28.0,28.0,0.0,22.0,0.0,14.0,8.0,14.0,16.0,0.0,4.0,7.424429909846209,2.474809969948736,1.944493547816864,39.285714285714285
2020-21,E92000001,England,England,National,50-52,C1,347.0,251.0,96.0,91.0,5.0,115.0,0.0,55.0,60.0,46.0,72.0,8.0,10.0,5.446298243686531,1.5067568628066486,1.8049691585704646,45.81673306772908
2020-21,E92000001,England,England,National,50-52,C2,18.0,15.0,3.0,2.0,1.0,6.0,0.0,1.0,5.0,0.0,6.0,0.0,3.0,8.155867693701857,1.359311282283643,2.718622564567286,40.0
2020-21,E92000001,England,England,National,50-52,D,1.0,0.0,1.0,1.0,0.0,0.0,0.0,0.0,0.0,0.0,0.0,0.0,0.0,10.638297872340425,10.638297872340425,0.0,z
2020-21,E92000001,England,England,National,50-52,E,31.0,25.0,6.0,6.0,0.0,7.0,0.0,4.0,3.0,5.0,8.0,2.0,3.0,7.221057535522944,1.397624039133473,1.6305613789890518,28.000000000000004
2020-21,E92000001,England,England,National,50-52,F1,8.0,5.0,3.0,1.0,2.0,1.0,0.0,1.0,0.0,1.0,3.0,0.0,0.0,4.8250904704463204,1.8094089264173703,0.6031363088057901,20.0
2020-21,E92000001,England,England,National,50-52,F2,1.0,1.0,0.0,0.0,0.0,1.0,0.0,1.0,0.0,0.0,0.0,0.0,0.0,23.25581395348837,0.0,23.25581395348837,100.0
2020-21,E92000001,England,England,National,50<71,A,959.0,688.0,271.0,260.0,11.0,302.0,0.0,132.0,170.0,122.0,197.0,20.0,47.0,8.66555824628619,2.4487656775219575,2.7288827845447643,43.895348837209305
2020-21,E92000001,England,England,National,50<71,A to F2,9902.0,7772.0,2124.0,2039.0,85.0,3786.0,6.0,1873.0,1913.0,1357.0,1933.0,222.0,474.0,8.872942721937818,1.9032650314477808,3.392543036281214,48.71332990221307
2020-21,E92000001,England,England,National,50<71,B,406.0,309.0,96.0,94.0,2.0,113.0,1.0,59.0,54.0,54.0,96.0,12.0,34.0,12.021437242767892,2.842507328339206,3.3458680010659405,36.56957928802589
2020-21,E92000001,England,England,National,50<71,C1,7411.0,5886.0,1523.0,1464.0,59.0,2956.0,2.0,1474.0,1482.0,1046.0,1406.0,156.0,322.0,8.564897211987851,1.760132027237552,3.4162509996810266,50.22086306489976
2020-21,E92000001,England,England,National,50<71,C2,798.0,640.0,155.0,147.0,8.0,301.0,3.0,144.0,157.0,97.0,162.0,22.0,58.0,11.04070394864274,2.1444976341348685,4.164476050803841,47.03125
2020-21,E92000001,England,England,National,50<71,D,18.0,9.0,9.0,9.0,0.0,5.0,0.0,3.0,2.0,1.0,2.0,1.0,0.0,46.753246753246756,23.376623376623378,12.987012987012989,55.55555555555556
2020-21,E92000001,England,England,National,50<71,E,80.0,65.0,15.0,15.0,0.0,23.0,0.0,11.0,12.0,13.0,19.0,4.0,6.0,8.983717012914093,1.6844469399213924,2.5828186412128016,35.38461538461539
2020-21,E92000001,England,England,National,50<71,F1,192.0,146.0,46.0,41.0,5.0,75.0,0.0,42.0,33.0,20.0,40.0,5.0,6.0,8.913235225848382,2.1354626061928412,3.4817325100970247,51.369863013698634
2020-21,E92000001,England,England,National,50<71,F2,38.0,29.0,9.0,9.0,0.0,11.0,0.0,8.0,3.0,4.0,11.0,2.0,1.0,12.059663598857504,2.856236115518883,3.4909552523008567,37.93103448275862
2020-21,E92000001,England,England,National,53-54,A,48.0,34.0,14.0,14.0,0.0,13.0,0.0,6.0,7.0,5.0,9.0,0.0,7.0,10.683285110171377,3.1159581571333184,2.8933897173380814,38.23529411764706
2020-21,E92000001,England,England,National,53-54,A to F2,832.0,657.0,175.0,166.0,9.0,289.0,0.0,142.0,147.0,125.0,177.0,17.0,49.0,6.882574347520371,1.4476568639616165,2.390701906770898,43.987823439878234
2020-21,E92000001,England,England,National,53-54,B,104.0,86.0,18.0,16.0,2.0,31.0,0.0,16.0,15.0,17.0,27.0,3.0,8.0,11.86402007757244,2.053388090349076,3.536390600045631,36.04651162790697
2020-21,E92000001,England,England,National,53-54,C1,596.0,471.0,125.0,120.0,5.0,220.0,0.0,109.0,111.0,87.0,124.0,10.0,30.0,6.1013062528152,1.279636378526678,2.252160026206953,46.70912951167728
2020-21,E92000001,England,England,National,53-54,C2,45.0,37.0,8.0,7.0,1.0,15.0,0.0,7.0,8.0,13.0,6.0,3.0,0.0,7.839721254355401,1.3937282229965158,2.613240418118467,40.54054054054054
2020-21,E92000001,England,England,National,53-54,D,1.0,0.0,1.0,1.0,0.0,0.0,0.0,0.0,0.0,0.0,0.0,0.0,0.0,22.22222222222222,22.22222222222222,0.0,z
2020-21,E92000001,England,England,National,53-54,E,16.0,14.0,2.0,2.0,0.0,6.0,0.0,2.0,4.0,1.0,5.0,0.0,2.0,11.94921583271098,1.4936519790888725,4.480955937266617,42.857142857142854
2020-21,E92000001,England,England,National,53-54,F1,21.0,14.0,7.0,6.0,1.0,4.0,0.0,2.0,2.0,2.0,5.0,1.0,2.0,7.98782807151008,2.6626093571700262,1.5214910612400152,28.57142857142857
2020-21,E92000001,England,England,National,53-54,F2,1.0,1.0,0.0,0.0,0.0,0.0,0.0,0.0,0.0,0.0,1.0,0.0,0.0,5.291005291005291,0.0,0.0,0.0
2020-21,E92000001,England,England,National,55-59,A,31.0,20.0,11.0,10.0,1.0,8.0,0.0,4.0,4.0,2.0,7.0,0.0,3.0,12.570965125709652,4.4606650446066505,3.2441200324412005,40.0
2020-21,E92000001,England,England,National,55-59,A to F2,2167.0,1694.0,468.0,448.0,20.0,824.0,5.0,386.0,438.0,284.0,431.0,55.0,100.0,7.384537793362436,1.594814807242095,2.8079645324091587,48.642266824085006
2020-21,E92000001,England,England,National,55-59,B,126.0,92.0,33.0,33.0,0.0,33.0,1.0,17.0,16.0,13.0,30.0,6.0,10.0,13.55421686746988,3.549913941480207,3.549913941480207,35.869565217391305
2020-21,E92000001,England,England,National,55-59,C1,1716.0,1364.0,351.0,338.0,13.0,667.0,1.0,304.0,363.0,242.0,337.0,44.0,74.0,6.887831898368354,1.408874706484436,2.6772633311256953,48.90029325513196
2020-21,E92000001,England,England,National,55-59,C2,201.0,152.0,46.0,42.0,4.0,80.0,3.0,42.0,38.0,21.0,38.0,1.0,12.0,8.88672738526837,2.033778406578831,3.537005924484924,52.63157894736842
2020-21,E92000001,England,England,National,55-59,D,4.0,2.0,2.0,2.0,0.0,2.0,0.0,1.0,1.0,0.0,0.0,0.0,0.0,37.03703703703704,18.51851851851852,18.51851851851852,100.0
2020-21,E92000001,England,England,National,55-59,E,14.0,12.0,2.0,2.0,0.0,5.0,0.0,2.0,3.0,2.0,4.0,1.0,0.0,8.383233532934131,1.1976047904191616,2.9940119760479043,41.66666666666667
2020-21,E92000001,England,England,National,55-59,F1,61.0,41.0,20.0,18.0,2.0,24.0,0.0,12.0,12.0,3.0,11.0,3.0,0.0,8.589129822585187,2.8161081385525204,3.3793297662630244,58.536585365853654
2020-21,E92000001,England,England,National,55-59,F2,14.0,11.0,3.0,3.0,0.0,5.0,0.0,4.0,1.0,1.0,4.0,0.0,1.0,13.257575757575758,2.840909090909091,4.734848484848485,45.45454545454545
2020-21,E92000001,England,England,National,60-64,A,23.0,21.0,2.0,2.0,0.0,8.0,0.0,3.0,5.0,4.0,6.0,1.0,2.0,13.617525162818236,1.1841326228537594,4.736530491415038,38.095238095238095
2020-21,E92000001,England,England,National,60-64,A to F2,2425.0,1928.0,496.0,479.0,17.0,977.0,1.0,474.0,503.0,332.0,458.0,54.0,107.0,9.64544536103797,1.9728416078659103,3.886020667106844,50.67427385892116
2020-21,E92000001,England,England,National,60-64,B,55.0,44.0,11.0,11.0,0.0,18.0,0.0,6.0,12.0,8.0,9.0,2.0,7.0,18.487394957983195,3.697478991596639,6.050420168067227,40.909090909090914
2020-21,E92000001,England,England,National,60-64,C1,2035.0,1609.0,425.0,409.0,16.0,834.0,1.0,414.0,420.0,277.0,378.0,38.0,82.0,9.323272445721145,1.9471207810474134,3.820938191514218,51.83343691733996
2020-21,E92000001,England,England,National,60-64,C2,236.0,192.0,44.0,43.0,1.0,89.0,0.0,35.0,54.0,29.0,51.0,10.0,13.0,11.168425535942454,2.082248828735034,4.211821494486773,46.35416666666667
2020-21,E92000001,England,England,National,60-64,D,3.0,2.0,1.0,1.0,0.0,0.0,0.0,0.0,0.0,0.0,1.0,1.0,0.0,46.875,15.625,0.0,0.0
2020-21,E92000001,England,England,National,60-64,E,9.0,6.0,3.0,3.0,0.0,1.0,0.0,1.0,0.0,3.0,1.0,0.0,1.0,9.384775808133472,3.1282586027111576,1.0427528675703859,16.666666666666664
2020-21,E92000001,England,England,National,60-64,F1,53.0,44.0,9.0,9.0,0.0,24.0,0.0,14.0,10.0,8.0,10.0,0.0,2.0,9.969902182091799,1.693002257336343,4.514672686230248,54.54545454545454
2020-21,E92000001,England,England,National,60-64,F2,11.0,10.0,1.0,1.0,0.0,3.0,0.0,1.0,2.0,3.0,2.0,2.0,0.0,10.901883052527255,0.9910802775024776,2.973240832507433,30.0
2020-21,E92000001,England,England,National,65-70,A,12.0,8.0,4.0,4.0,0.0,2.0,0.0,1.0,1.0,2.0,4.0,0.0,0.0,9.844134536505333,3.281378178835111,1.6406890894175554,25.0
2020-21,E92000001,England,England,National,65-70,A to F2,3143.0,2535.0,608.0,587.0,21.0,1273.0,0.0,677.0,596.0,441.0,591.0,67.0,163.0,11.811171572016955,2.2848209722514508,4.783843910651474,50.21696252465483
2020-21,E92000001,England,England,National,65-70,B,37.0,31.0,6.0,6.0,0.0,9.0,0.0,6.0,3.0,2.0,14.0,1.0,5.0,26.019690576652604,4.219409282700422,6.329113924050633,29.03225806451613
2020-21,E92000001,England,England,National,65-70,C1,2717.0,2191.0,526.0,506.0,20.0,1120.0,0.0,592.0,528.0,394.0,495.0,56.0,126.0,11.489683811682516,2.2243554232407083,4.7362701027178575,51.118210862619804
2020-21,E92000001,England,England,National,65-70,C2,298.0,244.0,54.0,53.0,1.0,111.0,0.0,59.0,52.0,34.0,61.0,8.0,30.0,14.478670683121173,2.623651734525313,5.393061898746478,45.49180327868852
2020-21,E92000001,England,England,National,65-70,D,9.0,5.0,4.0,4.0,0.0,3.0,0.0,2.0,1.0,1.0,1.0,0.0,0.0,121.62162162162163,54.054054054054056,40.54054054054054,60.0
2020-21,E92000001,England,England,National,65-70,E,10.0,8.0,2.0,2.0,0.0,4.0,0.0,2.0,2.0,2.0,1.0,1.0,0.0,15.527950310559007,3.105590062111801,6.211180124223602,50.0
2020-21,E92000001,England,England,National,65-70,F1,49.0,42.0,7.0,7.0,0.0,22.0,0.0,13.0,9.0,6.0,11.0,1.0,2.0,10.132340777502067,1.4474772539288667,4.549214226633582,52.38095238095239
2020-21,E92000001,England,England,National,65-70,F2,11.0,6.0,5.0,5.0,0.0,2.0,0.0,2.0,0.0,0.0,4.0,0.0,0.0,12.88056206088993,5.85480093676815,2.34192037470726,33.33333333333333
2020-21,E92000001,England,England,National,Over 70,A,6.0,4.0,2.0,2.0,0.0,1.0,0.0,0.0,1.0,1.0,1.0,0.0,1.0,13.82488479262673,4.608294930875576,2.304147465437788,25.0
2020-21,E92000001,England,England,National,Over 70,A to F2,740.0,618.0,122.0,114.0,8.0,303.0,0.0,142.0,161.0,116.0,132.0,14.0,53.0,16.661413067951546,2.7468816139055257,6.822173188634214,49.029126213592235
2020-21,E92000001,England,England,National,Over 70,B,3.0,3.0,0.0,0.0,0.0,1.0,0.0,0.0,1.0,0.0,1.0,1.0,0.0,28.846153846153847,0.0,9.615384615384617,33.33333333333333
2020-21,E92000001,England,England,National,Over 70,C1,302.0,250.0,52.0,50.0,2.0,142.0,0.0,70.0,72.0,40.0,53.0,6.0,9.0,14.59995165578922,2.513898960599468,6.864877930867779,56.8
2020-21,E92000001,England,England,National,Over 70,C2,31.0,26.0,5.0,5.0,0.0,13.0,0.0,6.0,7.0,4.0,6.0,0.0,3.0,14.533520862634786,2.344116268166901,6.094702297233943,50.0
2020-21,E92000001,England,England,National,Over 70,D,5.0,2.0,3.0,1.0,2.0,1.0,0.0,1.0,0.0,1.0,0.0,0.0,0.0,89.28571428571429,53.57142857142857,17.857142857142858,50.0
2020-21,E92000001,England,England,National,Over 70,E,5.0,5.0,0.0,0.0,0.0,2.0,0.0,0.0,2.0,1.0,1.0,0.0,1.0,12.437810945273633,0.0,4.975124378109452,40.0
2020-21,E92000001,England,England,National,Over 70,F1,314.0,267.0,47.0,44.0,3.0,118.0,0.0,58.0,60.0,59.0,56.0,6.0,28.0,17.432822562735954,2.6093715300910505,6.5511880968243394,44.19475655430712
2020-21,E92000001,England,England,National,Over 70,F2,74.0,61.0,13.0,12.0,1.0,25.0,0.0,7.0,18.0,10.0,14.0,1.0,11.0,28.5935085007728,5.023183925811438,9.659969088098919,40.98360655737705
2021-22,E92000001,England,England,National,45 and over,A,1592.0,1132.0,458.0,438.0,20.0,477.0,2.0,218.0,259.0,208.0,323.0,45.0,79.0,8.196847920667693,2.3581384093378164,2.455965111908599,42.13780918727915
2021-22,E92000001,England,England,National,45 and over,A to F2,20152.0,15893.0,4253.0,4046.0,207.0,7550.0,6.0,3719.0,3831.0,3035.0,3912.0,439.0,957.0,9.150649699761335,1.9312084742499482,3.4283150671495672,47.5051909645756
2021-22,E92000001,England,England,National,45 and over,B,605.0,489.0,115.0,109.0,6.0,179.0,1.0,80.0,99.0,88.0,143.0,26.0,53.0,11.365557663767353,2.160395258402059,3.3627021848171177,36.60531697341513
2021-22,E92000001,England,England,National,45 and over,C1,13762.0,10883.0,2878.0,2743.0,135.0,5407.0,1.0,2692.0,2715.0,2100.0,2502.0,282.0,592.0,8.434014044024549,1.763776516400425,3.313669084147706,49.68299182210787
2021-22,E92000001,England,England,National,45 and over,C2,1439.0,1146.0,292.0,280.0,12.0,491.0,1.0,242.0,249.0,219.0,320.0,27.0,89.0,11.084834805919103,2.2493201968925485,3.782247317377539,42.84467713787086
2021-22,E92000001,England,England,National,45 and over,D,13.0,9.0,4.0,4.0,0.0,5.0,0.0,3.0,2.0,2.0,1.0,1.0,0.0,33.163265306122454,10.204081632653061,12.755102040816327,55.55555555555556
2021-22,E92000001,England,England,National,45 and over,E,346.0,275.0,71.0,68.0,3.0,104.0,0.0,55.0,49.0,51.0,81.0,15.0,24.0,12.39876729018849,2.544255715616713,3.7267971045653265,37.81818181818182
2021-22,E92000001,England,England,National,45 and over,F1,1923.0,1559.0,364.0,336.0,28.0,758.0,0.0,369.0,389.0,290.0,392.0,32.0,87.0,13.546260161456205,2.564138688907987,5.339607489539159,48.620910840282235
2021-22,E92000001,England,England,National,45 and over,F2,472.0,400.0,71.0,68.0,3.0,129.0,1.0,60.0,69.0,77.0,150.0,11.0,33.0,20.524416228203677,3.087359220767926,5.609427316606514,32.25
2021-22,E92000001,England,England,National,45-49,A,63.0,40.0,23.0,23.0,0.0,16.0,0.0,6.0,10.0,10.0,11.0,2.0,1.0,5.858285289194718,2.1387390738329923,1.4878184861446904,40.0
2021-22,E92000001,England,England,National,45-49,A to F2,89.0,58.0,31.0,31.0,0.0,25.0,0.0,13.0,12.0,15.0,13.0,3.0,2.0,5.595724614900974,1.9490726186733731,1.5718327569946557,43.103448275862064
2021-22,E92000001,England,England,National,45-49,B,4.0,1.0,3.0,3.0,0.0,1.0,0.0,1.0,0.0,0.0,0.0,0.0,0.0,7.575757575757576,5.681818181818182,1.893939393939394,100.0
2021-22,E92000001,England,England,National,45-49,C1,14.0,10.0,4.0,4.0,0.0,4.0,0.0,2.0,2.0,5.0,0.0,1.0,0.0,3.6591740721380033,1.0454783063251436,1.0454783063251436,40.0
2021-22,E92000001,England,England,National,45-49,C2,1.0,1.0,0.0,0.0,0.0,1.0,0.0,1.0,0.0,0.0,0.0,0.0,0.0,10.526315789473683,0.0,10.526315789473683,100.0
2021-22,E92000001,England,England,National,45-49,D,0.0,0.0,0.0,0.0,0.0,0.0,0.0,0.0,0.0,0.0,0.0,0.0,0.0,0.0,0.0,0.0,z
2021-22,E92000001,England,England,National,45-49,E,7.0,6.0,1.0,1.0,0.0,3.0,0.0,3.0,0.0,0.0,2.0,0.0,1.0,10.510510510510512,1.5015015015015014,4.504504504504505,50.0
2021-22,E92000001,England,England,National,45-49,F1,0.0,0.0,0.0,0.0,0.0,0.0,0.0,0.0,0.0,0.0,0.0,0.0,0.0,0.0,0.0,0.0,z
2021-22,E92000001,England,England,National,45-49,F2,0.0,0.0,0.0,0.0,0.0,0.0,0.0,0.0,0.0,0.0,0.0,0.0,0.0,0.0,0.0,0.0,z
2021-22,E92000001,England,England,National,45-74,A,1592.0,1132.0,458.0,438.0,20.0,477.0,2.0,218.0,259.0,208.0,323.0,45.0,79.0,8.19689012460097,2.3581505509216356,2.4559777571825765,42.13780918727915
2021-22,E92000001,England,England,National,45-74,A to F2,19129.0,15047.0,4077.0,3879.0,198.0,7181.0,5.0,3537.0,3644.0,2875.0,3675.0,423.0,893.0,8.913714184263979,1.8997967865149377,3.346195909728665,47.7237987638732
2021-22,E92000001,England,England,National,45-74,B,605.0,489.0,115.0,109.0,6.0,179.0,1.0,80.0,99.0,88.0,143.0,26.0,53.0,11.365771181664476,2.160435844448619,3.3627653578808943,36.60531697341513
2021-22,E92000001,England,England,National,45-74,C1,13762.0,10883.0,2878.0,2743.0,135.0,5407.0,1.0,2692.0,2715.0,2100.0,2502.0,282.0,592.0,8.434024381574334,1.763778678256862,3.3136731457035626,49.68299182210787
2021-22,E92000001,England,England,National,45-74,C2,1439.0,1146.0,292.0,280.0,12.0,491.0,1.0,242.0,249.0,219.0,320.0,27.0,89.0,11.085090976319965,2.249372178655615,3.7823347250681745,42.84467713787086
2021-22,E92000001,England,England,National,45-74,D,13.0,9.0,4.0,4.0,0.0,5.0,0.0,3.0,2.0,2.0,1.0,1.0,0.0,33.59173126614987,10.335917312661499,12.919896640826872,55.55555555555556
2021-22,E92000001,England,England,National,45-74,E,321.0,255.0,66.0,63.0,3.0,94.0,0.0,50.0,44.0,49.0,76.0,14.0,22.0,11.984319581855516,2.4640657084188913,3.509426918051148,36.86274509803922
2021-22,E92000001,England,England,National,45-74,F1,1194.0,960.0,234.0,214.0,20.0,465.0,0.0,227.0,238.0,174.0,254.0,24.0,43.0,12.232854537630883,2.3973936028522838,4.764051390283384,48.4375
2021-22,E92000001,England,England,National,45-74,F2,203.0,173.0,30.0,28.0,2.0,63.0,0.0,25.0,38.0,35.0,56.0,4.0,15.0,16.567371256018934,2.448379988574227,5.141597976005876,36.41618497109826
2021-22,E92000001,England,England,National,50-52,A,1282.0,899.0,382.0,365.0,17.0,392.0,1.0,181.0,211.0,167.0,256.0,30.0,54.0,7.948366616860209,2.3683900527617783,2.430389792362872,43.60400444938821
2021-22,E92000001,England,England,National,50-52,A to F2,2226.0,1619.0,606.0,580.0,26.0,711.0,1.0,338.0,373.0,306.0,449.0,60.0,93.0,7.0776538817402255,1.926800652441409,2.2606522506367024,43.915997529339094
2021-22,E92000001,England,England,National,50-52,B,143.0,106.0,37.0,36.0,1.0,35.0,0.0,15.0,20.0,18.0,39.0,6.0,8.0,8.298032843962167,2.1470434631230777,2.03098705971102,33.0188679245283
2021-22,E92000001,England,England,National,50-52,C1,623.0,478.0,145.0,137.0,8.0,222.0,0.0,112.0,110.0,94.0,115.0,21.0,26.0,5.385779122541604,1.253511994813054,1.9191700886103307,46.44351464435147
2021-22,E92000001,England,England,National,50-52,C2,29.0,23.0,6.0,6.0,0.0,12.0,0.0,5.0,7.0,2.0,9.0,0.0,0.0,7.643647865050079,1.58144438587243,3.16288877174486,52.17391304347826
2021-22,E92000001,England,England,National,50-52,D,1.0,0.0,1.0,1.0,0.0,0.0,0.0,0.0,0.0,0.0,0.0,0.0,0.0,10.0,10.0,0.0,z
2021-22,E92000001,England,England,National,50-52,E,118.0,91.0,27.0,27.0,0.0,38.0,0.0,19.0,19.0,21.0,25.0,3.0,4.0,9.664209664209665,2.2113022113022116,3.112203112203112,41.75824175824176
2021-22,E92000001,England,England,National,50-52,F1,28.0,21.0,7.0,7.0,0.0,11.0,0.0,5.0,6.0,4.0,5.0,0.0,1.0,6.877916973716531,1.7194792434291328,2.702038811102923,52.38095238095239
2021-22,E92000001,England,England,National,50-52,F2,2.0,1.0,1.0,1.0,0.0,1.0,0.0,1.0,0.0,0.0,0.0,0.0,0.0,14.598540145985401,7.299270072992701,7.299270072992701,100.0
2021-22,E92000001,England,England,National,50<71,A,1517.0,1083.0,432.0,412.0,20.0,460.0,2.0,212.0,248.0,198.0,306.0,42.0,77.0,8.30077590640971,2.363833349748843,2.5170447705658976,42.47460757156048
2021-22,E92000001,England,England,National,50<71,A to F2,17949.0,14097.0,3847.0,3664.0,183.0,6735.0,5.0,3310.0,3425.0,2708.0,3409.0,399.0,846.0,8.710024462217012,1.866815093105401,3.268260892140597,47.77612257927218
2021-22,E92000001,England,England,National,50<71,B,597.0,484.0,112.0,106.0,6.0,178.0,1.0,79.0,99.0,87.0,142.0,26.0,51.0,11.345711625078394,2.128508713582546,3.3828084912294036,36.77685950413223
2021-22,E92000001,England,England,National,50<71,C1,13534.0,10695.0,2838.0,2708.0,130.0,5308.0,1.0,2638.0,2670.0,2064.0,2462.0,277.0,584.0,8.400633368279076,1.7615632849989666,3.294706806474459,49.63066853669939
2021-22,E92000001,England,England,National,50<71,C2,1410.0,1123.0,286.0,274.0,12.0,477.0,1.0,231.0,246.0,217.0,315.0,26.0,88.0,10.9921807395165,2.2296196393629213,3.718631356559837,42.47551202137132
2021-22,E92000001,England,England,National,50<71,D,12.0,8.0,4.0,4.0,0.0,4.0,0.0,3.0,1.0,2.0,1.0,1.0,0.0,32.96703296703297,10.989010989010989,10.989010989010989,50.0
2021-22,E92000001,England,England,National,50<71,E,293.0,231.0,62.0,59.0,3.0,83.0,0.0,42.0,41.0,47.0,69.0,13.0,19.0,11.643617866793834,2.4638372277857257,3.298362740422826,35.93073593073593
2021-22,E92000001,England,England,National,50<71,F1,467.0,369.0,98.0,86.0,12.0,186.0,0.0,90.0,96.0,70.0,83.0,11.0,19.0,9.02066834073788,1.8929882171141588,3.592814371257485,50.40650406504065
2021-22,E92000001,England,England,National,50<71,F2,119.0,104.0,15.0,15.0,0.0,39.0,0.0,15.0,24.0,23.0,31.0,3.0,8.0,13.653051858650757,1.7209729233593392,4.474529600734281,37.5
2021-22,E92000001,England,England,National,53-54,A,70.0,56.0,13.0,13.0,0.0,20.0,1.0,6.0,14.0,11.0,18.0,2.0,5.0,10.672358591248667,1.9820094526604668,3.049245311785333,35.714285714285715
2021-22,E92000001,England,England,National,53-54,A to F2,1458.0,1117.0,340.0,322.0,18.0,492.0,1.0,231.0,261.0,228.0,294.0,37.0,66.0,6.645881194617656,1.5497939685665316,2.2426430368668635,44.04655326768129
2021-22,E92000001,England,England,National,53-54,B,142.0,113.0,29.0,28.0,1.0,50.0,0.0,22.0,28.0,20.0,29.0,6.0,8.0,10.305537412003773,2.104652006676827,3.628710356339357,44.24778761061947
2021-22,E92000001,England,England,National,53-54,C1,1098.0,837.0,261.0,247.0,14.0,380.0,0.0,183.0,197.0,172.0,212.0,26.0,47.0,6.1531909170383985,1.4626437425747014,2.129519625204546,45.40023894862604
2021-22,E92000001,England,England,National,53-54,C2,65.0,54.0,11.0,10.0,1.0,15.0,0.0,8.0,7.0,11.0,22.0,1.0,5.0,6.73784596247538,1.1402508551881414,1.554887529802011,27.77777777777778
2021-22,E92000001,England,England,National,53-54,D,0.0,0.0,0.0,0.0,0.0,0.0,0.0,0.0,0.0,0.0,0.0,0.0,0.0,0.0,0.0,0.0,z
2021-22,E92000001,England,England,National,53-54,E,45.0,27.0,18.0,16.0,2.0,13.0,0.0,6.0,7.0,6.0,5.0,2.0,1.0,10.832932113625422,4.333172845450169,3.1295137217140105,48.148148148148145
2021-22,E92000001,England,England,National,53-54,F1,32.0,25.0,7.0,7.0,0.0,12.0,0.0,6.0,6.0,7.0,6.0,0.0,0.0,5.122458780214503,1.1205378581719225,1.9209220425804385,48.0
2021-22,E92000001,England,England,National,53-54,F2,6.0,5.0,1.0,1.0,0.0,2.0,0.0,0.0,2.0,1.0,2.0,0.0,0.0,11.834319526627219,1.9723865877712032,3.9447731755424065,40.0
2021-22,E92000001,England,England,National,55-59,A,57.0,42.0,15.0,14.0,1.0,19.0,0.0,11.0,8.0,3.0,9.0,4.0,7.0,8.730280287946087,2.297442181038444,2.910093429315362,45.23809523809524
2021-22,E92000001,England,England,National,55-59,A to F2,4058.0,3198.0,857.0,814.0,43.0,1439.0,3.0,722.0,717.0,642.0,808.0,101.0,208.0,7.421469224129102,1.567323589225885,2.6317137046628334,44.99687304565354
2021-22,E92000001,England,England,National,55-59,B,167.0,135.0,31.0,28.0,3.0,49.0,1.0,20.0,29.0,31.0,36.0,5.0,14.0,11.671792004473023,2.166620072686609,3.4246575342465753,36.2962962962963
2021-22,E92000001,England,England,National,55-59,C1,3218.0,2535.0,682.0,653.0,29.0,1173.0,1.0,602.0,571.0,509.0,628.0,77.0,148.0,6.969320263872586,1.477028098185551,2.540401699665178,46.27218934911242
2021-22,E92000001,England,England,National,55-59,C2,385.0,304.0,80.0,76.0,4.0,127.0,1.0,60.0,67.0,63.0,83.0,9.0,22.0,9.677743703182344,2.0109597305313964,3.1923985722185915,41.776315789473685
2021-22,E92000001,England,England,National,55-59,D,5.0,4.0,1.0,1.0,0.0,1.0,0.0,0.0,1.0,1.0,1.0,1.0,0.0,59.52380952380952,11.904761904761903,11.904761904761903,25.0
2021-22,E92000001,England,England,National,55-59,E,67.0,54.0,13.0,12.0,1.0,14.0,0.0,8.0,6.0,10.0,20.0,4.0,6.0,14.30401366353544,2.7754056362083688,2.9888983774551665,25.925925925925924
2021-22,E92000001,England,England,National,55-59,F1,122.0,92.0,30.0,25.0,5.0,44.0,0.0,16.0,28.0,18.0,22.0,1.0,7.0,7.303202633941933,1.7958695001496556,2.6339419335528285,47.82608695652174
2021-22,E92000001,England,England,National,55-59,F2,37.0,32.0,5.0,5.0,0.0,12.0,0.0,5.0,7.0,7.0,9.0,0.0,4.0,12.491559756921,1.688048615800135,4.051316677920324,37.5
2021-22,E92000001,England,England,National,60-64,A,64.0,48.0,16.0,14.0,2.0,19.0,0.0,10.0,9.0,7.0,14.0,4.0,4.0,13.411567476948868,3.352891869237217,3.981559094719195,39.58333333333333
2021-22,E92000001,England,England,National,60-64,A to F2,4459.0,3541.0,918.0,875.0,43.0,1730.0,0.0,859.0,871.0,667.0,828.0,95.0,221.0,9.319775522787362,1.9187158398562008,3.6158806132366315,48.85625529511437
2021-22,E92000001,England,England,National,60-64,B,85.0,78.0,7.0,7.0,0.0,22.0,0.0,13.0,9.0,12.0,25.0,7.0,12.0,17.52577319587629,1.443298969072165,4.536082474226804,28.205128205128204
2021-22,E92000001,England,England,National,60-64,C1,3696.0,2917.0,779.0,743.0,36.0,1475.0,0.0,725.0,750.0,554.0,664.0,66.0,158.0,8.949542595076782,1.886280757999138,3.5715842336954156,50.56564964004113
2021-22,E92000001,England,England,National,60-64,C2,409.0,322.0,87.0,84.0,3.0,143.0,0.0,74.0,69.0,57.0,82.0,7.0,33.0,10.837595060812424,2.3053075068231803,3.7891836031691355,44.409937888198755
2021-22,E92000001,England,England,National,60-64,D,4.0,4.0,0.0,0.0,0.0,3.0,0.0,3.0,0.0,1.0,0.0,0.0,0.0,72.72727272727272,0.0,54.54545454545454,75.0
2021-22,E92000001,England,England,National,60-64,E,39.0,36.0,3.0,3.0,0.0,9.0,0.0,6.0,3.0,5.0,13.0,3.0,6.0,15.694164989939637,1.2072434607645874,3.6217303822937628,25.0
2021-22,E92000001,England,England,National,60-64,F1,121.0,99.0,22.0,20.0,2.0,49.0,0.0,26.0,23.0,19.0,20.0,7.0,4.0,9.425144103442904,1.7136625642623462,3.8167938931297707,49.494949494949495
2021-22,E92000001,England,England,National,60-64,F2,41.0,37.0,4.0,4.0,0.0,10.0,0.0,2.0,8.0,12.0,10.0,1.0,4.0,15.051395007342144,1.4684287812041115,3.671071953010279,27.027027027027028
2021-22,E92000001,England,England,National,65-70,A,44.0,38.0,6.0,6.0,0.0,10.0,0.0,4.0,6.0,10.0,9.0,2.0,7.0,12.212045517624201,1.6652789342214822,2.775464890369137,26.31578947368421
2021-22,E92000001,England,England,National,65-70,A to F2,5748.0,4622.0,1126.0,1073.0,53.0,2363.0,0.0,1160.0,1203.0,865.0,1030.0,106.0,258.0,11.459398680614118,2.2448300129386736,4.7109532154299165,51.1250540891389
2021-22,E92000001,England,England,National,65-70,B,60.0,52.0,8.0,7.0,1.0,22.0,0.0,9.0,13.0,6.0,13.0,2.0,9.0,24.49979583503471,3.2666394446712945,8.98325847284606,42.30769230769231
2021-22,E92000001,England,England,National,65-70,C1,4899.0,3928.0,971.0,928.0,43.0,2058.0,0.0,1016.0,1042.0,735.0,843.0,87.0,205.0,11.077945865273726,2.1956900255523144,4.653686995454854,52.39307535641547
2021-22,E92000001,England,England,National,65-70,C2,522.0,420.0,102.0,98.0,4.0,180.0,0.0,84.0,96.0,84.0,119.0,9.0,28.0,13.990512181394227,2.7337782423414003,4.824314545308353,42.857142857142854
2021-22,E92000001,England,England,National,65-70,D,2.0,0.0,2.0,2.0,0.0,0.0,0.0,0.0,0.0,0.0,0.0,0.0,0.0,25.64102564102564,25.64102564102564,0.0,z
2021-22,E92000001,England,England,National,65-70,E,24.0,23.0,1.0,1.0,0.0,9.0,0.0,3.0,6.0,5.0,6.0,1.0,2.0,14.714898835070509,0.6131207847946045,5.518087063151441,39.130434782608695
2021-22,E92000001,England,England,National,65-70,F1,164.0,132.0,32.0,27.0,5.0,70.0,0.0,37.0,33.0,22.0,30.0,3.0,7.0,13.771097489293812,2.687043412545134,5.8779074649424805,53.03030303030303
2021-22,E92000001,England,England,National,65-70,F2,33.0,29.0,4.0,4.0,0.0,14.0,0.0,7.0,7.0,3.0,10.0,2.0,0.0,13.830678960603521,1.6764459346186085,5.86756077116513,48.275862068965516
2021-22,E92000001,England,England,National,Over 70,A,12.0,9.0,3.0,3.0,0.0,1.0,0.0,0.0,1.0,0.0,6.0,1.0,1.0,16.830294530154276,4.207573632538569,1.402524544179523,11.11111111111111
2021-22,E92000001,England,England,National,Over 70,A to F2,2114.0,1738.0,375.0,351.0,24.0,790.0,1.0,396.0,394.0,312.0,490.0,37.0,109.0,16.829334309869918,2.985336029423472,6.289107901985448,45.45454545454545
2021-22,E92000001,England,England,National,Over 70,B,4.0,4.0,0.0,0.0,0.0,0.0,0.0,0.0,0.0,1.0,1.0,0.0,2.0,47.61904761904761,0.0,0.0,0.0
2021-22,E92000001,England,England,National,Over 70,C1,214.0,178.0,36.0,31.0,5.0,95.0,0.0,52.0,43.0,31.0,40.0,4.0,8.0,12.714633711603588,2.1389103440080803,5.644346741132434,53.37078651685393
2021-22,E92000001,England,England,National,Over 70,C2,28.0,22.0,6.0,6.0,0.0,13.0,0.0,10.0,3.0,2.0,5.0,1.0,1.0,19.32367149758454,4.140786749482402,8.971704623878535,59.09090909090909
2021-22,E92000001,England,England,National,Over 70,D,1.0,1.0,0.0,0.0,0.0,1.0,0.0,0.0,1.0,0.0,0.0,0.0,0.0,50.0,0.0,50.0,100.0
2021-22,E92000001,England,England,National,Over 70,E,46.0,38.0,8.0,8.0,0.0,18.0,0.0,10.0,8.0,4.0,10.0,2.0,4.0,22.157996146435455,3.8535645472061657,8.670520231213873,47.368421052631575
2021-22,E92000001,England,England,National,Over 70,F1,1456.0,1190.0,266.0,250.0,16.0,572.0,0.0,279.0,293.0,220.0,309.0,21.0,68.0,16.148530993866665,2.950212393110256,6.344065747590475,48.0672268907563
2021-22,E92000001,England,England,National,Over 70,F2,353.0,296.0,56.0,53.0,3.0,90.0,1.0,45.0,45.0,54.0,119.0,8.0,25.0,24.723350609329035,3.9221179436895928,6.303403838072559,30.405405405405407
2011-12,R1,North East,North East,Region,45 and over,A to F2,927.0,732.0,194.0,186.0,8.0,373.0,1.0,182.0,191.0,142.0,183.0,17.0,17.0,8.001035732780942,1.6744346625237356,3.2194027274296566,50.95628415300546
2011-12,R10,South West,South West,Region,45 and over,A to F2,1787.0,1383.0,403.0,387.0,16.0,725.0,1.0,369.0,356.0,273.0,316.0,19.0,50.0,8.217112009306902,1.8531036036657424,3.333747177810579,52.42227042660882
2011-12,R2,North West,North West,Region,45 and over,A to F2,2052.0,1646.0,403.0,390.0,13.0,777.0,3.0,393.0,384.0,335.0,440.0,42.0,52.0,8.450217020680794,1.6595699119563159,3.199716678883517,47.20534629404617
2011-12,R3,Yorkshire and the Humber,Yorkshire and the Humber,Region,45 and over,A to F2,1550.0,1240.0,308.0,294.0,14.0,697.0,2.0,339.0,358.0,211.0,285.0,18.0,29.0,7.583652580643584,1.5069451579601443,3.4101973217474693,56.20967741935484
2011-12,R4,East Midlands,East Midlands,Region,45 and over,A to F2,1421.0,1183.0,231.0,223.0,8.0,667.0,7.0,329.0,338.0,237.0,220.0,17.0,42.0,7.898261937714341,1.2839539110570108,3.707347440151629,56.38207945900253
2011-12,R5,West Midlands,West Midlands,Region,45 and over,A to F2,1755.0,1366.0,389.0,381.0,8.0,707.0,0.0,359.0,348.0,271.0,320.0,34.0,34.0,8.182886344138163,1.813756574284755,3.296467604162781,51.756954612005856
2011-12,R6,East of England,East of England,Region,45 and over,A to F2,1673.0,1307.0,366.0,339.0,27.0,684.0,0.0,316.0,368.0,245.0,314.0,25.0,39.0,7.829464619992511,1.7128416323474354,3.2010482965181577,52.3335883703137
2011-12,R7,London,London,Region,45 and over,A to F2,1735.0,1352.0,382.0,363.0,19.0,626.0,1.0,290.0,336.0,247.0,349.0,56.0,74.0,8.027687424523544,1.7674793061486997,2.8964451456782356,46.30177514792899
2011-12,R8,South East,South East,Region,45 and over,A to F2,2849.0,2275.0,573.0,557.0,16.0,1147.0,1.0,559.0,588.0,415.0,605.0,52.0,56.0,8.48277689611948,1.706083243761482,3.4151439451909593,50.417582417582416
2011-12,R1,North East,North East,Region,50<71,A to F2,819.0,645.0,173.0,167.0,6.0,334.0,1.0,162.0,172.0,127.0,161.0,12.0,11.0,8.013306589697178,1.6926764835379873,3.2679418815126464,51.78294573643411
2011-12,R10,South West,South West,Region,50<71,A to F2,1544.0,1193.0,350.0,335.0,15.0,630.0,1.0,318.0,312.0,243.0,267.0,16.0,37.0,8.022112766797598,1.818484111644533,3.2732714009601596,52.808046940486165
2011-12,R2,North West,North West,Region,50<71,A to F2,1798.0,1450.0,345.0,333.0,12.0,698.0,3.0,347.0,351.0,298.0,377.0,37.0,40.0,8.289075754222912,1.5905067492808143,3.217894814486981,48.137931034482754
2011-12,R3,Yorkshire and the Humber,Yorkshire and the Humber,Region,50<71,A to F2,1302.0,1038.0,263.0,251.0,12.0,589.0,1.0,283.0,306.0,173.0,234.0,14.0,28.0,7.25938646475685,1.4663737636183192,3.2840081626280986,56.74373795761078
2011-12,R4,East Midlands,East Midlands,Region,50<71,A to F2,1196.0,1006.0,183.0,178.0,5.0,573.0,7.0,276.0,297.0,197.0,194.0,12.0,30.0,7.611434971870784,1.1646259196089912,3.646615584349464,56.95825049701789
2011-12,R5,West Midlands,West Midlands,Region,50<71,A to F2,1529.0,1190.0,339.0,332.0,7.0,617.0,0.0,322.0,295.0,242.0,269.0,31.0,31.0,8.026373118736776,1.7795555835524968,3.2388961505955476,51.84873949579833
2011-12,R6,East of England,East of England,Region,50<71,A to F2,1449.0,1142.0,307.0,284.0,23.0,595.0,0.0,280.0,315.0,217.0,278.0,22.0,30.0,7.621021185281804,1.6146677045421076,3.1294048345360066,52.1015761821366
2011-12,R7,London,London,Region,50<71,A to F2,1542.0,1202.0,339.0,322.0,17.0,560.0,1.0,264.0,296.0,224.0,303.0,50.0,65.0,7.89999487678672,1.73676930170603,2.868999436446539,46.58901830282861
2011-12,R8,South East,South East,Region,50<71,A to F2,2440.0,1937.0,502.0,488.0,14.0,991.0,1.0,483.0,508.0,351.0,501.0,47.0,47.0,8.166352619089855,1.6801266454029125,3.3167440350483792,51.16159008776459
2012-13,R1,North East,North East,Region,45 and over,A to F2,975.0,763.0,212.0,204.0,8.0,395.0,0.0,188.0,207.0,155.0,171.0,25.0,17.0,8.186329249964317,1.7800018471717283,3.316512875626569,51.76933158584534
2012-13,R10,South West,South West,Region,45 and over,A to F2,1860.0,1465.0,393.0,378.0,15.0,785.0,2.0,389.0,396.0,274.0,326.0,33.0,47.0,8.260095301959774,1.7452782008979522,3.486115490343238,53.58361774744027
2012-13,R2,North West,North West,Region,45 and over,A to F2,2039.0,1593.0,443.0,427.0,16.0,792.0,3.0,382.0,410.0,286.0,428.0,36.0,51.0,8.38128904965472,1.8209470568891812,3.255508056560342,49.717514124293785
2012-13,R3,Yorkshire and the Humber,Yorkshire and the Humber,Region,45 and over,A to F2,1571.0,1216.0,355.0,345.0,10.0,664.0,0.0,362.0,302.0,220.0,268.0,26.0,38.0,8.004402166436536,1.8087605150127124,3.3831464280801153,54.60526315789473
2012-13,R4,East Midlands,East Midlands,Region,45 and over,A to F2,1506.0,1171.0,325.0,311.0,14.0,659.0,10.0,315.0,344.0,209.0,236.0,22.0,45.0,8.517280578224945,1.8380585577178665,3.7270171985725358,56.27668659265584
2012-13,R5,West Midlands,West Midlands,Region,45 and over,A to F2,1694.0,1342.0,350.0,336.0,14.0,686.0,2.0,338.0,348.0,259.0,344.0,22.0,31.0,8.057036589600049,1.6646769813223243,3.2627668833917554,51.1177347242921
2012-13,R6,East of England,East of England,Region,45 and over,A to F2,1789.0,1418.0,370.0,358.0,12.0,711.0,1.0,323.0,388.0,281.0,346.0,19.0,61.0,7.9018387565535795,1.6342539630658603,3.1404177506481803,50.141043723554304
2012-13,R7,London,London,Region,45 and over,A to F2,1909.0,1466.0,437.0,415.0,22.0,655.0,6.0,315.0,340.0,271.0,425.0,46.0,69.0,8.337882990107227,1.9086720097835819,2.860824179423904,44.679399727148706
2012-13,R8,South East,South East,Region,45 and over,A to F2,3089.0,2439.0,645.0,621.0,24.0,1218.0,5.0,582.0,636.0,465.0,629.0,49.0,78.0,8.961363728669982,1.8711814842965808,3.533486895927497,49.938499384993854
2012-13,R1,North East,North East,Region,50<71,A to F2,811.0,637.0,174.0,166.0,8.0,339.0,0.0,162.0,177.0,126.0,141.0,17.0,14.0,7.928981355650499,1.7011624610150269,3.3143337602534144,53.218210361067506
2012-13,R10,South West,South West,Region,50<71,A to F2,1548.0,1222.0,325.0,312.0,13.0,667.0,1.0,328.0,339.0,232.0,261.0,27.0,35.0,8.039052762775238,1.6877856252596595,3.463855421686747,54.58265139116203
2012-13,R2,North West,North West,Region,50<71,A to F2,1711.0,1351.0,357.0,345.0,12.0,686.0,3.0,335.0,351.0,241.0,356.0,27.0,41.0,8.15721348443169,1.702001878399832,3.270513413395756,50.77720207253886
2012-13,R3,Yorkshire and the Humber,Yorkshire and the Humber,Region,50<71,A to F2,1334.0,1050.0,284.0,276.0,8.0,587.0,0.0,317.0,270.0,195.0,217.0,22.0,29.0,7.778289592601879,1.6559477093695154,3.4226806528165685,55.9047619047619
2012-13,R4,East Midlands,East Midlands,Region,50<71,A to F2,1270.0,989.0,272.0,262.0,10.0,557.0,9.0,261.0,296.0,183.0,197.0,22.0,30.0,8.265915140943617,1.7703377309737507,3.625287191736688,56.31951466127402
2012-13,R5,West Midlands,West Midlands,Region,50<71,A to F2,1459.0,1160.0,297.0,286.0,11.0,602.0,2.0,307.0,295.0,231.0,278.0,20.0,29.0,7.852064732443181,1.5983983725398387,3.2398512466969125,51.89655172413793
2012-13,R6,East of England,East of England,Region,50<71,A to F2,1496.0,1193.0,302.0,291.0,11.0,604.0,1.0,275.0,329.0,233.0,287.0,17.0,52.0,7.888963887951401,1.5925582180222748,3.1851164360445496,50.62866722548198
2012-13,R7,London,London,Region,50<71,A to F2,1647.0,1269.0,372.0,352.0,20.0,581.0,6.0,279.0,302.0,216.0,374.0,42.0,56.0,8.090185676392574,1.8272914824638964,2.85391492288044,45.78408195429472
2012-13,R8,South East,South East,Region,50<71,A to F2,2612.0,2072.0,538.0,515.0,23.0,1046.0,2.0,501.0,545.0,397.0,531.0,40.0,58.0,8.632028394482376,1.7779599066736287,3.456777067621962,50.48262548262549
2013-14,R1,North East,North East,Region,45 and over,A to F2,1064.0,855.0,209.0,207.0,2.0,440.0,0.0,212.0,228.0,164.0,202.0,23.0,26.0,8.406016938440148,1.6511818986221718,3.4761724181519402,51.461988304093566
2013-14,R10,South West,South West,Region,45 and over,A to F2,2141.0,1673.0,467.0,454.0,13.0,877.0,1.0,417.0,460.0,320.0,370.0,36.0,70.0,8.943490175110279,1.950775297420131,3.6634474000802033,52.42080095636581
2013-14,R2,North West,North West,Region,45 and over,A to F2,2379.0,1901.0,476.0,455.0,21.0,916.0,2.0,444.0,472.0,391.0,505.0,41.0,48.0,9.125151510502171,1.8257974438835787,3.513509366801172,48.18516570226197
2013-14,R3,Yorkshire and the Humber,Yorkshire and the Humber,Region,45 and over,A to F2,1759.0,1370.0,389.0,372.0,17.0,778.0,0.0,406.0,372.0,262.0,271.0,33.0,26.0,8.265860913614938,1.8279817483776075,3.655963496755215,56.78832116788322
2013-14,R4,East Midlands,East Midlands,Region,45 and over,A to F2,1528.0,1186.0,335.0,327.0,8.0,663.0,7.0,325.0,338.0,197.0,276.0,11.0,39.0,8.33492431474158,1.8273557888994953,3.616528024001091,55.902192242833046
2013-14,R5,West Midlands,West Midlands,Region,45 and over,A to F2,1912.0,1513.0,398.0,388.0,10.0,757.0,1.0,356.0,401.0,316.0,358.0,41.0,41.0,8.779139442304249,1.827456850437809,3.4758412959332197,50.033046926635826
2013-14,R6,East of England,East of England,Region,45 and over,A to F2,1919.0,1505.0,412.0,392.0,20.0,734.0,2.0,374.0,360.0,295.0,354.0,28.0,94.0,8.073982758112901,1.7334449694333067,3.0882247756408905,48.77076411960133
2013-14,R7,London,London,Region,45 and over,A to F2,2013.0,1512.0,500.0,478.0,22.0,664.0,1.0,313.0,351.0,278.0,440.0,30.0,100.0,8.160005837261998,2.0268270832742177,2.6916263665881606,43.91534391534391
2013-14,R8,South East,South East,Region,45 and over,A to F2,3246.0,2561.0,685.0,668.0,17.0,1346.0,0.0,687.0,659.0,448.0,611.0,65.0,91.0,9.161468770285907,1.9333352149247836,3.7989331376478224,52.55759468957438
2013-14,R1,North East,North East,Region,50<71,A to F2,900.0,720.0,180.0,178.0,2.0,371.0,0.0,180.0,191.0,136.0,173.0,20.0,20.0,8.314164565030623,1.6628329130061248,3.4272833929181794,51.52777777777777
2013-14,R10,South West,South West,Region,50<71,A to F2,1711.0,1331.0,380.0,371.0,9.0,702.0,0.0,324.0,378.0,260.0,287.0,28.0,54.0,8.522614066547122,1.892807332137876,3.496712492528392,52.74229902329076
2013-14,R2,North West,North West,Region,50<71,A to F2,1960.0,1558.0,400.0,379.0,21.0,751.0,2.0,364.0,387.0,331.0,409.0,29.0,38.0,8.892518488271858,1.8147996914840525,3.4072864207613085,48.20282413350449
2013-14,R3,Yorkshire and the Humber,Yorkshire and the Humber,Region,50<71,A to F2,1453.0,1129.0,324.0,308.0,16.0,662.0,0.0,341.0,321.0,210.0,211.0,25.0,21.0,8.071594431544213,1.799860010888042,3.6774917506416167,58.63596102745793
2013-14,R4,East Midlands,East Midlands,Region,50<71,A to F2,1226.0,959.0,262.0,256.0,6.0,545.0,5.0,271.0,274.0,157.0,222.0,7.0,28.0,7.923582027816555,1.6932940385709117,3.522310118401324,56.83003128258603
2013-14,R5,West Midlands,West Midlands,Region,50<71,A to F2,1631.0,1289.0,341.0,331.0,10.0,635.0,1.0,302.0,333.0,278.0,309.0,33.0,34.0,8.565186795643362,1.7907594710695192,3.3346987217863484,49.26299456943367
2013-14,R6,East of England,East of England,Region,50<71,A to F2,1523.0,1205.0,318.0,302.0,16.0,584.0,0.0,294.0,290.0,238.0,291.0,20.0,72.0,7.7368947772150225,1.6154514373961768,2.966741004526312,48.46473029045643
2013-14,R7,London,London,Region,50<71,A to F2,1728.0,1300.0,428.0,411.0,17.0,573.0,0.0,265.0,308.0,251.0,367.0,27.0,82.0,7.960272344502898,1.9716415297727083,2.6396041975695375,44.07692307692307
2013-14,R8,South East,South East,Region,50<71,A to F2,2689.0,2121.0,568.0,552.0,16.0,1128.0,0.0,587.0,541.0,360.0,503.0,54.0,76.0,8.906185310921586,1.881261902790428,3.7360271590626812,53.18246110325319
2014-15,R1,North East,North East,Region,45 and over,A to F2,993.0,790.0,202.0,195.0,7.0,442.0,1.0,220.0,222.0,135.0,190.0,23.0,0.0,7.951124207289731,1.6174492345141247,3.5391710973031834,55.949367088607595
2014-15,R10,South West,South West,Region,45 and over,A to F2,2011.0,1582.0,427.0,406.0,21.0,845.0,2.0,406.0,439.0,310.0,332.0,42.0,53.0,8.51880406327044,1.8088161785263444,3.57950742588937,53.413400758533506
2014-15,R2,North West,North West,Region,45 and over,A to F2,2349.0,1824.0,525.0,506.0,19.0,938.0,0.0,457.0,481.0,333.0,435.0,58.0,60.0,9.199642823573644,2.056114296456434,3.673590876335495,51.425438596491226
2014-15,R3,Yorkshire and the Humber,Yorkshire and the Humber,Region,45 and over,A to F2,1702.0,1357.0,345.0,333.0,12.0,760.0,0.0,366.0,394.0,263.0,305.0,27.0,2.0,7.848634789465676,1.5909394843511504,3.5046782843677513,56.00589535740605
2014-15,R4,East Midlands,East Midlands,Region,45 and over,A to F2,1588.0,1254.0,324.0,313.0,11.0,683.0,10.0,334.0,349.0,238.0,265.0,29.0,39.0,8.313831430261718,1.6962729114639779,3.57578518064783,54.46570972886763
2014-15,R5,West Midlands,West Midlands,Region,45 and over,A to F2,1898.0,1465.0,432.0,419.0,13.0,746.0,1.0,364.0,382.0,294.0,350.0,31.0,44.0,8.563938509297152,1.949220988417476,3.366015873517216,50.92150170648464
2014-15,R6,East of England,East of England,Region,45 and over,A to F2,1947.0,1552.0,393.0,378.0,15.0,808.0,2.0,376.0,432.0,267.0,340.0,18.0,119.0,8.245737373052913,1.6643938303080612,3.4219598343229345,52.0618556701031
2014-15,R7,London,London,Region,45 and over,A to F2,2119.0,1618.0,498.0,487.0,11.0,738.0,3.0,364.0,374.0,316.0,434.0,40.0,90.0,8.514280203796268,2.0009964801748663,2.965332133271187,45.611866501854145
2014-15,R8,South East,South East,Region,45 and over,A to F2,3408.0,2647.0,761.0,741.0,20.0,1341.0,0.0,672.0,669.0,524.0,634.0,71.0,77.0,9.095785992809844,2.0310719309061893,3.5790636785088035,50.66112580279562
2014-15,R1,North East,North East,Region,50<71,A to F2,860.0,679.0,180.0,173.0,7.0,382.0,1.0,190.0,192.0,117.0,162.0,18.0,0.0,7.95692159656557,1.665402194630003,3.534353546381451,56.25920471281296
2014-15,R10,South West,South West,Region,50<71,A to F2,1644.0,1285.0,357.0,341.0,16.0,699.0,2.0,343.0,356.0,256.0,252.0,34.0,44.0,8.27423762764924,1.796777878996824,3.5180608891282352,54.39688715953307
2014-15,R2,North West,North West,Region,50<71,A to F2,1955.0,1530.0,425.0,410.0,15.0,794.0,0.0,391.0,403.0,282.0,358.0,48.0,48.0,9.015365318281592,1.9598620257133899,3.6614834080386625,51.895424836601315
2014-15,R3,Yorkshire and the Humber,Yorkshire and the Humber,Region,50<71,A to F2,1418.0,1139.0,279.0,267.0,12.0,641.0,0.0,327.0,314.0,223.0,253.0,20.0,2.0,7.626485093932695,1.5005566581151073,3.447515476171268,56.277436347673394
2014-15,R4,East Midlands,East Midlands,Region,50<71,A to F2,1278.0,1010.0,260.0,252.0,8.0,553.0,8.0,280.0,273.0,192.0,207.0,26.0,32.0,7.961079168509509,1.6196248699628109,3.4448175118824405,54.75247524752476
2014-15,R5,West Midlands,West Midlands,Region,50<71,A to F2,1576.0,1213.0,362.0,350.0,12.0,629.0,1.0,314.0,315.0,239.0,289.0,23.0,33.0,8.269102623970953,1.899375095099927,3.300295400049321,51.854905193734545
2014-15,R6,East of England,East of England,Region,50<71,A to F2,1558.0,1236.0,321.0,309.0,12.0,643.0,1.0,301.0,342.0,208.0,284.0,14.0,87.0,7.868408692621977,1.621154807658315,3.2473599418202386,52.02265372168284
2014-15,R7,London,London,Region,50<71,A to F2,1804.0,1373.0,428.0,419.0,9.0,635.0,3.0,313.0,322.0,277.0,352.0,35.0,74.0,8.28994591315776,1.966794263210378,2.9180241989219393,46.249089584850694
2014-15,R8,South East,South East,Region,50<71,A to F2,2786.0,2163.0,623.0,607.0,16.0,1102.0,0.0,549.0,553.0,432.0,511.0,62.0,56.0,8.733186421869954,1.952898471222176,3.4544046794331265,50.94775774387424
2015-16,R1,North East,North East,Region,45 and over,A to F2,1030.0,835.0,194.0,188.0,6.0,437.0,1.0,201.0,236.0,156.0,203.0,18.0,21.0,8.065337060615315,1.5191023201547291,3.421895432513488,52.33532934131736
2015-16,R10,South West,South West,Region,45 and over,A to F2,2167.0,1720.0,447.0,429.0,18.0,877.0,0.0,474.0,403.0,357.0,406.0,28.0,52.0,8.924379576472914,1.84088494263193,3.611758601092176,50.98837209302326
2015-16,R2,North West,North West,Region,45 and over,A to F2,2209.0,1765.0,443.0,422.0,21.0,922.0,1.0,453.0,469.0,349.0,402.0,45.0,47.0,8.68440502586844,1.741598653897564,3.624726769511409,52.23796033994334
2015-16,R3,Yorkshire and the Humber,Yorkshire and the Humber,Region,45 and over,A to F2,1752.0,1387.0,365.0,355.0,10.0,750.0,0.0,400.0,350.0,271.0,298.0,23.0,45.0,8.03389643977329,1.6737284249527686,3.439167996478292,54.073540014419606
2015-16,R4,East Midlands,East Midlands,Region,45 and over,A to F2,1768.0,1417.0,351.0,343.0,8.0,802.0,0.0,392.0,410.0,244.0,304.0,30.0,37.0,8.479901003870634,1.6835097581213756,3.8466519259639416,56.5984474241355
2015-16,R5,West Midlands,West Midlands,Region,45 and over,A to F2,1940.0,1542.0,398.0,389.0,9.0,818.0,0.0,414.0,404.0,253.0,402.0,24.0,45.0,8.678303346962146,1.7803941917994508,3.659202132894348,53.047989623865114
2015-16,R6,East of England,East of England,Region,45 and over,A to F2,1903.0,1540.0,362.0,346.0,16.0,840.0,1.0,400.0,440.0,284.0,333.0,30.0,53.0,7.801226551226551,1.4839958021776205,3.443526170798898,54.54545454545454
2015-16,R7,London,London,Region,45 and over,A to F2,2110.0,1580.0,529.0,511.0,18.0,715.0,1.0,375.0,340.0,296.0,430.0,45.0,94.0,7.986706486644032,2.002354375087532,2.706395799976532,45.25316455696203
2015-16,R8,South East,South East,Region,45 and over,A to F2,3441.0,2698.0,741.0,716.0,25.0,1382.0,2.0,710.0,672.0,507.0,661.0,79.0,69.0,9.099828369990929,1.9595968678184479,3.6547407170379147,51.223128243143066
2015-16,R1,North East,North East,Region,50<71,A to F2,860.0,697.0,162.0,156.0,6.0,377.0,1.0,171.0,206.0,121.0,168.0,15.0,16.0,7.8282874255857555,1.4746308871452238,3.431702743541663,54.08895265423242
2015-16,R10,South West,South West,Region,50<71,A to F2,1767.0,1413.0,354.0,337.0,17.0,733.0,0.0,418.0,315.0,295.0,320.0,21.0,44.0,8.650358106222678,1.7330089245064106,3.5884054849242912,51.87544232130219
2015-16,R2,North West,North West,Region,50<71,A to F2,1844.0,1476.0,367.0,348.0,19.0,776.0,1.0,388.0,388.0,288.0,337.0,35.0,40.0,8.56391822479821,1.704424071855175,3.6039048494812422,52.574525745257446
2015-16,R3,Yorkshire and the Humber,Yorkshire and the Humber,Region,50<71,A to F2,1441.0,1137.0,304.0,295.0,9.0,625.0,0.0,322.0,303.0,231.0,231.0,19.0,31.0,7.8225513134394795,1.6502814707047895,3.392848418389781,54.96921723834652
2015-16,R4,East Midlands,East Midlands,Region,50<71,A to F2,1466.0,1165.0,301.0,294.0,7.0,658.0,0.0,321.0,337.0,201.0,247.0,26.0,33.0,8.270710626678401,1.6981472705526597,3.712228917022093,56.48068669527897
2015-16,R5,West Midlands,West Midlands,Region,50<71,A to F2,1590.0,1271.0,319.0,310.0,9.0,677.0,0.0,348.0,329.0,208.0,333.0,19.0,34.0,8.41274292456574,1.6878396181990383,3.582029534547802,53.26514555468135
2015-16,R6,East of England,East of England,Region,50<71,A to F2,1553.0,1258.0,294.0,281.0,13.0,697.0,1.0,336.0,361.0,237.0,263.0,23.0,38.0,7.5568466587838,1.430594280542458,3.3915789576125617,55.4054054054054
2015-16,R7,London,London,Region,50<71,A to F2,1759.0,1322.0,437.0,422.0,15.0,614.0,0.0,321.0,293.0,247.0,351.0,35.0,75.0,7.709434524592176,1.9153057914990226,2.691070379817849,46.4447806354009
2015-16,R8,South East,South East,Region,50<71,A to F2,2832.0,2240.0,591.0,572.0,19.0,1150.0,1.0,586.0,564.0,428.0,539.0,65.0,58.0,8.816305183626328,1.8398433487016808,3.5800674297917645,51.33928571428571
2016-17,R1,North East,North East,Region,45 and over,A to F2,1039.0,821.0,218.0,209.0,9.0,439.0,0.0,227.0,212.0,156.0,177.0,15.0,34.0,7.920112817776423,1.66177535541411,3.346419179021992,53.47137637028014
2016-17,R10,South West,South West,Region,45 and over,A to F2,2341.0,1851.0,489.0,467.0,22.0,971.0,1.0,473.0,498.0,370.0,405.0,41.0,64.0,8.79374333238171,1.8368818836115577,3.6474689345333795,52.45813074014046
2016-17,R2,North West,North West,Region,45 and over,A to F2,2465.0,1974.0,491.0,476.0,15.0,1026.0,0.0,507.0,519.0,355.0,480.0,48.0,65.0,8.564291248440883,1.7059095346792994,3.5646907995538926,51.97568389057751
2016-17,R3,Yorkshire and the Humber,Yorkshire and the Humber,Region,45 and over,A to F2,1888.0,1536.0,351.0,340.0,11.0,864.0,1.0,454.0,410.0,277.0,324.0,25.0,46.0,8.38593046962099,1.5590368616721224,3.8376291979621477,56.25
2016-17,R4,East Midlands,East Midlands,Region,45 and over,A to F2,1620.0,1309.0,309.0,303.0,6.0,735.0,2.0,385.0,350.0,229.0,281.0,29.0,35.0,8.208267042287776,1.5656509358437793,3.7241211580750093,56.14973262032086
2016-17,R5,West Midlands,West Midlands,Region,45 and over,A to F2,1929.0,1527.0,402.0,390.0,12.0,768.0,0.0,370.0,398.0,273.0,391.0,34.0,61.0,8.54681920087905,1.7811411709452454,3.402777162402857,50.29469548133595
2016-17,R6,East of England,East of England,Region,45 and over,A to F2,1884.0,1534.0,349.0,329.0,20.0,805.0,1.0,408.0,397.0,301.0,336.0,35.0,57.0,7.725047358968681,1.4310199194692517,3.3007766050795055,52.47718383311604
2016-17,R7,London,London,Region,45 and over,A to F2,2224.0,1689.0,533.0,520.0,13.0,800.0,2.0,410.0,390.0,265.0,446.0,57.0,121.0,7.930281981429447,1.9005576870961762,2.8526194177803768,47.365304914150386
2016-17,R8,South East,South East,Region,45 and over,A to F2,3012.0,2326.0,685.0,658.0,27.0,1227.0,1.0,631.0,596.0,377.0,556.0,64.0,102.0,8.81740764702266,2.0052869316768005,3.5919519199524585,52.751504729148756
2016-17,R1,North East,North East,Region,50<71,A to F2,900.0,715.0,185.0,179.0,6.0,385.0,0.0,201.0,184.0,134.0,153.0,14.0,29.0,7.779410493560377,1.599101045898522,3.3278589333563833,53.84615384615385
2016-17,R10,South West,South West,Region,50<71,A to F2,1916.0,1515.0,400.0,380.0,20.0,814.0,1.0,401.0,413.0,288.0,328.0,32.0,53.0,8.434880608579277,1.760935408889202,3.583503557089526,53.72937293729373
2016-17,R2,North West,North West,Region,50<71,A to F2,2078.0,1678.0,400.0,388.0,12.0,882.0,0.0,431.0,451.0,302.0,399.0,39.0,56.0,8.409891132785626,1.6188433364361163,3.5695495568416367,52.56257449344458
2016-17,R3,Yorkshire and the Humber,Yorkshire and the Humber,Region,50<71,A to F2,1547.0,1267.0,280.0,269.0,11.0,704.0,0.0,373.0,331.0,231.0,273.0,24.0,35.0,8.104823077003678,1.4669363035300775,3.688296991732766,55.56432517758485
2016-17,R4,East Midlands,East Midlands,Region,50<71,A to F2,1297.0,1050.0,245.0,241.0,4.0,604.0,2.0,318.0,286.0,189.0,216.0,22.0,19.0,7.799580253892273,1.473320865230229,3.6321869493839114,57.52380952380952
2016-17,R5,West Midlands,West Midlands,Region,50<71,A to F2,1600.0,1274.0,326.0,314.0,12.0,638.0,0.0,306.0,332.0,226.0,337.0,26.0,47.0,8.32600471460017,1.6964234605997845,3.3199943799468175,50.078492935635786
2016-17,R6,East of England,East of England,Region,50<71,A to F2,1549.0,1272.0,276.0,259.0,17.0,681.0,1.0,348.0,333.0,243.0,281.0,28.0,39.0,7.338623711950728,1.3075920881203362,3.2263413478621343,53.5377358490566
2016-17,R7,London,London,Region,50<71,A to F2,1866.0,1410.0,454.0,443.0,11.0,676.0,2.0,350.0,326.0,219.0,368.0,49.0,98.0,7.679517992954269,1.8684357817798702,2.7820761860863263,47.94326241134752
2016-17,R8,South East,South East,Region,50<71,A to F2,2474.0,1917.0,556.0,533.0,23.0,1025.0,1.0,520.0,505.0,301.0,459.0,50.0,82.0,8.466774583249203,1.9027997850794487,3.507859316018768,53.46896191966615
2017-18,R1,North East,North East,Region,45 and over,A to F2,1013.0,771.0,241.0,230.0,11.0,415.0,1.0,203.0,212.0,140.0,167.0,17.0,32.0,7.989589084312644,1.9007808186765518,3.2731287956463446,53.82619974059663
2017-18,R10,South West,South West,Region,45 and over,A to F2,2459.0,1934.0,523.0,500.0,23.0,1025.0,2.0,524.0,501.0,372.0,417.0,34.0,86.0,9.132572718899485,1.9423893989363283,3.8067861069019817,52.99896587383661
2017-18,R2,North West,North West,Region,45 and over,A to F2,2302.0,1785.0,515.0,488.0,27.0,908.0,2.0,412.0,496.0,325.0,444.0,56.0,52.0,8.633751894024634,1.9315300718604198,3.405493796600507,50.86834733893557
2017-18,R3,Yorkshire and the Humber,Yorkshire and the Humber,Region,45 and over,A to F2,1744.0,1379.0,364.0,352.0,12.0,765.0,1.0,404.0,361.0,233.0,302.0,31.0,48.0,7.929110839330936,1.6549290971998054,3.478079009224866,55.474981870920956
2017-18,R4,East Midlands,East Midlands,Region,45 and over,A to F2,1737.0,1396.0,341.0,329.0,12.0,762.0,0.0,363.0,399.0,248.0,301.0,30.0,55.0,8.310010764262648,1.6313838057648606,3.645496950125583,54.58452722063038
2017-18,R5,West Midlands,West Midlands,Region,45 and over,A to F2,1780.0,1399.0,381.0,367.0,14.0,674.0,0.0,342.0,332.0,271.0,363.0,48.0,43.0,8.127853881278538,1.7397260273972603,3.077625570776256,48.17726947819872
2017-18,R6,East of England,East of England,Region,45 and over,A to F2,1816.0,1481.0,333.0,308.0,25.0,784.0,2.0,371.0,413.0,259.0,327.0,43.0,68.0,7.88779867001985,1.4463859896016575,3.4053051526957945,52.93720459149224
2017-18,R7,London,London,Region,45 and over,A to F2,2265.0,1749.0,515.0,506.0,9.0,749.0,1.0,374.0,375.0,320.0,455.0,50.0,175.0,8.311743594636448,1.8898666451380886,2.748563334385298,42.82447112635792
2017-18,R8,South East,South East,Region,45 and over,A to F2,2885.0,2247.0,638.0,611.0,27.0,1141.0,0.0,578.0,563.0,432.0,536.0,58.0,80.0,8.875530301398857,1.9627689193388114,3.51021839649778,50.77881619937694
2017-18,R1,North East,North East,Region,50<71,A to F2,872.0,666.0,205.0,198.0,7.0,358.0,1.0,175.0,183.0,122.0,147.0,10.0,29.0,7.751180010488982,1.8222384198970658,3.1822505088934125,53.753753753753756
2017-18,R10,South West,South West,Region,50<71,A to F2,2006.0,1586.0,419.0,398.0,21.0,847.0,1.0,432.0,415.0,313.0,335.0,29.0,62.0,8.747487168753244,1.827117210223135,3.693480374842471,53.40479192938209
2017-18,R2,North West,North West,Region,50<71,A to F2,1889.0,1464.0,423.0,401.0,22.0,745.0,2.0,327.0,418.0,269.0,364.0,46.0,40.0,8.313272630453246,1.8615745487992186,3.2786596663248644,50.887978142076506
2017-18,R3,Yorkshire and the Humber,Yorkshire and the Humber,Region,50<71,A to F2,1429.0,1135.0,294.0,284.0,10.0,625.0,0.0,340.0,285.0,192.0,259.0,26.0,33.0,7.6516952601255115,1.574246610550665,3.346612692497162,55.06607929515418
2017-18,R4,East Midlands,East Midlands,Region,50<71,A to F2,1421.0,1146.0,275.0,264.0,11.0,639.0,0.0,307.0,332.0,197.0,244.0,23.0,43.0,8.002432829685027,1.548676304126237,3.598560575769692,55.75916230366492
2017-18,R5,West Midlands,West Midlands,Region,50<71,A to F2,1488.0,1184.0,304.0,291.0,13.0,566.0,0.0,291.0,275.0,238.0,308.0,37.0,35.0,7.9944125073873105,1.6332670714017083,3.040885402675549,47.80405405405405
2017-18,R6,East of England,East of England,Region,50<71,A to F2,1544.0,1262.0,280.0,257.0,23.0,681.0,2.0,320.0,361.0,219.0,274.0,33.0,55.0,7.57527438291442,1.373754421772045,3.3411670043812953,53.961965134706816
2017-18,R7,London,London,Region,50<71,A to F2,1898.0,1479.0,418.0,410.0,8.0,647.0,1.0,325.0,322.0,262.0,388.0,39.0,143.0,8.102731363290955,1.7844792991863117,2.76210073342953,43.745774171737665
2017-18,R8,South East,South East,Region,50<71,A to F2,2359.0,1838.0,521.0,497.0,24.0,931.0,0.0,469.0,462.0,366.0,435.0,45.0,61.0,8.534577883902244,1.8849152511712883,3.368245871094951,50.65288356909684
2018-19,R1,North East,North East,Region,45 and over,A to F2,1113.0,860.0,251.0,237.0,14.0,475.0,2.0,249.0,226.0,144.0,184.0,21.0,36.0,8.591741738264513,1.9375805717020604,3.6667361416672457,55.23255813953488
2018-19,R10,South West,South West,Region,45 and over,A to F2,2583.0,2042.0,540.0,513.0,27.0,1105.0,1.0,560.0,545.0,328.0,484.0,45.0,80.0,9.22776833049915,1.9291501736235157,3.9476128552851564,54.113614103819785
2018-19,R2,North West,North West,Region,45 and over,A to F2,2455.0,1941.0,509.0,490.0,19.0,994.0,5.0,510.0,484.0,340.0,475.0,58.0,74.0,8.988196356393884,1.8635405072930702,3.639212699900416,51.2107161257084
2018-19,R3,Yorkshire and the Humber,Yorkshire and the Humber,Region,45 and over,A to F2,1962.0,1560.0,401.0,388.0,13.0,831.0,1.0,442.0,389.0,273.0,353.0,28.0,75.0,8.44721138694428,1.7264687900941162,3.5777944253571334,53.26923076923077
2018-19,R4,East Midlands,East Midlands,Region,45 and over,A to F2,1827.0,1452.0,375.0,364.0,11.0,815.0,0.0,421.0,394.0,254.0,295.0,33.0,55.0,8.241795421224767,1.691665726852374,3.676553513025826,56.12947658402204
2018-19,R5,West Midlands,West Midlands,Region,45 and over,A to F2,1906.0,1529.0,377.0,362.0,15.0,762.0,0.0,353.0,409.0,268.0,382.0,55.0,62.0,8.770113514533264,1.7346971642072617,3.5062048783181257,49.83649444081099
2018-19,R6,East of England,East of England,Region,45 and over,A to F2,2208.0,1831.0,375.0,347.0,28.0,920.0,2.0,440.0,480.0,375.0,397.0,45.0,94.0,8.590637450199203,1.459007719123506,3.5794322709163344,50.24576734025123
2018-19,R7,London,London,Region,45 and over,A to F2,2210.0,1630.0,580.0,561.0,19.0,690.0,0.0,339.0,351.0,280.0,451.0,60.0,149.0,8.222949843726745,2.1580592350052092,2.5673463312993006,42.331288343558285
2018-19,R8,South East,South East,Region,45 and over,A to F2,3294.0,2572.0,720.0,699.0,21.0,1296.0,2.0,648.0,648.0,464.0,604.0,73.0,135.0,9.282403167401688,2.0289405830386205,3.6520930494695163,50.38880248833593
2018-19,R1,North East,North East,Region,50<71,A to F2,908.0,700.0,206.0,196.0,10.0,387.0,2.0,206.0,181.0,117.0,151.0,15.0,30.0,8.1799591002045,1.8558056989450735,3.4863922596686576,55.285714285714285
2018-19,R10,South West,South West,Region,50<71,A to F2,2012.0,1588.0,424.0,400.0,24.0,868.0,0.0,432.0,436.0,260.0,367.0,38.0,55.0,8.687429565758057,1.8307505645533875,3.7478572878121232,54.65994962216625
2018-19,R2,North West,North West,Region,50<71,A to F2,1943.0,1534.0,406.0,390.0,16.0,791.0,3.0,399.0,392.0,269.0,379.0,43.0,52.0,8.568114970609118,1.790352381918323,3.4881003302891465,51.56453715775749
2018-19,R3,Yorkshire and the Humber,Yorkshire and the Humber,Region,50<71,A to F2,1529.0,1221.0,308.0,297.0,11.0,654.0,0.0,351.0,303.0,216.0,276.0,21.0,54.0,7.955710264375172,1.6025891180036318,3.402900270046673,53.56265356265356
2018-19,R4,East Midlands,East Midlands,Region,50<71,A to F2,1424.0,1137.0,287.0,277.0,10.0,655.0,0.0,339.0,316.0,199.0,220.0,24.0,39.0,7.73064353264351,1.55807211648082,3.5558788721077947,57.607739665787165
2018-19,R5,West Midlands,West Midlands,Region,50<71,A to F2,1488.0,1194.0,294.0,284.0,10.0,595.0,0.0,271.0,324.0,204.0,308.0,43.0,44.0,8.251081290894977,1.6302539647332817,3.299323500055451,49.83249581239531
2018-19,R6,East of England,East of England,Region,50<71,A to F2,1716.0,1410.0,306.0,283.0,23.0,721.0,0.0,341.0,380.0,295.0,292.0,36.0,66.0,7.763406126576093,1.384383609983849,3.261897329406389,51.13475177304964
2018-19,R7,London,London,Region,50<71,A to F2,1793.0,1324.0,469.0,453.0,16.0,577.0,0.0,292.0,285.0,229.0,354.0,48.0,116.0,7.874534467008642,2.0597638957206104,2.5340805284238637,43.58006042296073
2018-19,R8,South East,South East,Region,50<71,A to F2,2472.0,1930.0,541.0,525.0,16.0,999.0,1.0,486.0,513.0,335.0,457.0,51.0,88.0,8.439481204059964,1.8469900207914403,3.4106155836795726,51.76165803108809
2019-20,R1,North East,North East,Region,45 and over,A to F2,1017.0,802.0,215.0,207.0,8.0,419.0,0.0,195.0,224.0,137.0,189.0,23.0,34.0,8.292360754384678,1.7530556167086584,3.4164200158182694,52.244389027431424
2019-20,R10,South West,South West,Region,45 and over,A to F2,2339.0,1815.0,523.0,494.0,29.0,976.0,1.0,498.0,478.0,327.0,410.0,42.0,60.0,8.952801625972693,2.0018449125197604,3.7357564715473917,53.77410468319559
2019-20,R2,North West,North West,Region,45 and over,A to F2,2234.0,1755.0,478.0,461.0,17.0,871.0,1.0,417.0,454.0,331.0,422.0,65.0,66.0,8.17712965911545,1.749627563588713,3.1881288867903117,49.629629629629626
2019-20,R3,Yorkshire and the Humber,Yorkshire and the Humber,Region,45 and over,A to F2,1719.0,1403.0,316.0,304.0,12.0,734.0,0.0,379.0,355.0,271.0,316.0,34.0,48.0,7.870338575647278,1.446787079641966,3.3605750520797564,52.316464718460445
2019-20,R4,East Midlands,East Midlands,Region,45 and over,A to F2,1763.0,1426.0,337.0,332.0,5.0,765.0,0.0,361.0,404.0,259.0,286.0,43.0,73.0,8.497941791749815,1.62439386490056,3.6874222749226364,53.64656381486677
2019-20,R5,West Midlands,West Midlands,Region,45 and over,A to F2,1765.0,1416.0,348.0,337.0,11.0,692.0,1.0,345.0,347.0,252.0,372.0,39.0,61.0,8.687819332736098,1.7129524803355025,3.4062158517016314,48.87005649717514
2019-20,R6,East of England,East of England,Region,45 and over,A to F2,1858.0,1518.0,339.0,319.0,20.0,800.0,1.0,391.0,409.0,293.0,320.0,37.0,68.0,8.068858894852953,1.472197613215905,3.4742126565567077,52.70092226613966
2019-20,R7,London,London,Region,45 and over,A to F2,2075.0,1563.0,510.0,484.0,26.0,701.0,2.0,376.0,325.0,269.0,419.0,50.0,124.0,7.735033176768806,1.9011406844106464,2.6131365093565946,44.849648112603965
2019-20,R8,South East,South East,Region,45 and over,A to F2,3001.0,2324.0,676.0,646.0,30.0,1134.0,1.0,521.0,613.0,441.0,583.0,77.0,89.0,8.854518577966086,1.9945533351233171,3.345892724896215,48.795180722891565
2019-20,R1,North East,North East,Region,50<71,A to F2,887.0,701.0,186.0,180.0,6.0,363.0,0.0,165.0,198.0,119.0,171.0,20.0,28.0,8.05667832326627,1.6894500204368954,3.2971524592397476,51.78316690442225
2019-20,R10,South West,South West,Region,50<71,A to F2,1896.0,1476.0,419.0,394.0,25.0,775.0,1.0,400.0,375.0,275.0,342.0,37.0,47.0,8.46353004196054,1.8703687170788321,3.4595125435229,52.50677506775068
2019-20,R2,North West,North West,Region,50<71,A to F2,1841.0,1457.0,384.0,372.0,12.0,723.0,0.0,348.0,375.0,278.0,351.0,54.0,51.0,7.858219116686657,1.6390853562236156,3.086090397264776,49.62251201098147
2019-20,R3,Yorkshire and the Humber,Yorkshire and the Humber,Region,50<71,A to F2,1405.0,1137.0,268.0,256.0,12.0,605.0,0.0,317.0,288.0,219.0,253.0,25.0,35.0,7.572042187862097,1.444346837257681,3.260559091570512,53.21020228671943
2019-20,R4,East Midlands,East Midlands,Region,50<71,A to F2,1423.0,1147.0,276.0,273.0,3.0,618.0,0.0,294.0,324.0,218.0,228.0,33.0,50.0,8.064698948132028,1.5642002176278564,3.502448313384113,53.879686137750646
2019-20,R5,West Midlands,West Midlands,Region,50<71,A to F2,1444.0,1159.0,284.0,274.0,10.0,571.0,1.0,274.0,297.0,201.0,306.0,34.0,47.0,8.298039846681647,1.6320244573806009,3.2812886097335316,49.26660914581536
2019-20,R6,East of England,East of England,Region,50<71,A to F2,1524.0,1244.0,280.0,263.0,17.0,654.0,0.0,317.0,337.0,250.0,257.0,32.0,51.0,7.503914443558155,1.3786719450106846,3.2201837572749565,52.572347266881025
2019-20,R7,London,London,Region,50<71,A to F2,1785.0,1331.0,452.0,431.0,21.0,613.0,2.0,326.0,287.0,230.0,347.0,44.0,97.0,7.5337117774917175,1.9076962036001435,2.5872074619621417,46.055597295266715
2019-20,R8,South East,South East,Region,50<71,A to F2,2474.0,1911.0,563.0,538.0,25.0,942.0,0.0,433.0,509.0,366.0,474.0,65.0,64.0,8.505050088350762,1.93546612762388,3.2383820465749467,49.293563579277865
2020-21,R1,North East,North East,Region,45 and over,A to F2,666.0,539.0,127.0,120.0,7.0,291.0,0.0,157.0,134.0,91.0,115.0,16.0,26.0,9.31911678280581,1.7770688159404473,4.071866342036772,53.98886827458256
2020-21,R10,South West,South West,Region,45 and over,A to F2,1468.0,1143.0,323.0,308.0,15.0,602.0,2.0,290.0,312.0,198.0,251.0,32.0,60.0,9.887519364181315,2.1755236748164615,4.054691183404055,52.66841644794401
2020-21,R2,North West,North West,Region,45 and over,A to F2,1284.0,1001.0,283.0,277.0,6.0,451.0,0.0,216.0,235.0,187.0,277.0,30.0,56.0,9.280407065830177,2.045447974789673,3.2597068432160516,45.05494505494506
2020-21,R3,Yorkshire and the Humber,Yorkshire and the Humber,Region,45 and over,A to F2,980.0,778.0,200.0,193.0,7.0,381.0,2.0,208.0,173.0,133.0,203.0,22.0,39.0,8.440272155714409,1.722504521574369,3.281371113599173,48.97172236503856
2020-21,R4,East Midlands,East Midlands,Region,45 and over,A to F2,1048.0,835.0,213.0,204.0,9.0,447.0,0.0,214.0,233.0,147.0,164.0,16.0,61.0,9.147006711878015,1.8590767458301694,3.9014427482914824,53.53293413173653
2020-21,R5,West Midlands,West Midlands,Region,45 and over,A to F2,1031.0,800.0,230.0,221.0,9.0,364.0,1.0,174.0,190.0,136.0,215.0,27.0,58.0,9.353594919482877,2.0866409616693127,3.302336130641869,45.5
2020-21,R6,East of England,East of England,Region,45 and over,A to F2,1244.0,1029.0,215.0,206.0,9.0,526.0,0.0,244.0,282.0,165.0,254.0,22.0,62.0,8.593296675969162,1.4851758724544777,3.6335000414467684,51.1175898931001
2020-21,R7,London,London,Region,45 and over,A to F2,1119.0,840.0,278.0,267.0,11.0,352.0,1.0,177.0,175.0,160.0,222.0,36.0,70.0,8.76656952148162,2.1779323744163457,2.757669769045157,41.904761904761905
2020-21,R8,South East,South East,Region,45 and over,A to F2,1973.0,1547.0,426.0,406.0,20.0,726.0,0.0,360.0,366.0,284.0,394.0,41.0,102.0,9.153286229245051,1.9763304276018203,3.368112418870708,46.9295410471881
2020-21,R1,North East,North East,Region,50<71,A to F2,623.0,503.0,120.0,113.0,7.0,270.0,0.0,147.0,123.0,87.0,107.0,15.0,24.0,9.110984366545285,1.7549247576010178,3.94858070460229,53.677932405566594
2020-21,R10,South West,South West,Region,50<71,A to F2,1345.0,1047.0,296.0,282.0,14.0,548.0,2.0,267.0,281.0,181.0,231.0,32.0,55.0,9.65278674876918,2.124330764041396,3.9328826307252864,52.340019102196756
2020-21,R2,North West,North West,Region,50<71,A to F2,1169.0,913.0,256.0,250.0,6.0,408.0,0.0,198.0,210.0,170.0,252.0,30.0,53.0,9.036517114498624,1.9789122166908877,3.153891345351102,44.687842278203725
2020-21,R3,Yorkshire and the Humber,Yorkshire and the Humber,Region,50<71,A to F2,880.0,698.0,180.0,174.0,6.0,345.0,2.0,191.0,154.0,119.0,181.0,17.0,36.0,8.181860443494028,1.6735623634419599,3.20766119659709,49.4269340974212
2020-21,R4,East Midlands,East Midlands,Region,50<71,A to F2,948.0,755.0,193.0,185.0,8.0,408.0,0.0,193.0,215.0,128.0,154.0,12.0,53.0,8.854847748925835,1.8027274425555762,3.810947132449094,54.03973509933775
2020-21,R5,West Midlands,West Midlands,Region,50<71,A to F2,937.0,720.0,216.0,208.0,8.0,327.0,1.0,156.0,171.0,122.0,199.0,25.0,47.0,9.086413048748557,2.094626700672026,3.171032088517373,45.416666666666664
2020-21,R6,East of England,East of England,Region,50<71,A to F2,1149.0,950.0,199.0,191.0,8.0,493.0,0.0,227.0,266.0,147.0,237.0,20.0,53.0,8.306884809751372,1.4387032873285666,3.564224726899414,51.89473684210526
2020-21,R7,London,London,Region,50<71,A to F2,1040.0,777.0,262.0,251.0,11.0,326.0,1.0,161.0,165.0,145.0,206.0,35.0,65.0,8.671797480175771,2.1846259036596654,2.7182749793627896,41.95624195624196
2020-21,R8,South East,South East,Region,50<71,A to F2,1811.0,1409.0,402.0,385.0,17.0,661.0,0.0,333.0,328.0,258.0,366.0,36.0,88.0,8.925051253745465,1.9811543920517267,3.25756978394575,46.91270404542229
2021-22,R1,North East,North East,Region,45 and over,A to F2,1191.0,927.0,264.0,252.0,12.0,487.0,0.0,252.0,235.0,157.0,207.0,37.0,39.0,8.895428302549126,1.9717825960310404,3.6373413797996847,52.53505933117584
2021-22,R10,South West,South West,Region,45 and over,A to F2,2681.0,2123.0,558.0,530.0,28.0,1029.0,0.0,505.0,524.0,454.0,492.0,44.0,104.0,9.758316954211255,2.031011137803014,3.745359248744267,48.469147432878
2021-22,R2,North West,North West,Region,45 and over,A to F2,2392.0,1885.0,502.0,480.0,22.0,887.0,5.0,452.0,435.0,354.0,485.0,47.0,112.0,9.236127467826073,1.9383511659066424,3.424935227408749,47.05570291777189
2021-22,R3,Yorkshire and the Humber,Yorkshire and the Humber,Region,45 and over,A to F2,1936.0,1552.0,384.0,365.0,19.0,755.0,0.0,337.0,418.0,316.0,374.0,38.0,69.0,8.187465903179833,1.6239601791431073,3.192942539721474,48.646907216494846
2021-22,R4,East Midlands,East Midlands,Region,45 and over,A to F2,2033.0,1630.0,403.0,386.0,17.0,855.0,0.0,410.0,445.0,255.0,395.0,32.0,93.0,8.912601269596326,1.7667379791673974,3.748290253568548,52.45398773006135
2021-22,R5,West Midlands,West Midlands,Region,45 and over,A to F2,1986.0,1582.0,404.0,394.0,10.0,724.0,0.0,376.0,348.0,308.0,414.0,45.0,91.0,9.801792553401508,1.9939195325147074,3.5732617364867534,45.76485461441214
2021-22,R6,East of England,East of England,Region,45 and over,A to F2,2152.0,1746.0,405.0,372.0,33.0,810.0,1.0,385.0,425.0,347.0,420.0,50.0,119.0,8.531658717793187,1.6056327977259484,3.2112655954518967,46.391752577319586
2021-22,R7,London,London,Region,45 and over,A to F2,2416.0,1847.0,569.0,548.0,21.0,753.0,0.0,373.0,380.0,383.0,492.0,65.0,154.0,8.983349569795717,2.1156978084494056,2.7998601929040463,40.768814293448834
2021-22,R8,South East,South East,Region,45 and over,A to F2,3365.0,2601.0,764.0,719.0,45.0,1250.0,0.0,629.0,621.0,461.0,633.0,81.0,176.0,9.717625722685241,2.2063197777508248,3.6098163902991236,48.05843906189927
2021-22,R1,North East,North East,Region,50<71,A to F2,1075.0,839.0,236.0,226.0,10.0,443.0,0.0,227.0,216.0,142.0,184.0,34.0,36.0,8.571815869421343,1.881812600170639,3.5323855164220044,52.80095351609059
2021-22,R10,South West,South West,Region,50<71,A to F2,2386.0,1885.0,501.0,476.0,25.0,919.0,0.0,447.0,472.0,408.0,427.0,40.0,91.0,9.290047267885093,1.9506763123262496,3.5781866886782905,48.753315649867375
2021-22,R2,North West,North West,Region,50<71,A to F2,2161.0,1695.0,461.0,442.0,19.0,797.0,5.0,407.0,390.0,317.0,433.0,44.0,104.0,8.864186389925756,1.8909717379712048,3.269207104475163,47.02064896755162
2021-22,R3,Yorkshire and the Humber,Yorkshire and the Humber,Region,50<71,A to F2,1729.0,1387.0,342.0,325.0,17.0,683.0,0.0,305.0,378.0,283.0,327.0,35.0,59.0,7.810170839017427,1.5448689571682823,3.0852207536430902,49.24297043979812
2021-22,R4,East Midlands,East Midlands,Region,50<71,A to F2,1829.0,1455.0,374.0,358.0,16.0,775.0,0.0,364.0,411.0,228.0,344.0,30.0,78.0,8.549165883733215,1.7481618592215538,3.6225279168361073,53.264604810996566
2021-22,R5,West Midlands,West Midlands,Region,50<71,A to F2,1767.0,1407.0,360.0,352.0,8.0,645.0,0.0,334.0,311.0,274.0,363.0,40.0,85.0,9.293787836551358,1.893471206088562,3.392469244242007,45.84221748400853
2021-22,R6,East of England,East of England,Region,50<71,A to F2,1822.0,1473.0,349.0,318.0,31.0,696.0,0.0,339.0,357.0,291.0,345.0,46.0,95.0,7.945645158476809,1.5219704502241527,3.035219006750746,47.25050916496945
2021-22,R7,London,London,Region,50<71,A to F2,2209.0,1680.0,529.0,510.0,19.0,682.0,0.0,336.0,346.0,352.0,441.0,59.0,146.0,8.589515269817323,2.056973099924565,2.651901047539798,40.595238095238095
2021-22,R8,South East,South East,Region,50<71,A to F2,2971.0,2276.0,695.0,657.0,38.0,1095.0,0.0,551.0,544.0,413.0,545.0,71.0,152.0,9.204753878947107,2.1532493927526892,3.392529618797403,48.110720562390156
2011-12,R1,North East,Gateshead,BSU,45 and over,A to F2,225.0,not included,not included,not included,not included,not included,not included,not included,not included,not included,not included,not included,not included,6.935454041057888,1.7261574502188521,2.527587694963319,48.5207100591716
2011-12,R1,North East,Newcastle,BSU,45 and over,A to F2,293.0,not included,not included,not included,not included,not included,not included,not included,not included,not included,not included,not included,not included,8.969845400275526,2.234807898362161,3.3369049441298024,49.77168949771689
2011-12,R1,North East,North Cumbria,BSU,45 and over,A to F2,159.0,not included,not included,not included,not included,not included,not included,not included,not included,not included,not included,not included,not included,9.160569222791958,1.1522728582128248,4.205795932476811,52.51798561151079
2011-12,R1,North East,North Tees,BSU,45 and over,A to F2,250.0,not included,not included,not included,not included,not included,not included,not included,not included,not included,not included,not included,not included,7.485926458258474,1.3474667624865253,3.263863935800695,53.170731707317074
2011-12,R10,South West,Avon,BSU,45 and over,A to F2,309.0,not included,not included,not included,not included,not included,not included,not included,not included,not included,not included,not included,not included,8.869370533023336,2.0092425155716294,3.9323746376187607,57.32217573221757
2011-12,R10,South West,Cornwall,BSU,45 and over,A to F2,168.0,not included,not included,not included,not included,not included,not included,not included,not included,not included,not included,not included,not included,9.410710284561953,2.296661438494286,4.425274479049966,62.698412698412696
2011-12,R10,South West,Dorset,BSU,45 and over,A to F2,286.0,not included,not included,not included,not included,not included,not included,not included,not included,not included,not included,not included,not included,8.827705413914439,2.1914933020556826,3.580467930119143,53.95348837209303
2011-12,R10,South West,Gloucestershire,BSU,45 and over,A to F2,210.0,not included,not included,not included,not included,not included,not included,not included,not included,not included,not included,not included,not included,7.999695249704773,1.3713763285208183,2.438002361814788,36.7816091954023
2011-12,R10,South West,North & East Devon,BSU,45 and over,A to F2,183.0,not included,not included,not included,not included,not included,not included,not included,not included,not included,not included,not included,not included,6.7750175854281585,1.4808781607493244,3.33197586168598,62.93706293706294
2011-12,R10,South West,Somerset,BSU,45 and over,A to F2,187.0,not included,not included,not included,not included,not included,not included,not included,not included,not included,not included,not included,not included,8.159881310817298,1.4399790548501112,3.7963084173321118,56.493506493506494
2011-12,R10,South West,South Devon (Torbay),BSU,45 and over,A to F2,75.0,not included,not included,not included,not included,not included,not included,not included,not included,not included,not included,not included,not included,6.852444038373687,2.0100502512562817,2.649611694837825,54.71698113207547
2011-12,R10,South West,West Devon & East Cornwall,BSU,45 and over,A to F2,191.0,not included,not included,not included,not included,not included,not included,not included,not included,not included,not included,not included,not included,8.59044706305658,2.338760456957812,2.428712782225421,38.84892086330935
2011-12,R10,South West,Wiltshire,BSU,45 and over,A to F2,178.0,not included,not included,not included,not included,not included,not included,not included,not included,not included,not included,not included,not included,7.730391731086598,1.6503083470859028,2.9966125249717708,49.28571428571429
2011-12,R2,North West,"Bolton, Bury & Rochdale",BSU,45 and over,A to F2,195.0,not included,not included,not included,not included,not included,not included,not included,not included,not included,not included,not included,not included,7.227843878572223,1.4826346417584046,2.8911375514288893,50.32258064516129
2011-12,R2,North West,Chester,BSU,45 and over,A to F2,77.0,not included,not included,not included,not included,not included,not included,not included,not included,not included,not included,not included,not included,8.553654743390357,1.666296378582537,2.6660742057320594,38.70967741935484
2011-12,R2,North West,Crewe,BSU,45 and over,A to F2,92.0,not included,not included,not included,not included,not included,not included,not included,not included,not included,not included,not included,not included,7.382442625581768,1.2839030653185683,2.0060985395602633,32.89473684210527
2011-12,R2,North West,East Cheshire & Stockport,BSU,45 and over,A to F2,176.0,not included,not included,not included,not included,not included,not included,not included,not included,not included,not included,not included,not included,8.567812287021711,1.606464803816571,3.6510563723103884,52.44755244755245
2011-12,R2,North West,East Lancashire,BSU,45 and over,A to F2,166.0,not included,not included,not included,not included,not included,not included,not included,not included,not included,not included,not included,not included,9.212497918863422,2.2198790165935955,4.217770131527832,60.317460317460316
2011-12,R2,North West,Greater Manchester,BSU,45 and over,A to F2,329.0,not included,not included,not included,not included,not included,not included,not included,not included,not included,not included,not included,not included,8.656755690040784,1.7366136034732274,3.8942244441520852,56.48854961832062
2011-12,R2,North West,Liverpool,BSU,45 and over,A to F2,247.0,not included,not included,not included,not included,not included,not included,not included,not included,not included,not included,not included,not included,8.10181388788664,1.9680519565716537,2.689671007314593,43.85026737967914
2011-12,R2,North West,North Lancashire,BSU,45 and over,A to F2,290.0,not included,not included,not included,not included,not included,not included,not included,not included,not included,not included,not included,not included,10.052341502305106,1.8371520676626572,3.3623349162882596,41.27659574468085
2011-12,R2,North West,South Lancashire,BSU,45 and over,A to F2,188.0,not included,not included,not included,not included,not included,not included,not included,not included,not included,not included,not included,not included,7.070593102410772,1.1658956711422017,2.70788672007221,45.85987261146497
2011-12,R2,North West,Warrington,BSU,45 and over,A to F2,186.0,not included,not included,not included,not included,not included,not included,not included,not included,not included,not included,not included,not included,9.440665922241397,1.6749568571718607,3.0453761039488376,39.21568627450981
2011-12,R2,North West,Wirral,BSU,45 and over,A to F2,106.0,not included,not included,not included,not included,not included,not included,not included,not included,not included,not included,not included,not included,8.68994917199541,1.311690441055911,3.279226102639777,44.44444444444444
2011-12,R3,Yorkshire and the Humber,Barnsley,BSU,45 and over,A to F2,56.0,not included,not included,not included,not included,not included,not included,not included,not included,not included,not included,not included,not included,6.416867193766472,1.3750429700928155,2.6354990260112294,52.27272727272727
2011-12,R3,Yorkshire and the Humber,Doncaster,BSU,45 and over,A to F2,136.0,not included,not included,not included,not included,not included,not included,not included,not included,not included,not included,not included,not included,7.498070349542398,1.6539861065167052,2.9771749917300694,50.943396226415096
2011-12,R3,Yorkshire and the Humber,Humberside,BSU,45 and over,A to F2,225.0,not included,not included,not included,not included,not included,not included,not included,not included,not included,not included,not included,not included,6.97328457199529,1.549618793776731,3.0372528358023922,56.00000000000001
2011-12,R3,Yorkshire and the Humber,Leeds Wakefield,BSU,45 and over,A to F2,357.0,not included,not included,not included,not included,not included,not included,not included,not included,not included,not included,not included,not included,8.762456433164793,1.5954052329291641,4.0744195179421725,57.24137931034483
2011-12,R3,Yorkshire and the Humber,North Yorkshire,BSU,45 and over,A to F2,259.0,not included,not included,not included,not included,not included,not included,not included,not included,not included,not included,not included,not included,7.136165757425469,1.377638177109164,3.113462280266711,54.066985645933016
2011-12,R3,Yorkshire and the Humber,Pennine,BSU,45 and over,A to F2,288.0,not included,not included,not included,not included,not included,not included,not included,not included,not included,not included,not included,not included,7.422871723498028,1.4948838887600195,3.5567927008428053,60.0
2011-12,R3,Yorkshire and the Humber,Rotherham,BSU,45 and over,A to F2,70.0,not included,not included,not included,not included,not included,not included,not included,not included,not included,not included,not included,not included,6.89383494189482,1.0833169194406145,3.840850896198542,66.10169491525424
2011-12,R3,Yorkshire and the Humber,Sheffield,BSU,45 and over,A to F2,159.0,not included,not included,not included,not included,not included,not included,not included,not included,not included,not included,not included,not included,8.252452379716614,1.6608709191882494,3.4255462708257642,51.96850393700787
2011-12,R4,East Midlands,Derby City & South Derbyshire,BSU,45 and over,A to F2,231.0,not included,not included,not included,not included,not included,not included,not included,not included,not included,not included,not included,not included,8.21245733788396,1.244311717861206,3.626279863481229,52.57731958762887
2011-12,R4,East Midlands,Kettering,BSU,45 and over,A to F2,107.0,not included,not included,not included,not included,not included,not included,not included,not included,not included,not included,not included,not included,7.771644392794887,1.3073794305636257,3.1958163858221966,49.43820224719101
2011-12,R4,East Midlands,Leicestershire,BSU,45 and over,A to F2,295.0,not included,not included,not included,not included,not included,not included,not included,not included,not included,not included,not included,not included,8.165863920721918,1.3840447323257488,3.9030061451586113,58.0246913580247
2011-12,R4,East Midlands,Lincolnshire,BSU,45 and over,A to F2,249.0,not included,not included,not included,not included,not included,not included,not included,not included,not included,not included,not included,not included,7.5748357264541255,0.9430518374300316,3.7417863227062544,56.42201834862385
2011-12,R4,East Midlands,North Derbyshire & Chesterfield,BSU,45 and over,A to F2,122.0,not included,not included,not included,not included,not included,not included,not included,not included,not included,not included,not included,not included,7.457668561648022,1.1614401858304297,3.3620636958249284,53.398058252427184
2011-12,R4,East Midlands,North Nottinghamshire,BSU,45 and over,A to F2,73.0,not included,not included,not included,not included,not included,not included,not included,not included,not included,not included,not included,not included,7.0456519640961295,1.2547051442910915,3.378052311552939,58.333333333333336
2011-12,R4,East Midlands,Northampton,BSU,45 and over,A to F2,132.0,not included,not included,not included,not included,not included,not included,not included,not included,not included,not included,not included,not included,8.72035409922706,1.8497720816542247,3.8316707405694657,55.769230769230774
2011-12,R4,East Midlands,Nottingham City,BSU,45 and over,A to F2,212.0,not included,not included,not included,not included,not included,not included,not included,not included,not included,not included,not included,not included,7.805021721522715,1.3621971872468892,4.012959281348944,63.372093023255815
2011-12,R5,West Midlands,"City, Sandwell & Walsall",BSU,45 and over,A to F2,280.0,not included,not included,not included,not included,not included,not included,not included,not included,not included,not included,not included,not included,6.659056316590563,1.688546423135464,2.045281582952816,41.14832535885167
2011-12,R5,West Midlands,Dudley & Wolverhampton,BSU,45 and over,A to F2,139.0,not included,not included,not included,not included,not included,not included,not included,not included,not included,not included,not included,not included,7.713651498335183,1.4983351831298557,3.274139844617092,52.67857142857143
2011-12,R5,West Midlands,Hereford & Worcester,BSU,45 and over,A to F2,261.0,not included,not included,not included,not included,not included,not included,not included,not included,not included,not included,not included,not included,8.983272527018656,1.961864115096028,4.233496248365113,60.29411764705882
2011-12,R5,West Midlands,North Staffordshire,BSU,45 and over,A to F2,192.0,not included,not included,not included,not included,not included,not included,not included,not included,not included,not included,not included,not included,8.629601330396872,2.292237853386669,3.505775540473729,55.319148936170215
2011-12,R5,West Midlands,Shropshire,BSU,45 and over,A to F2,202.0,not included,not included,not included,not included,not included,not included,not included,not included,not included,not included,not included,not included,8.379656517049698,2.0326889571061146,3.3186758483365137,52.28758169934641
2011-12,R5,West Midlands,South Birmingham,BSU,45 and over,A to F2,142.0,not included,not included,not included,not included,not included,not included,not included,not included,not included,not included,not included,not included,10.12405532582347,2.9944388991872235,3.921289034649936,55.00000000000001
2011-12,R5,West Midlands,South Staffordshire,BSU,45 and over,A to F2,208.0,not included,not included,not included,not included,not included,not included,not included,not included,not included,not included,not included,not included,8.195752393711336,1.1820796721699043,3.664446983726703,52.24719101123596
2011-12,R5,West Midlands,"Warwickshire, Solihull & Coventry",BSU,45 and over,A to F2,331.0,not included,not included,not included,not included,not included,not included,not included,not included,not included,not included,not included,not included,8.360697145743876,1.5660520333417531,3.359434200555696,49.44237918215613
2011-12,R6,East of England,Bedfordshire & Hertfordshire,BSU,45 and over,A to F2,332.0,not included,not included,not included,not included,not included,not included,not included,not included,not included,not included,not included,not included,7.657179759213986,1.845103556437105,2.9521656902993683,50.79365079365079
2011-12,R6,East of England,Cambridge & Huntingdon,BSU,45 and over,A to F2,150.0,not included,not included,not included,not included,not included,not included,not included,not included,not included,not included,not included,not included,8.724480893386843,2.2683650322805793,3.373465945442913,52.25225225225225
2011-12,R6,East of England,Colchester & Chelmsford,BSU,45 and over,A to F2,248.0,not included,not included,not included,not included,not included,not included,not included,not included,not included,not included,not included,not included,8.51940913775335,1.580212985228444,3.2291308828581244,46.53465346534654
2011-12,R6,East of England,East Suffolk,BSU,45 and over,A to F2,101.0,not included,not included,not included,not included,not included,not included,not included,not included,not included,not included,not included,not included,6.095720924618263,1.6899028305872412,2.474500573359889,56.16438356164384
2011-12,R6,East of England,Epping,BSU,45 and over,A to F2,91.0,not included,not included,not included,not included,not included,not included,not included,not included,not included,not included,not included,not included,8.3447959651536,2.1091242549289317,3.026134800550206,48.529411764705884
2011-12,R6,East of England,James Paget,BSU,45 and over,A to F2,78.0,not included,not included,not included,not included,not included,not included,not included,not included,not included,not included,not included,not included,6.940736785904965,1.5127246841074924,2.4915465385299873,45.90163934426229
2011-12,R6,East of England,Kings Lynn,BSU,45 and over,A to F2,103.0,not included,not included,not included,not included,not included,not included,not included,not included,not included,not included,not included,not included,9.919106317411401,1.7334360554699537,5.104006163328197,62.35294117647059
2011-12,R6,East of England,Norfolk & Norwich,BSU,45 and over,A to F2,204.0,not included,not included,not included,not included,not included,not included,not included,not included,not included,not included,not included,not included,7.876751998146647,1.3127919996911077,3.4750376462411676,52.94117647058824
2011-12,R6,East of England,Peterborough,BSU,45 and over,A to F2,103.0,not included,not included,not included,not included,not included,not included,not included,not included,not included,not included,not included,not included,6.854328874692221,1.9964064683569573,2.994609702535436,61.64383561643836
2011-12,R6,East of England,South Essex (Southend),BSU,45 and over,A to F2,165.0,not included,not included,not included,not included,not included,not included,not included,not included,not included,not included,not included,not included,7.192676547515258,1.3077593722755014,3.0950305143853534,52.59259259259259
2011-12,R6,East of England,West Suffolk,BSU,45 and over,A to F2,98.0,not included,not included,not included,not included,not included,not included,not included,not included,not included,not included,not included,not included,8.863163606764946,1.899249344306774,3.8889391335805374,55.84415584415584
2011-12,R7,London,Central & East London,BSU,45 and over,A to F2,200.0,not included,not included,not included,not included,not included,not included,not included,not included,not included,not included,not included,not included,6.868839509564859,0.7555723460521344,3.331387162138957,54.49438202247191
2011-12,R7,London,North London,BSU,45 and over,A to F2,358.0,not included,not included,not included,not included,not included,not included,not included,not included,not included,not included,not included,not included,7.416153957698921,2.009404843287138,1.9679738155904958,36.53846153846153
2011-12,R7,London,Outer North East London,BSU,45 and over,A to F2,181.0,not included,not included,not included,not included,not included,not included,not included,not included,not included,not included,not included,not included,8.191527878349023,1.4934829833454017,3.4847936278059377,52.02702702702703
2011-12,R7,London,South East London,BSU,45 and over,A to F2,361.0,not included,not included,not included,not included,not included,not included,not included,not included,not included,not included,not included,not included,7.92274772303303,1.6240535498738067,2.8750137166684953,45.64459930313589
2011-12,R7,London,South West London,BSU,45 and over,A to F2,322.0,not included,not included,not included,not included,not included,not included,not included,not included,not included,not included,not included,not included,9.090395799220822,2.2584834283778443,3.04895262831009,44.62809917355372
2011-12,R7,London,West of London,BSU,45 and over,A to F2,313.0,not included,not included,not included,not included,not included,not included,not included,not included,not included,not included,not included,not included,8.778818645874235,2.131598137656364,3.3095865821506703,49.789029535864984
2011-12,R8,South East,Aylesbury & Wycombe,BSU,45 and over,A to F2,149.0,not included,not included,not included,not included,not included,not included,not included,not included,not included,not included,not included,not included,7.74669855464282,1.7157117604242487,2.287615680565665,37.93103448275862
2011-12,R8,South East,Canterbury,BSU,45 and over,A to F2,212.0,not included,not included,not included,not included,not included,not included,not included,not included,not included,not included,not included,not included,8.581953608873416,1.6597174432255193,4.048091324940291,58.82352941176471
2011-12,R8,South East,East Berkshire,BSU,45 and over,A to F2,119.0,not included,not included,not included,not included,not included,not included,not included,not included,not included,not included,not included,not included,7.479102507699076,1.0684432153855823,2.95393124253661,46.07843137254902
2011-12,R8,South East,East Sussex/Brighton,BSU,45 and over,A to F2,266.0,not included,not included,not included,not included,not included,not included,not included,not included,not included,not included,not included,not included,8.528921380017957,1.5711170963190972,2.9177888931640372,41.935483870967744
2011-12,R8,South East,Guildford,BSU,45 and over,A to F2,461.0,not included,not included,not included,not included,not included,not included,not included,not included,not included,not included,not included,not included,9.153908778618375,2.1842298604078554,3.872043843450289,55.55555555555556
2011-12,R8,South East,Isle of Wight,BSU,45 and over,A to F2,58.0,not included,not included,not included,not included,not included,not included,not included,not included,not included,not included,not included,not included,9.285943003522256,1.2808197246237591,3.041946845981428,38.0
2011-12,R8,South East,Maidstone,BSU,45 and over,A to F2,131.0,not included,not included,not included,not included,not included,not included,not included,not included,not included,not included,not included,not included,7.552173411737576,1.7871555401821746,3.401360544217687,59.0
2011-12,R8,South East,Medway,BSU,45 and over,A to F2,176.0,not included,not included,not included,not included,not included,not included,not included,not included,not included,not included,not included,not included,7.262523726995131,1.4442518775274409,2.6409177189073203,45.39007092198582
2011-12,R8,South East,Milton Keynes,BSU,45 and over,A to F2,61.0,not included,not included,not included,not included,not included,not included,not included,not included,not included,not included,not included,not included,7.106244175209692,1.048462255358807,3.145386766076421,51.92307692307693
2011-12,R8,South East,North & Mid Hampshire,BSU,45 and over,A to F2,145.0,not included,not included,not included,not included,not included,not included,not included,not included,not included,not included,not included,not included,8.096939915121732,1.5077060531605986,2.7920482465937013,42.3728813559322
2011-12,R8,South East,Oxford,BSU,45 and over,A to F2,170.0,not included,not included,not included,not included,not included,not included,not included,not included,not included,not included,not included,not included,7.61921835783435,2.0168519182502687,2.1961276443169595,39.2
2011-12,R8,South East,Portsmouth,BSU,45 and over,A to F2,199.0,not included,not included,not included,not included,not included,not included,not included,not included,not included,not included,not included,not included,8.261374958485554,1.328462304882099,3.072069080039854,44.31137724550898
2011-12,R8,South East,Southampton & Salisbury,BSU,45 and over,A to F2,218.0,not included,not included,not included,not included,not included,not included,not included,not included,not included,not included,not included,not included,9.47002606429192,2.0851433536055604,4.517810599478714,61.1764705882353
2011-12,R8,South East,West Berkshire,BSU,45 and over,A to F2,155.0,not included,not included,not included,not included,not included,not included,not included,not included,not included,not included,not included,not included,8.838455836231965,1.4825796886582654,3.7064492216456633,50.3875968992248
2011-12,R8,South East,Worthing,BSU,45 and over,A to F2,329.0,not included,not included,not included,not included,not included,not included,not included,not included,not included,not included,not included,not included,9.914117824318216,1.8683139972879312,4.79132138014163,59.55056179775281
2011-12,R1,North East,Gateshead,BSU,50<71,A to F2,178.0,not included,not included,not included,not included,not included,not included,not included,not included,not included,not included,not included,not included,6.871790912249547,1.7372505115237618,2.7023896845925184,52.63157894736842
2011-12,R1,North East,Newcastle,BSU,50<71,A to F2,273.0,not included,not included,not included,not included,not included,not included,not included,not included,not included,not included,not included,not included,8.932953764601942,2.2905009652825497,3.2394227937567486,49.00990099009901
2011-12,R1,North East,North Cumbria,BSU,50<71,A to F2,147.0,not included,not included,not included,not included,not included,not included,not included,not included,not included,not included,not included,not included,8.82988947621336,1.0812109562710235,4.024507448342143,51.93798449612403
2011-12,R1,North East,North Tees,BSU,50<71,A to F2,221.0,not included,not included,not included,not included,not included,not included,not included,not included,not included,not included,not included,not included,7.596329013852129,1.374901178977761,3.368507888495514,54.14364640883977
2011-12,R10,South West,Avon,BSU,50<71,A to F2,288.0,not included,not included,not included,not included,not included,not included,not included,not included,not included,not included,not included,not included,8.773265909160141,1.9191519176287812,3.9601547506625647,57.77777777777777
2011-12,R10,South West,Cornwall,BSU,50<71,A to F2,158.0,not included,not included,not included,not included,not included,not included,not included,not included,not included,not included,not included,not included,9.535304767652384,2.4140012070006036,4.465902232951117,63.24786324786324
2011-12,R10,South West,Dorset,BSU,50<71,A to F2,253.0,not included,not included,not included,not included,not included,not included,not included,not included,not included,not included,not included,not included,8.41902099763735,2.129712821536721,3.1945692323050814,50.79365079365079
2011-12,R10,South West,Gloucestershire,BSU,50<71,A to F2,162.0,not included,not included,not included,not included,not included,not included,not included,not included,not included,not included,not included,not included,7.362297764042902,1.2270496273404836,2.363206689692783,38.51851851851852
2011-12,R10,South West,North & East Devon,BSU,50<71,A to F2,155.0,not included,not included,not included,not included,not included,not included,not included,not included,not included,not included,not included,not included,6.95878602855347,1.4815479931759001,3.5916314986082427,65.57377049180327
2011-12,R10,South West,Somerset,BSU,50<71,A to F2,153.0,not included,not included,not included,not included,not included,not included,not included,not included,not included,not included,not included,not included,7.819287576020852,1.5331936423570298,3.475238922675934,55.28455284552846
2011-12,R10,South West,South Devon (Torbay),BSU,50<71,A to F2,70.0,not included,not included,not included,not included,not included,not included,not included,not included,not included,not included,not included,not included,6.847974955977304,1.858736059479554,2.7391899823909216,54.90196078431373
2011-12,R10,South West,West Devon & East Cornwall,BSU,50<71,A to F2,150.0,not included,not included,not included,not included,not included,not included,not included,not included,not included,not included,not included,not included,7.864108210128971,2.0446681346335325,2.3592324630386914,40.54054054054054
2011-12,R10,South West,Wiltshire,BSU,50<71,A to F2,155.0,not included,not included,not included,not included,not included,not included,not included,not included,not included,not included,not included,not included,7.797172896020927,1.76065194426279,2.867347452085115,47.5
2011-12,R2,North West,"Bolton, Bury & Rochdale",BSU,50<71,A to F2,171.0,not included,not included,not included,not included,not included,not included,not included,not included,not included,not included,not included,not included,7.296155651320561,1.4506976148824509,2.9867303835815164,51.09489051094891
2011-12,R2,North West,Chester,BSU,50<71,A to F2,68.0,not included,not included,not included,not included,not included,not included,not included,not included,not included,not included,not included,not included,8.970976253298154,1.7150395778364116,2.770448548812665,38.18181818181819
2011-12,R2,North West,Crewe,BSU,50<71,A to F2,73.0,not included,not included,not included,not included,not included,not included,not included,not included,not included,not included,not included,not included,6.995687589841878,1.3416387158600862,2.2999520843315766,40.67796610169492
2011-12,R2,North West,East Cheshire & Stockport,BSU,50<71,A to F2,140.0,not included,not included,not included,not included,not included,not included,not included,not included,not included,not included,not included,not included,8.222718195700693,1.5270762363444144,3.5827557852695877,53.50877192982456
2011-12,R2,North West,East Lancashire,BSU,50<71,A to F2,152.0,not included,not included,not included,not included,not included,not included,not included,not included,not included,not included,not included,not included,8.971786093731554,2.0658717978987133,4.190768504308818,60.68376068376068
2011-12,R2,North West,Greater Manchester,BSU,50<71,A to F2,280.0,not included,not included,not included,not included,not included,not included,not included,not included,not included,not included,not included,not included,8.329366968110422,1.6658733936220849,3.8077106139933363,57.399103139013455
2011-12,R2,North West,Liverpool,BSU,50<71,A to F2,231.0,not included,not included,not included,not included,not included,not included,not included,not included,not included,not included,not included,not included,8.059451538622568,1.918917033005373,2.6515944456074245,43.18181818181818
2011-12,R2,North West,North Lancashire,BSU,50<71,A to F2,267.0,not included,not included,not included,not included,not included,not included,not included,not included,not included,not included,not included,not included,9.80068274419117,1.7619204933377381,3.413720955841868,42.857142857142854
2011-12,R2,North West,South Lancashire,BSU,50<71,A to F2,158.0,not included,not included,not included,not included,not included,not included,not included,not included,not included,not included,not included,not included,6.969255877552821,1.0586211459573904,2.6906620793083675,45.52238805970149
2011-12,R2,North West,Warrington,BSU,50<71,A to F2,158.0,not included,not included,not included,not included,not included,not included,not included,not included,not included,not included,not included,not included,8.935640764619388,1.4138672095916753,3.110507861101685,41.35338345864661
2011-12,R2,North West,Wirral,BSU,50<71,A to F2,100.0,not included,not included,not included,not included,not included,not included,not included,not included,not included,not included,not included,not included,8.60733344809778,1.291100017214667,3.270786710277156,44.70588235294118
2011-12,R3,Yorkshire and the Humber,Barnsley,BSU,50<71,A to F2,42.0,not included,not included,not included,not included,not included,not included,not included,not included,not included,not included,not included,not included,5.6104728827144,1.2022441891530857,2.4044883783061715,54.54545454545454
2011-12,R3,Yorkshire and the Humber,Doncaster,BSU,50<71,A to F2,109.0,not included,not included,not included,not included,not included,not included,not included,not included,not included,not included,not included,not included,7.057757057757057,1.6187516187516189,2.849002849002849,52.38095238095239
2011-12,R3,Yorkshire and the Humber,Humberside,BSU,50<71,A to F2,199.0,not included,not included,not included,not included,not included,not included,not included,not included,not included,not included,not included,not included,6.8481365497780375,1.6173990846209436,2.993908943872811,57.23684210526315
2011-12,R3,Yorkshire and the Humber,Leeds Wakefield,BSU,50<71,A to F2,292.0,not included,not included,not included,not included,not included,not included,not included,not included,not included,not included,not included,not included,8.355748869684655,1.5738568076460826,3.74864076002976,55.50847457627118
2011-12,R3,Yorkshire and the Humber,North Yorkshire,BSU,50<71,A to F2,194.0,not included,not included,not included,not included,not included,not included,not included,not included,not included,not included,not included,not included,6.500686928257883,1.2733304292463894,2.8147304225446503,53.84615384615385
2011-12,R3,Yorkshire and the Humber,Pennine,BSU,50<71,A to F2,273.0,not included,not included,not included,not included,not included,not included,not included,not included,not included,not included,not included,not included,7.322372126706542,1.4215594238661051,3.567309497626264,60.45454545454545
2011-12,R3,Yorkshire and the Humber,Rotherham,BSU,50<71,A to F2,62.0,not included,not included,not included,not included,not included,not included,not included,not included,not included,not included,not included,not included,6.976482502531788,1.0127152019804209,3.9383368965905254,66.0377358490566
2011-12,R3,Yorkshire and the Humber,Sheffield,BSU,50<71,A to F2,131.0,not included,not included,not included,not included,not included,not included,not included,not included,not included,not included,not included,not included,7.98488357917835,1.6457393636474462,3.474338656589053,54.807692307692314
2011-12,R4,East Midlands,Derby City & South Derbyshire,BSU,50<71,A to F2,189.0,not included,not included,not included,not included,not included,not included,not included,not included,not included,not included,not included,not included,7.94251134644478,1.176668347621449,3.530005042864347,52.83018867924528
2011-12,R4,East Midlands,Kettering,BSU,50<71,A to F2,85.0,not included,not included,not included,not included,not included,not included,not included,not included,not included,not included,not included,not included,7.086876771719193,1.250625312656328,2.9181257295314325,50.0
2011-12,R4,East Midlands,Leicestershire,BSU,50<71,A to F2,268.0,not included,not included,not included,not included,not included,not included,not included,not included,not included,not included,not included,not included,7.922431122147333,1.3598202672342437,3.7542863899728034,57.72727272727273
2011-12,R4,East Midlands,Lincolnshire,BSU,50<71,A to F2,214.0,not included,not included,not included,not included,not included,not included,not included,not included,not included,not included,not included,not included,7.514572652573917,0.7725261605449821,3.9328604536835456,58.333333333333336
2011-12,R4,East Midlands,North Derbyshire & Chesterfield,BSU,50<71,A to F2,96.0,not included,not included,not included,not included,not included,not included,not included,not included,not included,not included,not included,not included,6.752004501336335,0.8440005626670418,3.23533549022366,54.761904761904766
2011-12,R4,East Midlands,North Nottinghamshire,BSU,50<71,A to F2,62.0,not included,not included,not included,not included,not included,not included,not included,not included,not included,not included,not included,not included,6.926600379845827,1.117193609652553,3.3515808289576583,57.692307692307686
2011-12,R4,East Midlands,Northampton,BSU,50<71,A to F2,111.0,not included,not included,not included,not included,not included,not included,not included,not included,not included,not included,not included,not included,8.645533141210375,1.791416777007555,3.7386089259288107,54.54545454545454
2011-12,R4,East Midlands,Nottingham City,BSU,50<71,A to F2,171.0,not included,not included,not included,not included,not included,not included,not included,not included,not included,not included,not included,not included,7.425742574257425,1.1724856696195936,3.9517109605697414,64.53900709219859
2011-12,R5,West Midlands,"City, Sandwell & Walsall",BSU,50<71,A to F2,229.0,not included,not included,not included,not included,not included,not included,not included,not included,not included,not included,not included,not included,6.414026832479064,1.6805310478111082,1.8205753017953674,38.46153846153847
2011-12,R5,West Midlands,Dudley & Wolverhampton,BSU,50<71,A to F2,109.0,not included,not included,not included,not included,not included,not included,not included,not included,not included,not included,not included,not included,7.046350766048225,1.4221992371840455,2.909043894240093,51.724137931034484
2011-12,R5,West Midlands,Hereford & Worcester,BSU,50<71,A to F2,238.0,not included,not included,not included,not included,not included,not included,not included,not included,not included,not included,not included,not included,8.716352316425564,1.9410364402124154,4.1018128547885,60.54054054054055
2011-12,R5,West Midlands,North Staffordshire,BSU,50<71,A to F2,162.0,not included,not included,not included,not included,not included,not included,not included,not included,not included,not included,not included,not included,8.56870834655665,2.115730455939913,3.6496350364963503,56.557377049180324
2011-12,R5,West Midlands,Shropshire,BSU,50<71,A to F2,194.0,not included,not included,not included,not included,not included,not included,not included,not included,not included,not included,not included,not included,8.360627478021032,1.9824168246853993,3.36148939837959,52.702702702702695
2011-12,R5,West Midlands,South Birmingham,BSU,50<71,A to F2,124.0,not included,not included,not included,not included,not included,not included,not included,not included,not included,not included,not included,not included,10.197368421052632,3.125,3.947368421052632,55.81395348837209
2011-12,R5,West Midlands,South Staffordshire,BSU,50<71,A to F2,197.0,not included,not included,not included,not included,not included,not included,not included,not included,not included,not included,not included,not included,8.236130273004724,1.2124252686149086,3.762699109494544,53.57142857142857
2011-12,R5,West Midlands,"Warwickshire, Solihull & Coventry",BSU,50<71,A to F2,276.0,not included,not included,not included,not included,not included,not included,not included,not included,not included,not included,not included,not included,8.15819810233218,1.5074931276048593,3.251455765422246,48.888888888888886
2011-12,R6,East of England,Bedfordshire & Hertfordshire,BSU,50<71,A to F2,299.0,not included,not included,not included,not included,not included,not included,not included,not included,not included,not included,not included,not included,7.509355300499786,1.7580430469397492,2.8630986764447344,49.78165938864629
2011-12,R6,East of England,Cambridge & Huntingdon,BSU,50<71,A to F2,125.0,not included,not included,not included,not included,not included,not included,not included,not included,not included,not included,not included,not included,8.413542437908056,2.1538668641044625,3.365416975163223,53.76344086021505
2011-12,R6,East of England,Colchester & Chelmsford,BSU,50<71,A to F2,219.0,not included,not included,not included,not included,not included,not included,not included,not included,not included,not included,not included,not included,8.151567036402888,1.5260924588699472,3.163850219608427,47.752808988764045
2011-12,R6,East of England,East Suffolk,BSU,50<71,A to F2,76.0,not included,not included,not included,not included,not included,not included,not included,not included,not included,not included,not included,not included,5.571030640668524,1.4660606949127695,2.199091042369154,53.57142857142857
2011-12,R6,East of England,Epping,BSU,50<71,A to F2,82.0,not included,not included,not included,not included,not included,not included,not included,not included,not included,not included,not included,not included,8.027410670582476,2.15369554576603,2.838962310327949,48.333333333333336
2011-12,R6,East of England,James Paget,BSU,50<71,A to F2,56.0,not included,not included,not included,not included,not included,not included,not included,not included,not included,not included,not included,not included,6.3499262954983555,1.2473069509014627,2.3812223608118837,46.666666666666664
2011-12,R6,East of England,Kings Lynn,BSU,50<71,A to F2,90.0,not included,not included,not included,not included,not included,not included,not included,not included,not included,not included,not included,not included,10.105546822366943,1.7965416573096789,5.0527734111834715,60.810810810810814
2011-12,R6,East of England,Norfolk & Norwich,BSU,50<71,A to F2,180.0,not included,not included,not included,not included,not included,not included,not included,not included,not included,not included,not included,not included,8.026040041021982,1.1147277834752753,3.656307129798903,52.903225806451616
2011-12,R6,East of England,Peterborough,BSU,50<71,A to F2,88.0,not included,not included,not included,not included,not included,not included,not included,not included,not included,not included,not included,not included,6.932955172142125,2.0483731190419916,2.8362089340581425,58.06451612903226
2011-12,R6,East of England,South Essex (Southend),BSU,50<71,A to F2,145.0,not included,not included,not included,not included,not included,not included,not included,not included,not included,not included,not included,not included,6.817113305124589,1.2693935119887165,2.961918194640339,53.38983050847458
2011-12,R6,East of England,West Suffolk,BSU,50<71,A to F2,89.0,not included,not included,not included,not included,not included,not included,not included,not included,not included,not included,not included,not included,8.380414312617702,1.60075329566855,3.766478342749529,55.55555555555556
2011-12,R7,London,Central & East London,BSU,50<71,A to F2,186.0,not included,not included,not included,not included,not included,not included,not included,not included,not included,not included,not included,not included,6.742306158697938,0.7612281146917026,3.2261572479791205,53.939393939393945
2011-12,R7,London,North London,BSU,50<71,A to F2,282.0,not included,not included,not included,not included,not included,not included,not included,not included,not included,not included,not included,not included,6.918717338501926,1.7419465639490666,1.8400843985377462,35.714285714285715
2011-12,R7,London,Outer North East London,BSU,50<71,A to F2,169.0,not included,not included,not included,not included,not included,not included,not included,not included,not included,not included,not included,not included,8.245109040347367,1.3660535688149487,3.6102844318680782,52.4822695035461
2011-12,R7,London,South East London,BSU,50<71,A to F2,313.0,not included,not included,not included,not included,not included,not included,not included,not included,not included,not included,not included,not included,7.95425667090216,1.7789072426937738,2.846251588310038,46.09053497942387
2011-12,R7,London,South West London,BSU,50<71,A to F2,298.0,not included,not included,not included,not included,not included,not included,not included,not included,not included,not included,not included,not included,8.913615697535295,2.243359655419957,3.0210576692988753,45.2914798206278
2011-12,R7,London,West of London,BSU,50<71,A to F2,294.0,not included,not included,not included,not included,not included,not included,not included,not included,not included,not included,not included,not included,8.75912408759124,2.20467749143453,3.247430359004916,49.54545454545455
2011-12,R8,South East,Aylesbury & Wycombe,BSU,50<71,A to F2,114.0,not included,not included,not included,not included,not included,not included,not included,not included,not included,not included,not included,not included,7.035734123310498,1.7280750478306486,2.160093809788311,40.69767441860465
2011-12,R8,South East,Canterbury,BSU,50<71,A to F2,180.0,not included,not included,not included,not included,not included,not included,not included,not included,not included,not included,not included,not included,8.590655276094115,1.6226793299288884,4.0566983248222215,58.620689655172406
2011-12,R8,South East,East Berkshire,BSU,50<71,A to F2,107.0,not included,not included,not included,not included,not included,not included,not included,not included,not included,not included,not included,not included,7.121938232161875,1.1315228966986155,2.7955271565495208,46.666666666666664
2011-12,R8,South East,East Sussex/Brighton,BSU,50<71,A to F2,211.0,not included,not included,not included,not included,not included,not included,not included,not included,not included,not included,not included,not included,7.747668355731806,1.615627524418007,2.607035323492693,42.51497005988024
2011-12,R8,South East,Guildford,BSU,50<71,A to F2,383.0,not included,not included,not included,not included,not included,not included,not included,not included,not included,not included,not included,not included,9.006254996943047,2.1398673752527864,3.8329492545736725,55.821917808219176
2011-12,R8,South East,Isle of Wight,BSU,50<71,A to F2,49.0,not included,not included,not included,not included,not included,not included,not included,not included,not included,not included,not included,not included,9.169161676646706,1.4970059880239521,3.555389221556886,46.34146341463415
2011-12,R8,South East,Maidstone,BSU,50<71,A to F2,113.0,not included,not included,not included,not included,not included,not included,not included,not included,not included,not included,not included,not included,7.63926446727961,1.6901027582477013,3.5830178474851273,60.22727272727273
2011-12,R8,South East,Medway,BSU,50<71,A to F2,144.0,not included,not included,not included,not included,not included,not included,not included,not included,not included,not included,not included,not included,7.048803171961427,1.3216505947427675,2.398551079347986,41.88034188034188
2011-12,R8,South East,Milton Keynes,BSU,50<71,A to F2,56.0,not included,not included,not included,not included,not included,not included,not included,not included,not included,not included,not included,not included,6.850990946904821,0.9787129924149742,2.936138977244923,50.0
2011-12,R8,South East,North & Mid Hampshire,BSU,50<71,A to F2,126.0,not included,not included,not included,not included,not included,not included,not included,not included,not included,not included,not included,not included,7.50223280738315,1.428996725215838,2.6793688597796965,44.11764705882353
2011-12,R8,South East,Oxford,BSU,50<71,A to F2,139.0,not included,not included,not included,not included,not included,not included,not included,not included,not included,not included,not included,not included,7.067317470002034,1.9829164124466137,2.1862924547488305,43.0
2011-12,R8,South East,Portsmouth,BSU,50<71,A to F2,173.0,not included,not included,not included,not included,not included,not included,not included,not included,not included,not included,not included,not included,7.731498033607436,1.340722202359671,2.726135144797998,42.65734265734265
2011-12,R8,South East,Southampton & Salisbury,BSU,50<71,A to F2,198.0,not included,not included,not included,not included,not included,not included,not included,not included,not included,not included,not included,not included,9.2144452717796,1.9545793000744602,4.467609828741623,61.53846153846154
2011-12,R8,South East,West Berkshire,BSU,50<71,A to F2,145.0,not included,not included,not included,not included,not included,not included,not included,not included,not included,not included,not included,not included,8.809769730846346,1.5796828482896896,3.5846649249650646,49.57983193277311
2011-12,R8,South East,Worthing,BSU,50<71,A to F2,302.0,not included,not included,not included,not included,not included,not included,not included,not included,not included,not included,not included,not included,9.641785326607495,1.8836600472511336,4.661260455909584,60.08230452674898
2012-13,R1,North East,Gateshead,BSU,45 and over,A to F2,233.0,not included,not included,not included,not included,not included,not included,not included,not included,not included,not included,not included,not included,7.581180451617101,1.4967137372291273,3.0585019847725645,50.26737967914438
2012-13,R1,North East,Newcastle,BSU,45 and over,A to F2,324.0,not included,not included,not included,not included,not included,not included,not included,not included,not included,not included,not included,not included,8.72421778232538,1.8848618665517798,3.6620173407291725,53.54330708661418
2012-13,R1,North East,North Cumbria,BSU,45 and over,A to F2,138.0,not included,not included,not included,not included,not included,not included,not included,not included,not included,not included,not included,not included,8.995502248875562,1.6296199726223843,3.845903135388827,52.21238938053098
2012-13,R1,North East,North Tees,BSU,45 and over,A to F2,280.0,not included,not included,not included,not included,not included,not included,not included,not included,not included,not included,not included,not included,7.80205082478823,1.9783771734284443,2.9536335265269726,50.717703349282296
2012-13,R10,South West,Avon,BSU,45 and over,A to F2,307.0,not included,not included,not included,not included,not included,not included,not included,not included,not included,not included,not included,not included,7.08957808927788,1.2932129413666489,3.1406600004618617,54.18326693227091
2012-13,R10,South West,Cornwall,BSU,45 and over,A to F2,181.0,not included,not included,not included,not included,not included,not included,not included,not included,not included,not included,not included,not included,9.270641262036468,2.3048555623847573,4.251178037287441,61.029411764705884
2012-13,R10,South West,Dorset,BSU,45 and over,A to F2,295.0,not included,not included,not included,not included,not included,not included,not included,not included,not included,not included,not included,not included,9.092029834186032,1.8184059668372063,4.037477655180916,55.50847457627118
2012-13,R10,South West,Gloucestershire,BSU,45 and over,A to F2,241.0,not included,not included,not included,not included,not included,not included,not included,not included,not included,not included,not included,not included,9.075161921976202,1.732188582617864,3.238439524024703,44.1025641025641
2012-13,R10,South West,North & East Devon,BSU,45 and over,A to F2,181.0,not included,not included,not included,not included,not included,not included,not included,not included,not included,not included,not included,not included,7.809803244735933,1.8985157059026578,3.2361063168795305,54.74452554744526
2012-13,R10,South West,Somerset,BSU,45 and over,A to F2,207.0,not included,not included,not included,not included,not included,not included,not included,not included,not included,not included,not included,not included,8.930882733626714,1.7689188023125377,4.098714298041246,57.57575757575758
2012-13,R10,South West,South Devon (Torbay),BSU,45 and over,A to F2,114.0,not included,not included,not included,not included,not included,not included,not included,not included,not included,not included,not included,not included,8.028169014084508,2.0422535211267605,3.0281690140845074,50.588235294117645
2012-13,R10,South West,West Devon & East Cornwall,BSU,45 and over,A to F2,163.0,not included,not included,not included,not included,not included,not included,not included,not included,not included,not included,not included,not included,8.421161396982848,1.9632155404009093,3.3064682785699526,51.2
2012-13,R10,South West,Wiltshire,BSU,45 and over,A to F2,171.0,not included,not included,not included,not included,not included,not included,not included,not included,not included,not included,not included,not included,7.295221843003413,1.4931740614334472,3.0716723549488054,53.333333333333336
2012-13,R2,North West,"Bolton, Bury & Rochdale",BSU,45 and over,A to F2,205.0,not included,not included,not included,not included,not included,not included,not included,not included,not included,not included,not included,not included,8.227975115392335,2.167369054786273,2.809552478426651,46.35761589403973
2012-13,R2,North West,Chester,BSU,45 and over,A to F2,63.0,not included,not included,not included,not included,not included,not included,not included,not included,not included,not included,not included,not included,10.952712100139083,3.129346314325452,3.650904033379694,46.666666666666664
2012-13,R2,North West,Crewe,BSU,45 and over,A to F2,110.0,not included,not included,not included,not included,not included,not included,not included,not included,not included,not included,not included,not included,8.455684526097317,1.3836574679068336,2.7673149358136673,40.44943820224719
2012-13,R2,North West,East Cheshire & Stockport,BSU,45 and over,A to F2,169.0,not included,not included,not included,not included,not included,not included,not included,not included,not included,not included,not included,not included,9.61593172119488,1.6500711237553343,4.153627311522048,52.142857142857146
2012-13,R2,North West,East Lancashire,BSU,45 and over,A to F2,127.0,not included,not included,not included,not included,not included,not included,not included,not included,not included,not included,not included,not included,7.617105499910034,1.4394530078570142,3.538655310981827,57.28155339805825
2012-13,R2,North West,Greater Manchester,BSU,45 and over,A to F2,385.0,not included,not included,not included,not included,not included,not included,not included,not included,not included,not included,not included,not included,8.408132957697264,1.9218589617593744,4.171307519273188,64.3097643097643
2012-13,R2,North West,Liverpool,BSU,45 and over,A to F2,237.0,not included,not included,not included,not included,not included,not included,not included,not included,not included,not included,not included,not included,8.964030409622149,2.004614395400734,3.290593441506865,47.28260869565217
2012-13,R2,North West,North Lancashire,BSU,45 and over,A to F2,271.0,not included,not included,not included,not included,not included,not included,not included,not included,not included,not included,not included,not included,8.131057037414864,1.830237930931021,3.1204056527348554,49.523809523809526
2012-13,R2,North West,South Lancashire,BSU,45 and over,A to F2,155.0,not included,not included,not included,not included,not included,not included,not included,not included,not included,not included,not included,not included,6.584816687199965,1.2744806491354772,2.5489612982709544,48.0
2012-13,R2,North West,Warrington,BSU,45 and over,A to F2,183.0,not included,not included,not included,not included,not included,not included,not included,not included,not included,not included,not included,not included,8.484005563282336,1.6226240148354196,2.225312934631433,32.432432432432435
2012-13,R2,North West,Wirral,BSU,45 and over,A to F2,134.0,not included,not included,not included,not included,not included,not included,not included,not included,not included,not included,not included,not included,9.121851599727705,2.24642614023145,2.92716133424098,42.57425742574257
2012-13,R3,Yorkshire and the Humber,Barnsley,BSU,45 and over,A to F2,85.0,not included,not included,not included,not included,not included,not included,not included,not included,not included,not included,not included,not included,8.760177264763476,1.1336699989693908,2.6795836339276513,35.13513513513514
2012-13,R3,Yorkshire and the Humber,Doncaster,BSU,45 and over,A to F2,134.0,not included,not included,not included,not included,not included,not included,not included,not included,not included,not included,not included,not included,7.937918369764825,1.8363841004679817,3.317339020200225,54.36893203883495
2012-13,R3,Yorkshire and the Humber,Humberside,BSU,45 and over,A to F2,268.0,not included,not included,not included,not included,not included,not included,not included,not included,not included,not included,not included,not included,7.929228675404598,1.4497470339359153,3.7279209444066392,57.534246575342465
2012-13,R3,Yorkshire and the Humber,Leeds Wakefield,BSU,45 and over,A to F2,326.0,not included,not included,not included,not included,not included,not included,not included,not included,not included,not included,not included,not included,7.576285760765995,2.091612633340305,3.1141788096400105,56.779661016949156
2012-13,R3,Yorkshire and the Humber,North Yorkshire,BSU,45 and over,A to F2,244.0,not included,not included,not included,not included,not included,not included,not included,not included,not included,not included,not included,not included,8.46781190352247,1.8740239458615304,3.5398230088495577,53.68421052631579
2012-13,R3,Yorkshire and the Humber,Pennine,BSU,45 and over,A to F2,271.0,not included,not included,not included,not included,not included,not included,not included,not included,not included,not included,not included,not included,7.804400414698767,1.7279115309296165,3.1390392811888033,51.65876777251185
2012-13,R3,Yorkshire and the Humber,Rotherham,BSU,45 and over,A to F2,68.0,not included,not included,not included,not included,not included,not included,not included,not included,not included,not included,not included,not included,6.620582221789504,1.655145555447376,2.62876058806348,52.94117647058824
2012-13,R3,Yorkshire and the Humber,Sheffield,BSU,45 and over,A to F2,175.0,not included,not included,not included,not included,not included,not included,not included,not included,not included,not included,not included,not included,9.188763454975058,2.2578104489367288,4.4106064583880285,63.63636363636363
2012-13,R4,East Midlands,Derby City & South Derbyshire,BSU,45 and over,A to F2,197.0,not included,not included,not included,not included,not included,not included,not included,not included,not included,not included,not included,not included,8.273139593482277,1.595834033260541,3.191668066521082,49.03225806451613
2012-13,R4,East Midlands,Kettering,BSU,45 and over,A to F2,105.0,not included,not included,not included,not included,not included,not included,not included,not included,not included,not included,not included,not included,8.077544426494345,1.9232248634510347,2.8463727979075317,46.25
2012-13,R4,East Midlands,Leicestershire,BSU,45 and over,A to F2,350.0,not included,not included,not included,not included,not included,not included,not included,not included,not included,not included,not included,not included,9.465343321524191,2.4069015874732944,4.002488033101658,57.58754863813229
2012-13,R4,East Midlands,Lincolnshire,BSU,45 and over,A to F2,252.0,not included,not included,not included,not included,not included,not included,not included,not included,not included,not included,not included,not included,8.053948672057272,1.7578062577902778,3.3877720604685355,53.80710659898477
2012-13,R4,East Midlands,North Derbyshire & Chesterfield,BSU,45 and over,A to F2,125.0,not included,not included,not included,not included,not included,not included,not included,not included,not included,not included,not included,not included,7.831098859792006,1.6915173537150734,4.134820197970179,67.3469387755102
2012-13,R4,East Midlands,North Nottinghamshire,BSU,45 and over,A to F2,82.0,not included,not included,not included,not included,not included,not included,not included,not included,not included,not included,not included,not included,7.883099403960777,1.826571813112863,3.460872909055951,57.14285714285714
2012-13,R4,East Midlands,Northampton,BSU,45 and over,A to F2,142.0,not included,not included,not included,not included,not included,not included,not included,not included,not included,not included,not included,not included,8.789848344165893,1.4856081708449396,3.590219746208604,49.152542372881356
2012-13,R4,East Midlands,Nottingham City,BSU,45 and over,A to F2,253.0,not included,not included,not included,not included,not included,not included,not included,not included,not included,not included,not included,not included,8.658156805037473,1.6426542555011807,4.517299202628246,65.02463054187191
2012-13,R5,West Midlands,"City, Sandwell & Walsall",BSU,45 and over,A to F2,303.0,not included,not included,not included,not included,not included,not included,not included,not included,not included,not included,not included,not included,7.5119000396667985,1.8097976993256644,2.8262594208647362,49.78165938864629
2012-13,R5,West Midlands,Dudley & Wolverhampton,BSU,45 and over,A to F2,168.0,not included,not included,not included,not included,not included,not included,not included,not included,not included,not included,not included,not included,7.689491028927133,1.739289637495423,3.4328084950567557,57.692307692307686
2012-13,R5,West Midlands,Hereford & Worcester,BSU,45 and over,A to F2,248.0,not included,not included,not included,not included,not included,not included,not included,not included,not included,not included,not included,not included,7.834712832501421,1.5479876160990713,3.3171163202122957,52.76381909547738
2012-13,R5,West Midlands,North Staffordshire,BSU,45 and over,A to F2,184.0,not included,not included,not included,not included,not included,not included,not included,not included,not included,not included,not included,not included,8.63849765258216,1.8309859154929577,3.3333333333333335,49.30555555555556
2012-13,R5,West Midlands,Shropshire,BSU,45 and over,A to F2,150.0,not included,not included,not included,not included,not included,not included,not included,not included,not included,not included,not included,not included,8.535336292249914,1.707067258449983,3.243427791054968,47.5
2012-13,R5,West Midlands,South Birmingham,BSU,45 and over,A to F2,94.0,not included,not included,not included,not included,not included,not included,not included,not included,not included,not included,not included,not included,7.88855320577375,2.098019469620678,3.1889895938234307,55.072463768115945
2012-13,R5,West Midlands,South Staffordshire,BSU,45 and over,A to F2,165.0,not included,not included,not included,not included,not included,not included,not included,not included,not included,not included,not included,not included,6.86441735657528,0.9152556475433706,3.2865998252693767,55.24475524475524
2012-13,R5,West Midlands,"Warwickshire, Solihull & Coventry",BSU,45 and over,A to F2,382.0,not included,not included,not included,not included,not included,not included,not included,not included,not included,not included,not included,not included,9.185783677199057,1.7794450055307074,3.534843456932622,47.72727272727273
2012-13,R6,East of England,Bedfordshire & Hertfordshire,BSU,45 and over,A to F2,461.0,not included,not included,not included,not included,not included,not included,not included,not included,not included,not included,not included,not included,8.508674787744555,1.9748984865263934,3.1561461794019934,48.44192634560906
2012-13,R6,East of England,Cambridge & Huntingdon,BSU,45 and over,A to F2,132.0,not included,not included,not included,not included,not included,not included,not included,not included,not included,not included,not included,not included,7.529089664613279,1.5970796258270592,3.023043577458362,50.96153846153846
2012-13,R6,East of England,Colchester & Chelmsford,BSU,45 and over,A to F2,226.0,not included,not included,not included,not included,not included,not included,not included,not included,not included,not included,not included,not included,7.572203980432889,1.2061917844937344,3.015479461234336,47.368421052631575
2012-13,R6,East of England,East Suffolk,BSU,45 and over,A to F2,130.0,not included,not included,not included,not included,not included,not included,not included,not included,not included,not included,not included,not included,7.650208909550991,1.5300417819101984,2.706996998764197,44.230769230769226
2012-13,R6,East of England,Epping,BSU,45 and over,A to F2,74.0,not included,not included,not included,not included,not included,not included,not included,not included,not included,not included,not included,not included,7.088122605363984,1.4367816091954022,2.203065134099617,38.983050847457626
2012-13,R6,East of England,James Paget,BSU,45 and over,A to F2,92.0,not included,not included,not included,not included,not included,not included,not included,not included,not included,not included,not included,not included,7.863919993161809,1.7095478246003932,3.846482605350885,62.5
2012-13,R6,East of England,Kings Lynn,BSU,45 and over,A to F2,80.0,not included,not included,not included,not included,not included,not included,not included,not included,not included,not included,not included,not included,8.004802881729038,1.9011406844106464,3.9023414048429057,63.934426229508205
2012-13,R6,East of England,Norfolk & Norwich,BSU,45 and over,A to F2,186.0,not included,not included,not included,not included,not included,not included,not included,not included,not included,not included,not included,not included,7.209861229552678,1.3954570121714862,2.752151329560431,47.333333333333336
2012-13,R6,East of England,Peterborough,BSU,45 and over,A to F2,147.0,not included,not included,not included,not included,not included,not included,not included,not included,not included,not included,not included,not included,9.328594999365402,1.9037948978296737,3.8710496255870033,52.13675213675214
2012-13,R6,East of England,South Essex (Southend),BSU,45 and over,A to F2,149.0,not included,not included,not included,not included,not included,not included,not included,not included,not included,not included,not included,not included,7.085790374738444,1.3791135628685562,2.996005326231691,52.5
2012-13,R6,East of England,West Suffolk,BSU,45 and over,A to F2,112.0,not included,not included,not included,not included,not included,not included,not included,not included,not included,not included,not included,not included,8.52683669585078,1.8271792919680243,3.7304910544347165,55.68181818181818
2012-13,R7,London,Central & East London,BSU,45 and over,A to F2,208.0,not included,not included,not included,not included,not included,not included,not included,not included,not included,not included,not included,not included,8.108845659038634,1.6373630657674165,3.196756461736385,49.39759036144578
2012-13,R7,London,North London,BSU,45 and over,A to F2,530.0,not included,not included,not included,not included,not included,not included,not included,not included,not included,not included,not included,not included,8.574664293803592,2.0870409318880436,2.3782559456398644,36.93467336683417
2012-13,R7,London,Outer North East London,BSU,45 and over,A to F2,187.0,not included,not included,not included,not included,not included,not included,not included,not included,not included,not included,not included,not included,8.282398795287449,1.4615997874036672,3.4103995039418904,50.326797385620914
2012-13,R7,London,South East London,BSU,45 and over,A to F2,391.0,not included,not included,not included,not included,not included,not included,not included,not included,not included,not included,not included,not included,8.073841579251672,1.321549516808458,3.1799785248203523,47.239263803680984
2012-13,R7,London,South West London,BSU,45 and over,A to F2,300.0,not included,not included,not included,not included,not included,not included,not included,not included,not included,not included,not included,not included,8.767827916764087,2.7472527472527473,2.9518353986439094,49.26829268292683
2012-13,R7,London,West of London,BSU,45 and over,A to F2,293.0,not included,not included,not included,not included,not included,not included,not included,not included,not included,not included,not included,not included,8.077856197617997,2.06771063078959,2.5915306572562855,43.11926605504588
2012-13,R8,South East,Aylesbury & Wycombe,BSU,45 and over,A to F2,139.0,not included,not included,not included,not included,not included,not included,not included,not included,not included,not included,not included,not included,6.835169158143194,1.0818253343823763,2.2128245476003148,38.46153846153847
2012-13,R8,South East,Canterbury,BSU,45 and over,A to F2,245.0,not included,not included,not included,not included,not included,not included,not included,not included,not included,not included,not included,not included,8.82247029168167,1.6204537270435722,3.817068779258192,53.0
2012-13,R8,South East,East Berkshire,BSU,45 and over,A to F2,113.0,not included,not included,not included,not included,not included,not included,not included,not included,not included,not included,not included,not included,8.2572159298502,1.826817683595177,2.192181220314213,34.48275862068966
2012-13,R8,South East,East Sussex/Brighton,BSU,45 and over,A to F2,284.0,not included,not included,not included,not included,not included,not included,not included,not included,not included,not included,not included,not included,9.713386688555989,1.7785074218482795,3.8306313701347565,48.275862068965516
2012-13,R8,South East,Guildford,BSU,45 and over,A to F2,476.0,not included,not included,not included,not included,not included,not included,not included,not included,not included,not included,not included,not included,9.487741678293801,2.1925453458241977,4.265497309148894,58.95316804407713
2012-13,R8,South East,Isle of Wight,BSU,45 and over,A to F2,93.0,not included,not included,not included,not included,not included,not included,not included,not included,not included,not included,not included,not included,10.197368421052632,1.7543859649122808,3.7280701754385963,44.15584415584416
2012-13,R8,South East,Maidstone,BSU,45 and over,A to F2,160.0,not included,not included,not included,not included,not included,not included,not included,not included,not included,not included,not included,not included,8.970118293434995,1.962213376688905,3.251667881370185,46.400000000000006
2012-13,R8,South East,Medway,BSU,45 and over,A to F2,181.0,not included,not included,not included,not included,not included,not included,not included,not included,not included,not included,not included,not included,7.658458153507659,1.3539815520013538,3.0464584920030466,48.322147651006716
2012-13,R8,South East,Milton Keynes,BSU,45 and over,A to F2,89.0,not included,not included,not included,not included,not included,not included,not included,not included,not included,not included,not included,not included,8.961836673044003,1.6111167052663375,3.9270969690866986,53.42465753424658
2012-13,R8,South East,North & Mid Hampshire,BSU,45 and over,A to F2,130.0,not included,not included,not included,not included,not included,not included,not included,not included,not included,not included,not included,not included,6.715916722632639,1.2398615487937181,2.5313839954538406,46.22641509433962
2012-13,R8,South East,Oxford,BSU,45 and over,A to F2,225.0,not included,not included,not included,not included,not included,not included,not included,not included,not included,not included,not included,not included,9.357454772301933,2.245789145352464,3.493449781659389,49.122807017543856
2012-13,R8,South East,Portsmouth,BSU,45 and over,A to F2,208.0,not included,not included,not included,not included,not included,not included,not included,not included,not included,not included,not included,not included,10.34105598090882,2.585263995227205,3.0327135328626826,39.1025641025641
2012-13,R8,South East,Southampton & Salisbury,BSU,45 and over,A to F2,265.0,not included,not included,not included,not included,not included,not included,not included,not included,not included,not included,not included,not included,9.596928982725528,1.8831709701951977,4.454423641038641,57.74647887323944
2012-13,R8,South East,West Berkshire,BSU,45 and over,A to F2,193.0,not included,not included,not included,not included,not included,not included,not included,not included,not included,not included,not included,not included,9.589109156853977,2.732647687186367,3.27917722462364,47.82608695652174
2012-13,R8,South East,Worthing,BSU,45 and over,A to F2,288.0,not included,not included,not included,not included,not included,not included,not included,not included,not included,not included,not included,not included,9.078014184397164,1.7336485421591803,3.940110323089046,53.879310344827594
2012-13,R1,North East,Gateshead,BSU,50<71,A to F2,192.0,not included,not included,not included,not included,not included,not included,not included,not included,not included,not included,not included,not included,7.606069009230281,1.4261379392306779,3.4465000198074716,55.769230769230774
2012-13,R1,North East,Newcastle,BSU,50<71,A to F2,264.0,not included,not included,not included,not included,not included,not included,not included,not included,not included,not included,not included,not included,8.323087108673036,1.860083861407989,3.4364261168384878,53.170731707317074
2012-13,R1,North East,North Cumbria,BSU,50<71,A to F2,130.0,not included,not included,not included,not included,not included,not included,not included,not included,not included,not included,not included,not included,8.917546988612978,1.577719851831527,3.8414048566332832,52.336448598130836
2012-13,R1,North East,North Tees,BSU,50<71,A to F2,225.0,not included,not included,not included,not included,not included,not included,not included,not included,not included,not included,not included,not included,7.318739225189474,1.8215528738249358,2.829912500406597,51.4792899408284
2012-13,R10,South West,Avon,BSU,50<71,A to F2,259.0,not included,not included,not included,not included,not included,not included,not included,not included,not included,not included,not included,not included,7.072058542446004,1.146820304180433,3.331239931190782,56.22119815668203
2012-13,R10,South West,Cornwall,BSU,50<71,A to F2,159.0,not included,not included,not included,not included,not included,not included,not included,not included,not included,not included,not included,not included,9.013094495776883,2.0407006405532564,4.364831925627799,62.601626016260155
2012-13,R10,South West,Dorset,BSU,50<71,A to F2,248.0,not included,not included,not included,not included,not included,not included,not included,not included,not included,not included,not included,not included,8.963099497632731,1.770934981387112,4.1201344464924645,57.286432160804026
2012-13,R10,South West,Gloucestershire,BSU,50<71,A to F2,204.0,not included,not included,not included,not included,not included,not included,not included,not included,not included,not included,not included,not included,8.881922675026123,1.6980146290491116,3.221873911529084,44.84848484848485
2012-13,R10,South West,North & East Devon,BSU,50<71,A to F2,141.0,not included,not included,not included,not included,not included,not included,not included,not included,not included,not included,not included,not included,7.2977589151700215,1.811500439935821,2.7431292376171004,50.0
2012-13,R10,South West,Somerset,BSU,50<71,A to F2,172.0,not included,not included,not included,not included,not included,not included,not included,not included,not included,not included,not included,not included,8.602580774232269,1.8005401620486146,4.051215364609383,60.0
2012-13,R10,South West,South Devon (Torbay),BSU,50<71,A to F2,92.0,not included,not included,not included,not included,not included,not included,not included,not included,not included,not included,not included,not included,7.456638028853947,1.9452099205705948,2.7557140541416763,50.0
2012-13,R10,South West,West Devon & East Cornwall,BSU,50<71,A to F2,132.0,not included,not included,not included,not included,not included,not included,not included,not included,not included,not included,not included,not included,8.116084604033448,1.9060501721593703,3.1972454500737824,51.48514851485149
2012-13,R10,South West,Wiltshire,BSU,50<71,A to F2,141.0,not included,not included,not included,not included,not included,not included,not included,not included,not included,not included,not included,not included,7.14213352243947,1.6715631648262588,3.0392057542295614,55.55555555555556
2012-13,R2,North West,"Bolton, Bury & Rochdale",BSU,50<71,A to F2,168.0,not included,not included,not included,not included,not included,not included,not included,not included,not included,not included,not included,not included,8.171206225680935,2.0914396887159534,2.869649805447471,47.199999999999996
2012-13,R2,North West,Chester,BSU,50<71,A to F2,47.0,not included,not included,not included,not included,not included,not included,not included,not included,not included,not included,not included,not included,9.795748228428511,2.5010421008753645,3.751563151313047,51.42857142857142
2012-13,R2,North West,Crewe,BSU,50<71,A to F2,92.0,not included,not included,not included,not included,not included,not included,not included,not included,not included,not included,not included,not included,8.42568000732668,1.3737521751076105,3.022254785236743,44.5945945945946
2012-13,R2,North West,East Cheshire & Stockport,BSU,50<71,A to F2,140.0,not included,not included,not included,not included,not included,not included,not included,not included,not included,not included,not included,not included,9.456903539583896,1.6887327749256957,4.120507970818698,53.04347826086957
2012-13,R2,North West,East Lancashire,BSU,50<71,A to F2,98.0,not included,not included,not included,not included,not included,not included,not included,not included,not included,not included,not included,not included,6.9302029559437095,1.3436107771727601,3.2529524078919456,58.22784810126582
2012-13,R2,North West,Greater Manchester,BSU,50<71,A to F2,335.0,not included,not included,not included,not included,not included,not included,not included,not included,not included,not included,not included,not included,8.327947098891263,1.7898871376721524,4.275841495550141,65.39923954372624
2012-13,R2,North West,Liverpool,BSU,50<71,A to F2,205.0,not included,not included,not included,not included,not included,not included,not included,not included,not included,not included,not included,not included,8.94844820812781,1.8769915753633943,3.4047754157754593,48.148148148148145
2012-13,R2,North West,North Lancashire,BSU,50<71,A to F2,213.0,not included,not included,not included,not included,not included,not included,not included,not included,not included,not included,not included,not included,7.372282984909317,1.4883012598643224,2.9419908625224975,50.0
2012-13,R2,North West,South Lancashire,BSU,50<71,A to F2,137.0,not included,not included,not included,not included,not included,not included,not included,not included,not included,not included,not included,not included,6.821350328619797,1.344353714399522,2.7384983071101376,50.0
2012-13,R2,North West,Warrington,BSU,50<71,A to F2,153.0,not included,not included,not included,not included,not included,not included,not included,not included,not included,not included,not included,not included,8.130513338293124,1.4879370815176958,2.1256244021681368,32.0
2012-13,R2,North West,Wirral,BSU,50<71,A to F2,123.0,not included,not included,not included,not included,not included,not included,not included,not included,not included,not included,not included,not included,9.042787825319806,2.2055580061755626,2.867225408028231,41.935483870967744
2012-13,R3,Yorkshire and the Humber,Barnsley,BSU,50<71,A to F2,70.0,not included,not included,not included,not included,not included,not included,not included,not included,not included,not included,not included,not included,8.215962441314554,0.8215962441314554,2.9342723004694835,39.682539682539684
2012-13,R3,Yorkshire and the Humber,Doncaster,BSU,50<71,A to F2,114.0,not included,not included,not included,not included,not included,not included,not included,not included,not included,not included,not included,not included,7.903494176372712,1.8718801996672214,3.466444814198558,57.47126436781609
2012-13,R3,Yorkshire and the Humber,Humberside,BSU,50<71,A to F2,234.0,not included,not included,not included,not included,not included,not included,not included,not included,not included,not included,not included,not included,7.983623336745137,1.3647219379051518,3.9235755714773113,59.27835051546392
2012-13,R3,Yorkshire and the Humber,Leeds Wakefield,BSU,50<71,A to F2,263.0,not included,not included,not included,not included,not included,not included,not included,not included,not included,not included,not included,not included,7.04923744940899,1.822616526843389,2.8947438955747944,55.38461538461539
2012-13,R3,Yorkshire and the Humber,North Yorkshire,BSU,50<71,A to F2,199.0,not included,not included,not included,not included,not included,not included,not included,not included,not included,not included,not included,not included,8.152062594731884,1.6795706853467698,3.686862480029495,56.9620253164557
2012-13,R3,Yorkshire and the Humber,Pennine,BSU,50<71,A to F2,250.0,not included,not included,not included,not included,not included,not included,not included,not included,not included,not included,not included,not included,7.72010005249668,1.6057808109193097,3.1498008214186455,51.515151515151516
2012-13,R3,Yorkshire and the Humber,Rotherham,BSU,50<71,A to F2,52.0,not included,not included,not included,not included,not included,not included,not included,not included,not included,not included,not included,not included,5.856515373352855,1.5767541389796147,2.365131208469422,55.26315789473685
2012-13,R3,Yorkshire and the Humber,Sheffield,BSU,50<71,A to F2,152.0,not included,not included,not included,not included,not included,not included,not included,not included,not included,not included,not included,not included,9.344070818220938,2.1515952541956107,4.672035409110469,64.95726495726495
2012-13,R4,East Midlands,Derby City & South Derbyshire,BSU,50<71,A to F2,160.0,not included,not included,not included,not included,not included,not included,not included,not included,not included,not included,not included,not included,7.990411506192568,1.4982021574111066,3.0962844586496203,49.2063492063492
2012-13,R4,East Midlands,Kettering,BSU,50<71,A to F2,87.0,not included,not included,not included,not included,not included,not included,not included,not included,not included,not included,not included,not included,7.838544012974142,1.8019641409135958,2.793044418416074,46.26865671641791
2012-13,R4,East Midlands,Leicestershire,BSU,50<71,A to F2,318.0,not included,not included,not included,not included,not included,not included,not included,not included,not included,not included,not included,not included,9.273029481235238,2.245356195141866,3.9949843991485148,57.56302521008403
2012-13,R4,East Midlands,Lincolnshire,BSU,50<71,A to F2,211.0,not included,not included,not included,not included,not included,not included,not included,not included,not included,not included,not included,not included,7.915963233914837,1.6132057775276682,3.489026449071469,55.35714285714286
2012-13,R4,East Midlands,North Derbyshire & Chesterfield,BSU,50<71,A to F2,101.0,not included,not included,not included,not included,not included,not included,not included,not included,not included,not included,not included,not included,7.454974904044878,1.8452908178328904,3.690581635665781,65.78947368421053
2012-13,R4,East Midlands,North Nottinghamshire,BSU,50<71,A to F2,71.0,not included,not included,not included,not included,not included,not included,not included,not included,not included,not included,not included,not included,8.07368660450307,2.0468501250852853,3.7525585626563562,62.264150943396224
2012-13,R4,East Midlands,Northampton,BSU,50<71,A to F2,116.0,not included,not included,not included,not included,not included,not included,not included,not included,not included,not included,not included,not included,8.341123175379305,1.4381246854102252,3.3795930107140286,48.95833333333333
2012-13,R4,East Midlands,Nottingham City,BSU,50<71,A to F2,206.0,not included,not included,not included,not included,not included,not included,not included,not included,not included,not included,not included,not included,8.13489712909213,1.540101883663073,4.106938356434862,63.030303030303024
2012-13,R5,West Midlands,"City, Sandwell & Walsall",BSU,50<71,A to F2,250.0,not included,not included,not included,not included,not included,not included,not included,not included,not included,not included,not included,not included,7.3170017853484355,1.6975444142008371,2.8097286855737993,50.26178010471204
2012-13,R5,West Midlands,Dudley & Wolverhampton,BSU,50<71,A to F2,141.0,not included,not included,not included,not included,not included,not included,not included,not included,not included,not included,not included,not included,7.538897503074373,1.710955461690638,3.3684435652034432,57.798165137614674
2012-13,R5,West Midlands,Hereford & Worcester,BSU,50<71,A to F2,225.0,not included,not included,not included,not included,not included,not included,not included,not included,not included,not included,not included,not included,7.529364521634374,1.4724090620084997,3.2125288625639996,53.03867403314917
2012-13,R5,West Midlands,North Staffordshire,BSU,50<71,A to F2,137.0,not included,not included,not included,not included,not included,not included,not included,not included,not included,not included,not included,not included,7.477757764314175,1.5828830304022705,3.0020195404180994,51.4018691588785
2012-13,R5,West Midlands,Shropshire,BSU,50<71,A to F2,143.0,not included,not included,not included,not included,not included,not included,not included,not included,not included,not included,not included,not included,8.570572370392567,1.7380881030866049,3.296373988612526,48.24561403508772
2012-13,R5,West Midlands,South Birmingham,BSU,50<71,A to F2,87.0,not included,not included,not included,not included,not included,not included,not included,not included,not included,not included,not included,not included,8.346124328472756,2.2064466615502685,3.357636224098235,54.6875
2012-13,R5,West Midlands,South Staffordshire,BSU,50<71,A to F2,157.0,not included,not included,not included,not included,not included,not included,not included,not included,not included,not included,not included,not included,6.916604255694084,0.8810960835279087,3.436274725758844,56.934306569343065
2012-13,R5,West Midlands,"Warwickshire, Solihull & Coventry",BSU,50<71,A to F2,319.0,not included,not included,not included,not included,not included,not included,not included,not included,not included,not included,not included,not included,9.132812276331988,1.7750293452432078,3.5500586904864155,48.249027237354085
2012-13,R6,East of England,Bedfordshire & Hertfordshire,BSU,50<71,A to F2,385.0,not included,not included,not included,not included,not included,not included,not included,not included,not included,not included,not included,not included,8.455034588777863,1.976501592181838,3.008674645876798,46.59863945578231
2012-13,R6,East of England,Cambridge & Huntingdon,BSU,50<71,A to F2,119.0,not included,not included,not included,not included,not included,not included,not included,not included,not included,not included,not included,not included,7.969461559067773,1.6742566300562551,3.3485132601125103,53.191489361702125
2012-13,R6,East of England,Colchester & Chelmsford,BSU,50<71,A to F2,196.0,not included,not included,not included,not included,not included,not included,not included,not included,not included,not included,not included,not included,7.425086184036065,1.2122589688222147,3.068530514831231,49.390243902439025
2012-13,R6,East of England,East Suffolk,BSU,50<71,A to F2,92.0,not included,not included,not included,not included,not included,not included,not included,not included,not included,not included,not included,not included,6.88159174208991,1.3463983843219387,2.3935971276834467,43.24324324324324
2012-13,R6,East of England,Epping,BSU,50<71,A to F2,69.0,not included,not included,not included,not included,not included,not included,not included,not included,not included,not included,not included,not included,7.002232595900142,1.3192612137203166,2.232595900142074,39.285714285714285
2012-13,R6,East of England,James Paget,BSU,50<71,A to F2,79.0,not included,not included,not included,not included,not included,not included,not included,not included,not included,not included,not included,not included,8.593495050581966,1.7404546937887524,4.351136734471881,63.49206349206349
2012-13,R6,East of England,Kings Lynn,BSU,50<71,A to F2,70.0,not included,not included,not included,not included,not included,not included,not included,not included,not included,not included,not included,not included,9.06148867313916,1.8122977346278317,4.789644012944984,66.07142857142857
2012-13,R6,East of England,Norfolk & Norwich,BSU,50<71,A to F2,148.0,not included,not included,not included,not included,not included,not included,not included,not included,not included,not included,not included,not included,7.603390701258669,1.4898535833547393,3.0310814282044696,49.57983193277311
2012-13,R6,East of England,Peterborough,BSU,50<71,A to F2,115.0,not included,not included,not included,not included,not included,not included,not included,not included,not included,not included,not included,not included,8.936203279198073,1.7872406558396146,3.8075996580930918,53.2608695652174
2012-13,R6,East of England,South Essex (Southend),BSU,50<71,A to F2,133.0,not included,not included,not included,not included,not included,not included,not included,not included,not included,not included,not included,not included,6.7798338176071775,1.3253810470510272,2.9056430646887903,53.271028037383175
2012-13,R6,East of England,West Suffolk,BSU,50<71,A to F2,90.0,not included,not included,not included,not included,not included,not included,not included,not included,not included,not included,not included,not included,8.430123641813413,1.4986886474334957,3.746721618583739,54.054054054054056
2012-13,R7,London,Central & East London,BSU,50<71,A to F2,195.0,not included,not included,not included,not included,not included,not included,not included,not included,not included,not included,not included,not included,7.968941561095219,1.6346546791990193,3.228442991418063,50.967741935483865
2012-13,R7,London,North London,BSU,50<71,A to F2,428.0,not included,not included,not included,not included,not included,not included,not included,not included,not included,not included,not included,not included,8.142764734979643,1.826414519995434,2.3210684524941976,37.08206686930091
2012-13,R7,London,Outer North East London,BSU,50<71,A to F2,163.0,not included,not included,not included,not included,not included,not included,not included,not included,not included,not included,not included,not included,7.640028122802906,1.4530114834778534,3.374736348722756,54.961832061068705
2012-13,R7,London,South East London,BSU,50<71,A to F2,331.0,not included,not included,not included,not included,not included,not included,not included,not included,not included,not included,not included,not included,7.950042031944278,1.2009126936471717,3.2424642728473643,48.214285714285715
2012-13,R7,London,South West London,BSU,50<71,A to F2,280.0,not included,not included,not included,not included,not included,not included,not included,not included,not included,not included,not included,not included,8.598452278589853,2.70237071612824,2.8559145068173444,48.69109947643979
2012-13,R7,London,West of London,BSU,50<71,A to F2,250.0,not included,not included,not included,not included,not included,not included,not included,not included,not included,not included,not included,not included,8.06087573353969,2.1603146965886375,2.5794802347327015,43.71584699453552
2012-13,R8,South East,Aylesbury & Wycombe,BSU,50<71,A to F2,111.0,not included,not included,not included,not included,not included,not included,not included,not included,not included,not included,not included,not included,6.451987909788421,1.1043943269007208,2.2669146710067425,42.391304347826086
2012-13,R8,South East,Canterbury,BSU,50<71,A to F2,204.0,not included,not included,not included,not included,not included,not included,not included,not included,not included,not included,not included,not included,8.491861965616284,1.6234441993089954,3.912916788078092,56.96969696969697
2012-13,R8,South East,East Berkshire,BSU,50<71,A to F2,92.0,not included,not included,not included,not included,not included,not included,not included,not included,not included,not included,not included,not included,7.499184871209652,1.874796217802413,1.7117704597326378,30.434782608695656
2012-13,R8,South East,East Sussex/Brighton,BSU,50<71,A to F2,235.0,not included,not included,not included,not included,not included,not included,not included,not included,not included,not included,not included,not included,9.438888219464193,1.5262883078282525,3.815720769570631,48.223350253807105
2012-13,R8,South East,Guildford,BSU,50<71,A to F2,381.0,not included,not included,not included,not included,not included,not included,not included,not included,not included,not included,not included,not included,8.94891368173811,1.9025249559600705,4.133881385789783,58.862876254180605
2012-13,R8,South East,Isle of Wight,BSU,50<71,A to F2,85.0,not included,not included,not included,not included,not included,not included,not included,not included,not included,not included,not included,not included,10.73367849475944,1.8941785578987247,4.040914256850613,45.714285714285715
2012-13,R8,South East,Maidstone,BSU,50<71,A to F2,129.0,not included,not included,not included,not included,not included,not included,not included,not included,not included,not included,not included,not included,8.628185405658485,1.6721289545849776,3.2773727509865562,47.11538461538461
2012-13,R8,South East,Medway,BSU,50<71,A to F2,150.0,not included,not included,not included,not included,not included,not included,not included,not included,not included,not included,not included,not included,7.344300822561692,1.1750881316098707,3.2314923619271445,52.38095238095239
2012-13,R8,South East,Milton Keynes,BSU,50<71,A to F2,78.0,not included,not included,not included,not included,not included,not included,not included,not included,not included,not included,not included,not included,9.185115402731984,1.5308525671219972,3.7682524729156857,49.23076923076923
2012-13,R8,South East,North & Mid Hampshire,BSU,50<71,A to F2,116.0,not included,not included,not included,not included,not included,not included,not included,not included,not included,not included,not included,not included,6.429442412149429,1.274803236891697,2.4387540184015077,47.31182795698925
2012-13,R8,South East,Oxford,BSU,50<71,A to F2,191.0,not included,not included,not included,not included,not included,not included,not included,not included,not included,not included,not included,not included,9.335744660051812,2.004008016032064,3.5192335891294784,48.0
2012-13,R8,South East,Portsmouth,BSU,50<71,A to F2,188.0,not included,not included,not included,not included,not included,not included,not included,not included,not included,not included,not included,not included,10.178117048346056,2.652807103026366,2.977640625845921,39.568345323741006
2012-13,R8,South East,Southampton & Salisbury,BSU,50<71,A to F2,237.0,not included,not included,not included,not included,not included,not included,not included,not included,not included,not included,not included,not included,9.13787785317705,1.812152991980259,4.086983343615053,55.78947368421052
2012-13,R8,South East,West Berkshire,BSU,50<71,A to F2,154.0,not included,not included,not included,not included,not included,not included,not included,not included,not included,not included,not included,not included,9.05349794238683,2.880658436213992,3.1746031746031744,51.42857142857142
2012-13,R8,South East,Worthing,BSU,50<71,A to F2,261.0,not included,not included,not included,not included,not included,not included,not included,not included,not included,not included,not included,not included,8.722387461150285,1.7377936704207466,3.709521104167363,53.36538461538461
2013-14,R1,North East,Gateshead,BSU,45 and over,A to F2,277.0,not included,not included,not included,not included,not included,not included,not included,not included,not included,not included,not included,not included,7.0898387509598155,1.3565395444074737,3.224980803685692,56.25
2013-14,R1,North East,Newcastle,BSU,45 and over,A to F2,358.0,not included,not included,not included,not included,not included,not included,not included,not included,not included,not included,not included,not included,9.4806811260295,1.9861762135536667,3.945870077593284,52.65017667844523
2013-14,R1,North East,North Cumbria,BSU,45 and over,A to F2,112.0,not included,not included,not included,not included,not included,not included,not included,not included,not included,not included,not included,not included,9.217348366389597,1.563657312155378,4.361780923380792,56.98924731182796
2013-14,R1,North East,North Tees,BSU,45 and over,A to F2,317.0,not included,not included,not included,not included,not included,not included,not included,not included,not included,not included,not included,not included,8.43219662712135,1.6491993403202638,2.9791988083204766,43.92156862745098
2013-14,R10,South West,Avon,BSU,45 and over,A to F2,476.0,not included,not included,not included,not included,not included,not included,not included,not included,not included,not included,not included,not included,9.742519137091163,2.08768267223382,4.134430390110115,54.15549597855228
2013-14,R10,South West,Cornwall,BSU,45 and over,A to F2,199.0,not included,not included,not included,not included,not included,not included,not included,not included,not included,not included,not included,not included,9.026580785630047,1.7236686927333758,4.445250839154496,60.86956521739131
2013-14,R10,South West,Dorset,BSU,45 and over,A to F2,335.0,not included,not included,not included,not included,not included,not included,not included,not included,not included,not included,not included,not included,9.3990236238146,2.16037259413052,3.81572302339936,52.71317829457365
2013-14,R10,South West,Gloucestershire,BSU,45 and over,A to F2,225.0,not included,not included,not included,not included,not included,not included,not included,not included,not included,not included,not included,not included,8.401478660244203,1.904335162988686,2.203054404241813,33.90804597701149
2013-14,R10,South West,North & East Devon,BSU,45 and over,A to F2,203.0,not included,not included,not included,not included,not included,not included,not included,not included,not included,not included,not included,not included,8.026253360746482,2.49090621540408,3.044440929938321,55.00000000000001
2013-14,R10,South West,Somerset,BSU,45 and over,A to F2,169.0,not included,not included,not included,not included,not included,not included,not included,not included,not included,not included,not included,not included,8.58827116576888,1.7278178676694786,4.268726496595182,62.22222222222222
2013-14,R10,South West,South Devon (Torbay),BSU,45 and over,A to F2,117.0,not included,not included,not included,not included,not included,not included,not included,not included,not included,not included,not included,not included,8.787082238077357,1.5020653398422832,4.581299286518964,62.88659793814433
2013-14,R10,South West,West Devon & East Cornwall,BSU,45 and over,A to F2,195.0,not included,not included,not included,not included,not included,not included,not included,not included,not included,not included,not included,not included,9.202888291094435,1.7933833592901978,3.7755439142951532,50.955414012738856
2013-14,R10,South West,Wiltshire,BSU,45 and over,A to F2,222.0,not included,not included,not included,not included,not included,not included,not included,not included,not included,not included,not included,not included,8.348689406190063,1.654695197623256,3.0085367229513746,44.9438202247191
2013-14,R2,North West,"Bolton, Bury & Rochdale",BSU,45 and over,A to F2,198.0,not included,not included,not included,not included,not included,not included,not included,not included,not included,not included,not included,not included,8.269640395940359,2.673015077475671,2.881844380403458,51.49253731343284
2013-14,R2,North West,Chester,BSU,45 and over,A to F2,82.0,not included,not included,not included,not included,not included,not included,not included,not included,not included,not included,not included,not included,9.854584785482514,1.5623122220886914,4.44658093979089,53.62318840579711
2013-14,R2,North West,Crewe,BSU,45 and over,A to F2,128.0,not included,not included,not included,not included,not included,not included,not included,not included,not included,not included,not included,not included,9.486400355740013,1.6304750611428147,2.8903876083895352,36.79245283018868
2013-14,R2,North West,East Cheshire & Stockport,BSU,45 and over,A to F2,193.0,not included,not included,not included,not included,not included,not included,not included,not included,not included,not included,not included,not included,8.97048570764583,1.719730420636765,3.39298164071578,47.096774193548384
2013-14,R2,North West,East Lancashire,BSU,45 and over,A to F2,150.0,not included,not included,not included,not included,not included,not included,not included,not included,not included,not included,not included,not included,7.905138339920948,1.3175230566534915,3.372859025032938,51.2
2013-14,R2,North West,Greater Manchester,BSU,45 and over,A to F2,396.0,not included,not included,not included,not included,not included,not included,not included,not included,not included,not included,not included,not included,9.709690074539035,1.618281679089839,4.928403295409964,60.909090909090914
2013-14,R2,North West,Liverpool,BSU,45 and over,A to F2,277.0,not included,not included,not included,not included,not included,not included,not included,not included,not included,not included,not included,not included,9.042240647646405,1.9259646144806424,3.06848599595221,43.11926605504588
2013-14,R2,North West,North Lancashire,BSU,45 and over,A to F2,317.0,not included,not included,not included,not included,not included,not included,not included,not included,not included,not included,not included,not included,8.892005610098176,1.935483870967742,3.1977559607293125,45.96774193548387
2013-14,R2,North West,South Lancashire,BSU,45 and over,A to F2,236.0,not included,not included,not included,not included,not included,not included,not included,not included,not included,not included,not included,not included,8.772908070331958,1.4869335712427048,3.6429872495446265,50.0
2013-14,R2,North West,Warrington,BSU,45 and over,A to F2,246.0,not included,not included,not included,not included,not included,not included,not included,not included,not included,not included,not included,not included,9.588400374181479,1.6760212036170876,2.9622700342999684,37.4384236453202
2013-14,R2,North West,Wirral,BSU,45 and over,A to F2,156.0,not included,not included,not included,not included,not included,not included,not included,not included,not included,not included,not included,not included,10.514963602049068,2.5613372876786196,3.4375842545160418,43.58974358974359
2013-14,R3,Yorkshire and the Humber,Barnsley,BSU,45 and over,A to F2,94.0,not included,not included,not included,not included,not included,not included,not included,not included,not included,not included,not included,not included,8.363733428240947,1.4236142005516506,3.0251801761722574,43.58974358974359
2013-14,R3,Yorkshire and the Humber,Doncaster,BSU,45 and over,A to F2,178.0,not included,not included,not included,not included,not included,not included,not included,not included,not included,not included,not included,not included,10.760488453633176,2.4180872929512756,4.352557127312296,52.17391304347826
2013-14,R3,Yorkshire and the Humber,Humberside,BSU,45 and over,A to F2,312.0,not included,not included,not included,not included,not included,not included,not included,not included,not included,not included,not included,not included,7.349130823950629,1.3661845762472322,3.5332359730531873,59.055118110236215
2013-14,R3,Yorkshire and the Humber,Leeds Wakefield,BSU,45 and over,A to F2,329.0,not included,not included,not included,not included,not included,not included,not included,not included,not included,not included,not included,not included,9.266561514195583,2.1969355565570075,4.08404686795854,57.76892430278885
2013-14,R3,Yorkshire and the Humber,North Yorkshire,BSU,45 and over,A to F2,297.0,not included,not included,not included,not included,not included,not included,not included,not included,not included,not included,not included,not included,7.994616419919247,2.1803499327052487,3.230148048452221,55.55555555555556
2013-14,R3,Yorkshire and the Humber,Pennine,BSU,45 and over,A to F2,325.0,not included,not included,not included,not included,not included,not included,not included,not included,not included,not included,not included,not included,8.265513733468971,1.9074262461851477,3.9674465920651065,62.4
2013-14,R3,Yorkshire and the Humber,Rotherham,BSU,45 and over,A to F2,74.0,not included,not included,not included,not included,not included,not included,not included,not included,not included,not included,not included,not included,6.336701489981161,1.2844665182394246,2.740195238910772,54.23728813559322
2013-14,R3,Yorkshire and the Humber,Sheffield,BSU,45 and over,A to F2,150.0,not included,not included,not included,not included,not included,not included,not included,not included,not included,not included,not included,not included,7.929794882639035,1.374497779657433,3.6477056460139563,55.64516129032258
2013-14,R4,East Midlands,Derby City & South Derbyshire,BSU,45 and over,A to F2,226.0,not included,not included,not included,not included,not included,not included,not included,not included,not included,not included,not included,not included,8.908510386692418,2.325673065552446,3.5870550672080097,54.49101796407185
2013-14,R4,East Midlands,Kettering,BSU,45 and over,A to F2,134.0,not included,not included,not included,not included,not included,not included,not included,not included,not included,not included,not included,not included,9.254782788866635,2.2791629256164097,3.4532771600248635,49.504950495049506
2013-14,R4,East Midlands,Leicestershire,BSU,45 and over,A to F2,371.0,not included,not included,not included,not included,not included,not included,not included,not included,not included,not included,not included,not included,8.646204758908388,1.7944953273206086,3.845347129972733,56.5068493150685
2013-14,R4,East Midlands,Lincolnshire,BSU,45 and over,A to F2,226.0,not included,not included,not included,not included,not included,not included,not included,not included,not included,not included,not included,not included,8.226857413272178,1.7108951257689926,3.3853882275854534,51.955307262569825
2013-14,R4,East Midlands,North Derbyshire & Chesterfield,BSU,45 and over,A to F2,132.0,not included,not included,not included,not included,not included,not included,not included,not included,not included,not included,not included,not included,7.828717157938438,1.4234031196251706,3.6178162623806416,56.481481481481474
2013-14,R4,East Midlands,North Nottinghamshire,BSU,45 and over,A to F2,75.0,not included,not included,not included,not included,not included,not included,not included,not included,not included,not included,not included,not included,6.918819188191882,1.014760147601476,4.059040590405904,69.84126984126983
2013-14,R4,East Midlands,Northampton,BSU,45 and over,A to F2,124.0,not included,not included,not included,not included,not included,not included,not included,not included,not included,not included,not included,not included,7.900101936799185,1.8476044852191642,2.930682976554536,49.46236559139785
2013-14,R4,East Midlands,Nottingham City,BSU,45 and over,A to F2,240.0,not included,not included,not included,not included,not included,not included,not included,not included,not included,not included,not included,not included,8.080808080808081,1.8518518518518519,3.8047138047138045,61.74863387978142
2013-14,R5,West Midlands,"City, Sandwell & Walsall",BSU,45 and over,A to F2,368.0,not included,not included,not included,not included,not included,not included,not included,not included,not included,not included,not included,not included,8.739224393835046,1.8760834975895888,3.158469685815384,46.02076124567474
2013-14,R5,West Midlands,Dudley & Wolverhampton,BSU,45 and over,A to F2,224.0,not included,not included,not included,not included,not included,not included,not included,not included,not included,not included,not included,not included,10.819165378670787,2.4149922720247297,4.443585780525503,52.87356321839081
2013-14,R5,West Midlands,Hereford & Worcester,BSU,45 and over,A to F2,258.0,not included,not included,not included,not included,not included,not included,not included,not included,not included,not included,not included,not included,7.880268784361637,1.46609651802077,3.4514355528405622,54.066985645933016
2013-14,R5,West Midlands,North Staffordshire,BSU,45 and over,A to F2,148.0,not included,not included,not included,not included,not included,not included,not included,not included,not included,not included,not included,not included,8.010391859709895,2.3273435808616583,2.8685862740853,50.476190476190474
2013-14,R5,West Midlands,Shropshire,BSU,45 and over,A to F2,144.0,not included,not included,not included,not included,not included,not included,not included,not included,not included,not included,not included,not included,8.625853600095843,2.096561638912184,3.054989816700611,46.788990825688074
2013-14,R5,West Midlands,South Birmingham,BSU,45 and over,A to F2,124.0,not included,not included,not included,not included,not included,not included,not included,not included,not included,not included,not included,not included,8.760774339409354,1.6956337431114878,2.755404832556168,39.0
2013-14,R5,West Midlands,South Staffordshire,BSU,45 and over,A to F2,236.0,not included,not included,not included,not included,not included,not included,not included,not included,not included,not included,not included,not included,9.333966144597373,1.7402309761113748,4.4296788482834994,58.333333333333336
2013-14,R5,West Midlands,"Warwickshire, Solihull & Coventry",BSU,45 and over,A to F2,410.0,not included,not included,not included,not included,not included,not included,not included,not included,not included,not included,not included,not included,8.608381624254639,1.5747039556563367,3.443352649701856,48.95522388059702
2013-14,R6,East of England,Bedfordshire & Hertfordshire,BSU,45 and over,A to F2,507.0,not included,not included,not included,not included,not included,not included,not included,not included,not included,not included,not included,not included,8.35695918771016,1.9944616601832925,2.8845519878683987,45.33678756476684
2013-14,R6,East of England,Cambridge & Huntingdon,BSU,45 and over,A to F2,148.0,not included,not included,not included,not included,not included,not included,not included,not included,not included,not included,not included,not included,7.533340120126234,1.8833350300315586,3.1558586989718007,55.85585585585585
2013-14,R6,East of England,Colchester & Chelmsford,BSU,45 and over,A to F2,278.0,not included,not included,not included,not included,not included,not included,not included,not included,not included,not included,not included,not included,7.817552937206489,1.2935519248615055,2.8964314839290233,44.396551724137936
2013-14,R6,East of England,East Suffolk,BSU,45 and over,A to F2,151.0,not included,not included,not included,not included,not included,not included,not included,not included,not included,not included,not included,not included,8.299439375618336,1.3740793668242277,3.6275695284159615,52.38095238095239
2013-14,R6,East of England,Epping,BSU,45 and over,A to F2,83.0,not included,not included,not included,not included,not included,not included,not included,not included,not included,not included,not included,not included,8.324140006017451,1.4040718082439074,2.707852773041821,39.130434782608695
2013-14,R6,East of England,James Paget,BSU,45 and over,A to F2,70.0,not included,not included,not included,not included,not included,not included,not included,not included,not included,not included,not included,not included,8.05430905534461,2.0711080428028996,2.646415832470372,45.09803921568628
2013-14,R6,East of England,Kings Lynn,BSU,45 and over,A to F2,84.0,not included,not included,not included,not included,not included,not included,not included,not included,not included,not included,not included,not included,9.458394324963406,2.5897984461209322,3.152798108321135,45.90163934426229
2013-14,R6,East of England,Norfolk & Norwich,BSU,45 and over,A to F2,180.0,not included,not included,not included,not included,not included,not included,not included,not included,not included,not included,not included,not included,6.710658763001901,1.2675688774559148,2.7961078179174588,51.369863013698634
2013-14,R6,East of England,Peterborough,BSU,45 and over,A to F2,99.0,not included,not included,not included,not included,not included,not included,not included,not included,not included,not included,not included,not included,8.678881388621022,1.4903129657228018,4.120277022880687,57.3170731707317
2013-14,R6,East of England,South Essex (Southend),BSU,45 and over,A to F2,182.0,not included,not included,not included,not included,not included,not included,not included,not included,not included,not included,not included,not included,7.39476678043231,1.5845928815212091,2.844141069397042,49.29577464788733
2013-14,R6,East of England,West Suffolk,BSU,45 and over,A to F2,137.0,not included,not included,not included,not included,not included,not included,not included,not included,not included,not included,not included,not included,10.360735082810255,2.873780533918173,4.386296604401422,58.58585858585859
2013-14,R7,London,Central & East London,BSU,45 and over,A to F2,193.0,not included,not included,not included,not included,not included,not included,not included,not included,not included,not included,not included,not included,7.606510857998661,1.4976549875852283,3.0741339218854686,50.32258064516129
2013-14,R7,London,North London,BSU,45 and over,A to F2,508.0,not included,not included,not included,not included,not included,not included,not included,not included,not included,not included,not included,not included,8.324320781306328,2.3432635270212696,2.3268770687903517,38.9041095890411
2013-14,R7,London,Outer North East London,BSU,45 and over,A to F2,215.0,not included,not included,not included,not included,not included,not included,not included,not included,not included,not included,not included,not included,7.784214337436641,1.9188993482983345,2.715423606082549,46.2962962962963
2013-14,R7,London,South East London,BSU,45 and over,A to F2,356.0,not included,not included,not included,not included,not included,not included,not included,not included,not included,not included,not included,not included,7.092763787057699,1.5540325151418553,2.2513547975773034,40.647482014388494
2013-14,R7,London,South West London,BSU,45 and over,A to F2,383.0,not included,not included,not included,not included,not included,not included,not included,not included,not included,not included,not included,not included,9.695466167126547,2.480824241196871,3.4934055641343695,48.59154929577465
2013-14,R7,London,West of London,BSU,45 and over,A to F2,358.0,not included,not included,not included,not included,not included,not included,not included,not included,not included,not included,not included,not included,8.330036996533028,2.0941433790166832,2.74565465248854,44.02985074626866
2013-14,R8,South East,Aylesbury & Wycombe,BSU,45 and over,A to F2,165.0,not included,not included,not included,not included,not included,not included,not included,not included,not included,not included,not included,not included,7.872137404580152,1.2404580152671756,3.57824427480916,53.956834532374096
2013-14,R8,South East,Canterbury,BSU,45 and over,A to F2,268.0,not included,not included,not included,not included,not included,not included,not included,not included,not included,not included,not included,not included,8.804783494316315,1.675537157500493,3.6467573427951905,51.1520737327189
2013-14,R8,South East,East Berkshire,BSU,45 and over,A to F2,173.0,not included,not included,not included,not included,not included,not included,not included,not included,not included,not included,not included,not included,8.893687024470491,1.6964836520666255,3.29015011309891,45.714285714285715
2013-14,R8,South East,East Sussex/Brighton,BSU,45 and over,A to F2,317.0,not included,not included,not included,not included,not included,not included,not included,not included,not included,not included,not included,not included,9.48874521072797,1.736111111111111,4.130747126436781,53.28185328185329
2013-14,R8,South East,Guildford,BSU,45 and over,A to F2,516.0,not included,not included,not included,not included,not included,not included,not included,not included,not included,not included,not included,not included,9.865402263689202,2.1795656163964514,4.7223921688589785,61.442786069651746
2013-14,R8,South East,Isle of Wight,BSU,45 and over,A to F2,62.0,not included,not included,not included,not included,not included,not included,not included,not included,not included,not included,not included,not included,9.057706355003653,1.4609203798392987,4.382761139517896,57.692307692307686
2013-14,R8,South East,Maidstone,BSU,45 and over,A to F2,154.0,not included,not included,not included,not included,not included,not included,not included,not included,not included,not included,not included,not included,8.040515846081554,1.7751788231608625,3.341513078891035,53.333333333333336
2013-14,R8,South East,Medway,BSU,45 and over,A to F2,179.0,not included,not included,not included,not included,not included,not included,not included,not included,not included,not included,not included,not included,7.440043227066795,1.3716280809676213,2.909514111143439,47.94520547945205
2013-14,R8,South East,Milton Keynes,BSU,45 and over,A to F2,85.0,not included,not included,not included,not included,not included,not included,not included,not included,not included,not included,not included,not included,7.9834695219310605,1.596693904386212,3.287310979618672,51.470588235294116
2013-14,R8,South East,North & Mid Hampshire,BSU,45 and over,A to F2,164.0,not included,not included,not included,not included,not included,not included,not included,not included,not included,not included,not included,not included,7.932285368802902,1.3542926239419588,3.6275695284159615,55.14705882352941
2013-14,R8,South East,Oxford,BSU,45 and over,A to F2,260.0,not included,not included,not included,not included,not included,not included,not included,not included,not included,not included,not included,not included,9.744762190322701,2.4361905475806753,3.1857876391439603,43.58974358974359
2013-14,R8,South East,Portsmouth,BSU,45 and over,A to F2,225.0,not included,not included,not included,not included,not included,not included,not included,not included,not included,not included,not included,not included,10.824072737768798,2.5015634771732334,3.559917255977293,42.77456647398844
2013-14,R8,South East,Southampton & Salisbury,BSU,45 and over,A to F2,188.0,not included,not included,not included,not included,not included,not included,not included,not included,not included,not included,not included,not included,8.696054396595589,1.9427355566862483,3.792959896387437,56.16438356164384
2013-14,R8,South East,West Berkshire,BSU,45 and over,A to F2,200.0,not included,not included,not included,not included,not included,not included,not included,not included,not included,not included,not included,not included,10.494831295586923,3.2009235451540117,3.6731909534554235,50.35971223021583
2013-14,R8,South East,Worthing,BSU,45 and over,A to F2,290.0,not included,not included,not included,not included,not included,not included,not included,not included,not included,not included,not included,not included,10.274579273693535,2.161204605845881,4.464127546501329,55.021834061135365
2013-14,R1,North East,Gateshead,BSU,50<71,A to F2,222.0,not included,not included,not included,not included,not included,not included,not included,not included,not included,not included,not included,not included,7.018431285763966,1.296196768992444,3.25629920015175,56.9060773480663
2013-14,R1,North East,Newcastle,BSU,50<71,A to F2,307.0,not included,not included,not included,not included,not included,not included,not included,not included,not included,not included,not included,not included,9.448770428734111,2.031331753408636,4.001107999138223,53.941908713692946
2013-14,R1,North East,North Cumbria,BSU,50<71,A to F2,102.0,not included,not included,not included,not included,not included,not included,not included,not included,not included,not included,not included,not included,8.835758835758837,1.5592515592515594,4.071379071379071,55.952380952380956
2013-14,R1,North East,North Tees,BSU,50<71,A to F2,269.0,not included,not included,not included,not included,not included,not included,not included,not included,not included,not included,not included,not included,8.255838934413653,1.68799680815149,2.7928674462142835,42.523364485981304
2013-14,R10,South West,Avon,BSU,50<71,A to F2,382.0,not included,not included,not included,not included,not included,not included,not included,not included,not included,not included,not included,not included,9.315482722462018,1.9021142731728728,4.1456336722998515,55.92105263157895
2013-14,R10,South West,Cornwall,BSU,50<71,A to F2,166.0,not included,not included,not included,not included,not included,not included,not included,not included,not included,not included,not included,not included,8.906057191909436,1.7704812489940447,4.292075755137078,60.150375939849624
2013-14,R10,South West,Dorset,BSU,50<71,A to F2,259.0,not included,not included,not included,not included,not included,not included,not included,not included,not included,not included,not included,not included,8.65902176456822,2.1062485373274047,3.443549195947979,52.55102040816326
2013-14,R10,South West,Gloucestershire,BSU,50<71,A to F2,179.0,not included,not included,not included,not included,not included,not included,not included,not included,not included,not included,not included,not included,7.892416225749559,1.8518518518518519,2.072310405643739,34.306569343065696
2013-14,R10,South West,North & East Devon,BSU,50<71,A to F2,162.0,not included,not included,not included,not included,not included,not included,not included,not included,not included,not included,not included,not included,7.775751175962369,2.5919170586541234,2.831909378899875,54.629629629629626
2013-14,R10,South West,Somerset,BSU,50<71,A to F2,141.0,not included,not included,not included,not included,not included,not included,not included,not included,not included,not included,not included,not included,8.638647224604828,1.6542090430094352,4.349957113098885,62.28070175438597
2013-14,R10,South West,South Devon (Torbay),BSU,50<71,A to F2,97.0,not included,not included,not included,not included,not included,not included,not included,not included,not included,not included,not included,not included,8.304794520547945,1.36986301369863,4.366438356164384,62.96296296296296
2013-14,R10,South West,West Devon & East Cornwall,BSU,50<71,A to F2,156.0,not included,not included,not included,not included,not included,not included,not included,not included,not included,not included,not included,not included,8.93880357552143,1.7763007105202844,3.7245014898005957,52.0
2013-14,R10,South West,Wiltshire,BSU,50<71,A to F2,169.0,not included,not included,not included,not included,not included,not included,not included,not included,not included,not included,not included,not included,7.600629637958175,1.6190690353046997,2.5185518326961995,42.10526315789473
2013-14,R2,North West,"Bolton, Bury & Rochdale",BSU,50<71,A to F2,172.0,not included,not included,not included,not included,not included,not included,not included,not included,not included,not included,not included,not included,8.528784648187633,2.7272276491297665,2.925571478157386,50.427350427350426
2013-14,R2,North West,Chester,BSU,50<71,A to F2,58.0,not included,not included,not included,not included,not included,not included,not included,not included,not included,not included,not included,not included,8.344123147748526,1.438641922025608,3.884333189469141,56.25
2013-14,R2,North West,Crewe,BSU,50<71,A to F2,102.0,not included,not included,not included,not included,not included,not included,not included,not included,not included,not included,not included,not included,9.098207118009098,1.5163678530015166,2.675943270002676,35.294117647058826
2013-14,R2,North West,East Cheshire & Stockport,BSU,50<71,A to F2,159.0,not included,not included,not included,not included,not included,not included,not included,not included,not included,not included,not included,not included,8.815701929474384,1.829673985362608,3.493013972055888,50.4
2013-14,R2,North West,East Lancashire,BSU,50<71,A to F2,131.0,not included,not included,not included,not included,not included,not included,not included,not included,not included,not included,not included,not included,8.113464635203766,1.4864362690449648,3.2206119162640903,48.598130841121495
2013-14,R2,North West,Greater Manchester,BSU,50<71,A to F2,331.0,not included,not included,not included,not included,not included,not included,not included,not included,not included,not included,not included,not included,9.627970563425347,1.6289013642048924,4.915791616975479,61.45454545454545
2013-14,R2,North West,Liverpool,BSU,50<71,A to F2,227.0,not included,not included,not included,not included,not included,not included,not included,not included,not included,not included,not included,not included,8.733792466623061,1.8852679773767842,2.8856142510869147,42.13483146067416
2013-14,R2,North West,North Lancashire,BSU,50<71,A to F2,261.0,not included,not included,not included,not included,not included,not included,not included,not included,not included,not included,not included,not included,8.622113574047768,1.949060156585511,3.0722473654652966,46.03960396039604
2013-14,R2,North West,South Lancashire,BSU,50<71,A to F2,197.0,not included,not included,not included,not included,not included,not included,not included,not included,not included,not included,not included,not included,8.561867095484377,1.3472988830457648,3.650745360511104,50.602409638554214
2013-14,R2,North West,Warrington,BSU,50<71,A to F2,191.0,not included,not included,not included,not included,not included,not included,not included,not included,not included,not included,not included,not included,8.77878383968378,1.6086776669577607,2.7117709243002253,37.82051282051282
2013-14,R2,North West,Wirral,BSU,50<71,A to F2,131.0,not included,not included,not included,not included,not included,not included,not included,not included,not included,not included,not included,not included,10.48671149535703,2.4815882164585337,3.202049311559398,40.4040404040404
2013-14,R3,Yorkshire and the Humber,Barnsley,BSU,50<71,A to F2,71.0,not included,not included,not included,not included,not included,not included,not included,not included,not included,not included,not included,not included,7.45485090298194,1.4699706005879882,2.729945401091978,45.614035087719294
2013-14,R3,Yorkshire and the Humber,Doncaster,BSU,50<71,A to F2,141.0,not included,not included,not included,not included,not included,not included,not included,not included,not included,not included,not included,not included,10.424367884075114,2.217950613633003,4.435901227266006,54.054054054054056
2013-14,R3,Yorkshire and the Humber,Humberside,BSU,50<71,A to F2,260.0,not included,not included,not included,not included,not included,not included,not included,not included,not included,not included,not included,not included,7.1137377219622975,1.4501080740923145,3.5295083312812934,62.31884057971014
2013-14,R3,Yorkshire and the Humber,Leeds Wakefield,BSU,50<71,A to F2,272.0,not included,not included,not included,not included,not included,not included,not included,not included,not included,not included,not included,not included,9.137942619095613,2.1836995229456426,4.031445273130418,57.971014492753625
2013-14,R3,Yorkshire and the Humber,North Yorkshire,BSU,50<71,A to F2,233.0,not included,not included,not included,not included,not included,not included,not included,not included,not included,not included,not included,not included,7.5277849573533215,1.9707934866890668,3.230808994572241,58.139534883720934
2013-14,R3,Yorkshire and the Humber,Pennine,BSU,50<71,A to F2,284.0,not included,not included,not included,not included,not included,not included,not included,not included,not included,not included,not included,not included,8.32356389214537,1.9929660023446658,3.956623681125439,62.5
2013-14,R3,Yorkshire and the Humber,Rotherham,BSU,50<71,A to F2,66.0,not included,not included,not included,not included,not included,not included,not included,not included,not included,not included,not included,not included,6.781750924784217,1.3357994245787093,3.1853678586107685,58.490566037735846
2013-14,R3,Yorkshire and the Humber,Sheffield,BSU,50<71,A to F2,126.0,not included,not included,not included,not included,not included,not included,not included,not included,not included,not included,not included,not included,7.9520353423792995,1.2622278321236984,3.84979488797728,57.54716981132076
2013-14,R4,East Midlands,Derby City & South Derbyshire,BSU,50<71,A to F2,173.0,not included,not included,not included,not included,not included,not included,not included,not included,not included,not included,not included,not included,8.249487387344427,2.098135520480664,3.3856277716847076,55.03875968992248
2013-14,R4,East Midlands,Kettering,BSU,50<71,A to F2,112.0,not included,not included,not included,not included,not included,not included,not included,not included,not included,not included,not included,not included,9.04831152043949,2.100500888673453,3.231539828728389,46.51162790697674
2013-14,R4,East Midlands,Leicestershire,BSU,50<71,A to F2,301.0,not included,not included,not included,not included,not included,not included,not included,not included,not included,not included,not included,not included,8.273321972403934,1.6491671705788578,3.7655983728217253,57.08333333333333
2013-14,R4,East Midlands,Lincolnshire,BSU,50<71,A to F2,184.0,not included,not included,not included,not included,not included,not included,not included,not included,not included,not included,not included,not included,8.014286336512914,1.655124352105928,3.5280282242257934,55.47945205479452
2013-14,R4,East Midlands,North Derbyshire & Chesterfield,BSU,50<71,A to F2,107.0,not included,not included,not included,not included,not included,not included,not included,not included,not included,not included,not included,not included,7.4181919023849145,1.3865779256794233,3.466444814198558,57.47126436781609
2013-14,R4,East Midlands,North Nottinghamshire,BSU,50<71,A to F2,65.0,not included,not included,not included,not included,not included,not included,not included,not included,not included,not included,not included,not included,6.971256971256971,0.858000858000858,4.0755040755040755,67.85714285714286
2013-14,R4,East Midlands,Northampton,BSU,50<71,A to F2,98.0,not included,not included,not included,not included,not included,not included,not included,not included,not included,not included,not included,not included,7.416376570304223,1.4378689268957165,2.875737853791433,48.717948717948715
2013-14,R4,East Midlands,Nottingham City,BSU,50<71,A to F2,186.0,not included,not included,not included,not included,not included,not included,not included,not included,not included,not included,not included,not included,7.417450949114691,1.8743021215504865,3.589089168926464,65.69343065693431
2013-14,R5,West Midlands,"City, Sandwell & Walsall",BSU,50<71,A to F2,297.0,not included,not included,not included,not included,not included,not included,not included,not included,not included,not included,not included,not included,8.381780211096688,1.7497318959191737,2.963255630185697,44.680851063829785
2013-14,R5,West Midlands,Dudley & Wolverhampton,BSU,50<71,A to F2,185.0,not included,not included,not included,not included,not included,not included,not included,not included,not included,not included,not included,not included,10.628518901528208,2.412961047914512,4.481213374698379,54.54545454545454
2013-14,R5,West Midlands,Hereford & Worcester,BSU,50<71,A to F2,229.0,not included,not included,not included,not included,not included,not included,not included,not included,not included,not included,not included,not included,7.534133903602566,1.447606514229314,3.2242145089652903,53.2608695652174
2013-14,R5,West Midlands,North Staffordshire,BSU,50<71,A to F2,117.0,not included,not included,not included,not included,not included,not included,not included,not included,not included,not included,not included,not included,7.695849503387489,2.039071235940275,2.6968361507597183,47.674418604651166
2013-14,R5,West Midlands,Shropshire,BSU,50<71,A to F2,128.0,not included,not included,not included,not included,not included,not included,not included,not included,not included,not included,not included,not included,8.214079445549638,1.925174870050696,2.951934800744401,46.93877551020408
2013-14,R5,West Midlands,South Birmingham,BSU,50<71,A to F2,107.0,not included,not included,not included,not included,not included,not included,not included,not included,not included,not included,not included,not included,8.72116716928845,1.793137174993887,2.526693292036841,36.470588235294116
2013-14,R5,West Midlands,South Staffordshire,BSU,50<71,A to F2,220.0,not included,not included,not included,not included,not included,not included,not included,not included,not included,not included,not included,not included,9.263547938860583,1.768495515600657,4.379131752915913,58.42696629213483
2013-14,R5,West Midlands,"Warwickshire, Solihull & Coventry",BSU,50<71,A to F2,348.0,not included,not included,not included,not included,not included,not included,not included,not included,not included,not included,not included,not included,8.617487556645122,1.6838768788846792,3.2687021766584947,47.14285714285714
2013-14,R6,East of England,Bedfordshire & Hertfordshire,BSU,50<71,A to F2,407.0,not included,not included,not included,not included,not included,not included,not included,not included,not included,not included,not included,not included,7.972888262027895,2.096066447265319,2.5270333803479077,43.0
2013-14,R6,East of England,Cambridge & Huntingdon,BSU,50<71,A to F2,129.0,not included,not included,not included,not included,not included,not included,not included,not included,not included,not included,not included,not included,7.725476104922746,1.8565097616481014,3.2938076416337285,56.12244897959183
2013-14,R6,East of England,Colchester & Chelmsford,BSU,50<71,A to F2,215.0,not included,not included,not included,not included,not included,not included,not included,not included,not included,not included,not included,not included,7.188471697482362,1.1033468186833395,2.7750844227490052,45.604395604395606
2013-14,R6,East of England,East Suffolk,BSU,50<71,A to F2,123.0,not included,not included,not included,not included,not included,not included,not included,not included,not included,not included,not included,not included,8.078817733990148,1.2479474548440066,3.67816091954023,53.84615384615385
2013-14,R6,East of England,Epping,BSU,50<71,A to F2,74.0,not included,not included,not included,not included,not included,not included,not included,not included,not included,not included,not included,not included,7.992223782265903,1.1880332649314183,2.916081650286208,42.857142857142854
2013-14,R6,East of England,James Paget,BSU,50<71,A to F2,54.0,not included,not included,not included,not included,not included,not included,not included,not included,not included,not included,not included,not included,7.947019867549669,1.6188373804267844,2.6490066225165565,41.86046511627907
2013-14,R6,East of England,Kings Lynn,BSU,50<71,A to F2,54.0,not included,not included,not included,not included,not included,not included,not included,not included,not included,not included,not included,not included,8.526764566556135,1.7369335228169904,3.000157903047529,44.18604651162791
2013-14,R6,East of England,Norfolk & Norwich,BSU,50<71,A to F2,135.0,not included,not included,not included,not included,not included,not included,not included,not included,not included,not included,not included,not included,6.93873355263158,1.284950657894737,2.9296875,51.81818181818182
2013-14,R6,East of England,Peterborough,BSU,50<71,A to F2,72.0,not included,not included,not included,not included,not included,not included,not included,not included,not included,not included,not included,not included,8.09625548183965,1.5742718992465985,3.710783762509839,56.896551724137936
2013-14,R6,East of England,South Essex (Southend),BSU,50<71,A to F2,155.0,not included,not included,not included,not included,not included,not included,not included,not included,not included,not included,not included,not included,6.887052341597796,1.5107082555762907,2.6659557451346307,49.586776859504134
2013-14,R6,East of England,West Suffolk,BSU,50<71,A to F2,105.0,not included,not included,not included,not included,not included,not included,not included,not included,not included,not included,not included,not included,9.78838445045213,2.050899599142351,4.381467325440478,56.62650602409639
2013-14,R7,London,Central & East London,BSU,50<71,A to F2,177.0,not included,not included,not included,not included,not included,not included,not included,not included,not included,not included,not included,not included,7.371928363182008,1.3744273219491878,2.99875052061641,50.0
2013-14,R7,London,North London,BSU,50<71,A to F2,412.0,not included,not included,not included,not included,not included,not included,not included,not included,not included,not included,not included,not included,8.020557545553652,2.336084722005918,2.1998131132222394,38.6986301369863
2013-14,R7,London,Outer North East London,BSU,50<71,A to F2,190.0,not included,not included,not included,not included,not included,not included,not included,not included,not included,not included,not included,not included,7.539383357803262,1.8253243918892106,2.7379865878338165,47.91666666666667
2013-14,R7,London,South East London,BSU,50<71,A to F2,305.0,not included,not included,not included,not included,not included,not included,not included,not included,not included,not included,not included,not included,7.15307582260372,1.571331410211309,2.298365346279228,41.17647058823529
2013-14,R7,London,South West London,BSU,50<71,A to F2,360.0,not included,not included,not included,not included,not included,not included,not included,not included,not included,not included,not included,not included,9.574468085106384,2.473404255319149,3.4308510638297873,48.31460674157304
2013-14,R7,London,West of London,BSU,50<71,A to F2,284.0,not included,not included,not included,not included,not included,not included,not included,not included,not included,not included,not included,not included,7.832322118036404,1.90292333149476,2.53723110865968,42.7906976744186
2013-14,R8,South East,Aylesbury & Wycombe,BSU,50<71,A to F2,139.0,not included,not included,not included,not included,not included,not included,not included,not included,not included,not included,not included,not included,7.743732590529247,1.448467966573816,3.342618384401114,53.09734513274337
2013-14,R8,South East,Canterbury,BSU,50<71,A to F2,221.0,not included,not included,not included,not included,not included,not included,not included,not included,not included,not included,not included,not included,8.647337324412097,1.5260007043080173,3.7563094259889658,52.74725274725275
2013-14,R8,South East,East Berkshire,BSU,50<71,A to F2,146.0,not included,not included,not included,not included,not included,not included,not included,not included,not included,not included,not included,not included,8.73362445414847,1.7347610217144225,3.5891607345815637,51.28205128205128
2013-14,R8,South East,East Sussex/Brighton,BSU,50<71,A to F2,252.0,not included,not included,not included,not included,not included,not included,not included,not included,not included,not included,not included,not included,8.953951108584423,1.4923251847640704,3.8018760659465607,50.95238095238095
2013-14,R8,South East,Guildford,BSU,50<71,A to F2,425.0,not included,not included,not included,not included,not included,not included,not included,not included,not included,not included,not included,not included,9.74390719214985,2.2239035238553777,4.631221771327693,61.58536585365854
2013-14,R8,South East,Isle of Wight,BSU,50<71,A to F2,53.0,not included,not included,not included,not included,not included,not included,not included,not included,not included,not included,not included,not included,8.976964769647697,1.3550135501355014,4.403794037940379,57.77777777777777
2013-14,R8,South East,Maidstone,BSU,50<71,A to F2,132.0,not included,not included,not included,not included,not included,not included,not included,not included,not included,not included,not included,not included,7.908927501497904,1.6776512881965249,3.2953864589574597,52.88461538461539
2013-14,R8,South East,Medway,BSU,50<71,A to F2,144.0,not included,not included,not included,not included,not included,not included,not included,not included,not included,not included,not included,not included,7.087311743281819,1.2304360665419825,2.8546116743773995,48.739495798319325
2013-14,R8,South East,Milton Keynes,BSU,50<71,A to F2,77.0,not included,not included,not included,not included,not included,not included,not included,not included,not included,not included,not included,not included,8.55935971542908,1.778568252556692,3.557136505113384,52.459016393442624
2013-14,R8,South East,North & Mid Hampshire,BSU,50<71,A to F2,140.0,not included,not included,not included,not included,not included,not included,not included,not included,not included,not included,not included,not included,8.164217401446233,1.5162118031257288,3.6155819920690457,54.385964912280706
2013-14,R8,South East,Oxford,BSU,50<71,A to F2,216.0,not included,not included,not included,not included,not included,not included,not included,not included,not included,not included,not included,not included,9.571498205344087,2.481499534718837,3.23481189347277,45.625
2013-14,R8,South East,Portsmouth,BSU,50<71,A to F2,192.0,not included,not included,not included,not included,not included,not included,not included,not included,not included,not included,not included,not included,10.686258139923194,2.3376189681081985,3.729058830077364,44.666666666666664
2013-14,R8,South East,Southampton & Salisbury,BSU,50<71,A to F2,150.0,not included,not included,not included,not included,not included,not included,not included,not included,not included,not included,not included,not included,8.133608068539205,1.8436178288688863,3.6330116039475113,57.758620689655174
2013-14,R8,South East,West Berkshire,BSU,50<71,A to F2,161.0,not included,not included,not included,not included,not included,not included,not included,not included,not included,not included,not included,not included,10.092778335005015,2.9463390170511534,3.823971915747242,53.50877192982456
2013-14,R8,South East,Worthing,BSU,50<71,A to F2,241.0,not included,not included,not included,not included,not included,not included,not included,not included,not included,not included,not included,not included,9.28494375096317,2.04191709046078,3.929727230698105,54.25531914893617
2014-15,R1,North East,Gateshead,BSU,45 and over,A to F2,235.0,not included,not included,not included,not included,not included,not included,not included,not included,not included,not included,not included,not included,6.7614224882034755,1.1796524341120957,3.4814132811600875,62.69430051813472
2014-15,R1,North East,Newcastle,BSU,45 and over,A to F2,348.0,not included,not included,not included,not included,not included,not included,not included,not included,not included,not included,not included,not included,9.319015612029029,2.1690812200412393,3.909701952173098,54.68164794007491
2014-15,R1,North East,North Cumbria,BSU,45 and over,A to F2,119.0,not included,not included,not included,not included,not included,not included,not included,not included,not included,not included,not included,not included,7.827402486351378,1.2497533381569428,3.6177070315069395,55.00000000000001
2014-15,R1,North East,North Tees,BSU,45 and over,A to F2,291.0,not included,not included,not included,not included,not included,not included,not included,not included,not included,not included,not included,not included,7.742244452721758,1.6229447134571382,3.1926781248337144,52.17391304347826
2014-15,R10,South West,Avon,BSU,45 and over,A to F2,377.0,not included,not included,not included,not included,not included,not included,not included,not included,not included,not included,not included,not included,9.245407950560365,1.7902248816734925,3.972827819604188,53.289473684210535
2014-15,R10,South West,Cornwall,BSU,45 and over,A to F2,166.0,not included,not included,not included,not included,not included,not included,not included,not included,not included,not included,not included,not included,7.678786196687946,1.2952169488389305,3.839393098343973,60.14492753623188
2014-15,R10,South West,Dorset,BSU,45 and over,A to F2,351.0,not included,not included,not included,not included,not included,not included,not included,not included,not included,not included,not included,not included,9.33336878772569,1.861355598691733,4.281117876990986,57.29537366548043
2014-15,R10,South West,Gloucestershire,BSU,45 and over,A to F2,253.0,not included,not included,not included,not included,not included,not included,not included,not included,not included,not included,not included,not included,9.119417510723427,2.0545723245503367,2.9557005370724148,41.83673469387755
2014-15,R10,South West,North & East Devon,BSU,45 and over,A to F2,228.0,not included,not included,not included,not included,not included,not included,not included,not included,not included,not included,not included,not included,8.215032067449737,2.4140664408733876,3.062621604093104,52.79503105590062
2014-15,R10,South West,Somerset,BSU,45 and over,A to F2,154.0,not included,not included,not included,not included,not included,not included,not included,not included,not included,not included,not included,not included,7.013389197558976,1.3662446488751252,3.4611531104836506,61.29032258064516
2014-15,R10,South West,South Devon (Torbay),BSU,45 and over,A to F2,99.0,not included,not included,not included,not included,not included,not included,not included,not included,not included,not included,not included,not included,8.105452759128868,1.8012117242508596,3.111183887342394,50.0
2014-15,R10,South West,West Devon & East Cornwall,BSU,45 and over,A to F2,201.0,not included,not included,not included,not included,not included,not included,not included,not included,not included,not included,not included,not included,8.696028381067752,1.990135848403565,3.5043696461019294,52.25806451612903
2014-15,R10,South West,Wiltshire,BSU,45 and over,A to F2,182.0,not included,not included,not included,not included,not included,not included,not included,not included,not included,not included,not included,not included,7.817533611099179,1.4604183669086381,3.3074180662342685,52.38095238095239
2014-15,R2,North West,"Bolton, Bury & Rochdale",BSU,45 and over,A to F2,239.0,not included,not included,not included,not included,not included,not included,not included,not included,not included,not included,not included,not included,9.182418933456278,1.7673274934685723,4.110957430459505,55.44041450777202
2014-15,R2,North West,Chester,BSU,45 and over,A to F2,100.0,not included,not included,not included,not included,not included,not included,not included,not included,not included,not included,not included,not included,9.926543577526306,2.183839587055787,3.672821123684733,47.43589743589743
2014-15,R2,North West,Crewe,BSU,45 and over,A to F2,88.0,not included,not included,not included,not included,not included,not included,not included,not included,not included,not included,not included,not included,6.974716652136007,1.3473884441626378,2.615518744551003,46.478873239436616
2014-15,R2,North West,East Cheshire & Stockport,BSU,45 and over,A to F2,204.0,not included,not included,not included,not included,not included,not included,not included,not included,not included,not included,not included,not included,9.61311908015645,2.1205409735639225,4.28820507987371,57.23270440251572
2014-15,R2,North West,East Lancashire,BSU,45 and over,A to F2,170.0,not included,not included,not included,not included,not included,not included,not included,not included,not included,not included,not included,not included,7.916181606519208,1.7694994179278232,3.3061699650756693,53.78787878787878
2014-15,R2,North West,Greater Manchester,BSU,45 and over,A to F2,412.0,not included,not included,not included,not included,not included,not included,not included,not included,not included,not included,not included,not included,10.032630399844154,2.264647153362879,4.553645351385574,58.620689655172406
2014-15,R2,North West,Liverpool,BSU,45 and over,A to F2,265.0,not included,not included,not included,not included,not included,not included,not included,not included,not included,not included,not included,not included,8.665794637017658,1.700457815565729,3.237410071942446,46.478873239436616
2014-15,R2,North West,North Lancashire,BSU,45 and over,A to F2,282.0,not included,not included,not included,not included,not included,not included,not included,not included,not included,not included,not included,not included,9.836751778987024,2.685921585042556,3.592856146225757,50.24390243902439
2014-15,R2,North West,South Lancashire,BSU,45 and over,A to F2,239.0,not included,not included,not included,not included,not included,not included,not included,not included,not included,not included,not included,not included,9.007650849885048,2.072890362944258,3.618135906229978,52.17391304347826
2014-15,R2,North West,Warrington,BSU,45 and over,A to F2,184.0,not included,not included,not included,not included,not included,not included,not included,not included,not included,not included,not included,not included,8.159283402066427,1.55203760365394,2.5276040973792737,38.25503355704698
2014-15,R2,North West,Wirral,BSU,45 and over,A to F2,166.0,not included,not included,not included,not included,not included,not included,not included,not included,not included,not included,not included,not included,11.430145286786477,3.0985333608758525,3.9248089237760793,47.107438016528924
2014-15,R3,Yorkshire and the Humber,Barnsley,BSU,45 and over,A to F2,77.0,not included,not included,not included,not included,not included,not included,not included,not included,not included,not included,not included,not included,7.543842461056138,1.175663760164593,4.01685118056236,63.07692307692307
2014-15,R3,Yorkshire and the Humber,Doncaster,BSU,45 and over,A to F2,144.0,not included,not included,not included,not included,not included,not included,not included,not included,not included,not included,not included,not included,8.530300337657723,1.954860494046561,3.7320063977252533,56.75675675675676
2014-15,R3,Yorkshire and the Humber,Humberside,BSU,45 and over,A to F2,270.0,not included,not included,not included,not included,not included,not included,not included,not included,not included,not included,not included,not included,7.313109425785482,1.570964247020585,3.006500541711809,52.358490566037744
2014-15,R3,Yorkshire and the Humber,Leeds Wakefield,BSU,45 and over,A to F2,319.0,not included,not included,not included,not included,not included,not included,not included,not included,not included,not included,not included,not included,8.289374529012811,1.5851155055479043,4.18366551464283,62.4031007751938
2014-15,R3,Yorkshire and the Humber,North Yorkshire,BSU,45 and over,A to F2,296.0,not included,not included,not included,not included,not included,not included,not included,not included,not included,not included,not included,not included,8.036708207759768,1.466156227091309,3.393880155303956,51.652892561983464
2014-15,R3,Yorkshire and the Humber,Pennine,BSU,45 and over,A to F2,345.0,not included,not included,not included,not included,not included,not included,not included,not included,not included,not included,not included,not included,7.7081192189105865,1.8991018365431878,3.3066714330399036,56.92307692307692
2014-15,R3,Yorkshire and the Humber,Rotherham,BSU,45 and over,A to F2,92.0,not included,not included,not included,not included,not included,not included,not included,not included,not included,not included,not included,not included,7.848490018768129,0.8530967411704488,4.094864357618154,58.536585365853654
2014-15,R3,Yorkshire and the Humber,Sheffield,BSU,45 and over,A to F2,159.0,not included,not included,not included,not included,not included,not included,not included,not included,not included,not included,not included,not included,7.553085364115718,1.5201178091302077,2.992731936725096,49.60629921259843
2014-15,R4,East Midlands,Derby City & South Derbyshire,BSU,45 and over,A to F2,222.0,not included,not included,not included,not included,not included,not included,not included,not included,not included,not included,not included,not included,8.197326637619081,1.5877704748541468,2.953991581123994,45.19774011299435
2014-15,R4,East Midlands,Kettering,BSU,45 and over,A to F2,130.0,not included,not included,not included,not included,not included,not included,not included,not included,not included,not included,not included,not included,8.655126498002662,1.9973368841544608,2.862849533954727,43.0
2014-15,R4,East Midlands,Leicestershire,BSU,45 and over,A to F2,383.0,not included,not included,not included,not included,not included,not included,not included,not included,not included,not included,not included,not included,8.669669737646286,1.7429884328949454,4.119790841388053,60.264900662251655
2014-15,R4,East Midlands,Lincolnshire,BSU,45 and over,A to F2,254.0,not included,not included,not included,not included,not included,not included,not included,not included,not included,not included,not included,not included,8.093038075513782,1.5612553767723434,3.249960172056715,50.0
2014-15,R4,East Midlands,North Derbyshire & Chesterfield,BSU,45 and over,A to F2,117.0,not included,not included,not included,not included,not included,not included,not included,not included,not included,not included,not included,not included,7.357565086152686,2.2009810086781534,3.2071437555024525,62.96296296296296
2014-15,R4,East Midlands,North Nottinghamshire,BSU,45 and over,A to F2,96.0,not included,not included,not included,not included,not included,not included,not included,not included,not included,not included,not included,not included,8.578321865785005,1.4297203109641676,3.75301581628094,53.16455696202531
2014-15,R4,East Midlands,Northampton,BSU,45 and over,A to F2,123.0,not included,not included,not included,not included,not included,not included,not included,not included,not included,not included,not included,not included,8.244520410215163,1.8768013941953214,3.8206314096119045,60.0
2014-15,R4,East Midlands,Nottingham City,BSU,45 and over,A to F2,263.0,not included,not included,not included,not included,not included,not included,not included,not included,not included,not included,not included,not included,8.394242124413521,1.4681944400114904,4.021576074814082,58.333333333333336
2014-15,R5,West Midlands,"City, Sandwell & Walsall",BSU,45 and over,A to F2,329.0,not included,not included,not included,not included,not included,not included,not included,not included,not included,not included,not included,not included,8.39200081624324,2.219161310070401,3.009896949290889,48.760330578512395
2014-15,R5,West Midlands,Dudley & Wolverhampton,BSU,45 and over,A to F2,207.0,not included,not included,not included,not included,not included,not included,not included,not included,not included,not included,not included,not included,9.867950612575678,2.097535395909806,4.385755827811412,56.44171779141104
2014-15,R5,West Midlands,Hereford & Worcester,BSU,45 and over,A to F2,284.0,not included,not included,not included,not included,not included,not included,not included,not included,not included,not included,not included,not included,8.062455642299502,1.4194464158978,3.3215046132008514,50.0
2014-15,R5,West Midlands,North Staffordshire,BSU,45 and over,A to F2,153.0,not included,not included,not included,not included,not included,not included,not included,not included,not included,not included,not included,not included,7.609668755595345,2.536556251865115,3.2328658112006368,63.725490196078425
2014-15,R5,West Midlands,Shropshire,BSU,45 and over,A to F2,224.0,not included,not included,not included,not included,not included,not included,not included,not included,not included,not included,not included,not included,8.918262531353268,1.9508699287335272,3.662857825377235,52.57142857142857
2014-15,R5,West Midlands,South Birmingham,BSU,45 and over,A to F2,108.0,not included,not included,not included,not included,not included,not included,not included,not included,not included,not included,not included,not included,7.8545454545454545,1.8181818181818181,2.181818181818182,36.58536585365854
2014-15,R5,West Midlands,South Staffordshire,BSU,45 and over,A to F2,219.0,not included,not included,not included,not included,not included,not included,not included,not included,not included,not included,not included,not included,8.691510894154066,1.6668651029884511,4.3655990792554675,62.14689265536724
2014-15,R5,West Midlands,"Warwickshire, Solihull & Coventry",BSU,45 and over,A to F2,374.0,not included,not included,not included,not included,not included,not included,not included,not included,not included,not included,not included,not included,8.89396209364819,1.9975743739744598,2.9012389717248106,42.06896551724138
2014-15,R6,East of England,Bedfordshire & Hertfordshire,BSU,45 and over,A to F2,411.0,not included,not included,not included,not included,not included,not included,not included,not included,not included,not included,not included,not included,8.21917808219178,2.0597940205979404,2.55974402559744,41.69381107491857
2014-15,R6,East of England,Cambridge & Huntingdon,BSU,45 and over,A to F2,163.0,not included,not included,not included,not included,not included,not included,not included,not included,not included,not included,not included,not included,7.41853267795376,1.547423994174404,3.54997269251775,60.46511627906976
2014-15,R6,East of England,Colchester & Chelmsford,BSU,45 and over,A to F2,292.0,not included,not included,not included,not included,not included,not included,not included,not included,not included,not included,not included,not included,8.202477597685329,1.3483524818112869,3.4551532346414224,50.409836065573764
2014-15,R6,East of England,East Suffolk,BSU,45 and over,A to F2,144.0,not included,not included,not included,not included,not included,not included,not included,not included,not included,not included,not included,not included,8.171139987516314,1.418600692277138,3.4613856891562165,51.26050420168067
2014-15,R6,East of England,Epping,BSU,45 and over,A to F2,109.0,not included,not included,not included,not included,not included,not included,not included,not included,not included,not included,not included,not included,9.77578475336323,1.883408071748879,4.484304932735426,56.81818181818182
2014-15,R6,East of England,James Paget,BSU,45 and over,A to F2,91.0,not included,not included,not included,not included,not included,not included,not included,not included,not included,not included,not included,not included,8.994761292873383,1.3838094296728278,4.349115350400316,57.89473684210527
2014-15,R6,East of England,Kings Lynn,BSU,45 and over,A to F2,102.0,not included,not included,not included,not included,not included,not included,not included,not included,not included,not included,not included,not included,9.284543965046423,2.457673402512288,3.54997269251775,52.0
2014-15,R6,East of England,Norfolk & Norwich,BSU,45 and over,A to F2,201.0,not included,not included,not included,not included,not included,not included,not included,not included,not included,not included,not included,not included,7.710011507479862,1.0356731875719218,3.2988108937476026,49.42528735632184
2014-15,R6,East of England,Peterborough,BSU,45 and over,A to F2,131.0,not included,not included,not included,not included,not included,not included,not included,not included,not included,not included,not included,not included,8.514233718965293,1.8198362147406735,4.1596256336929684,62.13592233009708
2014-15,R6,East of England,South Essex (Southend),BSU,45 and over,A to F2,178.0,not included,not included,not included,not included,not included,not included,not included,not included,not included,not included,not included,not included,7.342325619766531,1.608711793094914,3.0524275048467597,53.23741007194245
2014-15,R6,East of England,West Suffolk,BSU,45 and over,A to F2,125.0,not included,not included,not included,not included,not included,not included,not included,not included,not included,not included,not included,not included,9.636882275846117,2.0815665715827616,4.702798550612905,62.244897959183675
2014-15,R7,London,Central & East London,BSU,45 and over,A to F2,224.0,not included,not included,not included,not included,not included,not included,not included,not included,not included,not included,not included,not included,7.350287120590648,1.837571780147662,2.821985233798195,51.49700598802395
2014-15,R7,London,North London,BSU,45 and over,A to F2,457.0,not included,not included,not included,not included,not included,not included,not included,not included,not included,not included,not included,not included,8.614676996738863,2.2997605986917753,2.6013685460611886,41.19402985074627
2014-15,R7,London,Outer North East London,BSU,45 and over,A to F2,243.0,not included,not included,not included,not included,not included,not included,not included,not included,not included,not included,not included,not included,9.66010733452594,2.385211687537269,2.703239912542238,37.15846994535519
2014-15,R7,London,South East London,BSU,45 and over,A to F2,390.0,not included,not included,not included,not included,not included,not included,not included,not included,not included,not included,not included,not included,7.622696088970545,1.3095400973359654,3.439985927330297,54.4891640866873
2014-15,R7,London,South West London,BSU,45 and over,A to F2,465.0,not included,not included,not included,not included,not included,not included,not included,not included,not included,not included,not included,not included,10.205425335791414,2.765341058730577,3.2481783864454394,43.916913946587535
2014-15,R7,London,West of London,BSU,45 and over,A to F2,340.0,not included,not included,not included,not included,not included,not included,not included,not included,not included,not included,not included,not included,7.821486082355648,1.5412928456406718,2.80653324131585,44.68864468864469
2014-15,R8,South East,Aylesbury & Wycombe,BSU,45 and over,A to F2,214.0,not included,not included,not included,not included,not included,not included,not included,not included,not included,not included,not included,not included,9.572802505032431,2.102437933348244,3.6233504808767614,48.50299401197605
2014-15,R8,South East,Canterbury,BSU,45 and over,A to F2,231.0,not included,not included,not included,not included,not included,not included,not included,not included,not included,not included,not included,not included,8.402749990906115,1.818777054308683,3.455676403186497,52.48618784530387
2014-15,R8,South East,East Berkshire,BSU,45 and over,A to F2,202.0,not included,not included,not included,not included,not included,not included,not included,not included,not included,not included,not included,not included,10.846219931271477,2.0403780068728525,4.188144329896907,47.5609756097561
2014-15,R8,South East,East Sussex/Brighton,BSU,45 and over,A to F2,330.0,not included,not included,not included,not included,not included,not included,not included,not included,not included,not included,not included,not included,8.897996602583115,2.0222719551325263,2.912071615390838,42.35294117647059
2014-15,R8,South East,Guildford,BSU,45 and over,A to F2,511.0,not included,not included,not included,not included,not included,not included,not included,not included,not included,not included,not included,not included,9.798845615448045,2.39697789027594,4.084450325030202,55.181347150259064
2014-15,R8,South East,Isle of Wight,BSU,45 and over,A to F2,46.0,not included,not included,not included,not included,not included,not included,not included,not included,not included,not included,not included,not included,9.010773751224288,1.9588638589618022,2.9382957884427032,41.66666666666667
2014-15,R8,South East,Maidstone,BSU,45 and over,A to F2,171.0,not included,not included,not included,not included,not included,not included,not included,not included,not included,not included,not included,not included,9.11173869025417,1.8116907337347472,3.7832365322107955,51.82481751824818
2014-15,R8,South East,Medway,BSU,45 and over,A to F2,190.0,not included,not included,not included,not included,not included,not included,not included,not included,not included,not included,not included,not included,8.145766345123258,1.7148981779206858,3.0010718113612005,46.666666666666664
2014-15,R8,South East,Milton Keynes,BSU,45 and over,A to F2,70.0,not included,not included,not included,not included,not included,not included,not included,not included,not included,not included,not included,not included,6.302899333693499,0.9004141905276427,2.4311183144246353,45.0
2014-15,R8,South East,North & Mid Hampshire,BSU,45 and over,A to F2,168.0,not included,not included,not included,not included,not included,not included,not included,not included,not included,not included,not included,not included,8.147034576402696,1.8912758838077688,3.39459774016779,54.263565891472865
2014-15,R8,South East,Oxford,BSU,45 and over,A to F2,217.0,not included,not included,not included,not included,not included,not included,not included,not included,not included,not included,not included,not included,9.101203707587132,2.0551105146164494,3.77469278194858,53.57142857142857
2014-15,R8,South East,Portsmouth,BSU,45 and over,A to F2,305.0,not included,not included,not included,not included,not included,not included,not included,not included,not included,not included,not included,not included,11.52204299044237,3.2866155415360208,4.117713724453175,50.0
2014-15,R8,South East,Southampton & Salisbury,BSU,45 and over,A to F2,248.0,not included,not included,not included,not included,not included,not included,not included,not included,not included,not included,not included,not included,8.84450784593438,1.9258202567760343,3.8159771754636234,55.154639175257735
2014-15,R8,South East,West Berkshire,BSU,45 and over,A to F2,195.0,not included,not included,not included,not included,not included,not included,not included,not included,not included,not included,not included,not included,7.925218451534242,1.585043690306848,3.048160942897785,48.07692307692308
2014-15,R8,South East,Worthing,BSU,45 and over,A to F2,310.0,not included,not included,not included,not included,not included,not included,not included,not included,not included,not included,not included,not included,8.834425762325449,1.823881447705899,3.761755485893417,53.65853658536586
2014-15,R1,North East,Gateshead,BSU,50<71,A to F2,214.0,not included,not included,not included,not included,not included,not included,not included,not included,not included,not included,not included,not included,7.112470087742621,1.1964902951342729,3.6559425684658335,62.14689265536724
2014-15,R1,North East,Newcastle,BSU,50<71,A to F2,296.0,not included,not included,not included,not included,not included,not included,not included,not included,not included,not included,not included,not included,9.37925789790551,2.2814411103013406,4.055895307202383,57.14285714285714
2014-15,R1,North East,North Cumbria,BSU,50<71,A to F2,108.0,not included,not included,not included,not included,not included,not included,not included,not included,not included,not included,not included,not included,7.5529757325687115,1.2588292887614518,3.4967480243373665,55.55555555555556
2014-15,R1,North East,North Tees,BSU,50<71,A to F2,242.0,not included,not included,not included,not included,not included,not included,not included,not included,not included,not included,not included,not included,7.530495394573064,1.6803584764749813,2.925068459049042,50.0
2014-15,R10,South West,Avon,BSU,50<71,A to F2,313.0,not included,not included,not included,not included,not included,not included,not included,not included,not included,not included,not included,not included,9.075357360317781,1.739685116993824,3.8852967612862073,52.96442687747036
2014-15,R10,South West,Cornwall,BSU,50<71,A to F2,140.0,not included,not included,not included,not included,not included,not included,not included,not included,not included,not included,not included,not included,7.544729467557664,1.1856003449019183,3.8262556585471006,60.16949152542372
2014-15,R10,South West,Dorset,BSU,50<71,A to F2,284.0,not included,not included,not included,not included,not included,not included,not included,not included,not included,not included,not included,not included,8.982225314694162,1.7711430197988487,4.269719779872225,59.210526315789465
2014-15,R10,South West,Gloucestershire,BSU,50<71,A to F2,213.0,not included,not included,not included,not included,not included,not included,not included,not included,not included,not included,not included,not included,9.27417599164018,2.1334958854007926,3.047851264858275,42.68292682926829
2014-15,R10,South West,North & East Devon,BSU,50<71,A to F2,187.0,not included,not included,not included,not included,not included,not included,not included,not included,not included,not included,not included,not included,8.40638345695662,2.5174196448640145,3.0119127893908746,51.14503816793893
2014-15,R10,South West,Somerset,BSU,50<71,A to F2,120.0,not included,not included,not included,not included,not included,not included,not included,not included,not included,not included,not included,not included,6.392840019178521,1.4383890043151668,3.089872675936285,62.365591397849464
2014-15,R10,South West,South Devon (Torbay),BSU,50<71,A to F2,76.0,not included,not included,not included,not included,not included,not included,not included,not included,not included,not included,not included,not included,7.246376811594203,1.6209000762776506,3.1464530892448512,56.896551724137936
2014-15,R10,South West,West Devon & East Cornwall,BSU,50<71,A to F2,161.0,not included,not included,not included,not included,not included,not included,not included,not included,not included,not included,not included,not included,8.11451035734086,2.0664281034222065,3.225643868756615,53.333333333333336
2014-15,R10,South West,Wiltshire,BSU,50<71,A to F2,150.0,not included,not included,not included,not included,not included,not included,not included,not included,not included,not included,not included,not included,7.608805924723547,1.471035812113219,3.398599979709851,55.833333333333336
2014-15,R2,North West,"Bolton, Bury & Rochdale",BSU,50<71,A to F2,209.0,not included,not included,not included,not included,not included,not included,not included,not included,not included,not included,not included,not included,9.334524341223762,1.7418490397498883,4.33229120142921,57.05882352941176
2014-15,R2,North West,Chester,BSU,50<71,A to F2,80.0,not included,not included,not included,not included,not included,not included,not included,not included,not included,not included,not included,not included,9.675858732462506,2.0561199806482824,3.5074987905176584,46.03174603174603
2014-15,R2,North West,Crewe,BSU,50<71,A to F2,79.0,not included,not included,not included,not included,not included,not included,not included,not included,not included,not included,not included,not included,7.4039362699156515,1.4058106841611997,2.624179943767573,43.75
2014-15,R2,North West,East Cheshire & Stockport,BSU,50<71,A to F2,166.0,not included,not included,not included,not included,not included,not included,not included,not included,not included,not included,not included,not included,9.392859163696034,2.0370056017654052,3.7910937588411704,51.53846153846153
2014-15,R2,North West,East Lancashire,BSU,50<71,A to F2,139.0,not included,not included,not included,not included,not included,not included,not included,not included,not included,not included,not included,not included,7.598534958727382,1.4759744164434483,3.225277428524572,52.67857142857143
2014-15,R2,North West,Greater Manchester,BSU,50<71,A to F2,337.0,not included,not included,not included,not included,not included,not included,not included,not included,not included,not included,not included,not included,9.647590965045374,2.204345710114225,4.38006355386333,58.84615384615385
2014-15,R2,North West,Liverpool,BSU,50<71,A to F2,221.0,not included,not included,not included,not included,not included,not included,not included,not included,not included,not included,not included,not included,8.522289063705076,1.6196205460434985,3.31636587999383,48.04469273743017
2014-15,R2,North West,North Lancashire,BSU,50<71,A to F2,230.0,not included,not included,not included,not included,not included,not included,not included,not included,not included,not included,not included,not included,9.441707717569788,2.4630541871921183,3.776683087027915,54.11764705882353
2014-15,R2,North West,South Lancashire,BSU,50<71,A to F2,210.0,not included,not included,not included,not included,not included,not included,not included,not included,not included,not included,not included,not included,9.341637010676155,1.9572953736654806,3.9590747330960854,53.6144578313253
2014-15,R2,North West,Warrington,BSU,50<71,A to F2,145.0,not included,not included,not included,not included,not included,not included,not included,not included,not included,not included,not included,not included,7.527774893572837,1.4536392897933756,2.2842903125324474,37.60683760683761
2014-15,R2,North West,Wirral,BSU,50<71,A to F2,139.0,not included,not included,not included,not included,not included,not included,not included,not included,not included,not included,not included,not included,11.037878186293973,3.1763678233939494,3.9704597792424363,50.505050505050505
2014-15,R3,Yorkshire and the Humber,Barnsley,BSU,50<71,A to F2,62.0,not included,not included,not included,not included,not included,not included,not included,not included,not included,not included,not included,not included,6.983554854697004,1.013741833746339,3.8296913719306147,64.15094339622641
2014-15,R3,Yorkshire and the Humber,Doncaster,BSU,50<71,A to F2,120.0,not included,not included,not included,not included,not included,not included,not included,not included,not included,not included,not included,not included,8.150512803097195,1.6980235006452489,3.6677307613937375,56.84210526315789
2014-15,R3,Yorkshire and the Humber,Humberside,BSU,50<71,A to F2,227.0,not included,not included,not included,not included,not included,not included,not included,not included,not included,not included,not included,not included,7.079811620871409,1.4346754826435455,2.900539562735864,51.38121546961326
2014-15,R3,Yorkshire and the Humber,Leeds Wakefield,BSU,50<71,A to F2,262.0,not included,not included,not included,not included,not included,not included,not included,not included,not included,not included,not included,not included,7.936748356608403,1.4843537002817242,3.9986671109630123,61.97183098591549
2014-15,R3,Yorkshire and the Humber,North Yorkshire,BSU,50<71,A to F2,244.0,not included,not included,not included,not included,not included,not included,not included,not included,not included,not included,not included,not included,7.977506048518931,1.3731772706467011,3.62911135813771,54.95049504950495
2014-15,R3,Yorkshire and the Humber,Pennine,BSU,50<71,A to F2,299.0,not included,not included,not included,not included,not included,not included,not included,not included,not included,not included,not included,not included,7.665683886681195,1.845917190103833,3.230355082681707,55.50660792951542
2014-15,R3,Yorkshire and the Humber,Rotherham,BSU,50<71,A to F2,77.0,not included,not included,not included,not included,not included,not included,not included,not included,not included,not included,not included,not included,7.744141607160817,0.9051594086291863,4.022930705018606,58.82352941176471
2014-15,R3,Yorkshire and the Humber,Sheffield,BSU,50<71,A to F2,127.0,not included,not included,not included,not included,not included,not included,not included,not included,not included,not included,not included,not included,7.166234059361246,1.5235300756122334,2.8777790317119964,51.0
2014-15,R4,East Midlands,Derby City & South Derbyshire,BSU,50<71,A to F2,181.0,not included,not included,not included,not included,not included,not included,not included,not included,not included,not included,not included,not included,7.996818944950076,1.5463462048246002,3.0926924096492003,47.94520547945205
2014-15,R4,East Midlands,Kettering,BSU,50<71,A to F2,107.0,not included,not included,not included,not included,not included,not included,not included,not included,not included,not included,not included,not included,8.624858939222957,1.7733354828308883,2.9018216991778174,42.35294117647059
2014-15,R4,East Midlands,Leicestershire,BSU,50<71,A to F2,306.0,not included,not included,not included,not included,not included,not included,not included,not included,not included,not included,not included,not included,8.238651661192183,1.5615744978730277,3.8500888482041895,58.606557377049185
2014-15,R4,East Midlands,Lincolnshire,BSU,50<71,A to F2,193.0,not included,not included,not included,not included,not included,not included,not included,not included,not included,not included,not included,not included,7.306454665909522,1.362862010221465,3.104296801060004,52.56410256410257
2014-15,R4,East Midlands,North Derbyshire & Chesterfield,BSU,50<71,A to F2,92.0,not included,not included,not included,not included,not included,not included,not included,not included,not included,not included,not included,not included,6.730065837600586,2.04828090709583,2.9992684711046085,65.07936507936508
2014-15,R4,East Midlands,North Nottinghamshire,BSU,50<71,A to F2,81.0,not included,not included,not included,not included,not included,not included,not included,not included,not included,not included,not included,not included,8.677951574887508,1.4998928647953718,3.85686736661667,54.54545454545454
2014-15,R4,East Midlands,Northampton,BSU,50<71,A to F2,100.0,not included,not included,not included,not included,not included,not included,not included,not included,not included,not included,not included,not included,7.927070947284977,2.140309155766944,3.48791121680539,60.273972602739725
2014-15,R4,East Midlands,Nottingham City,BSU,50<71,A to F2,218.0,not included,not included,not included,not included,not included,not included,not included,not included,not included,not included,not included,not included,8.284248527455823,1.520045601368041,3.8381151434543037,57.06214689265536
2014-15,R5,West Midlands,"City, Sandwell & Walsall",BSU,50<71,A to F2,270.0,not included,not included,not included,not included,not included,not included,not included,not included,not included,not included,not included,not included,8.167957405614713,2.178121974830591,2.8739109390125845,47.97979797979798
2014-15,R5,West Midlands,Dudley & Wolverhampton,BSU,50<71,A to F2,181.0,not included,not included,not included,not included,not included,not included,not included,not included,not included,not included,not included,not included,10.054438395733808,2.2219753360737697,4.499500055549384,57.446808510638306
2014-15,R5,West Midlands,Hereford & Worcester,BSU,50<71,A to F2,234.0,not included,not included,not included,not included,not included,not included,not included,not included,not included,not included,not included,not included,7.758877946881528,1.4257767167346396,3.083656619914453,48.69109947643979
2014-15,R5,West Midlands,North Staffordshire,BSU,50<71,A to F2,119.0,not included,not included,not included,not included,not included,not included,not included,not included,not included,not included,not included,not included,7.0862859524802,2.2032989936282976,3.2751741797177396,67.07317073170732
2014-15,R5,West Midlands,Shropshire,BSU,50<71,A to F2,187.0,not included,not included,not included,not included,not included,not included,not included,not included,not included,not included,not included,not included,8.351569827162699,1.920414452235273,3.483542494752356,54.166666666666664
2014-15,R5,West Midlands,South Birmingham,BSU,50<71,A to F2,88.0,not included,not included,not included,not included,not included,not included,not included,not included,not included,not included,not included,not included,7.4779061862678455,1.6145479265805576,2.2093813732154994,38.23529411764706
2014-15,R5,West Midlands,South Staffordshire,BSU,50<71,A to F2,197.0,not included,not included,not included,not included,not included,not included,not included,not included,not included,not included,not included,not included,8.400136448916937,1.6629711751662972,4.264028654272557,63.29113924050633
2014-15,R5,West Midlands,"Warwickshire, Solihull & Coventry",BSU,50<71,A to F2,300.0,not included,not included,not included,not included,not included,not included,not included,not included,not included,not included,not included,not included,8.579272477693893,1.9732326698695952,2.8883550674902767,43.722943722943725
2014-15,R6,East of England,Bedfordshire & Hertfordshire,BSU,50<71,A to F2,324.0,not included,not included,not included,not included,not included,not included,not included,not included,not included,not included,not included,not included,7.851309763249085,2.0597571909758403,2.3747788790074393,41.00418410041841
2014-15,R6,East of England,Cambridge & Huntingdon,BSU,50<71,A to F2,136.0,not included,not included,not included,not included,not included,not included,not included,not included,not included,not included,not included,not included,7.603287303628334,1.5653826801587745,3.689830603231397,61.111111111111114
2014-15,R6,East of England,Colchester & Chelmsford,BSU,50<71,A to F2,227.0,not included,not included,not included,not included,not included,not included,not included,not included,not included,not included,not included,not included,7.608768519139237,1.4413085741100757,3.0837299725145804,50.0
2014-15,R6,East of England,East Suffolk,BSU,50<71,A to F2,108.0,not included,not included,not included,not included,not included,not included,not included,not included,not included,not included,not included,not included,7.72642724281013,1.2877378738016882,3.3624266704821864,52.22222222222223
2014-15,R6,East of England,Epping,BSU,50<71,A to F2,94.0,not included,not included,not included,not included,not included,not included,not included,not included,not included,not included,not included,not included,9.231071393498969,1.7676519689678876,4.124521260925071,55.26315789473685
2014-15,R6,East of England,James Paget,BSU,50<71,A to F2,72.0,not included,not included,not included,not included,not included,not included,not included,not included,not included,not included,not included,not included,8.691453404152583,1.448575567358764,3.86286817962337,54.23728813559322
2014-15,R6,East of England,Kings Lynn,BSU,50<71,A to F2,82.0,not included,not included,not included,not included,not included,not included,not included,not included,not included,not included,not included,not included,8.756006406833956,2.4559530165509877,3.416978109983983,54.23728813559322
2014-15,R6,East of England,Norfolk & Norwich,BSU,50<71,A to F2,165.0,not included,not included,not included,not included,not included,not included,not included,not included,not included,not included,not included,not included,7.636414125052066,0.8793446568241773,3.2396908409311798,47.94520547945205
2014-15,R6,East of England,Peterborough,BSU,50<71,A to F2,99.0,not included,not included,not included,not included,not included,not included,not included,not included,not included,not included,not included,not included,7.761053621825023,1.5678896205707118,3.9197240514267797,63.29113924050633
2014-15,R6,East of England,South Essex (Southend),BSU,50<71,A to F2,159.0,not included,not included,not included,not included,not included,not included,not included,not included,not included,not included,not included,not included,7.126848946660691,1.523980277902286,2.8238458090542355,50.4
2014-15,R6,East of England,West Suffolk,BSU,50<71,A to F2,92.0,not included,not included,not included,not included,not included,not included,not included,not included,not included,not included,not included,not included,8.731966590736523,1.9931662870159454,4.840546697038724,71.83098591549296
2014-15,R7,London,Central & East London,BSU,50<71,A to F2,213.0,not included,not included,not included,not included,not included,not included,not included,not included,not included,not included,not included,not included,7.412563076387681,1.8096398120758657,2.853662780581173,51.24999999999999
2014-15,R7,London,North London,BSU,50<71,A to F2,372.0,not included,not included,not included,not included,not included,not included,not included,not included,not included,not included,not included,not included,8.251264306627629,2.1959009848283206,2.528613255256854,41.75824175824176
2014-15,R7,London,Outer North East London,BSU,50<71,A to F2,200.0,not included,not included,not included,not included,not included,not included,not included,not included,not included,not included,not included,not included,9.200478424878094,2.2081148219707427,2.668138743214647,38.15789473684211
2014-15,R7,London,South East London,BSU,50<71,A to F2,314.0,not included,not included,not included,not included,not included,not included,not included,not included,not included,not included,not included,not included,7.299439756375387,1.3018109119650372,3.370760397052328,56.201550387596896
2014-15,R7,London,South West London,BSU,50<71,A to F2,416.0,not included,not included,not included,not included,not included,not included,not included,not included,not included,not included,not included,not included,9.89227879104939,2.710864861008727,3.115116638527572,43.666666666666664
2014-15,R7,London,West of London,BSU,50<71,A to F2,289.0,not included,not included,not included,not included,not included,not included,not included,not included,not included,not included,not included,not included,7.813767371437842,1.5951981830963067,2.8389120207646137,45.65217391304348
2014-15,R8,South East,Aylesbury & Wycombe,BSU,50<71,A to F2,168.0,not included,not included,not included,not included,not included,not included,not included,not included,not included,not included,not included,not included,8.908685968819599,1.9620320288471735,3.5528688089935305,51.14503816793893
2014-15,R8,South East,Canterbury,BSU,50<71,A to F2,197.0,not included,not included,not included,not included,not included,not included,not included,not included,not included,not included,not included,not included,8.461835831794167,1.8040462179459646,3.3933250289936,50.967741935483865
2014-15,R8,South East,East Berkshire,BSU,50<71,A to F2,172.0,not included,not included,not included,not included,not included,not included,not included,not included,not included,not included,not included,not included,10.78369905956113,2.0062695924764893,4.326018808777429,49.28571428571429
2014-15,R8,South East,East Sussex/Brighton,BSU,50<71,A to F2,276.0,not included,not included,not included,not included,not included,not included,not included,not included,not included,not included,not included,not included,8.787010506208214,1.9102196752626552,2.865329512893983,41.66666666666667
2014-15,R8,South East,Guildford,BSU,50<71,A to F2,411.0,not included,not included,not included,not included,not included,not included,not included,not included,not included,not included,not included,not included,9.325437342590702,2.3143421142195906,3.925305742744991,55.98705501618123
2014-15,R8,South East,Isle of Wight,BSU,50<71,A to F2,37.0,not included,not included,not included,not included,not included,not included,not included,not included,not included,not included,not included,not included,8.466819221967963,2.288329519450801,2.745995423340961,44.44444444444444
2014-15,R8,South East,Maidstone,BSU,50<71,A to F2,145.0,not included,not included,not included,not included,not included,not included,not included,not included,not included,not included,not included,not included,8.962234995982447,1.8542555164101613,3.7085110328203226,52.17391304347826
2014-15,R8,South East,Medway,BSU,50<71,A to F2,161.0,not included,not included,not included,not included,not included,not included,not included,not included,not included,not included,not included,not included,8.122288366461508,1.8666128544041973,3.0773887599636764,49.193548387096776
2014-15,R8,South East,Milton Keynes,BSU,50<71,A to F2,58.0,not included,not included,not included,not included,not included,not included,not included,not included,not included,not included,not included,not included,6.230529595015576,0.8593833924159415,2.3633043291438396,44.0
2014-15,R8,South East,North & Mid Hampshire,BSU,50<71,A to F2,127.0,not included,not included,not included,not included,not included,not included,not included,not included,not included,not included,not included,not included,7.285452042221203,1.6636071592473614,2.9830197338228546,53.06122448979592
2014-15,R8,South East,Oxford,BSU,50<71,A to F2,173.0,not included,not included,not included,not included,not included,not included,not included,not included,not included,not included,not included,not included,8.832388829325573,1.7358452034512686,3.7780160310409965,53.23741007194245
2014-15,R8,South East,Portsmouth,BSU,50<71,A to F2,251.0,not included,not included,not included,not included,not included,not included,not included,not included,not included,not included,not included,not included,11.3477101134771,3.2551200325512,4.0236900402369,49.72067039106145
2014-15,R8,South East,Southampton & Salisbury,BSU,50<71,A to F2,203.0,not included,not included,not included,not included,not included,not included,not included,not included,not included,not included,not included,not included,8.504042562104646,1.7594570818147544,3.5608059989108125,52.79503105590062
2014-15,R8,South East,West Berkshire,BSU,50<71,A to F2,156.0,not included,not included,not included,not included,not included,not included,not included,not included,not included,not included,not included,not included,7.500360594259339,1.4904562719361507,2.8847540747151306,48.0
2014-15,R8,South East,Worthing,BSU,50<71,A to F2,251.0,not included,not included,not included,not included,not included,not included,not included,not included,not included,not included,not included,not included,7.855287453447251,1.7838700591493757,3.411260288548806,56.18556701030928
2015-16,R1,North East,Gateshead,BSU,45 and over,A to F2,268.0,not included,not included,not included,not included,not included,not included,not included,not included,not included,not included,not included,not included,8.237536116063195,1.444642527817053,3.7806602323722878,55.65610859728507
2015-16,R1,North East,Newcastle,BSU,45 and over,A to F2,310.0,not included,not included,not included,not included,not included,not included,not included,not included,not included,not included,not included,not included,8.107330596019564,1.3599393257839267,3.086016162355833,45.91439688715953
2015-16,R1,North East,North Cumbria,BSU,45 and over,A to F2,121.0,not included,not included,not included,not included,not included,not included,not included,not included,not included,not included,not included,not included,8.683795033730442,1.9377063298406776,4.234247165207406,62.76595744680851
2015-16,R1,North East,North Tees,BSU,45 and over,A to F2,331.0,not included,not included,not included,not included,not included,not included,not included,not included,not included,not included,not included,not included,7.697316403888191,1.5813217989860937,3.1858983303102177,52.09125475285171
2015-16,R10,South West,Avon,BSU,45 and over,A to F2,475.0,not included,not included,not included,not included,not included,not included,not included,not included,not included,not included,not included,not included,9.823182711198427,1.9232757729293763,3.805190776548444,48.167539267015705
2015-16,R10,South West,Cornwall,BSU,45 and over,A to F2,186.0,not included,not included,not included,not included,not included,not included,not included,not included,not included,not included,not included,not included,8.474576271186441,2.0503007107709132,3.6905412793876433,57.446808510638306
2015-16,R10,South West,Dorset,BSU,45 and over,A to F2,324.0,not included,not included,not included,not included,not included,not included,not included,not included,not included,not included,not included,not included,9.344177193286034,1.7304031839418583,3.7780469516063913,49.621212121212125
2015-16,R10,South West,Gloucestershire,BSU,45 and over,A to F2,264.0,not included,not included,not included,not included,not included,not included,not included,not included,not included,not included,not included,not included,9.087154068566708,1.858736059479554,3.304419661296985,45.714285714285715
2015-16,R10,South West,North & East Devon,BSU,45 and over,A to F2,182.0,not included,not included,not included,not included,not included,not included,not included,not included,not included,not included,not included,not included,7.740398928252456,1.7011865776379025,3.274784161952962,54.22535211267606
2015-16,R10,South West,Somerset,BSU,45 and over,A to F2,202.0,not included,not included,not included,not included,not included,not included,not included,not included,not included,not included,not included,not included,8.209713472871368,2.072749441170494,3.3732981101402153,54.966887417218544
2015-16,R10,South West,South Devon (Torbay),BSU,45 and over,A to F2,136.0,not included,not included,not included,not included,not included,not included,not included,not included,not included,not included,not included,not included,9.728183118741057,1.859799713876967,5.293276108726753,67.27272727272727
2015-16,R10,South West,West Devon & East Cornwall,BSU,45 and over,A to F2,193.0,not included,not included,not included,not included,not included,not included,not included,not included,not included,not included,not included,not included,9.238870272857826,1.9147917663954046,3.829583532790809,52.28758169934641
2015-16,R10,South West,Wiltshire,BSU,45 and over,A to F2,205.0,not included,not included,not included,not included,not included,not included,not included,not included,not included,not included,not included,not included,7.945428471764659,1.472811131351498,2.7518313243672727,42.51497005988024
2015-16,R2,North West,"Bolton, Bury & Rochdale",BSU,45 and over,A to F2,243.0,not included,not included,not included,not included,not included,not included,not included,not included,not included,not included,not included,not included,8.152173913043478,2.1135265700483092,3.2877079978529253,54.44444444444444
2015-16,R2,North West,Chester,BSU,45 and over,A to F2,57.0,not included,not included,not included,not included,not included,not included,not included,not included,not included,not included,not included,not included,8.27165868524162,1.0158177332752867,4.063270933101147,56.00000000000001
2015-16,R2,North West,Crewe,BSU,45 and over,A to F2,97.0,not included,not included,not included,not included,not included,not included,not included,not included,not included,not included,not included,not included,7.151810071518101,1.5483300154833002,2.3593600235936,42.10526315789473
2015-16,R2,North West,East Cheshire & Stockport,BSU,45 and over,A to F2,167.0,not included,not included,not included,not included,not included,not included,not included,not included,not included,not included,not included,not included,8.999299455730991,2.1016328070269976,3.879937489895996,56.25
2015-16,R2,North West,East Lancashire,BSU,45 and over,A to F2,149.0,not included,not included,not included,not included,not included,not included,not included,not included,not included,not included,not included,not included,8.636179215208948,1.5069842925867964,4.347070074769605,60.97560975609756
2015-16,R2,North West,Greater Manchester,BSU,45 and over,A to F2,410.0,not included,not included,not included,not included,not included,not included,not included,not included,not included,not included,not included,not included,9.92111503653874,1.7180467502298795,4.815370468954169,58.70206489675516
2015-16,R2,North West,Liverpool,BSU,45 and over,A to F2,284.0,not included,not included,not included,not included,not included,not included,not included,not included,not included,not included,not included,not included,8.787400600266098,1.7017853275163217,3.248862897985705,45.851528384279476
2015-16,R2,North West,North Lancashire,BSU,45 and over,A to F2,243.0,not included,not included,not included,not included,not included,not included,not included,not included,not included,not included,not included,not included,8.547910510764035,1.934712255522724,3.1658927817644575,47.87234042553192
2015-16,R2,North West,South Lancashire,BSU,45 and over,A to F2,208.0,not included,not included,not included,not included,not included,not included,not included,not included,not included,not included,not included,not included,8.184787313579665,0.9050485971746743,4.24979341282021,58.37837837837838
2015-16,R2,North West,Warrington,BSU,45 and over,A to F2,192.0,not included,not included,not included,not included,not included,not included,not included,not included,not included,not included,not included,not included,8.065871282137456,1.7644093429675685,2.5625945219290878,40.666666666666664
2015-16,R2,North West,Wirral,BSU,45 and over,A to F2,159.0,not included,not included,not included,not included,not included,not included,not included,not included,not included,not included,not included,not included,9.351840959887072,2.411481002235031,3.176096929772968,46.15384615384615
2015-16,R3,Yorkshire and the Humber,Barnsley,BSU,45 and over,A to F2,73.0,not included,not included,not included,not included,not included,not included,not included,not included,not included,not included,not included,not included,7.750291963053403,1.486357362777365,2.760377959443678,44.06779661016949
2015-16,R3,Yorkshire and the Humber,Doncaster,BSU,45 and over,A to F2,170.0,not included,not included,not included,not included,not included,not included,not included,not included,not included,not included,not included,not included,8.604109727705234,1.366535074400243,3.3404190707561496,46.15384615384615
2015-16,R3,Yorkshire and the Humber,Humberside,BSU,45 and over,A to F2,291.0,not included,not included,not included,not included,not included,not included,not included,not included,not included,not included,not included,not included,7.591568402379213,1.2522174684336846,3.756652405301054,59.25925925925925
2015-16,R3,Yorkshire and the Humber,Leeds Wakefield,BSU,45 and over,A to F2,338.0,not included,not included,not included,not included,not included,not included,not included,not included,not included,not included,not included,not included,7.625837601245403,1.8951785754574375,3.4293707555896487,59.84251968503938
2015-16,R3,Yorkshire and the Humber,North Yorkshire,BSU,45 and over,A to F2,280.0,not included,not included,not included,not included,not included,not included,not included,not included,not included,not included,not included,not included,8.594493385309555,1.5961202001289174,3.499186592590319,50.0
2015-16,R3,Yorkshire and the Humber,Pennine,BSU,45 and over,A to F2,377.0,not included,not included,not included,not included,not included,not included,not included,not included,not included,not included,not included,not included,8.784193112446992,2.2135234633487118,3.448436553427466,52.4822695035461
2015-16,R3,Yorkshire and the Humber,Rotherham,BSU,45 and over,A to F2,60.0,not included,not included,not included,not included,not included,not included,not included,not included,not included,not included,not included,not included,5.927682276229993,0.8891523414344991,3.1614305473226634,62.745098039215684
2015-16,R3,Yorkshire and the Humber,Sheffield,BSU,45 and over,A to F2,163.0,not included,not included,not included,not included,not included,not included,not included,not included,not included,not included,not included,not included,7.903030303030302,1.7454545454545454,3.296969696969697,53.54330708661418
2015-16,R4,East Midlands,Derby City & South Derbyshire,BSU,45 and over,A to F2,260.0,not included,not included,not included,not included,not included,not included,not included,not included,not included,not included,not included,not included,9.19020183097098,2.0501219469089107,3.78212152274575,52.97029702970298
2015-16,R4,East Midlands,Kettering,BSU,45 and over,A to F2,142.0,not included,not included,not included,not included,not included,not included,not included,not included,not included,not included,not included,not included,8.88166124593445,1.9389542156617463,3.2524393294971228,46.846846846846844
2015-16,R4,East Midlands,Leicestershire,BSU,45 and over,A to F2,354.0,not included,not included,not included,not included,not included,not included,not included,not included,not included,not included,not included,not included,8.689248895434464,1.5218458517427589,4.68826705940108,65.41095890410958
2015-16,R4,East Midlands,Lincolnshire,BSU,45 and over,A to F2,310.0,not included,not included,not included,not included,not included,not included,not included,not included,not included,not included,not included,not included,8.03379376473942,1.3994350428900926,3.679995853525799,55.46875
2015-16,R4,East Midlands,Milton Keynes,BSU,45 and over,A to F2,76.0,not included,not included,not included,not included,not included,not included,not included,not included,not included,not included,not included,not included,7.399474247882387,0.5841690195696622,3.5050141174179728,51.42857142857142
2015-16,R4,East Midlands,North Derbyshire & Chesterfield,BSU,45 and over,A to F2,139.0,not included,not included,not included,not included,not included,not included,not included,not included,not included,not included,not included,not included,8.204946579304645,1.7708517797060386,3.1875332034708697,49.54128440366973
2015-16,R4,East Midlands,North Nottinghamshire,BSU,45 and over,A to F2,87.0,not included,not included,not included,not included,not included,not included,not included,not included,not included,not included,not included,not included,7.523998962207039,1.556689440456629,2.853930640837153,47.82608695652174
2015-16,R4,East Midlands,Northampton,BSU,45 and over,A to F2,152.0,not included,not included,not included,not included,not included,not included,not included,not included,not included,not included,not included,not included,8.76282716476421,2.248356969906607,3.401360544217687,52.21238938053098
2015-16,R4,East Midlands,Nottingham City,BSU,45 and over,A to F2,248.0,not included,not included,not included,not included,not included,not included,not included,not included,not included,not included,not included,not included,8.621289021761802,1.84245289577974,4.449697559618994,65.64102564102564
2015-16,R5,West Midlands,"City, Sandwell & Walsall",BSU,45 and over,A to F2,284.0,not included,not included,not included,not included,not included,not included,not included,not included,not included,not included,not included,not included,7.252483464848438,1.276845680431063,2.8090604969483386,47.008547008547005
2015-16,R5,West Midlands,Dudley & Wolverhampton,BSU,45 and over,A to F2,197.0,not included,not included,not included,not included,not included,not included,not included,not included,not included,not included,not included,not included,9.104353452259913,1.8948146778815047,3.558554395045753,49.358974358974365
2015-16,R5,West Midlands,Hereford & Worcester,BSU,45 and over,A to F2,310.0,not included,not included,not included,not included,not included,not included,not included,not included,not included,not included,not included,not included,7.808367547416942,1.5868617918944108,3.753054079242337,60.32388663967612
2015-16,R5,West Midlands,North Staffordshire,BSU,45 and over,A to F2,191.0,not included,not included,not included,not included,not included,not included,not included,not included,not included,not included,not included,not included,9.188877128836717,2.261137303954585,3.9930722601751176,57.638888888888886
2015-16,R5,West Midlands,Shropshire,BSU,45 and over,A to F2,222.0,not included,not included,not included,not included,not included,not included,not included,not included,not included,not included,not included,not included,9.776720834984806,1.8496498876998282,4.447967587087682,56.111111111111114
2015-16,R5,West Midlands,South Birmingham,BSU,45 and over,A to F2,106.0,not included,not included,not included,not included,not included,not included,not included,not included,not included,not included,not included,not included,8.567733591981895,2.3440025864856127,3.0714516650501134,49.35064935064935
2015-16,R5,West Midlands,South Staffordshire,BSU,45 and over,A to F2,236.0,not included,not included,not included,not included,not included,not included,not included,not included,not included,not included,not included,not included,9.181450357920946,1.6339869281045751,4.123871770930595,54.63917525773196
2015-16,R5,West Midlands,"Warwickshire, Solihull & Coventry",BSU,45 and over,A to F2,394.0,not included,not included,not included,not included,not included,not included,not included,not included,not included,not included,not included,not included,9.49878251645411,2.0251211456399623,3.7127221003399313,49.67741935483871
2015-16,R6,East of England,Bedfordshire & Hertfordshire,BSU,45 and over,A to F2,451.0,not included,not included,not included,not included,not included,not included,not included,not included,not included,not included,not included,not included,7.585441334768568,1.513724434876211,2.8424381054897743,46.81440443213297
2015-16,R6,East of England,Cambridge & Huntingdon,BSU,45 and over,A to F2,167.0,not included,not included,not included,not included,not included,not included,not included,not included,not included,not included,not included,not included,8.597168597168597,2.0077220077220077,4.1698841698841695,63.28125
2015-16,R6,East of England,Colchester & Chelmsford,BSU,45 and over,A to F2,256.0,not included,not included,not included,not included,not included,not included,not included,not included,not included,not included,not included,not included,8.047530728364402,1.6975260130143661,3.143566690767345,49.504950495049506
2015-16,R6,East of England,East Suffolk,BSU,45 and over,A to F2,133.0,not included,not included,not included,not included,not included,not included,not included,not included,not included,not included,not included,not included,7.72626931567329,1.9170442662948763,3.7179040316021843,64.0
2015-16,R6,East of England,Epping,BSU,45 and over,A to F2,101.0,not included,not included,not included,not included,not included,not included,not included,not included,not included,not included,not included,not included,8.376181788024548,0.9951899154088573,3.566097196881738,48.31460674157304
2015-16,R6,East of England,James Paget,BSU,45 and over,A to F2,89.0,not included,not included,not included,not included,not included,not included,not included,not included,not included,not included,not included,not included,8.113775184611177,1.367490199653569,4.4671346522016595,66.21621621621621
2015-16,R6,East of England,Kings Lynn,BSU,45 and over,A to F2,103.0,not included,not included,not included,not included,not included,not included,not included,not included,not included,not included,not included,not included,8.612040133779265,1.254180602006689,4.013377926421405,54.54545454545454
2015-16,R6,East of England,Norfolk & Norwich,BSU,45 and over,A to F2,188.0,not included,not included,not included,not included,not included,not included,not included,not included,not included,not included,not included,not included,6.449399656946826,0.9605488850771869,2.9845626072041167,54.37499999999999
2015-16,R6,East of England,Peterborough,BSU,45 and over,A to F2,137.0,not included,not included,not included,not included,not included,not included,not included,not included,not included,not included,not included,not included,8.176663682482841,1.3130408833184124,4.237541032527604,62.28070175438597
2015-16,R6,East of England,South Essex (Southend),BSU,45 and over,A to F2,179.0,not included,not included,not included,not included,not included,not included,not included,not included,not included,not included,not included,not included,8.005008720540225,1.4310630114932248,3.532936809623899,53.74149659863946
2015-16,R6,East of England,West Suffolk,BSU,45 and over,A to F2,99.0,not included,not included,not included,not included,not included,not included,not included,not included,not included,not included,not included,not included,7.748297722470063,1.7218439383266808,3.83501604445488,63.63636363636363
2015-16,R7,London,Central & East London,BSU,45 and over,A to F2,285.0,not included,not included,not included,not included,not included,not included,not included,not included,not included,not included,not included,not included,7.437757711780365,1.3309671694764862,3.053395271151939,50.0
2015-16,R7,London,North London,BSU,45 and over,A to F2,500.0,not included,not included,not included,not included,not included,not included,not included,not included,not included,not included,not included,not included,8.45594452900389,2.4184001352951126,2.553695247759175,42.296918767507
2015-16,R7,London,Outer North East London,BSU,45 and over,A to F2,242.0,not included,not included,not included,not included,not included,not included,not included,not included,not included,not included,not included,not included,8.419148344002227,1.8786529362649595,2.8179794043974398,43.08510638297872
2015-16,R7,London,South East London,BSU,45 and over,A to F2,404.0,not included,not included,not included,not included,not included,not included,not included,not included,not included,not included,not included,not included,7.056645298772074,1.8340290999283855,2.707376290370474,51.83946488294314
2015-16,R7,London,South West London,BSU,45 and over,A to F2,385.0,not included,not included,not included,not included,not included,not included,not included,not included,not included,not included,not included,not included,9.35487790061961,2.5999271048475276,2.8186125622646094,41.87725631768953
2015-16,R7,London,West of London,BSU,45 and over,A to F2,294.0,not included,not included,not included,not included,not included,not included,not included,not included,not included,not included,not included,not included,7.425930135636887,1.742820337955596,2.399535247909878,42.22222222222222
2015-16,R8,South East,Aylesbury & Wycombe,BSU,45 and over,A to F2,237.0,not included,not included,not included,not included,not included,not included,not included,not included,not included,not included,not included,not included,10.921155707110271,2.810930371872264,3.8247085387770148,47.159090909090914
2015-16,R8,South East,Canterbury,BSU,45 and over,A to F2,270.0,not included,not included,not included,not included,not included,not included,not included,not included,not included,not included,not included,not included,8.807698580981896,1.565813081063448,3.653563855814712,50.45045045045045
2015-16,R8,South East,East Berkshire,BSU,45 and over,A to F2,171.0,not included,not included,not included,not included,not included,not included,not included,not included,not included,not included,not included,not included,9.108826506152454,1.5447717466574336,2.8764715282586693,38.028169014084504
2015-16,R8,South East,East Sussex/Brighton,BSU,45 and over,A to F2,292.0,not included,not included,not included,not included,not included,not included,not included,not included,not included,not included,not included,not included,9.263959390862945,2.0304568527918785,3.045685279187817,42.10526315789473
2015-16,R8,South East,Guildford,BSU,45 and over,A to F2,553.0,not included,not included,not included,not included,not included,not included,not included,not included,not included,not included,not included,not included,10.552226844254475,2.499713773232073,4.732282563065297,58.767772511848335
2015-16,R8,South East,Isle of Wight,BSU,45 and over,A to F2,90.0,not included,not included,not included,not included,not included,not included,not included,not included,not included,not included,not included,not included,9.241195194578498,2.4643187185542663,3.080398398192833,45.45454545454545
2015-16,R8,South East,Maidstone,BSU,45 and over,A to F2,162.0,not included,not included,not included,not included,not included,not included,not included,not included,not included,not included,not included,not included,8.746827925058042,2.0517250688407755,3.5095297230171156,52.41935483870967
2015-16,R8,South East,Medway,BSU,45 and over,A to F2,223.0,not included,not included,not included,not included,not included,not included,not included,not included,not included,not included,not included,not included,8.721157606570198,1.2123582323034807,3.793508017207665,50.520833333333336
2015-16,R8,South East,North & Mid Hampshire,BSU,45 and over,A to F2,206.0,not included,not included,not included,not included,not included,not included,not included,not included,not included,not included,not included,not included,8.350561433377923,2.0673720053508453,3.4456200089180755,54.83870967741935
2015-16,R8,South East,Oxford,BSU,45 and over,A to F2,215.0,not included,not included,not included,not included,not included,not included,not included,not included,not included,not included,not included,not included,8.116270290675727,2.0762551906379767,3.5107587768969424,58.12500000000001
2015-16,R8,South East,Portsmouth,BSU,45 and over,A to F2,239.0,not included,not included,not included,not included,not included,not included,not included,not included,not included,not included,not included,not included,8.591868281985837,2.192903620088435,3.1635330912751196,49.43820224719101
2015-16,R8,South East,Southampton & Salisbury,BSU,45 and over,A to F2,319.0,not included,not included,not included,not included,not included,not included,not included,not included,not included,not included,not included,not included,9.399493193470446,1.7973952501620603,4.6850138487830755,61.86770428015564
2015-16,R8,South East,West Berkshire,BSU,45 and over,A to F2,165.0,not included,not included,not included,not included,not included,not included,not included,not included,not included,not included,not included,not included,8.199572628335735,1.590220146101476,2.782885255677583,42.42424242424242
2015-16,R8,South East,Worthing,BSU,45 and over,A to F2,299.0,not included,not included,not included,not included,not included,not included,not included,not included,not included,not included,not included,not included,8.255791479139631,1.5186238506778584,3.2029157577933014,47.540983606557376
2015-16,R1,North East,Gateshead,BSU,50<71,A to F2,221.0,not included,not included,not included,not included,not included,not included,not included,not included,not included,not included,not included,not included,8.044261638699814,1.3467768354384304,3.7855348887999125,56.52173913043478
2015-16,R1,North East,Newcastle,BSU,50<71,A to F2,257.0,not included,not included,not included,not included,not included,not included,not included,not included,not included,not included,not included,not included,7.919144609127045,1.2941792746433303,3.204634394354913,48.598130841121495
2015-16,R1,North East,North Cumbria,BSU,50<71,A to F2,105.0,not included,not included,not included,not included,not included,not included,not included,not included,not included,not included,not included,not included,7.957559681697613,1.8946570670708602,3.865100416824555,63.74999999999999
2015-16,R1,North East,North Tees,BSU,50<71,A to F2,277.0,not included,not included,not included,not included,not included,not included,not included,not included,not included,not included,not included,not included,7.540082205950404,1.5787897759751748,3.212020578708114,53.88127853881278
2015-16,R10,South West,Avon,BSU,50<71,A to F2,387.0,not included,not included,not included,not included,not included,not included,not included,not included,not included,not included,not included,not included,9.442478955715506,1.8299377821154081,3.708673905087227,48.717948717948715
2015-16,R10,South West,Cornwall,BSU,50<71,A to F2,150.0,not included,not included,not included,not included,not included,not included,not included,not included,not included,not included,not included,not included,8.0239649085268,1.765272279875896,3.6375307585321495,58.119658119658126
2015-16,R10,South West,Dorset,BSU,50<71,A to F2,254.0,not included,not included,not included,not included,not included,not included,not included,not included,not included,not included,not included,not included,8.768296050814692,1.5189174261253797,3.6937310135321733,50.95238095238095
2015-16,R10,South West,Gloucestershire,BSU,50<71,A to F2,211.0,not included,not included,not included,not included,not included,not included,not included,not included,not included,not included,not included,not included,8.647895405549407,1.680396737571212,3.1148817574490755,44.70588235294118
2015-16,R10,South West,North & East Devon,BSU,50<71,A to F2,147.0,not included,not included,not included,not included,not included,not included,not included,not included,not included,not included,not included,not included,7.627646326276463,1.5566625155666252,3.268991282689913,53.84615384615385
2015-16,R10,South West,Somerset,BSU,50<71,A to F2,167.0,not included,not included,not included,not included,not included,not included,not included,not included,not included,not included,not included,not included,8.130081300813009,2.1420573487172,3.4565016308845724,57.72357723577236
2015-16,R10,South West,South Devon (Torbay),BSU,50<71,A to F2,118.0,not included,not included,not included,not included,not included,not included,not included,not included,not included,not included,not included,not included,9.918466840379928,1.9332604858367657,5.37950743885013,67.36842105263158
2015-16,R10,South West,West Devon & East Cornwall,BSU,50<71,A to F2,154.0,not included,not included,not included,not included,not included,not included,not included,not included,not included,not included,not included,not included,8.829768935267472,1.7774210194369588,3.841522848460524,54.47154471544715
2015-16,R10,South West,Wiltshire,BSU,50<71,A to F2,179.0,not included,not included,not included,not included,not included,not included,not included,not included,not included,not included,not included,not included,8.109822399420079,1.4951069227981153,2.9449075752084086,44.52054794520548
2015-16,R2,North West,"Bolton, Bury & Rochdale",BSU,50<71,A to F2,205.0,not included,not included,not included,not included,not included,not included,not included,not included,not included,not included,not included,not included,8.075635217648218,2.0484538113058894,3.230254087059287,53.59477124183007
2015-16,R2,North West,Chester,BSU,50<71,A to F2,47.0,not included,not included,not included,not included,not included,not included,not included,not included,not included,not included,not included,not included,8.454758050008994,1.0793308148947653,4.137434790429933,56.09756097560976
2015-16,R2,North West,Crewe,BSU,50<71,A to F2,69.0,not included,not included,not included,not included,not included,not included,not included,not included,not included,not included,not included,not included,6.26759923698792,1.2716868017076937,2.0891997456626394,41.81818181818181
2015-16,R2,North West,East Cheshire & Stockport,BSU,50<71,A to F2,134.0,not included,not included,not included,not included,not included,not included,not included,not included,not included,not included,not included,not included,8.535575514363972,2.038346391489904,3.6945028345754505,56.86274509803921
2015-16,R2,North West,East Lancashire,BSU,50<71,A to F2,134.0,not included,not included,not included,not included,not included,not included,not included,not included,not included,not included,not included,not included,9.103260869565217,1.5625,4.755434782608696,63.06306306306306
2015-16,R2,North West,Greater Manchester,BSU,50<71,A to F2,346.0,not included,not included,not included,not included,not included,not included,not included,not included,not included,not included,not included,not included,9.92114695340502,1.7204301075268817,4.874551971326165,59.44055944055944
2015-16,R2,North West,Liverpool,BSU,50<71,A to F2,235.0,not included,not included,not included,not included,not included,not included,not included,not included,not included,not included,not included,not included,8.460541474654379,1.6561059907834101,2.8441820276497696,41.7989417989418
2015-16,R2,North West,North Lancashire,BSU,50<71,A to F2,205.0,not included,not included,not included,not included,not included,not included,not included,not included,not included,not included,not included,not included,8.511168313543138,1.9513410279830605,3.2383957485676325,49.36708860759494
2015-16,R2,North West,South Lancashire,BSU,50<71,A to F2,165.0,not included,not included,not included,not included,not included,not included,not included,not included,not included,not included,not included,not included,7.664793050587634,0.743252659450922,4.180796209411437,60.40268456375839
2015-16,R2,North West,Warrington,BSU,50<71,A to F2,161.0,not included,not included,not included,not included,not included,not included,not included,not included,not included,not included,not included,not included,7.988092284792855,1.6869263210121557,2.629620441577772,41.732283464566926
2015-16,R2,North West,Wirral,BSU,50<71,A to F2,143.0,not included,not included,not included,not included,not included,not included,not included,not included,not included,not included,not included,not included,9.84102952308857,2.546280366113826,3.440919413667332,47.61904761904761
2015-16,R3,Yorkshire and the Humber,Barnsley,BSU,50<71,A to F2,59.0,not included,not included,not included,not included,not included,not included,not included,not included,not included,not included,not included,not included,7.588424437299035,1.414790996784566,2.7009646302250805,43.75
2015-16,R3,Yorkshire and the Humber,Doncaster,BSU,50<71,A to F2,131.0,not included,not included,not included,not included,not included,not included,not included,not included,not included,not included,not included,not included,8.122519841269842,1.3020833333333333,3.162202380952381,46.36363636363636
2015-16,R3,Yorkshire and the Humber,Humberside,BSU,50<71,A to F2,234.0,not included,not included,not included,not included,not included,not included,not included,not included,not included,not included,not included,not included,7.325548633503428,1.2522305356416117,3.7253858435337945,61.34020618556701
2015-16,R3,Yorkshire and the Humber,Leeds Wakefield,BSU,50<71,A to F2,293.0,not included,not included,not included,not included,not included,not included,not included,not included,not included,not included,not included,not included,7.706672979299824,1.7885793945132697,3.6034614271811463,60.88888888888889
2015-16,R3,Yorkshire and the Humber,North Yorkshire,BSU,50<71,A to F2,229.0,not included,not included,not included,not included,not included,not included,not included,not included,not included,not included,not included,not included,8.241560498092564,1.6555099690491615,3.27503059094508,49.72677595628415
2015-16,R3,Yorkshire and the Humber,Pennine,BSU,50<71,A to F2,322.0,not included,not included,not included,not included,not included,not included,not included,not included,not included,not included,not included,not included,8.704820091373577,2.2978562353004786,3.460301154334838,54.008438818565395
2015-16,R3,Yorkshire and the Humber,Rotherham,BSU,50<71,A to F2,46.0,not included,not included,not included,not included,not included,not included,not included,not included,not included,not included,not included,not included,5.4528212422949265,0.8297771455666193,2.7264106211474632,58.97435897435898
2015-16,R3,Yorkshire and the Humber,Sheffield,BSU,50<71,A to F2,127.0,not included,not included,not included,not included,not included,not included,not included,not included,not included,not included,not included,not included,7.412595575789412,1.5175392517364152,3.2101791863654934,54.45544554455446
2015-16,R4,East Midlands,Derby City & South Derbyshire,BSU,50<71,A to F2,210.0,not included,not included,not included,not included,not included,not included,not included,not included,not included,not included,not included,not included,8.855901826002615,2.1085480538101464,3.542360730401046,52.5
2015-16,R4,East Midlands,Kettering,BSU,50<71,A to F2,119.0,not included,not included,not included,not included,not included,not included,not included,not included,not included,not included,not included,not included,9.022670407157479,1.9713397528243233,3.1086511486845096,44.086021505376344
2015-16,R4,East Midlands,Leicestershire,BSU,50<71,A to F2,296.0,not included,not included,not included,not included,not included,not included,not included,not included,not included,not included,not included,not included,8.432327721277384,1.5383300572600633,4.5865025781272255,66.52892561983471
2015-16,R4,East Midlands,Lincolnshire,BSU,50<71,A to F2,266.0,not included,not included,not included,not included,not included,not included,not included,not included,not included,not included,not included,not included,8.133810353790173,1.5900681894627404,3.669388129529401,56.074766355140184
2015-16,R4,East Midlands,Milton Keynes,BSU,50<71,A to F2,69.0,not included,not included,not included,not included,not included,not included,not included,not included,not included,not included,not included,not included,7.539335664335664,0.5463286713286714,3.605769230769231,51.5625
2015-16,R4,East Midlands,North Derbyshire & Chesterfield,BSU,50<71,A to F2,110.0,not included,not included,not included,not included,not included,not included,not included,not included,not included,not included,not included,not included,7.609297177642501,1.7293857221914777,3.1128942999446596,52.94117647058824
2015-16,R4,East Midlands,North Nottinghamshire,BSU,50<71,A to F2,64.0,not included,not included,not included,not included,not included,not included,not included,not included,not included,not included,not included,not included,6.549324600900532,1.2279983626688498,2.4559967253376995,46.15384615384615
2015-16,R4,East Midlands,Northampton,BSU,50<71,A to F2,128.0,not included,not included,not included,not included,not included,not included,not included,not included,not included,not included,not included,not included,8.559582720342382,2.2736391600909456,3.076100040123044,48.93617021276596
2015-16,R4,East Midlands,Nottingham City,BSU,50<71,A to F2,204.0,not included,not included,not included,not included,not included,not included,not included,not included,not included,not included,not included,not included,8.426270136307311,1.7761255679471293,4.29574555968608,64.59627329192547
2015-16,R5,West Midlands,"City, Sandwell & Walsall",BSU,50<71,A to F2,238.0,not included,not included,not included,not included,not included,not included,not included,not included,not included,not included,not included,not included,7.208407789926401,1.2114971075506555,2.877305630432807,47.97979797979798
2015-16,R5,West Midlands,Dudley & Wolverhampton,BSU,50<71,A to F2,166.0,not included,not included,not included,not included,not included,not included,not included,not included,not included,not included,not included,not included,9.017818339852239,1.521077792264233,3.8026944806605822,50.72463768115942
2015-16,R5,West Midlands,Hereford & Worcester,BSU,50<71,A to F2,255.0,not included,not included,not included,not included,not included,not included,not included,not included,not included,not included,not included,not included,7.648470305938813,1.5596880623875224,3.629274145170966,59.60591133004927
2015-16,R5,West Midlands,North Staffordshire,BSU,50<71,A to F2,154.0,not included,not included,not included,not included,not included,not included,not included,not included,not included,not included,not included,not included,8.78594249201278,2.167959835691465,3.8795070743952533,58.620689655172406
2015-16,R5,West Midlands,Shropshire,BSU,50<71,A to F2,182.0,not included,not included,not included,not included,not included,not included,not included,not included,not included,not included,not included,not included,9.463394342762063,1.663893510815308,4.315723793677204,55.333333333333336
2015-16,R5,West Midlands,South Birmingham,BSU,50<71,A to F2,91.0,not included,not included,not included,not included,not included,not included,not included,not included,not included,not included,not included,not included,8.501494768310911,2.242152466367713,3.36322869955157,53.73134328358209
2015-16,R5,West Midlands,South Staffordshire,BSU,50<71,A to F2,181.0,not included,not included,not included,not included,not included,not included,not included,not included,not included,not included,not included,not included,8.392840582398218,1.5301864045256421,3.709542798850042,54.054054054054056
2015-16,R5,West Midlands,"Warwickshire, Solihull & Coventry",BSU,50<71,A to F2,323.0,not included,not included,not included,not included,not included,not included,not included,not included,not included,not included,not included,not included,9.175093739347803,2.0452221338484264,3.522327008294512,49.40239043824701
2015-16,R6,East of England,Bedfordshire & Hertfordshire,BSU,50<71,A to F2,368.0,not included,not included,not included,not included,not included,not included,not included,not included,not included,not included,not included,not included,7.408152994464015,1.5702063412179166,2.677403120281832,45.86206896551724
2015-16,R6,East of England,Cambridge & Huntingdon,BSU,50<71,A to F2,128.0,not included,not included,not included,not included,not included,not included,not included,not included,not included,not included,not included,not included,7.952780366573471,1.863932898415657,3.9763901832867354,65.3061224489796
2015-16,R6,East of England,Colchester & Chelmsford,BSU,50<71,A to F2,201.0,not included,not included,not included,not included,not included,not included,not included,not included,not included,not included,not included,not included,7.68583664729275,1.6824717038849801,3.173753441419394,52.86624203821656
2015-16,R6,East of England,East Suffolk,BSU,50<71,A to F2,103.0,not included,not included,not included,not included,not included,not included,not included,not included,not included,not included,not included,not included,7.394113424264178,1.938262742282843,3.7329504666188082,68.42105263157895
2015-16,R6,East of England,Epping,BSU,50<71,A to F2,86.0,not included,not included,not included,not included,not included,not included,not included,not included,not included,not included,not included,not included,8.453750122874274,1.0812936203676398,3.6370785412366065,49.333333333333336
2015-16,R6,East of England,James Paget,BSU,50<71,A to F2,73.0,not included,not included,not included,not included,not included,not included,not included,not included,not included,not included,not included,not included,7.815845824411135,1.284796573875803,4.389721627408994,67.21311475409836
2015-16,R6,East of England,Kings Lynn,BSU,50<71,A to F2,81.0,not included,not included,not included,not included,not included,not included,not included,not included,not included,not included,not included,not included,8.019008019008018,0.693000693000693,4.158004158004158,56.75675675675676
2015-16,R6,East of England,Norfolk & Norwich,BSU,50<71,A to F2,161.0,not included,not included,not included,not included,not included,not included,not included,not included,not included,not included,not included,not included,6.459118992216962,0.9227312846024233,2.9687876113295353,53.62318840579711
2015-16,R6,East of England,Peterborough,BSU,50<71,A to F2,115.0,not included,not included,not included,not included,not included,not included,not included,not included,not included,not included,not included,not included,8.116883116883116,1.3410502540937324,4.164313946922643,62.10526315789474
2015-16,R6,East of England,South Essex (Southend),BSU,50<71,A to F2,156.0,not included,not included,not included,not included,not included,not included,not included,not included,not included,not included,not included,not included,7.627242947244903,1.32009974086931,3.275803060675696,51.93798449612403
2015-16,R6,East of England,West Suffolk,BSU,50<71,A to F2,81.0,not included,not included,not included,not included,not included,not included,not included,not included,not included,not included,not included,not included,7.717225609756097,1.524390243902439,4.28734756097561,69.23076923076923
2015-16,R7,London,Central & East London,BSU,50<71,A to F2,270.0,not included,not included,not included,not included,not included,not included,not included,not included,not included,not included,not included,not included,7.381082558775287,1.3668671405139419,2.979770366320394,49.54545454545455
2015-16,R7,London,North London,BSU,50<71,A to F2,407.0,not included,not included,not included,not included,not included,not included,not included,not included,not included,not included,not included,not included,8.177617038376532,2.3508137432188065,2.5517379947759697,43.79310344827586
2015-16,R7,London,Outer North East London,BSU,50<71,A to F2,192.0,not included,not included,not included,not included,not included,not included,not included,not included,not included,not included,not included,not included,7.921118858038699,1.897768059738438,2.764140434836421,45.89041095890411
2015-16,R7,London,South East London,BSU,50<71,A to F2,327.0,not included,not included,not included,not included,not included,not included,not included,not included,not included,not included,not included,not included,6.75968992248062,1.6950904392764858,2.645994832041344,52.244897959183675
2015-16,R7,London,South West London,BSU,50<71,A to F2,317.0,not included,not included,not included,not included,not included,not included,not included,not included,not included,not included,not included,not included,8.941163197382524,2.284650533085124,2.905172900095899,43.64406779661017
2015-16,R7,London,West of London,BSU,50<71,A to F2,246.0,not included,not included,not included,not included,not included,not included,not included,not included,not included,not included,not included,not included,7.290184921763869,1.807728781412992,2.3707918444760554,43.24324324324324
2015-16,R8,South East,Aylesbury & Wycombe,BSU,50<71,A to F2,183.0,not included,not included,not included,not included,not included,not included,not included,not included,not included,not included,not included,not included,10.447590774149349,2.3978077186572277,3.882164877825988,48.226950354609926
2015-16,R8,South East,Canterbury,BSU,50<71,A to F2,225.0,not included,not included,not included,not included,not included,not included,not included,not included,not included,not included,not included,not included,8.768169595884807,1.363937492693192,3.702116051595807,50.0
2015-16,R8,South East,East Berkshire,BSU,50<71,A to F2,134.0,not included,not included,not included,not included,not included,not included,not included,not included,not included,not included,not included,not included,8.548644338118022,1.4035087719298245,2.615629984051037,36.607142857142854
2015-16,R8,South East,East Sussex/Brighton,BSU,50<71,A to F2,241.0,not included,not included,not included,not included,not included,not included,not included,not included,not included,not included,not included,not included,9.036370453693287,1.987251593550806,2.8496437945256843,40.42553191489361
2015-16,R8,South East,Guildford,BSU,50<71,A to F2,450.0,not included,not included,not included,not included,not included,not included,not included,not included,not included,not included,not included,not included,10.15136817884455,2.413769766969704,4.579394978456541,59.183673469387756
2015-16,R8,South East,Isle of Wight,BSU,50<71,A to F2,67.0,not included,not included,not included,not included,not included,not included,not included,not included,not included,not included,not included,not included,8.352031912241335,1.7452006980802792,2.9917726252804786,45.28301886792453
2015-16,R8,South East,Maidstone,BSU,50<71,A to F2,134.0,not included,not included,not included,not included,not included,not included,not included,not included,not included,not included,not included,not included,8.720551867759989,1.8222048678901472,3.579330990498503,51.886792452830186
2015-16,R8,South East,Medway,BSU,50<71,A to F2,191.0,not included,not included,not included,not included,not included,not included,not included,not included,not included,not included,not included,not included,8.648403894045732,1.2225492415666743,3.6676477247000228,49.390243902439025
2015-16,R8,South East,North & Mid Hampshire,BSU,50<71,A to F2,163.0,not included,not included,not included,not included,not included,not included,not included,not included,not included,not included,not included,not included,7.732447817836812,1.9924098671726753,3.1783681214421255,55.371900826446286
2015-16,R8,South East,Oxford,BSU,50<71,A to F2,174.0,not included,not included,not included,not included,not included,not included,not included,not included,not included,not included,not included,not included,7.700137186352171,2.1241757755454262,3.3190246492897284,59.523809523809526
2015-16,R8,South East,Portsmouth,BSU,50<71,A to F2,192.0,not included,not included,not included,not included,not included,not included,not included,not included,not included,not included,not included,not included,8.315288003464703,1.818969250757904,3.2481593763534,50.0
2015-16,R8,South East,Southampton & Salisbury,BSU,50<71,A to F2,283.0,not included,not included,not included,not included,not included,not included,not included,not included,not included,not included,not included,not included,9.794759976464888,1.8343543418821169,4.845464299311252,61.135371179039296
2015-16,R8,South East,West Berkshire,BSU,50<71,A to F2,128.0,not included,not included,not included,not included,not included,not included,not included,not included,not included,not included,not included,not included,7.764163532694407,1.6984107727769016,2.6689312143637025,44.0
2015-16,R8,South East,Worthing,BSU,50<71,A to F2,267.0,not included,not included,not included,not included,not included,not included,not included,not included,not included,not included,not included,not included,7.910407963736557,1.4813498059431753,3.140461588599532,48.8479262672811
2016-17,R1,North East,Gateshead,BSU,45 and over,A to F2,252.0,not included,not included,not included,not included,not included,not included,not included,not included,not included,not included,not included,not included,6.995336442371753,1.0548523206751055,3.2478347768154565,54.67289719626168
2016-17,R1,North East,Newcastle,BSU,45 and over,A to F2,342.0,not included,not included,not included,not included,not included,not included,not included,not included,not included,not included,not included,not included,8.508309284505922,1.7912230072644044,3.5078117225594583,52.22222222222223
2016-17,R1,North East,North Cumbria,BSU,45 and over,A to F2,112.0,not included,not included,not included,not included,not included,not included,not included,not included,not included,not included,not included,not included,7.434450713574511,2.1905077995353466,3.0534351145038165,58.22784810126582
2016-17,R1,North East,North Tees,BSU,45 and over,A to F2,333.0,not included,not included,not included,not included,not included,not included,not included,not included,not included,not included,not included,not included,8.345864661654137,1.8796992481203008,3.3834586466165413,52.32558139534884
2016-17,R10,South West,Avon,BSU,45 and over,A to F2,386.0,not included,not included,not included,not included,not included,not included,not included,not included,not included,not included,not included,not included,8.632449960863246,1.8562003801856202,3.5111260203511128,51.81518151815182
2016-17,R10,South West,Cornwall,BSU,45 and over,A to F2,166.0,not included,not included,not included,not included,not included,not included,not included,not included,not included,not included,not included,not included,8.327062954602457,1.8560321043391022,3.7120642086782043,57.36434108527132
2016-17,R10,South West,Dorset,BSU,45 and over,A to F2,344.0,not included,not included,not included,not included,not included,not included,not included,not included,not included,not included,not included,not included,9.06408094435076,2.1079258010118043,3.55712478920742,51.13636363636363
2016-17,R10,South West,Gloucestershire,BSU,45 and over,A to F2,253.0,not included,not included,not included,not included,not included,not included,not included,not included,not included,not included,not included,not included,9.31791396582204,1.915144372421921,3.351502651738362,45.27363184079602
2016-17,R10,South West,North & East Devon,BSU,45 and over,A to F2,207.0,not included,not included,not included,not included,not included,not included,not included,not included,not included,not included,not included,not included,7.946867321867322,2.14987714987715,3.263206388206388,56.29139072847682
2016-17,R10,South West,Somerset,BSU,45 and over,A to F2,204.0,not included,not included,not included,not included,not included,not included,not included,not included,not included,not included,not included,not included,8.787421925479215,1.1630411371957787,4.307559767391773,56.49717514124294
2016-17,R10,South West,South Devon (Torbay),BSU,45 and over,A to F2,109.0,not included,not included,not included,not included,not included,not included,not included,not included,not included,not included,not included,not included,8.069889686829052,1.7028207596061302,3.331605834011994,52.32558139534884
2016-17,R10,South West,Southampton & Salisbury,BSU,45 and over,A to F2,273.0,not included,not included,not included,not included,not included,not included,not included,not included,not included,not included,not included,not included,10.357779716963236,1.7452669120157833,4.476989035170923,51.98237885462555
2016-17,R10,South West,West Devon & East Cornwall,BSU,45 and over,A to F2,185.0,not included,not included,not included,not included,not included,not included,not included,not included,not included,not included,not included,not included,8.63759454664301,2.194415911849846,3.314968717900831,51.449275362318836
2016-17,R10,South West,Wiltshire,BSU,45 and over,A to F2,214.0,not included,not included,not included,not included,not included,not included,not included,not included,not included,not included,not included,not included,8.258403118126038,1.466445413499016,3.66611353374754,54.285714285714285
2016-17,R2,North West,"Bolton, Bury & Rochdale",BSU,45 and over,A to F2,260.0,not included,not included,not included,not included,not included,not included,not included,not included,not included,not included,not included,not included,9.251022949653086,2.134851449919943,4.447607187333215,62.5
2016-17,R2,North West,Chester,BSU,45 and over,A to F2,91.0,not included,not included,not included,not included,not included,not included,not included,not included,not included,not included,not included,not included,10.750147666863555,1.772002362669817,3.662138216184288,40.78947368421053
2016-17,R2,North West,Crewe,BSU,45 and over,A to F2,81.0,not included,not included,not included,not included,not included,not included,not included,not included,not included,not included,not included,not included,5.989352262644188,1.257024548950015,3.0316474415853296,64.0625
2016-17,R2,North West,East Cheshire & Stockport,BSU,45 and over,A to F2,193.0,not included,not included,not included,not included,not included,not included,not included,not included,not included,not included,not included,not included,8.951762523191094,1.6233766233766236,3.7105751391465676,50.63291139240506
2016-17,R2,North West,East Lancashire,BSU,45 and over,A to F2,192.0,not included,not included,not included,not included,not included,not included,not included,not included,not included,not included,not included,not included,9.184405644582634,1.626405166228175,3.826835685242765,50.63291139240506
2016-17,R2,North West,Greater Manchester,BSU,45 and over,A to F2,441.0,not included,not included,not included,not included,not included,not included,not included,not included,not included,not included,not included,not included,8.20220957482424,1.2647397983855968,4.017408771342484,57.9088471849866
2016-17,R2,North West,Liverpool,BSU,45 and over,A to F2,267.0,not included,not included,not included,not included,not included,not included,not included,not included,not included,not included,not included,not included,7.472293742303817,1.5952087764468823,2.5747229374230383,43.80952380952381
2016-17,R2,North West,North Lancashire,BSU,45 and over,A to F2,335.0,not included,not included,not included,not included,not included,not included,not included,not included,not included,not included,not included,not included,9.149005899060521,1.8024907144417741,3.5230500327725585,47.95539033457249
2016-17,R2,North West,South Lancashire,BSU,45 and over,A to F2,220.0,not included,not included,not included,not included,not included,not included,not included,not included,not included,not included,not included,not included,7.619311491307059,1.593128766364203,3.6364895753965505,60.3448275862069
2016-17,R2,North West,Warrington,BSU,45 and over,A to F2,231.0,not included,not included,not included,not included,not included,not included,not included,not included,not included,not included,not included,not included,9.340881520420542,2.547513141932875,2.587949858471492,38.095238095238095
2016-17,R2,North West,Wirral,BSU,45 and over,A to F2,154.0,not included,not included,not included,not included,not included,not included,not included,not included,not included,not included,not included,not included,9.906085166602342,1.92975685063682,4.052489386337322,50.806451612903224
2016-17,R3,Yorkshire and the Humber,Barnsley,BSU,45 and over,A to F2,80.0,not included,not included,not included,not included,not included,not included,not included,not included,not included,not included,not included,not included,6.491398896462187,1.1359948068808827,2.839987017202207,53.03030303030303
2016-17,R3,Yorkshire and the Humber,Doncaster,BSU,45 and over,A to F2,140.0,not included,not included,not included,not included,not included,not included,not included,not included,not included,not included,not included,not included,8.182349503214494,1.1689070718877848,4.383401519579193,62.5
2016-17,R3,Yorkshire and the Humber,Humberside,BSU,45 and over,A to F2,340.0,not included,not included,not included,not included,not included,not included,not included,not included,not included,not included,not included,not included,7.357396347269108,1.0819700510689862,3.7003375746559337,58.9655172413793
2016-17,R3,Yorkshire and the Humber,Leeds Wakefield,BSU,45 and over,A to F2,386.0,not included,not included,not included,not included,not included,not included,not included,not included,not included,not included,not included,not included,8.982384287808623,2.094338305447607,4.188676610895214,60.810810810810814
2016-17,R3,Yorkshire and the Humber,North Yorkshire,BSU,45 and over,A to F2,311.0,not included,not included,not included,not included,not included,not included,not included,not included,not included,not included,not included,not included,8.827703661652002,1.9017882486517173,3.6900369003690034,53.278688524590166
2016-17,R3,Yorkshire and the Humber,Pennine,BSU,45 and over,A to F2,335.0,not included,not included,not included,not included,not included,not included,not included,not included,not included,not included,not included,not included,8.500596310487452,1.8269938338958105,3.7554873252302774,56.48854961832062
2016-17,R3,Yorkshire and the Humber,Rotherham,BSU,45 and over,A to F2,109.0,not included,not included,not included,not included,not included,not included,not included,not included,not included,not included,not included,not included,9.456059685954715,0.6940227292443827,4.597900581244036,52.475247524752476
2016-17,R3,Yorkshire and the Humber,Sheffield,BSU,45 and over,A to F2,187.0,not included,not included,not included,not included,not included,not included,not included,not included,not included,not included,not included,not included,9.187383315318856,1.4739117618158595,3.537388228358062,45.85987261146497
2016-17,R4,East Midlands,Derby City & South Derbyshire,BSU,45 and over,A to F2,217.0,not included,not included,not included,not included,not included,not included,not included,not included,not included,not included,not included,not included,8.582502768549281,2.2148394241417497,3.2827084322100935,51.5527950310559
2016-17,R4,East Midlands,Kettering,BSU,45 and over,A to F2,116.0,not included,not included,not included,not included,not included,not included,not included,not included,not included,not included,not included,not included,7.3450262774647,1.1397454568479706,3.292597986449693,53.06122448979592
2016-17,R4,East Midlands,Leicestershire,BSU,45 and over,A to F2,335.0,not included,not included,not included,not included,not included,not included,not included,not included,not included,not included,not included,not included,8.130870609936652,1.5776316108832311,3.640688332807456,55.762081784386616
2016-17,R4,East Midlands,Lincolnshire,BSU,45 and over,A to F2,243.0,not included,not included,not included,not included,not included,not included,not included,not included,not included,not included,not included,not included,8.3187840197186,1.4720482010201636,4.07380781212557,59.5
2016-17,R4,East Midlands,Milton Keynes,BSU,45 and over,A to F2,90.0,not included,not included,not included,not included,not included,not included,not included,not included,not included,not included,not included,not included,8.107377713719485,1.621475542743897,3.5131970092784437,54.166666666666664
2016-17,R4,East Midlands,North Derbyshire & Chesterfield,BSU,45 and over,A to F2,158.0,not included,not included,not included,not included,not included,not included,not included,not included,not included,not included,not included,not included,9.062750946426524,1.4339795801307789,3.7857060915452565,49.62406015037594
2016-17,R4,East Midlands,North Nottinghamshire,BSU,45 and over,A to F2,73.0,not included,not included,not included,not included,not included,not included,not included,not included,not included,not included,not included,not included,6.67398061802889,1.4627902724446882,2.7427317608337907,52.63157894736842
2016-17,R4,East Midlands,Northampton,BSU,45 and over,A to F2,152.0,not included,not included,not included,not included,not included,not included,not included,not included,not included,not included,not included,not included,9.251369446135119,1.704199634814364,4.199634814363969,56.09756097560976
2016-17,R4,East Midlands,Nottingham City,BSU,45 and over,A to F2,236.0,not included,not included,not included,not included,not included,not included,not included,not included,not included,not included,not included,not included,7.874541207874541,1.3346680013346681,4.237570904237571,64.79591836734694
2016-17,R5,West Midlands,"City, Sandwell & Walsall",BSU,45 and over,A to F2,345.0,not included,not included,not included,not included,not included,not included,not included,not included,not included,not included,not included,not included,8.328907343923518,1.8830573125392305,3.1625706146492205,49.063670411985015
2016-17,R5,West Midlands,Dudley & Wolverhampton,BSU,45 and over,A to F2,190.0,not included,not included,not included,not included,not included,not included,not included,not included,not included,not included,not included,not included,8.964378391129983,2.2175041283321537,3.491389478650625,51.74825174825175
2016-17,R5,West Midlands,Hereford & Worcester,BSU,45 and over,A to F2,301.0,not included,not included,not included,not included,not included,not included,not included,not included,not included,not included,not included,not included,8.38416757193393,1.3370101111389654,3.8160496922091305,54.1501976284585
2016-17,R5,West Midlands,North Staffordshire,BSU,45 and over,A to F2,186.0,not included,not included,not included,not included,not included,not included,not included,not included,not included,not included,not included,not included,8.778553898433076,2.454219369454408,3.5869360015102885,56.71641791044776
2016-17,R5,West Midlands,Shropshire,BSU,45 and over,A to F2,174.0,not included,not included,not included,not included,not included,not included,not included,not included,not included,not included,not included,not included,8.3011306712466,1.3358141310052003,3.6257812127284,52.054794520547944
2016-17,R5,West Midlands,South Birmingham,BSU,45 and over,A to F2,123.0,not included,not included,not included,not included,not included,not included,not included,not included,not included,not included,not included,not included,8.195628997867804,1.665778251599147,3.065031982942431,46.93877551020408
2016-17,R5,West Midlands,South Staffordshire,BSU,45 and over,A to F2,214.0,not included,not included,not included,not included,not included,not included,not included,not included,not included,not included,not included,not included,8.632164898551894,1.6134887660844661,3.711024161994272,52.87356321839081
2016-17,R5,West Midlands,"Warwickshire, Solihull & Coventry",BSU,45 and over,A to F2,396.0,not included,not included,not included,not included,not included,not included,not included,not included,not included,not included,not included,not included,8.754863813229573,1.857092324018394,3.0067209055535904,43.58974358974359
2016-17,R6,East of England,Bedfordshire & Hertfordshire,BSU,45 and over,A to F2,491.0,not included,not included,not included,not included,not included,not included,not included,not included,not included,not included,not included,not included,7.753896688407056,1.6265811790344742,2.874153151303634,46.90721649484536
2016-17,R6,East of England,Cambridge & Huntingdon,BSU,45 and over,A to F2,150.0,not included,not included,not included,not included,not included,not included,not included,not included,not included,not included,not included,not included,8.13096270598439,1.409366869037294,4.065481352992195,60.483870967741936
2016-17,R6,East of England,Colchester & Chelmsford,BSU,45 and over,A to F2,240.0,not included,not included,not included,not included,not included,not included,not included,not included,not included,not included,not included,not included,7.071093957160956,1.3552930084558499,2.681123125423529,46.90721649484536
2016-17,R6,East of England,East Suffolk,BSU,45 and over,A to F2,141.0,not included,not included,not included,not included,not included,not included,not included,not included,not included,not included,not included,not included,7.638136511375948,1.1375947995666307,3.6836403033586134,56.666666666666664
2016-17,R6,East of England,Epping,BSU,45 and over,A to F2,102.0,not included,not included,not included,not included,not included,not included,not included,not included,not included,not included,not included,not included,8.302132508546313,1.6278691193228065,3.6627055184763146,54.87804878048781
2016-17,R6,East of England,James Paget,BSU,45 and over,A to F2,78.0,not included,not included,not included,not included,not included,not included,not included,not included,not included,not included,not included,not included,6.1509344688904655,0.7885813421654444,3.1543253686617776,58.82352941176471
2016-17,R6,East of England,Kings Lynn,BSU,45 and over,A to F2,78.0,not included,not included,not included,not included,not included,not included,not included,not included,not included,not included,not included,not included,9.019426456984274,2.6595744680851063,3.8159111933395007,60.0
2016-17,R6,East of England,Norfolk & Norwich,BSU,45 and over,A to F2,201.0,not included,not included,not included,not included,not included,not included,not included,not included,not included,not included,not included,not included,7.856472795497186,1.0944340212632895,3.205128205128205,47.674418604651166
2016-17,R6,East of England,Peterborough,BSU,45 and over,A to F2,86.0,not included,not included,not included,not included,not included,not included,not included,not included,not included,not included,not included,not included,7.4433096763025794,1.990652587848364,2.7696036004846807,50.79365079365079
2016-17,R6,East of England,South Essex (Southend),BSU,45 and over,A to F2,199.0,not included,not included,not included,not included,not included,not included,not included,not included,not included,not included,not included,not included,7.682507817627302,1.003744739991507,3.6289232907385243,54.33526011560693
2016-17,R6,East of England,West Suffolk,BSU,45 and over,A to F2,118.0,not included,not included,not included,not included,not included,not included,not included,not included,not included,not included,not included,not included,9.03937490424391,1.7619120576068636,4.826106940401409,66.3157894736842
2016-17,R7,London,Central & East London,BSU,45 and over,A to F2,278.0,not included,not included,not included,not included,not included,not included,not included,not included,not included,not included,not included,not included,8.41659097789888,2.058734483802604,3.2394792612776264,50.95238095238095
2016-17,R7,London,North London,BSU,45 and over,A to F2,495.0,not included,not included,not included,not included,not included,not included,not included,not included,not included,not included,not included,not included,7.785589581465579,1.8559587285109864,2.579468063354252,43.733333333333334
2016-17,R7,London,Outer North East London,BSU,45 and over,A to F2,208.0,not included,not included,not included,not included,not included,not included,not included,not included,not included,not included,not included,not included,7.084227376451755,1.7029392731855182,2.7587616225605394,51.26582278481012
2016-17,R7,London,South East London,BSU,45 and over,A to F2,424.0,not included,not included,not included,not included,not included,not included,not included,not included,not included,not included,not included,not included,7.647493822484353,1.5691791569720255,3.102285229875728,51.038575667655785
2016-17,R7,London,South West London,BSU,45 and over,A to F2,438.0,not included,not included,not included,not included,not included,not included,not included,not included,not included,not included,not included,not included,8.969711863365484,2.5188916876574305,2.948946366037968,45.714285714285715
2016-17,R7,London,West of London,BSU,45 and over,A to F2,381.0,not included,not included,not included,not included,not included,not included,not included,not included,not included,not included,not included,not included,7.589641434262948,1.7330677290836654,2.6294820717131473,44.89795918367347
2016-17,R8,South East,Aylesbury & Wycombe,BSU,45 and over,A to F2,203.0,not included,not included,not included,not included,not included,not included,not included,not included,not included,not included,not included,not included,8.84917175239756,2.5719267654751525,3.269398430688753,52.083333333333336
2016-17,R8,South East,Canterbury,BSU,45 and over,A to F2,309.0,not included,not included,not included,not included,not included,not included,not included,not included,not included,not included,not included,not included,9.572490706319702,1.6728624535315986,4.584882280049566,58.03921568627452
2016-17,R8,South East,East Berkshire,BSU,45 and over,A to F2,169.0,not included,not included,not included,not included,not included,not included,not included,not included,not included,not included,not included,not included,9.152946273830157,2.166377816291161,2.9787694974003465,42.63565891472868
2016-17,R8,South East,East Sussex/Brighton,BSU,45 and over,A to F2,260.0,not included,not included,not included,not included,not included,not included,not included,not included,not included,not included,not included,not included,8.041817450743867,1.7320837586217563,3.216726980297547,50.98039215686274
2016-17,R8,South East,Guildford,BSU,45 and over,A to F2,563.0,not included,not included,not included,not included,not included,not included,not included,not included,not included,not included,not included,not included,10.346792126881443,2.83020601694448,4.135041258522779,55.012224938875306
2016-17,R8,South East,Isle of Wight,BSU,45 and over,A to F2,75.0,not included,not included,not included,not included,not included,not included,not included,not included,not included,not included,not included,not included,8.33425936215135,1.777975330592288,2.555839537726414,38.983050847457626
2016-17,R8,South East,Maidstone,BSU,45 and over,A to F2,204.0,not included,not included,not included,not included,not included,not included,not included,not included,not included,not included,not included,not included,9.094556640363782,1.7386652400695466,4.146047880165842,56.36363636363636
2016-17,R8,South East,Medway,BSU,45 and over,A to F2,215.0,not included,not included,not included,not included,not included,not included,not included,not included,not included,not included,not included,not included,8.105255221292316,1.3571590137977834,3.54369298047199,52.513966480446925
2016-17,R8,South East,North & Mid Hampshire,BSU,45 and over,A to F2,196.0,not included,not included,not included,not included,not included,not included,not included,not included,not included,not included,not included,not included,8.699125649105678,2.1747814122764195,3.550663530247215,54.421768707483
2016-17,R8,South East,Oxford,BSU,45 and over,A to F2,203.0,not included,not included,not included,not included,not included,not included,not included,not included,not included,not included,not included,not included,7.558832290735777,1.8617813523979743,3.351206434316354,58.82352941176471
2016-17,R8,South East,Portsmouth,BSU,45 and over,A to F2,207.0,not included,not included,not included,not included,not included,not included,not included,not included,not included,not included,not included,not included,9.501514734232993,2.4786560176259984,3.0753695033507755,43.790849673202615
2016-17,R8,South East,West Berkshire,BSU,45 and over,A to F2,146.0,not included,not included,not included,not included,not included,not included,not included,not included,not included,not included,not included,not included,7.528877887788779,1.4954620462046206,2.629950495049505,43.96551724137931
2016-17,R8,South East,Worthing,BSU,45 and over,A to F2,262.0,not included,not included,not included,not included,not included,not included,not included,not included,not included,not included,not included,not included,8.024993874050477,1.5008576329331045,3.736829208527322,57.27699530516433
2016-17,R1,North East,Gateshead,BSU,50<71,A to F2,222.0,not included,not included,not included,not included,not included,not included,not included,not included,not included,not included,not included,not included,7.000946073793756,1.0406811731315042,3.3112582781456954,55.55555555555556
2016-17,R1,North East,Newcastle,BSU,50<71,A to F2,292.0,not included,not included,not included,not included,not included,not included,not included,not included,not included,not included,not included,not included,8.368920351953225,1.6909804820727408,3.4679430225559598,51.931330472103
2016-17,R1,North East,North Cumbria,BSU,50<71,A to F2,100.0,not included,not included,not included,not included,not included,not included,not included,not included,not included,not included,not included,not included,7.004272606289836,2.1713245079498495,2.8017090425159346,57.971014492753625
2016-17,R1,North East,North Tees,BSU,50<71,A to F2,286.0,not included,not included,not included,not included,not included,not included,not included,not included,not included,not included,not included,not included,8.215557853613698,1.7809950591749972,3.418361484545559,53.125
2016-17,R10,South West,Avon,BSU,50<71,A to F2,327.0,not included,not included,not included,not included,not included,not included,not included,not included,not included,not included,not included,not included,8.499025341130604,1.6894087069525667,3.7426900584795324,54.961832061068705
2016-17,R10,South West,Cornwall,BSU,50<71,A to F2,139.0,not included,not included,not included,not included,not included,not included,not included,not included,not included,not included,not included,not included,8.328839355263947,1.9773503505302894,3.595182455509617,56.60377358490566
2016-17,R10,South West,Dorset,BSU,50<71,A to F2,279.0,not included,not included,not included,not included,not included,not included,not included,not included,not included,not included,not included,not included,8.667018731943712,1.988133329191389,3.5413624926221616,53.02325581395348
2016-17,R10,South West,Gloucestershire,BSU,50<71,A to F2,202.0,not included,not included,not included,not included,not included,not included,not included,not included,not included,not included,not included,not included,8.728341183079117,1.7715940025061574,3.197511126474528,45.962732919254655
2016-17,R10,South West,North & East Devon,BSU,50<71,A to F2,164.0,not included,not included,not included,not included,not included,not included,not included,not included,not included,not included,not included,not included,7.197717796796138,1.8872064955014263,3.1599736668861094,59.50413223140496
2016-17,R10,South West,Somerset,BSU,50<71,A to F2,175.0,not included,not included,not included,not included,not included,not included,not included,not included,not included,not included,not included,not included,8.883248730964468,1.3197969543147208,4.314720812182741,57.04697986577181
2016-17,R10,South West,South Devon (Torbay),BSU,50<71,A to F2,88.0,not included,not included,not included,not included,not included,not included,not included,not included,not included,not included,not included,not included,7.573801531973492,1.6352526034942767,3.2705052069885534,55.072463768115945
2016-17,R10,South West,Southampton & Salisbury,BSU,50<71,A to F2,228.0,not included,not included,not included,not included,not included,not included,not included,not included,not included,not included,not included,not included,10.134684624616614,1.689114104102769,4.35613637373872,51.578947368421055
2016-17,R10,South West,West Devon & East Cornwall,BSU,50<71,A to F2,142.0,not included,not included,not included,not included,not included,not included,not included,not included,not included,not included,not included,not included,7.886260135510385,2.165944685104965,2.8323892035988005,49.51456310679612
2016-17,R10,South West,Wiltshire,BSU,50<71,A to F2,172.0,not included,not included,not included,not included,not included,not included,not included,not included,not included,not included,not included,not included,7.801514945344038,1.4514446409942396,3.537896312423459,56.11510791366906
2016-17,R2,North West,"Bolton, Bury & Rochdale",BSU,50<71,A to F2,226.0,not included,not included,not included,not included,not included,not included,not included,not included,not included,not included,not included,not included,9.305006587615283,2.182147562582345,4.734848484848485,66.47398843930635
2016-17,R2,North West,Chester,BSU,50<71,A to F2,70.0,not included,not included,not included,not included,not included,not included,not included,not included,not included,not included,not included,not included,9.9672504627652,1.7086715079026058,3.2749537234799946,39.6551724137931
2016-17,R2,North West,Crewe,BSU,50<71,A to F2,73.0,not included,not included,not included,not included,not included,not included,not included,not included,not included,not included,not included,not included,6.461320587714639,1.2391573729863692,3.451938396176314,66.10169491525424
2016-17,R2,North West,East Cheshire & Stockport,BSU,50<71,A to F2,159.0,not included,not included,not included,not included,not included,not included,not included,not included,not included,not included,not included,not included,8.695652173913043,1.4219305441618815,3.5548263604047032,48.87218045112782
2016-17,R2,North West,East Lancashire,BSU,50<71,A to F2,171.0,not included,not included,not included,not included,not included,not included,not included,not included,not included,not included,not included,not included,9.396120665970658,1.6484422221001154,3.9562613330402767,51.06382978723404
2016-17,R2,North West,Greater Manchester,BSU,50<71,A to F2,375.0,not included,not included,not included,not included,not included,not included,not included,not included,not included,not included,not included,not included,8.049628643798567,1.1591465247069936,4.07847851285794,59.19003115264797
2016-17,R2,North West,Liverpool,BSU,50<71,A to F2,224.0,not included,not included,not included,not included,not included,not included,not included,not included,not included,not included,not included,not included,7.215100173935451,1.352831282612897,2.5768214906912323,43.956043956043956
2016-17,R2,North West,North Lancashire,BSU,50<71,A to F2,285.0,not included,not included,not included,not included,not included,not included,not included,not included,not included,not included,not included,not included,8.995360287851529,1.7359467222169618,3.3772054414039077,46.52173913043478
2016-17,R2,North West,South Lancashire,BSU,50<71,A to F2,173.0,not included,not included,not included,not included,not included,not included,not included,not included,not included,not included,not included,not included,7.141382868937048,1.4447884416924666,3.4262125902992775,60.14492753623188
2016-17,R2,North West,Warrington,BSU,50<71,A to F2,195.0,not included,not included,not included,not included,not included,not included,not included,not included,not included,not included,not included,not included,9.20115132355023,2.595196527155193,2.595196527155193,39.285714285714285
2016-17,R2,North West,Wirral,BSU,50<71,A to F2,127.0,not included,not included,not included,not included,not included,not included,not included,not included,not included,not included,not included,not included,9.574788902291917,1.8094089264173703,3.9957780458383594,51.45631067961165
2016-17,R3,Yorkshire and the Humber,Barnsley,BSU,50<71,A to F2,69.0,not included,not included,not included,not included,not included,not included,not included,not included,not included,not included,not included,not included,6.553328901130212,1.3296609364612022,2.754297654098205,52.72727272727272
2016-17,R3,Yorkshire and the Humber,Doncaster,BSU,50<71,A to F2,109.0,not included,not included,not included,not included,not included,not included,not included,not included,not included,not included,not included,not included,7.503786314195236,1.0326311441553078,3.9928404240671895,61.702127659574465
2016-17,R3,Yorkshire and the Humber,Humberside,BSU,50<71,A to F2,283.0,not included,not included,not included,not included,not included,not included,not included,not included,not included,not included,not included,not included,7.183105741408193,1.0914259607086654,3.578861871160973,58.75
2016-17,R3,Yorkshire and the Humber,Leeds Wakefield,BSU,50<71,A to F2,322.0,not included,not included,not included,not included,not included,not included,not included,not included,not included,not included,not included,not included,8.70623225632013,1.811545221035555,4.10977423279708,59.6078431372549
2016-17,R3,Yorkshire and the Humber,North Yorkshire,BSU,50<71,A to F2,236.0,not included,not included,not included,not included,not included,not included,not included,not included,not included,not included,not included,not included,8.313957584724864,1.7262030578454168,3.3467202141900936,50.80213903743316
2016-17,R3,Yorkshire and the Humber,Pennine,BSU,50<71,A to F2,282.0,not included,not included,not included,not included,not included,not included,not included,not included,not included,not included,not included,not included,8.283641277208236,1.7331022530329288,3.6424521928149693,55.60538116591929
2016-17,R3,Yorkshire and the Humber,Rotherham,BSU,50<71,A to F2,92.0,not included,not included,not included,not included,not included,not included,not included,not included,not included,not included,not included,not included,9.31174089068826,0.8097165991902834,4.65587044534413,54.761904761904766
2016-17,R3,Yorkshire and the Humber,Sheffield,BSU,50<71,A to F2,154.0,not included,not included,not included,not included,not included,not included,not included,not included,not included,not included,not included,not included,8.991650610147719,1.4596835406083961,3.4448531558358146,45.73643410852713
2016-17,R4,East Midlands,Derby City & South Derbyshire,BSU,50<71,A to F2,175.0,not included,not included,not included,not included,not included,not included,not included,not included,not included,not included,not included,not included,8.132726089785296,2.137745143600706,3.113672274374942,51.93798449612403
2016-17,R4,East Midlands,Kettering,BSU,50<71,A to F2,99.0,not included,not included,not included,not included,not included,not included,not included,not included,not included,not included,not included,not included,7.362784471218205,1.1899449650453666,3.3467202141900936,54.21686746987952
2016-17,R4,East Midlands,Leicestershire,BSU,50<71,A to F2,270.0,not included,not included,not included,not included,not included,not included,not included,not included,not included,not included,not included,not included,7.793107429429083,1.587484846735554,3.607920106217168,58.41121495327103
2016-17,R4,East Midlands,Lincolnshire,BSU,50<71,A to F2,190.0,not included,not included,not included,not included,not included,not included,not included,not included,not included,not included,not included,not included,7.757635146170178,1.3065490772497141,3.8379879144210354,59.49367088607595
2016-17,R4,East Midlands,Milton Keynes,BSU,50<71,A to F2,78.0,not included,not included,not included,not included,not included,not included,not included,not included,not included,not included,not included,not included,8.426966292134832,1.512532411408816,3.78133102852204,54.6875
2016-17,R4,East Midlands,North Derbyshire & Chesterfield,BSU,50<71,A to F2,115.0,not included,not included,not included,not included,not included,not included,not included,not included,not included,not included,not included,not included,7.825791085403199,1.2249064307587616,3.402517863218782,51.546391752577314
2016-17,R4,East Midlands,North Nottinghamshire,BSU,50<71,A to F2,59.0,not included,not included,not included,not included,not included,not included,not included,not included,not included,not included,not included,not included,6.309485616511603,1.283285210137953,2.780451288632232,55.319148936170215
2016-17,R4,East Midlands,Northampton,BSU,50<71,A to F2,125.0,not included,not included,not included,not included,not included,not included,not included,not included,not included,not included,not included,not included,9.097525473071324,1.6739446870451238,4.148471615720524,56.43564356435643
2016-17,R4,East Midlands,Nottingham City,BSU,50<71,A to F2,186.0,not included,not included,not included,not included,not included,not included,not included,not included,not included,not included,not included,not included,7.396508529844514,1.1532190718574782,4.1754483636219035,66.87898089171973
2016-17,R5,West Midlands,"City, Sandwell & Walsall",BSU,50<71,A to F2,288.0,not included,not included,not included,not included,not included,not included,not included,not included,not included,not included,not included,not included,8.311448443046377,1.9624253268303946,3.261089146056391,51.36363636363637
2016-17,R5,West Midlands,Dudley & Wolverhampton,BSU,50<71,A to F2,160.0,not included,not included,not included,not included,not included,not included,not included,not included,not included,not included,not included,not included,8.794107947675057,2.033637462899857,3.4077168297240847,50.40650406504065
2016-17,R5,West Midlands,Hereford & Worcester,BSU,50<71,A to F2,248.0,not included,not included,not included,not included,not included,not included,not included,not included,not included,not included,not included,not included,8.10033969166449,1.110530441599164,3.7235432453619026,53.271028037383175
2016-17,R5,West Midlands,North Staffordshire,BSU,50<71,A to F2,163.0,not included,not included,not included,not included,not included,not included,not included,not included,not included,not included,not included,not included,9.155760265123856,2.471493568499691,3.8757512778745156,57.98319327731093
2016-17,R5,West Midlands,Shropshire,BSU,50<71,A to F2,135.0,not included,not included,not included,not included,not included,not included,not included,not included,not included,not included,not included,not included,7.546536978031192,1.1180054782268434,3.2422158868578457,50.43478260869565
2016-17,R5,West Midlands,South Birmingham,BSU,50<71,A to F2,109.0,not included,not included,not included,not included,not included,not included,not included,not included,not included,not included,not included,not included,8.47194155137572,1.787657391574693,3.10896937665164,46.51162790697674
2016-17,R5,West Midlands,South Staffordshire,BSU,50<71,A to F2,170.0,not included,not included,not included,not included,not included,not included,not included,not included,not included,not included,not included,not included,7.938731670869524,1.3542542262071542,3.549080041094611,53.90070921985816
2016-17,R5,West Midlands,"Warwickshire, Solihull & Coventry",BSU,50<71,A to F2,327.0,not included,not included,not included,not included,not included,not included,not included,not included,not included,not included,not included,not included,8.44175960346964,1.8329202808756713,2.7364725320115655,41.40625
2016-17,R6,East of England,Bedfordshire & Hertfordshire,BSU,50<71,A to F2,407.0,not included,not included,not included,not included,not included,not included,not included,not included,not included,not included,not included,not included,7.652533609100311,1.4853812165084141,2.895553257497415,46.95121951219512
2016-17,R6,East of England,Cambridge & Huntingdon,BSU,50<71,A to F2,130.0,not included,not included,not included,not included,not included,not included,not included,not included,not included,not included,not included,not included,7.694584196507843,1.3021604024859426,4.084048535069548,63.888888888888886
2016-17,R6,East of England,Colchester & Chelmsford,BSU,50<71,A to F2,188.0,not included,not included,not included,not included,not included,not included,not included,not included,not included,not included,not included,not included,6.641466775002649,1.3424241353728759,2.3669057123679655,44.666666666666664
2016-17,R6,East of England,East Suffolk,BSU,50<71,A to F2,121.0,not included,not included,not included,not included,not included,not included,not included,not included,not included,not included,not included,not included,7.297509197273989,1.0855798805862131,3.5582896085881432,57.28155339805825
2016-17,R6,East of England,Epping,BSU,50<71,A to F2,82.0,not included,not included,not included,not included,not included,not included,not included,not included,not included,not included,not included,not included,7.93343653250774,1.644736842105263,3.5797213622291024,56.92307692307692
2016-17,R6,East of England,James Paget,BSU,50<71,A to F2,67.0,not included,not included,not included,not included,not included,not included,not included,not included,not included,not included,not included,not included,6.040389469888208,0.9015506671474937,3.155427335016228,61.40350877192983
2016-17,R6,East of England,Kings Lynn,BSU,50<71,A to F2,59.0,not included,not included,not included,not included,not included,not included,not included,not included,not included,not included,not included,not included,8.093278463648833,2.1947873799725652,3.7037037037037037,62.7906976744186
2016-17,R6,East of England,Norfolk & Norwich,BSU,50<71,A to F2,154.0,not included,not included,not included,not included,not included,not included,not included,not included,not included,not included,not included,not included,6.905519931841622,0.8071386933321376,2.914667503699386,48.148148148148145
2016-17,R6,East of England,Peterborough,BSU,50<71,A to F2,68.0,not included,not included,not included,not included,not included,not included,not included,not included,not included,not included,not included,not included,6.920415224913495,1.6283329940972928,3.053124363932424,57.692307692307686
2016-17,R6,East of England,South Essex (Southend),BSU,50<71,A to F2,178.0,not included,not included,not included,not included,not included,not included,not included,not included,not included,not included,not included,not included,7.510548523206751,1.0126582278481013,3.5443037974683542,54.54545454545454
2016-17,R6,East of England,West Suffolk,BSU,50<71,A to F2,95.0,not included,not included,not included,not included,not included,not included,not included,not included,not included,not included,not included,not included,8.216571527417402,1.5568240788790868,4.67047223663726,70.12987012987013
2016-17,R7,London,Central & East London,BSU,50<71,A to F2,263.0,not included,not included,not included,not included,not included,not included,not included,not included,not included,not included,not included,not included,8.275384663792831,2.0767125011799505,3.240930115477801,52.28426395939086
2016-17,R7,London,North London,BSU,50<71,A to F2,416.0,not included,not included,not included,not included,not included,not included,not included,not included,not included,not included,not included,not included,7.609013754755633,1.8290898448931812,2.5790166812993855,44.904458598726116
2016-17,R7,London,Outer North East London,BSU,50<71,A to F2,161.0,not included,not included,not included,not included,not included,not included,not included,not included,not included,not included,not included,not included,6.452130004408287,1.6030136656915002,2.5247465234641124,52.066115702479344
2016-17,R7,London,South East London,BSU,50<71,A to F2,335.0,not included,not included,not included,not included,not included,not included,not included,not included,not included,not included,not included,not included,7.209262288026168,1.4418524576052336,2.9267452870792803,50.74626865671642
2016-17,R7,London,South West London,BSU,50<71,A to F2,372.0,not included,not included,not included,not included,not included,not included,not included,not included,not included,not included,not included,not included,8.83505521909512,2.5887661797886237,2.94501840636504,47.14828897338403
2016-17,R7,London,West of London,BSU,50<71,A to F2,319.0,not included,not included,not included,not included,not included,not included,not included,not included,not included,not included,not included,not included,7.417742123008953,1.6742239274502966,2.5345890012789214,44.12955465587044
2016-17,R8,South East,Aylesbury & Wycombe,BSU,50<71,A to F2,162.0,not included,not included,not included,not included,not included,not included,not included,not included,not included,not included,not included,not included,8.401618089409812,2.333782802613837,3.371019603775542,55.55555555555556
2016-17,R8,South East,Canterbury,BSU,50<71,A to F2,271.0,not included,not included,not included,not included,not included,not included,not included,not included,not included,not included,not included,not included,9.777745706451146,1.5875306682060903,4.726511762159042,57.70925110132159
2016-17,R8,South East,East Berkshire,BSU,50<71,A to F2,133.0,not included,not included,not included,not included,not included,not included,not included,not included,not included,not included,not included,not included,8.516905737704917,2.1772540983606556,2.881659836065574,45.45454545454545
2016-17,R8,South East,East Sussex/Brighton,BSU,50<71,A to F2,206.0,not included,not included,not included,not included,not included,not included,not included,not included,not included,not included,not included,not included,7.443272149154502,1.6982222864575807,2.8905911258852437,50.314465408805034
2016-17,R8,South East,Guildford,BSU,50<71,A to F2,458.0,not included,not included,not included,not included,not included,not included,not included,not included,not included,not included,not included,not included,9.936001735546155,2.5816249050873195,4.165310771233322,56.63716814159292
2016-17,R8,South East,Isle of Wight,BSU,50<71,A to F2,59.0,not included,not included,not included,not included,not included,not included,not included,not included,not included,not included,not included,not included,7.82597161427245,1.5917230401910067,2.520228146969094,40.42553191489361
2016-17,R8,South East,Maidstone,BSU,50<71,A to F2,173.0,not included,not included,not included,not included,not included,not included,not included,not included,not included,not included,not included,not included,9.060437833874516,1.6759191369016444,4.137425369225935,56.02836879432624
2016-17,R8,South East,Medway,BSU,50<71,A to F2,175.0,not included,not included,not included,not included,not included,not included,not included,not included,not included,not included,not included,not included,7.786082932906211,1.4682327816337426,3.2479088805837337,51.40845070422535
2016-17,R8,South East,North & Mid Hampshire,BSU,50<71,A to F2,165.0,not included,not included,not included,not included,not included,not included,not included,not included,not included,not included,not included,not included,8.701613753823436,2.3204303343529165,3.6388566606898007,57.02479338842975
2016-17,R8,South East,Oxford,BSU,50<71,A to F2,161.0,not included,not included,not included,not included,not included,not included,not included,not included,not included,not included,not included,not included,7.1078539578826545,1.6776301267052227,3.2669639309522758,60.16260162601627
2016-17,R8,South East,Portsmouth,BSU,50<71,A to F2,163.0,not included,not included,not included,not included,not included,not included,not included,not included,not included,not included,not included,not included,8.82416630576007,2.27371156344738,2.81507145950628,42.97520661157025
2016-17,R8,South East,West Berkshire,BSU,50<71,A to F2,118.0,not included,not included,not included,not included,not included,not included,not included,not included,not included,not included,not included,not included,7.358443502120229,1.4342728860064853,2.432027937141432,41.48936170212766
2016-17,R8,South East,Worthing,BSU,50<71,A to F2,230.0,not included,not included,not included,not included,not included,not included,not included,not included,not included,not included,not included,not included,7.519780291636697,1.4058719675668605,3.4983325704570722,57.21925133689839
2017-18,R1,North East,Gateshead,BSU,45 and over,A to F2,242.0,not included,not included,not included,not included,not included,not included,not included,not included,not included,not included,not included,not included,7.46222633364169,1.6959605303731113,3.2994141227258713,57.52688172043011
2017-18,R1,North East,Newcastle,BSU,45 and over,A to F2,356.0,not included,not included,not included,not included,not included,not included,not included,not included,not included,not included,not included,not included,9.315226208231937,2.2241410890441426,4.2127848863071415,59.40959409594095
2017-18,R1,North East,North Cumbria,BSU,45 and over,A to F2,124.0,not included,not included,not included,not included,not included,not included,not included,not included,not included,not included,not included,not included,8.73547023599859,1.972525537160972,3.099682986967242,45.83333333333333
2017-18,R1,North East,North Tees,BSU,45 and over,A to F2,291.0,not included,not included,not included,not included,not included,not included,not included,not included,not included,not included,not included,not included,6.937160293696958,1.7402498331267284,2.4554209974253838,47.24770642201835
2017-18,R10,South West,Avon,BSU,45 and over,A to F2,418.0,not included,not included,not included,not included,not included,not included,not included,not included,not included,not included,not included,not included,9.709865502102256,2.2532463007270787,4.250969825083045,57.009345794392516
2017-18,R10,South West,Cornwall,BSU,45 and over,A to F2,184.0,not included,not included,not included,not included,not included,not included,not included,not included,not included,not included,not included,not included,9.005922372864765,2.0067544417796483,3.817727962410063,54.54545454545454
2017-18,R10,South West,Dorset,BSU,45 and over,A to F2,407.0,not included,not included,not included,not included,not included,not included,not included,not included,not included,not included,not included,not included,10.232043643311462,2.2374739170877644,4.29896673957312,53.77358490566038
2017-18,R10,South West,Gloucestershire,BSU,45 and over,A to F2,242.0,not included,not included,not included,not included,not included,not included,not included,not included,not included,not included,not included,not included,8.393742846241892,1.7689292775137873,3.1216399014949183,47.12041884816754
2017-18,R10,South West,North & East Devon,BSU,45 and over,A to F2,210.0,not included,not included,not included,not included,not included,not included,not included,not included,not included,not included,not included,not included,8.412787436904095,1.5223139171540743,3.8057847928851856,55.23255813953488
2017-18,R10,South West,Somerset,BSU,45 and over,A to F2,142.0,not included,not included,not included,not included,not included,not included,not included,not included,not included,not included,not included,not included,6.6169617893755825,0.8387698042870456,3.494874184529357,60.483870967741936
2017-18,R10,South West,South Devon (Torbay),BSU,45 and over,A to F2,95.0,not included,not included,not included,not included,not included,not included,not included,not included,not included,not included,not included,not included,7.495069033530571,1.4990138067061145,3.708086785009862,63.51351351351351
2017-18,R10,South West,Southampton & Salisbury,BSU,45 and over,A to F2,285.0,not included,not included,not included,not included,not included,not included,not included,not included,not included,not included,not included,not included,9.712377317339149,2.385496183206107,3.850872410032715,52.55813953488372
2017-18,R10,South West,West Devon & East Cornwall,BSU,45 and over,A to F2,254.0,not included,not included,not included,not included,not included,not included,not included,not included,not included,not included,not included,not included,10.66957909770646,2.4363605813660425,3.864571956649584,46.93877551020408
2017-18,R10,South West,Wiltshire,BSU,45 and over,A to F2,222.0,not included,not included,not included,not included,not included,not included,not included,not included,not included,not included,not included,not included,8.908149753220176,1.6853256289876009,3.2502708559046587,45.0
2017-18,R2,North West,"Bolton, Bury & Rochdale",BSU,45 and over,A to F2,200.0,not included,not included,not included,not included,not included,not included,not included,not included,not included,not included,not included,not included,8.412197686645635,1.7665615141955835,3.1966351209253414,48.10126582278481
2017-18,R2,North West,Chester,BSU,45 and over,A to F2,101.0,not included,not included,not included,not included,not included,not included,not included,not included,not included,not included,not included,not included,9.939966538726503,2.0667257159728374,4.035035921661254,51.24999999999999
2017-18,R2,North West,Crewe,BSU,45 and over,A to F2,116.0,not included,not included,not included,not included,not included,not included,not included,not included,not included,not included,not included,not included,8.958912573370405,2.0852641334569046,3.0120481927710845,43.82022471910113
2017-18,R2,North West,East Cheshire & Stockport,BSU,45 and over,A to F2,162.0,not included,not included,not included,not included,not included,not included,not included,not included,not included,not included,not included,not included,7.840100663020858,1.2098920776266757,3.436093500459759,51.82481751824818
2017-18,R2,North West,East Lancashire,BSU,45 and over,A to F2,168.0,not included,not included,not included,not included,not included,not included,not included,not included,not included,not included,not included,not included,8.14229632142684,1.8901759317598024,2.859496922405855,45.73643410852713
2017-18,R2,North West,Greater Manchester,BSU,45 and over,A to F2,363.0,not included,not included,not included,not included,not included,not included,not included,not included,not included,not included,not included,not included,8.360395218683065,1.7273543840254266,3.8001796448559384,57.291666666666664
2017-18,R2,North West,Liverpool,BSU,45 and over,A to F2,282.0,not included,not included,not included,not included,not included,not included,not included,not included,not included,not included,not included,not included,8.96889510845366,1.9082755549901405,3.562114369314929,50.45045045045045
2017-18,R2,North West,North Lancashire,BSU,45 and over,A to F2,339.0,not included,not included,not included,not included,not included,not included,not included,not included,not included,not included,not included,not included,9.202453987730062,2.6060046690916985,3.4746728921222654,52.674897119341566
2017-18,R2,North West,South Lancashire,BSU,45 and over,A to F2,216.0,not included,not included,not included,not included,not included,not included,not included,not included,not included,not included,not included,not included,7.760293166630739,1.5089458935115325,3.6645828842422934,58.95953757225434
2017-18,R2,North West,Warrington,BSU,45 and over,A to F2,216.0,not included,not included,not included,not included,not included,not included,not included,not included,not included,not included,not included,not included,9.085173501577287,2.1871713985278656,3.070452155625657,44.51219512195122
2017-18,R2,North West,Wirral,BSU,45 and over,A to F2,139.0,not included,not included,not included,not included,not included,not included,not included,not included,not included,not included,not included,not included,9.180977542932629,2.3778071334214004,2.774108322324967,41.17647058823529
2017-18,R3,Yorkshire and the Humber,Barnsley,BSU,45 and over,A to F2,67.0,not included,not included,not included,not included,not included,not included,not included,not included,not included,not included,not included,not included,5.568021274827558,0.5817335660267597,2.659353444693759,53.333333333333336
2017-18,R3,Yorkshire and the Humber,Doncaster,BSU,45 and over,A to F2,163.0,not included,not included,not included,not included,not included,not included,not included,not included,not included,not included,not included,not included,9.242982704848314,1.304224553444854,4.082789906436065,51.42857142857142
2017-18,R3,Yorkshire and the Humber,Humberside,BSU,45 and over,A to F2,267.0,not included,not included,not included,not included,not included,not included,not included,not included,not included,not included,not included,not included,6.765659841881209,1.2162983985404419,2.8887086965335493,52.054794520547944
2017-18,R3,Yorkshire and the Humber,Leeds Wakefield,BSU,45 and over,A to F2,356.0,not included,not included,not included,not included,not included,not included,not included,not included,not included,not included,not included,not included,8.770417087531719,1.9462442413342858,4.459116552930452,65.34296028880865
2017-18,R3,Yorkshire and the Humber,North Yorkshire,BSU,45 and over,A to F2,295.0,not included,not included,not included,not included,not included,not included,not included,not included,not included,not included,not included,not included,8.04231073307707,1.6629862871786483,2.835255309288187,44.44444444444444
2017-18,R3,Yorkshire and the Humber,Pennine,BSU,45 and over,A to F2,323.0,not included,not included,not included,not included,not included,not included,not included,not included,not included,not included,not included,not included,7.793085144883828,2.243829468960359,3.450189398508939,62.44541484716157
2017-18,R3,Yorkshire and the Humber,Rotherham,BSU,45 and over,A to F2,99.0,not included,not included,not included,not included,not included,not included,not included,not included,not included,not included,not included,not included,9.297520661157025,1.5026296018031555,3.9444027047332835,50.602409638554214
2017-18,R3,Yorkshire and the Humber,Sheffield,BSU,45 and over,A to F2,174.0,not included,not included,not included,not included,not included,not included,not included,not included,not included,not included,not included,not included,8.111888111888113,1.724941724941725,3.58974358974359,56.20437956204379
2017-18,R4,East Midlands,Derby City & South Derbyshire,BSU,45 and over,A to F2,313.0,not included,not included,not included,not included,not included,not included,not included,not included,not included,not included,not included,not included,8.838811702247826,2.0614480966903876,3.303964757709251,48.75
2017-18,R4,East Midlands,Kettering,BSU,45 and over,A to F2,117.0,not included,not included,not included,not included,not included,not included,not included,not included,not included,not included,not included,not included,7.74526678141136,1.0591817820733482,2.9789487620812922,44.554455445544555
2017-18,R4,East Midlands,Leicestershire,BSU,45 and over,A to F2,341.0,not included,not included,not included,not included,not included,not included,not included,not included,not included,not included,not included,not included,7.7839663988312635,1.3467859751643536,3.994704163623083,62.056737588652474
2017-18,R4,East Midlands,Lincolnshire,BSU,45 and over,A to F2,261.0,not included,not included,not included,not included,not included,not included,not included,not included,not included,not included,not included,not included,9.15307732772225,1.8586708749780818,4.243380676836752,58.17307692307693
2017-18,R4,East Midlands,Milton Keynes,BSU,45 and over,A to F2,98.0,not included,not included,not included,not included,not included,not included,not included,not included,not included,not included,not included,not included,8.925318761384336,1.1839708561020037,3.7340619307832426,48.23529411764706
2017-18,R4,East Midlands,North Derbyshire & Chesterfield,BSU,45 and over,A to F2,155.0,not included,not included,not included,not included,not included,not included,not included,not included,not included,not included,not included,not included,8.950742045388925,2.1943754691921233,3.5802968181555697,52.991452991452995
2017-18,R4,East Midlands,North Nottinghamshire,BSU,45 and over,A to F2,51.0,not included,not included,not included,not included,not included,not included,not included,not included,not included,not included,not included,not included,4.655408489274304,0.8215426745778184,1.5518028297581012,40.476190476190474
2017-18,R4,East Midlands,Northampton,BSU,45 and over,A to F2,148.0,not included,not included,not included,not included,not included,not included,not included,not included,not included,not included,not included,not included,9.323421947839234,2.393851581201966,3.33879299483432,48.18181818181818
2017-18,R4,East Midlands,Nottingham City,BSU,45 and over,A to F2,253.0,not included,not included,not included,not included,not included,not included,not included,not included,not included,not included,not included,not included,8.14604932706549,1.3523085839397258,4.217914868954859,62.08530805687204
2017-18,R5,West Midlands,"City, Sandwell & Walsall",BSU,45 and over,A to F2,301.0,not included,not included,not included,not included,not included,not included,not included,not included,not included,not included,not included,not included,7.340210208013266,1.5850952276440609,2.8531714097593093,49.57627118644068
2017-18,R5,West Midlands,Dudley & Wolverhampton,BSU,45 and over,A to F2,284.0,not included,not included,not included,not included,not included,not included,not included,not included,not included,not included,not included,not included,9.162768188417486,1.968059364413615,3.8393289240200033,53.36322869955157
2017-18,R5,West Midlands,Hereford & Worcester,BSU,45 and over,A to F2,325.0,not included,not included,not included,not included,not included,not included,not included,not included,not included,not included,not included,not included,9.0878586208825,1.7057211565348693,3.4394049549801466,46.590909090909086
2017-18,R5,West Midlands,North Staffordshire,BSU,45 and over,A to F2,230.0,not included,not included,not included,not included,not included,not included,not included,not included,not included,not included,not included,not included,8.310749774164409,2.457091237579043,3.5411020776874436,60.49382716049383
2017-18,R5,West Midlands,Shropshire,BSU,45 and over,A to F2,208.0,not included,not included,not included,not included,not included,not included,not included,not included,not included,not included,not included,not included,8.30670926517572,1.9568690095846646,3.0351437699680512,47.79874213836478
2017-18,R5,West Midlands,South Birmingham,BSU,45 and over,A to F2,113.0,not included,not included,not included,not included,not included,not included,not included,not included,not included,not included,not included,not included,7.914828045107515,1.9611963297611543,2.6616235903901377,44.70588235294118
2017-18,R5,West Midlands,"Warwickshire, Solihull & Coventry",BSU,45 and over,A to F2,319.0,not included,not included,not included,not included,not included,not included,not included,not included,not included,not included,not included,not included,7.210017177470392,1.107494801555013,2.327999276738089,38.148148148148145
2017-18,R6,East of England,Bedfordshire & Hertfordshire,BSU,45 and over,A to F2,435.0,not included,not included,not included,not included,not included,not included,not included,not included,not included,not included,not included,not included,7.431832160185881,1.6059591334654548,2.9556481924417413,50.733137829912025
2017-18,R6,East of England,Cambridge & Huntingdon,BSU,45 and over,A to F2,162.0,not included,not included,not included,not included,not included,not included,not included,not included,not included,not included,not included,not included,8.51063829787234,1.6811137378513263,3.5198318886262148,51.53846153846153
2017-18,R6,East of England,Colchester & Chelmsford,BSU,45 and over,A to F2,276.0,not included,not included,not included,not included,not included,not included,not included,not included,not included,not included,not included,not included,8.285551319383986,1.2608447659932154,3.3022124823631835,47.008547008547005
2017-18,R6,East of England,East Suffolk,BSU,45 and over,A to F2,109.0,not included,not included,not included,not included,not included,not included,not included,not included,not included,not included,not included,not included,6.941790854668195,1.4010954018596355,3.3753661953891223,61.627906976744185
2017-18,R6,East of England,Epping,BSU,45 and over,A to F2,99.0,not included,not included,not included,not included,not included,not included,not included,not included,not included,not included,not included,not included,8.24381713714714,1.8319593638104754,3.16429344658173,50.0
2017-18,R6,East of England,James Paget,BSU,45 and over,A to F2,60.0,not included,not included,not included,not included,not included,not included,not included,not included,not included,not included,not included,not included,7.103113531431278,1.7757783828578195,2.841245412572511,53.333333333333336
2017-18,R6,East of England,Kings Lynn,BSU,45 and over,A to F2,95.0,not included,not included,not included,not included,not included,not included,not included,not included,not included,not included,not included,not included,9.591115598182737,2.0191822311963654,4.341241797072186,57.333333333333336
2017-18,R6,East of England,Norfolk & Norwich,BSU,45 and over,A to F2,198.0,not included,not included,not included,not included,not included,not included,not included,not included,not included,not included,not included,not included,8.811356859952829,1.3795558720128165,4.1386676160384495,55.688622754491014
2017-18,R6,East of England,Peterborough,BSU,45 and over,A to F2,105.0,not included,not included,not included,not included,not included,not included,not included,not included,not included,not included,not included,not included,7.918552036199094,0.9803921568627451,3.2428355957767723,46.73913043478261
2017-18,R6,East of England,South Essex (Southend),BSU,45 and over,A to F2,202.0,not included,not included,not included,not included,not included,not included,not included,not included,not included,not included,not included,not included,7.766243752402922,1.1534025374855825,4.036908881199539,61.04651162790697
2017-18,R6,East of England,West Suffolk,BSU,45 and over,A to F2,75.0,not included,not included,not included,not included,not included,not included,not included,not included,not included,not included,not included,not included,6.495193556767992,1.0392309690828787,3.0310903264917295,55.55555555555556
2017-18,R7,London,Central & East London,BSU,45 and over,A to F2,178.0,not included,not included,not included,not included,not included,not included,not included,not included,not included,not included,not included,not included,7.503899498334809,1.8548965052063573,2.698031280300156,47.76119402985074
2017-18,R7,London,North London,BSU,45 and over,A to F2,522.0,not included,not included,not included,not included,not included,not included,not included,not included,not included,not included,not included,not included,8.83398206126248,2.233880521238788,2.690810627855813,40.87403598971722
2017-18,R7,London,Outer North East London,BSU,45 and over,A to F2,229.0,not included,not included,not included,not included,not included,not included,not included,not included,not included,not included,not included,not included,8.038472339230553,1.6849199663016006,3.4400449311991017,54.14364640883977
2017-18,R7,London,South East London,BSU,45 and over,A to F2,457.0,not included,not included,not included,not included,not included,not included,not included,not included,not included,not included,not included,not included,7.838361662350136,1.4922045177778158,2.8814983791571613,45.40540540540541
2017-18,R7,London,South West London,BSU,45 and over,A to F2,492.0,not included,not included,not included,not included,not included,not included,not included,not included,not included,not included,not included,not included,8.717994152564899,1.8959865331797643,2.711083547443962,39.740259740259745
2017-18,R7,London,West of London,BSU,45 and over,A to F2,387.0,not included,not included,not included,not included,not included,not included,not included,not included,not included,not included,not included,not included,8.32813273365039,2.0874131141190904,2.3026103423787903,36.896551724137936
2017-18,R8,South East,Aylesbury & Wycombe,BSU,45 and over,A to F2,183.0,not included,not included,not included,not included,not included,not included,not included,not included,not included,not included,not included,not included,8.49030342395843,1.4846432216757912,3.5260276514800037,50.331125827814574
2017-18,R8,South East,Canterbury,BSU,45 and over,A to F2,236.0,not included,not included,not included,not included,not included,not included,not included,not included,not included,not included,not included,not included,8.4442536138543,1.6816945756404753,3.5780735651925,52.910052910052904
2017-18,R8,South East,East Berkshire,BSU,45 and over,A to F2,169.0,not included,not included,not included,not included,not included,not included,not included,not included,not included,not included,not included,not included,9.359251259899208,2.1598272138228944,2.6028686935814367,36.15384615384615
2017-18,R8,South East,East Sussex/Brighton,BSU,45 and over,A to F2,289.0,not included,not included,not included,not included,not included,not included,not included,not included,not included,not included,not included,not included,8.911776496345864,2.2819081686145117,2.8678035092047245,43.25581395348837
2017-18,R8,South East,Guildford,BSU,45 and over,A to F2,515.0,not included,not included,not included,not included,not included,not included,not included,not included,not included,not included,not included,not included,9.57676286819399,2.5104135673906574,3.8121094912228504,53.94736842105263
2017-18,R8,South East,Isle of Wight,BSU,45 and over,A to F2,45.0,not included,not included,not included,not included,not included,not included,not included,not included,not included,not included,not included,not included,6.631299734748011,0.8841732979664013,3.2419687592101383,56.41025641025641
2017-18,R8,South East,Maidstone,BSU,45 and over,A to F2,180.0,not included,not included,not included,not included,not included,not included,not included,not included,not included,not included,not included,not included,9.459743535841918,2.6277065377338658,4.204330460374185,61.53846153846154
2017-18,R8,South East,Medway,BSU,45 and over,A to F2,204.0,not included,not included,not included,not included,not included,not included,not included,not included,not included,not included,not included,not included,8.428010741582318,1.5699235695104317,3.2637884734558975,47.59036144578313
2017-18,R8,South East,North & Mid Hampshire,BSU,45 and over,A to F2,198.0,not included,not included,not included,not included,not included,not included,not included,not included,not included,not included,not included,not included,9.632692775480418,2.1892483580637316,4.475796643152518,60.130718954248366
2017-18,R8,South East,Oxford,BSU,45 and over,A to F2,212.0,not included,not included,not included,not included,not included,not included,not included,not included,not included,not included,not included,not included,8.807278467865897,1.6202068879564622,3.8220265049229365,53.179190751445084
2017-18,R8,South East,Portsmouth,BSU,45 and over,A to F2,209.0,not included,not included,not included,not included,not included,not included,not included,not included,not included,not included,not included,not included,9.03432177747039,2.074868159419037,3.6310192789833144,52.17391304347826
2017-18,R8,South East,West Berkshire,BSU,45 and over,A to F2,151.0,not included,not included,not included,not included,not included,not included,not included,not included,not included,not included,not included,not included,6.989446398815034,1.3886317348639141,2.4532493982595813,43.80165289256198
2017-18,R8,South East,Worthing,BSU,45 and over,A to F2,294.0,not included,not included,not included,not included,not included,not included,not included,not included,not included,not included,not included,not included,9.215145436308928,1.7239217652958876,3.6985957873620863,49.37238493723849
2017-18,R1,North East,Gateshead,BSU,50<71,A to F2,218.0,not included,not included,not included,not included,not included,not included,not included,not included,not included,not included,not included,not included,7.047261912458783,1.648671364841275,3.071054503135708,57.22891566265061
2017-18,R1,North East,Newcastle,BSU,50<71,A to F2,294.0,not included,not included,not included,not included,not included,not included,not included,not included,not included,not included,not included,not included,9.140085804887148,1.9585898153329602,4.321333084623515,60.17316017316018
2017-18,R1,North East,North Cumbria,BSU,50<71,A to F2,116.0,not included,not included,not included,not included,not included,not included,not included,not included,not included,not included,not included,not included,8.608534322820038,1.9294990723562153,3.116883116883117,46.666666666666664
2017-18,R1,North East,North Tees,BSU,50<71,A to F2,244.0,not included,not included,not included,not included,not included,not included,not included,not included,not included,not included,not included,not included,6.792116690791671,1.8093753479567978,2.282596592807037,45.81005586592179
2017-18,R10,South West,Avon,BSU,50<71,A to F2,333.0,not included,not included,not included,not included,not included,not included,not included,not included,not included,not included,not included,not included,9.186967197285293,2.0415482660633986,3.972742571799045,55.5984555984556
2017-18,R10,South West,Cornwall,BSU,50<71,A to F2,150.0,not included,not included,not included,not included,not included,not included,not included,not included,not included,not included,not included,not included,8.74380647041679,2.040221509763917,3.8472748469833866,57.391304347826086
2017-18,R10,South West,Dorset,BSU,50<71,A to F2,336.0,not included,not included,not included,not included,not included,not included,not included,not included,not included,not included,not included,not included,10.06681247565689,2.1571741019264765,4.3742697066842435,55.3030303030303
2017-18,R10,South West,Gloucestershire,BSU,50<71,A to F2,197.0,not included,not included,not included,not included,not included,not included,not included,not included,not included,not included,not included,not included,7.904028245867436,1.7252447440218264,2.9690258385491894,48.05194805194805
2017-18,R10,South West,North & East Devon,BSU,50<71,A to F2,179.0,not included,not included,not included,not included,not included,not included,not included,not included,not included,not included,not included,not included,7.892416225749559,1.455026455026455,3.483245149911817,54.109589041095894
2017-18,R10,South West,Somerset,BSU,50<71,A to F2,114.0,not included,not included,not included,not included,not included,not included,not included,not included,not included,not included,not included,not included,6.345672140272753,0.7792930698580572,3.3398274422488172,60.0
2017-18,R10,South West,South Devon (Torbay),BSU,50<71,A to F2,79.0,not included,not included,not included,not included,not included,not included,not included,not included,not included,not included,not included,not included,7.260362099071776,1.5623564010660786,3.492326072971234,62.295081967213115
2017-18,R10,South West,Southampton & Salisbury,BSU,50<71,A to F2,229.0,not included,not included,not included,not included,not included,not included,not included,not included,not included,not included,not included,not included,9.215662602116785,2.2536118153648035,3.7828484043623485,54.33526011560693
2017-18,R10,South West,West Devon & East Cornwall,BSU,50<71,A to F2,206.0,not included,not included,not included,not included,not included,not included,not included,not included,not included,not included,not included,not included,10.314440216302824,2.1029441217704785,4.005607850991388,48.78048780487805
2017-18,R10,South West,Wiltshire,BSU,50<71,A to F2,183.0,not included,not included,not included,not included,not included,not included,not included,not included,not included,not included,not included,not included,8.602453814694682,1.5512621633055987,3.1025243266111975,44.0
2017-18,R2,North West,"Bolton, Bury & Rochdale",BSU,50<71,A to F2,171.0,not included,not included,not included,not included,not included,not included,not included,not included,not included,not included,not included,not included,8.39675914559293,1.8659464767984286,2.9953351338080036,45.86466165413533
2017-18,R2,North West,Chester,BSU,50<71,A to F2,77.0,not included,not included,not included,not included,not included,not included,not included,not included,not included,not included,not included,not included,8.995327102803738,1.4018691588785046,4.0887850467289715,53.84615384615385
2017-18,R2,North West,Crewe,BSU,50<71,A to F2,94.0,not included,not included,not included,not included,not included,not included,not included,not included,not included,not included,not included,not included,8.57194966259347,2.0062009848623017,2.8269195695786977,43.05555555555556
2017-18,R2,North West,East Cheshire & Stockport,BSU,50<71,A to F2,130.0,not included,not included,not included,not included,not included,not included,not included,not included,not included,not included,not included,not included,7.454555880497735,1.2041974883880955,3.153850564825965,50.45871559633027
2017-18,R2,North West,East Lancashire,BSU,50<71,A to F2,139.0,not included,not included,not included,not included,not included,not included,not included,not included,not included,not included,not included,not included,7.86288041633669,1.8667270053173437,2.941509220500057,49.056603773584904
2017-18,R2,North West,Greater Manchester,BSU,50<71,A to F2,302.0,not included,not included,not included,not included,not included,not included,not included,not included,not included,not included,not included,not included,8.222609453278153,1.6880853844478327,3.8662600740579394,59.166666666666664
2017-18,R2,North West,Liverpool,BSU,50<71,A to F2,229.0,not included,not included,not included,not included,not included,not included,not included,not included,not included,not included,not included,not included,8.536176240354866,1.8265180601632682,3.392104968874641,50.55555555555556
2017-18,R2,North West,North Lancashire,BSU,50<71,A to F2,272.0,not included,not included,not included,not included,not included,not included,not included,not included,not included,not included,not included,not included,8.51356849979655,2.3474913142821374,3.223888071614135,52.28426395939086
2017-18,R2,North West,South Lancashire,BSU,50<71,A to F2,182.0,not included,not included,not included,not included,not included,not included,not included,not included,not included,not included,not included,not included,7.7128448531593,1.6103742001101835,3.644531084459889,60.13986013986013
2017-18,R2,North West,Warrington,BSU,50<71,A to F2,178.0,not included,not included,not included,not included,not included,not included,not included,not included,not included,not included,not included,not included,8.790557558397945,2.271717121833177,2.66679836041286,40.909090909090914
2017-18,R2,North West,Wirral,BSU,50<71,A to F2,115.0,not included,not included,not included,not included,not included,not included,not included,not included,not included,not included,not included,not included,8.936203279198073,2.098065117724765,2.719714041495066,40.229885057471265
2017-18,R3,Yorkshire and the Humber,Barnsley,BSU,50<71,A to F2,56.0,not included,not included,not included,not included,not included,not included,not included,not included,not included,not included,not included,not included,5.628706402653533,0.4020504573323952,2.8143532013267665,53.84615384615385
2017-18,R3,Yorkshire and the Humber,Doncaster,BSU,50<71,A to F2,132.0,not included,not included,not included,not included,not included,not included,not included,not included,not included,not included,not included,not included,8.72323552735924,1.189532117367169,3.8990219402590536,51.75438596491229
2017-18,R3,Yorkshire and the Humber,Humberside,BSU,50<71,A to F2,214.0,not included,not included,not included,not included,not included,not included,not included,not included,not included,not included,not included,not included,6.255480853551593,1.169248757673195,2.543116047939199,50.0
2017-18,R3,Yorkshire and the Humber,Leeds Wakefield,BSU,50<71,A to F2,298.0,not included,not included,not included,not included,not included,not included,not included,not included,not included,not included,not included,not included,8.73797794980061,1.8766127140511375,4.456955195871452,64.95726495726495
2017-18,R3,Yorkshire and the Humber,North Yorkshire,BSU,50<71,A to F2,242.0,not included,not included,not included,not included,not included,not included,not included,not included,not included,not included,not included,not included,7.7427611582146865,1.5677491601343785,2.559590465525516,41.45077720207254
2017-18,R3,Yorkshire and the Humber,Pennine,BSU,50<71,A to F2,269.0,not included,not included,not included,not included,not included,not included,not included,not included,not included,not included,not included,not included,7.534802946696171,2.1568023304669337,3.417271224895661,63.541666666666664
2017-18,R3,Yorkshire and the Humber,Rotherham,BSU,50<71,A to F2,82.0,not included,not included,not included,not included,not included,not included,not included,not included,not included,not included,not included,not included,9.36179929215664,1.2558511245575978,4.110058225824866,50.70422535211267
2017-18,R3,Yorkshire and the Humber,Sheffield,BSU,50<71,A to F2,136.0,not included,not included,not included,not included,not included,not included,not included,not included,not included,not included,not included,not included,7.707129094412331,1.756772072991046,3.456874079111413,58.0952380952381
2017-18,R4,East Midlands,Derby City & South Derbyshire,BSU,50<71,A to F2,257.0,not included,not included,not included,not included,not included,not included,not included,not included,not included,not included,not included,not included,8.261540439758262,1.9287643050019287,3.2146071750032146,50.76142131979695
2017-18,R4,East Midlands,Kettering,BSU,50<71,A to F2,90.0,not included,not included,not included,not included,not included,not included,not included,not included,not included,not included,not included,not included,7.025212707829209,1.0928108656623214,2.7320271641558036,46.05263157894737
2017-18,R4,East Midlands,Leicestershire,BSU,50<71,A to F2,287.0,not included,not included,not included,not included,not included,not included,not included,not included,not included,not included,not included,not included,7.738769346923367,1.3751820093835947,4.0716173219004475,63.983050847457626
2017-18,R4,East Midlands,Lincolnshire,BSU,50<71,A to F2,204.0,not included,not included,not included,not included,not included,not included,not included,not included,not included,not included,not included,not included,8.44965414405832,1.6982148034627016,3.893468085987657,57.668711656441715
2017-18,R4,East Midlands,Milton Keynes,BSU,50<71,A to F2,81.0,not included,not included,not included,not included,not included,not included,not included,not included,not included,not included,not included,not included,8.660322891051,0.9622580990056666,3.7421148294664817,48.61111111111111
2017-18,R4,East Midlands,North Derbyshire & Chesterfield,BSU,50<71,A to F2,130.0,not included,not included,not included,not included,not included,not included,not included,not included,not included,not included,not included,not included,8.834522595990485,2.106693849813116,3.601766904519198,53.535353535353536
2017-18,R4,East Midlands,North Nottinghamshire,BSU,50<71,A to F2,39.0,not included,not included,not included,not included,not included,not included,not included,not included,not included,not included,not included,not included,4.327083102185732,0.5547542438699656,1.77521358038389,47.05882352941176
2017-18,R4,East Midlands,Northampton,BSU,50<71,A to F2,121.0,not included,not included,not included,not included,not included,not included,not included,not included,not included,not included,not included,not included,9.16527798818361,2.2723829722769278,3.332828359339494,48.35164835164835
2017-18,R4,East Midlands,Nottingham City,BSU,50<71,A to F2,212.0,not included,not included,not included,not included,not included,not included,not included,not included,not included,not included,not included,not included,8.11017597551645,1.3006885998469777,4.2463657230298395,62.35955056179775
2017-18,R5,West Midlands,"City, Sandwell & Walsall",BSU,50<71,A to F2,252.0,not included,not included,not included,not included,not included,not included,not included,not included,not included,not included,not included,not included,7.2559746616757845,1.468471062482004,2.9081485747192626,50.24875621890548
2017-18,R5,West Midlands,Dudley & Wolverhampton,BSU,50<71,A to F2,231.0,not included,not included,not included,not included,not included,not included,not included,not included,not included,not included,not included,not included,8.835003442209134,1.8358448711083912,3.7481832785129656,53.551912568306015
2017-18,R5,West Midlands,Hereford & Worcester,BSU,50<71,A to F2,285.0,not included,not included,not included,not included,not included,not included,not included,not included,not included,not included,not included,not included,9.366373077428683,1.7418167477323516,3.4507690285263575,45.258620689655174
2017-18,R5,West Midlands,North Staffordshire,BSU,50<71,A to F2,183.0,not included,not included,not included,not included,not included,not included,not included,not included,not included,not included,not included,not included,7.894736842105264,2.1570319240724762,3.364969801553063,58.64661654135338
2017-18,R5,West Midlands,Shropshire,BSU,50<71,A to F2,173.0,not included,not included,not included,not included,not included,not included,not included,not included,not included,not included,not included,not included,7.955486066403016,1.7014623379012233,3.035040927067047,48.529411764705884
2017-18,R5,West Midlands,South Birmingham,BSU,50<71,A to F2,96.0,not included,not included,not included,not included,not included,not included,not included,not included,not included,not included,not included,not included,7.9181788188716595,1.9795447047179149,2.55691191026064,43.05555555555556
2017-18,R5,West Midlands,"Warwickshire, Solihull & Coventry",BSU,50<71,A to F2,268.0,not included,not included,not included,not included,not included,not included,not included,not included,not included,not included,not included,not included,7.094451503600169,1.0853451927149513,2.3030495552731893,38.32599118942731
2017-18,R6,East of England,Bedfordshire & Hertfordshire,BSU,50<71,A to F2,354.0,not included,not included,not included,not included,not included,not included,not included,not included,not included,not included,not included,not included,7.1649766227457645,1.4370433339405349,2.995526949622523,52.29681978798587
2017-18,R6,East of England,Cambridge & Huntingdon,BSU,50<71,A to F2,145.0,not included,not included,not included,not included,not included,not included,not included,not included,not included,not included,not included,not included,8.079344737281996,1.5601493285785926,3.2874575137906055,50.427350427350426
2017-18,R6,East of England,Colchester & Chelmsford,BSU,50<71,A to F2,229.0,not included,not included,not included,not included,not included,not included,not included,not included,not included,not included,not included,not included,8.199656258951588,1.1816098539100544,3.222572328845603,45.91836734693878
2017-18,R6,East of England,East Suffolk,BSU,50<71,A to F2,97.0,not included,not included,not included,not included,not included,not included,not included,not included,not included,not included,not included,not included,6.533746463693924,1.3471642193183349,3.0984777044321703,60.526315789473685
2017-18,R6,East of England,Epping,BSU,50<71,A to F2,79.0,not included,not included,not included,not included,not included,not included,not included,not included,not included,not included,not included,not included,7.8450844091360485,1.7874875868917577,3.2770605759682225,55.00000000000001
2017-18,R6,East of England,James Paget,BSU,50<71,A to F2,55.0,not included,not included,not included,not included,not included,not included,not included,not included,not included,not included,not included,not included,7.263602746962493,1.8489170628631801,2.7733755942947704,51.21951219512195
2017-18,R6,East of England,Kings Lynn,BSU,50<71,A to F2,71.0,not included,not included,not included,not included,not included,not included,not included,not included,not included,not included,not included,not included,8.080118356663252,2.162285194036645,3.7555479685899624,63.46153846153846
2017-18,R6,East of England,Norfolk & Norwich,BSU,50<71,A to F2,172.0,not included,not included,not included,not included,not included,not included,not included,not included,not included,not included,not included,not included,8.455828130377071,1.3273683693033773,3.9329433164544514,55.172413793103445
2017-18,R6,East of England,Peterborough,BSU,50<71,A to F2,92.0,not included,not included,not included,not included,not included,not included,not included,not included,not included,not included,not included,not included,7.433742727860374,0.8080155138978667,3.312863606981254,50.0
2017-18,R6,East of England,South Essex (Southend),BSU,50<71,A to F2,183.0,not included,not included,not included,not included,not included,not included,not included,not included,not included,not included,not included,not included,7.679395719681074,1.1749895090222409,4.070499370541334,62.58064516129033
2017-18,R6,East of England,West Suffolk,BSU,50<71,A to F2,67.0,not included,not included,not included,not included,not included,not included,not included,not included,not included,not included,not included,not included,6.251749556778949,1.119716338527573,3.079219930950826,60.0
2017-18,R7,London,Central & East London,BSU,50<71,A to F2,164.0,not included,not included,not included,not included,not included,not included,not included,not included,not included,not included,not included,not included,7.221170357976311,1.8052925894940777,2.6418915943815775,48.78048780487805
2017-18,R7,London,North London,BSU,50<71,A to F2,420.0,not included,not included,not included,not included,not included,not included,not included,not included,not included,not included,not included,not included,8.3285411172143,1.9829859802891194,2.6968609331932023,42.63322884012539
2017-18,R7,London,Outer North East London,BSU,50<71,A to F2,188.0,not included,not included,not included,not included,not included,not included,not included,not included,not included,not included,not included,not included,7.9214595710613915,1.5590106602620823,3.4972401297771034,54.966887417218544
2017-18,R7,London,South East London,BSU,50<71,A to F2,382.0,not included,not included,not included,not included,not included,not included,not included,not included,not included,not included,not included,not included,7.72544340404878,1.41565716828119,2.83131433656238,44.871794871794876
2017-18,R7,London,South West London,BSU,50<71,A to F2,413.0,not included,not included,not included,not included,not included,not included,not included,not included,not included,not included,not included,not included,8.603270492657016,1.833142381001979,2.7705447349234458,40.92307692307692
2017-18,R7,London,West of London,BSU,50<71,A to F2,331.0,not included,not included,not included,not included,not included,not included,not included,not included,not included,not included,not included,not included,8.292206328130872,2.054262594884385,2.3799383721221536,38.152610441767074
2017-18,R8,South East,Aylesbury & Wycombe,BSU,50<71,A to F2,150.0,not included,not included,not included,not included,not included,not included,not included,not included,not included,not included,not included,not included,8.422707619742827,1.5722387556853277,3.312931663765512,48.36065573770492
2017-18,R8,South East,Canterbury,BSU,50<71,A to F2,190.0,not included,not included,not included,not included,not included,not included,not included,not included,not included,not included,not included,not included,8.115149703156368,1.6230299406312731,3.2887711954896854,50.6578947368421
2017-18,R8,South East,East Berkshire,BSU,50<71,A to F2,134.0,not included,not included,not included,not included,not included,not included,not included,not included,not included,not included,not included,not included,8.736471508671274,2.1515191028817315,2.281914200026079,34.65346534653465
2017-18,R8,South East,East Sussex/Brighton,BSU,50<71,A to F2,239.0,not included,not included,not included,not included,not included,not included,not included,not included,not included,not included,not included,not included,8.667271078875794,2.067089755213055,2.756119673617407,41.75824175824176
2017-18,R8,South East,Guildford,BSU,50<71,A to F2,419.0,not included,not included,not included,not included,not included,not included,not included,not included,not included,not included,not included,not included,9.270937050558691,2.544529262086514,3.6065936497400157,53.61842105263158
2017-18,R8,South East,Isle of Wight,BSU,50<71,A to F2,39.0,not included,not included,not included,not included,not included,not included,not included,not included,not included,not included,not included,not included,6.981740064446832,1.0741138560687433,3.401360544217687,57.57575757575758
2017-18,R8,South East,Maidstone,BSU,50<71,A to F2,145.0,not included,not included,not included,not included,not included,not included,not included,not included,not included,not included,not included,not included,8.983890954151178,2.4783147459727384,4.337050805452293,66.66666666666666
2017-18,R8,South East,Medway,BSU,50<71,A to F2,167.0,not included,not included,not included,not included,not included,not included,not included,not included,not included,not included,not included,not included,8.091477300256795,1.4051068365715393,3.100925432433742,46.3768115942029
2017-18,R8,South East,North & Mid Hampshire,BSU,50<71,A to F2,161.0,not included,not included,not included,not included,not included,not included,not included,not included,not included,not included,not included,not included,9.312279484065012,2.255769564462953,4.453698883683267,63.114754098360656
2017-18,R8,South East,Oxford,BSU,50<71,A to F2,170.0,not included,not included,not included,not included,not included,not included,not included,not included,not included,not included,not included,not included,8.403776756142172,1.3841514657175342,3.658114587967769,52.112676056338024
2017-18,R8,South East,Portsmouth,BSU,50<71,A to F2,163.0,not included,not included,not included,not included,not included,not included,not included,not included,not included,not included,not included,not included,8.505975056097688,1.9308041538381255,3.4441371392788183,52.38095238095239
2017-18,R8,South East,West Berkshire,BSU,50<71,A to F2,114.0,not included,not included,not included,not included,not included,not included,not included,not included,not included,not included,not included,not included,6.1976731542894425,1.0873110796999021,2.2833532673697943,44.680851063829785
2017-18,R8,South East,Worthing,BSU,50<71,A to F2,268.0,not included,not included,not included,not included,not included,not included,not included,not included,not included,not included,not included,not included,9.043360890838535,1.720938079973005,3.6780833473932852,50.23041474654379
2018-19,R1,North East,Gateshead,BSU,45 and over,A to F2,260.0,not included,not included,not included,not included,not included,not included,not included,not included,not included,not included,not included,not included,8.419689119170984,2.2020725388601035,3.8536269430051817,61.979166666666664
2018-19,R1,North East,Newcastle,BSU,45 and over,A to F2,377.0,not included,not included,not included,not included,not included,not included,not included,not included,not included,not included,not included,not included,9.104740744318592,1.9320404762479773,3.767478928683556,52.88135593220339
2018-19,R1,North East,North Cumbria,BSU,45 and over,A to F2,139.0,not included,not included,not included,not included,not included,not included,not included,not included,not included,not included,not included,not included,8.99152597192574,2.1993660650753606,3.622485283653535,53.333333333333336
2018-19,R1,North East,North Tees,BSU,45 and over,A to F2,337.0,not included,not included,not included,not included,not included,not included,not included,not included,not included,not included,not included,not included,8.062779625331963,1.6508361844151493,3.445223341388138,53.73134328358209
2018-19,R10,South West,Avon,BSU,45 and over,A to F2,474.0,not included,not included,not included,not included,not included,not included,not included,not included,not included,not included,not included,not included,9.761723335461417,2.183001421010359,4.695512490475112,61.95652173913043
2018-19,R10,South West,Cornwall,BSU,45 and over,A to F2,217.0,not included,not included,not included,not included,not included,not included,not included,not included,not included,not included,not included,not included,8.889435090737782,1.474744992011798,3.932653312031461,53.03867403314917
2018-19,R10,South West,Dorset,BSU,45 and over,A to F2,337.0,not included,not included,not included,not included,not included,not included,not included,not included,not included,not included,not included,not included,9.178559755964702,2.0154700947815667,3.8130515306678285,53.43511450381679
2018-19,R10,South West,Gloucestershire,BSU,45 and over,A to F2,282.0,not included,not included,not included,not included,not included,not included,not included,not included,not included,not included,not included,not included,9.451352347756142,1.8768642960083117,3.3850588195864195,44.690265486725664
2018-19,R10,South West,North & East Devon,BSU,45 and over,A to F2,191.0,not included,not included,not included,not included,not included,not included,not included,not included,not included,not included,not included,not included,8.169375534644995,1.6253207869974338,2.951240376390077,45.09803921568628
2018-19,R10,South West,Somerset,BSU,45 and over,A to F2,193.0,not included,not included,not included,not included,not included,not included,not included,not included,not included,not included,not included,not included,8.059128110906965,1.753799899782863,4.384499749457157,69.5364238410596
2018-19,R10,South West,South Devon (Torbay),BSU,45 and over,A to F2,122.0,not included,not included,not included,not included,not included,not included,not included,not included,not included,not included,not included,not included,7.8094994238893864,1.2162335168352323,3.1366022276277046,47.57281553398058
2018-19,R10,South West,Southampton & Salisbury,BSU,45 and over,A to F2,291.0,not included,not included,not included,not included,not included,not included,not included,not included,not included,not included,not included,not included,10.068855748936022,2.5950659146742328,4.01370194802948,53.70370370370371
2018-19,R10,South West,West Devon & East Cornwall,BSU,45 and over,A to F2,236.0,not included,not included,not included,not included,not included,not included,not included,not included,not included,not included,not included,not included,10.558811686278018,2.3712585566641313,4.429332020938661,54.09836065573771
2018-19,R10,South West,Wiltshire,BSU,45 and over,A to F2,240.0,not included,not included,not included,not included,not included,not included,not included,not included,not included,not included,not included,not included,9.162753407398922,1.5653037070973161,3.8941701981445425,51.256281407035175
2018-19,R2,North West,"Bolton, Bury & Rochdale",BSU,45 and over,A to F2,253.0,not included,not included,not included,not included,not included,not included,not included,not included,not included,not included,not included,not included,8.43980384961804,1.8680988758047836,3.6361210261200254,55.61224489795919
2018-19,R2,North West,Crewe,BSU,45 and over,A to F2,130.0,not included,not included,not included,not included,not included,not included,not included,not included,not included,not included,not included,not included,9.298333452542737,1.502038480795365,4.005435948787641,51.37614678899083
2018-19,R2,North West,East Cheshire & Stockport,BSU,45 and over,A to F2,196.0,not included,not included,not included,not included,not included,not included,not included,not included,not included,not included,not included,not included,9.448970737116134,2.072988478040785,3.8085137154702795,51.633986928104584
2018-19,R2,North West,East Lancashire,BSU,45 and over,A to F2,175.0,not included,not included,not included,not included,not included,not included,not included,not included,not included,not included,not included,not included,8.333333333333334,1.2857142857142856,3.9047619047619047,55.4054054054054
2018-19,R2,North West,Greater Manchester,BSU,45 and over,A to F2,407.0,not included,not included,not included,not included,not included,not included,not included,not included,not included,not included,not included,not included,9.309453555662298,1.6011345181728767,3.888469544134129,50.74626865671642
2018-19,R2,North West,Liverpool,BSU,45 and over,A to F2,303.0,not included,not included,not included,not included,not included,not included,not included,not included,not included,not included,not included,not included,8.684436801375753,2.4362281456004586,2.866150759529951,45.87155963302752
2018-19,R2,North West,North Lancashire,BSU,45 and over,A to F2,268.0,not included,not included,not included,not included,not included,not included,not included,not included,not included,not included,not included,not included,8.830603973771789,2.0758509341329203,3.8551517348182807,57.35294117647059
2018-19,R2,North West,South Lancashire,BSU,45 and over,A to F2,231.0,not included,not included,not included,not included,not included,not included,not included,not included,not included,not included,not included,not included,8.39481048079369,1.5626703492386524,3.888505287640368,57.21925133689839
2018-19,R2,North West,Warrington,BSU,45 and over,A to F2,229.0,not included,not included,not included,not included,not included,not included,not included,not included,not included,not included,not included,not included,9.14938671141476,1.9976826880818253,3.076431339646011,43.01675977653631
2018-19,R2,North West,Wirral & Chester,BSU,45 and over,A to F2,263.0,not included,not included,not included,not included,not included,not included,not included,not included,not included,not included,not included,not included,10.142300721144576,1.9667579345185298,3.740696463692106,45.75471698113208
2018-19,R3,Yorkshire and the Humber,Barnsley,BSU,45 and over,A to F2,78.0,not included,not included,not included,not included,not included,not included,not included,not included,not included,not included,not included,not included,7.787539936102236,1.3977635782747604,2.9952076677316293,46.875
2018-19,R3,Yorkshire and the Humber,Doncaster,BSU,45 and over,A to F2,139.0,not included,not included,not included,not included,not included,not included,not included,not included,not included,not included,not included,not included,7.160150414670581,1.2362849636841293,3.1937361561840008,53.91304347826087
2018-19,R3,Yorkshire and the Humber,Humberside,BSU,45 and over,A to F2,335.0,not included,not included,not included,not included,not included,not included,not included,not included,not included,not included,not included,not included,7.792872429515214,1.0235414534288638,3.2567228063645666,48.10996563573883
2018-19,R3,Yorkshire and the Humber,Leeds Wakefield,BSU,45 and over,A to F2,431.0,not included,not included,not included,not included,not included,not included,not included,not included,not included,not included,not included,not included,9.84175553170598,2.397643459000297,4.68111341995296,63.07692307692307
2018-19,R3,Yorkshire and the Humber,North Yorkshire,BSU,45 and over,A to F2,325.0,not included,not included,not included,not included,not included,not included,not included,not included,not included,not included,not included,not included,8.674531575294933,1.921742379757647,3.256285699033791,48.22134387351779
2018-19,R3,Yorkshire and the Humber,Pennine,BSU,45 and over,A to F2,375.0,not included,not included,not included,not included,not included,not included,not included,not included,not included,not included,not included,not included,8.240852653554555,2.065707065157675,3.384243489726404,54.804270462633454
2018-19,R3,Yorkshire and the Humber,Rotherham,BSU,45 and over,A to F2,101.0,not included,not included,not included,not included,not included,not included,not included,not included,not included,not included,not included,not included,8.864314551518342,1.5797788309636651,3.8616815868000702,53.01204819277109
2018-19,R3,Yorkshire and the Humber,Sheffield,BSU,45 and over,A to F2,178.0,not included,not included,not included,not included,not included,not included,not included,not included,not included,not included,not included,not included,8.206168456963718,1.383062099488267,3.4115531787377256,50.0
2018-19,R4,East Midlands,Derby City & South Derbyshire,BSU,45 and over,A to F2,365.0,not included,not included,not included,not included,not included,not included,not included,not included,not included,not included,not included,not included,8.423919315008424,2.0540515590020543,3.438805419003439,53.985507246376805
2018-19,R4,East Midlands,Kettering,BSU,45 and over,A to F2,116.0,not included,not included,not included,not included,not included,not included,not included,not included,not included,not included,not included,not included,6.87163082755761,1.2440021325750845,3.1988626266216453,56.84210526315789
2018-19,R4,East Midlands,Leicestershire,BSU,45 and over,A to F2,307.0,not included,not included,not included,not included,not included,not included,not included,not included,not included,not included,not included,not included,8.37150959860384,1.4452443280977314,3.8721640488656193,55.90551181102362
2018-19,R4,East Midlands,Lincolnshire,BSU,45 and over,A to F2,307.0,not included,not included,not included,not included,not included,not included,not included,not included,not included,not included,not included,not included,8.401981444483976,1.669449081803005,3.4210022168094367,50.81300813008131
2018-19,R4,East Midlands,Milton Keynes,BSU,45 and over,A to F2,79.0,not included,not included,not included,not included,not included,not included,not included,not included,not included,not included,not included,not included,7.53529187333079,1.6215185043876383,3.338420450209844,56.451612903225815
2018-19,R4,East Midlands,North Derbyshire & Chesterfield,BSU,45 and over,A to F2,179.0,not included,not included,not included,not included,not included,not included,not included,not included,not included,not included,not included,not included,10.260819719117224,2.3502436228145602,4.815133276010318,60.86956521739131
2018-19,R4,East Midlands,North Nottinghamshire,BSU,45 and over,A to F2,77.0,not included,not included,not included,not included,not included,not included,not included,not included,not included,not included,not included,not included,6.3863315916065355,1.3270299411130464,2.985817367504354,59.01639344262295
2018-19,R4,East Midlands,Northampton,BSU,45 and over,A to F2,134.0,not included,not included,not included,not included,not included,not included,not included,not included,not included,not included,not included,not included,7.292517006802721,1.4149659863945578,3.3197278911564627,56.481481481481474
2018-19,R4,East Midlands,Nottingham City,BSU,45 and over,A to F2,263.0,not included,not included,not included,not included,not included,not included,not included,not included,not included,not included,not included,not included,8.798046365369819,1.7060850366306493,4.315391563242231,60.84905660377359
2018-19,R5,West Midlands,"City, Sandwell & Walsall",BSU,45 and over,A to F2,358.0,not included,not included,not included,not included,not included,not included,not included,not included,not included,not included,not included,not included,8.503764935034088,1.6152402669897146,3.064205800612841,44.48275862068966
2018-19,R5,West Midlands,Dudley & Wolverhampton,BSU,45 and over,A to F2,300.0,not included,not included,not included,not included,not included,not included,not included,not included,not included,not included,not included,not included,10.181916915557968,2.0703231061634537,4.242465381482487,52.30125523012552
2018-19,R5,West Midlands,Hereford & Worcester,BSU,45 and over,A to F2,315.0,not included,not included,not included,not included,not included,not included,not included,not included,not included,not included,not included,not included,7.9155672823219,1.8344013066968212,3.090840557859028,50.82644628099173
2018-19,R5,West Midlands,North Staffordshire,BSU,45 and over,A to F2,263.0,not included,not included,not included,not included,not included,not included,not included,not included,not included,not included,not included,not included,9.429903191107925,2.402294729293654,3.8723556830405164,55.10204081632652
2018-19,R5,West Midlands,Shropshire,BSU,45 and over,A to F2,200.0,not included,not included,not included,not included,not included,not included,not included,not included,not included,not included,not included,not included,8.43668269636379,1.3498692314182064,4.302708175145534,60.71428571428571
2018-19,R5,West Midlands,South Birmingham,BSU,45 and over,A to F2,96.0,not included,not included,not included,not included,not included,not included,not included,not included,not included,not included,not included,not included,7.622677465459742,1.191043353978085,2.6996982690169924,41.9753086419753
2018-19,R5,West Midlands,"Warwickshire, Solihull & Coventry",BSU,45 and over,A to F2,374.0,not included,not included,not included,not included,not included,not included,not included,not included,not included,not included,not included,not included,8.951437256169072,1.4599937770757043,3.3747397142241686,45.04792332268371
2018-19,R6,East of England,Bedfordshire & Hertfordshire,BSU,45 and over,A to F2,536.0,not included,not included,not included,not included,not included,not included,not included,not included,not included,not included,not included,not included,8.457860603095956,1.4990611143546935,2.9823426380319695,42.95454545454545
2018-19,R6,East of England,Cambridge & Huntingdon,BSU,45 and over,A to F2,188.0,not included,not included,not included,not included,not included,not included,not included,not included,not included,not included,not included,not included,9.025010801209735,1.9202150640871778,3.696413998367817,52.02702702702703
2018-19,R6,East of England,Colchester & Chelmsford,BSU,45 and over,A to F2,323.0,not included,not included,not included,not included,not included,not included,not included,not included,not included,not included,not included,not included,8.447978239263483,0.9677250614636188,3.269341423863577,43.70629370629371
2018-19,R6,East of England,East Suffolk,BSU,45 and over,A to F2,121.0,not included,not included,not included,not included,not included,not included,not included,not included,not included,not included,not included,not included,7.168246445497631,0.9478672985781991,3.139810426540284,50.476190476190474
2018-19,R6,East of England,Epping,BSU,45 and over,A to F2,124.0,not included,not included,not included,not included,not included,not included,not included,not included,not included,not included,not included,not included,8.951129719194398,1.5159171298635674,3.6093264996751606,48.54368932038835
2018-19,R6,East of England,James Paget,BSU,45 and over,A to F2,120.0,not included,not included,not included,not included,not included,not included,not included,not included,not included,not included,not included,not included,9.693053311793214,1.1308562197092085,5.169628432956381,60.37735849056604
2018-19,R6,East of England,Kings Lynn,BSU,45 and over,A to F2,101.0,not included,not included,not included,not included,not included,not included,not included,not included,not included,not included,not included,not included,8.425091758425092,1.2512512512512513,4.004004004004004,56.470588235294116
2018-19,R6,East of England,Norfolk & Norwich,BSU,45 and over,A to F2,249.0,not included,not included,not included,not included,not included,not included,not included,not included,not included,not included,not included,not included,9.097219685068138,1.7902159219611997,4.091922107339886,56.00000000000001
2018-19,R6,East of England,Peterborough,BSU,45 and over,A to F2,146.0,not included,not included,not included,not included,not included,not included,not included,not included,not included,not included,not included,not included,9.392087487938245,1.6725635252492763,4.052750080411708,52.5
2018-19,R6,East of England,South Essex (Southend),BSU,45 and over,A to F2,199.0,not included,not included,not included,not included,not included,not included,not included,not included,not included,not included,not included,not included,8.530155600325774,1.80033434780745,3.557803592095675,52.86624203821656
2018-19,R6,East of England,West Suffolk,BSU,45 and over,A to F2,101.0,not included,not included,not included,not included,not included,not included,not included,not included,not included,not included,not included,not included,7.628398791540786,1.5105740181268883,4.229607250755287,69.1358024691358
2018-19,R7,London,Central & East London,BSU,45 and over,A to F2,204.0,not included,not included,not included,not included,not included,not included,not included,not included,not included,not included,not included,not included,9.759364684495049,2.439841171123762,3.683681768167249,50.326797385620914
2018-19,R7,London,North London,BSU,45 and over,A to F2,506.0,not included,not included,not included,not included,not included,not included,not included,not included,not included,not included,not included,not included,8.523827973653622,2.6278995333793778,2.526826474403248,42.857142857142854
2018-19,R7,London,Outer North East London,BSU,45 and over,A to F2,209.0,not included,not included,not included,not included,not included,not included,not included,not included,not included,not included,not included,not included,7.6914584330033495,1.2880432782541493,3.45931623302543,54.02298850574713
2018-19,R7,London,South East London,BSU,45 and over,A to F2,490.0,not included,not included,not included,not included,not included,not included,not included,not included,not included,not included,not included,not included,7.9349656691281245,1.89467547609794,2.5100401606425704,41.55495978552279
2018-19,R7,London,South West London,BSU,45 and over,A to F2,442.0,not included,not included,not included,not included,not included,not included,not included,not included,not included,not included,not included,not included,8.468406330229529,2.3757520021458403,2.1841590987469828,35.84905660377358
2018-19,R7,London,West of London,BSU,45 and over,A to F2,359.0,not included,not included,not included,not included,not included,not included,not included,not included,not included,not included,not included,not included,7.577836411609498,2.0474934036939314,2.1108179419525066,38.16793893129771
2018-19,R8,South East,Aylesbury & Wycombe,BSU,45 and over,A to F2,218.0,not included,not included,not included,not included,not included,not included,not included,not included,not included,not included,not included,not included,9.47661276299774,2.6517127456094594,3.6515388628064684,53.503184713375795
2018-19,R8,South East,Canterbury,BSU,45 and over,A to F2,282.0,not included,not included,not included,not included,not included,not included,not included,not included,not included,not included,not included,not included,9.2244283798371,1.7990906414575905,3.565470543979589,48.01762114537445
2018-19,R8,South East,East Berkshire,BSU,45 and over,A to F2,161.0,not included,not included,not included,not included,not included,not included,not included,not included,not included,not included,not included,not included,8.205075935174802,1.3250433187238815,2.9049026602792782,42.22222222222222
2018-19,R8,South East,East Sussex/Brighton,BSU,45 and over,A to F2,304.0,not included,not included,not included,not included,not included,not included,not included,not included,not included,not included,not included,not included,9.365084254952096,2.1256276762884694,3.5119065956070363,48.51063829787234
2018-19,R8,South East,Guildford,BSU,45 and over,A to F2,581.0,not included,not included,not included,not included,not included,not included,not included,not included,not included,not included,not included,not included,10.133779847557253,2.7035040901400587,3.9767673067866673,53.52112676056338
2018-19,R8,South East,Isle of Wight,BSU,45 and over,A to F2,64.0,not included,not included,not included,not included,not included,not included,not included,not included,not included,not included,not included,not included,10.121777637197534,2.688597184880595,3.3212082872054403,45.65217391304348
2018-19,R8,South East,Maidstone,BSU,45 and over,A to F2,182.0,not included,not included,not included,not included,not included,not included,not included,not included,not included,not included,not included,not included,9.810263044415697,1.9943941354031909,4.15049590340664,53.103448275862064
2018-19,R8,South East,Medway,BSU,45 and over,A to F2,230.0,not included,not included,not included,not included,not included,not included,not included,not included,not included,not included,not included,not included,9.206997317961651,1.4410952323766062,3.8829510427925227,50.0
2018-19,R8,South East,North & Mid Hampshire,BSU,45 and over,A to F2,234.0,not included,not included,not included,not included,not included,not included,not included,not included,not included,not included,not included,not included,8.530805687203792,1.5676266861100983,3.900838497994896,56.02094240837696
2018-19,R8,South East,Oxford,BSU,45 and over,A to F2,276.0,not included,not included,not included,not included,not included,not included,not included,not included,not included,not included,not included,not included,9.806708357021035,2.345082433200682,4.015065378055714,53.80952380952381
2018-19,R8,South East,Portsmouth,BSU,45 and over,A to F2,237.0,not included,not included,not included,not included,not included,not included,not included,not included,not included,not included,not included,not included,8.383148809734356,1.6624809875844504,3.006614552014432,44.73684210526316
2018-19,R8,South East,West Berkshire,BSU,45 and over,A to F2,168.0,not included,not included,not included,not included,not included,not included,not included,not included,not included,not included,not included,not included,7.610419026047565,1.5402038505096263,2.1744054360135903,36.09022556390977
2018-19,R8,South East,Worthing,BSU,45 and over,A to F2,357.0,not included,not included,not included,not included,not included,not included,not included,not included,not included,not included,not included,not included,9.88974458418749,2.049975067870796,4.321569061997895,55.12367491166078
2018-19,R1,North East,Gateshead,BSU,50<71,A to F2,213.0,not included,not included,not included,not included,not included,not included,not included,not included,not included,not included,not included,not included,7.625116345671941,2.040524092503759,3.293477482637646,58.97435897435898
2018-19,R1,North East,Newcastle,BSU,50<71,A to F2,310.0,not included,not included,not included,not included,not included,not included,not included,not included,not included,not included,not included,not included,9.022906540151935,1.9792182088075212,3.7546933667083855,53.75
2018-19,R1,North East,North Cumbria,BSU,50<71,A to F2,121.0,not included,not included,not included,not included,not included,not included,not included,not included,not included,not included,not included,not included,8.72072072072072,2.09009009009009,3.459459459459459,52.17391304347826
2018-19,R1,North East,North Tees,BSU,50<71,A to F2,264.0,not included,not included,not included,not included,not included,not included,not included,not included,not included,not included,not included,not included,7.578149668455953,1.4926658437867786,3.3872032609007663,55.660377358490564
2018-19,R10,South West,Avon,BSU,50<71,A to F2,372.0,not included,not included,not included,not included,not included,not included,not included,not included,not included,not included,not included,not included,9.206553482156115,1.979903974657229,4.454783942978766,61.64383561643836
2018-19,R10,South West,Cornwall,BSU,50<71,A to F2,166.0,not included,not included,not included,not included,not included,not included,not included,not included,not included,not included,not included,not included,8.162061166289703,1.3767332087717572,3.7368472809519124,55.072463768115945
2018-19,R10,South West,Dorset,BSU,50<71,A to F2,261.0,not included,not included,not included,not included,not included,not included,not included,not included,not included,not included,not included,not included,8.820845584507756,1.8925952211970665,3.7513940991584707,54.146341463414636
2018-19,R10,South West,Gloucestershire,BSU,50<71,A to F2,215.0,not included,not included,not included,not included,not included,not included,not included,not included,not included,not included,not included,not included,8.770140730165206,1.7948194982663677,3.2633081786661227,46.783625730994146
2018-19,R10,South West,North & East Devon,BSU,50<71,A to F2,149.0,not included,not included,not included,not included,not included,not included,not included,not included,not included,not included,not included,not included,7.348227055284313,1.4795088030773782,2.663115845539281,45.378151260504204
2018-19,R10,South West,Somerset,BSU,50<71,A to F2,150.0,not included,not included,not included,not included,not included,not included,not included,not included,not included,not included,not included,not included,7.6277650648360025,1.6781083142639206,4.118993135011442,69.23076923076923
2018-19,R10,South West,South Devon (Torbay),BSU,50<71,A to F2,96.0,not included,not included,not included,not included,not included,not included,not included,not included,not included,not included,not included,not included,7.4091224820560315,1.3120321061974223,2.7012425715829282,44.303797468354425
2018-19,R10,South West,Southampton & Salisbury,BSU,50<71,A to F2,234.0,not included,not included,not included,not included,not included,not included,not included,not included,not included,not included,not included,not included,9.7426929802648,2.373220084936298,4.080273128486968,55.367231638418076
2018-19,R10,South West,West Devon & East Cornwall,BSU,50<71,A to F2,180.0,not included,not included,not included,not included,not included,not included,not included,not included,not included,not included,not included,not included,9.879795817553104,2.634612218014161,3.7872550633953566,52.27272727272727
2018-19,R10,South West,Wiltshire,BSU,50<71,A to F2,189.0,not included,not included,not included,not included,not included,not included,not included,not included,not included,not included,not included,not included,8.743927827897293,1.4341892204487625,3.886190145732131,53.16455696202531
2018-19,R2,North West,"Bolton, Bury & Rochdale",BSU,50<71,A to F2,208.0,not included,not included,not included,not included,not included,not included,not included,not included,not included,not included,not included,not included,8.296107211231652,1.9942565411614548,3.5896617740906187,56.9620253164557
2018-19,R2,North West,Crewe,BSU,50<71,A to F2,101.0,not included,not included,not included,not included,not included,not included,not included,not included,not included,not included,not included,not included,8.872101194659171,1.4054813773717498,4.2164441321152495,56.470588235294116
2018-19,R2,North West,East Cheshire & Stockport,BSU,50<71,A to F2,156.0,not included,not included,not included,not included,not included,not included,not included,not included,not included,not included,not included,not included,9.00900900900901,1.8480018480018479,3.7537537537537538,52.41935483870967
2018-19,R2,North West,East Lancashire,BSU,50<71,A to F2,137.0,not included,not included,not included,not included,not included,not included,not included,not included,not included,not included,not included,not included,7.742300084769709,1.1302627860977679,3.6168409155128565,54.700854700854705
2018-19,R2,North West,Greater Manchester,BSU,50<71,A to F2,307.0,not included,not included,not included,not included,not included,not included,not included,not included,not included,not included,not included,not included,8.425964045560587,1.4271991217236173,3.54055166735282,50.78740157480315
2018-19,R2,North West,Liverpool,BSU,50<71,A to F2,230.0,not included,not included,not included,not included,not included,not included,not included,not included,not included,not included,not included,not included,7.861097819399822,2.358329345819947,2.460865404333857,44.72049689440994
2018-19,R2,North West,North Lancashire,BSU,50<71,A to F2,213.0,not included,not included,not included,not included,not included,not included,not included,not included,not included,not included,not included,not included,8.554560424113419,2.168761797662557,3.6146029961042614,56.9620253164557
2018-19,R2,North West,South Lancashire,BSU,50<71,A to F2,183.0,not included,not included,not included,not included,not included,not included,not included,not included,not included,not included,not included,not included,8.09985393706015,1.4606293984862568,3.717965741601381,56.375838926174495
2018-19,R2,North West,Warrington,BSU,50<71,A to F2,198.0,not included,not included,not included,not included,not included,not included,not included,not included,not included,not included,not included,not included,9.504152066433063,2.0160322565161044,3.2640522248355976,43.58974358974359
2018-19,R2,North West,Wirral & Chester,BSU,50<71,A to F2,210.0,not included,not included,not included,not included,not included,not included,not included,not included,not included,not included,not included,not included,9.865639387390774,1.7852109367659494,3.8053180494221555,47.093023255813954
2018-19,R3,Yorkshire and the Humber,Barnsley,BSU,50<71,A to F2,58.0,not included,not included,not included,not included,not included,not included,not included,not included,not included,not included,not included,not included,7.106972184781276,1.347874035044725,2.69574807008945,46.808510638297875
2018-19,R3,Yorkshire and the Humber,Doncaster,BSU,50<71,A to F2,99.0,not included,not included,not included,not included,not included,not included,not included,not included,not included,not included,not included,not included,6.054675555011926,0.7950584062136872,2.9967586080362056,56.97674418604651
2018-19,R3,Yorkshire and the Humber,Humberside,BSU,50<71,A to F2,262.0,not included,not included,not included,not included,not included,not included,not included,not included,not included,not included,not included,not included,7.351703238116617,0.9820977608171054,2.9743532184746617,46.69603524229075
2018-19,R3,Yorkshire and the Humber,Leeds Wakefield,BSU,50<71,A to F2,340.0,not included,not included,not included,not included,not included,not included,not included,not included,not included,not included,not included,not included,9.231855331396455,2.090743707404491,4.534470118656493,63.49809885931559
2018-19,R3,Yorkshire and the Humber,North Yorkshire,BSU,50<71,A to F2,248.0,not included,not included,not included,not included,not included,not included,not included,not included,not included,not included,not included,not included,8.16649104320337,1.7452581664910432,3.029504741833509,47.179487179487175
2018-19,R3,Yorkshire and the Humber,Pennine,BSU,50<71,A to F2,309.0,not included,not included,not included,not included,not included,not included,not included,not included,not included,not included,not included,not included,8.14014752370917,2.0811380400421493,3.3456269757639623,55.21739130434783
2018-19,R3,Yorkshire and the Humber,Rotherham,BSU,50<71,A to F2,82.0,not included,not included,not included,not included,not included,not included,not included,not included,not included,not included,not included,not included,8.991228070175438,1.7543859649122808,4.057017543859649,56.060606060606055
2018-19,R3,Yorkshire and the Humber,Sheffield,BSU,50<71,A to F2,131.0,not included,not included,not included,not included,not included,not included,not included,not included,not included,not included,not included,not included,7.375295574822656,1.3511991892804864,3.0401981758810943,50.467289719626166
2018-19,R4,East Midlands,Derby City & South Derbyshire,BSU,50<71,A to F2,277.0,not included,not included,not included,not included,not included,not included,not included,not included,not included,not included,not included,not included,7.601328174309158,1.7562635492988667,3.292994154935375,56.33802816901409
2018-19,R4,East Midlands,Kettering,BSU,50<71,A to F2,82.0,not included,not included,not included,not included,not included,not included,not included,not included,not included,not included,not included,not included,6.028968458201603,1.1028600838173666,2.8674362179251522,58.2089552238806
2018-19,R4,East Midlands,Leicestershire,BSU,50<71,A to F2,236.0,not included,not included,not included,not included,not included,not included,not included,not included,not included,not included,not included,not included,7.718724448078496,1.3082583810302535,3.630417007358953,56.63265306122449
2018-19,R4,East Midlands,Lincolnshire,BSU,50<71,A to F2,246.0,not included,not included,not included,not included,not included,not included,not included,not included,not included,not included,not included,not included,8.180095101918665,1.762378213014997,3.2254846540085795,50.259067357512954
2018-19,R4,East Midlands,Milton Keynes,BSU,50<71,A to F2,63.0,not included,not included,not included,not included,not included,not included,not included,not included,not included,not included,not included,not included,7.062780269058296,1.681614349775785,3.2511210762331837,60.416666666666664
2018-19,R4,East Midlands,North Derbyshire & Chesterfield,BSU,50<71,A to F2,139.0,not included,not included,not included,not included,not included,not included,not included,not included,not included,not included,not included,not included,9.494535519125684,2.1174863387978142,4.303278688524591,58.333333333333336
2018-19,R4,East Midlands,North Nottinghamshire,BSU,50<71,A to F2,59.0,not included,not included,not included,not included,not included,not included,not included,not included,not included,not included,not included,not included,5.817393019128377,1.0845986984815619,2.9579964504042597,62.5
2018-19,R4,East Midlands,Northampton,BSU,50<71,A to F2,109.0,not included,not included,not included,not included,not included,not included,not included,not included,not included,not included,not included,not included,7.151292481301666,1.4433801338407033,3.4116257708962077,59.77011494252874
2018-19,R4,East Midlands,Nottingham City,BSU,50<71,A to F2,213.0,not included,not included,not included,not included,not included,not included,not included,not included,not included,not included,not included,not included,8.669814392705959,1.465320742429176,4.640182351025724,64.40677966101694
2018-19,R5,West Midlands,"City, Sandwell & Walsall",BSU,50<71,A to F2,290.0,not included,not included,not included,not included,not included,not included,not included,not included,not included,not included,not included,not included,8.153167083696477,1.4900615704686664,2.86766566392083,43.037974683544306
2018-19,R5,West Midlands,Dudley & Wolverhampton,BSU,50<71,A to F2,231.0,not included,not included,not included,not included,not included,not included,not included,not included,not included,not included,not included,not included,9.483147912475882,1.8063138880906442,3.94104848310686,51.33689839572193
2018-19,R5,West Midlands,Hereford & Worcester,BSU,50<71,A to F2,232.0,not included,not included,not included,not included,not included,not included,not included,not included,not included,not included,not included,not included,7.076191057158543,1.6775452937229305,2.92807905813457,54.23728813559322
2018-19,R5,West Midlands,North Staffordshire,BSU,50<71,A to F2,205.0,not included,not included,not included,not included,not included,not included,not included,not included,not included,not included,not included,not included,9.061975068517372,2.298647334453187,3.8016090531341176,56.209150326797385
2018-19,R5,West Midlands,Shropshire,BSU,50<71,A to F2,159.0,not included,not included,not included,not included,not included,not included,not included,not included,not included,not included,not included,not included,8.227684346701166,1.4489003880983182,3.984476067270375,58.778625954198475
2018-19,R5,West Midlands,South Birmingham,BSU,50<71,A to F2,76.0,not included,not included,not included,not included,not included,not included,not included,not included,not included,not included,not included,not included,7.177937287495277,1.1333585190782018,2.7389497544389876,45.3125
2018-19,R5,West Midlands,"Warwickshire, Solihull & Coventry",BSU,50<71,A to F2,295.0,not included,not included,not included,not included,not included,not included,not included,not included,not included,not included,not included,not included,8.406713972243596,1.4248667749565416,3.106209569405261,44.48979591836735
2018-19,R6,East of England,Bedfordshire & Hertfordshire,BSU,50<71,A to F2,420.0,not included,not included,not included,not included,not included,not included,not included,not included,not included,not included,not included,not included,7.985701791078831,1.483058904057497,2.7949956268775904,42.98245614035088
2018-19,R6,East of England,Cambridge & Huntingdon,BSU,50<71,A to F2,154.0,not included,not included,not included,not included,not included,not included,not included,not included,not included,not included,not included,not included,8.226935199529889,1.7629146856135476,3.365564399807682,52.066115702479344
2018-19,R6,East of England,Colchester & Chelmsford,BSU,50<71,A to F2,262.0,not included,not included,not included,not included,not included,not included,not included,not included,not included,not included,not included,not included,7.934825403555529,1.05999576001696,3.1497016869075383,45.81497797356828
2018-19,R6,East of England,East Suffolk,BSU,50<71,A to F2,91.0,not included,not included,not included,not included,not included,not included,not included,not included,not included,not included,not included,not included,6.062221037905536,0.9992672040503631,2.598094730530944,51.31578947368421
2018-19,R6,East of England,Epping,BSU,50<71,A to F2,73.0,not included,not included,not included,not included,not included,not included,not included,not included,not included,not included,not included,not included,6.669102868627809,1.187648456057007,2.7407272062854013,50.0
2018-19,R6,East of England,James Paget,BSU,50<71,A to F2,86.0,not included,not included,not included,not included,not included,not included,not included,not included,not included,not included,not included,not included,8.207673220080167,1.0498186676846726,4.390150792135904,61.33333333333333
2018-19,R6,East of England,Kings Lynn,BSU,50<71,A to F2,75.0,not included,not included,not included,not included,not included,not included,not included,not included,not included,not included,not included,not included,7.14217693552995,1.047519283877726,3.33301590324731,54.6875
2018-19,R6,East of England,Norfolk & Norwich,BSU,50<71,A to F2,191.0,not included,not included,not included,not included,not included,not included,not included,not included,not included,not included,not included,not included,7.975946882699295,1.6703553681045642,3.591264041424813,56.95364238410596
2018-19,R6,East of England,Peterborough,BSU,50<71,A to F2,123.0,not included,not included,not included,not included,not included,not included,not included,not included,not included,not included,not included,not included,8.653440270156183,1.5477698044181794,3.799071338117349,53.46534653465347
2018-19,R6,East of England,South Essex (Southend),BSU,50<71,A to F2,159.0,not included,not included,not included,not included,not included,not included,not included,not included,not included,not included,not included,not included,7.970723882093442,1.6041708441949067,3.458993382795268,54.330708661417326
2018-19,R6,East of England,West Suffolk,BSU,50<71,A to F2,82.0,not included,not included,not included,not included,not included,not included,not included,not included,not included,not included,not included,not included,7.0325900514579756,1.3722126929674099,4.11663807890223,72.72727272727273
2018-19,R7,London,Central & East London,BSU,50<71,A to F2,180.0,not included,not included,not included,not included,not included,not included,not included,not included,not included,not included,not included,not included,9.107928958154126,2.226382634215453,3.4407731619693367,50.0
2018-19,R7,London,North London,BSU,50<71,A to F2,421.0,not included,not included,not included,not included,not included,not included,not included,not included,not included,not included,not included,not included,8.427247432792202,2.5421862802009727,2.4421002061773125,41.49659863945578
2018-19,R7,London,Outer North East London,BSU,50<71,A to F2,168.0,not included,not included,not included,not included,not included,not included,not included,not included,not included,not included,not included,not included,7.224874209779383,1.376166516148454,3.0963746613340213,52.94117647058824
2018-19,R7,London,South East London,BSU,50<71,A to F2,382.0,not included,not included,not included,not included,not included,not included,not included,not included,not included,not included,not included,not included,7.4507509264677205,1.7359079383655158,2.4575775307197194,43.003412969283275
2018-19,R7,London,South West London,BSU,50<71,A to F2,347.0,not included,not included,not included,not included,not included,not included,not included,not included,not included,not included,not included,not included,7.959445820717496,2.2479126525369297,2.2479126525369297,39.3574297188755
2018-19,R7,London,West of London,BSU,50<71,A to F2,295.0,not included,not included,not included,not included,not included,not included,not included,not included,not included,not included,not included,not included,7.401460220287528,1.982085957297338,2.283162305241237,42.129629629629626
2018-19,R8,South East,Aylesbury & Wycombe,BSU,50<71,A to F2,158.0,not included,not included,not included,not included,not included,not included,not included,not included,not included,not included,not included,not included,8.408280559842478,2.3415464850194243,3.3526688308232666,55.26315789473685
2018-19,R8,South East,Canterbury,BSU,50<71,A to F2,198.0,not included,not included,not included,not included,not included,not included,not included,not included,not included,not included,not included,not included,8.091540662035145,1.4303228442991418,3.310175725378014,49.693251533742334
2018-19,R8,South East,East Berkshire,BSU,50<71,A to F2,113.0,not included,not included,not included,not included,not included,not included,not included,not included,not included,not included,not included,not included,6.9470060248370835,1.0451248001967293,2.397639247510144,40.625
2018-19,R8,South East,East Sussex/Brighton,BSU,50<71,A to F2,227.0,not included,not included,not included,not included,not included,not included,not included,not included,not included,not included,not included,not included,8.488837365842713,1.9819752440073295,3.253431060917692,50.0
2018-19,R8,South East,Guildford,BSU,50<71,A to F2,445.0,not included,not included,not included,not included,not included,not included,not included,not included,not included,not included,not included,not included,9.4789758445874,2.5987304562689046,3.663783921952882,53.25077399380805
2018-19,R8,South East,Isle of Wight,BSU,50<71,A to F2,48.0,not included,not included,not included,not included,not included,not included,not included,not included,not included,not included,not included,not included,9.652121455861653,2.4130303639654134,3.418459682284335,47.22222222222222
2018-19,R8,South East,Maidstone,BSU,50<71,A to F2,138.0,not included,not included,not included,not included,not included,not included,not included,not included,not included,not included,not included,not included,9.130003307972213,1.9847833278200462,3.771088322858088,52.77777777777778
2018-19,R8,South East,Medway,BSU,50<71,A to F2,179.0,not included,not included,not included,not included,not included,not included,not included,not included,not included,not included,not included,not included,8.691429958727847,1.3595532896334062,3.6902160718621024,50.331125827814574
2018-19,R8,South East,North & Mid Hampshire,BSU,50<71,A to F2,171.0,not included,not included,not included,not included,not included,not included,not included,not included,not included,not included,not included,not included,7.582139848357203,1.3745399725092005,3.414179931716401,55.00000000000001
2018-19,R8,South East,Oxford,BSU,50<71,A to F2,212.0,not included,not included,not included,not included,not included,not included,not included,not included,not included,not included,not included,not included,9.129273964344156,2.23925587804668,3.9617603996210486,57.49999999999999
2018-19,R8,South East,Portsmouth,BSU,50<71,A to F2,172.0,not included,not included,not included,not included,not included,not included,not included,not included,not included,not included,not included,not included,7.314169076373533,1.4458241197482564,2.891648239496513,49.275362318840585
2018-19,R8,South East,West Berkshire,BSU,50<71,A to F2,126.0,not included,not included,not included,not included,not included,not included,not included,not included,not included,not included,not included,not included,7.240547063555913,1.3791518216296978,2.3560510286174003,40.5940594059406
2018-19,R8,South East,Worthing,BSU,50<71,A to F2,285.0,not included,not included,not included,not included,not included,not included,not included,not included,not included,not included,not included,not included,8.818342151675484,1.8255515331538723,3.991460131811009,57.07964601769911
2019-20,R1,North East,Gateshead,BSU,45 and over,A to F2,271.0,not included,not included,not included,not included,not included,not included,not included,not included,not included,not included,not included,not included,7.905484247374563,1.4585764294049008,3.23803967327888,50.2262443438914
2019-20,R1,North East,Newcastle,BSU,45 and over,A to F2,350.0,not included,not included,not included,not included,not included,not included,not included,not included,not included,not included,not included,not included,9.361042017705744,2.407125090267191,3.4234667950466715,49.23076923076923
2019-20,R1,North East,North Cumbria,BSU,45 and over,A to F2,114.0,not included,not included,not included,not included,not included,not included,not included,not included,not included,not included,not included,not included,7.516318322674227,2.307641590294719,2.7691699083536623,53.16455696202531
2019-20,R1,North East,North Tees,BSU,45 and over,A to F2,282.0,not included,not included,not included,not included,not included,not included,not included,not included,not included,not included,not included,not included,7.875555059066662,1.11710000837825,3.8539950289049627,57.02479338842975
2019-20,R10,South West,Avon,BSU,45 and over,A to F2,420.0,not included,not included,not included,not included,not included,not included,not included,not included,not included,not included,not included,not included,9.110431444003384,2.364373874753259,4.164768660115833,61.935483870967744
2019-20,R10,South West,Cornwall,BSU,45 and over,A to F2,189.0,not included,not included,not included,not included,not included,not included,not included,not included,not included,not included,not included,not included,8.791106563095958,1.627982696869622,4.046699846504489,56.493506493506494
2019-20,R10,South West,Dorset,BSU,45 and over,A to F2,301.0,not included,not included,not included,not included,not included,not included,not included,not included,not included,not included,not included,not included,9.050454026098983,2.4054362860063745,3.5480185218594023,53.39366515837104
2019-20,R10,South West,Gloucestershire,BSU,45 and over,A to F2,251.0,not included,not included,not included,not included,not included,not included,not included,not included,not included,not included,not included,not included,8.733168644097281,2.2963710378901223,2.9574475487978846,45.94594594594595
2019-20,R10,South West,North & East Devon,BSU,45 and over,A to F2,236.0,not included,not included,not included,not included,not included,not included,not included,not included,not included,not included,not included,not included,9.315912051474362,1.7368649587494573,4.026368768010106,53.125
2019-20,R10,South West,Somerset,BSU,45 and over,A to F2,146.0,not included,not included,not included,not included,not included,not included,not included,not included,not included,not included,not included,not included,6.482550395169168,1.0212236923896636,3.019270047065092,55.28455284552846
2019-20,R10,South West,South Devon (Torbay),BSU,45 and over,A to F2,132.0,not included,not included,not included,not included,not included,not included,not included,not included,not included,not included,not included,not included,8.684781893545628,1.7106388578195935,3.421277715639187,49.056603773584904
2019-20,R10,South West,Southampton & Salisbury,BSU,45 and over,A to F2,248.0,not included,not included,not included,not included,not included,not included,not included,not included,not included,not included,not included,not included,10.692420453565576,2.7162197119944813,3.8803138742778307,48.64864864864865
2019-20,R10,South West,West Devon & East Cornwall,BSU,45 and over,A to F2,176.0,not included,not included,not included,not included,not included,not included,not included,not included,not included,not included,not included,not included,8.77849269290239,1.7457229787021797,3.4415681580128683,48.93617021276596
2019-20,R10,South West,Wiltshire,BSU,45 and over,A to F2,240.0,not included,not included,not included,not included,not included,not included,not included,not included,not included,not included,not included,not included,9.462603004376454,1.6559555257658793,4.455308914560581,57.07070707070707
2019-20,R2,North West,"Bolton, Bury & Rochdale",BSU,45 and over,A to F2,257.0,not included,not included,not included,not included,not included,not included,not included,not included,not included,not included,not included,not included,8.246959535346404,1.7328241825241473,3.4656483650482945,53.20197044334976
2019-20,R2,North West,Crewe,BSU,45 and over,A to F2,111.0,not included,not included,not included,not included,not included,not included,not included,not included,not included,not included,not included,not included,8.670520231213873,1.8747070770192158,3.7494141540384316,55.172413793103445
2019-20,R2,North West,East Cheshire & Stockport,BSU,45 and over,A to F2,180.0,not included,not included,not included,not included,not included,not included,not included,not included,not included,not included,not included,not included,8.796364169476616,1.7592728338953234,3.4696769779602206,49.30555555555556
2019-20,R2,North West,East Lancashire,BSU,45 and over,A to F2,142.0,not included,not included,not included,not included,not included,not included,not included,not included,not included,not included,not included,not included,6.819054936611602,1.3926238955051862,2.8812908182865926,53.09734513274337
2019-20,R2,North West,Greater Manchester,BSU,45 and over,A to F2,390.0,not included,not included,not included,not included,not included,not included,not included,not included,not included,not included,not included,not included,7.71681275846376,1.484002453550723,3.1658719009082095,50.79365079365079
2019-20,R2,North West,Liverpool,BSU,45 and over,A to F2,300.0,not included,not included,not included,not included,not included,not included,not included,not included,not included,not included,not included,not included,8.519096975720574,1.8458043447394576,2.868095981825926,43.162393162393165
2019-20,R2,North West,North Lancashire,BSU,45 and over,A to F2,232.0,not included,not included,not included,not included,not included,not included,not included,not included,not included,not included,not included,not included,8.263874047161075,1.745387190995227,3.562014675500463,54.644808743169406
2019-20,R2,North West,South Lancashire,BSU,45 and over,A to F2,221.0,not included,not included,not included,not included,not included,not included,not included,not included,not included,not included,not included,not included,7.920295308748163,1.899437336487116,2.831236784575135,47.023809523809526
2019-20,R2,North West,Warrington,BSU,45 and over,A to F2,183.0,not included,not included,not included,not included,not included,not included,not included,not included,not included,not included,not included,not included,8.085896076352068,1.8115942028985508,2.0767055496641924,33.098591549295776
2019-20,R2,North West,Wirral & Chester,BSU,45 and over,A to F2,218.0,not included,not included,not included,not included,not included,not included,not included,not included,not included,not included,not included,not included,9.242771135419316,2.204697702026626,4.112609174934283,58.43373493975904
2019-20,R3,Yorkshire and the Humber,Barnsley,BSU,45 and over,A to F2,84.0,not included,not included,not included,not included,not included,not included,not included,not included,not included,not included,not included,not included,8.880431335236283,1.9029495718363465,3.171582619727244,45.45454545454545
2019-20,R3,Yorkshire and the Humber,Doncaster,BSU,45 and over,A to F2,135.0,not included,not included,not included,not included,not included,not included,not included,not included,not included,not included,not included,not included,7.271356242593988,0.8617903694926209,2.9085424970375957,45.378151260504204
2019-20,R3,Yorkshire and the Humber,Humberside,BSU,45 and over,A to F2,287.0,not included,not included,not included,not included,not included,not included,not included,not included,not included,not included,not included,not included,7.181643019793309,0.9008332707754674,3.1278933013037062,49.800796812749006
2019-20,R3,Yorkshire and the Humber,Leeds Wakefield,BSU,45 and over,A to F2,419.0,not included,not included,not included,not included,not included,not included,not included,not included,not included,not included,not included,not included,9.31090420212884,2.0888424701673296,4.444345681207085,61.53846153846154
2019-20,R3,Yorkshire and the Humber,North Yorkshire,BSU,45 and over,A to F2,295.0,not included,not included,not included,not included,not included,not included,not included,not included,not included,not included,not included,not included,8.114427176454408,1.430339705680099,2.860679411360198,42.79835390946502
2019-20,R3,Yorkshire and the Humber,Pennine,BSU,45 and over,A to F2,316.0,not included,not included,not included,not included,not included,not included,not included,not included,not included,not included,not included,not included,8.16031401714699,1.833488276004545,3.66697655200909,57.95918367346938
2019-20,R3,Yorkshire and the Humber,Rotherham,BSU,45 and over,A to F2,70.0,not included,not included,not included,not included,not included,not included,not included,not included,not included,not included,not included,not included,6.405563689604685,1.1896046852122988,3.2027818448023426,61.40350877192983
2019-20,R3,Yorkshire and the Humber,Sheffield,BSU,45 and over,A to F2,113.0,not included,not included,not included,not included,not included,not included,not included,not included,not included,not included,not included,not included,5.819043205108399,0.8239353210772954,2.2658221329625627,45.36082474226804
2019-20,R4,East Midlands,Derby City & South Derbyshire,BSU,45 and over,A to F2,288.0,not included,not included,not included,not included,not included,not included,not included,not included,not included,not included,not included,not included,8.28395558879365,1.9271702237818558,2.933900937697751,46.15384615384615
2019-20,R4,East Midlands,Kettering,BSU,45 and over,A to F2,129.0,not included,not included,not included,not included,not included,not included,not included,not included,not included,not included,not included,not included,8.375535644721465,1.168679392286716,3.3761849110505127,46.846846846846844
2019-20,R4,East Midlands,Leicestershire,BSU,45 and over,A to F2,377.0,not included,not included,not included,not included,not included,not included,not included,not included,not included,not included,not included,not included,9.023456199138344,1.938726663475347,4.356151268549546,61.48648648648649
2019-20,R4,East Midlands,Lincolnshire,BSU,45 and over,A to F2,274.0,not included,not included,not included,not included,not included,not included,not included,not included,not included,not included,not included,not included,8.245064997592682,1.4142994703899856,3.6711603273952815,53.74449339207048
2019-20,R4,East Midlands,Milton Keynes,BSU,45 and over,A to F2,84.0,not included,not included,not included,not included,not included,not included,not included,not included,not included,not included,not included,not included,8.05523590333717,1.3425393172228615,3.0686612965093976,45.714285714285715
2019-20,R4,East Midlands,North Derbyshire & Chesterfield,BSU,45 and over,A to F2,160.0,not included,not included,not included,not included,not included,not included,not included,not included,not included,not included,not included,not included,9.54426151276545,2.1474588403722263,4.175614411834884,56.451612903225815
2019-20,R4,East Midlands,North Nottinghamshire,BSU,45 and over,A to F2,88.0,not included,not included,not included,not included,not included,not included,not included,not included,not included,not included,not included,not included,8.127077946065755,0.9235315847801995,4.525304765422978,62.82051282051282
2019-20,R4,East Midlands,Northampton,BSU,45 and over,A to F2,122.0,not included,not included,not included,not included,not included,not included,not included,not included,not included,not included,not included,not included,7.556519046144317,1.7962217404769278,2.6014245896562405,45.16129032258064
2019-20,R4,East Midlands,Nottingham City,BSU,45 and over,A to F2,241.0,not included,not included,not included,not included,not included,not included,not included,not included,not included,not included,not included,not included,8.571326955222817,1.2447985204680443,4.054486609524487,55.33980582524271
2019-20,R5,West Midlands,"City, Sandwell & Walsall",BSU,45 and over,A to F2,320.0,not included,not included,not included,not included,not included,not included,not included,not included,not included,not included,not included,not included,7.884686460514969,2.1190094862633977,2.8828384871257855,50.0
2019-20,R5,West Midlands,Dudley & Wolverhampton,BSU,45 and over,A to F2,298.0,not included,not included,not included,not included,not included,not included,not included,not included,not included,not included,not included,not included,9.373132450539426,1.9501148051457868,3.554241499701192,47.88135593220339
2019-20,R5,West Midlands,Hereford & Worcester,BSU,45 and over,A to F2,245.0,not included,not included,not included,not included,not included,not included,not included,not included,not included,not included,not included,not included,8.044127786715698,1.411826509505204,3.151984765406967,47.524752475247524
2019-20,R5,West Midlands,North Staffordshire,BSU,45 and over,A to F2,242.0,not included,not included,not included,not included,not included,not included,not included,not included,not included,not included,not included,not included,9.889256671161784,2.370152425319766,4.2907931837685425,57.065217391304344
2019-20,R5,West Midlands,Shropshire,BSU,45 and over,A to F2,175.0,not included,not included,not included,not included,not included,not included,not included,not included,not included,not included,not included,not included,7.957800918557592,1.2732481469692145,4.0925833295439045,61.64383561643836
2019-20,R5,West Midlands,South Birmingham,BSU,45 and over,A to F2,136.0,not included,not included,not included,not included,not included,not included,not included,not included,not included,not included,not included,not included,9.692132269099202,0.8551881413911061,3.7058152793614596,41.935483870967744
2019-20,R5,West Midlands,"Warwickshire, Solihull & Coventry",BSU,45 and over,A to F2,349.0,not included,not included,not included,not included,not included,not included,not included,not included,not included,not included,not included,not included,8.762459514424163,1.4813326972808758,2.9877727284139697,41.03448275862069
2019-20,R6,East of England,Bedfordshire & Hertfordshire,BSU,45 and over,A to F2,480.0,not included,not included,not included,not included,not included,not included,not included,not included,not included,not included,not included,not included,7.895256266859663,1.6448450555957628,3.3554839134153562,53.68421052631579
2019-20,R6,East of England,Cambridge & Huntingdon,BSU,45 and over,A to F2,97.0,not included,not included,not included,not included,not included,not included,not included,not included,not included,not included,not included,not included,6.405176967776017,1.5847860538827259,2.3771790808240887,49.31506849315068
2019-20,R6,East of England,Colchester & Chelmsford,BSU,45 and over,A to F2,236.0,not included,not included,not included,not included,not included,not included,not included,not included,not included,not included,not included,not included,8.181376967343825,1.2480066560354988,3.0853497885322057,44.5
2019-20,R6,East of England,East Suffolk,BSU,45 and over,A to F2,127.0,not included,not included,not included,not included,not included,not included,not included,not included,not included,not included,not included,not included,7.687651331719128,0.9079903147699758,3.87409200968523,57.14285714285714
2019-20,R6,East of England,Epping,BSU,45 and over,A to F2,113.0,not included,not included,not included,not included,not included,not included,not included,not included,not included,not included,not included,not included,7.760456012636495,1.7169150470434722,2.6097108715060777,43.67816091954023
2019-20,R6,East of England,James Paget,BSU,45 and over,A to F2,96.0,not included,not included,not included,not included,not included,not included,not included,not included,not included,not included,not included,not included,8.981195621667135,1.590420058003555,5.239030779305828,70.88607594936708
2019-20,R6,East of England,Kings Lynn,BSU,45 and over,A to F2,93.0,not included,not included,not included,not included,not included,not included,not included,not included,not included,not included,not included,not included,10.448264239973037,1.6852039096730704,5.055611729019211,57.692307692307686
2019-20,R6,East of England,Norfolk & Norwich,BSU,45 and over,A to F2,202.0,not included,not included,not included,not included,not included,not included,not included,not included,not included,not included,not included,not included,8.53220696937698,1.7317845828933474,3.8859556494192184,57.14285714285714
2019-20,R6,East of England,Peterborough,BSU,45 and over,A to F2,92.0,not included,not included,not included,not included,not included,not included,not included,not included,not included,not included,not included,not included,7.6730608840700585,1.0842368640533777,2.7522935779816518,41.77215189873418
2019-20,R6,East of England,South Essex (Southend),BSU,45 and over,A to F2,221.0,not included,not included,not included,not included,not included,not included,not included,not included,not included,not included,not included,not included,8.462569404556769,1.4551024315527474,3.6377560788818686,51.91256830601093
2019-20,R6,East of England,West Suffolk,BSU,45 and over,A to F2,101.0,not included,not included,not included,not included,not included,not included,not included,not included,not included,not included,not included,not included,7.750748215793109,1.1511012201672934,3.6835239045353387,55.81395348837209
2019-20,R7,London,Central & East London,BSU,45 and over,A to F2,349.0,not included,not included,not included,not included,not included,not included,not included,not included,not included,not included,not included,not included,7.506506355795496,1.828232206998903,2.4734906329985162,43.72623574144487
2019-20,R7,London,North London,BSU,45 and over,A to F2,516.0,not included,not included,not included,not included,not included,not included,not included,not included,not included,not included,not included,not included,8.626598679261054,2.1733678843099558,2.608041461171947,40.519480519480524
2019-20,R7,London,Outer North East London,BSU,45 and over,A to F2,196.0,not included,not included,not included,not included,not included,not included,not included,not included,not included,not included,not included,not included,7.827163451938819,1.7571183259454495,3.0749570704045364,50.6578947368421
2019-20,R7,London,South East London,BSU,45 and over,A to F2,354.0,not included,not included,not included,not included,not included,not included,not included,not included,not included,not included,not included,not included,6.960830580462482,1.7107126002831525,2.4775837659273243,47.19101123595505
2019-20,R7,London,South West London,BSU,45 and over,A to F2,320.0,not included,not included,not included,not included,not included,not included,not included,not included,not included,not included,not included,not included,7.626310772163966,2.2402287893231647,2.359389895138227,43.80530973451327
2019-20,R7,London,West of London,BSU,45 and over,A to F2,340.0,not included,not included,not included,not included,not included,not included,not included,not included,not included,not included,not included,not included,7.710624787390861,1.5874815738745889,2.9028234493706773,47.40740740740741
2019-20,R8,South East,Aylesbury & Wycombe,BSU,45 and over,A to F2,202.0,not included,not included,not included,not included,not included,not included,not included,not included,not included,not included,not included,not included,9.74245201118935,2.3150381016687565,3.327867271148838,44.8051948051948
2019-20,R8,South East,Canterbury,BSU,45 and over,A to F2,244.0,not included,not included,not included,not included,not included,not included,not included,not included,not included,not included,not included,not included,8.048024276007652,1.2533808298700442,2.8036150141829936,41.262135922330096
2019-20,R8,South East,East Berkshire,BSU,45 and over,A to F2,147.0,not included,not included,not included,not included,not included,not included,not included,not included,not included,not included,not included,not included,8.302270416807861,1.8072969614819836,2.6544674121766634,41.228070175438596
2019-20,R8,South East,East Sussex/Brighton,BSU,45 and over,A to F2,285.0,not included,not included,not included,not included,not included,not included,not included,not included,not included,not included,not included,not included,9.141940657578187,2.309542902967121,3.72093023255814,54.460093896713616
2019-20,R8,South East,Guildford,BSU,45 and over,A to F2,558.0,not included,not included,not included,not included,not included,not included,not included,not included,not included,not included,not included,not included,10.313279733850846,2.8647999260696793,3.770446354311062,50.62034739454094
2019-20,R8,South East,Isle of Wight,BSU,45 and over,A to F2,84.0,not included,not included,not included,not included,not included,not included,not included,not included,not included,not included,not included,not included,8.554842652001222,1.120277013952541,3.3608310418576233,45.20547945205479
2019-20,R8,South East,Maidstone,BSU,45 and over,A to F2,189.0,not included,not included,not included,not included,not included,not included,not included,not included,not included,not included,not included,not included,9.334255235084946,2.3212169103121294,3.259581193204267,46.478873239436616
2019-20,R8,South East,Medway,BSU,45 and over,A to F2,238.0,not included,not included,not included,not included,not included,not included,not included,not included,not included,not included,not included,not included,9.21409214092141,1.8195896244676733,3.5230352303523036,47.64397905759162
2019-20,R8,South East,North & Mid Hampshire,BSU,45 and over,A to F2,186.0,not included,not included,not included,not included,not included,not included,not included,not included,not included,not included,not included,not included,8.186619718309858,1.1883802816901408,4.049295774647887,57.861635220125784
2019-20,R8,South East,Oxford,BSU,45 and over,A to F2,216.0,not included,not included,not included,not included,not included,not included,not included,not included,not included,not included,not included,not included,8.341056533827619,1.737720111214087,3.4368242199567502,52.046783625730995
2019-20,R8,South East,Portsmouth,BSU,45 and over,A to F2,176.0,not included,not included,not included,not included,not included,not included,not included,not included,not included,not included,not included,not included,7.792092796741488,2.1251162172931335,2.5235755080355955,44.53125
2019-20,R8,South East,West Berkshire,BSU,45 and over,A to F2,179.0,not included,not included,not included,not included,not included,not included,not included,not included,not included,not included,not included,not included,8.040968509950137,1.6620996361349445,2.9199047661830106,45.774647887323944
2019-20,R8,South East,Worthing,BSU,45 and over,A to F2,297.0,not included,not included,not included,not included,not included,not included,not included,not included,not included,not included,not included,not included,8.36054498367301,1.9423488345906992,3.377997973201216,52.63157894736842
2019-20,R1,North East,Gateshead,BSU,50<71,A to F2,245.0,not included,not included,not included,not included,not included,not included,not included,not included,not included,not included,not included,not included,7.470651013874066,1.3721603903033999,3.049245311785333,50.0
2019-20,R1,North East,Newcastle,BSU,50<71,A to F2,294.0,not included,not included,not included,not included,not included,not included,not included,not included,not included,not included,not included,not included,9.159163836879653,2.3053677684663074,3.364590797221097,49.09090909090909
2019-20,R1,North East,North Cumbria,BSU,50<71,A to F2,105.0,not included,not included,not included,not included,not included,not included,not included,not included,not included,not included,not included,not included,7.378258730939499,2.3891504462089803,2.810765230834095,56.33802816901409
2019-20,R1,North East,North Tees,BSU,50<71,A to F2,243.0,not included,not included,not included,not included,not included,not included,not included,not included,not included,not included,not included,not included,7.846302873748789,1.0655473038424281,3.713270907329674,54.761904761904766
2019-20,R10,South West,Avon,BSU,50<71,A to F2,342.0,not included,not included,not included,not included,not included,not included,not included,not included,not included,not included,not included,not included,8.666126089600649,2.3058990472329213,3.902290695317251,61.6
2019-20,R10,South West,Cornwall,BSU,50<71,A to F2,145.0,not included,not included,not included,not included,not included,not included,not included,not included,not included,not included,not included,not included,7.957414114806278,1.4817253868949622,3.512237954121392,54.23728813559322
2019-20,R10,South West,Dorset,BSU,50<71,A to F2,244.0,not included,not included,not included,not included,not included,not included,not included,not included,not included,not included,not included,not included,8.67894998932916,2.489862701856726,3.1656825780749807,51.14942528735632
2019-20,R10,South West,Gloucestershire,BSU,50<71,A to F2,209.0,not included,not included,not included,not included,not included,not included,not included,not included,not included,not included,not included,not included,8.507693560205162,2.2795733941219574,2.768053407148091,44.44444444444444
2019-20,R10,South West,North & East Devon,BSU,50<71,A to F2,200.0,not included,not included,not included,not included,not included,not included,not included,not included,not included,not included,not included,not included,8.588482844505517,1.5029844977884657,3.8218748658049555,53.939393939393945
2019-20,R10,South West,Somerset,BSU,50<71,A to F2,117.0,not included,not included,not included,not included,not included,not included,not included,not included,not included,not included,not included,not included,6.189493731153785,0.8993281489710628,2.9624927260223246,56.00000000000001
2019-20,R10,South West,South Devon (Torbay),BSU,50<71,A to F2,114.0,not included,not included,not included,not included,not included,not included,not included,not included,not included,not included,not included,not included,8.716262711216455,1.529168896704641,3.4406300175854425,47.87234042553192
2019-20,R10,South West,Southampton & Salisbury,BSU,50<71,A to F2,198.0,not included,not included,not included,not included,not included,not included,not included,not included,not included,not included,not included,not included,10.010111223458038,2.3761375126390294,3.488372093023256,45.6953642384106
2019-20,R10,South West,West Devon & East Cornwall,BSU,50<71,A to F2,144.0,not included,not included,not included,not included,not included,not included,not included,not included,not included,not included,not included,not included,8.508626802174428,1.4181044670290712,3.367998109194044,47.5
2019-20,R10,South West,Wiltshire,BSU,50<71,A to F2,183.0,not included,not included,not included,not included,not included,not included,not included,not included,not included,not included,not included,not included,8.440570084405701,1.4759466814261335,3.8743600387436,55.62913907284768
2019-20,R2,North West,"Bolton, Bury & Rochdale",BSU,50<71,A to F2,218.0,not included,not included,not included,not included,not included,not included,not included,not included,not included,not included,not included,not included,8.080957852985875,1.593950402194462,3.521518330429625,54.285714285714285
2019-20,R2,North West,Crewe,BSU,50<71,A to F2,87.0,not included,not included,not included,not included,not included,not included,not included,not included,not included,not included,not included,not included,8.043639053254438,1.386834319526627,3.605769230769231,54.166666666666664
2019-20,R2,North West,East Cheshire & Stockport,BSU,50<71,A to F2,135.0,not included,not included,not included,not included,not included,not included,not included,not included,not included,not included,not included,not included,7.899356348741955,1.521357519016969,3.5693387946167348,55.96330275229357
2019-20,R2,North West,East Lancashire,BSU,50<71,A to F2,119.0,not included,not included,not included,not included,not included,not included,not included,not included,not included,not included,not included,not included,6.666293204862472,1.2884432244692172,2.8009635314548205,52.083333333333336
2019-20,R2,North West,Greater Manchester,BSU,50<71,A to F2,323.0,not included,not included,not included,not included,not included,not included,not included,not included,not included,not included,not included,not included,7.37055883896584,1.414782191999635,2.9436597220637566,49.42528735632184
2019-20,R2,North West,Liverpool,BSU,50<71,A to F2,255.0,not included,not included,not included,not included,not included,not included,not included,not included,not included,not included,not included,not included,8.373284297629212,1.707493268536153,2.7910947658764034,41.87192118226601
2019-20,R2,North West,North Lancashire,BSU,50<71,A to F2,195.0,not included,not included,not included,not included,not included,not included,not included,not included,not included,not included,not included,not included,7.975786330729273,1.5951572661458546,3.3539204057425662,52.56410256410257
2019-20,R2,North West,South Lancashire,BSU,50<71,A to F2,178.0,not included,not included,not included,not included,not included,not included,not included,not included,not included,not included,not included,not included,7.580274252619027,2.001533089174687,2.7254918661102123,48.854961832061065
2019-20,R2,North West,Warrington,BSU,50<71,A to F2,149.0,not included,not included,not included,not included,not included,not included,not included,not included,not included,not included,not included,not included,7.741064006650041,1.7664172901080633,1.9222776392352452,32.17391304347826
2019-20,R2,North West,Wirral & Chester,BSU,50<71,A to F2,182.0,not included,not included,not included,not included,not included,not included,not included,not included,not included,not included,not included,not included,9.06058644894708,2.1406880071688157,4.032458804201722,58.27338129496403
2019-20,R3,Yorkshire and the Humber,Barnsley,BSU,50<71,A to F2,72.0,not included,not included,not included,not included,not included,not included,not included,not included,not included,not included,not included,not included,8.771929824561402,1.827485380116959,3.0458089668615984,43.859649122807014
2019-20,R3,Yorkshire and the Humber,Doncaster,BSU,50<71,A to F2,108.0,not included,not included,not included,not included,not included,not included,not included,not included,not included,not included,not included,not included,6.979900471789569,0.8401732049376334,3.102177987462031,50.526315789473685
2019-20,R3,Yorkshire and the Humber,Humberside,BSU,50<71,A to F2,240.0,not included,not included,not included,not included,not included,not included,not included,not included,not included,not included,not included,not included,6.924208764894262,0.9232278353192349,2.856236115518883,47.59615384615385
2019-20,R3,Yorkshire and the Humber,Leeds Wakefield,BSU,50<71,A to F2,336.0,not included,not included,not included,not included,not included,not included,not included,not included,not included,not included,not included,not included,8.614059375480695,2.025329436496949,4.127570117417833,62.64591439688716
2019-20,R3,Yorkshire and the Humber,North Yorkshire,BSU,50<71,A to F2,232.0,not included,not included,not included,not included,not included,not included,not included,not included,not included,not included,not included,not included,7.813026200579241,1.5154576682158012,2.7951774769313666,44.38502673796791
2019-20,R3,Yorkshire and the Humber,Pennine,BSU,50<71,A to F2,274.0,not included,not included,not included,not included,not included,not included,not included,not included,not included,not included,not included,not included,8.228969576838756,1.8920623479592757,3.7841246959185515,59.71563981042654
2019-20,R3,Yorkshire and the Humber,Rotherham,BSU,50<71,A to F2,53.0,not included,not included,not included,not included,not included,not included,not included,not included,not included,not included,not included,not included,5.903976829675838,1.002562103152501,3.230477887935836,65.9090909090909
2019-20,R3,Yorkshire and the Humber,Sheffield,BSU,50<71,A to F2,90.0,not included,not included,not included,not included,not included,not included,not included,not included,not included,not included,not included,not included,5.54357868801971,0.7391438250692948,2.0942408376963355,43.58974358974359
2019-20,R4,East Midlands,Derby City & South Derbyshire,BSU,50<71,A to F2,230.0,not included,not included,not included,not included,not included,not included,not included,not included,not included,not included,not included,not included,7.698229407236336,1.941292633129163,2.7780566991331126,48.25581395348838
2019-20,R4,East Midlands,Kettering,BSU,50<71,A to F2,103.0,not included,not included,not included,not included,not included,not included,not included,not included,not included,not included,not included,not included,7.940790995297202,1.1564258731015342,3.315087502891065,48.86363636363637
2019-20,R4,East Midlands,Leicestershire,BSU,50<71,A to F2,324.0,not included,not included,not included,not included,not included,not included,not included,not included,not included,not included,not included,not included,8.99625156184923,1.9714008052200471,4.38706094682771,62.450592885375485
2019-20,R4,East Midlands,Lincolnshire,BSU,50<71,A to F2,212.0,not included,not included,not included,not included,not included,not included,not included,not included,not included,not included,not included,not included,7.570076772004999,1.3211926441706836,3.356543474379575,53.714285714285715
2019-20,R4,East Midlands,Milton Keynes,BSU,50<71,A to F2,69.0,not included,not included,not included,not included,not included,not included,not included,not included,not included,not included,not included,not included,7.772020725388601,1.2390177968010814,3.2665014642937598,50.0
2019-20,R4,East Midlands,North Derbyshire & Chesterfield,BSU,50<71,A to F2,123.0,not included,not included,not included,not included,not included,not included,not included,not included,not included,not included,not included,not included,8.599594490666295,1.8877158638047962,3.49577011815703,52.083333333333336
2019-20,R4,East Midlands,North Nottinghamshire,BSU,50<71,A to F2,70.0,not included,not included,not included,not included,not included,not included,not included,not included,not included,not included,not included,not included,7.648601398601399,0.6555944055944056,4.698426573426573,67.1875
2019-20,R4,East Midlands,Northampton,BSU,50<71,A to F2,101.0,not included,not included,not included,not included,not included,not included,not included,not included,not included,not included,not included,not included,7.473177950425453,1.7758046614872365,2.5157232704402515,44.15584415584416
2019-20,R4,East Midlands,Nottingham City,BSU,50<71,A to F2,191.0,not included,not included,not included,not included,not included,not included,not included,not included,not included,not included,not included,not included,8.04820495533457,1.1377043654137873,3.5395246923984494,51.21951219512195
2019-20,R5,West Midlands,"City, Sandwell & Walsall",BSU,50<71,A to F2,270.0,not included,not included,not included,not included,not included,not included,not included,not included,not included,not included,not included,not included,7.674597083653108,2.0181347886643355,2.8140189306728063,49.74874371859296
2019-20,R5,West Midlands,Dudley & Wolverhampton,BSU,50<71,A to F2,240.0,not included,not included,not included,not included,not included,not included,not included,not included,not included,not included,not included,not included,8.824502702503953,1.8384380630216568,3.3827260359598483,48.421052631578945
2019-20,R5,West Midlands,Hereford & Worcester,BSU,50<71,A to F2,197.0,not included,not included,not included,not included,not included,not included,not included,not included,not included,not included,not included,not included,7.654349768815324,1.2044915879861677,3.0695108209970083,47.59036144578313
2019-20,R5,West Midlands,North Staffordshire,BSU,50<71,A to F2,194.0,not included,not included,not included,not included,not included,not included,not included,not included,not included,not included,not included,not included,9.344894026974952,2.3603082851637764,4.0462427745664735,57.931034482758626
2019-20,R5,West Midlands,Shropshire,BSU,50<71,A to F2,160.0,not included,not included,not included,not included,not included,not included,not included,not included,not included,not included,not included,not included,8.494823466949828,1.380408813379347,4.512874966817096,63.90977443609023
2019-20,R5,West Midlands,South Birmingham,BSU,50<71,A to F2,107.0,not included,not included,not included,not included,not included,not included,not included,not included,not included,not included,not included,not included,8.723300179357574,0.7337355291048426,3.424099135822599,42.857142857142854
2019-20,R5,West Midlands,"Warwickshire, Solihull & Coventry",BSU,50<71,A to F2,276.0,not included,not included,not included,not included,not included,not included,not included,not included,not included,not included,not included,not included,8.107869921565172,1.410064334185247,2.6438706265973386,39.473684210526315
2019-20,R6,East of England,Bedfordshire & Hertfordshire,BSU,50<71,A to F2,386.0,not included,not included,not included,not included,not included,not included,not included,not included,not included,not included,not included,not included,7.488602192259191,1.5132408575031526,3.201086429333592,53.57142857142857
2019-20,R6,East of England,Cambridge & Huntingdon,BSU,50<71,A to F2,79.0,not included,not included,not included,not included,not included,not included,not included,not included,not included,not included,not included,not included,5.752147953982816,1.601863987185088,2.0387359836901124,49.122807017543856
2019-20,R6,East of England,Colchester & Chelmsford,BSU,50<71,A to F2,190.0,not included,not included,not included,not included,not included,not included,not included,not included,not included,not included,not included,not included,7.580593680178742,1.2767315671879989,2.992339610596872,47.46835443037975
2019-20,R6,East of England,East Suffolk,BSU,50<71,A to F2,101.0,not included,not included,not included,not included,not included,not included,not included,not included,not included,not included,not included,not included,6.719446477280288,0.7318209034661699,3.459516998203712,57.77777777777777
2019-20,R6,East of England,Epping,BSU,50<71,A to F2,87.0,not included,not included,not included,not included,not included,not included,not included,not included,not included,not included,not included,not included,7.0553888573513905,1.4597356256589082,2.351796285783797,42.028985507246375
2019-20,R6,East of England,James Paget,BSU,50<71,A to F2,80.0,not included,not included,not included,not included,not included,not included,not included,not included,not included,not included,not included,not included,8.054772452678213,1.409585179218687,4.530809504631494,68.18181818181817
2019-20,R6,East of England,Kings Lynn,BSU,50<71,A to F2,79.0,not included,not included,not included,not included,not included,not included,not included,not included,not included,not included,not included,not included,9.761522303225009,1.729890028419622,4.571852217966144,56.92307692307692
2019-20,R6,East of England,Norfolk & Norwich,BSU,50<71,A to F2,168.0,not included,not included,not included,not included,not included,not included,not included,not included,not included,not included,not included,not included,7.9387581514034595,1.653907948209054,3.5440884604479725,56.390977443609025
2019-20,R6,East of England,Peterborough,BSU,50<71,A to F2,87.0,not included,not included,not included,not included,not included,not included,not included,not included,not included,not included,not included,not included,7.61354686269362,1.1376564277588168,2.8878970858493043,44.5945945945946
2019-20,R6,East of England,South Essex (Southend),BSU,50<71,A to F2,188.0,not included,not included,not included,not included,not included,not included,not included,not included,not included,not included,not included,not included,7.964751736993729,1.3557024233180817,3.431621759023894,51.92307692307693
2019-20,R6,East of England,West Suffolk,BSU,50<71,A to F2,79.0,not included,not included,not included,not included,not included,not included,not included,not included,not included,not included,not included,not included,7.07188255303912,0.9846925073851939,3.043595022826963,50.0
2019-20,R7,London,Central & East London,BSU,50<71,A to F2,337.0,not included,not included,not included,not included,not included,not included,not included,not included,not included,not included,not included,not included,7.464339505625942,1.8383981571719676,2.4364312926375478,43.47826086956522
2019-20,R7,London,North London,BSU,50<71,A to F2,439.0,not included,not included,not included,not included,not included,not included,not included,not included,not included,not included,not included,not included,8.463303194463187,2.178481232287791,2.679724701663743,42.769230769230774
2019-20,R7,London,Outer North East London,BSU,50<71,A to F2,159.0,not included,not included,not included,not included,not included,not included,not included,not included,not included,not included,not included,not included,7.476723408257312,1.6458196181698486,2.9624753127057275,50.806451612903224
2019-20,R7,London,South East London,BSU,50<71,A to F2,298.0,not included,not included,not included,not included,not included,not included,not included,not included,not included,not included,not included,not included,6.838783706253587,1.7670682730923695,2.4096385542168677,47.511312217194565
2019-20,R7,London,South West London,BSU,50<71,A to F2,267.0,not included,not included,not included,not included,not included,not included,not included,not included,not included,not included,not included,not included,7.322892954115356,2.331258056553578,2.331258056553578,46.7032967032967
2019-20,R7,London,West of London,BSU,50<71,A to F2,285.0,not included,not included,not included,not included,not included,not included,not included,not included,not included,not included,not included,not included,7.380742735795308,1.5279432330242917,2.8746050655202775,49.11504424778761
2019-20,R8,South East,Aylesbury & Wycombe,BSU,50<71,A to F2,169.0,not included,not included,not included,not included,not included,not included,not included,not included,not included,not included,not included,not included,9.699265381083563,2.4104683195592287,3.500918273645546,48.031496062992126
2019-20,R8,South East,Canterbury,BSU,50<71,A to F2,204.0,not included,not included,not included,not included,not included,not included,not included,not included,not included,not included,not included,not included,7.757538882762293,1.1027873901966003,2.737954899798456,41.14285714285714
2019-20,R8,South East,East Berkshire,BSU,50<71,A to F2,118.0,not included,not included,not included,not included,not included,not included,not included,not included,not included,not included,not included,not included,7.91521330829085,1.8111081298631606,2.61604507646901,42.857142857142854
2019-20,R8,South East,East Sussex/Brighton,BSU,50<71,A to F2,239.0,not included,not included,not included,not included,not included,not included,not included,not included,not included,not included,not included,not included,8.913586693022042,2.2377205087084624,3.692238839368963,55.3072625698324
2019-20,R8,South East,Guildford,BSU,50<71,A to F2,466.0,not included,not included,not included,not included,not included,not included,not included,not included,not included,not included,not included,not included,10.100791156388858,2.7527907228785087,3.7498645280156064,51.03244837758112
2019-20,R8,South East,Isle of Wight,BSU,50<71,A to F2,71.0,not included,not included,not included,not included,not included,not included,not included,not included,not included,not included,not included,not included,8.592520876195087,0.9681713663318408,3.2675783613699623,42.857142857142854
2019-20,R8,South East,Maidstone,BSU,50<71,A to F2,158.0,not included,not included,not included,not included,not included,not included,not included,not included,not included,not included,not included,not included,9.050292129682667,2.2339328674533165,3.035857486539123,44.537815126050425
2019-20,R8,South East,Medway,BSU,50<71,A to F2,190.0,not included,not included,not included,not included,not included,not included,not included,not included,not included,not included,not included,not included,8.73201893469369,2.022151753297486,3.079185624339354,45.89041095890411
2019-20,R8,South East,North & Mid Hampshire,BSU,50<71,A to F2,141.0,not included,not included,not included,not included,not included,not included,not included,not included,not included,not included,not included,not included,7.4904377390565235,1.0093497662558435,3.824904377390565,59.01639344262295
2019-20,R8,South East,Oxford,BSU,50<71,A to F2,177.0,not included,not included,not included,not included,not included,not included,not included,not included,not included,not included,not included,not included,8.111080560901842,1.6955366144258086,3.5285491705618184,55.00000000000001
2019-20,R8,South East,Portsmouth,BSU,50<71,A to F2,141.0,not included,not included,not included,not included,not included,not included,not included,not included,not included,not included,not included,not included,7.259434690830458,1.9049580394377799,2.265355506358441,42.30769230769231
2019-20,R8,South East,West Berkshire,BSU,50<71,A to F2,141.0,not included,not included,not included,not included,not included,not included,not included,not included,not included,not included,not included,not included,7.546563904945407,1.7126953543138514,2.4619995718261616,42.201834862385326
2019-20,R8,South East,Worthing,BSU,50<71,A to F2,259.0,not included,not included,not included,not included,not included,not included,not included,not included,not included,not included,not included,not included,7.830451082355786,1.8744709154674084,3.386141008586286,56.852791878172596
2020-21,R1,North East,Gateshead,BSU,45 and over,A to F2,179.0,not included,not included,not included,not included,not included,not included,not included,not included,not included,not included,not included,not included,8.408888053741721,1.7381500446281768,3.711185230422324,55.633802816901415
2020-21,R1,North East,Newcastle,BSU,45 and over,A to F2,205.0,not included,not included,not included,not included,not included,not included,not included,not included,not included,not included,not included,not included,10.495596969076388,2.3039115297972557,3.9934466516485765,48.75
2020-21,R1,North East,North Cumbria,BSU,45 and over,A to F2,70.0,not included,not included,not included,not included,not included,not included,not included,not included,not included,not included,not included,not included,8.280104092737165,1.6560208185474332,4.021764845043767,60.71428571428571
2020-21,R1,North East,North Tees,BSU,45 and over,A to F2,212.0,not included,not included,not included,not included,not included,not included,not included,not included,not included,not included,not included,not included,9.552561618528365,1.3968368404451854,4.505925291758662,55.24861878453039
2020-21,R10,South West,Avon,BSU,45 and over,A to F2,251.0,not included,not included,not included,not included,not included,not included,not included,not included,not included,not included,not included,not included,9.118982742960943,1.9981834695731153,4.141689373297003,58.46153846153847
2020-21,R10,South West,Cornwall,BSU,45 and over,A to F2,103.0,not included,not included,not included,not included,not included,not included,not included,not included,not included,not included,not included,not included,8.432945799901752,2.128704765023743,3.029310627149173,48.05194805194805
2020-21,R10,South West,Dorset,BSU,45 and over,A to F2,183.0,not included,not included,not included,not included,not included,not included,not included,not included,not included,not included,not included,not included,11.293507775857814,2.9622315477659837,4.813626265119724,58.2089552238806
2020-21,R10,South West,Gloucestershire,BSU,45 and over,A to F2,173.0,not included,not included,not included,not included,not included,not included,not included,not included,not included,not included,not included,not included,10.119326158165652,1.8132896583996256,3.4510996724379974,41.54929577464789
2020-21,R10,South West,North & East Devon,BSU,45 and over,A to F2,142.0,not included,not included,not included,not included,not included,not included,not included,not included,not included,not included,not included,not included,9.775574831336913,1.6522098306484925,4.130524576621231,50.847457627118644
2020-21,R10,South West,Somerset,BSU,45 and over,A to F2,99.0,not included,not included,not included,not included,not included,not included,not included,not included,not included,not included,not included,not included,11.003667889296432,2.445259530954763,5.779704345893076,67.53246753246754
2020-21,R10,South West,South Devon (Torbay),BSU,45 and over,A to F2,56.0,not included,not included,not included,not included,not included,not included,not included,not included,not included,not included,not included,not included,6.727534839019702,1.201345506967804,2.2825564632388273,41.30434782608695
2020-21,R10,South West,Southampton & Salisbury,BSU,45 and over,A to F2,128.0,not included,not included,not included,not included,not included,not included,not included,not included,not included,not included,not included,not included,10.116977552956055,2.608283275371483,3.951944356623459,52.63157894736842
2020-21,R10,South West,West Devon & East Cornwall,BSU,45 and over,A to F2,173.0,not included,not included,not included,not included,not included,not included,not included,not included,not included,not included,not included,not included,10.97994414826098,2.856054836252856,3.9350088855039353,48.4375
2020-21,R10,South West,Wiltshire,BSU,45 and over,A to F2,160.0,not included,not included,not included,not included,not included,not included,not included,not included,not included,not included,not included,not included,10.542962572482868,1.9109119662625198,4.678439641539272,54.19847328244275
2020-21,R2,North West,"Bolton, Bury & Rochdale",BSU,45 and over,A to F2,150.0,not included,not included,not included,not included,not included,not included,not included,not included,not included,not included,not included,not included,8.520306731042316,1.760863391082079,3.010508378301619,44.537815126050425
2020-21,R2,North West,Crewe,BSU,45 and over,A to F2,53.0,not included,not included,not included,not included,not included,not included,not included,not included,not included,not included,not included,not included,9.99811356347859,2.07508017355216,3.2069420863987927,40.476190476190474
2020-21,R2,North West,East Cheshire & Stockport,BSU,45 and over,A to F2,92.0,not included,not included,not included,not included,not included,not included,not included,not included,not included,not included,not included,not included,10.103228640456841,2.745442565341533,3.6239841862508237,49.25373134328358
2020-21,R2,North West,East Lancashire,BSU,45 and over,A to F2,106.0,not included,not included,not included,not included,not included,not included,not included,not included,not included,not included,not included,not included,8.467129962457065,1.6774502755811167,3.115264797507788,45.88235294117647
2020-21,R2,North West,Greater Manchester,BSU,45 and over,A to F2,247.0,not included,not included,not included,not included,not included,not included,not included,not included,not included,not included,not included,not included,8.893849920783524,1.7643669883335735,3.2046665706466944,44.94949494949495
2020-21,R2,North West,Liverpool,BSU,45 and over,A to F2,162.0,not included,not included,not included,not included,not included,not included,not included,not included,not included,not included,not included,not included,10.71570313533536,2.182828416457203,4.167217885963752,48.837209302325576
2020-21,R2,North West,North Lancashire,BSU,45 and over,A to F2,114.0,not included,not included,not included,not included,not included,not included,not included,not included,not included,not included,not included,not included,10.203168352277814,3.311554640651571,3.8485635012977712,55.84415584415584
2020-21,R2,North West,South Lancashire,BSU,45 and over,A to F2,145.0,not included,not included,not included,not included,not included,not included,not included,not included,not included,not included,not included,not included,8.421419444767105,1.91659890811941,2.3231501916598907,35.714285714285715
2020-21,R2,North West,Warrington,BSU,45 and over,A to F2,104.0,not included,not included,not included,not included,not included,not included,not included,not included,not included,not included,not included,not included,9.637661013807802,2.5020850708924103,3.150773792975628,44.15584415584416
2020-21,R2,North West,Wirral & Chester,BSU,45 and over,A to F2,111.0,not included,not included,not included,not included,not included,not included,not included,not included,not included,not included,not included,not included,9.444397175189312,1.3613545477750362,3.4033863694375905,42.10526315789473
2020-21,R3,Yorkshire and the Humber,Barnsley,BSU,45 and over,A to F2,40.0,not included,not included,not included,not included,not included,not included,not included,not included,not included,not included,not included,not included,11.947431302270013,2.688172043010753,4.480286738351254,48.38709677419355
2020-21,R3,Yorkshire and the Humber,Doncaster,BSU,45 and over,A to F2,62.0,not included,not included,not included,not included,not included,not included,not included,not included,not included,not included,not included,not included,7.294117647058823,1.176470588235294,3.411764705882353,55.769230769230774
2020-21,R3,Yorkshire and the Humber,Humberside,BSU,45 and over,A to F2,139.0,not included,not included,not included,not included,not included,not included,not included,not included,not included,not included,not included,not included,7.523680649526387,0.8660351826792964,3.1393775372124493,47.15447154471545
2020-21,R3,Yorkshire and the Humber,Leeds Wakefield,BSU,45 and over,A to F2,234.0,not included,not included,not included,not included,not included,not included,not included,not included,not included,not included,not included,not included,8.338381498770623,1.9242418843316822,3.7415814417560487,58.333333333333336
2020-21,R3,Yorkshire and the Humber,North Yorkshire,BSU,45 and over,A to F2,185.0,not included,not included,not included,not included,not included,not included,not included,not included,not included,not included,not included,not included,9.357612544258977,1.5680323722812344,2.9337379868487607,37.66233766233766
2020-21,R3,Yorkshire and the Humber,Pennine,BSU,45 and over,A to F2,196.0,not included,not included,not included,not included,not included,not included,not included,not included,not included,not included,not included,not included,8.685633253567312,2.171408313391828,3.3235841531507577,51.724137931034484
2020-21,R3,Yorkshire and the Humber,Rotherham,BSU,45 and over,A to F2,49.0,not included,not included,not included,not included,not included,not included,not included,not included,not included,not included,not included,not included,11.083465279348564,2.940511196561864,3.8452838724270526,47.22222222222222
2020-21,R3,Yorkshire and the Humber,Sheffield,BSU,45 and over,A to F2,75.0,not included,not included,not included,not included,not included,not included,not included,not included,not included,not included,not included,not included,6.8386979119175715,1.641287498860217,2.1883833318136223,42.10526315789473
2020-21,R4,East Midlands,Derby City & South Derbyshire,BSU,45 and over,A to F2,190.0,not included,not included,not included,not included,not included,not included,not included,not included,not included,not included,not included,not included,9.501900380076014,2.2004400880176034,3.650730146029206,50.0
2020-21,R4,East Midlands,Kettering,BSU,45 and over,A to F2,101.0,not included,not included,not included,not included,not included,not included,not included,not included,not included,not included,not included,not included,9.086002159050016,1.5293270960777259,3.95825836631882,52.38095238095239
2020-21,R4,East Midlands,Leicestershire,BSU,45 and over,A to F2,199.0,not included,not included,not included,not included,not included,not included,not included,not included,not included,not included,not included,not included,11.430212521539344,2.1826536473291216,5.801263641585296,62.732919254658384
2020-21,R4,East Midlands,Lincolnshire,BSU,45 and over,A to F2,113.0,not included,not included,not included,not included,not included,not included,not included,not included,not included,not included,not included,not included,8.377817319098458,1.5569395017793595,2.9655990510083035,43.47826086956522
2020-21,R4,East Midlands,Milton Keynes,BSU,45 and over,A to F2,82.0,not included,not included,not included,not included,not included,not included,not included,not included,not included,not included,not included,not included,10.829371368198627,2.1130480718436346,4.886423666138405,56.060606060606055
2020-21,R4,East Midlands,North Derbyshire & Chesterfield,BSU,45 and over,A to F2,93.0,not included,not included,not included,not included,not included,not included,not included,not included,not included,not included,not included,not included,9.412955465587045,2.9352226720647776,3.54251012145749,54.6875
2020-21,R4,East Midlands,North Nottinghamshire,BSU,45 and over,A to F2,55.0,not included,not included,not included,not included,not included,not included,not included,not included,not included,not included,not included,not included,7.336267840469521,0.9337068160597572,3.201280512204882,50.0
2020-21,R4,East Midlands,Northampton,BSU,45 and over,A to F2,68.0,not included,not included,not included,not included,not included,not included,not included,not included,not included,not included,not included,not included,7.735183710613127,1.592537822773291,3.185075645546582,51.85185185185185
2020-21,R4,East Midlands,Nottingham City,BSU,45 and over,A to F2,147.0,not included,not included,not included,not included,not included,not included,not included,not included,not included,not included,not included,not included,7.809594644849386,1.4344153429315198,3.453222121872178,54.166666666666664
2020-21,R5,West Midlands,"City, Sandwell & Walsall",BSU,45 and over,A to F2,207.0,not included,not included,not included,not included,not included,not included,not included,not included,not included,not included,not included,not included,9.972539384304092,2.9869441634147518,2.649708532061473,37.93103448275862
2020-21,R5,West Midlands,Dudley & Wolverhampton,BSU,45 and over,A to F2,139.0,not included,not included,not included,not included,not included,not included,not included,not included,not included,not included,not included,not included,8.970056788848735,1.8714506969540525,3.742901393908105,53.21100917431193
2020-21,R5,West Midlands,Hereford & Worcester,BSU,45 and over,A to F2,189.0,not included,not included,not included,not included,not included,not included,not included,not included,not included,not included,not included,not included,10.558659217877095,1.899441340782123,4.022346368715084,46.45161290322581
2020-21,R5,West Midlands,North Staffordshire,BSU,45 and over,A to F2,150.0,not included,not included,not included,not included,not included,not included,not included,not included,not included,not included,not included,not included,8.956293288750896,2.5077621208502507,3.881060425125388,60.18518518518518
2020-21,R5,West Midlands,Shropshire,BSU,45 and over,A to F2,68.0,not included,not included,not included,not included,not included,not included,not included,not included,not included,not included,not included,not included,7.49641715356631,1.1024142872891634,3.197001433138573,50.0
2020-21,R5,West Midlands,South Birmingham,BSU,45 and over,A to F2,70.0,not included,not included,not included,not included,not included,not included,not included,not included,not included,not included,not included,not included,10.598031794095382,2.4224072672218018,4.08781226343679,50.0
2020-21,R5,West Midlands,"Warwickshire, Solihull & Coventry",BSU,45 and over,A to F2,208.0,not included,not included,not included,not included,not included,not included,not included,not included,not included,not included,not included,not included,8.795669824086604,1.5646143437077131,2.452638700947226,33.91812865497076
2020-21,R6,East of England,Bedfordshire & Hertfordshire,BSU,45 and over,A to F2,254.0,not included,not included,not included,not included,not included,not included,not included,not included,not included,not included,not included,not included,7.247617417108943,1.569365976145637,2.7677909033841237,48.743718592964825
2020-21,R6,East of England,Cambridge & Huntingdon,BSU,45 and over,A to F2,74.0,not included,not included,not included,not included,not included,not included,not included,not included,not included,not included,not included,not included,9.60539979231568,1.557632398753894,3.6344755970924196,45.16129032258064
2020-21,R6,East of England,Colchester & Chelmsford,BSU,45 and over,A to F2,108.0,not included,not included,not included,not included,not included,not included,not included,not included,not included,not included,not included,not included,7.7854671280276815,1.513840830449827,2.5951557093425603,41.37931034482759
2020-21,R6,East of England,East Suffolk,BSU,45 and over,A to F2,94.0,not included,not included,not included,not included,not included,not included,not included,not included,not included,not included,not included,not included,8.166811468288444,0.8688097306689835,4.7784535186794095,65.47619047619048
2020-21,R6,East of England,Epping,BSU,45 and over,A to F2,68.0,not included,not included,not included,not included,not included,not included,not included,not included,not included,not included,not included,not included,9.441821716189947,1.2496528742016106,4.582060538739238,55.932203389830505
2020-21,R6,East of England,James Paget,BSU,45 and over,A to F2,74.0,not included,not included,not included,not included,not included,not included,not included,not included,not included,not included,not included,not included,10.050251256281408,2.0372130924894742,3.123726741817194,38.983050847457626
2020-21,R6,East of England,Kings Lynn,BSU,45 and over,A to F2,69.0,not included,not included,not included,not included,not included,not included,not included,not included,not included,not included,not included,not included,7.779907543127749,1.1275228323373547,3.4953207802458,52.54237288135594
2020-21,R6,East of England,Norfolk & Norwich,BSU,45 and over,A to F2,186.0,not included,not included,not included,not included,not included,not included,not included,not included,not included,not included,not included,not included,10.31099284882754,1.4967570264427075,4.767448306447142,54.088050314465406
2020-21,R6,East of England,Peterborough,BSU,45 and over,A to F2,91.0,not included,not included,not included,not included,not included,not included,not included,not included,not included,not included,not included,not included,9.375643931588709,1.6484648670925202,3.090871625798475,40.0
2020-21,R6,East of England,South Essex (Southend),BSU,45 and over,A to F2,147.0,not included,not included,not included,not included,not included,not included,not included,not included,not included,not included,not included,not included,8.776119402985074,1.3134328358208955,3.8208955223880596,51.2
2020-21,R6,East of England,West Suffolk,BSU,45 and over,A to F2,79.0,not included,not included,not included,not included,not included,not included,not included,not included,not included,not included,not included,not included,9.077329656440309,2.0682523267838677,4.9408250028725735,70.49180327868852
2020-21,R7,London,Central & East London,BSU,45 and over,A to F2,124.0,not included,not included,not included,not included,not included,not included,not included,not included,not included,not included,not included,not included,7.0615034168564925,1.7653758542141231,2.5056947608200457,47.82608695652174
2020-21,R7,London,North London,BSU,45 and over,A to F2,288.0,not included,not included,not included,not included,not included,not included,not included,not included,not included,not included,not included,not included,9.778622843949478,2.818144777943773,2.682330571777808,38.53658536585366
2020-21,R7,London,Outer North East London,BSU,45 and over,A to F2,148.0,not included,not included,not included,not included,not included,not included,not included,not included,not included,not included,not included,not included,9.062519135386689,1.7757638846365806,2.8779621578592858,39.49579831932773
2020-21,R7,London,South East London,BSU,45 and over,A to F2,216.0,not included,not included,not included,not included,not included,not included,not included,not included,not included,not included,not included,not included,8.035415349131357,1.5624418734422083,2.9388787619508205,45.40229885057471
2020-21,R7,London,South West London,BSU,45 and over,A to F2,200.0,not included,not included,not included,not included,not included,not included,not included,not included,not included,not included,not included,not included,9.47059380623165,2.746472203807179,2.1782365754332798,32.3943661971831
2020-21,R7,London,West of London,BSU,45 and over,A to F2,143.0,not included,not included,not included,not included,not included,not included,not included,not included,not included,not included,not included,not included,8.771929824561402,2.1469758311863574,3.4965034965034967,52.77777777777778
2020-21,R8,South East,Aylesbury & Wycombe,BSU,45 and over,A to F2,120.0,not included,not included,not included,not included,not included,not included,not included,not included,not included,not included,not included,not included,7.962840079628402,1.72528201725282,2.85335102853351,45.744680851063826
2020-21,R8,South East,Canterbury,BSU,45 and over,A to F2,156.0,not included,not included,not included,not included,not included,not included,not included,not included,not included,not included,not included,not included,8.78724722582099,1.5208697121613248,2.5347828536022083,34.883720930232556
2020-21,R8,South East,East Berkshire,BSU,45 and over,A to F2,110.0,not included,not included,not included,not included,not included,not included,not included,not included,not included,not included,not included,not included,6.927388374582782,1.2595251590150514,1.8263114805718246,32.22222222222222
2020-21,R8,South East,East Sussex/Brighton,BSU,45 and over,A to F2,189.0,not included,not included,not included,not included,not included,not included,not included,not included,not included,not included,not included,not included,8.844174075807206,1.9653720168460458,3.2288254562470757,46.93877551020408
2020-21,R8,South East,Guildford,BSU,45 and over,A to F2,334.0,not included,not included,not included,not included,not included,not included,not included,not included,not included,not included,not included,not included,10.883023786249593,2.541544477028348,4.235907461713913,50.78125
2020-21,R8,South East,Isle of Wight,BSU,45 and over,A to F2,47.0,not included,not included,not included,not included,not included,not included,not included,not included,not included,not included,not included,not included,8.407871198568872,2.3255813953488373,3.041144901610018,50.0
2020-21,R8,South East,Maidstone,BSU,45 and over,A to F2,119.0,not included,not included,not included,not included,not included,not included,not included,not included,not included,not included,not included,not included,10.005885815185403,2.43840914823846,3.86782140755066,51.11111111111111
2020-21,R8,South East,Medway,BSU,45 and over,A to F2,172.0,not included,not included,not included,not included,not included,not included,not included,not included,not included,not included,not included,not included,12.510000727325624,2.6911048076223723,3.854825805513128,39.25925925925926
2020-21,R8,South East,North & Mid Hampshire,BSU,45 and over,A to F2,122.0,not included,not included,not included,not included,not included,not included,not included,not included,not included,not included,not included,not included,7.88623141564318,1.9392372333548804,3.6845507433742726,61.95652173913043
2020-21,R8,South East,Oxford,BSU,45 and over,A to F2,130.0,not included,not included,not included,not included,not included,not included,not included,not included,not included,not included,not included,not included,8.156606851549755,1.254862592546116,3.4508721295018194,50.0
2020-21,R8,South East,Portsmouth,BSU,45 and over,A to F2,90.0,not included,not included,not included,not included,not included,not included,not included,not included,not included,not included,not included,not included,10.541110330288124,2.459592410400562,3.982197235886624,49.275362318840585
2020-21,R8,South East,West Berkshire,BSU,45 and over,A to F2,123.0,not included,not included,not included,not included,not included,not included,not included,not included,not included,not included,not included,not included,7.508699102618888,1.7092973566937306,2.6860387033758624,46.31578947368421
2020-21,R8,South East,Worthing,BSU,45 and over,A to F2,261.0,not included,not included,not included,not included,not included,not included,not included,not included,not included,not included,not included,not included,9.585016525890563,2.0198310686742564,3.8193169298567753,50.48543689320388
2020-21,R1,North East,Gateshead,BSU,50<71,A to F2,175.0,not included,not included,not included,not included,not included,not included,not included,not included,not included,not included,not included,not included,8.338495258969838,1.7629961404679086,3.6212893696097583,55.072463768115945
2020-21,R1,North East,Newcastle,BSU,50<71,A to F2,190.0,not included,not included,not included,not included,not included,not included,not included,not included,not included,not included,not included,not included,10.458523696812904,2.311884185611273,3.9081851709142956,47.97297297297297
2020-21,R1,North East,North Cumbria,BSU,50<71,A to F2,67.0,not included,not included,not included,not included,not included,not included,not included,not included,not included,not included,not included,not included,8.188706917624053,1.7110730872647273,3.7888046932290393,58.490566037735846
2020-21,R1,North East,North Tees,BSU,50<71,A to F2,191.0,not included,not included,not included,not included,not included,not included,not included,not included,not included,not included,not included,not included,9.076652568550113,1.2830870123081308,4.372000190086965,56.09756097560976
2020-21,R10,South West,Avon,BSU,50<71,A to F2,236.0,not included,not included,not included,not included,not included,not included,not included,not included,not included,not included,not included,not included,9.069946195234435,1.9984627209838584,4.112221368178325,58.46994535519126
2020-21,R10,South West,Cornwall,BSU,50<71,A to F2,95.0,not included,not included,not included,not included,not included,not included,not included,not included,not included,not included,not included,not included,8.337721607863788,1.9308407934000351,3.1595576619273302,49.31506849315068
2020-21,R10,South West,Dorset,BSU,50<71,A to F2,167.0,not included,not included,not included,not included,not included,not included,not included,not included,not included,not included,not included,not included,11.058137994967554,2.913521387895643,4.63514766256125,57.377049180327866
2020-21,R10,South West,Gloucestershire,BSU,50<71,A to F2,159.0,not included,not included,not included,not included,not included,not included,not included,not included,not included,not included,not included,not included,9.913954358398803,1.8082055119092155,3.429355281207133,42.30769230769231
2020-21,R10,South West,North & East Devon,BSU,50<71,A to F2,133.0,not included,not included,not included,not included,not included,not included,not included,not included,not included,not included,not included,not included,9.612604799074878,1.6623301532234749,3.975137322925701,50.0
2020-21,R10,South West,Somerset,BSU,50<71,A to F2,90.0,not included,not included,not included,not included,not included,not included,not included,not included,not included,not included,not included,not included,11.014563700893405,2.3252967812997185,5.752049932688777,66.19718309859155
2020-21,R10,South West,South Devon (Torbay),BSU,50<71,A to F2,52.0,not included,not included,not included,not included,not included,not included,not included,not included,not included,not included,not included,not included,6.487835308796008,1.2476606363069245,2.1210230817217717,40.476190476190474
2020-21,R10,South West,Southampton & Salisbury,BSU,50<71,A to F2,104.0,not included,not included,not included,not included,not included,not included,not included,not included,not included,not included,not included,not included,9.16138125440451,2.466525722339676,3.6997885835095135,55.26315789473685
2020-21,R10,South West,West Devon & East Cornwall,BSU,50<71,A to F2,162.0,not included,not included,not included,not included,not included,not included,not included,not included,not included,not included,not included,not included,10.818752504340859,2.738079337518365,3.8065981033791907,47.107438016528924
2020-21,R10,South West,Wiltshire,BSU,50<71,A to F2,147.0,not included,not included,not included,not included,not included,not included,not included,not included,not included,not included,not included,not included,10.182876142975894,1.9395954558049322,4.29481850928235,52.10084033613446
2020-21,R2,North West,"Bolton, Bury & Rochdale",BSU,50<71,A to F2,142.0,not included,not included,not included,not included,not included,not included,not included,not included,not included,not included,not included,not included,8.501466802370832,1.7960845357121475,2.9934742261869123,44.642857142857146
2020-21,R2,North West,Crewe,BSU,50<71,A to F2,46.0,not included,not included,not included,not included,not included,not included,not included,not included,not included,not included,not included,not included,9.315512353179425,2.025111381125962,2.430133657351154,33.33333333333333
2020-21,R2,North West,East Cheshire & Stockport,BSU,50<71,A to F2,85.0,not included,not included,not included,not included,not included,not included,not included,not included,not included,not included,not included,not included,9.983556495184402,2.7014329339910734,3.5236081747709656,48.38709677419355
2020-21,R2,North West,East Lancashire,BSU,50<71,A to F2,97.0,not included,not included,not included,not included,not included,not included,not included,not included,not included,not included,not included,not included,7.9967023907666945,1.6488046166529267,2.8854080791426218,45.45454545454545
2020-21,R2,North West,Greater Manchester,BSU,50<71,A to F2,223.0,not included,not included,not included,not included,not included,not included,not included,not included,not included,not included,not included,not included,8.639727248072528,1.7046995467048933,3.0607105497656035,44.134078212290504
2020-21,R2,North West,Liverpool,BSU,50<71,A to F2,142.0,not included,not included,not included,not included,not included,not included,not included,not included,not included,not included,not included,not included,10.315269504576493,2.033996803719308,4.140636350428592,50.0
2020-21,R2,North West,North Lancashire,BSU,50<71,A to F2,98.0,not included,not included,not included,not included,not included,not included,not included,not included,not included,not included,not included,not included,9.690497379610402,3.065361415999209,3.7575398002570948,56.71641791044776
2020-21,R2,North West,South Lancashire,BSU,50<71,A to F2,137.0,not included,not included,not included,not included,not included,not included,not included,not included,not included,not included,not included,not included,8.365390486658118,1.8318373328448432,2.259266043841974,34.57943925233645
2020-21,R2,North West,Warrington,BSU,50<71,A to F2,96.0,not included,not included,not included,not included,not included,not included,not included,not included,not included,not included,not included,not included,9.540846750149075,2.5839793281653747,2.9815146094215863,42.857142857142854
2020-21,R2,North West,Wirral & Chester,BSU,50<71,A to F2,103.0,not included,not included,not included,not included,not included,not included,not included,not included,not included,not included,not included,not included,9.406392694063927,1.278538812785388,3.65296803652968,44.9438202247191
2020-21,R3,Yorkshire and the Humber,Barnsley,BSU,50<71,A to F2,37.0,not included,not included,not included,not included,not included,not included,not included,not included,not included,not included,not included,not included,11.920103092783505,2.577319587628866,4.832474226804124,51.724137931034484
2020-21,R3,Yorkshire and the Humber,Doncaster,BSU,50<71,A to F2,51.0,not included,not included,not included,not included,not included,not included,not included,not included,not included,not included,not included,not included,6.499299095195616,1.0194978972855868,3.185930929017459,58.139534883720934
2020-21,R3,Yorkshire and the Humber,Humberside,BSU,50<71,A to F2,125.0,not included,not included,not included,not included,not included,not included,not included,not included,not included,not included,not included,not included,7.32021550714453,0.9369875849144998,3.0452096509721245,47.706422018348626
2020-21,R3,Yorkshire and the Humber,Leeds Wakefield,BSU,50<71,A to F2,212.0,not included,not included,not included,not included,not included,not included,not included,not included,not included,not included,not included,not included,8.109245304670466,1.950809011972612,3.5573576100677045,57.7639751552795
2020-21,R3,Yorkshire and the Humber,North Yorkshire,BSU,50<71,A to F2,165.0,not included,not included,not included,not included,not included,not included,not included,not included,not included,not included,not included,not included,9.175332258243897,1.4458099316020687,3.002836011788912,38.84892086330935
2020-21,R3,Yorkshire and the Humber,Pennine,BSU,50<71,A to F2,180.0,not included,not included,not included,not included,not included,not included,not included,not included,not included,not included,not included,not included,8.528380555292333,2.1320951388230833,3.316592438169241,52.63157894736842
2020-21,R3,Yorkshire and the Humber,Rotherham,BSU,50<71,A to F2,45.0,not included,not included,not included,not included,not included,not included,not included,not included,not included,not included,not included,not included,11.061946902654867,3.1956735496558504,3.1956735496558504,40.625
2020-21,R3,Yorkshire and the Humber,Sheffield,BSU,50<71,A to F2,65.0,not included,not included,not included,not included,not included,not included,not included,not included,not included,not included,not included,not included,6.355103637074697,1.2710207274149394,2.248728979272585,44.230769230769226
2020-21,R4,East Midlands,Derby City & South Derbyshire,BSU,50<71,A to F2,172.0,not included,not included,not included,not included,not included,not included,not included,not included,not included,not included,not included,not included,9.155266939905253,2.129131846489594,3.56629584287007,50.75757575757576
2020-21,R4,East Midlands,Kettering,BSU,50<71,A to F2,94.0,not included,not included,not included,not included,not included,not included,not included,not included,not included,not included,not included,not included,8.905731880625297,1.5158692562766463,4.073898626243486,55.12820512820513
2020-21,R4,East Midlands,Leicestershire,BSU,50<71,A to F2,167.0,not included,not included,not included,not included,not included,not included,not included,not included,not included,not included,not included,not included,10.641009302918313,2.0389957945711736,5.35236396074933,62.22222222222222
2020-21,R4,East Midlands,Lincolnshire,BSU,50<71,A to F2,106.0,not included,not included,not included,not included,not included,not included,not included,not included,not included,not included,not included,not included,8.448234637762013,1.5940065354267952,3.028612417310911,44.18604651162791
2020-21,R4,East Midlands,Milton Keynes,BSU,50<71,A to F2,75.0,not included,not included,not included,not included,not included,not included,not included,not included,not included,not included,not included,not included,10.48951048951049,1.8181818181818181,4.755244755244755,54.83870967741935
2020-21,R4,East Midlands,North Derbyshire & Chesterfield,BSU,50<71,A to F2,86.0,not included,not included,not included,not included,not included,not included,not included,not included,not included,not included,not included,not included,9.28224500809498,2.914193200215866,3.453858607663249,54.23728813559322
2020-21,R4,East Midlands,North Nottinghamshire,BSU,50<71,A to F2,49.0,not included,not included,not included,not included,not included,not included,not included,not included,not included,not included,not included,not included,6.978068926231843,0.854457419538593,2.990600968385076,48.837209302325576
2020-21,R4,East Midlands,Northampton,BSU,50<71,A to F2,63.0,not included,not included,not included,not included,not included,not included,not included,not included,not included,not included,not included,not included,7.707364815267923,1.7127477367262052,3.3031563494005383,55.10204081632652
2020-21,R4,East Midlands,Nottingham City,BSU,50<71,A to F2,136.0,not included,not included,not included,not included,not included,not included,not included,not included,not included,not included,not included,not included,7.612224336728982,1.3993059442516513,3.4702787417440946,55.85585585585585
2020-21,R5,West Midlands,"City, Sandwell & Walsall",BSU,50<71,A to F2,195.0,not included,not included,not included,not included,not included,not included,not included,not included,not included,not included,not included,not included,9.844507269789984,2.9785945072697904,2.5747172859450727,37.5
2020-21,R5,West Midlands,Dudley & Wolverhampton,BSU,50<71,A to F2,118.0,not included,not included,not included,not included,not included,not included,not included,not included,not included,not included,not included,not included,8.11721813303983,1.8573295728141983,3.1643392722019676,51.11111111111111
2020-21,R5,West Midlands,Hereford & Worcester,BSU,50<71,A to F2,172.0,not included,not included,not included,not included,not included,not included,not included,not included,not included,not included,not included,not included,10.118837510295329,1.941404871161313,3.882809742322626,47.482014388489205
2020-21,R5,West Midlands,North Staffordshire,BSU,50<71,A to F2,141.0,not included,not included,not included,not included,not included,not included,not included,not included,not included,not included,not included,not included,9.358821186778176,2.6549847338377806,4.181600955794504,62.37623762376238
2020-21,R5,West Midlands,Shropshire,BSU,50<71,A to F2,58.0,not included,not included,not included,not included,not included,not included,not included,not included,not included,not included,not included,not included,6.8525519848771275,0.945179584120983,2.717391304347826,46.0
2020-21,R5,West Midlands,South Birmingham,BSU,50<71,A to F2,65.0,not included,not included,not included,not included,not included,not included,not included,not included,not included,not included,not included,not included,10.391686650679457,2.557953637090328,3.8369304556354917,48.97959183673469
2020-21,R5,West Midlands,"Warwickshire, Solihull & Coventry",BSU,50<71,A to F2,188.0,not included,not included,not included,not included,not included,not included,not included,not included,not included,not included,not included,not included,8.54817441913336,1.5004774246351111,2.455326694857455,34.83870967741935
2020-21,R6,East of England,Bedfordshire & Hertfordshire,BSU,50<71,A to F2,236.0,not included,not included,not included,not included,not included,not included,not included,not included,not included,not included,not included,not included,7.072644449772237,1.4984416207144569,2.757132582114601,49.46236559139785
2020-21,R6,East of England,Cambridge & Huntingdon,BSU,50<71,A to F2,72.0,not included,not included,not included,not included,not included,not included,not included,not included,not included,not included,not included,not included,9.616668892747429,1.6027781487912383,3.606250834780286,45.0
2020-21,R6,East of England,Colchester & Chelmsford,BSU,50<71,A to F2,94.0,not included,not included,not included,not included,not included,not included,not included,not included,not included,not included,not included,not included,7.24246860312813,1.463903228291856,2.5425687649279607,44.0
2020-21,R6,East of England,East Suffolk,BSU,50<71,A to F2,87.0,not included,not included,not included,not included,not included,not included,not included,not included,not included,not included,not included,not included,7.717555220438215,0.8870753126940477,4.524084094739644,66.23376623376623
2020-21,R6,East of England,Epping,BSU,50<71,A to F2,65.0,not included,not included,not included,not included,not included,not included,not included,not included,not included,not included,not included,not included,9.73053892215569,1.347305389221557,4.790419161676646,57.14285714285714
2020-21,R6,East of England,James Paget,BSU,50<71,A to F2,67.0,not included,not included,not included,not included,not included,not included,not included,not included,not included,not included,not included,not included,9.533295389869094,1.9920318725099602,3.130335799658509,41.509433962264154
2020-21,R6,East of England,Kings Lynn,BSU,50<71,A to F2,60.0,not included,not included,not included,not included,not included,not included,not included,not included,not included,not included,not included,not included,7.127583749109053,0.950344499881207,3.207412687099074,51.92307692307693
2020-21,R6,East of England,Norfolk & Norwich,BSU,50<71,A to F2,174.0,not included,not included,not included,not included,not included,not included,not included,not included,not included,not included,not included,not included,10.016694490818029,1.4391802429336251,4.72051119682229,55.033557046979865
2020-21,R6,East of England,Peterborough,BSU,50<71,A to F2,87.0,not included,not included,not included,not included,not included,not included,not included,not included,not included,not included,not included,not included,9.203427483338622,1.586797841954935,3.067809161112874,40.27777777777778
2020-21,R6,East of England,South Essex (Southend),BSU,50<71,A to F2,137.0,not included,not included,not included,not included,not included,not included,not included,not included,not included,not included,not included,not included,8.460445871672944,1.3586117458160933,3.767059840671895,53.04347826086957
2020-21,R6,East of England,West Suffolk,BSU,50<71,A to F2,70.0,not included,not included,not included,not included,not included,not included,not included,not included,not included,not included,not included,not included,8.675176601809394,1.8589664146734415,4.5854504895278225,67.27272727272727
2020-21,R7,London,Central & East London,BSU,50<71,A to F2,118.0,not included,not included,not included,not included,not included,not included,not included,not included,not included,not included,not included,not included,6.997983631834895,1.7198434349424743,2.4908077333649628,47.72727272727273
2020-21,R7,London,North London,BSU,50<71,A to F2,270.0,not included,not included,not included,not included,not included,not included,not included,not included,not included,not included,not included,not included,9.706294711866844,2.7680914548657296,2.7321422151921486,39.37823834196891
2020-21,R7,London,Outer North East London,BSU,50<71,A to F2,135.0,not included,not included,not included,not included,not included,not included,not included,not included,not included,not included,not included,not included,8.86408404464872,1.7071569271175313,2.757715036112935,38.53211009174312
2020-21,R7,London,South East London,BSU,50<71,A to F2,200.0,not included,not included,not included,not included,not included,not included,not included,not included,not included,not included,not included,not included,7.9245582058800235,1.5452888501466042,2.971709327205008,46.58385093167702
2020-21,R7,London,South West London,BSU,50<71,A to F2,187.0,not included,not included,not included,not included,not included,not included,not included,not included,not included,not included,not included,not included,9.533520265103238,2.9059393321437677,2.090237063471833,31.538461538461537
2020-21,R7,London,West of London,BSU,50<71,A to F2,130.0,not included,not included,not included,not included,not included,not included,not included,not included,not included,not included,not included,not included,8.571240192523241,2.241708973429155,3.2966308432781695,52.083333333333336
2020-21,R8,South East,Aylesbury & Wycombe,BSU,50<71,A to F2,111.0,not included,not included,not included,not included,not included,not included,not included,not included,not included,not included,not included,not included,7.745987438939288,1.6050244242847174,2.9309141660851363,47.72727272727273
2020-21,R8,South East,Canterbury,BSU,50<71,A to F2,143.0,not included,not included,not included,not included,not included,not included,not included,not included,not included,not included,not included,not included,8.48312273832829,1.4830634157916593,2.3729014652666547,33.89830508474576
2020-21,R8,South East,East Berkshire,BSU,50<71,A to F2,105.0,not included,not included,not included,not included,not included,not included,not included,not included,not included,not included,not included,not included,6.948120698782424,1.3234515616728428,1.919004764425622,34.11764705882353
2020-21,R8,South East,East Sussex/Brighton,BSU,50<71,A to F2,173.0,not included,not included,not included,not included,not included,not included,not included,not included,not included,not included,not included,not included,8.609963668939432,2.040511620962524,3.035883143383268,46.21212121212121
2020-21,R8,South East,Guildford,BSU,50<71,A to F2,303.0,not included,not included,not included,not included,not included,not included,not included,not included,not included,not included,not included,not included,10.636430652578369,2.45726120686629,4.247551514726016,51.931330472103
2020-21,R8,South East,Isle of Wight,BSU,50<71,A to F2,45.0,not included,not included,not included,not included,not included,not included,not included,not included,not included,not included,not included,not included,8.571428571428571,2.476190476190476,3.047619047619048,50.0
2020-21,R8,South East,Maidstone,BSU,50<71,A to F2,110.0,not included,not included,not included,not included,not included,not included,not included,not included,not included,not included,not included,not included,10.212607928697429,2.6924148175656857,3.806517500696314,50.617283950617285
2020-21,R8,South East,Medway,BSU,50<71,A to F2,160.0,not included,not included,not included,not included,not included,not included,not included,not included,not included,not included,not included,not included,12.502930374306478,2.8131593342189576,3.7508791122919436,38.70967741935484
2020-21,R8,South East,North & Mid Hampshire,BSU,50<71,A to F2,107.0,not included,not included,not included,not included,not included,not included,not included,not included,not included,not included,not included,not included,7.318240886396279,1.9834484645373094,3.2829491826824433,61.53846153846154
2020-21,R8,South East,Oxford,BSU,50<71,A to F2,123.0,not included,not included,not included,not included,not included,not included,not included,not included,not included,not included,not included,not included,8.236239453595822,1.3392259274139549,3.4150261149055843,49.51456310679612
2020-21,R8,South East,Portsmouth,BSU,50<71,A to F2,78.0,not included,not included,not included,not included,not included,not included,not included,not included,not included,not included,not included,not included,9.872168079989875,2.278192633843817,3.796987723073029,50.0
2020-21,R8,South East,West Berkshire,BSU,50<71,A to F2,109.0,not included,not included,not included,not included,not included,not included,not included,not included,not included,not included,not included,not included,7.107459572248304,1.7605633802816902,2.477829942618675,46.34146341463415
2020-21,R8,South East,Worthing,BSU,50<71,A to F2,244.0,not included,not included,not included,not included,not included,not included,not included,not included,not included,not included,not included,not included,9.23437913938614,1.9301366233962836,3.633198349922416,49.740932642487046
2021-22,R1,North East,Gateshead,BSU,45 and over,A to F2,315.0,not included,not included,not included,not included,not included,not included,not included,not included,not included,not included,not included,not included,8.397760597174086,1.8928285790455879,3.572380698480405,54.91803278688525
2021-22,R1,North East,Newcastle,BSU,45 and over,A to F2,327.0,not included,not included,not included,not included,not included,not included,not included,not included,not included,not included,not included,not included,9.913597089586174,2.152493557677732,3.9411853872972564,50.78125
2021-22,R1,North East,North Cumbria,BSU,45 and over,A to F2,122.0,not included,not included,not included,not included,not included,not included,not included,not included,not included,not included,not included,not included,7.412808360675659,1.8228217280349983,2.491189694981164,44.565217391304344
2021-22,R1,North East,North Tees,BSU,45 and over,A to F2,427.0,not included,not included,not included,not included,not included,not included,not included,not included,not included,not included,not included,not included,9.097494460542014,1.9601159025055397,3.877620589739219,54.328358208955216
2021-22,R10,South West,Avon,BSU,45 and over,A to F2,469.0,not included,not included,not included,not included,not included,not included,not included,not included,not included,not included,not included,not included,9.9440251038928,2.0566533796963786,4.367738105334578,55.376344086021504
2021-22,R10,South West,Cornwall,BSU,45 and over,A to F2,197.0,not included,not included,not included,not included,not included,not included,not included,not included,not included,not included,not included,not included,9.047487829521447,2.1126113713603383,3.720033066960595,53.64238410596026
2021-22,R10,South West,Dorset,BSU,45 and over,A to F2,384.0,not included,not included,not included,not included,not included,not included,not included,not included,not included,not included,not included,not included,10.001823249029771,2.370223738702368,3.5944052301200737,47.098976109215016
2021-22,R10,South West,Gloucestershire,BSU,45 and over,A to F2,291.0,not included,not included,not included,not included,not included,not included,not included,not included,not included,not included,not included,not included,9.480680263243631,1.3683456050042353,3.3557046979865772,41.365461847389554
2021-22,R10,South West,North & East Devon,BSU,45 and over,A to F2,225.0,not included,not included,not included,not included,not included,not included,not included,not included,not included,not included,not included,not included,8.777062609713282,1.5993758533255313,3.5498342110395944,49.45652173913043
2021-22,R10,South West,Somerset,BSU,45 and over,A to F2,245.0,not included,not included,not included,not included,not included,not included,not included,not included,not included,not included,not included,not included,10.148289288377102,1.7397067351503603,4.3492668378759,51.724137931034484
2021-22,R10,South West,South Devon (Torbay),BSU,45 and over,A to F2,104.0,not included,not included,not included,not included,not included,not included,not included,not included,not included,not included,not included,not included,7.934086054317974,1.37320720170888,3.3567287152883734,51.162790697674424
2021-22,R10,South West,Southampton & Salisbury,BSU,45 and over,A to F2,282.0,not included,not included,not included,not included,not included,not included,not included,not included,not included,not included,not included,not included,10.764591365423522,2.939267855097912,3.7790586708401723,48.292682926829265
2021-22,R10,South West,West Devon & East Cornwall,BSU,45 and over,A to F2,260.0,not included,not included,not included,not included,not included,not included,not included,not included,not included,not included,not included,not included,10.67498768270652,2.586631630809657,2.956150435211036,36.54822335025381
2021-22,R10,South West,Wiltshire,BSU,45 and over,A to F2,224.0,not included,not included,not included,not included,not included,not included,not included,not included,not included,not included,not included,not included,9.623233234523349,1.761395368819006,3.8664776388709883,49.18032786885246
2021-22,R2,North West,"Bolton, Bury & Rochdale",BSU,45 and over,A to F2,169.0,not included,not included,not included,not included,not included,not included,not included,not included,not included,not included,not included,not included,7.4067581189464,1.7530788447210413,3.0678879782618225,54.263565891472865
2021-22,R2,North West,East Cheshire & Stockport,BSU,45 and over,A to F2,326.0,not included,not included,not included,not included,not included,not included,not included,not included,not included,not included,not included,not included,9.220760854193182,2.0647716023193325,3.5355678121906378,49.40711462450593
2021-22,R2,North West,East Lancashire,BSU,45 and over,A to F2,128.0,not included,not included,not included,not included,not included,not included,not included,not included,not included,not included,not included,not included,6.95198783402129,1.5207473386921573,2.3897458179448186,44.44444444444444
2021-22,R2,North West,Greater Manchester,BSU,45 and over,A to F2,388.0,not included,not included,not included,not included,not included,not included,not included,not included,not included,not included,not included,not included,9.569850039463299,1.8251775848460932,3.675019731649566,47.90996784565916
2021-22,R2,North West,Liverpool,BSU,45 and over,A to F2,358.0,not included,not included,not included,not included,not included,not included,not included,not included,not included,not included,not included,not included,10.339350180505415,2.1949458483754514,4.245487364620939,52.12765957446809
2021-22,R2,North West,North Lancashire,BSU,45 and over,A to F2,309.0,not included,not included,not included,not included,not included,not included,not included,not included,not included,not included,not included,not included,9.605819447898533,1.8962944541158915,3.295200198955484,42.74193548387097
2021-22,R2,North West,South Lancashire,BSU,45 and over,A to F2,259.0,not included,not included,not included,not included,not included,not included,not included,not included,not included,not included,not included,not included,9.330979572720395,1.9454552004899663,3.278452282307166,44.390243902439025
2021-22,R2,North West,Warrington,BSU,45 and over,A to F2,217.0,not included,not included,not included,not included,not included,not included,not included,not included,not included,not included,not included,not included,10.029580329081162,1.663893510815308,3.050471436494731,36.666666666666664
2021-22,R2,North West,Wirral & Chester,BSU,45 and over,A to F2,238.0,not included,not included,not included,not included,not included,not included,not included,not included,not included,not included,not included,not included,9.271884374147804,2.3374498422221355,3.4672172659628346,50.0
2021-22,R3,Yorkshire and the Humber,Barnsley,BSU,45 and over,A to F2,133.0,not included,not included,not included,not included,not included,not included,not included,not included,not included,not included,not included,not included,9.534733672664707,1.7922431715535163,3.727865796831314,48.148148148148145
2021-22,R3,Yorkshire and the Humber,Doncaster,BSU,45 and over,A to F2,105.0,not included,not included,not included,not included,not included,not included,not included,not included,not included,not included,not included,not included,5.526024946055471,1.2104626072311984,1.99989474238198,46.34146341463415
2021-22,R3,Yorkshire and the Humber,Humberside,BSU,45 and over,A to F2,411.0,not included,not included,not included,not included,not included,not included,not included,not included,not included,not included,not included,not included,7.947557721313378,1.2955872684379472,3.0552654987044123,45.93023255813954
2021-22,R3,Yorkshire and the Humber,Leeds Wakefield,BSU,45 and over,A to F2,320.0,not included,not included,not included,not included,not included,not included,not included,not included,not included,not included,not included,not included,7.888962847915588,2.0461997386781055,3.3281562014643886,56.9620253164557
2021-22,R3,Yorkshire and the Humber,North Yorkshire,BSU,45 and over,A to F2,350.0,not included,not included,not included,not included,not included,not included,not included,not included,not included,not included,not included,not included,9.286529226034123,1.6715752606861418,3.369683462018095,44.25087108013937
2021-22,R3,Yorkshire and the Humber,Pennine,BSU,45 and over,A to F2,307.0,not included,not included,not included,not included,not included,not included,not included,not included,not included,not included,not included,not included,7.91339090088929,1.701250161103235,3.40250032220647,54.77178423236515
2021-22,R3,Yorkshire and the Humber,Rotherham,BSU,45 and over,A to F2,121.0,not included,not included,not included,not included,not included,not included,not included,not included,not included,not included,not included,not included,10.005788472670138,2.0673116679070533,2.646158934921029,33.33333333333333
2021-22,R3,Yorkshire and the Humber,Sheffield,BSU,45 and over,A to F2,189.0,not included,not included,not included,not included,not included,not included,not included,not included,not included,not included,not included,not included,8.342529242992718,1.4124917236813066,3.5753696755683073,51.59235668789809
2021-22,R4,East Midlands,Derby City & South Derbyshire,BSU,45 and over,A to F2,427.0,not included,not included,not included,not included,not included,not included,not included,not included,not included,not included,not included,not included,9.318057828696126,2.2258592471358427,2.9459901800327333,41.53846153846154
2021-22,R4,East Midlands,Kettering,BSU,45 and over,A to F2,115.0,not included,not included,not included,not included,not included,not included,not included,not included,not included,not included,not included,not included,8.53812458237434,2.0788477244041874,3.8607172024649197,59.77011494252874
2021-22,R4,East Midlands,Leicestershire,BSU,45 and over,A to F2,451.0,not included,not included,not included,not included,not included,not included,not included,not included,not included,not included,not included,not included,9.244834371925222,1.8448671695637915,4.2226959658904555,57.06371191135734
2021-22,R4,East Midlands,Lincolnshire,BSU,45 and over,A to F2,221.0,not included,not included,not included,not included,not included,not included,not included,not included,not included,not included,not included,not included,8.788674143004851,1.7497812773403325,3.4200270420742864,48.58757062146893
2021-22,R4,East Midlands,Milton Keynes,BSU,45 and over,A to F2,96.0,not included,not included,not included,not included,not included,not included,not included,not included,not included,not included,not included,not included,9.602880864259278,2.0006001800540165,3.4010203060918274,44.73684210526316
2021-22,R4,East Midlands,North Derbyshire & Chesterfield,BSU,45 and over,A to F2,203.0,not included,not included,not included,not included,not included,not included,not included,not included,not included,not included,not included,not included,10.571815435892095,2.1872721591500888,4.270388501197791,50.931677018633536
2021-22,R4,East Midlands,North Nottinghamshire,BSU,45 and over,A to F2,103.0,not included,not included,not included,not included,not included,not included,not included,not included,not included,not included,not included,not included,8.802666438765916,1.3674044953422786,4.61499017178019,62.06896551724138
2021-22,R4,East Midlands,Northampton,BSU,45 and over,A to F2,118.0,not included,not included,not included,not included,not included,not included,not included,not included,not included,not included,not included,not included,6.772268135904499,1.147842056932966,3.2139577594123048,57.14285714285714
2021-22,R4,East Midlands,Nottingham City,BSU,45 and over,A to F2,299.0,not included,not included,not included,not included,not included,not included,not included,not included,not included,not included,not included,not included,8.17923186344239,1.1215669110405952,4.103293576977788,58.139534883720934
2021-22,R5,West Midlands,"City, Sandwell & Walsall",BSU,45 and over,A to F2,348.0,not included,not included,not included,not included,not included,not included,not included,not included,not included,not included,not included,not included,8.90526639029633,1.8936486002354267,3.4034495112339425,48.54014598540146
2021-22,R5,West Midlands,Dudley & Wolverhampton,BSU,45 and over,A to F2,315.0,not included,not included,not included,not included,not included,not included,not included,not included,not included,not included,not included,not included,10.154411527674801,1.6440475806711583,3.7716385674220687,44.31818181818182
2021-22,R5,West Midlands,Hereford & Worcester,BSU,45 and over,A to F2,330.0,not included,not included,not included,not included,not included,not included,not included,not included,not included,not included,not included,not included,9.691060730647246,2.026312698226242,3.64148948666745,47.509578544061306
2021-22,R5,West Midlands,North Staffordshire,BSU,45 and over,A to F2,236.0,not included,not included,not included,not included,not included,not included,not included,not included,not included,not included,not included,not included,9.365451009960713,2.3413627524901783,3.6906226437557046,52.54237288135594
2021-22,R5,West Midlands,Shropshire,BSU,45 and over,A to F2,189.0,not included,not included,not included,not included,not included,not included,not included,not included,not included,not included,not included,not included,9.74126378723843,2.216266364292341,3.3501700855581897,44.52054794520548
2021-22,R5,West Midlands,South Birmingham,BSU,45 and over,A to F2,137.0,not included,not included,not included,not included,not included,not included,not included,not included,not included,not included,not included,not included,11.535870663523072,1.9366790165038734,3.70495116200741,38.59649122807017
2021-22,R5,West Midlands,"Warwickshire, Solihull & Coventry",BSU,45 and over,A to F2,431.0,not included,not included,not included,not included,not included,not included,not included,not included,not included,not included,not included,not included,10.264837572639802,2.0243879203581976,3.524816614270744,42.77456647398844
2021-22,R6,East of England,Bedfordshire & Hertfordshire,BSU,45 and over,A to F2,480.0,not included,not included,not included,not included,not included,not included,not included,not included,not included,not included,not included,not included,8.83067186695121,2.060490102288616,2.814776657590698,41.689373297002724
2021-22,R6,East of England,Cambridge & Huntingdon,BSU,45 and over,A to F2,212.0,not included,not included,not included,not included,not included,not included,not included,not included,not included,not included,not included,not included,7.663943315740004,1.6629310968115103,2.6389993492878316,43.97590361445783
2021-22,R6,East of England,Colchester & Chelmsford,BSU,45 and over,A to F2,253.0,not included,not included,not included,not included,not included,not included,not included,not included,not included,not included,not included,not included,8.064259076275778,1.4662289229592325,2.326841551652695,35.26570048309179
2021-22,R6,East of England,East Suffolk,BSU,45 and over,A to F2,124.0,not included,not included,not included,not included,not included,not included,not included,not included,not included,not included,not included,not included,7.210979297511049,0.8722958827634334,3.256571295650151,51.37614678899083
2021-22,R6,East of England,Epping,BSU,45 and over,A to F2,130.0,not included,not included,not included,not included,not included,not included,not included,not included,not included,not included,not included,not included,8.532983262225141,1.6409583196586808,3.0193633081719726,43.80952380952381
2021-22,R6,East of England,James Paget,BSU,45 and over,A to F2,87.0,not included,not included,not included,not included,not included,not included,not included,not included,not included,not included,not included,not included,9.267149552620367,1.3847464848743076,4.154239454622923,52.702702702702695
2021-22,R6,East of England,Kings Lynn,BSU,45 and over,A to F2,112.0,not included,not included,not included,not included,not included,not included,not included,not included,not included,not included,not included,not included,9.410183162493698,1.7644093429675685,3.8648966560241975,50.54945054945055
2021-22,R6,East of England,Norfolk & Norwich,BSU,45 and over,A to F2,277.0,not included,not included,not included,not included,not included,not included,not included,not included,not included,not included,not included,not included,9.951142405518034,1.8680844948986925,4.310964218996983,53.333333333333336
2021-22,R6,East of England,Peterborough,BSU,45 and over,A to F2,100.0,not included,not included,not included,not included,not included,not included,not included,not included,not included,not included,not included,not included,7.215007215007215,1.2265512265512266,3.1024531024531026,51.80722891566265
2021-22,R6,East of England,South Essex (Southend),BSU,45 and over,A to F2,282.0,not included,not included,not included,not included,not included,not included,not included,not included,not included,not included,not included,not included,9.359753061834112,1.5599588436390188,3.750539347472535,48.08510638297872
2021-22,R6,East of England,West Suffolk,BSU,45 and over,A to F2,95.0,not included,not included,not included,not included,not included,not included,not included,not included,not included,not included,not included,not included,7.142857142857142,0.8270676691729324,3.6090225563909777,57.14285714285714
2021-22,R7,London,Central & East London,BSU,45 and over,A to F2,286.0,not included,not included,not included,not included,not included,not included,not included,not included,not included,not included,not included,not included,8.598400577235283,2.495340027659191,2.5254043653418314,41.37931034482759
2021-22,R7,London,North London,BSU,45 and over,A to F2,622.0,not included,not included,not included,not included,not included,not included,not included,not included,not included,not included,not included,not included,9.5200195910371,1.9744092077874373,2.7243785967919676,36.105476673427994
2021-22,R7,London,Outer North East London,BSU,45 and over,A to F2,219.0,not included,not included,not included,not included,not included,not included,not included,not included,not included,not included,not included,not included,8.95119758031554,1.921033270661326,2.820240333524074,40.116279069767444
2021-22,R7,London,South East London,BSU,45 and over,A to F2,469.0,not included,not included,not included,not included,not included,not included,not included,not included,not included,not included,not included,not included,8.512414694351676,1.9420647596921736,2.97662262233193,45.30386740331492
2021-22,R7,London,South West London,BSU,45 and over,A to F2,456.0,not included,not included,not included,not included,not included,not included,not included,not included,not included,not included,not included,not included,8.801559574591286,2.489914879654114,2.7022332027253952,42.813455657492355
2021-22,R7,London,West of London,BSU,45 and over,A to F2,364.0,not included,not included,not included,not included,not included,not included,not included,not included,not included,not included,not included,not included,9.339799348266748,1.898750416955328,3.027737151361199,40.689655172413794
2021-22,R8,South East,Aylesbury & Wycombe,BSU,45 and over,A to F2,229.0,not included,not included,not included,not included,not included,not included,not included,not included,not included,not included,not included,not included,9.201591192188692,1.4867199742837627,3.7368907461727003,48.4375
2021-22,R8,South East,Canterbury,BSU,45 and over,A to F2,224.0,not included,not included,not included,not included,not included,not included,not included,not included,not included,not included,not included,not included,8.673765730880929,0.9293320425943853,4.065827686350436,52.5
2021-22,R8,South East,East Berkshire,BSU,45 and over,A to F2,144.0,not included,not included,not included,not included,not included,not included,not included,not included,not included,not included,not included,not included,7.79896013864818,1.516464471403813,2.5996533795493937,41.37931034482759
2021-22,R8,South East,East Sussex/Brighton,BSU,45 and over,A to F2,319.0,not included,not included,not included,not included,not included,not included,not included,not included,not included,not included,not included,not included,9.304631898261581,2.1876093804690235,3.908528759771322,54.91803278688525
2021-22,R8,South East,Guildford,BSU,45 and over,A to F2,557.0,not included,not included,not included,not included,not included,not included,not included,not included,not included,not included,not included,not included,10.887412040656763,2.8146989835809224,4.4566067240031275,55.205811138014525
2021-22,R8,South East,Isle of Wight,BSU,45 and over,A to F2,62.0,not included,not included,not included,not included,not included,not included,not included,not included,not included,not included,not included,not included,11.233919188258742,2.536691429606813,4.892190614241711,56.25
2021-22,R8,South East,Maidstone,BSU,45 and over,A to F2,237.0,not included,not included,not included,not included,not included,not included,not included,not included,not included,not included,not included,not included,11.928129246565,3.1204388746288187,3.523076148774473,40.0
2021-22,R8,South East,Medway,BSU,45 and over,A to F2,251.0,not included,not included,not included,not included,not included,not included,not included,not included,not included,not included,not included,not included,11.12440721535257,3.279705712892789,3.2353853654212648,41.24293785310734
2021-22,R8,South East,North & Mid Hampshire,BSU,45 and over,A to F2,200.0,not included,not included,not included,not included,not included,not included,not included,not included,not included,not included,not included,not included,8.180293672542843,1.5133543294204261,2.6176939752137103,39.263803680981596
2021-22,R8,South East,Oxford,BSU,45 and over,A to F2,262.0,not included,not included,not included,not included,not included,not included,not included,not included,not included,not included,not included,not included,8.92036362398284,1.8725954172483061,3.0301998570018047,42.99516908212561
2021-22,R8,South East,Portsmouth,BSU,45 and over,A to F2,316.0,not included,not included,not included,not included,not included,not included,not included,not included,not included,not included,not included,not included,9.792376820576386,2.6960024790827393,3.997520917260614,56.33187772925764
2021-22,R8,South East,West Berkshire,BSU,45 and over,A to F2,194.0,not included,not included,not included,not included,not included,not included,not included,not included,not included,not included,not included,not included,9.044289044289044,1.6783216783216783,3.403263403263403,46.20253164556962
2021-22,R8,South East,Worthing,BSU,45 and over,A to F2,370.0,not included,not included,not included,not included,not included,not included,not included,not included,not included,not included,not included,not included,10.230320457875964,2.516105842342467,3.234993225868886,41.935483870967744
2021-22,R1,North East,Gateshead,BSU,50<71,A to F2,280.0,not included,not included,not included,not included,not included,not included,not included,not included,not included,not included,not included,not included,7.873351517026122,1.7715040913308777,3.402412619857717,55.76036866359447
2021-22,R1,North East,Newcastle,BSU,50<71,A to F2,282.0,not included,not included,not included,not included,not included,not included,not included,not included,not included,not included,not included,not included,9.301711910809116,2.0450572286176074,3.727281723125639,51.36363636363637
2021-22,R1,North East,North Cumbria,BSU,50<71,A to F2,108.0,not included,not included,not included,not included,not included,not included,not included,not included,not included,not included,not included,not included,7.109472714107037,1.5140543743005728,2.4356526890922257,43.529411764705884
2021-22,R1,North East,North Tees,BSU,50<71,A to F2,405.0,not included,not included,not included,not included,not included,not included,not included,not included,not included,not included,not included,not included,9.133964817320704,1.9846639603067207,3.8791159224176814,54.25867507886435
2021-22,R10,South West,Avon,BSU,50<71,A to F2,420.0,not included,not included,not included,not included,not included,not included,not included,not included,not included,not included,not included,not included,9.41535150645624,2.0175753228120517,4.192073170731708,56.666666666666664
2021-22,R10,South West,Cornwall,BSU,50<71,A to F2,173.0,not included,not included,not included,not included,not included,not included,not included,not included,not included,not included,not included,not included,8.461726583516752,2.005380288579115,3.521643433602348,54.54545454545454
2021-22,R10,South West,Dorset,BSU,50<71,A to F2,339.0,not included,not included,not included,not included,not included,not included,not included,not included,not included,not included,not included,not included,9.607754222877224,2.1539507992291127,3.40097494615123,45.627376425855516
2021-22,R10,South West,Gloucestershire,BSU,50<71,A to F2,266.0,not included,not included,not included,not included,not included,not included,not included,not included,not included,not included,not included,not included,9.211164208047649,1.2812521642773045,3.220444629129441,40.61135371179039
2021-22,R10,South West,North & East Devon,BSU,50<71,A to F2,188.0,not included,not included,not included,not included,not included,not included,not included,not included,not included,not included,not included,not included,7.993197278911564,1.5731292517006803,3.1462585034013606,49.00662251655629
2021-22,R10,South West,Somerset,BSU,50<71,A to F2,224.0,not included,not included,not included,not included,not included,not included,not included,not included,not included,not included,not included,not included,9.783368273934311,1.7033542976939202,4.280223619846262,52.972972972972975
2021-22,R10,South West,South Devon (Torbay),BSU,50<71,A to F2,95.0,not included,not included,not included,not included,not included,not included,not included,not included,not included,not included,not included,not included,7.788161993769471,1.311690441055911,3.3612067552057714,51.89873417721519
2021-22,R10,South West,Southampton & Salisbury,BSU,50<71,A to F2,253.0,not included,not included,not included,not included,not included,not included,not included,not included,not included,not included,not included,not included,10.319791156795562,2.7736988089410994,3.5894925762767174,47.56756756756757
2021-22,R10,South West,West Devon & East Cornwall,BSU,50<71,A to F2,214.0,not included,not included,not included,not included,not included,not included,not included,not included,not included,not included,not included,not included,9.628796400449945,2.5196850393700787,2.6096737907761534,36.708860759493675
2021-22,R10,South West,Wiltshire,BSU,50<71,A to F2,214.0,not included,not included,not included,not included,not included,not included,not included,not included,not included,not included,not included,not included,9.61192957240388,1.8415379087315846,3.952569169960474,50.86705202312138
2021-22,R2,North West,"Bolton, Bury & Rochdale",BSU,50<71,A to F2,158.0,not included,not included,not included,not included,not included,not included,not included,not included,not included,not included,not included,not included,7.355679702048417,1.7690875232774674,3.119180633147114,55.833333333333336
2021-22,R2,North West,East Cheshire & Stockport,BSU,50<71,A to F2,289.0,not included,not included,not included,not included,not included,not included,not included,not included,not included,not included,not included,not included,8.714005728931102,1.8694406754108246,3.286597316448063,48.01762114537445
2021-22,R2,North West,East Lancashire,BSU,50<71,A to F2,118.0,not included,not included,not included,not included,not included,not included,not included,not included,not included,not included,not included,not included,6.682145081827963,1.5289654000792798,2.265133926043377,44.44444444444444
2021-22,R2,North West,Greater Manchester,BSU,50<71,A to F2,372.0,not included,not included,not included,not included,not included,not included,not included,not included,not included,not included,not included,not included,9.661333887388324,1.8699355911074174,3.7398711822148347,48.484848484848484
2021-22,R2,North West,Liverpool,BSU,50<71,A to F2,309.0,not included,not included,not included,not included,not included,not included,not included,not included,not included,not included,not included,not included,9.557095137943833,2.1341086230360014,3.8661388098478287,52.083333333333336
2021-22,R2,North West,North Lancashire,BSU,50<71,A to F2,275.0,not included,not included,not included,not included,not included,not included,not included,not included,not included,not included,not included,not included,9.091209626764522,1.8513008694502298,3.041422856953949,42.00913242009132
2021-22,R2,North West,South Lancashire,BSU,50<71,A to F2,229.0,not included,not included,not included,not included,not included,not included,not included,not included,not included,not included,not included,not included,8.873561436819468,1.9374588289998838,3.0999341263998144,44.6927374301676
2021-22,R2,North West,Warrington,BSU,50<71,A to F2,196.0,not included,not included,not included,not included,not included,not included,not included,not included,not included,not included,not included,not included,9.633816662570656,1.62202015237159,2.850823298107643,35.80246913580247
2021-22,R2,North West,Wirral & Chester,BSU,50<71,A to F2,215.0,not included,not included,not included,not included,not included,not included,not included,not included,not included,not included,not included,not included,8.866345003917687,2.2268959544723494,3.3815827456802343,50.931677018633536
2021-22,R3,Yorkshire and the Humber,Barnsley,BSU,50<71,A to F2,120.0,not included,not included,not included,not included,not included,not included,not included,not included,not included,not included,not included,not included,8.993479727197782,1.8736416098328712,3.5224462264857976,49.473684210526315
2021-22,R3,Yorkshire and the Humber,Doncaster,BSU,50<71,A to F2,90.0,not included,not included,not included,not included,not included,not included,not included,not included,not included,not included,not included,not included,5.068994649394536,1.1827654181920586,1.9712756969867644,50.72463768115942
2021-22,R3,Yorkshire and the Humber,Humberside,BSU,50<71,A to F2,375.0,not included,not included,not included,not included,not included,not included,not included,not included,not included,not included,not included,not included,7.637785653183429,1.2220457045093487,2.9532771192309255,46.03174603174603
2021-22,R3,Yorkshire and the Humber,Leeds Wakefield,BSU,50<71,A to F2,295.0,not included,not included,not included,not included,not included,not included,not included,not included,not included,not included,not included,not included,7.690703373481412,1.9552635695291727,3.3109129777360655,57.72727272727273
2021-22,R3,Yorkshire and the Humber,North Yorkshire,BSU,50<71,A to F2,306.0,not included,not included,not included,not included,not included,not included,not included,not included,not included,not included,not included,not included,9.000794187722446,1.529546724711004,3.3532370503279703,44.881889763779526
2021-22,R3,Yorkshire and the Humber,Pennine,BSU,50<71,A to F2,273.0,not included,not included,not included,not included,not included,not included,not included,not included,not included,not included,not included,not included,7.479042244260588,1.5341625116431976,3.2053038189688237,53.91705069124424
2021-22,R3,Yorkshire and the Humber,Rotherham,BSU,50<71,A to F2,102.0,not included,not included,not included,not included,not included,not included,not included,not included,not included,not included,not included,not included,9.053790165098526,2.2190662169359134,2.1303035682584768,31.16883116883117
2021-22,R3,Yorkshire and the Humber,Sheffield,BSU,50<71,A to F2,168.0,not included,not included,not included,not included,not included,not included,not included,not included,not included,not included,not included,not included,7.97758677999905,1.3295977966665085,3.513937034047201,52.85714285714286
2021-22,R4,East Midlands,Derby City & South Derbyshire,BSU,50<71,A to F2,379.0,not included,not included,not included,not included,not included,not included,not included,not included,not included,not included,not included,not included,8.764424299886686,2.2200124875702425,2.79814073954166,42.75618374558304
2021-22,R4,East Midlands,Kettering,BSU,50<71,A to F2,94.0,not included,not included,not included,not included,not included,not included,not included,not included,not included,not included,not included,not included,7.7106061848904925,1.8866376835370355,3.6092199163317202,61.97183098591549
2021-22,R4,East Midlands,Leicestershire,BSU,50<71,A to F2,419.0,not included,not included,not included,not included,not included,not included,not included,not included,not included,not included,not included,not included,9.051631021818968,1.814646791963707,4.104558219917909,56.71641791044776
2021-22,R4,East Midlands,Lincolnshire,BSU,50<71,A to F2,194.0,not included,not included,not included,not included,not included,not included,not included,not included,not included,not included,not included,not included,8.315117226008315,1.7144571600017144,3.2146071750032146,48.701298701298704
2021-22,R4,East Midlands,Milton Keynes,BSU,50<71,A to F2,84.0,not included,not included,not included,not included,not included,not included,not included,not included,not included,not included,not included,not included,8.876677586389095,2.007819930254676,3.275916728310261,47.69230769230769
2021-22,R4,East Midlands,North Derbyshire & Chesterfield,BSU,50<71,A to F2,183.0,not included,not included,not included,not included,not included,not included,not included,not included,not included,not included,not included,not included,10.274549435741957,2.1335129975857616,4.04244567963618,49.6551724137931
2021-22,R4,East Midlands,North Nottinghamshire,BSU,50<71,A to F2,97.0,not included,not included,not included,not included,not included,not included,not included,not included,not included,not included,not included,not included,8.842297174111213,1.4585232452142207,4.740200546946217,64.19753086419753
2021-22,R4,East Midlands,Northampton,BSU,50<71,A to F2,107.0,not included,not included,not included,not included,not included,not included,not included,not included,not included,not included,not included,not included,6.569656781482164,1.1051759071652236,3.192730398477313,58.42696629213483
2021-22,R4,East Midlands,Nottingham City,BSU,50<71,A to F2,272.0,not included,not included,not included,not included,not included,not included,not included,not included,not included,not included,not included,not included,7.917794661310512,1.164381567839781,4.0171164090472455,59.48275862068966
2021-22,R5,West Midlands,"City, Sandwell & Walsall",BSU,50<71,A to F2,318.0,not included,not included,not included,not included,not included,not included,not included,not included,not included,not included,not included,not included,8.507678313446412,1.819251966397346,3.210444646583552,48.0
2021-22,R5,West Midlands,Dudley & Wolverhampton,BSU,50<71,A to F2,277.0,not included,not included,not included,not included,not included,not included,not included,not included,not included,not included,not included,not included,9.546128131784817,1.5852775958920633,3.480718199676052,43.722943722943725
2021-22,R5,West Midlands,Hereford & Worcester,BSU,50<71,A to F2,294.0,not included,not included,not included,not included,not included,not included,not included,not included,not included,not included,not included,not included,9.21110345259728,1.9424775988470455,3.383670656056144,46.55172413793103
2021-22,R5,West Midlands,North Staffordshire,BSU,50<71,A to F2,207.0,not included,not included,not included,not included,not included,not included,not included,not included,not included,not included,not included,not included,8.854857338409548,2.2244086067502247,3.6788296188561405,55.483870967741936
2021-22,R5,West Midlands,Shropshire,BSU,50<71,A to F2,167.0,not included,not included,not included,not included,not included,not included,not included,not included,not included,not included,not included,not included,9.144671996495456,1.9713065381666848,3.2307523819954,45.038167938931295
2021-22,R5,West Midlands,South Birmingham,BSU,50<71,A to F2,129.0,not included,not included,not included,not included,not included,not included,not included,not included,not included,not included,not included,not included,11.421993979103949,1.9479369576766425,3.718788737382681,39.25233644859813
2021-22,R5,West Midlands,"Warwickshire, Solihull & Coventry",BSU,50<71,A to F2,375.0,not included,not included,not included,not included,not included,not included,not included,not included,not included,not included,not included,not included,9.644813662200047,1.9032432293408093,3.317815899796816,42.857142857142854
2021-22,R6,East of England,Bedfordshire & Hertfordshire,BSU,50<71,A to F2,428.0,not included,not included,not included,not included,not included,not included,not included,not included,not included,not included,not included,not included,8.52691556759772,2.071960792126549,2.7294098896282426,42.28395061728395
2021-22,R6,East of England,Cambridge & Huntingdon,BSU,50<71,A to F2,175.0,not included,not included,not included,not included,not included,not included,not included,not included,not included,not included,not included,not included,6.825006825006825,1.5210015210015209,2.262002262002262,42.64705882352941
2021-22,R6,East of England,Colchester & Chelmsford,BSU,50<71,A to F2,221.0,not included,not included,not included,not included,not included,not included,not included,not included,not included,not included,not included,not included,7.849405079026816,1.5272598117563487,2.3086485526549456,36.51685393258427
2021-22,R6,East of England,East Suffolk,BSU,50<71,A to F2,110.0,not included,not included,not included,not included,not included,not included,not included,not included,not included,not included,not included,not included,7.077596190966414,0.7721014026508815,3.2814309612662464,52.04081632653062
2021-22,R6,East of England,Epping,BSU,50<71,A to F2,114.0,not included,not included,not included,not included,not included,not included,not included,not included,not included,not included,not included,not included,7.942590399219676,1.463108757750993,2.786873824287605,43.01075268817204
2021-22,R6,East of England,James Paget,BSU,50<71,A to F2,65.0,not included,not included,not included,not included,not included,not included,not included,not included,not included,not included,not included,not included,8.284476166199338,1.401988274279888,3.823604384399694,55.55555555555556
2021-22,R6,East of England,Kings Lynn,BSU,50<71,A to F2,87.0,not included,not included,not included,not included,not included,not included,not included,not included,not included,not included,not included,not included,8.536106750392465,1.4717425431711146,3.826530612244898,54.166666666666664
2021-22,R6,East of England,Norfolk & Norwich,BSU,50<71,A to F2,218.0,not included,not included,not included,not included,not included,not included,not included,not included,not included,not included,not included,not included,8.786425375841361,1.6524928459151182,4.111079763008343,57.6271186440678
2021-22,R6,East of England,Peterborough,BSU,50<71,A to F2,85.0,not included,not included,not included,not included,not included,not included,not included,not included,not included,not included,not included,not included,6.628714029478281,1.2477579349606176,2.8074553536613895,52.17391304347826
2021-22,R6,East of England,South Essex (Southend),BSU,50<71,A to F2,238.0,not included,not included,not included,not included,not included,not included,not included,not included,not included,not included,not included,not included,8.638211382113822,1.3792102206736352,3.5206155632984903,48.5
2021-22,R6,East of England,West Suffolk,BSU,50<71,A to F2,81.0,not included,not included,not included,not included,not included,not included,not included,not included,not included,not included,not included,not included,6.639888515452086,0.7377653906057874,3.3609312238708093,56.94444444444444
2021-22,R7,London,Central & East London,BSU,50<71,A to F2,269.0,not included,not included,not included,not included,not included,not included,not included,not included,not included,not included,not included,not included,8.260909621349384,2.4567760955685904,2.3339372907901605,40.21164021164021
2021-22,R7,London,North London,BSU,50<71,A to F2,571.0,not included,not included,not included,not included,not included,not included,not included,not included,not included,not included,not included,not included,9.112671560804342,1.9789339291413979,2.5853814235556976,36.241610738255034
2021-22,R7,London,Outer North East London,BSU,50<71,A to F2,191.0,not included,not included,not included,not included,not included,not included,not included,not included,not included,not included,not included,not included,8.210110041265475,1.8483493810178817,2.579092159559835,40.54054054054054
2021-22,R7,London,South East London,BSU,50<71,A to F2,419.0,not included,not included,not included,not included,not included,not included,not included,not included,not included,not included,not included,not included,8.139715595617375,1.9037998290465459,2.797420156966353,44.85981308411215
2021-22,R7,London,South West London,BSU,50<71,A to F2,420.0,not included,not included,not included,not included,not included,not included,not included,not included,not included,not included,not included,not included,8.45291524946163,2.3346146879465453,2.636504518284461,43.09210526315789
2021-22,R7,London,West of London,BSU,50<71,A to F2,339.0,not included,not included,not included,not included,not included,not included,not included,not included,not included,not included,not included,not included,9.034218100415734,1.812173542266283,2.9048075898091885,40.22140221402214
2021-22,R8,South East,Aylesbury & Wycombe,BSU,50<71,A to F2,193.0,not included,not included,not included,not included,not included,not included,not included,not included,not included,not included,not included,not included,8.39641520925781,1.4791612285739144,3.1758461672322285,45.911949685534594
2021-22,R8,South East,Canterbury,BSU,50<71,A to F2,207.0,not included,not included,not included,not included,not included,not included,not included,not included,not included,not included,not included,not included,8.48291123678387,0.9425456929759856,3.975084009507418,52.71739130434783
2021-22,R8,South East,East Berkshire,BSU,50<71,A to F2,127.0,not included,not included,not included,not included,not included,not included,not included,not included,not included,not included,not included,not included,7.34911174121868,1.5045425611943752,2.546148949713558,43.56435643564357
2021-22,R8,South East,East Sussex/Brighton,BSU,50<71,A to F2,288.0,not included,not included,not included,not included,not included,not included,not included,not included,not included,not included,not included,not included,9.035861073635992,2.10209268032504,3.8276911492485803,55.203619909502265
2021-22,R8,South East,Guildford,BSU,50<71,A to F2,476.0,not included,not included,not included,not included,not included,not included,not included,not included,not included,not included,not included,not included,10.089020771513354,2.7766002543450616,4.1119118270453585,56.231884057971016
2021-22,R8,South East,Isle of Wight,BSU,50<71,A to F2,55.0,not included,not included,not included,not included,not included,not included,not included,not included,not included,not included,not included,not included,11.004401760704281,2.6010404161664664,4.801920768307323,57.14285714285714
2021-22,R8,South East,Maidstone,BSU,50<71,A to F2,217.0,not included,not included,not included,not included,not included,not included,not included,not included,not included,not included,not included,not included,11.713900134952768,3.184885290148448,3.454790823211876,40.50632911392405
2021-22,R8,South East,Medway,BSU,50<71,A to F2,229.0,not included,not included,not included,not included,not included,not included,not included,not included,not included,not included,not included,not included,10.650667410818102,3.0696246686200643,3.0696246686200643,40.49079754601227
2021-22,R8,South East,North & Mid Hampshire,BSU,50<71,A to F2,169.0,not included,not included,not included,not included,not included,not included,not included,not included,not included,not included,not included,not included,7.531194295900178,1.5151515151515151,2.3172905525846703,38.51851851851852
2021-22,R8,South East,Oxford,BSU,50<71,A to F2,234.0,not included,not included,not included,not included,not included,not included,not included,not included,not included,not included,not included,not included,8.489641911257847,1.850306570402351,2.8298806370859486,42.62295081967213
2021-22,R8,South East,Portsmouth,BSU,50<71,A to F2,283.0,not included,not included,not included,not included,not included,not included,not included,not included,not included,not included,not included,not included,9.298505010678495,2.6285526531953343,3.778544438968293,56.65024630541872
2021-22,R8,South East,West Berkshire,BSU,50<71,A to F2,172.0,not included,not included,not included,not included,not included,not included,not included,not included,not included,not included,not included,not included,8.615507914245642,1.6529753556401523,3.155680224403927,45.32374100719424
2021-22,R8,South East,Worthing,BSU,50<71,A to F2,321.0,not included,not included,not included,not included,not included,not included,not included,not included,not included,not included,not included,not included,9.547888161808448,2.3200475907198093,3.0636525877453895,42.38683127572017
