CollectionYearRange,Parent_Org_Code,Parent_Org_Name,Org_Name,Org_Type,Age_Band,Table_Code,Total_with_cancer,Invasive_total,Non_or_micro_invasive,Cancer_non_microinvasive,Cancer_microinvasive,Small_invasive,Invasive_not_known,Invasive_lessthan10mm,Invasive_10mmto15mm,Invasive_15mmto20mm,Invasive_20mmto50mm,Invasive_50mmplus,Invasive_unknown,Rate_with_cancer,Rate_non_or_micro_invasive,Rate_small_invasive,Percent_small_invasive
2014-15,E92000001,England,England,National,45 and over,A,2597.0,1843.0,751.0,730.0,21.0,857.0,3.0,422.0,435.0,348.0,501.0,62.0,75.0,7.626011246678119,2.2052885815384164,2.516554346708952,46.500271296798694
2014-15,E92000001,England,England,National,45 and over,A to F2,18015.0,14089.0,3907.0,3778.0,129.0,7301.0,19.0,3559.0,3742.0,2680.0,3285.0,339.0,484.0,8.556349366929886,1.8556567847124659,3.467660656561483,51.82056923841295
2014-15,E92000001,England,England,National,45 and over,B,644.0,497.0,146.0,141.0,5.0,218.0,1.0,102.0,116.0,97.0,134.0,27.0,21.0,10.879664825232712,2.466507864105553,3.6828679066781547,43.86317907444668
2014-15,E92000001,England,England,National,45 and over,C1,11642.0,9214.0,2417.0,2335.0,82.0,4953.0,11.0,2424.0,2529.0,1767.0,2030.0,190.0,274.0,7.932771093696235,1.646925591261278,3.374936886022801,53.75515519861081
2014-15,E92000001,England,England,National,45 and over,C2,1413.0,1131.0,280.0,273.0,7.0,575.0,2.0,282.0,293.0,204.0,269.0,38.0,45.0,12.156093532235586,2.408850806104716,4.9467471911078995,50.83996463306808
2014-15,E92000001,England,England,National,45 and over,D,36.0,22.0,14.0,10.0,4.0,12.0,0.0,8.0,4.0,3.0,5.0,1.0,1.0,36.69724770642202,14.271151885830784,12.232415902140673,54.54545454545454
2014-15,E92000001,England,England,National,45 and over,E,225.0,168.0,57.0,56.0,1.0,79.0,0.0,48.0,31.0,27.0,53.0,3.0,6.0,11.07065538279866,2.8045660303089943,3.887030112182641,47.023809523809526
2014-15,E92000001,England,England,National,45 and over,F1,1005.0,818.0,186.0,179.0,7.0,439.0,1.0,204.0,235.0,156.0,179.0,9.0,35.0,12.594774108653425,2.3309731186164546,5.501597844476471,53.66748166259169
2014-15,E92000001,England,England,National,45 and over,F2,453.0,396.0,56.0,54.0,2.0,168.0,1.0,69.0,99.0,78.0,114.0,9.0,27.0,21.784082712190433,2.692955037268574,8.078865111805722,42.42424242424242
2014-15,E92000001,England,England,National,45-49,A,1050.0,717.0,332.0,324.0,8.0,329.0,1.0,147.0,182.0,133.0,198.0,30.0,27.0,6.602527824938691,2.0876564170282337,2.068792051814123,45.885634588563455
2014-15,E92000001,England,England,National,45-49,A to F2,1156.0,794.0,361.0,352.0,9.0,367.0,1.0,164.0,203.0,149.0,216.0,34.0,28.0,6.53890535556712,2.0419938004841955,2.075932755616897,46.221662468513856
2014-15,E92000001,England,England,National,45-49,B,13.0,10.0,3.0,3.0,0.0,5.0,0.0,3.0,2.0,3.0,1.0,1.0,0.0,6.595636732623033,1.5220700152207,2.536783358701167,50.0
2014-15,E92000001,England,England,National,45-49,C1,59.0,43.0,16.0,16.0,0.0,21.0,0.0,9.0,12.0,11.0,8.0,2.0,1.0,5.115754790600884,1.3873233330443075,1.8208618746206537,48.837209302325576
2014-15,E92000001,England,England,National,45-49,C2,2.0,2.0,0.0,0.0,0.0,0.0,0.0,0.0,0.0,0.0,1.0,1.0,0.0,5.050505050505051,0.0,0.0,0.0
2014-15,E92000001,England,England,National,45-49,D,5.0,3.0,2.0,1.0,1.0,2.0,0.0,0.0,2.0,1.0,0.0,0.0,0.0,49.01960784313725,19.607843137254903,19.607843137254903,66.66666666666666
2014-15,E92000001,England,England,National,45-49,E,27.0,19.0,8.0,8.0,0.0,10.0,0.0,5.0,5.0,1.0,8.0,0.0,0.0,7.627118644067797,2.2598870056497176,2.824858757062147,52.63157894736842
2014-15,E92000001,England,England,National,45-49,F1,0.0,0.0,0.0,0.0,0.0,0.0,0.0,0.0,0.0,0.0,0.0,0.0,0.0,0.0,0.0,0.0,z
2014-15,E92000001,England,England,National,45-49,F2,0.0,0.0,0.0,0.0,0.0,0.0,0.0,0.0,0.0,0.0,0.0,0.0,0.0,0.0,0.0,0.0,z
2014-15,E92000001,England,England,National,45-74,A,2597.0,1843.0,751.0,730.0,21.0,857.0,3.0,422.0,435.0,348.0,501.0,62.0,75.0,7.626011246678119,2.2052885815384164,2.516554346708952,46.500271296798694
2014-15,E92000001,England,England,National,45-74,A to F2,17221.0,13413.0,3791.0,3668.0,123.0,6978.0,17.0,3415.0,3563.0,2554.0,3119.0,327.0,435.0,8.352163409657587,1.8386302471408111,3.384321251529565,52.024155669872506
2014-15,E92000001,England,England,National,45-74,B,644.0,497.0,146.0,141.0,5.0,218.0,1.0,102.0,116.0,97.0,134.0,27.0,21.0,10.879664825232712,2.466507864105553,3.6828679066781547,43.86317907444668
2014-15,E92000001,England,England,National,45-74,C1,11642.0,9214.0,2417.0,2335.0,82.0,4953.0,11.0,2424.0,2529.0,1767.0,2030.0,190.0,274.0,7.932781904371888,1.6469278356697177,3.3749414853422057,53.75515519861081
2014-15,E92000001,England,England,National,45-74,C2,1413.0,1131.0,280.0,273.0,7.0,575.0,2.0,282.0,293.0,204.0,269.0,38.0,45.0,12.15630269451805,2.408892253690767,4.946832306686397,50.83996463306808
2014-15,E92000001,England,England,National,45-74,D,32.0,19.0,13.0,9.0,4.0,10.0,0.0,6.0,4.0,3.0,4.0,1.0,1.0,33.898305084745765,13.771186440677965,10.59322033898305,52.63157894736842
2014-15,E92000001,England,England,National,45-74,E,194.0,141.0,53.0,52.0,1.0,66.0,0.0,38.0,28.0,24.0,46.0,2.0,3.0,10.155472962361932,2.77443333507826,3.4549547191540597,46.808510638297875
2014-15,E92000001,England,England,National,45-74,F1,577.0,464.0,113.0,110.0,3.0,251.0,0.0,123.0,128.0,90.0,105.0,6.0,12.0,11.574724172517552,2.266800401203611,5.035105315947844,54.0948275862069
2014-15,E92000001,England,England,National,45-74,F2,122.0,104.0,18.0,18.0,0.0,48.0,0.0,18.0,30.0,21.0,30.0,1.0,4.0,14.508264954215722,2.1405636817695326,5.708169818052087,46.15384615384615
2014-15,E92000001,England,England,National,50-52,A,1446.0,1040.0,404.0,391.0,13.0,492.0,2.0,264.0,228.0,198.0,283.0,29.0,38.0,8.50393145102006,2.3759255229682603,2.8934538547039206,47.30769230769231
2014-15,E92000001,England,England,National,50-52,A to F2,2190.0,1600.0,587.0,569.0,18.0,760.0,3.0,393.0,367.0,315.0,428.0,48.0,49.0,7.142810549181023,1.9145341517667855,2.4787835695788027,47.5
2014-15,E92000001,England,England,National,50-52,B,116.0,89.0,27.0,25.0,2.0,34.0,0.0,22.0,12.0,26.0,22.0,5.0,2.0,7.475671843784236,1.7400270670877103,2.191145195591931,38.20224719101123
2014-15,E92000001,England,England,National,50-52,C1,539.0,404.0,134.0,131.0,3.0,201.0,1.0,90.0,111.0,81.0,102.0,13.0,7.0,4.971774342323728,1.2360255322289047,1.854038298343357,49.75247524752475
2014-15,E92000001,England,England,National,50-52,C2,13.0,8.0,5.0,5.0,0.0,3.0,0.0,1.0,2.0,1.0,3.0,0.0,1.0,4.397834912043302,1.6914749661705006,1.0148849797023003,37.5
2014-15,E92000001,England,England,National,50-52,D,1.0,0.0,1.0,1.0,0.0,0.0,0.0,0.0,0.0,0.0,0.0,0.0,0.0,4.273504273504274,4.273504273504274,0.0,z
2014-15,E92000001,England,England,National,50-52,E,68.0,53.0,15.0,15.0,0.0,27.0,0.0,15.0,12.0,8.0,17.0,0.0,1.0,8.145663632007667,1.796837565884044,3.2343076185912794,50.943396226415096
2014-15,E92000001,England,England,National,50-52,F1,7.0,6.0,1.0,1.0,0.0,3.0,0.0,1.0,2.0,1.0,1.0,1.0,0.0,6.463527239150507,0.9233610341643582,2.770083102493075,50.0
2014-15,E92000001,England,England,National,50-52,F2,0.0,0.0,0.0,0.0,0.0,0.0,0.0,0.0,0.0,0.0,0.0,0.0,0.0,0.0,0.0,0.0,z
2014-15,E92000001,England,England,National,50<71,A,1545.0,1124.0,419.0,406.0,13.0,527.0,2.0,275.0,252.0,215.0,302.0,32.0,48.0,8.516197311196732,2.3095706623892758,2.9048776589001153,46.886120996441285
2014-15,E92000001,England,England,National,50<71,A to F2,14879.0,11628.0,3235.0,3128.0,107.0,6078.0,16.0,3008.0,3070.0,2226.0,2668.0,280.0,376.0,8.287719036354227,1.801920228685122,3.3854934002930976,52.270381836945305
2014-15,E92000001,England,England,National,50<71,B,625.0,482.0,142.0,137.0,5.0,213.0,1.0,99.0,114.0,92.0,130.0,26.0,21.0,10.974731777555357,2.493459059860577,3.7401885897908658,44.190871369294605
2014-15,E92000001,England,England,National,50<71,C1,10947.0,8648.0,2288.0,2209.0,79.0,4643.0,11.0,2287.0,2356.0,1664.0,1901.0,181.0,259.0,7.7974528463160295,1.629722491310046,3.3071684996296087,53.68871415356151
2014-15,E92000001,England,England,National,50<71,C2,1298.0,1032.0,264.0,257.0,7.0,524.0,2.0,257.0,267.0,189.0,247.0,33.0,39.0,11.833348527668885,2.4067827513902817,4.777099097456468,50.775193798449614
2014-15,E92000001,England,England,National,50<71,D,21.0,12.0,9.0,8.0,1.0,6.0,0.0,5.0,1.0,2.0,2.0,1.0,1.0,26.957637997432606,11.553273427471117,7.702182284980744,50.0
2014-15,E92000001,England,England,National,50<71,E,155.0,112.0,43.0,42.0,1.0,49.0,0.0,28.0,21.0,23.0,36.0,2.0,2.0,10.406176569318564,2.886874790198053,3.289694528365223,43.75
2014-15,E92000001,England,England,National,50<71,F1,236.0,179.0,57.0,56.0,1.0,96.0,0.0,50.0,46.0,34.0,40.0,5.0,4.0,10.00933073203834,2.4175078462973962,4.071592162185088,53.63128491620112
2014-15,E92000001,England,England,National,50<71,F2,52.0,39.0,13.0,13.0,0.0,20.0,0.0,7.0,13.0,7.0,10.0,0.0,2.0,12.754476330635272,3.188619082658818,4.905567819475104,51.28205128205128
2014-15,E92000001,England,England,National,53-54,A,34.0,26.0,8.0,8.0,0.0,8.0,0.0,2.0,6.0,5.0,9.0,1.0,3.0,8.353808353808352,1.9656019656019657,1.9656019656019657,30.76923076923077
2014-15,E92000001,England,England,National,53-54,A to F2,1150.0,862.0,287.0,280.0,7.0,423.0,1.0,201.0,222.0,164.0,218.0,31.0,26.0,5.982292414453219,1.4929721069113684,2.20044320983801,49.071925754060324
2014-15,E92000001,England,England,National,53-54,B,181.0,137.0,44.0,44.0,0.0,59.0,0.0,26.0,33.0,21.0,45.0,9.0,3.0,10.004974849372616,2.4321485821679287,3.261290144270632,43.06569343065693
2014-15,E92000001,England,England,National,53-54,C1,865.0,652.0,212.0,206.0,6.0,330.0,1.0,165.0,165.0,128.0,157.0,19.0,18.0,5.376177009851145,1.3176295099288355,2.0510270673420554,50.61349693251533
2014-15,E92000001,England,England,National,53-54,C2,31.0,22.0,9.0,9.0,0.0,10.0,0.0,2.0,8.0,7.0,4.0,1.0,0.0,7.435835931878149,2.1587910769968817,2.398656752218758,45.45454545454545
2014-15,E92000001,England,England,National,53-54,D,3.0,1.0,2.0,1.0,1.0,1.0,0.0,1.0,0.0,0.0,0.0,0.0,0.0,31.578947368421055,21.052631578947366,10.526315789473683,100.0
2014-15,E92000001,England,England,National,53-54,E,23.0,12.0,11.0,11.0,0.0,7.0,0.0,2.0,5.0,2.0,2.0,0.0,1.0,10.478359908883828,5.011389521640091,3.1890660592255125,58.333333333333336
2014-15,E92000001,England,England,National,53-54,F1,13.0,12.0,1.0,1.0,0.0,8.0,0.0,3.0,5.0,1.0,1.0,1.0,1.0,4.861630516080777,0.3739715781600598,2.9917726252804786,66.66666666666666
2014-15,E92000001,England,England,National,53-54,F2,0.0,0.0,0.0,0.0,0.0,0.0,0.0,0.0,0.0,0.0,0.0,0.0,0.0,0.0,0.0,0.0,z
2014-15,E92000001,England,England,National,55-59,A,23.0,19.0,4.0,4.0,0.0,11.0,0.0,4.0,7.0,1.0,3.0,0.0,4.0,6.221260481471464,1.0819583446037329,2.9753854476602655,57.89473684210527
2014-15,E92000001,England,England,National,55-59,A to F2,2894.0,2184.0,708.0,681.0,27.0,1156.0,2.0,560.0,596.0,411.0,472.0,61.0,84.0,6.6801315713543765,1.6342547175255353,2.668359397541693,52.930402930402934
2014-15,E92000001,England,England,National,55-59,B,176.0,142.0,34.0,32.0,2.0,72.0,0.0,33.0,39.0,21.0,34.0,7.0,8.0,11.838299589695298,2.2869442389184096,4.842940741238985,50.70422535211267
2014-15,E92000001,England,England,National,55-59,C1,2321.0,1756.0,563.0,541.0,22.0,935.0,2.0,454.0,481.0,342.0,373.0,44.0,62.0,6.236078981377741,1.5126723250821492,2.512164518564493,53.24601366742597
2014-15,E92000001,England,England,National,55-59,C2,282.0,203.0,79.0,76.0,3.0,105.0,0.0,49.0,56.0,35.0,48.0,7.0,8.0,8.785867838115712,2.4612892170607843,3.2713337695111693,51.724137931034484
2014-15,E92000001,England,England,National,55-59,D,6.0,3.0,3.0,3.0,0.0,1.0,0.0,0.0,1.0,0.0,0.0,1.0,1.0,37.73584905660377,18.867924528301884,6.289308176100629,33.33333333333333
2014-15,E92000001,England,England,National,55-59,E,31.0,21.0,10.0,10.0,0.0,8.0,0.0,5.0,3.0,3.0,9.0,1.0,0.0,13.82077574676772,4.458314757021846,3.5666518056174765,38.095238095238095
2014-15,E92000001,England,England,National,55-59,F1,49.0,36.0,13.0,13.0,0.0,22.0,0.0,15.0,7.0,7.0,5.0,1.0,1.0,7.147024504084015,1.896149358226371,3.2088681446907814,61.111111111111114
2014-15,E92000001,England,England,National,55-59,F2,6.0,4.0,2.0,2.0,0.0,2.0,0.0,0.0,2.0,2.0,0.0,0.0,0.0,5.371530886302597,1.7905102954341987,1.7905102954341987,50.0
2014-15,E92000001,England,England,National,60-64,A,23.0,21.0,2.0,2.0,0.0,9.0,0.0,3.0,6.0,6.0,4.0,1.0,1.0,10.874704491725769,0.9456264775413711,4.25531914893617,42.857142857142854
2014-15,E92000001,England,England,National,60-64,A to F2,3565.0,2855.0,708.0,688.0,20.0,1500.0,2.0,770.0,730.0,549.0,656.0,66.0,84.0,8.857627000730474,1.7591023608743832,3.726911781513524,52.53940455341506
2014-15,E92000001,England,England,National,60-64,B,93.0,64.0,28.0,27.0,1.0,28.0,1.0,13.0,15.0,11.0,16.0,4.0,5.0,17.570375968259963,5.290005667863215,5.290005667863215,43.75
2014-15,E92000001,England,England,National,60-64,C1,2929.0,2348.0,580.0,564.0,16.0,1258.0,1.0,640.0,618.0,456.0,524.0,44.0,66.0,8.289747769777657,1.6415342118371599,3.560431100846805,53.57751277683135
2014-15,E92000001,England,England,National,60-64,C2,411.0,339.0,72.0,71.0,1.0,163.0,0.0,91.0,72.0,60.0,91.0,14.0,11.0,12.151853822955474,2.12879191059074,4.819348353142924,48.08259587020649
2014-15,E92000001,England,England,National,60-64,D,6.0,4.0,2.0,2.0,0.0,2.0,0.0,2.0,0.0,1.0,1.0,0.0,0.0,43.16546762589928,14.388489208633095,14.388489208633095,50.0
2014-15,E92000001,England,England,National,60-64,E,18.0,16.0,2.0,1.0,1.0,3.0,0.0,3.0,0.0,8.0,4.0,1.0,0.0,15.557476231633535,1.7286084701815039,2.592912705272256,18.75
2014-15,E92000001,England,England,National,60-64,F1,69.0,50.0,19.0,18.0,1.0,30.0,0.0,15.0,15.0,6.0,11.0,2.0,1.0,12.952881546836869,3.566735498404355,5.631687629059508,60.0
2014-15,E92000001,England,England,National,60-64,F2,16.0,13.0,3.0,3.0,0.0,7.0,0.0,3.0,4.0,1.0,5.0,0.0,0.0,12.33616037008481,2.3130300693909023,5.397070161912104,53.84615384615385
2014-15,E92000001,England,England,National,65-70,A,19.0,18.0,1.0,1.0,0.0,7.0,0.0,2.0,5.0,5.0,3.0,1.0,2.0,12.683578104138851,0.6675567423230975,4.672897196261682,38.88888888888889
2014-15,E92000001,England,England,National,65-70,A to F2,5080.0,4127.0,945.0,910.0,35.0,2239.0,8.0,1084.0,1155.0,787.0,894.0,74.0,133.0,11.025071185498994,2.050923675255226,4.859278422112647,54.25248364429368
2014-15,E92000001,England,England,National,65-70,B,59.0,50.0,9.0,9.0,0.0,20.0,0.0,5.0,15.0,13.0,13.0,1.0,3.0,18.54762653253694,2.8292989625903804,6.287331027978623,40.0
2014-15,E92000001,England,England,National,65-70,C1,4293.0,3488.0,799.0,767.0,32.0,1919.0,6.0,938.0,981.0,657.0,745.0,61.0,106.0,10.493869409625125,1.9530868060308584,4.690830514109158,55.017201834862384
2014-15,E92000001,England,England,National,65-70,C2,561.0,460.0,99.0,96.0,3.0,243.0,2.0,114.0,129.0,86.0,101.0,11.0,19.0,15.30862849969983,2.7015226764176172,6.631010205752333,52.826086956521735
2014-15,E92000001,England,England,National,65-70,D,5.0,4.0,1.0,1.0,0.0,2.0,0.0,2.0,0.0,1.0,1.0,0.0,0.0,32.89473684210526,6.578947368421052,13.157894736842104,50.0
2014-15,E92000001,England,England,National,65-70,E,15.0,10.0,5.0,5.0,0.0,4.0,0.0,3.0,1.0,2.0,4.0,0.0,0.0,15.756302521008402,5.2521008403361344,4.201680672268908,40.0
2014-15,E92000001,England,England,National,65-70,F1,98.0,75.0,23.0,23.0,0.0,33.0,0.0,16.0,17.0,19.0,22.0,0.0,1.0,12.8305839224928,3.011259492013616,4.32050274941084,44.0
2014-15,E92000001,England,England,National,65-70,F2,30.0,22.0,8.0,8.0,0.0,11.0,0.0,4.0,7.0,4.0,5.0,0.0,2.0,18.69158878504673,4.984423676012462,6.853582554517134,50.0
2014-15,E92000001,England,England,National,Over 70,A,2.0,2.0,0.0,0.0,0.0,1.0,0.0,0.0,1.0,0.0,1.0,0.0,0.0,20.833333333333332,0.0,10.416666666666666,50.0
2014-15,E92000001,England,England,National,Over 70,A to F2,1980.0,1667.0,311.0,298.0,13.0,856.0,2.0,387.0,469.0,305.0,401.0,25.0,80.0,14.847141925179404,2.332051080167068,6.4187643878553375,51.349730053989205
2014-15,E92000001,England,England,National,Over 70,B,6.0,5.0,1.0,1.0,0.0,0.0,0.0,0.0,0.0,2.0,3.0,0.0,0.0,21.978021978021978,3.663003663003663,0.0,0.0
2014-15,E92000001,England,England,National,Over 70,C1,636.0,523.0,113.0,110.0,3.0,289.0,0.0,128.0,161.0,92.0,121.0,7.0,14.0,12.200268559370803,2.167657778630347,5.543832725877613,55.25812619502868
2014-15,E92000001,England,England,National,Over 70,C2,113.0,97.0,16.0,16.0,0.0,51.0,0.0,25.0,26.0,15.0,21.0,4.0,6.0,18.368010403120937,2.6007802340702213,8.289986996098829,52.57731958762887
2014-15,E92000001,England,England,National,Over 70,D,10.0,7.0,3.0,1.0,2.0,4.0,0.0,3.0,1.0,0.0,3.0,0.0,0.0,100.0,30.0,40.0,57.14285714285714
2014-15,E92000001,England,England,National,Over 70,E,43.0,37.0,6.0,6.0,0.0,20.0,0.0,15.0,5.0,3.0,9.0,1.0,4.0,22.763366860772894,3.1762837480148227,10.587612493382743,54.054054054054056
2014-15,E92000001,England,England,National,Over 70,F1,769.0,639.0,129.0,123.0,6.0,343.0,1.0,154.0,189.0,122.0,139.0,4.0,31.0,13.73165244098425,2.3034891611013895,6.124781257812221,53.677621283255085
2014-15,E92000001,England,England,National,Over 70,F2,401.0,357.0,43.0,41.0,2.0,148.0,1.0,62.0,86.0,71.0,104.0,9.0,25.0,23.987557576120118,2.572231859783454,8.85326314530119,41.45658263305322
2015-16,E92000001,England,England,National,45 and over,A,2304.0,1608.0,694.0,671.0,23.0,763.0,2.0,383.0,380.0,292.0,456.0,52.0,45.0,7.1987177284046275,2.1683637602052133,2.3839503588423314,47.450248756218905
2015-16,E92000001,England,England,National,45 and over,A to F2,18320.0,14484.0,3830.0,3699.0,131.0,7543.0,6.0,3819.0,3724.0,2717.0,3439.0,322.0,463.0,8.4765054588325,1.7721078552035192,3.49008082292432,52.07815520574427
2015-16,E92000001,England,England,National,45 and over,B,699.0,553.0,145.0,142.0,3.0,246.0,1.0,117.0,129.0,105.0,156.0,13.0,33.0,9.934621944286526,2.060830017055145,3.496304718590108,44.48462929475588
2015-16,E92000001,England,England,National,45 and over,C1,12086.0,9630.0,2454.0,2373.0,81.0,5228.0,2.0,2683.0,2545.0,1780.0,2157.0,198.0,267.0,7.963328890227165,1.6169128823942962,3.4446701504308805,54.28868120456906
2015-16,E92000001,England,England,National,45 and over,C2,1506.0,1246.0,260.0,248.0,12.0,584.0,0.0,295.0,289.0,269.0,311.0,27.0,55.0,11.433343455815367,1.9738839963559063,4.433647130276344,46.869983948635635
2015-16,E92000001,England,England,National,45 and over,D,33.0,20.0,13.0,12.0,1.0,14.0,0.0,9.0,5.0,2.0,2.0,0.0,2.0,38.150289017341045,15.028901734104046,16.184971098265894,70.0
2015-16,E92000001,England,England,National,45 and over,E,233.0,188.0,45.0,43.0,2.0,80.0,0.0,31.0,49.0,36.0,58.0,5.0,9.0,11.174524003644908,2.1581698719485876,3.8367464390197115,42.5531914893617
2015-16,E92000001,England,England,National,45 and over,F1,1019.0,852.0,166.0,159.0,7.0,458.0,1.0,224.0,234.0,166.0,183.0,16.0,29.0,12.622946758169611,2.0563387260609964,5.673512870698413,53.755868544600936
2015-16,E92000001,England,England,National,45 and over,F2,440.0,387.0,53.0,51.0,2.0,170.0,0.0,77.0,93.0,67.0,116.0,11.0,23.0,23.17985459909388,2.792118849436308,8.955852913286272,43.927648578811365
2015-16,E92000001,England,England,National,45-49,A,1014.0,679.0,334.0,328.0,6.0,304.0,1.0,144.0,160.0,114.0,211.0,29.0,21.0,6.23098903124712,2.052416505361477,1.8680677174547577,44.77172312223859
2015-16,E92000001,England,England,National,45-49,A to F2,1155.0,782.0,372.0,366.0,6.0,353.0,1.0,172.0,181.0,135.0,239.0,30.0,25.0,6.221920553346909,2.0039432431558875,1.9015913033172802,45.14066496163683
2015-16,E92000001,England,England,National,45-49,B,22.0,17.0,5.0,5.0,0.0,10.0,0.0,7.0,3.0,3.0,3.0,0.0,1.0,7.936507936507936,1.8037518037518037,3.6075036075036073,58.82352941176471
2015-16,E92000001,England,England,National,45-49,C1,75.0,51.0,24.0,24.0,0.0,22.0,0.0,12.0,10.0,10.0,15.0,1.0,3.0,4.839646383170936,1.5486868426146996,1.4196296057301414,43.13725490196079
2015-16,E92000001,England,England,National,45-49,C2,3.0,2.0,1.0,1.0,0.0,0.0,0.0,0.0,0.0,1.0,1.0,0.0,0.0,5.825242718446602,1.941747572815534,0.0,0.0
2015-16,E92000001,England,England,National,45-49,D,4.0,2.0,2.0,2.0,0.0,1.0,0.0,1.0,0.0,0.0,1.0,0.0,0.0,42.5531914893617,21.27659574468085,10.638297872340425,50.0
2015-16,E92000001,England,England,National,45-49,E,36.0,30.0,6.0,6.0,0.0,16.0,0.0,8.0,8.0,7.0,7.0,0.0,0.0,9.66702470461869,1.611170784103115,4.296455424274973,53.333333333333336
2015-16,E92000001,England,England,National,45-49,F1,1.0,1.0,0.0,0.0,0.0,0.0,0.0,0.0,0.0,0.0,1.0,0.0,0.0,3.401360544217687,0.0,0.0,0.0
2015-16,E92000001,England,England,National,45-49,F2,0.0,0.0,0.0,0.0,0.0,0.0,0.0,0.0,0.0,0.0,0.0,0.0,0.0,0.0,0.0,0.0,z
2015-16,E92000001,England,England,National,45-74,A,2304.0,1608.0,694.0,671.0,23.0,763.0,2.0,383.0,380.0,292.0,456.0,52.0,45.0,7.1987177284046275,2.1683637602052133,2.3839503588423314,47.450248756218905
2015-16,E92000001,England,England,National,45-74,A to F2,17580.0,13853.0,3721.0,3597.0,124.0,7218.0,6.0,3662.0,3556.0,2610.0,3290.0,304.0,431.0,8.29698877829908,1.7561487624602319,3.4065793516361067,52.10423734931062
2015-16,E92000001,England,England,National,45-74,B,699.0,553.0,145.0,142.0,3.0,246.0,1.0,117.0,129.0,105.0,156.0,13.0,33.0,9.934621944286526,2.060830017055145,3.496304718590108,44.48462929475588
2015-16,E92000001,England,England,National,45-74,C1,12086.0,9630.0,2454.0,2373.0,81.0,5228.0,2.0,2683.0,2545.0,1780.0,2157.0,198.0,267.0,7.963334137178084,1.6169139477606334,3.4446724200866305,54.28868120456906
2015-16,E92000001,England,England,National,45-74,C2,1506.0,1246.0,260.0,248.0,12.0,584.0,0.0,295.0,289.0,269.0,311.0,27.0,55.0,11.433343455815367,1.9738839963559063,4.433647130276344,46.869983948635635
2015-16,E92000001,England,England,National,45-74,D,30.0,18.0,12.0,11.0,1.0,13.0,0.0,9.0,4.0,2.0,2.0,0.0,1.0,36.101083032490976,14.44043321299639,15.643802647412757,72.22222222222221
2015-16,E92000001,England,England,National,45-74,E,211.0,174.0,37.0,36.0,1.0,75.0,0.0,31.0,44.0,33.0,54.0,4.0,8.0,10.667880074826837,1.8706709135952273,3.791900500530866,43.103448275862064
2015-16,E92000001,England,England,National,45-74,F1,607.0,509.0,97.0,94.0,3.0,262.0,1.0,125.0,137.0,104.0,122.0,9.0,12.0,12.023135126569741,1.9213247236857744,5.1895575010894115,51.47347740667977
2015-16,E92000001,England,England,National,45-74,F2,137.0,115.0,22.0,22.0,0.0,47.0,0.0,19.0,28.0,25.0,32.0,1.0,10.0,17.337382941027588,2.7841052898000505,5.947861300936472,40.869565217391305
2015-16,E92000001,England,England,National,50-52,A,1177.0,843.0,333.0,318.0,15.0,418.0,1.0,214.0,204.0,166.0,222.0,20.0,17.0,8.092350425587503,2.289509508683635,2.8739188427320106,49.58481613285884
2015-16,E92000001,England,England,National,50-52,A to F2,2136.0,1573.0,562.0,537.0,25.0,768.0,1.0,382.0,386.0,336.0,399.0,38.0,32.0,6.741190059900649,1.773665174936407,2.4237986732227053,48.823903369357915
2015-16,E92000001,England,England,National,50-52,B,168.0,128.0,40.0,39.0,1.0,54.0,0.0,20.0,34.0,35.0,30.0,4.0,5.0,7.886213209407127,1.8776698117636015,2.5348542458808616,42.1875
2015-16,E92000001,England,England,National,50-52,C1,692.0,531.0,161.0,153.0,8.0,267.0,0.0,133.0,134.0,119.0,126.0,11.0,8.0,5.085916714439006,1.183284091076127,1.9623406976231423,50.282485875706215
2015-16,E92000001,England,England,National,50-52,C2,20.0,16.0,4.0,4.0,0.0,8.0,0.0,6.0,2.0,3.0,4.0,1.0,0.0,5.045408678102927,1.0090817356205852,2.0181634712411705,50.0
2015-16,E92000001,England,England,National,50-52,D,3.0,1.0,2.0,1.0,1.0,0.0,0.0,0.0,0.0,1.0,0.0,0.0,0.0,17.142857142857142,11.428571428571429,0.0,0.0
2015-16,E92000001,England,England,National,50-52,E,72.0,51.0,21.0,21.0,0.0,20.0,0.0,9.0,11.0,11.0,16.0,2.0,2.0,8.664259927797834,2.527075812274368,2.406738868832732,39.21568627450981
2015-16,E92000001,England,England,National,50-52,F1,4.0,3.0,1.0,1.0,0.0,1.0,0.0,0.0,1.0,1.0,1.0,0.0,0.0,2.5348542458808616,0.6337135614702154,0.6337135614702154,33.33333333333333
2015-16,E92000001,England,England,National,50-52,F2,0.0,0.0,0.0,0.0,0.0,0.0,0.0,0.0,0.0,0.0,0.0,0.0,0.0,0.0,0.0,0.0,z
2015-16,E92000001,England,England,National,50<71,A,1290.0,929.0,360.0,343.0,17.0,459.0,1.0,239.0,220.0,178.0,245.0,23.0,24.0,8.205845870042301,2.2900034986164566,2.9197544607359815,49.40796555435953
2015-16,E92000001,England,England,National,50<71,A to F2,15112.0,11979.0,3129.0,3015.0,114.0,6307.0,4.0,3211.0,3096.0,2256.0,2789.0,258.0,369.0,8.236297590207133,1.7053583350819297,3.437422505388856,52.65047165873612
2015-16,E92000001,England,England,National,50<71,B,664.0,525.0,138.0,135.0,3.0,234.0,1.0,109.0,125.0,99.0,149.0,12.0,31.0,9.875074360499703,2.0523497917906006,3.4800713860797146,44.57142857142857
2015-16,E92000001,England,England,National,50<71,C1,11294.0,9009.0,2283.0,2203.0,80.0,4900.0,2.0,2506.0,2394.0,1659.0,2013.0,190.0,247.0,7.831107678077267,1.5830014900876925,3.397594087354224,54.39005439005439
2015-16,E92000001,England,England,National,50<71,C2,1379.0,1133.0,246.0,234.0,12.0,535.0,0.0,274.0,261.0,244.0,278.0,25.0,51.0,11.089220377146074,1.9782075509629689,4.302199348638977,47.21977052074139
2015-16,E92000001,England,England,National,50<71,D,24.0,14.0,10.0,9.0,1.0,12.0,0.0,8.0,4.0,1.0,0.0,0.0,1.0,34.98542274052478,14.577259475218659,17.49271137026239,85.71428571428571
2015-16,E92000001,England,England,National,50<71,E,165.0,136.0,29.0,28.0,1.0,58.0,0.0,23.0,35.0,25.0,44.0,3.0,6.0,10.787133891213388,1.8959205020920502,3.7918410041841004,42.64705882352941
2015-16,E92000001,England,England,National,50<71,F1,229.0,180.0,49.0,49.0,0.0,90.0,0.0,45.0,45.0,36.0,44.0,5.0,5.0,9.694352722038778,2.074337482008297,3.8100076200152397,50.0
2015-16,E92000001,England,England,National,50<71,F2,67.0,53.0,14.0,14.0,0.0,19.0,0.0,7.0,12.0,14.0,16.0,0.0,4.0,15.937202664129401,3.3301617507136063,4.519505233111323,35.84905660377358
2015-16,E92000001,England,England,National,53-54,A,34.0,25.0,9.0,8.0,1.0,15.0,0.0,10.0,5.0,4.0,4.0,2.0,0.0,8.508508508508509,2.2522522522522523,3.7537537537537538,60.0
2015-16,E92000001,England,England,National,53-54,A to F2,1107.0,859.0,248.0,238.0,10.0,434.0,0.0,203.0,231.0,158.0,216.0,20.0,31.0,5.7025700200388405,1.2775405284278525,2.235695924748742,50.52386495925495
2015-16,E92000001,England,England,National,53-54,B,166.0,128.0,38.0,37.0,1.0,56.0,0.0,21.0,35.0,19.0,42.0,1.0,10.0,8.555378034324589,1.9584600319538215,2.886151626037211,43.75
2015-16,E92000001,England,England,National,53-54,C1,822.0,636.0,186.0,179.0,7.0,323.0,0.0,159.0,164.0,126.0,151.0,15.0,21.0,5.137339458141932,1.1624636730102185,2.018686916033874,50.786163522012586
2015-16,E92000001,England,England,National,53-54,C2,33.0,27.0,6.0,6.0,0.0,13.0,0.0,4.0,9.0,4.0,9.0,1.0,0.0,6.089684443624285,1.1072153533862337,2.3989665990035065,48.148148148148145
2015-16,E92000001,England,England,National,53-54,D,4.0,2.0,2.0,2.0,0.0,2.0,0.0,1.0,1.0,0.0,0.0,0.0,0.0,42.10526315789473,21.052631578947366,21.052631578947366,100.0
2015-16,E92000001,England,England,National,53-54,E,27.0,23.0,4.0,3.0,1.0,14.0,0.0,4.0,10.0,1.0,8.0,0.0,0.0,11.435832274459974,1.6941973739940703,5.929690808979246,60.86956521739131
2015-16,E92000001,England,England,National,53-54,F1,21.0,18.0,3.0,3.0,0.0,11.0,0.0,4.0,7.0,4.0,2.0,1.0,0.0,7.556675062972292,1.0795250089960418,3.95825836631882,61.111111111111114
2015-16,E92000001,England,England,National,53-54,F2,0.0,0.0,0.0,0.0,0.0,0.0,0.0,0.0,0.0,0.0,0.0,0.0,0.0,0.0,0.0,0.0,z
2015-16,E92000001,England,England,National,55-59,A,41.0,30.0,11.0,10.0,1.0,15.0,0.0,9.0,6.0,3.0,8.0,0.0,4.0,10.641058915131067,2.854918245522969,3.8930703348040487,50.0
2015-16,E92000001,England,England,National,55-59,A to F2,3080.0,2375.0,703.0,686.0,17.0,1241.0,2.0,644.0,597.0,453.0,566.0,58.0,57.0,6.8157124300449,1.555664233221287,2.746201014833026,52.25263157894737
2015-16,E92000001,England,England,National,55-59,B,177.0,143.0,33.0,32.0,1.0,70.0,1.0,40.0,30.0,25.0,40.0,2.0,6.0,10.311680745703466,1.9225167491989514,4.07806583163414,48.95104895104895
2015-16,E92000001,England,England,National,55-59,C1,2436.0,1874.0,561.0,547.0,14.0,1007.0,1.0,517.0,490.0,347.0,435.0,43.0,42.0,6.353246780343534,1.4631245664091637,2.6263216370303524,53.73532550693704
2015-16,E92000001,England,England,National,55-59,C2,314.0,248.0,66.0,65.0,1.0,109.0,0.0,58.0,51.0,58.0,65.0,12.0,4.0,8.531449531313681,1.7932346148621112,2.961554136666214,43.95161290322581
2015-16,E92000001,England,England,National,55-59,D,6.0,3.0,3.0,3.0,0.0,3.0,0.0,2.0,1.0,0.0,0.0,0.0,0.0,44.44444444444444,22.22222222222222,22.22222222222222,100.0
2015-16,E92000001,England,England,National,55-59,E,34.0,30.0,4.0,4.0,0.0,12.0,0.0,4.0,8.0,9.0,8.0,0.0,1.0,13.968775677896467,1.6433853738701725,4.930156121610517,40.0
2015-16,E92000001,England,England,National,55-59,F1,57.0,37.0,20.0,20.0,0.0,21.0,0.0,13.0,8.0,8.0,7.0,1.0,0.0,8.244142319930576,2.8926815157651147,3.0373155915533703,56.75675675675676
2015-16,E92000001,England,England,National,55-59,F2,15.0,10.0,5.0,5.0,0.0,4.0,0.0,1.0,3.0,3.0,3.0,0.0,0.0,12.875536480686696,4.291845493562231,3.433476394849785,40.0
2015-16,E92000001,England,England,National,60-64,A,23.0,20.0,3.0,3.0,0.0,8.0,0.0,3.0,5.0,4.0,6.0,1.0,1.0,9.862778730703258,1.2864493996569468,3.4305317324185247,40.0
2015-16,E92000001,England,England,National,60-64,A to F2,3510.0,2822.0,687.0,658.0,29.0,1572.0,1.0,814.0,758.0,490.0,620.0,57.0,83.0,8.83249957221512,1.7287541897754382,3.9557519451630117,55.705173635719355
2015-16,E92000001,England,England,National,60-64,B,88.0,74.0,14.0,14.0,0.0,34.0,0.0,18.0,16.0,10.0,22.0,3.0,5.0,15.138482711164631,2.408394976776191,5.848959229313607,45.94594594594595
2015-16,E92000001,England,England,National,60-64,C1,2888.0,2310.0,577.0,553.0,24.0,1331.0,1.0,694.0,637.0,382.0,496.0,44.0,57.0,8.390568164650373,1.6763704400980837,3.8669827656335345,57.61904761904761
2015-16,E92000001,England,England,National,60-64,C2,420.0,345.0,75.0,70.0,5.0,164.0,0.0,86.0,78.0,77.0,80.0,8.0,16.0,11.275470482429057,2.013476871862332,4.402802759805632,47.53623188405797
2015-16,E92000001,England,England,National,60-64,D,5.0,3.0,2.0,2.0,0.0,3.0,0.0,2.0,1.0,0.0,0.0,0.0,0.0,38.75968992248062,15.503875968992247,23.25581395348837,100.0
2015-16,E92000001,England,England,National,60-64,E,13.0,13.0,0.0,0.0,0.0,5.0,0.0,2.0,3.0,2.0,3.0,1.0,2.0,10.770505385252692,0.0,4.142502071251036,38.46153846153847
2015-16,E92000001,England,England,National,60-64,F1,51.0,40.0,11.0,11.0,0.0,21.0,0.0,8.0,13.0,11.0,7.0,0.0,1.0,9.9241097489784,2.1404942595835768,4.086398131932283,52.5
2015-16,E92000001,England,England,National,60-64,F2,22.0,17.0,5.0,5.0,0.0,6.0,0.0,1.0,5.0,4.0,6.0,0.0,1.0,16.528925619834713,3.756574004507889,4.507888805409467,35.294117647058826
2015-16,E92000001,England,England,National,65-70,A,15.0,11.0,4.0,4.0,0.0,3.0,0.0,3.0,0.0,1.0,5.0,0.0,2.0,9.505703422053232,2.5348542458808616,1.9011406844106464,27.27272727272727
2015-16,E92000001,England,England,National,65-70,A to F2,5279.0,4350.0,929.0,896.0,33.0,2292.0,0.0,1168.0,1124.0,819.0,988.0,85.0,166.0,11.12466835675646,1.9577224670253366,4.830032179141089,52.689655172413794
2015-16,E92000001,England,England,National,65-70,B,65.0,52.0,13.0,13.0,0.0,20.0,0.0,10.0,10.0,10.0,15.0,2.0,5.0,18.27896512935883,3.655793025871766,5.624296962879639,38.46153846153847
2015-16,E92000001,England,England,National,65-70,C1,4456.0,3658.0,798.0,771.0,27.0,1972.0,0.0,1003.0,969.0,685.0,805.0,77.0,119.0,10.647347243063454,1.9067735861680064,4.711976831984096,53.90924002186988
2015-16,E92000001,England,England,National,65-70,C2,592.0,497.0,95.0,89.0,6.0,241.0,0.0,120.0,121.0,102.0,120.0,3.0,31.0,14.467960310865633,2.3217166039395862,5.88982843736253,48.49094567404427
2015-16,E92000001,England,England,National,65-70,D,6.0,5.0,1.0,1.0,0.0,4.0,0.0,3.0,1.0,0.0,0.0,0.0,1.0,39.473684210526315,6.578947368421052,26.31578947368421,80.0
2015-16,E92000001,England,England,National,65-70,E,19.0,19.0,0.0,0.0,0.0,7.0,0.0,4.0,3.0,2.0,9.0,0.0,1.0,19.308943089430894,0.0,7.113821138211382,36.84210526315789
2015-16,E92000001,England,England,National,65-70,F1,96.0,82.0,14.0,14.0,0.0,36.0,0.0,20.0,16.0,12.0,27.0,3.0,4.0,13.311148086522463,1.9412090959511925,4.9916805324459235,43.90243902439025
2015-16,E92000001,England,England,National,65-70,F2,30.0,26.0,4.0,4.0,0.0,9.0,0.0,5.0,4.0,7.0,7.0,0.0,3.0,18.48428835489834,2.4645717806531118,5.545286506469501,34.61538461538461
2015-16,E92000001,England,England,National,Over 70,A,0.0,0.0,0.0,0.0,0.0,0.0,0.0,0.0,0.0,0.0,0.0,0.0,0.0,0.0,0.0,0.0,z
2015-16,E92000001,England,England,National,Over 70,A to F2,2053.0,1723.0,329.0,318.0,11.0,883.0,1.0,436.0,447.0,326.0,411.0,34.0,69.0,14.577963345617736,2.3361665566041085,6.270015408758139,51.24782356355194
2015-16,E92000001,England,England,National,Over 70,B,13.0,11.0,2.0,2.0,0.0,2.0,0.0,1.0,1.0,3.0,4.0,1.0,1.0,37.356321839080465,5.747126436781609,5.747126436781609,18.181818181818183
2015-16,E92000001,England,England,National,Over 70,C1,717.0,570.0,147.0,146.0,1.0,306.0,0.0,165.0,141.0,111.0,129.0,7.0,17.0,11.947411394197925,2.449469281655641,5.098895239364804,53.68421052631579
2015-16,E92000001,England,England,National,Over 70,C2,124.0,111.0,13.0,13.0,0.0,49.0,0.0,21.0,28.0,24.0,32.0,2.0,4.0,18.1021897810219,1.897810218978102,7.153284671532847,44.14414414414414
2015-16,E92000001,England,England,National,Over 70,D,5.0,4.0,1.0,1.0,0.0,1.0,0.0,0.0,1.0,1.0,1.0,0.0,1.0,58.8235294117647,11.76470588235294,11.76470588235294,25.0
2015-16,E92000001,England,England,National,Over 70,E,32.0,22.0,10.0,9.0,1.0,6.0,0.0,0.0,6.0,4.0,7.0,2.0,3.0,17.47678864008738,5.461496450027307,3.276897870016384,27.27272727272727
2015-16,E92000001,England,England,National,Over 70,F1,789.0,671.0,117.0,110.0,7.0,368.0,1.0,179.0,189.0,130.0,138.0,11.0,24.0,13.88839992958986,2.059496567505721,6.477732793522267,54.843517138599104
2015-16,E92000001,England,England,National,Over 70,F2,373.0,334.0,39.0,37.0,2.0,151.0,0.0,70.0,81.0,53.0,100.0,11.0,19.0,25.245346869712353,2.6395939086294415,10.219966159052454,45.209580838323355
2016-17,E92000001,England,England,National,45 and over,A,2201.0,1550.0,650.0,634.0,16.0,710.0,1.0,346.0,364.0,305.0,412.0,50.0,73.0,7.499429280143378,2.214733771964196,2.419170735530122,45.806451612903224
2016-17,E92000001,England,England,National,45 and over,A to F2,18402.0,14567.0,3827.0,3692.0,135.0,7635.0,8.0,3865.0,3770.0,2603.0,3396.0,348.0,585.0,8.367047962526973,1.7400658924351011,3.471492837403187,52.412988261138196
2016-17,E92000001,England,England,National,45 and over,B,820.0,642.0,178.0,171.0,7.0,287.0,0.0,135.0,152.0,108.0,192.0,22.0,33.0,11.044514782140212,2.3974678429523877,3.8655801737490743,44.704049844236756
2016-17,E92000001,England,England,National,45 and over,C1,12236.0,9797.0,2432.0,2335.0,97.0,5385.0,7.0,2732.0,2653.0,1694.0,2178.0,213.0,327.0,7.751063902568189,1.5405841297029943,3.411202935218184,54.96580585893641
2016-17,E92000001,England,England,National,45 and over,C2,1539.0,1262.0,277.0,269.0,8.0,621.0,0.0,298.0,323.0,221.0,311.0,32.0,77.0,11.034710222343318,1.9861044389792717,4.452602370419233,49.20760697305864
2016-17,E92000001,England,England,National,45 and over,D,38.0,25.0,13.0,13.0,0.0,17.0,0.0,14.0,3.0,4.0,3.0,1.0,0.0,48.284625158831,16.518424396442185,21.601016518424398,68.0
2016-17,E92000001,England,England,National,45 and over,E,190.0,144.0,46.0,45.0,1.0,58.0,0.0,31.0,27.0,33.0,40.0,4.0,9.0,10.348583877995644,2.505446623093682,3.159041394335512,40.27777777777778
2016-17,E92000001,England,England,National,45 and over,F1,1038.0,856.0,182.0,176.0,6.0,441.0,0.0,248.0,193.0,182.0,179.0,16.0,38.0,13.088873196812267,2.2949662059921314,5.560879652980934,51.518691588785046
2016-17,E92000001,England,England,National,45 and over,F2,340.0,291.0,49.0,49.0,0.0,116.0,0.0,61.0,55.0,56.0,81.0,10.0,28.0,22.567370237621134,3.252356298951281,7.699455728129563,39.86254295532646
2016-17,E92000001,England,England,National,45-49,A,1013.0,685.0,327.0,318.0,9.0,313.0,1.0,141.0,172.0,128.0,187.0,25.0,32.0,6.736805703341137,2.1746648223026175,2.081559906363056,45.69343065693431
2016-17,E92000001,England,England,National,45-49,A to F2,1137.0,772.0,364.0,355.0,9.0,355.0,1.0,163.0,192.0,141.0,209.0,29.0,38.0,6.510163183509877,2.0841683366733466,2.0326367019753793,45.984455958549226
2016-17,E92000001,England,England,National,45-49,B,20.0,13.0,7.0,7.0,0.0,5.0,0.0,2.0,3.0,1.0,4.0,1.0,2.0,6.609385327164574,2.313284864507601,1.6523463317911435,38.46153846153847
2016-17,E92000001,England,England,National,45-49,C1,67.0,48.0,19.0,19.0,0.0,25.0,0.0,12.0,13.0,9.0,10.0,3.0,1.0,3.8576692768309533,1.0939659143251959,1.4394288346384154,52.083333333333336
2016-17,E92000001,England,England,National,45-49,C2,5.0,4.0,1.0,1.0,0.0,3.0,0.0,3.0,0.0,0.0,0.0,0.0,1.0,9.46969696969697,1.893939393939394,5.681818181818182,75.0
2016-17,E92000001,England,England,National,45-49,D,1.0,1.0,0.0,0.0,0.0,0.0,0.0,0.0,0.0,0.0,1.0,0.0,0.0,14.084507042253522,0.0,0.0,0.0
2016-17,E92000001,England,England,National,45-49,E,31.0,21.0,10.0,10.0,0.0,9.0,0.0,5.0,4.0,3.0,7.0,0.0,2.0,9.711779448621554,3.132832080200501,2.819548872180451,42.857142857142854
2016-17,E92000001,England,England,National,45-49,F1,0.0,0.0,0.0,0.0,0.0,0.0,0.0,0.0,0.0,0.0,0.0,0.0,0.0,0.0,0.0,0.0,z
2016-17,E92000001,England,England,National,45-49,F2,0.0,0.0,0.0,0.0,0.0,0.0,0.0,0.0,0.0,0.0,0.0,0.0,0.0,0.0,0.0,0.0,z
2016-17,E92000001,England,England,National,45-74,A,2201.0,1550.0,650.0,634.0,16.0,710.0,1.0,346.0,364.0,305.0,412.0,50.0,73.0,7.499429280143378,2.214733771964196,2.419170735530122,45.806451612903224
2016-17,E92000001,England,England,National,45-74,A to F2,17736.0,14007.0,3721.0,3587.0,134.0,7365.0,8.0,3708.0,3657.0,2490.0,3277.0,333.0,542.0,8.210046845779251,1.722461903086637,3.4092802784824188,52.58085243092739
2016-17,E92000001,England,England,National,45-74,B,820.0,642.0,178.0,171.0,7.0,287.0,0.0,135.0,152.0,108.0,192.0,22.0,33.0,11.044514782140212,2.3974678429523877,3.8655801737490743,44.704049844236756
2016-17,E92000001,England,England,National,45-74,C1,12236.0,9797.0,2432.0,2335.0,97.0,5385.0,7.0,2732.0,2653.0,1694.0,2178.0,213.0,327.0,7.751063902568189,1.5405841297029943,3.411202935218184,54.96580585893641
2016-17,E92000001,England,England,National,45-74,C2,1539.0,1262.0,277.0,269.0,8.0,621.0,0.0,298.0,323.0,221.0,311.0,32.0,77.0,11.034789342358103,1.9861186795537324,4.452634296039235,49.20760697305864
2016-17,E92000001,England,England,National,45-74,D,35.0,24.0,11.0,11.0,0.0,16.0,0.0,13.0,3.0,4.0,3.0,1.0,0.0,45.7516339869281,14.37908496732026,20.915032679738562,66.66666666666666
2016-17,E92000001,England,England,National,45-74,E,167.0,123.0,44.0,43.0,1.0,51.0,0.0,29.0,22.0,27.0,37.0,3.0,5.0,9.539586427510567,2.5134239689249402,2.9132868730720896,41.46341463414634
2016-17,E92000001,England,England,National,45-74,F1,616.0,508.0,108.0,103.0,5.0,253.0,0.0,132.0,121.0,113.0,114.0,9.0,19.0,12.563736487864572,2.202733020599633,5.160106057515806,49.803149606299215
2016-17,E92000001,England,England,National,45-74,F2,122.0,101.0,21.0,21.0,0.0,42.0,0.0,23.0,19.0,18.0,30.0,3.0,8.0,17.05101327742837,2.9350104821802936,5.870020964360587,41.584158415841586
2016-17,E92000001,England,England,National,50-52,A,1043.0,750.0,293.0,286.0,7.0,340.0,0.0,171.0,169.0,158.0,202.0,21.0,29.0,7.9810230707426255,2.242032367907564,2.6016757852852277,45.33333333333333
2016-17,E92000001,England,England,National,50-52,A to F2,2070.0,1545.0,525.0,506.0,19.0,739.0,0.0,361.0,378.0,299.0,409.0,46.0,52.0,6.481551063350116,1.643871646501841,2.3139450414568774,47.83171521035599
2016-17,E92000001,England,England,National,50-52,B,205.0,147.0,58.0,56.0,2.0,75.0,0.0,32.0,43.0,18.0,44.0,7.0,3.0,8.47597783841892,2.398081534772182,3.1009675018605805,51.02040816326531
2016-17,E92000001,England,England,National,50-52,C1,722.0,573.0,149.0,139.0,10.0,292.0,0.0,136.0,156.0,104.0,142.0,16.0,19.0,4.80714813606493,0.9920568868056433,1.9441651741426031,50.959860383944154
2016-17,E92000001,England,England,National,50-52,C2,27.0,19.0,8.0,8.0,0.0,7.0,0.0,5.0,2.0,6.0,4.0,1.0,1.0,5.5981754094961635,1.6587186398507154,1.4513788098693758,36.84210526315789
2016-17,E92000001,England,England,National,50-52,D,4.0,2.0,2.0,2.0,0.0,1.0,0.0,1.0,0.0,1.0,0.0,0.0,0.0,24.539877300613497,12.269938650306749,6.134969325153374,50.0
2016-17,E92000001,England,England,National,50-52,E,52.0,39.0,13.0,13.0,0.0,18.0,0.0,11.0,7.0,10.0,11.0,0.0,0.0,7.203213741515445,1.8008034353788613,2.4934201412938077,46.15384615384615
2016-17,E92000001,England,England,National,50-52,F1,16.0,14.0,2.0,2.0,0.0,5.0,0.0,4.0,1.0,2.0,6.0,1.0,0.0,7.751937984496124,0.9689922480620154,2.4224806201550386,35.714285714285715
2016-17,E92000001,England,England,National,50-52,F2,1.0,1.0,0.0,0.0,0.0,1.0,0.0,1.0,0.0,0.0,0.0,0.0,0.0,28.57142857142857,0.0,28.57142857142857,100.0
2016-17,E92000001,England,England,National,50<71,A,1184.0,862.0,322.0,315.0,7.0,396.0,0.0,204.0,192.0,177.0,224.0,25.0,40.0,8.281052197206543,2.2521104793078606,2.76967624163327,45.93967517401392
2016-17,E92000001,England,England,National,50<71,A to F2,15227.0,12098.0,3122.0,3006.0,116.0,6409.0,7.0,3248.0,3161.0,2133.0,2814.0,284.0,458.0,8.075730591887888,1.655771386870295,3.3990515113554522,52.9756984625558
2016-17,E92000001,England,England,National,50<71,B,788.0,617.0,171.0,164.0,7.0,278.0,0.0,130.0,148.0,101.0,187.0,20.0,31.0,11.11675413351391,2.4123920771965466,3.921900569945263,45.05672609400324
2016-17,E92000001,England,England,National,50<71,C1,11414.0,9124.0,2283.0,2189.0,94.0,5015.0,7.0,2557.0,2458.0,1587.0,2021.0,199.0,302.0,7.621497242933055,1.5244329950601159,3.3486778231390635,54.96492766330556
2016-17,E92000001,England,England,National,50<71,C2,1404.0,1152.0,252.0,245.0,7.0,570.0,0.0,272.0,298.0,200.0,281.0,31.0,70.0,10.643782029899628,1.9104224156230099,4.321193559147284,49.47916666666667
2016-17,E92000001,England,England,National,50<71,D,30.0,20.0,10.0,10.0,0.0,14.0,0.0,11.0,3.0,3.0,2.0,1.0,0.0,46.29629629629629,15.432098765432098,21.604938271604937,70.0
2016-17,E92000001,England,England,National,50<71,E,118.0,88.0,30.0,29.0,1.0,39.0,0.0,23.0,16.0,20.0,26.0,1.0,2.0,8.650392199985339,2.1992522542335604,2.8590279305036286,44.31818181818182
2016-17,E92000001,England,England,National,50<71,F1,221.0,181.0,40.0,40.0,0.0,75.0,0.0,39.0,36.0,37.0,56.0,6.0,7.0,9.284153923710301,1.6803898504453034,3.1507309695849437,41.43646408839779
2016-17,E92000001,England,England,National,50<71,F2,68.0,54.0,14.0,14.0,0.0,22.0,0.0,12.0,10.0,8.0,17.0,1.0,6.0,16.757023164120255,3.4499753573188765,5.421389847215377,40.74074074074074
2016-17,E92000001,England,England,National,53-54,A,31.0,22.0,9.0,9.0,0.0,8.0,0.0,5.0,3.0,5.0,5.0,1.0,3.0,8.681041725007,2.520302436292355,2.240268832259871,36.36363636363637
2016-17,E92000001,England,England,National,53-54,A to F2,1157.0,887.0,270.0,261.0,9.0,461.0,0.0,235.0,226.0,153.0,215.0,29.0,29.0,5.746498460315884,1.3410151981722458,2.289659282805205,51.97294250281848
2016-17,E92000001,England,England,National,53-54,B,189.0,142.0,47.0,46.0,1.0,67.0,0.0,33.0,34.0,25.0,39.0,5.0,6.0,9.723222553760674,2.4179442329457763,3.4468566724971708,47.183098591549296
2016-17,E92000001,England,England,National,53-54,C1,864.0,665.0,199.0,191.0,8.0,352.0,0.0,180.0,172.0,114.0,158.0,22.0,19.0,5.205258274794259,1.1988962924584001,2.1206607786198837,52.932330827067666
2016-17,E92000001,England,England,National,53-54,C2,36.0,32.0,4.0,4.0,0.0,22.0,0.0,9.0,13.0,3.0,6.0,0.0,1.0,4.971002485501243,0.5523336095001381,3.0378348522507594,68.75
2016-17,E92000001,England,England,National,53-54,D,4.0,3.0,1.0,1.0,0.0,1.0,0.0,1.0,0.0,1.0,1.0,0.0,0.0,46.51162790697674,11.627906976744185,11.627906976744185,33.33333333333333
2016-17,E92000001,England,England,National,53-54,E,14.0,9.0,5.0,5.0,0.0,5.0,0.0,3.0,2.0,2.0,2.0,0.0,0.0,6.569685593618019,2.346316283435007,2.346316283435007,55.55555555555556
2016-17,E92000001,England,England,National,53-54,F1,18.0,13.0,5.0,5.0,0.0,6.0,0.0,4.0,2.0,2.0,4.0,1.0,0.0,6.481814908174289,1.8005041411595246,2.1606049693914295,46.15384615384615
2016-17,E92000001,England,England,National,53-54,F2,1.0,1.0,0.0,0.0,0.0,0.0,0.0,0.0,0.0,1.0,0.0,0.0,0.0,9.174311926605505,0.0,0.0,0.0
2016-17,E92000001,England,England,National,55-59,A,52.0,42.0,10.0,10.0,0.0,20.0,0.0,10.0,10.0,7.0,7.0,2.0,6.0,11.967779056386652,2.3014959723820483,4.602991944764097,47.61904761904761
2016-17,E92000001,England,England,National,55-59,A to F2,3167.0,2473.0,693.0,669.0,24.0,1290.0,1.0,661.0,629.0,416.0,590.0,66.0,111.0,6.635517934964801,1.4519778746228629,2.702815957090178,52.16336433481601
2016-17,E92000001,England,England,National,55-59,B,222.0,183.0,39.0,36.0,3.0,75.0,0.0,35.0,40.0,39.0,56.0,3.0,10.0,12.396694214876034,2.1777976323430868,4.188072369890551,40.98360655737705
2016-17,E92000001,England,England,National,55-59,C1,2500.0,1933.0,566.0,548.0,18.0,1053.0,1.0,546.0,507.0,315.0,440.0,51.0,74.0,6.180209978814241,1.3991995392035441,2.6031044430765578,54.474909467149516
2016-17,E92000001,England,England,National,55-59,C2,306.0,248.0,58.0,56.0,2.0,117.0,0.0,55.0,62.0,45.0,63.0,8.0,15.0,7.629400618330508,1.4460955420365016,2.917123765832253,47.17741935483871
2016-17,E92000001,England,England,National,55-59,D,6.0,4.0,2.0,2.0,0.0,4.0,0.0,4.0,0.0,0.0,0.0,0.0,0.0,48.387096774193544,16.129032258064516,32.25806451612903,100.0
2016-17,E92000001,England,England,National,55-59,E,19.0,14.0,5.0,4.0,1.0,5.0,0.0,3.0,2.0,2.0,6.0,0.0,1.0,8.474576271186441,2.230151650312221,2.230151650312221,35.714285714285715
2016-17,E92000001,England,England,National,55-59,F1,50.0,40.0,10.0,10.0,0.0,14.0,0.0,6.0,8.0,7.0,14.0,2.0,3.0,7.259001161440186,1.4518002322880372,2.032520325203252,35.0
2016-17,E92000001,England,England,National,55-59,F2,12.0,9.0,3.0,3.0,0.0,2.0,0.0,2.0,0.0,1.0,4.0,0.0,2.0,10.452961672473869,2.613240418118467,1.7421602787456445,22.22222222222222
2016-17,E92000001,England,England,National,60-64,A,29.0,24.0,5.0,5.0,0.0,15.0,0.0,9.0,6.0,3.0,4.0,0.0,2.0,11.646586345381525,2.008032128514056,6.024096385542169,62.5
2016-17,E92000001,England,England,National,60-64,A to F2,3603.0,2891.0,710.0,686.0,24.0,1600.0,2.0,810.0,790.0,486.0,644.0,59.0,102.0,8.832008001019737,1.7404178963985606,3.9220684989263335,55.344171566931855
2016-17,E92000001,England,England,National,60-64,B,103.0,84.0,19.0,18.0,1.0,31.0,0.0,16.0,15.0,15.0,31.0,4.0,3.0,17.252931323283082,3.1825795644891124,5.192629815745394,36.904761904761905
2016-17,E92000001,England,England,National,60-64,C1,2934.0,2357.0,575.0,555.0,20.0,1351.0,2.0,691.0,660.0,396.0,494.0,46.0,70.0,8.300797827194025,1.6267753069654274,3.8222146777570307,57.318625371234624
2016-17,E92000001,England,England,National,60-64,C2,441.0,353.0,88.0,85.0,3.0,173.0,0.0,79.0,94.0,58.0,91.0,8.0,23.0,11.522483212708698,2.2992710265722573,4.520157813602279,49.008498583569406
2016-17,E92000001,England,England,National,60-64,D,6.0,3.0,3.0,3.0,0.0,3.0,0.0,1.0,2.0,0.0,0.0,0.0,0.0,51.724137931034484,25.862068965517242,25.862068965517242,100.0
2016-17,E92000001,England,England,National,60-64,E,15.0,10.0,5.0,5.0,0.0,6.0,0.0,2.0,4.0,1.0,3.0,0.0,0.0,13.020833333333334,4.340277777777778,5.208333333333333,60.0
2016-17,E92000001,England,England,National,60-64,F1,52.0,42.0,10.0,10.0,0.0,12.0,0.0,8.0,4.0,12.0,15.0,0.0,3.0,10.081426909654905,1.938735944164405,2.3264831329972857,28.57142857142857
2016-17,E92000001,England,England,National,60-64,F2,23.0,18.0,5.0,5.0,0.0,9.0,0.0,4.0,5.0,1.0,6.0,1.0,1.0,17.306245297215952,3.762227238525207,6.772009029345372,50.0
2016-17,E92000001,England,England,National,65-70,A,29.0,24.0,5.0,5.0,0.0,13.0,0.0,9.0,4.0,4.0,6.0,1.0,0.0,15.376458112407212,2.651113467656416,6.892895015906681,54.166666666666664
2016-17,E92000001,England,England,National,65-70,A to F2,5230.0,4302.0,924.0,884.0,40.0,2319.0,4.0,1181.0,1138.0,779.0,956.0,84.0,164.0,10.905148147375884,1.9266456765153568,4.8353802206051,53.90516039051604
2016-17,E92000001,England,England,National,65-70,B,69.0,61.0,8.0,8.0,0.0,30.0,0.0,14.0,16.0,4.0,17.0,1.0,9.0,20.40212891780012,2.365464222353637,8.870490833826139,49.18032786885246
2016-17,E92000001,England,England,National,65-70,C1,4394.0,3596.0,794.0,756.0,38.0,1967.0,4.0,1004.0,963.0,658.0,787.0,64.0,120.0,10.376667847443619,1.875073798559452,4.645176526154209,54.69966629588432
2016-17,E92000001,England,England,National,65-70,C2,594.0,500.0,94.0,92.0,2.0,251.0,0.0,124.0,127.0,88.0,117.0,14.0,30.0,14.326371135015194,2.2671361728811923,6.053735950991269,50.2
2016-17,E92000001,England,England,National,65-70,D,10.0,8.0,2.0,2.0,0.0,5.0,0.0,4.0,1.0,1.0,1.0,1.0,0.0,62.893081761006286,12.578616352201259,31.446540880503143,62.5
2016-17,E92000001,England,England,National,65-70,E,18.0,16.0,2.0,2.0,0.0,5.0,0.0,4.0,1.0,5.0,4.0,1.0,1.0,20.066889632107024,2.229654403567447,5.574136008918618,31.25
2016-17,E92000001,England,England,National,65-70,F1,85.0,72.0,13.0,13.0,0.0,38.0,0.0,17.0,21.0,14.0,17.0,2.0,1.0,12.288564406534626,1.8794274974700016,5.4937111464507735,52.77777777777778
2016-17,E92000001,England,England,National,65-70,F2,31.0,25.0,6.0,6.0,0.0,10.0,0.0,5.0,5.0,5.0,7.0,0.0,3.0,21.572720946416144,4.17536534446764,6.958942240779401,40.0
2016-17,E92000001,England,England,National,Over 70,A,4.0,3.0,1.0,1.0,0.0,1.0,0.0,1.0,0.0,0.0,1.0,0.0,1.0,27.777777777777775,6.944444444444444,6.944444444444444,33.33333333333333
2016-17,E92000001,England,England,National,Over 70,A to F2,2038.0,1697.0,341.0,331.0,10.0,871.0,0.0,454.0,417.0,329.0,373.0,35.0,89.0,14.644381529971401,2.4503111392150383,6.258712616587385,51.32586918090748
2016-17,E92000001,England,England,National,Over 70,B,12.0,12.0,0.0,0.0,0.0,4.0,0.0,3.0,1.0,6.0,1.0,1.0,0.0,35.820895522388064,0.0,11.940298507462687,33.33333333333333
2016-17,E92000001,England,England,National,Over 70,C1,755.0,625.0,130.0,127.0,3.0,345.0,0.0,163.0,182.0,98.0,147.0,11.0,24.0,11.862116641528406,2.0424836601307192,5.420437405731523,55.2
2016-17,E92000001,England,England,National,Over 70,C2,130.0,106.0,24.0,23.0,1.0,48.0,0.0,23.0,25.0,21.0,30.0,1.0,6.0,18.48428835489834,3.4124840039812314,6.824968007962463,45.28301886792453
2016-17,E92000001,England,England,National,Over 70,D,7.0,4.0,3.0,3.0,0.0,3.0,0.0,3.0,0.0,1.0,0.0,0.0,0.0,102.94117647058823,44.11764705882353,44.11764705882353,75.0
2016-17,E92000001,England,England,National,Over 70,E,41.0,35.0,6.0,6.0,0.0,10.0,0.0,3.0,7.0,10.0,7.0,3.0,5.0,26.85003274394237,3.929273084479371,6.5487884741322855,28.57142857142857
2016-17,E92000001,England,England,National,Over 70,F1,817.0,675.0,142.0,136.0,6.0,366.0,0.0,209.0,157.0,145.0,123.0,10.0,31.0,14.745695412049237,2.5628993249828538,6.605782767209328,54.22222222222223
2016-17,E92000001,England,England,National,Over 70,F2,272.0,237.0,35.0,35.0,0.0,94.0,0.0,49.0,45.0,48.0,64.0,9.0,22.0,24.716038164470696,3.1803725579282145,8.54157201272149,39.66244725738397
2017-18,E92000001,England,England,National,45 and over,A,1959.0,1381.0,577.0,559.0,18.0,622.0,1.0,317.0,305.0,239.0,387.0,55.0,78.0,7.3339198472568,2.1601183011062655,2.3285850663571868,45.03982621288921
2017-18,E92000001,England,England,National,45 and over,A to F2,18001.0,14141.0,3851.0,3691.0,160.0,7223.0,9.0,3571.0,3652.0,2600.0,3312.0,367.0,639.0,8.417842215378169,1.8008505289384662,3.377705367572719,51.07842443957288
2017-18,E92000001,England,England,National,45 and over,B,769.0,590.0,179.0,177.0,2.0,259.0,0.0,130.0,129.0,105.0,180.0,14.0,32.0,10.723000766924633,2.495991075786098,3.611517813567594,43.898305084745765
2017-18,E92000001,England,England,National,45 and over,C1,12101.0,9605.0,2488.0,2370.0,118.0,5132.0,8.0,2523.0,2609.0,1804.0,2103.0,203.0,363.0,7.837399700908092,1.6113916581984409,3.323819127763022,53.43050494534097
2017-18,E92000001,England,England,National,45 and over,C2,1455.0,1161.0,294.0,282.0,12.0,538.0,0.0,270.0,268.0,215.0,295.0,44.0,69.0,10.63588716456751,2.1491070971703423,3.9327197900600144,46.33936261843238
2017-18,E92000001,England,England,National,45 and over,D,28.0,21.0,7.0,5.0,2.0,11.0,0.0,9.0,2.0,3.0,3.0,1.0,3.0,43.20987654320987,10.802469135802468,16.975308641975307,52.38095238095239
2017-18,E92000001,England,England,National,45 and over,E,219.0,170.0,49.0,47.0,2.0,70.0,0.0,32.0,38.0,27.0,55.0,7.0,11.0,12.202596534239706,2.730261325012537,3.9003733214464815,41.17647058823529
2017-18,E92000001,England,England,National,45 and over,F1,1135.0,934.0,201.0,195.0,6.0,486.0,0.0,244.0,242.0,158.0,204.0,29.0,57.0,13.357184046697185,2.3654572628952724,5.7194638296870774,52.03426124197003
2017-18,E92000001,England,England,National,45 and over,F2,335.0,279.0,56.0,56.0,0.0,105.0,0.0,46.0,59.0,49.0,85.0,14.0,26.0,21.998949303913843,3.6774363015497764,6.895193065405832,37.634408602150536
2017-18,E92000001,England,England,National,45-49,A,861.0,575.0,285.0,277.0,8.0,258.0,1.0,130.0,128.0,99.0,159.0,26.0,33.0,6.37041640770665,2.1086744206694483,1.9089052650270797,44.869565217391305
2017-18,E92000001,England,England,National,45-49,A to F2,991.0,661.0,329.0,320.0,9.0,292.0,1.0,151.0,141.0,118.0,184.0,29.0,38.0,6.1873306444563765,2.05411885169137,1.8231085249054106,44.175491679273826
2017-18,E92000001,England,England,National,45-49,B,19.0,12.0,7.0,7.0,0.0,5.0,0.0,4.0,1.0,3.0,3.0,0.0,1.0,5.376344086021506,1.9807583474816073,1.4148273910582907,41.66666666666667
2017-18,E92000001,England,England,National,45-49,C1,80.0,55.0,25.0,24.0,1.0,21.0,0.0,11.0,10.0,12.0,16.0,3.0,3.0,4.490597810833568,1.4033118158854898,1.1787819253438114,38.18181818181819
2017-18,E92000001,England,England,National,45-49,C2,2.0,1.0,1.0,1.0,0.0,1.0,0.0,0.0,1.0,0.0,0.0,0.0,0.0,4.246284501061571,2.1231422505307855,2.1231422505307855,100.0
2017-18,E92000001,England,England,National,45-49,D,3.0,2.0,1.0,1.0,0.0,1.0,0.0,1.0,0.0,1.0,0.0,0.0,0.0,50.0,16.666666666666668,16.666666666666668,50.0
2017-18,E92000001,England,England,National,45-49,E,24.0,15.0,9.0,9.0,0.0,6.0,0.0,5.0,1.0,3.0,5.0,0.0,1.0,7.936507936507936,2.976190476190476,1.984126984126984,40.0
2017-18,E92000001,England,England,National,45-49,F1,2.0,1.0,1.0,1.0,0.0,0.0,0.0,0.0,0.0,0.0,1.0,0.0,0.0,19.230769230769234,9.615384615384617,0.0,0.0
2017-18,E92000001,England,England,National,45-49,F2,0.0,0.0,0.0,0.0,0.0,0.0,0.0,0.0,0.0,0.0,0.0,0.0,0.0,0.0,0.0,0.0,z
2017-18,E92000001,England,England,National,45-74,A,1959.0,1381.0,577.0,559.0,18.0,622.0,1.0,317.0,305.0,239.0,387.0,55.0,78.0,7.3339198472568,2.1601183011062655,2.3285850663571868,45.03982621288921
2017-18,E92000001,England,England,National,45-74,A to F2,17267.0,13531.0,3727.0,3568.0,159.0,6938.0,9.0,3442.0,3496.0,2503.0,3160.0,346.0,584.0,8.237251151960514,1.7779715667664817,3.3097844728268986,51.27485034365531
2017-18,E92000001,England,England,National,45-74,B,769.0,590.0,179.0,177.0,2.0,259.0,0.0,130.0,129.0,105.0,180.0,14.0,32.0,10.723150291435424,2.4960258805811977,3.6115681735783807,43.898305084745765
2017-18,E92000001,England,England,National,45-74,C1,12101.0,9605.0,2488.0,2370.0,118.0,5132.0,8.0,2523.0,2609.0,1804.0,2103.0,203.0,363.0,7.837450461367476,1.611402094693189,3.3238406551308066,53.43050494534097
2017-18,E92000001,England,England,National,45-74,C2,1455.0,1161.0,294.0,282.0,12.0,538.0,0.0,270.0,268.0,215.0,295.0,44.0,69.0,10.636509178101218,2.1492327823792152,3.9329497854422373,46.33936261843238
2017-18,E92000001,England,England,National,45-74,D,27.0,20.0,7.0,5.0,2.0,10.0,0.0,9.0,1.0,3.0,3.0,1.0,3.0,43.33868378812199,11.235955056179774,16.051364365971107,50.0
2017-18,E92000001,England,England,National,45-74,E,192.0,147.0,45.0,43.0,2.0,64.0,0.0,31.0,33.0,23.0,46.0,6.0,8.0,11.30808645974439,2.650332764002591,3.76936215324813,43.53741496598639
2017-18,E92000001,England,England,National,45-74,F1,638.0,522.0,116.0,111.0,5.0,274.0,0.0,141.0,133.0,91.0,114.0,18.0,25.0,12.347590478033675,2.245016450551577,5.302883684923553,52.490421455938694
2017-18,E92000001,England,England,National,45-74,F2,126.0,105.0,21.0,21.0,0.0,39.0,0.0,21.0,18.0,23.0,32.0,5.0,6.0,17.217819076250343,2.8696365127083903,5.329324952172725,37.142857142857146
2017-18,E92000001,England,England,National,50-52,A,969.0,706.0,263.0,253.0,10.0,324.0,0.0,169.0,155.0,115.0,208.0,27.0,32.0,8.097132161240724,2.1976736412861824,2.7074002272879203,45.892351274787536
2017-18,E92000001,England,England,National,50-52,A to F2,1993.0,1472.0,520.0,504.0,16.0,678.0,1.0,351.0,327.0,255.0,426.0,52.0,61.0,6.586774892919465,1.7185764898736184,2.240759346412141,46.059782608695656
2017-18,E92000001,England,England,National,50-52,B,197.0,146.0,51.0,51.0,0.0,73.0,0.0,40.0,33.0,23.0,44.0,2.0,4.0,7.960882566879495,2.060939141679463,2.9499717126000164,50.0
2017-18,E92000001,England,England,National,50-52,C1,722.0,547.0,174.0,168.0,6.0,246.0,1.0,124.0,122.0,105.0,156.0,18.0,22.0,5.006795927990901,1.2066239494050097,1.705916618124324,44.97257769652651
2017-18,E92000001,England,England,National,50-52,C2,21.0,13.0,8.0,8.0,0.0,5.0,0.0,4.0,1.0,3.0,3.0,1.0,1.0,4.290091930541369,1.634320735444331,1.021450459652707,38.46153846153847
2017-18,E92000001,England,England,National,50-52,D,6.0,4.0,2.0,2.0,0.0,3.0,0.0,2.0,1.0,0.0,1.0,0.0,0.0,45.80152671755725,15.267175572519083,22.900763358778626,75.0
2017-18,E92000001,England,England,National,50-52,E,65.0,49.0,16.0,16.0,0.0,25.0,0.0,11.0,14.0,7.0,13.0,3.0,1.0,9.518231073363596,2.3429491872895007,3.6608581051398446,51.02040816326531
2017-18,E92000001,England,England,National,50-52,F1,12.0,6.0,6.0,6.0,0.0,1.0,0.0,1.0,0.0,2.0,1.0,1.0,1.0,5.88523786169691,2.942618930848455,0.4904364884747425,16.666666666666664
2017-18,E92000001,England,England,National,50-52,F2,1.0,1.0,0.0,0.0,0.0,1.0,0.0,0.0,1.0,0.0,0.0,0.0,0.0,16.666666666666668,0.0,16.666666666666668,100.0
2017-18,E92000001,England,England,National,50<71,A,1098.0,806.0,292.0,282.0,10.0,364.0,0.0,187.0,177.0,140.0,228.0,29.0,45.0,8.329161166992854,2.215041038945276,2.761215541698906,45.16129032258064
2017-18,E92000001,England,England,National,50<71,A to F2,14906.0,11760.0,3139.0,3000.0,139.0,6039.0,7.0,2986.0,3053.0,2178.0,2754.0,288.0,501.0,8.127705191022338,1.7115836974788083,3.2928492988450215,51.35204081632653
2017-18,E92000001,England,England,National,50<71,B,742.0,570.0,172.0,170.0,2.0,252.0,0.0,125.0,127.0,100.0,174.0,13.0,31.0,10.933470861268695,2.5344433802401825,3.7132542547705003,44.21052631578947
2017-18,E92000001,England,England,National,50<71,C1,11279.0,8960.0,2312.0,2203.0,109.0,4772.0,7.0,2337.0,2435.0,1671.0,1984.0,192.0,341.0,7.708673778685404,1.5801448511677147,3.2614408433271342,53.25892857142858
2017-18,E92000001,England,England,National,50<71,C2,1336.0,1066.0,270.0,258.0,12.0,490.0,0.0,249.0,241.0,205.0,271.0,41.0,59.0,10.38298930614275,2.098358617259388,3.8081323053966676,45.96622889305816
2017-18,E92000001,England,England,National,50<71,D,20.0,14.0,6.0,4.0,2.0,8.0,0.0,7.0,1.0,1.0,2.0,1.0,2.0,37.950664136622386,11.385199240986717,15.180265654648956,57.14285714285714
2017-18,E92000001,England,England,National,50<71,E,155.0,122.0,33.0,31.0,2.0,53.0,0.0,24.0,29.0,20.0,37.0,6.0,6.0,11.731759006963367,2.497729336966394,4.011504692703602,43.44262295081967
2017-18,E92000001,England,England,National,50<71,F1,223.0,178.0,45.0,43.0,2.0,80.0,0.0,46.0,34.0,32.0,48.0,5.0,13.0,9.068727124847499,1.830012200081334,3.253355022366816,44.9438202247191
2017-18,E92000001,England,England,National,50<71,F2,53.0,44.0,9.0,9.0,0.0,20.0,0.0,11.0,9.0,9.0,10.0,1.0,4.0,12.84848484848485,2.181818181818182,4.848484848484849,45.45454545454545
2017-18,E92000001,England,England,National,53-54,A,33.0,26.0,7.0,7.0,0.0,10.0,0.0,1.0,9.0,8.0,4.0,1.0,3.0,9.59023539668701,2.034292356873002,2.906131938390003,38.46153846153847
2017-18,E92000001,England,England,National,53-54,A to F2,1294.0,986.0,307.0,296.0,11.0,463.0,1.0,208.0,255.0,182.0,255.0,29.0,57.0,6.3011297234125445,1.4949357226334241,2.25457732761979,46.95740365111562
2017-18,E92000001,England,England,National,53-54,B,194.0,149.0,45.0,45.0,0.0,62.0,0.0,27.0,35.0,29.0,48.0,4.0,6.0,10.792767732962448,2.5034770514603615,3.4492350486787204,41.61073825503356
2017-18,E92000001,England,England,National,53-54,C1,949.0,712.0,236.0,226.0,10.0,349.0,1.0,157.0,192.0,130.0,172.0,22.0,39.0,5.591595519653073,1.390533764634484,2.0563401858365884,49.01685393258427
2017-18,E92000001,England,England,National,53-54,C2,69.0,63.0,6.0,6.0,0.0,29.0,0.0,16.0,13.0,10.0,18.0,2.0,4.0,7.670075589150733,0.6669630947087594,3.223654957759004,46.03174603174603
2017-18,E92000001,England,England,National,53-54,D,1.0,0.0,1.0,0.0,1.0,0.0,0.0,0.0,0.0,0.0,0.0,0.0,0.0,12.5,12.5,0.0,z
2017-18,E92000001,England,England,National,53-54,E,18.0,10.0,8.0,8.0,0.0,3.0,0.0,1.0,2.0,0.0,6.0,0.0,1.0,8.853910477127398,3.9350713231677323,1.4756517461878995,30.0
2017-18,E92000001,England,England,National,53-54,F1,28.0,25.0,3.0,3.0,0.0,10.0,0.0,6.0,4.0,5.0,6.0,0.0,4.0,9.507640067911714,1.0186757215619693,3.395585738539898,40.0
2017-18,E92000001,England,England,National,53-54,F2,2.0,1.0,1.0,1.0,0.0,0.0,0.0,0.0,0.0,0.0,1.0,0.0,0.0,11.695906432748536,5.847953216374268,0.0,0.0
2017-18,E92000001,England,England,National,55-59,A,49.0,35.0,14.0,14.0,0.0,13.0,0.0,6.0,7.0,9.0,8.0,0.0,5.0,11.403304631138003,3.2580870374680013,3.025366534791715,37.142857142857146
2017-18,E92000001,England,England,National,55-59,A to F2,3181.0,2472.0,706.0,672.0,34.0,1241.0,3.0,579.0,662.0,483.0,577.0,66.0,105.0,6.800277911389022,1.5092726203837314,2.6529848752070975,50.202265372168284
2017-18,E92000001,England,England,National,55-59,B,197.0,155.0,42.0,40.0,2.0,67.0,0.0,31.0,36.0,30.0,42.0,6.0,10.0,11.722004046173986,2.4991074616208495,3.986671426871356,43.225806451612904
2017-18,E92000001,England,England,National,55-59,C1,2501.0,1936.0,562.0,532.0,30.0,999.0,3.0,465.0,534.0,371.0,441.0,51.0,74.0,6.294420842813135,1.4144200374494131,2.5142448708397933,51.60123966942148
2017-18,E92000001,England,England,National,55-59,C2,327.0,254.0,73.0,71.0,2.0,120.0,0.0,55.0,65.0,54.0,60.0,7.0,13.0,8.460762244818754,1.8887940179564802,3.10486687883257,47.24409448818898
2017-18,E92000001,England,England,National,55-59,D,2.0,2.0,0.0,0.0,0.0,1.0,0.0,1.0,0.0,0.0,0.0,1.0,0.0,17.241379310344826,0.0,8.620689655172413,50.0
2017-18,E92000001,England,England,National,55-59,E,41.0,38.0,3.0,3.0,0.0,14.0,0.0,7.0,7.0,10.0,11.0,1.0,2.0,17.446808510638295,1.276595744680851,5.957446808510639,36.84210526315789
2017-18,E92000001,England,England,National,55-59,F1,48.0,39.0,9.0,9.0,0.0,21.0,0.0,11.0,10.0,5.0,13.0,0.0,0.0,6.792132446582708,1.273524833734258,2.971557945379935,53.84615384615385
2017-18,E92000001,England,England,National,55-59,F2,16.0,13.0,3.0,3.0,0.0,6.0,0.0,3.0,3.0,4.0,2.0,0.0,1.0,13.86481802426343,2.5996533795493937,5.199306759098787,46.15384615384615
2017-18,E92000001,England,England,National,60-64,A,27.0,23.0,4.0,4.0,0.0,8.0,0.0,5.0,3.0,6.0,5.0,1.0,3.0,10.731319554848966,1.589825119236884,3.179650238473768,34.78260869565217
2017-18,E92000001,England,England,National,60-64,A to F2,3373.0,2722.0,651.0,621.0,30.0,1425.0,0.0,712.0,713.0,497.0,615.0,65.0,120.0,8.447473146151554,1.6303898660375518,3.5688257436305855,52.35121234386481
2017-18,E92000001,England,England,National,60-64,B,73.0,57.0,16.0,16.0,0.0,27.0,0.0,14.0,13.0,6.0,20.0,0.0,4.0,13.662736290473516,2.994572337638031,5.053340819764178,47.368421052631575
2017-18,E92000001,England,England,National,60-64,C1,2817.0,2277.0,540.0,517.0,23.0,1233.0,0.0,611.0,622.0,415.0,497.0,44.0,88.0,8.12888481049916,1.5582526793289126,3.5580102844676835,54.1501976284585
2017-18,E92000001,England,England,National,60-64,C2,379.0,307.0,72.0,68.0,4.0,131.0,0.0,69.0,62.0,60.0,78.0,17.0,21.0,10.255438900313885,1.9482627990042212,3.5447559259660135,42.671009771986974
2017-18,E92000001,England,England,National,60-64,D,3.0,1.0,2.0,2.0,0.0,1.0,0.0,1.0,0.0,0.0,0.0,0.0,0.0,35.714285714285715,23.809523809523807,11.904761904761903,100.0
2017-18,E92000001,England,England,National,60-64,E,15.0,10.0,5.0,3.0,2.0,3.0,0.0,0.0,3.0,2.0,2.0,1.0,2.0,13.368983957219251,4.45632798573975,2.6737967914438503,30.0
2017-18,E92000001,England,England,National,60-64,F1,45.0,35.0,10.0,9.0,1.0,18.0,0.0,10.0,8.0,5.0,10.0,1.0,1.0,8.214676889375685,1.8254837531945967,3.2858707557502735,51.42857142857142
2017-18,E92000001,England,England,National,60-64,F2,14.0,12.0,2.0,2.0,0.0,4.0,0.0,2.0,2.0,3.0,3.0,1.0,1.0,11.2,1.6,3.2,33.33333333333333
2017-18,E92000001,England,England,National,65-70,A,20.0,16.0,4.0,4.0,0.0,9.0,0.0,6.0,3.0,2.0,3.0,0.0,2.0,10.526315789473683,2.1052631578947367,4.736842105263158,56.25
2017-18,E92000001,England,England,National,65-70,A to F2,5065.0,4108.0,955.0,907.0,48.0,2232.0,2.0,1136.0,1096.0,761.0,881.0,76.0,158.0,11.035531579268453,2.080736951273716,4.863041754181083,54.33300876338851
2017-18,E92000001,England,England,National,65-70,B,81.0,63.0,18.0,18.0,0.0,23.0,0.0,13.0,10.0,12.0,20.0,1.0,7.0,27.045075125208683,6.010016694490818,7.679465776293823,36.507936507936506
2017-18,E92000001,England,England,National,65-70,C1,4290.0,3488.0,800.0,760.0,40.0,1945.0,2.0,980.0,965.0,650.0,718.0,57.0,118.0,10.58328975024423,1.9735738461993901,4.798251413572268,55.762614678899084
2017-18,E92000001,England,England,National,65-70,C2,540.0,429.0,111.0,105.0,6.0,205.0,0.0,105.0,100.0,78.0,112.0,14.0,20.0,13.78394935674903,2.8333673677761895,5.232795589136206,47.785547785547784
2017-18,E92000001,England,England,National,65-70,D,8.0,7.0,1.0,0.0,1.0,3.0,0.0,3.0,0.0,1.0,1.0,0.0,2.0,68.9655172413793,8.620689655172413,25.862068965517242,42.857142857142854
2017-18,E92000001,England,England,National,65-70,E,16.0,15.0,1.0,1.0,0.0,8.0,0.0,5.0,3.0,1.0,5.0,1.0,0.0,18.223234624145785,1.1389521640091116,9.111617312072893,53.333333333333336
2017-18,E92000001,England,England,National,65-70,F1,90.0,73.0,17.0,16.0,1.0,30.0,0.0,18.0,12.0,15.0,18.0,3.0,7.0,12.74606996176179,2.407590992777227,4.248689987253931,41.0958904109589
2017-18,E92000001,England,England,National,65-70,F2,20.0,17.0,3.0,3.0,0.0,9.0,0.0,6.0,3.0,2.0,4.0,0.0,2.0,13.422818791946309,2.0134228187919465,6.040268456375839,52.94117647058824
2017-18,E92000001,England,England,National,Over 70,A,0.0,0.0,0.0,0.0,0.0,0.0,0.0,0.0,0.0,0.0,0.0,0.0,0.0,0.0,0.0,0.0,z
2017-18,E92000001,England,England,National,Over 70,A to F2,2104.0,1720.0,383.0,371.0,12.0,892.0,1.0,434.0,458.0,304.0,374.0,50.0,100.0,14.581340873494392,2.654303020222601,6.181823222032794,51.86046511627907
2017-18,E92000001,England,England,National,Over 70,B,8.0,8.0,0.0,0.0,0.0,2.0,0.0,1.0,1.0,2.0,3.0,1.0,0.0,25.31645569620253,0.0,6.329113924050633,25.0
2017-18,E92000001,England,England,National,Over 70,C1,742.0,590.0,151.0,143.0,8.0,339.0,1.0,175.0,164.0,121.0,103.0,8.0,19.0,11.771238200999445,2.395494566510669,5.377964622828587,57.45762711864407
2017-18,E92000001,England,England,National,Over 70,C2,117.0,94.0,23.0,23.0,0.0,47.0,0.0,21.0,26.0,10.0,24.0,3.0,10.0,15.278140506659703,3.003395142334813,6.137372682162445,50.0
2017-18,E92000001,England,England,National,Over 70,D,5.0,5.0,0.0,0.0,0.0,2.0,0.0,1.0,1.0,1.0,1.0,0.0,1.0,81.96721311475409,0.0,32.786885245901644,40.0
2017-18,E92000001,England,England,National,Over 70,E,40.0,33.0,7.0,7.0,0.0,11.0,0.0,3.0,8.0,4.0,13.0,1.0,4.0,23.378141437755698,4.091174751607247,6.428988895382817,33.33333333333333
2017-18,E92000001,England,England,National,Over 70,F1,910.0,755.0,155.0,151.0,4.0,406.0,0.0,198.0,208.0,126.0,155.0,24.0,44.0,15.096468090047942,2.571376432920254,6.735347301713698,53.77483443708609
2017-18,E92000001,England,England,National,Over 70,F2,282.0,235.0,47.0,47.0,0.0,85.0,0.0,35.0,50.0,40.0,75.0,13.0,22.0,25.40311683632105,4.233852806053508,7.656967840735069,36.17021276595745
2018-19,E92000001,England,England,National,45 and over,A,1888.0,1267.0,621.0,595.0,26.0,589.0,0.0,300.0,289.0,219.0,347.0,52.0,60.0,7.2549810747977785,2.3863046861490576,2.263338905220282,46.48776637726914
2018-19,E92000001,England,England,National,45 and over,A to F2,19558.0,15417.0,4128.0,3961.0,167.0,7888.0,13.0,3962.0,3926.0,2726.0,3625.0,418.0,760.0,8.752686266454361,1.8473815782760814,3.53007410112445,51.16429915028864
2018-19,E92000001,England,England,National,45 and over,B,821.0,649.0,172.0,166.0,6.0,270.0,0.0,126.0,144.0,107.0,173.0,38.0,61.0,10.994603136341114,2.3033760529240825,3.6157647342412917,41.60246533127889
2018-19,E92000001,England,England,National,45 and over,C1,12720.0,10098.0,2613.0,2505.0,108.0,5412.0,9.0,2730.0,2682.0,1801.0,2223.0,236.0,426.0,8.007130878820384,1.6448610838331494,3.4068075720264086,53.59477124183007
2018-19,E92000001,England,England,National,45 and over,C2,2049.0,1670.0,377.0,363.0,14.0,803.0,2.0,407.0,396.0,307.0,426.0,43.0,91.0,12.771368200602106,2.3498320212918467,5.005079875589795,48.08383233532934
2018-19,E92000001,England,England,National,45 and over,D,17.0,8.0,9.0,9.0,0.0,6.0,0.0,3.0,3.0,1.0,1.0,0.0,0.0,29.109589041095887,15.410958904109588,10.273972602739725,75.0
2018-19,E92000001,England,England,National,45 and over,E,241.0,187.0,54.0,53.0,1.0,80.0,0.0,38.0,42.0,28.0,66.0,4.0,9.0,11.19316334587339,2.508011704054619,3.7155728948957316,42.780748663101605
2018-19,E92000001,England,England,National,45 and over,F1,1370.0,1155.0,214.0,204.0,10.0,583.0,1.0,287.0,296.0,203.0,275.0,32.0,62.0,12.830718801217515,2.004214469679232,5.460079606649496,50.476190476190474
2018-19,E92000001,England,England,National,45 and over,F2,452.0,383.0,68.0,66.0,2.0,145.0,1.0,71.0,74.0,60.0,114.0,13.0,51.0,20.83429361604056,3.1343627563954826,6.683567642313897,37.85900783289817
2018-19,E92000001,England,England,National,45-49,A,788.0,516.0,272.0,261.0,11.0,226.0,0.0,117.0,109.0,86.0,159.0,24.0,21.0,6.199354889465817,2.1398788450948,1.7779875698214145,43.798449612403104
2018-19,E92000001,England,England,National,45-49,A to F2,902.0,596.0,306.0,295.0,11.0,262.0,0.0,137.0,125.0,100.0,183.0,26.0,25.0,6.071988744606229,2.0598986206757277,1.7637040477681065,43.95973154362416
2018-19,E92000001,England,England,National,45-49,B,29.0,21.0,8.0,8.0,0.0,7.0,0.0,1.0,6.0,5.0,4.0,1.0,4.0,9.666666666666668,2.6666666666666665,2.3333333333333335,33.33333333333333
2018-19,E92000001,England,England,National,45-49,C1,67.0,47.0,20.0,20.0,0.0,24.0,0.0,16.0,8.0,9.0,13.0,1.0,0.0,4.44768985661179,1.327668613913967,1.5932023366967605,51.06382978723404
2018-19,E92000001,England,England,National,45-49,C2,3.0,2.0,1.0,1.0,0.0,2.0,0.0,1.0,1.0,0.0,0.0,0.0,0.0,7.389162561576354,2.4630541871921183,4.926108374384237,100.0
2018-19,E92000001,England,England,National,45-49,D,0.0,0.0,0.0,0.0,0.0,0.0,0.0,0.0,0.0,0.0,0.0,0.0,0.0,0.0,0.0,0.0,z
2018-19,E92000001,England,England,National,45-49,E,15.0,10.0,5.0,5.0,0.0,3.0,0.0,2.0,1.0,0.0,7.0,0.0,0.0,5.345687811831789,1.7818959372772631,1.069137562366358,30.0
2018-19,E92000001,England,England,National,45-49,F1,0.0,0.0,0.0,0.0,0.0,0.0,0.0,0.0,0.0,0.0,0.0,0.0,0.0,0.0,0.0,0.0,z
2018-19,E92000001,England,England,National,45-49,F2,0.0,0.0,0.0,0.0,0.0,0.0,0.0,0.0,0.0,0.0,0.0,0.0,0.0,0.0,0.0,0.0,z
2018-19,E92000001,England,England,National,45-74,A,1888.0,1267.0,621.0,595.0,26.0,589.0,0.0,300.0,289.0,219.0,347.0,52.0,60.0,7.255510806406985,2.3864789252006022,2.2635041657699757,46.48776637726914
2018-19,E92000001,England,England,National,45-74,A to F2,18346.0,14402.0,3932.0,3772.0,160.0,7428.0,12.0,3732.0,3696.0,2558.0,3368.0,387.0,661.0,8.454837636332297,1.8120801038950505,3.4232276225158786,51.57616997639217
2018-19,E92000001,England,England,National,45-74,B,819.0,647.0,172.0,166.0,6.0,269.0,0.0,125.0,144.0,106.0,173.0,38.0,61.0,10.97972972972973,2.305877305877306,3.6062848562848564,41.57650695517774
2018-19,E92000001,England,England,National,45-74,C1,12717.0,10095.0,2613.0,2505.0,108.0,5412.0,9.0,2730.0,2682.0,1799.0,2222.0,236.0,426.0,8.005464136880407,1.6449066438364788,3.406901935110227,53.61069836552749
2018-19,E92000001,England,England,National,45-74,C2,1764.0,1431.0,331.0,319.0,12.0,691.0,2.0,343.0,348.0,261.0,369.0,34.0,76.0,11.849821648092542,2.223520955509428,4.641851904099743,48.2879105520615
2018-19,E92000001,England,England,National,45-74,D,15.0,7.0,8.0,8.0,0.0,5.0,0.0,3.0,2.0,1.0,1.0,0.0,0.0,26.455026455026452,14.109347442680775,8.818342151675484,71.42857142857143
2018-19,E92000001,England,England,National,45-74,E,213.0,164.0,49.0,48.0,1.0,67.0,0.0,32.0,35.0,25.0,61.0,3.0,8.0,10.557620817843866,2.4287484510532837,3.3209417596034694,40.853658536585364
2018-19,E92000001,England,England,National,45-74,F1,784.0,666.0,117.0,111.0,6.0,342.0,1.0,166.0,176.0,124.0,161.0,20.0,19.0,11.725994615614717,1.749925216871074,5.1151660185462156,51.35135135135135
2018-19,E92000001,England,England,National,45-74,F2,146.0,125.0,21.0,20.0,1.0,53.0,0.0,33.0,20.0,23.0,34.0,4.0,11.0,14.499950342635813,2.0856092958585757,5.263680603833549,42.4
2018-19,E92000001,England,England,National,50-52,A,991.0,672.0,319.0,306.0,13.0,328.0,0.0,166.0,162.0,121.0,166.0,27.0,30.0,8.227411976654407,2.6483798391046984,2.72309901951831,48.80952380952381
2018-19,E92000001,England,England,National,50-52,A to F2,2026.0,1456.0,570.0,548.0,22.0,707.0,0.0,331.0,376.0,251.0,370.0,61.0,67.0,6.599434520319483,1.8567017159832702,2.3029616021055648,48.55769230769231
2018-19,E92000001,England,England,National,50-52,B,223.0,174.0,49.0,46.0,3.0,79.0,0.0,32.0,47.0,27.0,46.0,11.0,11.0,8.641736097655494,1.8988568106956016,3.061422204999031,45.40229885057471
2018-19,E92000001,England,England,National,50-52,C1,712.0,540.0,172.0,169.0,3.0,269.0,0.0,119.0,150.0,90.0,137.0,21.0,23.0,4.907873966899423,1.1856100032397483,1.8542389004156528,49.81481481481482
2018-19,E92000001,England,England,National,50-52,C2,21.0,13.0,8.0,6.0,2.0,4.0,0.0,2.0,2.0,1.0,7.0,1.0,0.0,3.928170594837262,1.4964459408903852,0.7482229704451926,30.76923076923077
2018-19,E92000001,England,England,National,50-52,D,1.0,0.0,1.0,1.0,0.0,0.0,0.0,0.0,0.0,0.0,0.0,0.0,0.0,8.403361344537815,8.403361344537815,0.0,z
2018-19,E92000001,England,England,National,50-52,E,68.0,51.0,17.0,16.0,1.0,24.0,0.0,12.0,12.0,12.0,12.0,0.0,3.0,8.782125791037066,2.1955314477592665,3.0995738086013174,47.05882352941176
2018-19,E92000001,England,England,National,50-52,F1,9.0,5.0,4.0,4.0,0.0,3.0,0.0,0.0,3.0,0.0,1.0,1.0,0.0,3.7926675094816686,1.685630004214075,1.2642225031605563,60.0
2018-19,E92000001,England,England,National,50-52,F2,1.0,1.0,0.0,0.0,0.0,0.0,0.0,0.0,0.0,0.0,1.0,0.0,0.0,11.627906976744185,0.0,0.0,0.0
2018-19,E92000001,England,England,National,50<71,A,1098.0,749.0,349.0,334.0,15.0,362.0,0.0,182.0,180.0,133.0,187.0,28.0,39.0,8.258930250400535,2.6251062453458895,2.722889572536424,48.33110814419226
2018-19,E92000001,England,England,National,50<71,A to F2,15285.0,12038.0,3241.0,3105.0,136.0,6247.0,6.0,3117.0,3130.0,2124.0,2804.0,319.0,544.0,8.183660947473586,1.7352466555944972,3.344673205028949,51.89400232596777
2018-19,E92000001,England,England,National,50<71,B,777.0,615.0,162.0,156.0,6.0,257.0,0.0,121.0,136.0,101.0,167.0,35.0,55.0,10.927962645213919,2.2784169221681525,3.6145256110939217,41.78861788617886
2018-19,E92000001,England,England,National,50<71,C1,11519.0,9157.0,2357.0,2256.0,101.0,4919.0,5.0,2462.0,2457.0,1618.0,2028.0,220.0,372.0,7.770276651259677,1.5899420146730667,3.3181691854801936,53.71846674675111
2018-19,E92000001,England,England,National,50<71,C2,1365.0,1090.0,274.0,263.0,11.0,522.0,1.0,252.0,270.0,200.0,288.0,25.0,55.0,10.485240008296016,2.104729496170775,4.009740135040674,47.88990825688074
2018-19,E92000001,England,England,National,50<71,D,12.0,5.0,7.0,7.0,0.0,3.0,0.0,2.0,1.0,1.0,1.0,0.0,0.0,25.31645569620253,14.767932489451477,6.329113924050633,60.0
2018-19,E92000001,England,England,National,50<71,E,180.0,141.0,39.0,38.0,1.0,60.0,0.0,29.0,31.0,24.0,48.0,1.0,8.0,11.072153533862336,2.3989665990035065,3.690717844620779,42.5531914893617
2018-19,E92000001,England,England,National,50<71,F1,255.0,212.0,43.0,41.0,2.0,95.0,0.0,51.0,44.0,38.0,63.0,8.0,8.0,8.887185027707106,1.4986233576133552,3.3109120691457847,44.81132075471698
2018-19,E92000001,England,England,National,50<71,F2,79.0,69.0,10.0,10.0,0.0,29.0,0.0,18.0,11.0,9.0,22.0,2.0,7.0,13.992206872121855,1.7711654268508679,5.136379737867517,42.028985507246375
2018-19,E92000001,England,England,National,53-54,A,20.0,14.0,6.0,5.0,1.0,7.0,0.0,2.0,5.0,4.0,2.0,0.0,1.0,5.557099194220617,1.667129758266185,1.944984717977216,50.0
2018-19,E92000001,England,England,National,53-54,A to F2,1277.0,981.0,295.0,287.0,8.0,480.0,1.0,250.0,230.0,181.0,241.0,35.0,44.0,6.001193659506276,1.386336828155326,2.255734500049344,48.92966360856269
2018-19,E92000001,England,England,National,53-54,B,163.0,126.0,37.0,37.0,0.0,61.0,0.0,36.0,25.0,21.0,27.0,8.0,9.0,9.088374686367438,2.063005296905492,3.401170894898244,48.41269841269841
2018-19,E92000001,England,England,National,53-54,C1,970.0,742.0,227.0,220.0,7.0,365.0,1.0,188.0,177.0,141.0,177.0,26.0,33.0,5.562660213216192,1.3017771839176038,2.093165956519495,49.19137466307278
2018-19,E92000001,England,England,National,53-54,C2,73.0,59.0,14.0,14.0,0.0,27.0,0.0,15.0,12.0,12.0,19.0,1.0,0.0,6.937844516251663,1.3305455236647026,2.5660520813533547,45.76271186440678
2018-19,E92000001,England,England,National,53-54,D,1.0,0.0,1.0,1.0,0.0,0.0,0.0,0.0,0.0,0.0,0.0,0.0,0.0,16.129032258064516,16.129032258064516,0.0,z
2018-19,E92000001,England,England,National,53-54,E,29.0,21.0,8.0,8.0,0.0,11.0,0.0,5.0,6.0,1.0,8.0,0.0,1.0,11.266511266511266,3.108003108003108,4.273504273504274,52.38095238095239
2018-19,E92000001,England,England,National,53-54,F1,20.0,18.0,2.0,2.0,0.0,9.0,0.0,4.0,5.0,1.0,8.0,0.0,0.0,5.844535359438924,0.5844535359438924,2.6300409117475163,50.0
2018-19,E92000001,England,England,National,53-54,F2,1.0,1.0,0.0,0.0,0.0,0.0,0.0,0.0,0.0,1.0,0.0,0.0,0.0,3.3333333333333335,0.0,0.0,0.0
2018-19,E92000001,England,England,National,55-59,A,45.0,33.0,12.0,11.0,1.0,18.0,0.0,9.0,9.0,3.0,9.0,0.0,3.0,10.211027910142954,2.722940776038121,4.084411164057181,54.54545454545454
2018-19,E92000001,England,England,National,55-59,A to F2,3295.0,2553.0,740.0,707.0,33.0,1271.0,2.0,621.0,650.0,453.0,615.0,88.0,126.0,6.92295247639998,1.554775366475261,2.670431744310888,49.78456717587152
2018-19,E92000001,England,England,National,55-59,B,209.0,162.0,47.0,45.0,2.0,63.0,0.0,28.0,35.0,28.0,46.0,9.0,16.0,11.698197693943804,2.6306951751931043,3.526250979514161,38.88888888888889
2018-19,E92000001,England,England,National,55-59,C1,2624.0,2031.0,591.0,565.0,26.0,1034.0,2.0,511.0,523.0,374.0,467.0,67.0,89.0,6.535068712860437,1.471884759641966,2.5751757046866204,50.910881339241755
2018-19,E92000001,England,England,National,55-59,C2,290.0,221.0,69.0,65.0,4.0,114.0,0.0,48.0,66.0,30.0,57.0,8.0,12.0,7.509646010824248,1.7867778439547348,2.9520677421860837,51.58371040723983
2018-19,E92000001,England,England,National,55-59,D,3.0,3.0,0.0,0.0,0.0,1.0,0.0,1.0,0.0,1.0,1.0,0.0,0.0,26.785714285714285,0.0,8.928571428571429,33.33333333333333
2018-19,E92000001,England,England,National,55-59,E,42.0,34.0,8.0,8.0,0.0,10.0,0.0,3.0,7.0,3.0,19.0,0.0,2.0,13.215859030837004,2.5173064820641913,3.1466331025802394,29.411764705882355
2018-19,E92000001,England,England,National,55-59,F1,69.0,60.0,9.0,9.0,0.0,27.0,0.0,18.0,9.0,13.0,13.0,3.0,4.0,8.044770898915706,1.0493179433368311,3.1479538300104934,45.0
2018-19,E92000001,England,England,National,55-59,F2,13.0,9.0,4.0,4.0,0.0,4.0,0.0,3.0,1.0,1.0,3.0,1.0,0.0,7.784431137724551,2.395209580838323,2.395209580838323,44.44444444444444
2018-19,E92000001,England,England,National,60-64,A,27.0,17.0,10.0,10.0,0.0,4.0,0.0,3.0,1.0,2.0,7.0,1.0,3.0,10.078387458006718,3.732736095558044,1.4930944382232176,23.52941176470588
2018-19,E92000001,England,England,National,60-64,A to F2,3602.0,2931.0,668.0,636.0,32.0,1549.0,3.0,774.0,775.0,516.0,676.0,65.0,125.0,8.800476916461436,1.6320706774559242,3.784547124819202,52.84885704537701
2018-19,E92000001,England,England,National,60-64,B,103.0,88.0,15.0,15.0,0.0,28.0,0.0,14.0,14.0,13.0,35.0,3.0,9.0,16.932434653953642,2.465888541837909,4.602991944764097,31.818181818181817
2018-19,E92000001,England,England,National,60-64,C1,2940.0,2390.0,548.0,521.0,27.0,1313.0,2.0,650.0,663.0,411.0,525.0,49.0,92.0,8.313421651656322,1.549576552757709,3.712762798851956,54.937238493723854
2018-19,E92000001,England,England,National,60-64,C2,403.0,328.0,74.0,70.0,4.0,159.0,1.0,81.0,78.0,72.0,75.0,8.0,14.0,10.926443076756229,2.006344386302633,4.310929154352954,48.47560975609756
2018-19,E92000001,England,England,National,60-64,D,3.0,1.0,2.0,2.0,0.0,1.0,0.0,0.0,1.0,0.0,0.0,0.0,0.0,36.58536585365854,24.390243902439025,12.195121951219512,100.0
2018-19,E92000001,England,England,National,60-64,E,25.0,21.0,4.0,4.0,0.0,8.0,0.0,5.0,3.0,4.0,7.0,1.0,1.0,15.842839036755388,2.5348542458808616,5.069708491761723,38.095238095238095
2018-19,E92000001,England,England,National,60-64,F1,71.0,57.0,14.0,13.0,1.0,24.0,0.0,14.0,10.0,11.0,17.0,3.0,2.0,10.612855007473842,2.0926756352765326,3.587443946188341,42.10526315789473
2018-19,E92000001,England,England,National,60-64,F2,30.0,29.0,1.0,1.0,0.0,12.0,0.0,7.0,5.0,3.0,10.0,0.0,4.0,18.115942028985508,0.6038647342995169,7.246376811594203,41.37931034482759
2018-19,E92000001,England,England,National,65-70,A,15.0,13.0,2.0,2.0,0.0,5.0,0.0,2.0,3.0,3.0,3.0,0.0,2.0,8.282716731087797,1.1043622308117063,2.7609055770292654,38.46153846153847
2018-19,E92000001,England,England,National,65-70,A to F2,5085.0,4117.0,968.0,927.0,41.0,2240.0,0.0,1141.0,1099.0,723.0,902.0,70.0,182.0,10.989604720019019,2.0920230814116834,4.841045147068358,54.40854991498664
2018-19,E92000001,England,England,National,65-70,B,79.0,65.0,14.0,13.0,1.0,26.0,0.0,11.0,15.0,12.0,13.0,4.0,10.0,23.14679167887489,4.101963082332259,7.6179314386170525,40.0
2018-19,E92000001,England,England,National,65-70,C1,4273.0,3454.0,819.0,781.0,38.0,1938.0,0.0,994.0,944.0,602.0,722.0,57.0,135.0,10.47758463843383,2.008224156067706,4.7520615561162565,56.108859293572664
2018-19,E92000001,England,England,National,65-70,C2,578.0,469.0,109.0,108.0,1.0,218.0,0.0,106.0,112.0,85.0,130.0,7.0,29.0,14.891150328481256,2.808192709004251,5.616385418008502,46.481876332622605
2018-19,E92000001,England,England,National,65-70,D,4.0,1.0,3.0,3.0,0.0,1.0,0.0,1.0,0.0,0.0,0.0,0.0,0.0,40.40404040404041,30.303030303030305,10.101010101010102,100.0
2018-19,E92000001,England,England,National,65-70,E,16.0,14.0,2.0,2.0,0.0,7.0,0.0,4.0,3.0,4.0,2.0,0.0,1.0,13.513513513513514,1.6891891891891893,5.912162162162162,50.0
2018-19,E92000001,England,England,National,65-70,F1,86.0,72.0,14.0,13.0,1.0,32.0,0.0,15.0,17.0,13.0,24.0,1.0,2.0,11.269820469139038,1.8346219368365875,4.1934215699122,44.44444444444444
2018-19,E92000001,England,England,National,65-70,F2,34.0,29.0,5.0,5.0,0.0,13.0,0.0,8.0,5.0,4.0,8.0,1.0,3.0,17.580144777662873,2.5853154084798344,6.72182006204757,44.827586206896555
2018-19,E92000001,England,England,National,Over 70,A,2.0,2.0,0.0,0.0,0.0,1.0,0.0,1.0,0.0,0.0,1.0,0.0,0.0,11.235955056179774,0.0,5.617977528089887,50.0
2018-19,E92000001,England,England,National,Over 70,A to F2,3371.0,2783.0,581.0,561.0,20.0,1379.0,7.0,708.0,671.0,502.0,638.0,73.0,191.0,15.447925688649372,2.662487340582998,6.31939766379338,49.55084441250449
2018-19,E92000001,England,England,National,Over 70,B,15.0,13.0,2.0,2.0,0.0,6.0,0.0,4.0,2.0,1.0,2.0,2.0,2.0,26.26970227670753,3.502626970227671,10.507880910683012,46.15384615384615
2018-19,E92000001,England,England,National,Over 70,C1,1134.0,894.0,236.0,229.0,7.0,469.0,4.0,252.0,217.0,174.0,182.0,15.0,54.0,12.451139707497035,2.5912424788089066,5.149545434582107,52.46085011185683
2018-19,E92000001,England,England,National,Over 70,C2,681.0,578.0,102.0,99.0,3.0,279.0,1.0,154.0,125.0,107.0,138.0,18.0,36.0,22.81559903511123,3.4173143929241494,9.347359957116055,48.26989619377163
2018-19,E92000001,England,England,National,Over 70,D,5.0,3.0,2.0,2.0,0.0,3.0,0.0,1.0,2.0,0.0,0.0,0.0,0.0,79.36507936507937,31.746031746031743,47.61904761904761,100.0
2018-19,E92000001,England,England,National,Over 70,E,46.0,36.0,10.0,10.0,0.0,17.0,0.0,7.0,10.0,4.0,11.0,3.0,1.0,18.638573743922205,4.051863857374392,6.888168557536467,47.22222222222222
2018-19,E92000001,England,England,National,Over 70,F1,1115.0,943.0,171.0,163.0,8.0,488.0,1.0,236.0,252.0,165.0,212.0,24.0,54.0,14.300738764621384,2.193207469731172,6.258978042273753,51.74973488865323
2018-19,E92000001,England,England,National,Over 70,F2,373.0,314.0,58.0,56.0,2.0,116.0,1.0,53.0,63.0,51.0,92.0,11.0,44.0,23.247117482081645,3.6148332813960735,7.229666562792147,36.94267515923567
2019-20,E92000001,England,England,National,45 and over,A,1874.0,1324.0,550.0,528.0,22.0,580.0,0.0,297.0,283.0,272.0,357.0,51.0,64.0,7.226620494448922,2.120939846289705,2.236627474269143,43.80664652567976
2019-20,E92000001,England,England,National,45 and over,A to F2,17771.0,14022.0,3742.0,3584.0,158.0,7092.0,7.0,3483.0,3609.0,2580.0,3317.0,410.0,623.0,8.36838013382062,1.7621112183195524,3.339629278546837,50.57766367137355
2019-20,E92000001,England,England,National,45 and over,B,752.0,585.0,167.0,163.0,4.0,230.0,0.0,100.0,130.0,112.0,186.0,31.0,26.0,10.253892934086013,2.277127819138782,3.1361640622869453,39.31623931623932
2019-20,E92000001,England,England,National,45 and over,C1,11950.0,9518.0,2427.0,2318.0,109.0,5024.0,5.0,2481.0,2543.0,1772.0,2112.0,245.0,365.0,7.796088255633407,1.583356167064626,3.277619028979267,52.784198361000215
2019-20,E92000001,England,England,National,45 and over,C2,1441.0,1145.0,296.0,285.0,11.0,548.0,0.0,252.0,296.0,183.0,299.0,44.0,71.0,10.78245774189445,2.2148559969470902,4.1004766429966395,47.86026200873362
2019-20,E92000001,England,England,National,45 and over,D,25.0,17.0,8.0,8.0,0.0,12.0,0.0,9.0,3.0,0.0,3.0,0.0,2.0,43.936731107205624,14.0597539543058,21.0896309314587,70.58823529411765
2019-20,E92000001,England,England,National,45 and over,E,177.0,136.0,41.0,40.0,1.0,53.0,0.0,33.0,20.0,26.0,41.0,11.0,5.0,10.784134527508682,2.4980198623042713,3.2291476268811308,38.970588235294116
2019-20,E92000001,England,England,National,45 and over,F1,1157.0,967.0,189.0,180.0,9.0,514.0,1.0,246.0,268.0,156.0,214.0,21.0,62.0,12.885334996436208,2.104864575908767,5.724340698503207,53.1540847983454
2019-20,E92000001,England,England,National,45 and over,F2,395.0,330.0,64.0,62.0,2.0,131.0,1.0,65.0,66.0,59.0,105.0,7.0,28.0,22.322690025430912,3.6168409155128565,7.403221248940379,39.696969696969695
2019-20,E92000001,England,England,National,45-49,A,708.0,493.0,215.0,207.0,8.0,218.0,0.0,113.0,105.0,100.0,139.0,15.0,21.0,6.234150464919695,1.8931389123696818,1.9195548041701886,44.21906693711968
2019-20,E92000001,England,England,National,45-49,A to F2,798.0,552.0,246.0,237.0,9.0,247.0,0.0,131.0,116.0,109.0,153.0,18.0,25.0,6.068256478890376,1.8706655310865068,1.8782698625136878,44.7463768115942
2019-20,E92000001,England,England,National,45-49,B,17.0,10.0,7.0,7.0,0.0,4.0,0.0,3.0,1.0,1.0,4.0,1.0,0.0,6.540977298961138,2.6933435936898804,1.5390534821085033,40.0
2019-20,E92000001,England,England,National,45-49,C1,66.0,43.0,23.0,23.0,0.0,24.0,0.0,14.0,10.0,6.0,8.0,2.0,3.0,5.0,1.7424242424242424,1.8181818181818181,55.81395348837209
2019-20,E92000001,England,England,National,45-49,C2,0.0,0.0,0.0,0.0,0.0,0.0,0.0,0.0,0.0,0.0,0.0,0.0,0.0,0.0,0.0,0.0,z
2019-20,E92000001,England,England,National,45-49,D,0.0,0.0,0.0,0.0,0.0,0.0,0.0,0.0,0.0,0.0,0.0,0.0,0.0,0.0,0.0,0.0,z
2019-20,E92000001,England,England,National,45-49,E,6.0,5.0,1.0,0.0,1.0,0.0,0.0,0.0,0.0,2.0,2.0,0.0,1.0,3.426613363792119,0.5711022272986864,0.0,0.0
2019-20,E92000001,England,England,National,45-49,F1,1.0,1.0,0.0,0.0,0.0,1.0,0.0,1.0,0.0,0.0,0.0,0.0,0.0,14.084507042253522,0.0,14.084507042253522,100.0
2019-20,E92000001,England,England,National,45-49,F2,0.0,0.0,0.0,0.0,0.0,0.0,0.0,0.0,0.0,0.0,0.0,0.0,0.0,0.0,0.0,0.0,z
2019-20,E92000001,England,England,National,45-74,A,1874.0,1324.0,550.0,528.0,22.0,580.0,0.0,297.0,283.0,272.0,357.0,51.0,64.0,7.226676230251005,2.1209562041825256,2.236644724410663,43.80664652567976
2019-20,E92000001,England,England,National,45-74,A to F2,16948.0,13338.0,3605.0,3450.0,155.0,6786.0,5.0,3325.0,3461.0,2470.0,3135.0,391.0,556.0,8.15505184482305,1.734656708790836,3.2652927672273546,50.877192982456144
2019-20,E92000001,England,England,National,45-74,B,752.0,585.0,167.0,163.0,4.0,230.0,0.0,100.0,130.0,112.0,186.0,31.0,26.0,10.253892934086013,2.277127819138782,3.1361640622869453,39.31623931623932
2019-20,E92000001,England,England,National,45-74,C1,11950.0,9518.0,2427.0,2318.0,109.0,5024.0,5.0,2481.0,2543.0,1772.0,2112.0,245.0,365.0,7.796093341744851,1.5833572000347071,3.277621167274153,52.784198361000215
2019-20,E92000001,England,England,National,45-74,C2,1440.0,1144.0,296.0,285.0,11.0,548.0,0.0,252.0,296.0,183.0,299.0,43.0,71.0,10.776023348050588,2.2150714659881765,4.10087555189703,47.9020979020979
2019-20,E92000001,England,England,National,45-74,D,21.0,15.0,6.0,6.0,0.0,10.0,0.0,7.0,3.0,0.0,3.0,0.0,2.0,39.473684210526315,11.278195488721805,18.796992481203006,66.66666666666666
2019-20,E92000001,England,England,National,45-74,E,155.0,118.0,37.0,36.0,1.0,47.0,0.0,29.0,18.0,23.0,35.0,9.0,4.0,10.057098364910459,2.4007267064624966,3.0495717622631715,39.83050847457627
2019-20,E92000001,England,England,National,45-74,F1,638.0,539.0,99.0,92.0,7.0,304.0,0.0,143.0,161.0,89.0,117.0,11.0,18.0,11.5433327302334,1.7912068029672517,5.500271394970146,56.400742115027825
2019-20,E92000001,England,England,National,45-74,F2,118.0,95.0,23.0,22.0,1.0,43.0,0.0,16.0,27.0,19.0,26.0,1.0,6.0,14.931038846007844,2.910287232696444,5.440971782867266,45.26315789473684
2019-20,E92000001,England,England,National,50-52,A,1034.0,736.0,298.0,287.0,11.0,326.0,0.0,171.0,155.0,153.0,195.0,30.0,32.0,7.870659338986405,2.268333155723355,2.481465130086623,44.29347826086957
2019-20,E92000001,England,England,National,50-52,A to F2,1980.0,1449.0,531.0,511.0,20.0,653.0,0.0,314.0,339.0,297.0,389.0,60.0,50.0,6.613049751509646,1.7734997060866777,2.180970448351413,45.0655624568668
2019-20,E92000001,England,England,National,50-52,B,191.0,145.0,46.0,44.0,2.0,60.0,0.0,22.0,38.0,27.0,46.0,8.0,4.0,7.705652156372293,1.855811514100133,2.420623714043652,41.37931034482759
2019-20,E92000001,England,England,National,50-52,C1,665.0,500.0,165.0,159.0,6.0,236.0,0.0,105.0,131.0,106.0,129.0,16.0,13.0,5.0939118178754175,1.2639029322548028,1.80776419401293,47.199999999999996
2019-20,E92000001,England,England,National,50-52,C2,29.0,23.0,6.0,5.0,1.0,13.0,0.0,7.0,6.0,3.0,6.0,1.0,0.0,6.061872909698997,1.254180602006689,2.717391304347826,56.52173913043478
2019-20,E92000001,England,England,National,50-52,D,3.0,1.0,2.0,2.0,0.0,1.0,0.0,1.0,0.0,0.0,0.0,0.0,0.0,25.210084033613445,16.80672268907563,8.403361344537815,100.0
2019-20,E92000001,England,England,National,50-52,E,46.0,35.0,11.0,11.0,0.0,15.0,0.0,8.0,7.0,6.0,8.0,5.0,1.0,8.174871156921983,1.954860494046561,2.665718855518038,42.857142857142854
2019-20,E92000001,England,England,National,50-52,F1,11.0,8.0,3.0,3.0,0.0,2.0,0.0,0.0,2.0,1.0,5.0,0.0,0.0,5.228136882129277,1.4258555133079849,0.9505703422053232,25.0
2019-20,E92000001,England,England,National,50-52,F2,1.0,1.0,0.0,0.0,0.0,0.0,0.0,0.0,0.0,1.0,0.0,0.0,0.0,15.384615384615385,0.0,0.0,0.0
2019-20,E92000001,England,England,National,50<71,A,1155.0,821.0,334.0,320.0,14.0,360.0,0.0,184.0,176.0,171.0,216.0,36.0,38.0,7.953559476098004,2.299990359321847,2.4790315250175596,43.8489646772229
2019-20,E92000001,England,England,National,50<71,A to F2,14679.0,11563.0,3112.0,2981.0,131.0,5864.0,4.0,2874.0,2990.0,2156.0,2729.0,344.0,470.0,7.998047210218584,1.6956143414537932,3.1950779236134457,50.71348266020929
2019-20,E92000001,England,England,National,50<71,B,721.0,564.0,157.0,153.0,4.0,224.0,0.0,97.0,127.0,109.0,179.0,27.0,25.0,10.24438761011651,2.230747371412333,3.182722364308042,39.71631205673759
2019-20,E92000001,England,England,National,50<71,C1,11021.0,8762.0,2255.0,2154.0,101.0,4598.0,4.0,2262.0,2336.0,1643.0,1962.0,227.0,332.0,7.595739328506594,1.5541595305128726,3.1689691890457596,52.476603515179185
2019-20,E92000001,England,England,National,50<71,C2,1343.0,1066.0,277.0,270.0,7.0,511.0,0.0,239.0,272.0,169.0,280.0,41.0,65.0,10.562244889934016,2.1785121627041866,4.018843736974149,47.93621013133208
2019-20,E92000001,England,England,National,50<71,D,17.0,12.0,5.0,5.0,0.0,8.0,0.0,6.0,2.0,0.0,3.0,0.0,1.0,37.61061946902655,11.061946902654867,17.699115044247787,66.66666666666666
2019-20,E92000001,England,England,National,50<71,E,142.0,107.0,35.0,35.0,0.0,43.0,0.0,25.0,18.0,21.0,32.0,9.0,2.0,10.997521685254027,2.7106567534076826,3.3302354399008673,40.18691588785047
2019-20,E92000001,England,England,National,50<71,F1,215.0,179.0,36.0,31.0,5.0,99.0,0.0,52.0,47.0,33.0,39.0,3.0,5.0,9.22153120308814,1.5440703409822,4.24619343770105,55.3072625698324
2019-20,E92000001,England,England,National,50<71,F2,65.0,52.0,13.0,13.0,0.0,21.0,0.0,9.0,12.0,10.0,18.0,1.0,2.0,13.131313131313131,2.6262626262626263,4.242424242424243,40.38461538461539
2019-20,E92000001,England,England,National,53-54,A,28.0,19.0,9.0,8.0,1.0,10.0,0.0,5.0,5.0,2.0,6.0,0.0,1.0,7.252007252007252,2.331002331002331,2.59000259000259,52.63157894736842
2019-20,E92000001,England,England,National,53-54,A to F2,1175.0,885.0,290.0,276.0,14.0,438.0,0.0,201.0,237.0,163.0,220.0,37.0,27.0,5.7330776624656625,1.4149723592468444,2.1370961839659235,49.49152542372882
2019-20,E92000001,England,England,National,53-54,B,148.0,105.0,43.0,42.0,1.0,40.0,0.0,16.0,24.0,24.0,30.0,7.0,4.0,8.517495395948435,2.4746777163904237,2.3020257826887662,38.095238095238095
2019-20,E92000001,England,England,National,53-54,C1,876.0,674.0,202.0,191.0,11.0,345.0,0.0,160.0,185.0,123.0,163.0,23.0,20.0,5.212889404623762,1.2020589722990864,2.0530215120949746,51.18694362017804
2019-20,E92000001,England,England,National,53-54,C2,81.0,59.0,22.0,22.0,0.0,33.0,0.0,15.0,18.0,7.0,12.0,5.0,2.0,7.931068246352687,2.1541173014785078,3.231175952217762,55.932203389830505
2019-20,E92000001,England,England,National,53-54,D,1.0,0.0,1.0,1.0,0.0,0.0,0.0,0.0,0.0,0.0,0.0,0.0,0.0,16.129032258064516,16.129032258064516,0.0,z
2019-20,E92000001,England,England,National,53-54,E,23.0,14.0,9.0,9.0,0.0,4.0,0.0,2.0,2.0,4.0,4.0,2.0,0.0,10.511882998171846,4.113345521023766,1.8281535648994516,28.57142857142857
2019-20,E92000001,England,England,National,53-54,F1,17.0,13.0,4.0,3.0,1.0,6.0,0.0,3.0,3.0,3.0,4.0,0.0,0.0,5.8279053822420295,1.3712718546451834,2.056907781967775,46.15384615384615
2019-20,E92000001,England,England,National,53-54,F2,1.0,1.0,0.0,0.0,0.0,0.0,0.0,0.0,0.0,0.0,1.0,0.0,0.0,3.4602076124567476,0.0,0.0,0.0
2019-20,E92000001,England,England,National,55-59,A,43.0,28.0,15.0,14.0,1.0,9.0,0.0,1.0,8.0,8.0,5.0,3.0,3.0,8.94342762063228,3.119800332778702,1.8718801996672214,32.142857142857146
2019-20,E92000001,England,England,National,55-59,A to F2,3282.0,2563.0,718.0,688.0,30.0,1285.0,1.0,627.0,658.0,504.0,604.0,83.0,87.0,6.828267613164701,1.4938135728983104,2.673468581022742,50.1365587202497
2019-20,E92000001,England,England,National,55-59,B,212.0,171.0,41.0,40.0,1.0,78.0,0.0,32.0,46.0,33.0,53.0,4.0,3.0,11.627906976744185,2.2487933304080734,4.278192189556823,45.614035087719294
2019-20,E92000001,England,England,National,55-59,C1,2595.0,2029.0,565.0,543.0,22.0,1049.0,1.0,521.0,528.0,407.0,449.0,62.0,62.0,6.374997236272875,1.3880051786104717,2.577022004181212,51.70034499753573
2019-20,E92000001,England,England,National,55-59,C2,320.0,241.0,79.0,75.0,4.0,102.0,0.0,50.0,52.0,41.0,73.0,9.0,16.0,8.261049153242462,2.0394465097067327,2.6332094175960346,42.32365145228216
2019-20,E92000001,England,England,National,55-59,D,2.0,2.0,0.0,0.0,0.0,1.0,0.0,1.0,0.0,0.0,1.0,0.0,0.0,19.04761904761905,0.0,9.523809523809526,50.0
2019-20,E92000001,England,England,National,55-59,E,33.0,26.0,7.0,7.0,0.0,10.0,0.0,5.0,5.0,7.0,6.0,2.0,1.0,12.141280353200882,2.57542310522443,3.679175864606328,38.46153846153847
2019-20,E92000001,England,England,National,55-59,F1,66.0,56.0,10.0,8.0,2.0,31.0,0.0,16.0,15.0,6.0,15.0,2.0,2.0,8.881711748082356,1.3457139012245996,4.171713093796258,55.35714285714286
2019-20,E92000001,England,England,National,55-59,F2,11.0,10.0,1.0,1.0,0.0,5.0,0.0,1.0,4.0,2.0,2.0,1.0,0.0,7.051282051282051,0.6410256410256411,3.205128205128205,50.0
2019-20,E92000001,England,England,National,60-64,A,30.0,23.0,7.0,6.0,1.0,10.0,0.0,4.0,6.0,4.0,4.0,3.0,2.0,10.033444816053512,2.341137123745819,3.3444816053511706,43.47826086956522
2019-20,E92000001,England,England,National,60-64,A to F2,3500.0,2771.0,728.0,694.0,34.0,1439.0,1.0,719.0,720.0,493.0,656.0,72.0,111.0,8.592457295487241,1.7872311174613462,3.5327274423446116,51.930710934680626
2019-20,E92000001,England,England,National,60-64,B,105.0,86.0,19.0,19.0,0.0,27.0,0.0,15.0,12.0,18.0,30.0,3.0,8.0,16.074709124311084,2.908756889161053,4.133496631965707,31.3953488372093
2019-20,E92000001,England,England,National,60-64,C1,2854.0,2251.0,602.0,572.0,30.0,1184.0,1.0,585.0,599.0,412.0,514.0,55.0,86.0,8.079378335149825,1.704199634814364,3.3517813415618054,52.59884495779653
2019-20,E92000001,England,England,National,60-64,C2,399.0,319.0,80.0,79.0,1.0,167.0,0.0,82.0,85.0,45.0,84.0,11.0,12.0,11.09072715143429,2.2237046920169004,4.64198354458528,52.35109717868338
2019-20,E92000001,England,England,National,60-64,D,6.0,4.0,2.0,2.0,0.0,2.0,0.0,2.0,0.0,0.0,1.0,0.0,1.0,83.33333333333333,27.777777777777775,27.777777777777775,50.0
2019-20,E92000001,England,England,National,60-64,E,23.0,19.0,4.0,4.0,0.0,9.0,0.0,7.0,2.0,2.0,8.0,0.0,0.0,16.41684511063526,2.8551034975017844,6.423982869379015,47.368421052631575
2019-20,E92000001,England,England,National,60-64,F1,59.0,50.0,9.0,7.0,2.0,33.0,0.0,19.0,14.0,8.0,8.0,0.0,1.0,10.492619598079317,1.6005690912324384,5.86875333451894,66.0
2019-20,E92000001,England,England,National,60-64,F2,24.0,19.0,5.0,5.0,0.0,7.0,0.0,5.0,2.0,4.0,7.0,0.0,1.0,16.05351170568562,3.3444816053511706,4.682274247491638,36.84210526315789
2019-20,E92000001,England,England,National,65-70,A,20.0,15.0,5.0,5.0,0.0,5.0,0.0,3.0,2.0,4.0,6.0,0.0,0.0,9.153318077803204,2.288329519450801,2.288329519450801,33.33333333333333
2019-20,E92000001,England,England,National,65-70,A to F2,4742.0,3895.0,845.0,812.0,33.0,2049.0,2.0,1013.0,1036.0,699.0,860.0,92.0,195.0,10.704748059171838,1.9075310227752431,4.625480551084584,52.60590500641848
2019-20,E92000001,England,England,National,65-70,B,65.0,57.0,8.0,8.0,0.0,19.0,0.0,12.0,7.0,7.0,20.0,5.0,6.0,18.824210831161306,2.3168259484506226,5.502461627570229,33.33333333333333
2019-20,E92000001,England,England,National,65-70,C1,4031.0,3308.0,721.0,689.0,32.0,1784.0,2.0,891.0,893.0,595.0,707.0,71.0,151.0,10.281904256621639,1.8390605232012405,4.550463208586704,53.92986698911729
2019-20,E92000001,England,England,National,65-70,C2,514.0,424.0,90.0,89.0,1.0,196.0,0.0,85.0,111.0,73.0,105.0,15.0,35.0,13.727899150686396,2.403717750120186,5.234763100261738,46.22641509433962
2019-20,E92000001,England,England,National,65-70,D,5.0,5.0,0.0,0.0,0.0,4.0,0.0,2.0,2.0,0.0,1.0,0.0,0.0,53.191489361702125,0.0,42.5531914893617,80.0
2019-20,E92000001,England,England,National,65-70,E,17.0,13.0,4.0,4.0,0.0,5.0,0.0,3.0,2.0,2.0,6.0,0.0,0.0,17.382413087934562,4.08997955010225,5.112474437627812,38.46153846153847
2019-20,E92000001,England,England,National,65-70,F1,62.0,52.0,10.0,10.0,0.0,27.0,0.0,14.0,13.0,15.0,7.0,1.0,2.0,11.83206106870229,1.9083969465648853,5.152671755725191,51.92307692307693
2019-20,E92000001,England,England,National,65-70,F2,28.0,21.0,7.0,7.0,0.0,9.0,0.0,3.0,6.0,3.0,8.0,0.0,1.0,18.170019467878003,4.542504866969501,5.840363400389357,42.857142857142854
2019-20,E92000001,England,England,National,Over 70,A,11.0,10.0,1.0,1.0,0.0,2.0,0.0,0.0,2.0,1.0,2.0,0.0,5.0,20.637898686679172,1.876172607879925,3.75234521575985,20.0
2019-20,E92000001,England,England,National,Over 70,A to F2,2294.0,1907.0,384.0,366.0,18.0,981.0,3.0,478.0,503.0,315.0,435.0,48.0,128.0,14.633648460723899,2.4495732384123703,6.257894132506602,51.44205558468799
2019-20,E92000001,England,England,National,Over 70,B,14.0,11.0,3.0,3.0,0.0,2.0,0.0,0.0,2.0,2.0,3.0,3.0,1.0,38.99721448467967,8.356545961002785,5.571030640668524,18.181818181818183
2019-20,E92000001,England,England,National,Over 70,C1,863.0,713.0,149.0,141.0,8.0,402.0,1.0,205.0,197.0,123.0,142.0,16.0,30.0,12.566436112122314,2.1696396068438295,5.853658536585366,56.381486676016834
2019-20,E92000001,England,England,National,Over 70,C2,98.0,79.0,19.0,15.0,4.0,37.0,0.0,13.0,24.0,14.0,19.0,3.0,6.0,15.791169835642927,3.061553335481792,5.9619722848855945,46.835443037974684
2019-20,E92000001,England,England,National,Over 70,D,8.0,5.0,3.0,3.0,0.0,4.0,0.0,3.0,1.0,0.0,0.0,0.0,1.0,89.8876404494382,33.70786516853933,44.9438202247191,80.0
2019-20,E92000001,England,England,National,Over 70,E,29.0,24.0,5.0,5.0,0.0,10.0,0.0,8.0,2.0,3.0,7.0,2.0,2.0,16.57142857142857,2.857142857142857,5.714285714285714,41.66666666666667
2019-20,E92000001,England,England,National,Over 70,F1,941.0,787.0,153.0,149.0,4.0,414.0,1.0,193.0,221.0,123.0,175.0,18.0,57.0,14.170406288588381,2.304008673915008,6.234376411770021,52.60482846251588
2019-20,E92000001,England,England,National,Over 70,F2,330.0,278.0,51.0,49.0,2.0,110.0,1.0,56.0,54.0,49.0,87.0,6.0,26.0,25.894538606403014,4.001883239171375,8.631512868801003,39.568345323741006
2020-21,E92000001,England,England,National,45 and over,A,1111.0,796.0,315.0,304.0,11.0,345.0,0.0,153.0,192.0,147.0,226.0,25.0,53.0,8.332458337708312,2.3624881875590624,2.587487062564687,43.34170854271357
2020-21,E92000001,England,England,National,45 and over,A to F2,10813.0,8512.0,2295.0,2202.0,93.0,4140.0,6.0,2040.0,2100.0,1501.0,2095.0,242.0,534.0,9.108299730701615,1.9331867087727928,3.487317200139156,48.63721804511278
2020-21,E92000001,England,England,National,45 and over,B,412.0,315.0,96.0,94.0,2.0,115.0,1.0,60.0,55.0,54.0,98.0,13.0,35.0,11.995923715242393,2.7951666909302664,3.3483767651768814,36.507936507936506
2020-21,E92000001,England,England,National,45 and over,C1,7725.0,6145.0,1578.0,1517.0,61.0,3103.0,2.0,1546.0,1557.0,1089.0,1460.0,162.0,331.0,8.694184181649362,1.775977040600996,3.492304662221097,50.49633848657445
2020-21,E92000001,England,England,National,45 and over,C2,829.0,666.0,160.0,152.0,8.0,314.0,3.0,150.0,164.0,101.0,168.0,22.0,61.0,11.130355392650474,2.148198869510345,4.215840281414052,47.147147147147145
2020-21,E92000001,England,England,National,45 and over,D,23.0,11.0,12.0,10.0,2.0,6.0,0.0,4.0,2.0,2.0,2.0,1.0,0.0,47.717842323651446,24.896265560165972,12.448132780082986,54.54545454545454
2020-21,E92000001,England,England,National,45 and over,E,94.0,76.0,18.0,18.0,0.0,28.0,0.0,12.0,16.0,15.0,20.0,5.0,8.0,8.830436824800376,1.690934711131987,2.6303428839830905,36.84210526315789
2020-21,E92000001,England,England,National,45 and over,F1,507.0,413.0,94.0,86.0,8.0,193.0,0.0,100.0,93.0,79.0,96.0,11.0,34.0,12.801737198262803,2.3734976265023735,4.873245126754873,46.73123486682809
2020-21,E92000001,England,England,National,45 and over,F2,112.0,90.0,22.0,21.0,1.0,36.0,0.0,15.0,21.0,14.0,25.0,3.0,12.0,19.502002437750306,3.83075047884381,6.268500783562598,40.0
2020-21,E92000001,England,England,National,45-49,A,146.0,104.0,42.0,42.0,0.0,42.0,0.0,21.0,21.0,24.0,28.0,5.0,5.0,6.567110471392588,1.889168765743073,1.889168765743073,40.38461538461539
2020-21,E92000001,England,England,National,45-49,A to F2,171.0,122.0,49.0,49.0,0.0,51.0,0.0,25.0,26.0,28.0,30.0,6.0,7.0,6.388224745965331,1.8305439330543933,1.9052600119545728,41.80327868852459
2020-21,E92000001,England,England,National,45-49,B,3.0,3.0,0.0,0.0,0.0,1.0,0.0,1.0,0.0,0.0,1.0,0.0,1.0,6.41025641025641,0.0,2.136752136752137,33.33333333333333
2020-21,E92000001,England,England,National,45-49,C1,12.0,9.0,3.0,3.0,0.0,5.0,0.0,2.0,3.0,3.0,1.0,0.0,0.0,4.6801872074882995,1.1700468018720749,1.9500780031201248,55.55555555555556
2020-21,E92000001,England,England,National,45-49,C2,0.0,0.0,0.0,0.0,0.0,0.0,0.0,0.0,0.0,0.0,0.0,0.0,0.0,0.0,0.0,0.0,z
2020-21,E92000001,England,England,National,45-49,D,0.0,0.0,0.0,0.0,0.0,0.0,0.0,0.0,0.0,0.0,0.0,0.0,0.0,0.0,0.0,0.0,z
2020-21,E92000001,England,England,National,45-49,E,9.0,6.0,3.0,3.0,0.0,3.0,0.0,1.0,2.0,1.0,0.0,1.0,1.0,6.72645739910314,2.242152466367713,2.242152466367713,50.0
2020-21,E92000001,England,England,National,45-49,F1,1.0,0.0,1.0,1.0,0.0,0.0,0.0,0.0,0.0,0.0,0.0,0.0,0.0,19.607843137254903,19.607843137254903,0.0,z
2020-21,E92000001,England,England,National,45-49,F2,0.0,0.0,0.0,0.0,0.0,0.0,0.0,0.0,0.0,0.0,0.0,0.0,0.0,0.0,0.0,0.0,z
2020-21,E92000001,England,England,National,45-74,A,1111.0,796.0,315.0,304.0,11.0,345.0,0.0,153.0,192.0,147.0,226.0,25.0,53.0,8.332458337708312,2.3624881875590624,2.587487062564687,43.34170854271357
2020-21,E92000001,England,England,National,45-74,A to F2,10575.0,8310.0,2259.0,2171.0,88.0,4059.0,6.0,2008.0,2051.0,1462.0,2050.0,236.0,503.0,8.98877741577112,1.9201558564753622,3.450160522989595,48.84476534296029
2020-21,E92000001,England,England,National,45-74,B,412.0,315.0,96.0,94.0,2.0,115.0,1.0,60.0,55.0,54.0,98.0,13.0,35.0,11.995923715242393,2.7951666909302664,3.3483767651768814,36.507936507936506
2020-21,E92000001,England,England,National,45-74,C1,7725.0,6145.0,1578.0,1517.0,61.0,3103.0,2.0,1546.0,1557.0,1089.0,1460.0,162.0,331.0,8.694203751619261,1.7759810381948469,3.4923125231423384,50.49633848657445
2020-21,E92000001,England,England,National,45-74,C2,829.0,666.0,160.0,152.0,8.0,314.0,3.0,150.0,164.0,101.0,168.0,22.0,61.0,11.130504833512353,2.1482277121374866,4.215896885069817,47.147147147147145
2020-21,E92000001,England,England,National,45-74,D,20.0,10.0,10.0,10.0,0.0,5.0,0.0,3.0,2.0,2.0,2.0,1.0,0.0,43.19654427645788,21.59827213822894,10.79913606911447,50.0
2020-21,E92000001,England,England,National,45-74,E,91.0,73.0,18.0,18.0,0.0,27.0,0.0,12.0,15.0,14.0,20.0,5.0,7.0,8.700640596615354,1.7210058322975428,2.581508748446314,36.986301369863014
2020-21,E92000001,England,England,National,45-74,F1,337.0,267.0,70.0,64.0,6.0,134.0,0.0,74.0,60.0,50.0,63.0,6.0,14.0,10.882200981658487,2.2603978300180834,4.327047274606045,50.187265917603
2020-21,E92000001,England,England,National,45-74,F2,50.0,38.0,12.0,12.0,0.0,16.0,0.0,10.0,6.0,5.0,13.0,2.0,2.0,12.836970474967908,3.0808729139922977,4.10783055198973,42.10526315789473
2020-21,E92000001,England,England,National,50-52,A,845.0,605.0,240.0,230.0,10.0,271.0,0.0,118.0,153.0,109.0,171.0,19.0,35.0,8.382853344708883,2.380928760627375,2.688465392208411,44.79338842975207
2020-21,E92000001,England,England,National,50-52,A to F2,1335.0,958.0,377.0,359.0,18.0,423.0,0.0,194.0,229.0,175.0,276.0,29.0,55.0,7.250587922204178,2.0475443046224537,2.2973772966984027,44.15448851774531
2020-21,E92000001,England,England,National,50-52,B,84.0,56.0,28.0,28.0,0.0,22.0,0.0,14.0,8.0,14.0,16.0,0.0,4.0,7.424429909846209,2.474809969948736,1.944493547816864,39.285714285714285
2020-21,E92000001,England,England,National,50-52,C1,347.0,251.0,96.0,91.0,5.0,115.0,0.0,55.0,60.0,46.0,72.0,8.0,10.0,5.446298243686531,1.5067568628066486,1.8049691585704646,45.81673306772908
2020-21,E92000001,England,England,National,50-52,C2,18.0,15.0,3.0,2.0,1.0,6.0,0.0,1.0,5.0,0.0,6.0,0.0,3.0,8.155867693701857,1.359311282283643,2.718622564567286,40.0
2020-21,E92000001,England,England,National,50-52,D,1.0,0.0,1.0,1.0,0.0,0.0,0.0,0.0,0.0,0.0,0.0,0.0,0.0,10.638297872340425,10.638297872340425,0.0,z
2020-21,E92000001,England,England,National,50-52,E,31.0,25.0,6.0,6.0,0.0,7.0,0.0,4.0,3.0,5.0,8.0,2.0,3.0,7.221057535522944,1.397624039133473,1.6305613789890518,28.000000000000004
2020-21,E92000001,England,England,National,50-52,F1,8.0,5.0,3.0,1.0,2.0,1.0,0.0,1.0,0.0,1.0,3.0,0.0,0.0,4.8250904704463204,1.8094089264173703,0.6031363088057901,20.0
2020-21,E92000001,England,England,National,50-52,F2,1.0,1.0,0.0,0.0,0.0,1.0,0.0,1.0,0.0,0.0,0.0,0.0,0.0,23.25581395348837,0.0,23.25581395348837,100.0
2020-21,E92000001,England,England,National,50<71,A,959.0,688.0,271.0,260.0,11.0,302.0,0.0,132.0,170.0,122.0,197.0,20.0,47.0,8.66555824628619,2.4487656775219575,2.7288827845447643,43.895348837209305
2020-21,E92000001,England,England,National,50<71,A to F2,9902.0,7772.0,2124.0,2039.0,85.0,3786.0,6.0,1873.0,1913.0,1357.0,1933.0,222.0,474.0,8.872942721937818,1.9032650314477808,3.392543036281214,48.71332990221307
2020-21,E92000001,England,England,National,50<71,B,406.0,309.0,96.0,94.0,2.0,113.0,1.0,59.0,54.0,54.0,96.0,12.0,34.0,12.021437242767892,2.842507328339206,3.3458680010659405,36.56957928802589
2020-21,E92000001,England,England,National,50<71,C1,7411.0,5886.0,1523.0,1464.0,59.0,2956.0,2.0,1474.0,1482.0,1046.0,1406.0,156.0,322.0,8.564897211987851,1.760132027237552,3.4162509996810266,50.22086306489976
2020-21,E92000001,England,England,National,50<71,C2,798.0,640.0,155.0,147.0,8.0,301.0,3.0,144.0,157.0,97.0,162.0,22.0,58.0,11.04070394864274,2.1444976341348685,4.164476050803841,47.03125
2020-21,E92000001,England,England,National,50<71,D,18.0,9.0,9.0,9.0,0.0,5.0,0.0,3.0,2.0,1.0,2.0,1.0,0.0,46.753246753246756,23.376623376623378,12.987012987012989,55.55555555555556
2020-21,E92000001,England,England,National,50<71,E,80.0,65.0,15.0,15.0,0.0,23.0,0.0,11.0,12.0,13.0,19.0,4.0,6.0,8.983717012914093,1.6844469399213924,2.5828186412128016,35.38461538461539
2020-21,E92000001,England,England,National,50<71,F1,192.0,146.0,46.0,41.0,5.0,75.0,0.0,42.0,33.0,20.0,40.0,5.0,6.0,8.913235225848382,2.1354626061928412,3.4817325100970247,51.369863013698634
2020-21,E92000001,England,England,National,50<71,F2,38.0,29.0,9.0,9.0,0.0,11.0,0.0,8.0,3.0,4.0,11.0,2.0,1.0,12.059663598857504,2.856236115518883,3.4909552523008567,37.93103448275862
2020-21,E92000001,England,England,National,53-54,A,48.0,34.0,14.0,14.0,0.0,13.0,0.0,6.0,7.0,5.0,9.0,0.0,7.0,10.683285110171377,3.1159581571333184,2.8933897173380814,38.23529411764706
2020-21,E92000001,England,England,National,53-54,A to F2,832.0,657.0,175.0,166.0,9.0,289.0,0.0,142.0,147.0,125.0,177.0,17.0,49.0,6.882574347520371,1.4476568639616165,2.390701906770898,43.987823439878234
2020-21,E92000001,England,England,National,53-54,B,104.0,86.0,18.0,16.0,2.0,31.0,0.0,16.0,15.0,17.0,27.0,3.0,8.0,11.86402007757244,2.053388090349076,3.536390600045631,36.04651162790697
2020-21,E92000001,England,England,National,53-54,C1,596.0,471.0,125.0,120.0,5.0,220.0,0.0,109.0,111.0,87.0,124.0,10.0,30.0,6.1013062528152,1.279636378526678,2.252160026206953,46.70912951167728
2020-21,E92000001,England,England,National,53-54,C2,45.0,37.0,8.0,7.0,1.0,15.0,0.0,7.0,8.0,13.0,6.0,3.0,0.0,7.839721254355401,1.3937282229965158,2.613240418118467,40.54054054054054
2020-21,E92000001,England,England,National,53-54,D,1.0,0.0,1.0,1.0,0.0,0.0,0.0,0.0,0.0,0.0,0.0,0.0,0.0,22.22222222222222,22.22222222222222,0.0,z
2020-21,E92000001,England,England,National,53-54,E,16.0,14.0,2.0,2.0,0.0,6.0,0.0,2.0,4.0,1.0,5.0,0.0,2.0,11.94921583271098,1.4936519790888725,4.480955937266617,42.857142857142854
2020-21,E92000001,England,England,National,53-54,F1,21.0,14.0,7.0,6.0,1.0,4.0,0.0,2.0,2.0,2.0,5.0,1.0,2.0,7.98782807151008,2.6626093571700262,1.5214910612400152,28.57142857142857
2020-21,E92000001,England,England,National,53-54,F2,1.0,1.0,0.0,0.0,0.0,0.0,0.0,0.0,0.0,0.0,1.0,0.0,0.0,5.291005291005291,0.0,0.0,0.0
2020-21,E92000001,England,England,National,55-59,A,31.0,20.0,11.0,10.0,1.0,8.0,0.0,4.0,4.0,2.0,7.0,0.0,3.0,12.570965125709652,4.4606650446066505,3.2441200324412005,40.0
2020-21,E92000001,England,England,National,55-59,A to F2,2167.0,1694.0,468.0,448.0,20.0,824.0,5.0,386.0,438.0,284.0,431.0,55.0,100.0,7.384537793362436,1.594814807242095,2.8079645324091587,48.642266824085006
2020-21,E92000001,England,England,National,55-59,B,126.0,92.0,33.0,33.0,0.0,33.0,1.0,17.0,16.0,13.0,30.0,6.0,10.0,13.55421686746988,3.549913941480207,3.549913941480207,35.869565217391305
2020-21,E92000001,England,England,National,55-59,C1,1716.0,1364.0,351.0,338.0,13.0,667.0,1.0,304.0,363.0,242.0,337.0,44.0,74.0,6.887831898368354,1.408874706484436,2.6772633311256953,48.90029325513196
2020-21,E92000001,England,England,National,55-59,C2,201.0,152.0,46.0,42.0,4.0,80.0,3.0,42.0,38.0,21.0,38.0,1.0,12.0,8.88672738526837,2.033778406578831,3.537005924484924,52.63157894736842
2020-21,E92000001,England,England,National,55-59,D,4.0,2.0,2.0,2.0,0.0,2.0,0.0,1.0,1.0,0.0,0.0,0.0,0.0,37.03703703703704,18.51851851851852,18.51851851851852,100.0
2020-21,E92000001,England,England,National,55-59,E,14.0,12.0,2.0,2.0,0.0,5.0,0.0,2.0,3.0,2.0,4.0,1.0,0.0,8.383233532934131,1.1976047904191616,2.9940119760479043,41.66666666666667
2020-21,E92000001,England,England,National,55-59,F1,61.0,41.0,20.0,18.0,2.0,24.0,0.0,12.0,12.0,3.0,11.0,3.0,0.0,8.589129822585187,2.8161081385525204,3.3793297662630244,58.536585365853654
2020-21,E92000001,England,England,National,55-59,F2,14.0,11.0,3.0,3.0,0.0,5.0,0.0,4.0,1.0,1.0,4.0,0.0,1.0,13.257575757575758,2.840909090909091,4.734848484848485,45.45454545454545
2020-21,E92000001,England,England,National,60-64,A,23.0,21.0,2.0,2.0,0.0,8.0,0.0,3.0,5.0,4.0,6.0,1.0,2.0,13.617525162818236,1.1841326228537594,4.736530491415038,38.095238095238095
2020-21,E92000001,England,England,National,60-64,A to F2,2425.0,1928.0,496.0,479.0,17.0,977.0,1.0,474.0,503.0,332.0,458.0,54.0,107.0,9.64544536103797,1.9728416078659103,3.886020667106844,50.67427385892116
2020-21,E92000001,England,England,National,60-64,B,55.0,44.0,11.0,11.0,0.0,18.0,0.0,6.0,12.0,8.0,9.0,2.0,7.0,18.487394957983195,3.697478991596639,6.050420168067227,40.909090909090914
2020-21,E92000001,England,England,National,60-64,C1,2035.0,1609.0,425.0,409.0,16.0,834.0,1.0,414.0,420.0,277.0,378.0,38.0,82.0,9.323272445721145,1.9471207810474134,3.820938191514218,51.83343691733996
2020-21,E92000001,England,England,National,60-64,C2,236.0,192.0,44.0,43.0,1.0,89.0,0.0,35.0,54.0,29.0,51.0,10.0,13.0,11.168425535942454,2.082248828735034,4.211821494486773,46.35416666666667
2020-21,E92000001,England,England,National,60-64,D,3.0,2.0,1.0,1.0,0.0,0.0,0.0,0.0,0.0,0.0,1.0,1.0,0.0,46.875,15.625,0.0,0.0
2020-21,E92000001,England,England,National,60-64,E,9.0,6.0,3.0,3.0,0.0,1.0,0.0,1.0,0.0,3.0,1.0,0.0,1.0,9.384775808133472,3.1282586027111576,1.0427528675703859,16.666666666666664
2020-21,E92000001,England,England,National,60-64,F1,53.0,44.0,9.0,9.0,0.0,24.0,0.0,14.0,10.0,8.0,10.0,0.0,2.0,9.969902182091799,1.693002257336343,4.514672686230248,54.54545454545454
2020-21,E92000001,England,England,National,60-64,F2,11.0,10.0,1.0,1.0,0.0,3.0,0.0,1.0,2.0,3.0,2.0,2.0,0.0,10.901883052527255,0.9910802775024776,2.973240832507433,30.0
2020-21,E92000001,England,England,National,65-70,A,12.0,8.0,4.0,4.0,0.0,2.0,0.0,1.0,1.0,2.0,4.0,0.0,0.0,9.844134536505333,3.281378178835111,1.6406890894175554,25.0
2020-21,E92000001,England,England,National,65-70,A to F2,3143.0,2535.0,608.0,587.0,21.0,1273.0,0.0,677.0,596.0,441.0,591.0,67.0,163.0,11.811171572016955,2.2848209722514508,4.783843910651474,50.21696252465483
2020-21,E92000001,England,England,National,65-70,B,37.0,31.0,6.0,6.0,0.0,9.0,0.0,6.0,3.0,2.0,14.0,1.0,5.0,26.019690576652604,4.219409282700422,6.329113924050633,29.03225806451613
2020-21,E92000001,England,England,National,65-70,C1,2717.0,2191.0,526.0,506.0,20.0,1120.0,0.0,592.0,528.0,394.0,495.0,56.0,126.0,11.489683811682516,2.2243554232407083,4.7362701027178575,51.118210862619804
2020-21,E92000001,England,England,National,65-70,C2,298.0,244.0,54.0,53.0,1.0,111.0,0.0,59.0,52.0,34.0,61.0,8.0,30.0,14.478670683121173,2.623651734525313,5.393061898746478,45.49180327868852
2020-21,E92000001,England,England,National,65-70,D,9.0,5.0,4.0,4.0,0.0,3.0,0.0,2.0,1.0,1.0,1.0,0.0,0.0,121.62162162162163,54.054054054054056,40.54054054054054,60.0
2020-21,E92000001,England,England,National,65-70,E,10.0,8.0,2.0,2.0,0.0,4.0,0.0,2.0,2.0,2.0,1.0,1.0,0.0,15.527950310559007,3.105590062111801,6.211180124223602,50.0
2020-21,E92000001,England,England,National,65-70,F1,49.0,42.0,7.0,7.0,0.0,22.0,0.0,13.0,9.0,6.0,11.0,1.0,2.0,10.132340777502067,1.4474772539288667,4.549214226633582,52.38095238095239
2020-21,E92000001,England,England,National,65-70,F2,11.0,6.0,5.0,5.0,0.0,2.0,0.0,2.0,0.0,0.0,4.0,0.0,0.0,12.88056206088993,5.85480093676815,2.34192037470726,33.33333333333333
2020-21,E92000001,England,England,National,Over 70,A,6.0,4.0,2.0,2.0,0.0,1.0,0.0,0.0,1.0,1.0,1.0,0.0,1.0,13.82488479262673,4.608294930875576,2.304147465437788,25.0
2020-21,E92000001,England,England,National,Over 70,A to F2,740.0,618.0,122.0,114.0,8.0,303.0,0.0,142.0,161.0,116.0,132.0,14.0,53.0,16.661413067951546,2.7468816139055257,6.822173188634214,49.029126213592235
2020-21,E92000001,England,England,National,Over 70,B,3.0,3.0,0.0,0.0,0.0,1.0,0.0,0.0,1.0,0.0,1.0,1.0,0.0,28.846153846153847,0.0,9.615384615384617,33.33333333333333
2020-21,E92000001,England,England,National,Over 70,C1,302.0,250.0,52.0,50.0,2.0,142.0,0.0,70.0,72.0,40.0,53.0,6.0,9.0,14.59995165578922,2.513898960599468,6.864877930867779,56.8
2020-21,E92000001,England,England,National,Over 70,C2,31.0,26.0,5.0,5.0,0.0,13.0,0.0,6.0,7.0,4.0,6.0,0.0,3.0,14.533520862634786,2.344116268166901,6.094702297233943,50.0
2020-21,E92000001,England,England,National,Over 70,D,5.0,2.0,3.0,1.0,2.0,1.0,0.0,1.0,0.0,1.0,0.0,0.0,0.0,89.28571428571429,53.57142857142857,17.857142857142858,50.0
2020-21,E92000001,England,England,National,Over 70,E,5.0,5.0,0.0,0.0,0.0,2.0,0.0,0.0,2.0,1.0,1.0,0.0,1.0,12.437810945273633,0.0,4.975124378109452,40.0
2020-21,E92000001,England,England,National,Over 70,F1,314.0,267.0,47.0,44.0,3.0,118.0,0.0,58.0,60.0,59.0,56.0,6.0,28.0,17.432822562735954,2.6093715300910505,6.5511880968243394,44.19475655430712
2020-21,E92000001,England,England,National,Over 70,F2,74.0,61.0,13.0,12.0,1.0,25.0,0.0,7.0,18.0,10.0,14.0,1.0,11.0,28.5935085007728,5.023183925811438,9.659969088098919,40.98360655737705
2021-22,E92000001,England,England,National,45 and over,A,1592.0,1132.0,458.0,438.0,20.0,477.0,2.0,218.0,259.0,208.0,323.0,45.0,79.0,8.196847920667693,2.3581384093378164,2.455965111908599,42.13780918727915
2021-22,E92000001,England,England,National,45 and over,A to F2,20152.0,15893.0,4253.0,4046.0,207.0,7550.0,6.0,3719.0,3831.0,3035.0,3912.0,439.0,957.0,9.150649699761335,1.9312084742499482,3.4283150671495672,47.5051909645756
2021-22,E92000001,England,England,National,45 and over,B,605.0,489.0,115.0,109.0,6.0,179.0,1.0,80.0,99.0,88.0,143.0,26.0,53.0,11.365557663767353,2.160395258402059,3.3627021848171177,36.60531697341513
2021-22,E92000001,England,England,National,45 and over,C1,13762.0,10883.0,2878.0,2743.0,135.0,5407.0,1.0,2692.0,2715.0,2100.0,2502.0,282.0,592.0,8.434014044024549,1.763776516400425,3.313669084147706,49.68299182210787
2021-22,E92000001,England,England,National,45 and over,C2,1439.0,1146.0,292.0,280.0,12.0,491.0,1.0,242.0,249.0,219.0,320.0,27.0,89.0,11.084834805919103,2.2493201968925485,3.782247317377539,42.84467713787086
2021-22,E92000001,England,England,National,45 and over,D,13.0,9.0,4.0,4.0,0.0,5.0,0.0,3.0,2.0,2.0,1.0,1.0,0.0,33.163265306122454,10.204081632653061,12.755102040816327,55.55555555555556
2021-22,E92000001,England,England,National,45 and over,E,346.0,275.0,71.0,68.0,3.0,104.0,0.0,55.0,49.0,51.0,81.0,15.0,24.0,12.39876729018849,2.544255715616713,3.7267971045653265,37.81818181818182
2021-22,E92000001,England,England,National,45 and over,F1,1923.0,1559.0,364.0,336.0,28.0,758.0,0.0,369.0,389.0,290.0,392.0,32.0,87.0,13.546260161456205,2.564138688907987,5.339607489539159,48.620910840282235
2021-22,E92000001,England,England,National,45 and over,F2,472.0,400.0,71.0,68.0,3.0,129.0,1.0,60.0,69.0,77.0,150.0,11.0,33.0,20.524416228203677,3.087359220767926,5.609427316606514,32.25
2021-22,E92000001,England,England,National,45-49,A,63.0,40.0,23.0,23.0,0.0,16.0,0.0,6.0,10.0,10.0,11.0,2.0,1.0,5.858285289194718,2.1387390738329923,1.4878184861446904,40.0
2021-22,E92000001,England,England,National,45-49,A to F2,89.0,58.0,31.0,31.0,0.0,25.0,0.0,13.0,12.0,15.0,13.0,3.0,2.0,5.595724614900974,1.9490726186733731,1.5718327569946557,43.103448275862064
2021-22,E92000001,England,England,National,45-49,B,4.0,1.0,3.0,3.0,0.0,1.0,0.0,1.0,0.0,0.0,0.0,0.0,0.0,7.575757575757576,5.681818181818182,1.893939393939394,100.0
2021-22,E92000001,England,England,National,45-49,C1,14.0,10.0,4.0,4.0,0.0,4.0,0.0,2.0,2.0,5.0,0.0,1.0,0.0,3.6591740721380033,1.0454783063251436,1.0454783063251436,40.0
2021-22,E92000001,England,England,National,45-49,C2,1.0,1.0,0.0,0.0,0.0,1.0,0.0,1.0,0.0,0.0,0.0,0.0,0.0,10.526315789473683,0.0,10.526315789473683,100.0
2021-22,E92000001,England,England,National,45-49,D,0.0,0.0,0.0,0.0,0.0,0.0,0.0,0.0,0.0,0.0,0.0,0.0,0.0,0.0,0.0,0.0,z
2021-22,E92000001,England,England,National,45-49,E,7.0,6.0,1.0,1.0,0.0,3.0,0.0,3.0,0.0,0.0,2.0,0.0,1.0,10.510510510510512,1.5015015015015014,4.504504504504505,50.0
2021-22,E92000001,England,England,National,45-49,F1,0.0,0.0,0.0,0.0,0.0,0.0,0.0,0.0,0.0,0.0,0.0,0.0,0.0,0.0,0.0,0.0,z
2021-22,E92000001,England,England,National,45-49,F2,0.0,0.0,0.0,0.0,0.0,0.0,0.0,0.0,0.0,0.0,0.0,0.0,0.0,0.0,0.0,0.0,z
2021-22,E92000001,England,England,National,45-74,A,1592.0,1132.0,458.0,438.0,20.0,477.0,2.0,218.0,259.0,208.0,323.0,45.0,79.0,8.19689012460097,2.3581505509216356,2.4559777571825765,42.13780918727915
2021-22,E92000001,England,England,National,45-74,A to F2,19129.0,15047.0,4077.0,3879.0,198.0,7181.0,5.0,3537.0,3644.0,2875.0,3675.0,423.0,893.0,8.913714184263979,1.8997967865149377,3.346195909728665,47.7237987638732
2021-22,E92000001,England,England,National,45-74,B,605.0,489.0,115.0,109.0,6.0,179.0,1.0,80.0,99.0,88.0,143.0,26.0,53.0,11.365771181664476,2.160435844448619,3.3627653578808943,36.60531697341513
2021-22,E92000001,England,England,National,45-74,C1,13762.0,10883.0,2878.0,2743.0,135.0,5407.0,1.0,2692.0,2715.0,2100.0,2502.0,282.0,592.0,8.434024381574334,1.763778678256862,3.3136731457035626,49.68299182210787
2021-22,E92000001,England,England,National,45-74,C2,1439.0,1146.0,292.0,280.0,12.0,491.0,1.0,242.0,249.0,219.0,320.0,27.0,89.0,11.085090976319965,2.249372178655615,3.7823347250681745,42.84467713787086
2021-22,E92000001,England,England,National,45-74,D,13.0,9.0,4.0,4.0,0.0,5.0,0.0,3.0,2.0,2.0,1.0,1.0,0.0,33.59173126614987,10.335917312661499,12.919896640826872,55.55555555555556
2021-22,E92000001,England,England,National,45-74,E,321.0,255.0,66.0,63.0,3.0,94.0,0.0,50.0,44.0,49.0,76.0,14.0,22.0,11.984319581855516,2.4640657084188913,3.509426918051148,36.86274509803922
2021-22,E92000001,England,England,National,45-74,F1,1194.0,960.0,234.0,214.0,20.0,465.0,0.0,227.0,238.0,174.0,254.0,24.0,43.0,12.232854537630883,2.3973936028522838,4.764051390283384,48.4375
2021-22,E92000001,England,England,National,45-74,F2,203.0,173.0,30.0,28.0,2.0,63.0,0.0,25.0,38.0,35.0,56.0,4.0,15.0,16.567371256018934,2.448379988574227,5.141597976005876,36.41618497109826
2021-22,E92000001,England,England,National,50-52,A,1282.0,899.0,382.0,365.0,17.0,392.0,1.0,181.0,211.0,167.0,256.0,30.0,54.0,7.948366616860209,2.3683900527617783,2.430389792362872,43.60400444938821
2021-22,E92000001,England,England,National,50-52,A to F2,2226.0,1619.0,606.0,580.0,26.0,711.0,1.0,338.0,373.0,306.0,449.0,60.0,93.0,7.0776538817402255,1.926800652441409,2.2606522506367024,43.915997529339094
2021-22,E92000001,England,England,National,50-52,B,143.0,106.0,37.0,36.0,1.0,35.0,0.0,15.0,20.0,18.0,39.0,6.0,8.0,8.298032843962167,2.1470434631230777,2.03098705971102,33.0188679245283
2021-22,E92000001,England,England,National,50-52,C1,623.0,478.0,145.0,137.0,8.0,222.0,0.0,112.0,110.0,94.0,115.0,21.0,26.0,5.385779122541604,1.253511994813054,1.9191700886103307,46.44351464435147
2021-22,E92000001,England,England,National,50-52,C2,29.0,23.0,6.0,6.0,0.0,12.0,0.0,5.0,7.0,2.0,9.0,0.0,0.0,7.643647865050079,1.58144438587243,3.16288877174486,52.17391304347826
2021-22,E92000001,England,England,National,50-52,D,1.0,0.0,1.0,1.0,0.0,0.0,0.0,0.0,0.0,0.0,0.0,0.0,0.0,10.0,10.0,0.0,z
2021-22,E92000001,England,England,National,50-52,E,118.0,91.0,27.0,27.0,0.0,38.0,0.0,19.0,19.0,21.0,25.0,3.0,4.0,9.664209664209665,2.2113022113022116,3.112203112203112,41.75824175824176
2021-22,E92000001,England,England,National,50-52,F1,28.0,21.0,7.0,7.0,0.0,11.0,0.0,5.0,6.0,4.0,5.0,0.0,1.0,6.877916973716531,1.7194792434291328,2.702038811102923,52.38095238095239
2021-22,E92000001,England,England,National,50-52,F2,2.0,1.0,1.0,1.0,0.0,1.0,0.0,1.0,0.0,0.0,0.0,0.0,0.0,14.598540145985401,7.299270072992701,7.299270072992701,100.0
2021-22,E92000001,England,England,National,50<71,A,1517.0,1083.0,432.0,412.0,20.0,460.0,2.0,212.0,248.0,198.0,306.0,42.0,77.0,8.30077590640971,2.363833349748843,2.5170447705658976,42.47460757156048
2021-22,E92000001,England,England,National,50<71,A to F2,17949.0,14097.0,3847.0,3664.0,183.0,6735.0,5.0,3310.0,3425.0,2708.0,3409.0,399.0,846.0,8.710024462217012,1.866815093105401,3.268260892140597,47.77612257927218
2021-22,E92000001,England,England,National,50<71,B,597.0,484.0,112.0,106.0,6.0,178.0,1.0,79.0,99.0,87.0,142.0,26.0,51.0,11.345711625078394,2.128508713582546,3.3828084912294036,36.77685950413223
2021-22,E92000001,England,England,National,50<71,C1,13534.0,10695.0,2838.0,2708.0,130.0,5308.0,1.0,2638.0,2670.0,2064.0,2462.0,277.0,584.0,8.400633368279076,1.7615632849989666,3.294706806474459,49.63066853669939
2021-22,E92000001,England,England,National,50<71,C2,1410.0,1123.0,286.0,274.0,12.0,477.0,1.0,231.0,246.0,217.0,315.0,26.0,88.0,10.9921807395165,2.2296196393629213,3.718631356559837,42.47551202137132
2021-22,E92000001,England,England,National,50<71,D,12.0,8.0,4.0,4.0,0.0,4.0,0.0,3.0,1.0,2.0,1.0,1.0,0.0,32.96703296703297,10.989010989010989,10.989010989010989,50.0
2021-22,E92000001,England,England,National,50<71,E,293.0,231.0,62.0,59.0,3.0,83.0,0.0,42.0,41.0,47.0,69.0,13.0,19.0,11.643617866793834,2.4638372277857257,3.298362740422826,35.93073593073593
2021-22,E92000001,England,England,National,50<71,F1,467.0,369.0,98.0,86.0,12.0,186.0,0.0,90.0,96.0,70.0,83.0,11.0,19.0,9.02066834073788,1.8929882171141588,3.592814371257485,50.40650406504065
2021-22,E92000001,England,England,National,50<71,F2,119.0,104.0,15.0,15.0,0.0,39.0,0.0,15.0,24.0,23.0,31.0,3.0,8.0,13.653051858650757,1.7209729233593392,4.474529600734281,37.5
2021-22,E92000001,England,England,National,53-54,A,70.0,56.0,13.0,13.0,0.0,20.0,1.0,6.0,14.0,11.0,18.0,2.0,5.0,10.672358591248667,1.9820094526604668,3.049245311785333,35.714285714285715
2021-22,E92000001,England,England,National,53-54,A to F2,1458.0,1117.0,340.0,322.0,18.0,492.0,1.0,231.0,261.0,228.0,294.0,37.0,66.0,6.645881194617656,1.5497939685665316,2.2426430368668635,44.04655326768129
2021-22,E92000001,England,England,National,53-54,B,142.0,113.0,29.0,28.0,1.0,50.0,0.0,22.0,28.0,20.0,29.0,6.0,8.0,10.305537412003773,2.104652006676827,3.628710356339357,44.24778761061947
2021-22,E92000001,England,England,National,53-54,C1,1098.0,837.0,261.0,247.0,14.0,380.0,0.0,183.0,197.0,172.0,212.0,26.0,47.0,6.1531909170383985,1.4626437425747014,2.129519625204546,45.40023894862604
2021-22,E92000001,England,England,National,53-54,C2,65.0,54.0,11.0,10.0,1.0,15.0,0.0,8.0,7.0,11.0,22.0,1.0,5.0,6.73784596247538,1.1402508551881414,1.554887529802011,27.77777777777778
2021-22,E92000001,England,England,National,53-54,D,0.0,0.0,0.0,0.0,0.0,0.0,0.0,0.0,0.0,0.0,0.0,0.0,0.0,0.0,0.0,0.0,z
2021-22,E92000001,England,England,National,53-54,E,45.0,27.0,18.0,16.0,2.0,13.0,0.0,6.0,7.0,6.0,5.0,2.0,1.0,10.832932113625422,4.333172845450169,3.1295137217140105,48.148148148148145
2021-22,E92000001,England,England,National,53-54,F1,32.0,25.0,7.0,7.0,0.0,12.0,0.0,6.0,6.0,7.0,6.0,0.0,0.0,5.122458780214503,1.1205378581719225,1.9209220425804385,48.0
2021-22,E92000001,England,England,National,53-54,F2,6.0,5.0,1.0,1.0,0.0,2.0,0.0,0.0,2.0,1.0,2.0,0.0,0.0,11.834319526627219,1.9723865877712032,3.9447731755424065,40.0
2021-22,E92000001,England,England,National,55-59,A,57.0,42.0,15.0,14.0,1.0,19.0,0.0,11.0,8.0,3.0,9.0,4.0,7.0,8.730280287946087,2.297442181038444,2.910093429315362,45.23809523809524
2021-22,E92000001,England,England,National,55-59,A to F2,4058.0,3198.0,857.0,814.0,43.0,1439.0,3.0,722.0,717.0,642.0,808.0,101.0,208.0,7.421469224129102,1.567323589225885,2.6317137046628334,44.99687304565354
2021-22,E92000001,England,England,National,55-59,B,167.0,135.0,31.0,28.0,3.0,49.0,1.0,20.0,29.0,31.0,36.0,5.0,14.0,11.671792004473023,2.166620072686609,3.4246575342465753,36.2962962962963
2021-22,E92000001,England,England,National,55-59,C1,3218.0,2535.0,682.0,653.0,29.0,1173.0,1.0,602.0,571.0,509.0,628.0,77.0,148.0,6.969320263872586,1.477028098185551,2.540401699665178,46.27218934911242
2021-22,E92000001,England,England,National,55-59,C2,385.0,304.0,80.0,76.0,4.0,127.0,1.0,60.0,67.0,63.0,83.0,9.0,22.0,9.677743703182344,2.0109597305313964,3.1923985722185915,41.776315789473685
2021-22,E92000001,England,England,National,55-59,D,5.0,4.0,1.0,1.0,0.0,1.0,0.0,0.0,1.0,1.0,1.0,1.0,0.0,59.52380952380952,11.904761904761903,11.904761904761903,25.0
2021-22,E92000001,England,England,National,55-59,E,67.0,54.0,13.0,12.0,1.0,14.0,0.0,8.0,6.0,10.0,20.0,4.0,6.0,14.30401366353544,2.7754056362083688,2.9888983774551665,25.925925925925924
2021-22,E92000001,England,England,National,55-59,F1,122.0,92.0,30.0,25.0,5.0,44.0,0.0,16.0,28.0,18.0,22.0,1.0,7.0,7.303202633941933,1.7958695001496556,2.6339419335528285,47.82608695652174
2021-22,E92000001,England,England,National,55-59,F2,37.0,32.0,5.0,5.0,0.0,12.0,0.0,5.0,7.0,7.0,9.0,0.0,4.0,12.491559756921,1.688048615800135,4.051316677920324,37.5
2021-22,E92000001,England,England,National,60-64,A,64.0,48.0,16.0,14.0,2.0,19.0,0.0,10.0,9.0,7.0,14.0,4.0,4.0,13.411567476948868,3.352891869237217,3.981559094719195,39.58333333333333
2021-22,E92000001,England,England,National,60-64,A to F2,4459.0,3541.0,918.0,875.0,43.0,1730.0,0.0,859.0,871.0,667.0,828.0,95.0,221.0,9.319775522787362,1.9187158398562008,3.6158806132366315,48.85625529511437
2021-22,E92000001,England,England,National,60-64,B,85.0,78.0,7.0,7.0,0.0,22.0,0.0,13.0,9.0,12.0,25.0,7.0,12.0,17.52577319587629,1.443298969072165,4.536082474226804,28.205128205128204
2021-22,E92000001,England,England,National,60-64,C1,3696.0,2917.0,779.0,743.0,36.0,1475.0,0.0,725.0,750.0,554.0,664.0,66.0,158.0,8.949542595076782,1.886280757999138,3.5715842336954156,50.56564964004113
2021-22,E92000001,England,England,National,60-64,C2,409.0,322.0,87.0,84.0,3.0,143.0,0.0,74.0,69.0,57.0,82.0,7.0,33.0,10.837595060812424,2.3053075068231803,3.7891836031691355,44.409937888198755
2021-22,E92000001,England,England,National,60-64,D,4.0,4.0,0.0,0.0,0.0,3.0,0.0,3.0,0.0,1.0,0.0,0.0,0.0,72.72727272727272,0.0,54.54545454545454,75.0
2021-22,E92000001,England,England,National,60-64,E,39.0,36.0,3.0,3.0,0.0,9.0,0.0,6.0,3.0,5.0,13.0,3.0,6.0,15.694164989939637,1.2072434607645874,3.6217303822937628,25.0
2021-22,E92000001,England,England,National,60-64,F1,121.0,99.0,22.0,20.0,2.0,49.0,0.0,26.0,23.0,19.0,20.0,7.0,4.0,9.425144103442904,1.7136625642623462,3.8167938931297707,49.494949494949495
2021-22,E92000001,England,England,National,60-64,F2,41.0,37.0,4.0,4.0,0.0,10.0,0.0,2.0,8.0,12.0,10.0,1.0,4.0,15.051395007342144,1.4684287812041115,3.671071953010279,27.027027027027028
2021-22,E92000001,England,England,National,65-70,A,44.0,38.0,6.0,6.0,0.0,10.0,0.0,4.0,6.0,10.0,9.0,2.0,7.0,12.212045517624201,1.6652789342214822,2.775464890369137,26.31578947368421
2021-22,E92000001,England,England,National,65-70,A to F2,5748.0,4622.0,1126.0,1073.0,53.0,2363.0,0.0,1160.0,1203.0,865.0,1030.0,106.0,258.0,11.459398680614118,2.2448300129386736,4.7109532154299165,51.1250540891389
2021-22,E92000001,England,England,National,65-70,B,60.0,52.0,8.0,7.0,1.0,22.0,0.0,9.0,13.0,6.0,13.0,2.0,9.0,24.49979583503471,3.2666394446712945,8.98325847284606,42.30769230769231
2021-22,E92000001,England,England,National,65-70,C1,4899.0,3928.0,971.0,928.0,43.0,2058.0,0.0,1016.0,1042.0,735.0,843.0,87.0,205.0,11.077945865273726,2.1956900255523144,4.653686995454854,52.39307535641547
2021-22,E92000001,England,England,National,65-70,C2,522.0,420.0,102.0,98.0,4.0,180.0,0.0,84.0,96.0,84.0,119.0,9.0,28.0,13.990512181394227,2.7337782423414003,4.824314545308353,42.857142857142854
2021-22,E92000001,England,England,National,65-70,D,2.0,0.0,2.0,2.0,0.0,0.0,0.0,0.0,0.0,0.0,0.0,0.0,0.0,25.64102564102564,25.64102564102564,0.0,z
2021-22,E92000001,England,England,National,65-70,E,24.0,23.0,1.0,1.0,0.0,9.0,0.0,3.0,6.0,5.0,6.0,1.0,2.0,14.714898835070509,0.6131207847946045,5.518087063151441,39.130434782608695
2021-22,E92000001,England,England,National,65-70,F1,164.0,132.0,32.0,27.0,5.0,70.0,0.0,37.0,33.0,22.0,30.0,3.0,7.0,13.771097489293812,2.687043412545134,5.8779074649424805,53.03030303030303
2021-22,E92000001,England,England,National,65-70,F2,33.0,29.0,4.0,4.0,0.0,14.0,0.0,7.0,7.0,3.0,10.0,2.0,0.0,13.830678960603521,1.6764459346186085,5.86756077116513,48.275862068965516
2021-22,E92000001,England,England,National,Over 70,A,12.0,9.0,3.0,3.0,0.0,1.0,0.0,0.0,1.0,0.0,6.0,1.0,1.0,16.830294530154276,4.207573632538569,1.402524544179523,11.11111111111111
2021-22,E92000001,England,England,National,Over 70,A to F2,2114.0,1738.0,375.0,351.0,24.0,790.0,1.0,396.0,394.0,312.0,490.0,37.0,109.0,16.829334309869918,2.985336029423472,6.289107901985448,45.45454545454545
2021-22,E92000001,England,England,National,Over 70,B,4.0,4.0,0.0,0.0,0.0,0.0,0.0,0.0,0.0,1.0,1.0,0.0,2.0,47.61904761904761,0.0,0.0,0.0
2021-22,E92000001,England,England,National,Over 70,C1,214.0,178.0,36.0,31.0,5.0,95.0,0.0,52.0,43.0,31.0,40.0,4.0,8.0,12.714633711603588,2.1389103440080803,5.644346741132434,53.37078651685393
2021-22,E92000001,England,England,National,Over 70,C2,28.0,22.0,6.0,6.0,0.0,13.0,0.0,10.0,3.0,2.0,5.0,1.0,1.0,19.32367149758454,4.140786749482402,8.971704623878535,59.09090909090909
2021-22,E92000001,England,England,National,Over 70,D,1.0,1.0,0.0,0.0,0.0,1.0,0.0,0.0,1.0,0.0,0.0,0.0,0.0,50.0,0.0,50.0,100.0
2021-22,E92000001,England,England,National,Over 70,E,46.0,38.0,8.0,8.0,0.0,18.0,0.0,10.0,8.0,4.0,10.0,2.0,4.0,22.157996146435455,3.8535645472061657,8.670520231213873,47.368421052631575
2021-22,E92000001,England,England,National,Over 70,F1,1456.0,1190.0,266.0,250.0,16.0,572.0,0.0,279.0,293.0,220.0,309.0,21.0,68.0,16.148530993866665,2.950212393110256,6.344065747590475,48.0672268907563
2021-22,E92000001,England,England,National,Over 70,F2,353.0,296.0,56.0,53.0,3.0,90.0,1.0,45.0,45.0,54.0,119.0,8.0,25.0,24.723350609329035,3.9221179436895928,6.303403838072559,30.405405405405407
2022-23,E92000001,England,England,National,45 and over,A,1642.0,1148.0,491.0,474.0,17.0,458.0,3.0,231.0,227.0,202.0,331.0,51.0,106.0,8.083851497383334,2.4172783710202292,2.2548136332530855,39.89547038327526
2022-23,E92000001,England,England,National,45 and over,A to F2,18942.0,15030.0,3900.0,3736.0,164.0,7105.0,12.0,3519.0,3586.0,2739.0,3767.0,444.0,975.0,8.701540202934874,1.7915746379181718,3.2638814877970797,47.27212242182302
2022-23,E92000001,England,England,National,45 and over,B,617.0,485.0,132.0,127.0,5.0,172.0,0.0,94.0,78.0,87.0,151.0,23.0,52.0,10.962847142019509,2.3453741049377235,3.056093530676427,35.4639175257732
2022-23,E92000001,England,England,National,45 and over,C1,12081.0,9645.0,2428.0,2318.0,110.0,4814.0,8.0,2389.0,2425.0,1800.0,2291.0,230.0,510.0,7.763684771648959,1.5603200584027541,3.0936494073932694,49.91187143597719
2022-23,E92000001,England,England,National,45 and over,C2,1515.0,1202.0,312.0,299.0,13.0,538.0,1.0,259.0,279.0,200.0,318.0,36.0,110.0,10.501871620684874,2.162761680299459,3.7293775128240676,44.75873544093178
2022-23,E92000001,England,England,National,45 and over,D,19.0,10.0,9.0,8.0,1.0,10.0,0.0,5.0,5.0,0.0,0.0,0.0,0.0,35.44776119402985,16.791044776119403,18.656716417910445,100.0
2022-23,E92000001,England,England,National,45 and over,E,400.0,322.0,78.0,75.0,3.0,120.0,0.0,49.0,71.0,53.0,99.0,17.0,33.0,12.24927269943347,2.388608176389527,3.6747818098300415,37.267080745341616
2022-23,E92000001,England,England,National,45 and over,F1,2003.0,1662.0,341.0,329.0,12.0,778.0,0.0,392.0,386.0,295.0,415.0,57.0,117.0,13.430604075447407,2.286488262470078,5.21667996540094,46.81107099879663
2022-23,E92000001,England,England,National,45 and over,F2,665.0,556.0,109.0,106.0,3.0,215.0,0.0,100.0,115.0,102.0,162.0,30.0,47.0,19.12293314162473,3.134435657800144,6.1826024442846865,38.669064748201436
2022-23,E92000001,England,England,National,45-49,A,157.0,107.0,49.0,48.0,1.0,45.0,1.0,23.0,22.0,16.0,30.0,6.0,10.0,7.227695423994107,2.2557775527115367,2.071632446367738,42.05607476635514
2022-23,E92000001,England,England,National,45-49,A to F2,163.0,112.0,50.0,49.0,1.0,47.0,1.0,23.0,24.0,17.0,32.0,6.0,10.0,7.040732581745929,2.1597339207809596,2.0301498855341022,41.964285714285715
2022-23,E92000001,England,England,National,45-49,B,1.0,1.0,0.0,0.0,0.0,1.0,0.0,0.0,1.0,0.0,0.0,0.0,0.0,5.4945054945054945,0.0,5.4945054945054945,100.0
2022-23,E92000001,England,England,National,45-49,C1,3.0,2.0,1.0,1.0,0.0,0.0,0.0,0.0,0.0,1.0,1.0,0.0,0.0,2.7726432532347505,0.9242144177449169,0.0,0.0
2022-23,E92000001,England,England,National,45-49,C2,0.0,0.0,0.0,0.0,0.0,0.0,0.0,0.0,0.0,0.0,0.0,0.0,0.0,0.0,0.0,0.0,z
2022-23,E92000001,England,England,National,45-49,D,0.0,0.0,0.0,0.0,0.0,0.0,0.0,0.0,0.0,0.0,0.0,0.0,0.0,z,z,z,z
2022-23,E92000001,England,England,National,45-49,E,2.0,2.0,0.0,0.0,0.0,1.0,0.0,0.0,1.0,0.0,1.0,0.0,0.0,17.857142857142858,0.0,8.928571428571429,50.0
2022-23,E92000001,England,England,National,45-49,F1,0.0,0.0,0.0,0.0,0.0,0.0,0.0,0.0,0.0,0.0,0.0,0.0,0.0,0.0,0.0,0.0,z
2022-23,E92000001,England,England,National,45-49,F2,0.0,0.0,0.0,0.0,0.0,0.0,0.0,0.0,0.0,0.0,0.0,0.0,0.0,0.0,0.0,0.0,z
2022-23,E92000001,England,England,National,45-74,A,1642.0,1148.0,491.0,474.0,17.0,458.0,3.0,231.0,227.0,202.0,331.0,51.0,106.0,8.083891295785742,2.417290271760536,2.2548247341473022,39.89547038327526
2022-23,E92000001,England,England,National,45-74,A to F2,17747.0,14016.0,3719.0,3560.0,159.0,6642.0,12.0,3298.0,3344.0,2557.0,3526.0,402.0,889.0,8.394350474893102,1.759091081091308,3.1416732886820298,47.388698630136986
2022-23,E92000001,England,England,National,45-74,B,617.0,485.0,132.0,127.0,5.0,172.0,0.0,94.0,78.0,87.0,151.0,23.0,52.0,10.962847142019509,2.3453741049377235,3.056093530676427,35.4639175257732
2022-23,E92000001,England,England,National,45-74,C1,12081.0,9645.0,2428.0,2318.0,110.0,4814.0,8.0,2389.0,2425.0,1800.0,2291.0,230.0,510.0,7.763689760875014,1.5603210611211435,3.093651395484837,49.91187143597719
2022-23,E92000001,England,England,National,45-74,C2,1515.0,1202.0,312.0,299.0,13.0,538.0,1.0,259.0,279.0,200.0,318.0,36.0,110.0,10.501944419412307,2.1627766725126336,3.7294033647814,44.75873544093178
2022-23,E92000001,England,England,National,45-74,D,17.0,10.0,7.0,6.0,1.0,10.0,0.0,5.0,5.0,0.0,0.0,0.0,0.0,32.62955854126679,13.435700575815739,19.193857965451055,100.0
2022-23,E92000001,England,England,National,45-74,E,370.0,298.0,72.0,69.0,3.0,115.0,0.0,45.0,70.0,45.0,92.0,16.0,30.0,11.841136749127916,2.3042212052357027,3.680353313918136,38.59060402684564
2022-23,E92000001,England,England,National,45-74,F1,1233.0,1008.0,225.0,217.0,8.0,453.0,0.0,232.0,221.0,186.0,272.0,33.0,64.0,11.876667597792268,2.1672751090861806,4.363447219626843,44.94047619047619
2022-23,E92000001,England,England,National,45-74,F2,272.0,220.0,52.0,50.0,2.0,82.0,0.0,43.0,39.0,37.0,71.0,13.0,17.0,14.44887118193891,2.7622841965471445,4.355909694555113,37.27272727272727
2022-23,E92000001,England,England,National,50-52,A,1280.0,892.0,386.0,373.0,13.0,352.0,2.0,177.0,175.0,162.0,259.0,43.0,76.0,7.851989988712765,2.367865730971193,2.1592972468960103,39.46188340807175
2022-23,E92000001,England,England,National,50-52,A to F2,2195.0,1570.0,623.0,598.0,25.0,634.0,2.0,304.0,330.0,300.0,457.0,65.0,114.0,7.011054788438627,1.9899258010010317,2.025060927503458,40.382165605095544
2022-23,E92000001,England,England,National,50-52,B,154.0,120.0,34.0,33.0,1.0,41.0,0.0,22.0,19.0,21.0,44.0,9.0,5.0,8.900705120795283,1.9650907409548029,2.3696682464454977,34.166666666666664
2022-23,E92000001,England,England,National,50-52,C1,582.0,428.0,154.0,145.0,9.0,186.0,0.0,83.0,103.0,93.0,118.0,9.0,22.0,5.273267613801102,1.3953319802841404,1.685271093070455,43.45794392523364
2022-23,E92000001,England,England,National,50-52,C2,22.0,14.0,8.0,7.0,1.0,5.0,0.0,4.0,1.0,3.0,3.0,0.0,3.0,5.879208979155532,2.137894174238375,1.3361838588989845,35.714285714285715
2022-23,E92000001,England,England,National,50-52,D,0.0,0.0,0.0,0.0,0.0,0.0,0.0,0.0,0.0,0.0,0.0,0.0,0.0,0.0,0.0,0.0,z
2022-23,E92000001,England,England,National,50-52,E,129.0,97.0,32.0,31.0,1.0,39.0,0.0,14.0,25.0,20.0,27.0,3.0,8.0,9.173007181966863,2.27547464979023,2.7732347294318425,40.20618556701031
2022-23,E92000001,England,England,National,50-52,F1,23.0,15.0,8.0,8.0,0.0,8.0,0.0,4.0,4.0,1.0,5.0,1.0,0.0,5.460588793922128,1.8993352326685662,1.8993352326685662,53.333333333333336
2022-23,E92000001,England,England,National,50-52,F2,5.0,4.0,1.0,1.0,0.0,3.0,0.0,0.0,3.0,0.0,1.0,0.0,0.0,18.656716417910445,3.7313432835820897,11.194029850746269,75.0
2022-23,E92000001,England,England,National,50<71,A,1474.0,1031.0,441.0,425.0,16.0,408.0,2.0,206.0,202.0,184.0,301.0,45.0,93.0,8.160779537149818,2.4415900786180935,2.2588860591296647,39.57322987390883
2022-23,E92000001,England,England,National,50<71,A to F2,16662.0,13135.0,3516.0,3364.0,152.0,6251.0,11.0,3093.0,3158.0,2387.0,3294.0,373.0,830.0,8.203472911848854,1.7310893505017746,3.0776562940803736,47.59040730871717
2022-23,E92000001,England,England,National,50<71,B,616.0,484.0,132.0,127.0,5.0,171.0,0.0,94.0,77.0,87.0,151.0,23.0,52.0,10.991756182862854,2.355376324899183,3.0512829663466685,35.33057851239669
2022-23,E92000001,England,England,National,50<71,C1,11978.0,9567.0,2403.0,2293.0,110.0,4781.0,8.0,2373.0,2408.0,1775.0,2276.0,230.0,505.0,7.7392409496173995,1.5526294875547344,3.0891059425714467,49.97386850632382
2022-23,E92000001,England,England,National,50<71,C2,1504.0,1191.0,312.0,299.0,13.0,534.0,1.0,258.0,276.0,199.0,313.0,35.0,110.0,10.486828710482644,2.1754591473873575,3.7233820022591306,44.83627204030227
2022-23,E92000001,England,England,National,50<71,D,15.0,9.0,6.0,6.0,0.0,9.0,0.0,5.0,4.0,0.0,0.0,0.0,0.0,30.303030303030305,12.121212121212121,18.18181818181818,100.0
2022-23,E92000001,England,England,National,50<71,E,343.0,274.0,69.0,67.0,2.0,107.0,0.0,44.0,63.0,41.0,83.0,16.0,27.0,11.407855788738484,2.294874779658762,3.558718861209964,39.05109489051095
2022-23,E92000001,England,England,National,50<71,F1,560.0,442.0,118.0,114.0,4.0,186.0,0.0,87.0,99.0,78.0,129.0,16.0,33.0,9.529157520377082,2.007929620365171,3.1650416049823877,42.081447963800905
2022-23,E92000001,England,England,National,50<71,F2,172.0,137.0,35.0,33.0,2.0,55.0,0.0,26.0,29.0,23.0,41.0,8.0,10.0,12.29889166964605,2.502681444404719,3.9327851269217016,40.14598540145985
2022-23,E92000001,England,England,National,53-54,A,39.0,28.0,11.0,10.0,1.0,15.0,0.0,9.0,6.0,3.0,7.0,0.0,3.0,9.285714285714286,2.619047619047619,3.571428571428571,53.57142857142857
2022-23,E92000001,England,England,National,53-54,A to F2,1268.0,985.0,283.0,273.0,10.0,446.0,0.0,223.0,223.0,174.0,273.0,28.0,64.0,5.930193947273654,1.323536977191202,2.0858568615804804,45.27918781725888
2022-23,E92000001,England,England,National,53-54,B,162.0,127.0,35.0,33.0,2.0,54.0,0.0,28.0,26.0,17.0,34.0,7.0,15.0,10.67897165458141,2.3071852340145025,3.5596572181938035,42.51968503937008
2022-23,E92000001,England,England,National,53-54,C1,879.0,672.0,207.0,200.0,7.0,313.0,0.0,161.0,152.0,122.0,186.0,15.0,36.0,5.151165311970745,1.2130730598156365,1.8342602305424838,46.577380952380956
2022-23,E92000001,England,England,National,53-54,C2,70.0,57.0,13.0,13.0,0.0,27.0,0.0,10.0,17.0,10.0,16.0,2.0,2.0,7.2727272727272725,1.3506493506493507,2.8051948051948052,47.368421052631575
2022-23,E92000001,England,England,National,53-54,D,0.0,0.0,0.0,0.0,0.0,0.0,0.0,0.0,0.0,0.0,0.0,0.0,0.0,0.0,0.0,0.0,z
2022-23,E92000001,England,England,National,53-54,E,65.0,58.0,7.0,7.0,0.0,23.0,0.0,11.0,12.0,10.0,17.0,1.0,7.0,11.99483299501753,1.2917512456172724,4.244325521313896,39.6551724137931
2022-23,E92000001,England,England,National,53-54,F1,48.0,40.0,8.0,8.0,0.0,13.0,0.0,4.0,9.0,11.0,12.0,3.0,1.0,6.07748797163839,1.0129146619397316,1.6459863256520637,32.5
2022-23,E92000001,England,England,National,53-54,F2,5.0,3.0,2.0,2.0,0.0,1.0,0.0,0.0,1.0,1.0,1.0,0.0,0.0,6.20347394540943,2.4813895781637716,1.2406947890818858,33.33333333333333
2022-23,E92000001,England,England,National,55-59,A,58.0,42.0,16.0,15.0,1.0,18.0,0.0,6.0,12.0,9.0,13.0,0.0,2.0,10.92073055921672,3.0126153266804745,3.389192242515534,42.857142857142854
2022-23,E92000001,England,England,National,55-59,A to F2,3768.0,2911.0,852.0,815.0,37.0,1379.0,5.0,669.0,710.0,538.0,744.0,88.0,162.0,7.080603880802318,1.6010282660412885,2.591335655951804,47.3720371006527
2022-23,E92000001,England,England,National,55-59,B,162.0,129.0,33.0,31.0,2.0,39.0,0.0,24.0,15.0,32.0,40.0,3.0,15.0,10.861548776399598,2.212537713711029,2.6148172980221256,30.23255813953488
2022-23,E92000001,England,England,National,55-59,C1,2864.0,2221.0,639.0,612.0,27.0,1100.0,4.0,532.0,568.0,418.0,532.0,61.0,110.0,6.561087527748315,1.4638739281533424,2.5199707683390873,49.52723998199009
2022-23,E92000001,England,England,National,55-59,C2,362.0,277.0,84.0,81.0,3.0,127.0,1.0,60.0,67.0,47.0,78.0,9.0,16.0,8.232886058676371,1.9103934500795996,2.888332954287014,45.84837545126354
2022-23,E92000001,England,England,National,55-59,D,5.0,4.0,1.0,1.0,0.0,4.0,0.0,3.0,1.0,0.0,0.0,0.0,0.0,39.682539682539684,7.936507936507936,31.746031746031743,100.0
2022-23,E92000001,England,England,National,55-59,E,82.0,64.0,18.0,17.0,1.0,26.0,0.0,12.0,14.0,7.0,21.0,6.0,4.0,14.36077057793345,3.1523642732049035,4.553415061295972,40.625
2022-23,E92000001,England,England,National,55-59,F1,191.0,141.0,50.0,48.0,2.0,56.0,0.0,28.0,28.0,21.0,44.0,7.0,13.0,9.210145626386343,2.411032886488572,2.7003568328672003,39.71631205673759
2022-23,E92000001,England,England,National,55-59,F2,44.0,33.0,11.0,10.0,1.0,9.0,0.0,4.0,5.0,4.0,16.0,2.0,2.0,9.025641025641026,2.2564102564102564,1.846153846153846,27.27272727272727
2022-23,E92000001,England,England,National,60-64,A,45.0,27.0,18.0,17.0,1.0,8.0,0.0,5.0,3.0,4.0,7.0,2.0,6.0,10.05361930294906,4.021447721179625,1.7873100983020553,29.629629629629626
2022-23,E92000001,England,England,National,60-64,A to F2,4168.0,3366.0,801.0,771.0,30.0,1648.0,1.0,800.0,848.0,590.0,826.0,92.0,210.0,8.574808414339351,1.647893843542663,3.390423288587152,48.96019013666073
2022-23,E92000001,England,England,National,60-64,B,78.0,65.0,13.0,13.0,0.0,24.0,0.0,14.0,10.0,11.0,20.0,2.0,8.0,13.64590622813156,2.2743177046885936,4.198740377886634,36.92307692307693
2022-23,E92000001,England,England,National,60-64,C1,3326.0,2697.0,628.0,601.0,27.0,1362.0,1.0,663.0,699.0,475.0,648.0,64.0,148.0,8.111700506066704,1.5316139259801231,3.3217486738613498,50.50055617352614
2022-23,E92000001,England,England,National,60-64,C2,450.0,356.0,94.0,93.0,1.0,158.0,0.0,74.0,84.0,61.0,98.0,10.0,29.0,10.310695628265053,2.153789753459811,3.6201997983686187,44.38202247191011
2022-23,E92000001,England,England,National,60-64,D,6.0,3.0,3.0,3.0,0.0,3.0,0.0,1.0,2.0,0.0,0.0,0.0,0.0,65.93406593406594,32.96703296703297,32.96703296703297,100.0
2022-23,E92000001,England,England,National,60-64,E,35.0,30.0,5.0,5.0,0.0,9.0,0.0,3.0,6.0,2.0,8.0,6.0,5.0,11.524530786960815,1.6463615409944024,2.9634507737899245,30.0
2022-23,E92000001,England,England,National,60-64,F1,163.0,133.0,30.0,30.0,0.0,57.0,0.0,27.0,30.0,28.0,35.0,3.0,10.0,11.094473182684455,2.0419275796351757,3.8796624013068337,42.857142857142854
2022-23,E92000001,England,England,National,60-64,F2,65.0,55.0,10.0,9.0,1.0,27.0,0.0,13.0,14.0,9.0,10.0,5.0,4.0,14.792899408284024,2.2758306781975417,6.144742831133364,49.09090909090909
2022-23,E92000001,England,England,National,65-70,A,52.0,42.0,10.0,10.0,0.0,15.0,0.0,9.0,6.0,6.0,15.0,0.0,6.0,14.376555156206802,2.764722145424385,4.1470832181365775,35.714285714285715
2022-23,E92000001,England,England,National,65-70,A to F2,5263.0,4303.0,957.0,907.0,50.0,2144.0,3.0,1097.0,1047.0,785.0,994.0,100.0,280.0,10.830109474030785,1.9692978845995555,4.411885751913738,49.82570299790844
2022-23,E92000001,England,England,National,65-70,B,60.0,43.0,17.0,17.0,0.0,13.0,0.0,6.0,7.0,6.0,13.0,2.0,9.0,20.41510717931269,5.784280367471929,4.423273222184417,30.23255813953488
2022-23,E92000001,England,England,National,65-70,C1,4327.0,3549.0,775.0,735.0,40.0,1820.0,3.0,934.0,886.0,667.0,792.0,81.0,189.0,10.298702844222301,1.844579316910627,4.331786266809472,51.28205128205128
2022-23,E92000001,England,England,National,65-70,C2,600.0,487.0,113.0,105.0,8.0,217.0,0.0,110.0,107.0,78.0,118.0,14.0,60.0,14.138605462214578,2.6627706953837453,5.113462308834271,44.558521560574945
2022-23,E92000001,England,England,National,65-70,D,4.0,2.0,2.0,2.0,0.0,2.0,0.0,1.0,1.0,0.0,0.0,0.0,0.0,36.36363636363636,18.18181818181818,18.18181818181818,100.0
2022-23,E92000001,England,England,National,65-70,E,32.0,25.0,7.0,7.0,0.0,10.0,0.0,4.0,6.0,2.0,10.0,0.0,3.0,17.410228509249183,3.808487486398259,5.4406964091403704,40.0
2022-23,E92000001,England,England,National,65-70,F1,135.0,113.0,22.0,20.0,2.0,52.0,0.0,24.0,28.0,17.0,33.0,2.0,9.0,12.02458359312372,1.959561770731273,4.631691458092099,46.017699115044245
2022-23,E92000001,England,England,National,65-70,F2,53.0,42.0,11.0,11.0,0.0,15.0,0.0,9.0,6.0,9.0,13.0,1.0,4.0,14.552443712246019,3.020318506315211,4.118616144975288,35.714285714285715
2022-23,E92000001,England,England,National,Over 70,A,11.0,10.0,1.0,1.0,0.0,5.0,0.0,2.0,3.0,2.0,0.0,0.0,3.0,14.120667522464698,1.2836970474967906,6.418485237483954,50.0
2022-23,E92000001,England,England,National,Over 70,A to F2,2117.0,1783.0,334.0,323.0,11.0,807.0,0.0,403.0,404.0,335.0,441.0,65.0,135.0,17.265565106757794,2.7239956285579137,6.581630156425857,45.26079641054403
2022-23,E92000001,England,England,National,Over 70,B,0.0,0.0,0.0,0.0,0.0,0.0,0.0,0.0,0.0,0.0,0.0,0.0,0.0,0.0,0.0,0.0,z
2022-23,E92000001,England,England,National,Over 70,C1,100.0,76.0,24.0,24.0,0.0,33.0,0.0,16.0,17.0,24.0,14.0,0.0,5.0,13.676148796498905,3.282275711159737,4.51312910284464,43.42105263157895
2022-23,E92000001,England,England,National,Over 70,C2,11.0,11.0,0.0,0.0,0.0,4.0,0.0,1.0,3.0,1.0,5.0,1.0,0.0,13.784461152882205,0.0,5.012531328320802,36.36363636363637
2022-23,E92000001,England,England,National,Over 70,D,4.0,1.0,3.0,2.0,1.0,1.0,0.0,0.0,1.0,0.0,0.0,0.0,0.0,97.5609756097561,73.17073170731707,24.390243902439025,100.0
2022-23,E92000001,England,England,National,Over 70,E,55.0,46.0,9.0,8.0,1.0,12.0,0.0,5.0,7.0,12.0,15.0,1.0,6.0,22.21324717285945,3.634894991922456,4.846526655896607,26.08695652173913
2022-23,E92000001,England,England,National,Over 70,F1,1443.0,1220.0,223.0,215.0,8.0,592.0,0.0,305.0,287.0,217.0,286.0,41.0,84.0,15.969102056174053,2.467851530510613,6.551426484584228,48.52459016393443
2022-23,E92000001,England,England,National,Over 70,F2,493.0,419.0,74.0,73.0,1.0,160.0,0.0,74.0,86.0,79.0,121.0,22.0,37.0,23.714464380201065,3.5595747751214586,7.696377892154505,38.18615751789976
2023-24,E92000001,England,England,National,45 and over,A,1924.0,1389.0,535.0,518.0,17.0,584.0,0.0,271.0,313.0,267.0,412.0,47.0,79.0,7.711670113670979,2.144357334102897,2.340756417039424,42.04463642908568
2023-24,E92000001,England,England,National,45 and over,A to F2,16677.0,13191.0,3482.0,3323.0,159.0,6161.0,4.0,3008.0,3153.0,2445.0,3411.0,409.0,765.0,8.546509214517535,1.7844303582748728,3.1573450423123184,46.70608748389053
2023-24,E92000001,England,England,National,45 and over,B,815.0,624.0,190.0,182.0,8.0,240.0,1.0,117.0,123.0,105.0,203.0,30.0,46.0,11.214001678660374,2.614307139810394,3.3022827029183923,38.46153846153847
2023-24,E92000001,England,England,National,45 and over,C1,9110.0,7237.0,1870.0,1779.0,91.0,3669.0,3.0,1806.0,1863.0,1339.0,1694.0,189.0,346.0,7.221407072539867,1.48233054068601,2.908380082233674,50.6978029570264
2023-24,E92000001,England,England,National,45 and over,C2,2358.0,1896.0,462.0,443.0,19.0,843.0,0.0,428.0,415.0,361.0,487.0,61.0,144.0,11.90975256201102,2.333462970165009,4.257812302703686,44.462025316455694
2023-24,E92000001,England,England,National,45 and over,D,19.0,12.0,7.0,7.0,0.0,9.0,0.0,6.0,3.0,2.0,1.0,0.0,0.0,36.60886319845857,13.48747591522158,17.341040462427745,75.0
2023-24,E92000001,England,England,National,45 and over,E,402.0,325.0,77.0,75.0,2.0,124.0,0.0,54.0,70.0,45.0,116.0,18.0,22.0,11.66942436645476,2.2351882492960606,3.599523933931319,38.15384615384615
2023-24,E92000001,England,England,National,45 and over,F1,1183.0,979.0,204.0,188.0,16.0,424.0,0.0,212.0,212.0,181.0,276.0,31.0,67.0,12.94169128104146,2.231703314735806,4.638442183568538,43.30949948927477
2023-24,E92000001,England,England,National,45 and over,F2,866.0,729.0,137.0,131.0,6.0,268.0,0.0,114.0,154.0,145.0,222.0,33.0,61.0,20.018492834026816,3.1668978270920016,6.195099398982895,36.762688614540465
2023-24,E92000001,England,England,National,45-49,A,190.0,144.0,46.0,46.0,0.0,47.0,0.0,24.0,23.0,33.0,48.0,7.0,9.0,6.575076997612209,1.5918607467903243,1.6264664151988095,32.63888888888889
2023-24,E92000001,England,England,National,45-49,A to F2,192.0,145.0,47.0,47.0,0.0,47.0,0.0,24.0,23.0,34.0,48.0,7.0,9.0,6.584813773235476,1.6119075382399342,1.6119075382399342,32.41379310344827
2023-24,E92000001,England,England,National,45-49,B,0.0,0.0,0.0,0.0,0.0,0.0,0.0,0.0,0.0,0.0,0.0,0.0,0.0,0.0,0.0,0.0,z
2023-24,E92000001,England,England,National,45-49,C1,0.0,0.0,0.0,0.0,0.0,0.0,0.0,0.0,0.0,0.0,0.0,0.0,0.0,0.0,0.0,0.0,z
2023-24,E92000001,England,England,National,45-49,C2,0.0,0.0,0.0,0.0,0.0,0.0,0.0,0.0,0.0,0.0,0.0,0.0,0.0,0.0,0.0,0.0,z
2023-24,E92000001,England,England,National,45-49,D,0.0,0.0,0.0,0.0,0.0,0.0,0.0,0.0,0.0,0.0,0.0,0.0,0.0,0.0,0.0,0.0,z
2023-24,E92000001,England,England,National,45-49,E,2.0,1.0,1.0,1.0,0.0,0.0,0.0,0.0,0.0,1.0,0.0,0.0,0.0,10.416666666666666,5.208333333333333,0.0,0.0
2023-24,E92000001,England,England,National,45-49,F1,0.0,0.0,0.0,0.0,0.0,0.0,0.0,0.0,0.0,0.0,0.0,0.0,0.0,0.0,0.0,0.0,z
2023-24,E92000001,England,England,National,45-49,F2,0.0,0.0,0.0,0.0,0.0,0.0,0.0,0.0,0.0,0.0,0.0,0.0,0.0,z,z,z,z
2023-24,E92000001,England,England,National,45-74,A,1924.0,1389.0,535.0,518.0,17.0,584.0,0.0,271.0,313.0,267.0,412.0,47.0,79.0,7.711701023283405,2.1443659290315082,2.3407657991671043,42.04463642908568
2023-24,E92000001,England,England,National,45-74,A to F2,15783.0,12427.0,3352.0,3199.0,153.0,5880.0,4.0,2883.0,2997.0,2288.0,3186.0,373.0,700.0,8.27316162884258,1.7570574529481295,3.082189088107101,47.31632735173413
2023-24,E92000001,England,England,National,45-74,B,815.0,624.0,190.0,182.0,8.0,240.0,1.0,117.0,123.0,105.0,203.0,30.0,46.0,11.214001678660374,2.614307139810394,3.3022827029183923,38.46153846153847
2023-24,E92000001,England,England,National,45-74,C1,9110.0,7237.0,1870.0,1779.0,91.0,3669.0,3.0,1806.0,1863.0,1339.0,1694.0,189.0,346.0,7.221412796882506,1.4823317157157283,2.908382387679683,50.6978029570264
2023-24,E92000001,England,England,National,45-74,C2,2358.0,1896.0,462.0,443.0,19.0,843.0,0.0,428.0,415.0,361.0,487.0,61.0,144.0,11.909812715922177,2.333474756045821,4.257833808109583,44.462025316455694
2023-24,E92000001,England,England,National,45-74,D,16.0,9.0,7.0,7.0,0.0,7.0,0.0,4.0,3.0,1.0,1.0,0.0,0.0,32.06412825651302,14.02805611222445,14.02805611222445,77.77777777777779
2023-24,E92000001,England,England,National,45-74,E,367.0,294.0,73.0,71.0,2.0,112.0,0.0,49.0,63.0,37.0,110.0,16.0,19.0,11.147899517025607,2.217429604204004,3.4020837763129914,38.095238095238095
2023-24,E92000001,England,England,National,45-74,F1,825.0,675.0,150.0,138.0,12.0,310.0,0.0,153.0,157.0,119.0,187.0,18.0,41.0,11.79903033423435,2.1452782425880637,4.433575034681998,45.925925925925924
2023-24,E92000001,England,England,National,45-74,F2,368.0,303.0,65.0,61.0,4.0,115.0,0.0,55.0,60.0,59.0,92.0,12.0,25.0,16.20288834096513,2.861923212398732,5.063402606551603,37.95379537953795
2023-24,E92000001,England,England,National,50-52,A,1561.0,1126.0,435.0,419.0,16.0,489.0,0.0,224.0,265.0,214.0,333.0,36.0,54.0,7.652598500855463,2.1325306520641427,2.3972585950790015,43.42806394316163
2023-24,E92000001,England,England,National,50-52,A to F2,2110.0,1556.0,554.0,533.0,21.0,670.0,0.0,302.0,368.0,284.0,464.0,61.0,77.0,7.313387311446318,1.9201974267968056,2.3222604259094943,43.05912596401028
2023-24,E92000001,England,England,National,50-52,B,107.0,79.0,28.0,26.0,2.0,27.0,0.0,13.0,14.0,12.0,34.0,4.0,2.0,8.779847378353985,2.2975301550832854,2.215475506687454,34.177215189873415
2023-24,E92000001,England,England,National,50-52,C1,262.0,210.0,52.0,51.0,1.0,94.0,0.0,40.0,54.0,34.0,50.0,16.0,16.0,5.044767497833831,1.0012515644555695,1.8099547511312217,44.761904761904766
2023-24,E92000001,England,England,National,50-52,C2,22.0,19.0,3.0,3.0,0.0,6.0,0.0,5.0,1.0,5.0,6.0,0.0,2.0,6.838669567920423,0.9325458501709667,1.8650917003419334,31.57894736842105
2023-24,E92000001,England,England,National,50-52,D,1.0,0.0,1.0,1.0,0.0,0.0,0.0,0.0,0.0,0.0,0.0,0.0,0.0,9.615384615384617,9.615384615384617,0.0,z
2023-24,E92000001,England,England,National,50-52,E,144.0,111.0,33.0,32.0,1.0,47.0,0.0,17.0,30.0,18.0,39.0,4.0,3.0,9.893507385778083,2.2672621092408107,3.2291308828581244,42.34234234234234
2023-24,E92000001,England,England,National,50-52,F1,13.0,11.0,2.0,1.0,1.0,7.0,0.0,3.0,4.0,1.0,2.0,1.0,0.0,5.649717514124294,0.869187309865276,3.042155584528466,63.63636363636363
2023-24,E92000001,England,England,National,50-52,F2,0.0,0.0,0.0,0.0,0.0,0.0,0.0,0.0,0.0,0.0,0.0,0.0,0.0,0.0,0.0,0.0,z
2023-24,E92000001,England,England,National,50<71,A,1724.0,1238.0,486.0,469.0,17.0,532.0,0.0,244.0,288.0,234.0,364.0,39.0,69.0,7.838287579678648,2.2096332736217073,2.418775517627054,42.972536348949916
2023-24,E92000001,England,England,National,50<71,A to F2,14970.0,11769.0,3197.0,3049.0,148.0,5602.0,4.0,2741.0,2861.0,2158.0,2996.0,354.0,659.0,8.14059464950308,1.7385090911463827,3.0463334152649475,47.599626136460195
2023-24,E92000001,England,England,National,50<71,B,814.0,623.0,190.0,182.0,8.0,239.0,1.0,117.0,122.0,105.0,203.0,30.0,46.0,11.211812346767307,2.6170077959284868,3.291920332773202,38.362760834670944
2023-24,E92000001,England,England,National,50<71,C1,9058.0,7193.0,1862.0,1771.0,91.0,3649.0,3.0,1794.0,1855.0,1329.0,1683.0,189.0,343.0,7.205736587290602,1.4812410604476818,2.9028188128751826,50.72987626859447
2023-24,E92000001,England,England,National,50<71,C2,2344.0,1883.0,461.0,442.0,19.0,840.0,0.0,426.0,414.0,361.0,481.0,61.0,140.0,11.888338878519841,2.338107603667938,4.2603262192647895,44.60966542750929
2023-24,E92000001,England,England,National,50<71,D,15.0,9.0,6.0,6.0,0.0,7.0,0.0,4.0,3.0,1.0,1.0,0.0,0.0,31.712473572938688,12.684989429175475,14.799154334038054,77.77777777777779
2023-24,E92000001,England,England,National,50<71,E,347.0,276.0,71.0,69.0,2.0,106.0,0.0,45.0,61.0,32.0,103.0,16.0,19.0,10.930855252795716,2.23657268861238,3.339108521026933,38.405797101449274
2023-24,E92000001,England,England,National,50<71,F1,420.0,341.0,79.0,70.0,9.0,149.0,0.0,68.0,81.0,58.0,99.0,12.0,23.0,9.760632117127585,1.8359284220311411,3.462700441552405,43.6950146627566
2023-24,E92000001,England,England,National,50<71,F2,248.0,206.0,42.0,40.0,2.0,80.0,0.0,43.0,37.0,38.0,62.0,7.0,19.0,14.66240983800402,2.4831500532103585,4.729809625162587,38.83495145631068
2023-24,E92000001,England,England,National,53-54,A,33.0,23.0,10.0,10.0,0.0,6.0,0.0,2.0,4.0,7.0,6.0,1.0,3.0,8.58704137392662,2.602133749674733,1.56128024980484,26.08695652173913
2023-24,E92000001,England,England,National,53-54,A to F2,1230.0,941.0,289.0,272.0,17.0,399.0,0.0,196.0,203.0,183.0,268.0,39.0,52.0,6.018378071574663,1.414074197304941,1.9523031305351954,42.40170031880977
2023-24,E92000001,England,England,National,53-54,B,212.0,159.0,53.0,50.0,3.0,68.0,0.0,33.0,35.0,34.0,42.0,4.0,11.0,8.50074181001644,2.12518545250411,2.7266530334014996,42.76729559748428
2023-24,E92000001,England,England,National,53-54,C1,804.0,615.0,189.0,177.0,12.0,264.0,0.0,126.0,138.0,124.0,172.0,24.0,31.0,5.332307549459806,1.2534902075222678,1.7509069565390407,42.926829268292686
2023-24,E92000001,England,England,National,53-54,C2,89.0,69.0,20.0,20.0,0.0,30.0,0.0,17.0,13.0,11.0,16.0,6.0,6.0,7.2807591623036645,1.6361256544502618,2.4541884816753927,43.47826086956522
2023-24,E92000001,England,England,National,53-54,D,1.0,0.0,1.0,1.0,0.0,0.0,0.0,0.0,0.0,0.0,0.0,0.0,0.0,13.888888888888888,13.888888888888888,0.0,z
2023-24,E92000001,England,England,National,53-54,E,45.0,35.0,10.0,9.0,1.0,13.0,0.0,8.0,5.0,1.0,18.0,3.0,0.0,7.681802663024923,1.707067258449983,2.2191874359849777,37.142857142857146
2023-24,E92000001,England,England,National,53-54,F1,39.0,33.0,6.0,5.0,1.0,15.0,0.0,8.0,7.0,5.0,11.0,1.0,1.0,6.854130052724078,1.0544815465729351,2.6362038664323375,45.45454545454545
2023-24,E92000001,England,England,National,53-54,F2,7.0,7.0,0.0,0.0,0.0,3.0,0.0,2.0,1.0,1.0,3.0,0.0,0.0,7.223942208462332,0.0,3.0959752321981426,42.857142857142854
2023-24,E92000001,England,England,National,55-59,A,44.0,26.0,18.0,17.0,1.0,13.0,0.0,8.0,5.0,1.0,8.0,0.0,4.0,8.344395979518302,3.4136165370756686,2.4653897212213165,50.0
2023-24,E92000001,England,England,National,55-59,A to F2,3297.0,2579.0,717.0,678.0,39.0,1228.0,1.0,607.0,621.0,465.0,654.0,87.0,145.0,6.924564878153281,1.5058880854218692,2.579122132354331,47.615354788677784
2023-24,E92000001,England,England,National,55-59,B,238.0,179.0,58.0,56.0,2.0,71.0,1.0,37.0,34.0,24.0,60.0,10.0,14.0,10.658784540283936,2.5975189215817998,3.1797214384880648,39.66480446927375
2023-24,E92000001,England,England,National,55-59,C1,2223.0,1749.0,474.0,450.0,24.0,869.0,0.0,428.0,441.0,327.0,424.0,47.0,82.0,6.163084702907712,1.3141260230221572,2.409231042207288,49.685534591194966
2023-24,E92000001,England,England,National,55-59,C2,523.0,404.0,119.0,111.0,8.0,186.0,0.0,87.0,99.0,76.0,99.0,17.0,26.0,8.724082136482677,1.9850206008440507,3.1026372416554073,46.03960396039604
2023-24,E92000001,England,England,National,55-59,D,2.0,2.0,0.0,0.0,0.0,1.0,0.0,1.0,0.0,1.0,0.0,0.0,0.0,17.241379310344826,0.0,8.620689655172413,50.0
2023-24,E92000001,England,England,National,55-59,E,77.0,64.0,13.0,13.0,0.0,24.0,0.0,9.0,15.0,6.0,20.0,6.0,8.0,12.318029115341545,2.079667253239482,3.839385698288274,37.5
2023-24,E92000001,England,England,National,55-59,F1,122.0,97.0,25.0,21.0,4.0,39.0,0.0,20.0,19.0,20.0,27.0,5.0,6.0,7.8949071377726,1.6178088397075003,2.5237817899437003,40.20618556701031
2023-24,E92000001,England,England,National,55-59,F2,68.0,58.0,10.0,10.0,0.0,25.0,0.0,17.0,8.0,10.0,16.0,2.0,5.0,11.213720316622691,1.6490765171503958,4.12269129287599,43.103448275862064
2023-24,E92000001,England,England,National,60-64,A,45.0,32.0,13.0,13.0,0.0,11.0,0.0,4.0,7.0,5.0,12.0,0.0,4.0,11.987213638785295,3.462972828982419,2.930207778369739,34.375
2023-24,E92000001,England,England,National,60-64,A to F2,3772.0,2994.0,776.0,748.0,28.0,1469.0,2.0,719.0,750.0,548.0,729.0,71.0,177.0,8.549081291065393,1.758771760834238,3.3294274699297626,49.06479625918504
2023-24,E92000001,England,England,National,60-64,B,148.0,117.0,31.0,31.0,0.0,47.0,0.0,21.0,26.0,20.0,38.0,3.0,9.0,17.183327528155115,3.5992104957622195,5.456867525833043,40.17094017094017
2023-24,E92000001,England,England,National,60-64,C1,2547.0,2004.0,541.0,520.0,21.0,1047.0,2.0,515.0,532.0,373.0,448.0,41.0,95.0,7.336611332428859,1.558345791458191,3.015874387535538,52.24550898203593
2023-24,E92000001,England,England,National,60-64,C2,769.0,626.0,143.0,138.0,5.0,279.0,0.0,141.0,138.0,114.0,164.0,22.0,47.0,12.457072506965593,2.316464718460442,4.519536059094149,44.56869009584665
2023-24,E92000001,England,England,National,60-64,D,6.0,6.0,0.0,0.0,0.0,5.0,0.0,3.0,2.0,0.0,1.0,0.0,0.0,69.76744186046511,0.0,58.13953488372093,83.33333333333334
2023-24,E92000001,England,England,National,60-64,E,51.0,40.0,11.0,11.0,0.0,12.0,0.0,5.0,7.0,5.0,17.0,1.0,5.0,16.073116924046644,3.4667507091080996,3.781909864481563,30.0
2023-24,E92000001,England,England,National,60-64,F1,118.0,99.0,19.0,19.0,0.0,45.0,0.0,19.0,26.0,14.0,28.0,3.0,9.0,10.527254884467839,1.6950664644482112,4.014631100008922,45.45454545454545
2023-24,E92000001,England,England,National,60-64,F2,88.0,70.0,18.0,16.0,2.0,23.0,0.0,11.0,12.0,17.0,21.0,1.0,8.0,16.037907782030253,3.2804811372334606,4.191725897576089,32.857142857142854
2023-24,E92000001,England,England,National,65-70,A,41.0,31.0,10.0,10.0,0.0,13.0,0.0,6.0,7.0,7.0,5.0,2.0,4.0,13.255738764953119,3.2331070158422244,4.203039120594891,41.935483870967744
2023-24,E92000001,England,England,National,65-70,A to F2,4561.0,3699.0,861.0,818.0,43.0,1836.0,1.0,917.0,919.0,678.0,881.0,96.0,208.0,10.639191225524728,2.0084068505101493,4.282735165547774,49.63503649635037
2023-24,E92000001,England,England,National,65-70,B,109.0,89.0,20.0,19.0,1.0,26.0,0.0,13.0,13.0,15.0,29.0,9.0,10.0,24.04058226731363,4.411116012351125,5.734450816056462,29.213483146067414
2023-24,E92000001,England,England,National,65-70,C1,3222.0,2615.0,606.0,573.0,33.0,1375.0,1.0,685.0,690.0,471.0,589.0,61.0,119.0,9.29921121215882,1.7490136544283812,3.9684715756419546,52.58126195028681
2023-24,E92000001,England,England,National,65-70,C2,941.0,765.0,176.0,170.0,6.0,339.0,0.0,176.0,163.0,155.0,196.0,16.0,59.0,15.671318655697299,2.9310861672717583,5.645671651733671,44.31372549019608
2023-24,E92000001,England,England,National,65-70,D,5.0,1.0,4.0,4.0,0.0,1.0,0.0,0.0,1.0,0.0,0.0,0.0,0.0,52.63157894736842,42.10526315789473,10.526315789473683,100.0
2023-24,E92000001,England,England,National,65-70,E,30.0,26.0,4.0,4.0,0.0,10.0,0.0,6.0,4.0,2.0,9.0,2.0,3.0,15.723270440251572,2.0964360587002098,5.241090146750524,38.46153846153847
2023-24,E92000001,England,England,National,65-70,F1,128.0,101.0,27.0,24.0,3.0,43.0,0.0,18.0,25.0,18.0,31.0,2.0,7.0,15.279933150292466,3.2231108988898174,5.133102542676376,42.57425742574257
2023-24,E92000001,England,England,National,65-70,F2,85.0,71.0,14.0,14.0,0.0,29.0,0.0,13.0,16.0,10.0,22.0,4.0,6.0,20.41306436119116,3.3621517771373677,6.964457252641691,40.845070422535215
2023-24,E92000001,England,England,National,Over 70,A,10.0,7.0,3.0,3.0,0.0,5.0,0.0,3.0,2.0,0.0,0.0,1.0,1.0,15.408320493066256,4.622496147919877,7.704160246533128,71.42857142857143
2023-24,E92000001,England,England,National,Over 70,A to F2,1515.0,1277.0,238.0,227.0,11.0,512.0,0.0,243.0,269.0,253.0,367.0,48.0,97.0,18.201915105787368,2.8594427690939894,6.1514062931769855,40.09397024275646
2023-24,E92000001,England,England,National,Over 70,B,1.0,1.0,0.0,0.0,0.0,1.0,0.0,0.0,1.0,0.0,0.0,0.0,0.0,15.873015873015872,0.0,15.873015873015872,100.0
2023-24,E92000001,England,England,National,Over 70,C1,52.0,44.0,8.0,8.0,0.0,20.0,0.0,12.0,8.0,10.0,11.0,0.0,3.0,11.701170117011701,1.8001800180018002,4.5004500450045,45.45454545454545
2023-24,E92000001,England,England,National,Over 70,C2,14.0,13.0,1.0,1.0,0.0,3.0,0.0,2.0,1.0,0.0,6.0,0.0,4.0,17.61006289308176,1.2578616352201257,3.7735849056603774,23.076923076923077
2023-24,E92000001,England,England,National,Over 70,D,4.0,3.0,1.0,1.0,0.0,2.0,0.0,2.0,0.0,1.0,0.0,0.0,0.0,88.88888888888889,22.22222222222222,44.44444444444444,66.66666666666666
2023-24,E92000001,England,England,National,Over 70,E,53.0,48.0,5.0,5.0,0.0,18.0,0.0,9.0,9.0,12.0,13.0,2.0,3.0,21.09872611464968,1.9904458598726114,7.165605095541402,37.5
2023-24,E92000001,England,England,National,Over 70,F1,763.0,638.0,125.0,118.0,7.0,275.0,0.0,144.0,131.0,123.0,177.0,19.0,44.0,15.771305731825795,2.5837656834576985,5.6842845036069365,43.103448275862064
2023-24,E92000001,England,England,National,Over 70,F2,618.0,523.0,95.0,91.0,4.0,188.0,0.0,71.0,117.0,107.0,160.0,26.0,42.0,23.45707128216807,3.6058604721779397,7.135808092310028,35.94646271510516
2024-25,E92000001,England,England,National,45 and over,A,2137.0,1507.0,630.0,612.0,18.0,666.0,0.0,309.0,357.0,245.0,429.0,78.0,89.0,8.102093198715496,2.3885440875951156,2.525032321171979,44.19376244193762
2024-25,E92000001,England,England,National,45 and over,A to F2,19291.0,15331.0,3958.0,3798.0,160.0,7357.0,2.0,3637.0,3720.0,2768.0,3840.0,538.0,828.0,8.987347551459099,1.8439646264410923,3.427500696494976,47.98773726436632
2024-25,E92000001,England,England,National,45 and over,B,965.0,740.0,225.0,218.0,7.0,288.0,0.0,116.0,172.0,130.0,222.0,39.0,61.0,12.181574894594663,2.8402635764598956,3.6355373778686664,38.91891891891892
2024-25,E92000001,England,England,National,45 and over,C1,10948.0,8764.0,2183.0,2084.0,99.0,4500.0,1.0,2266.0,2234.0,1618.0,2019.0,245.0,382.0,7.859646301558288,1.5671910738309962,3.230581691360276,51.34641716111364
2024-25,E92000001,England,England,National,45 and over,C2,2675.0,2188.0,487.0,465.0,22.0,978.0,0.0,469.0,509.0,404.0,595.0,76.0,135.0,11.398548655823488,2.0751750263125377,4.167394611362755,44.69835466179159
2024-25,E92000001,England,England,National,45 and over,D,20.0,13.0,7.0,7.0,0.0,6.0,0.0,5.0,1.0,2.0,4.0,0.0,1.0,38.684719535783366,13.539651837524179,11.60541586073501,46.15384615384615
2024-25,E92000001,England,England,National,45 and over,E,328.0,265.0,63.0,61.0,2.0,93.0,0.0,44.0,49.0,43.0,94.0,21.0,14.0,12.495714122442761,2.4000914320545546,3.542992113985295,35.094339622641506
2024-25,E92000001,England,England,National,45 and over,F1,1421.0,1191.0,229.0,222.0,7.0,574.0,1.0,299.0,275.0,210.0,276.0,45.0,86.0,12.793272953166358,2.061688603993734,5.167726020490845,48.19479429051218
2024-25,E92000001,England,England,National,45 and over,F2,797.0,663.0,134.0,129.0,5.0,252.0,0.0,129.0,123.0,116.0,201.0,34.0,60.0,20.95824129588724,3.5237193646786578,6.626696118649416,38.009049773755656
2024-25,E92000001,England,England,National,45-49,A,161.0,119.0,42.0,40.0,2.0,47.0,0.0,24.0,23.0,23.0,38.0,8.0,3.0,6.824057983300131,1.7801890391217734,1.992116305683889,39.49579831932773
2024-25,E92000001,England,England,National,45-49,A to F2,164.0,122.0,42.0,40.0,2.0,48.0,0.0,24.0,24.0,24.0,38.0,9.0,3.0,6.907880881176024,1.7690914451792257,2.021818794490544,39.34426229508197
2024-25,E92000001,England,England,National,45-49,B,0.0,0.0,0.0,0.0,0.0,0.0,0.0,0.0,0.0,0.0,0.0,0.0,0.0,0.0,0.0,0.0,z
2024-25,E92000001,England,England,National,45-49,C1,1.0,1.0,0.0,0.0,0.0,0.0,0.0,0.0,0.0,0.0,0.0,1.0,0.0,41.666666666666664,0.0,0.0,0.0
2024-25,E92000001,England,England,National,45-49,C2,0.0,0.0,0.0,0.0,0.0,0.0,0.0,0.0,0.0,0.0,0.0,0.0,0.0,0.0,0.0,0.0,z
2024-25,E92000001,England,England,National,45-49,D,0.0,0.0,0.0,0.0,0.0,0.0,0.0,0.0,0.0,0.0,0.0,0.0,0.0,z,z,z,z
2024-25,E92000001,England,England,National,45-49,E,2.0,2.0,0.0,0.0,0.0,1.0,0.0,0.0,1.0,1.0,0.0,0.0,0.0,20.0,0.0,10.0,50.0
2024-25,E92000001,England,England,National,45-49,F1,0.0,0.0,0.0,0.0,0.0,0.0,0.0,0.0,0.0,0.0,0.0,0.0,0.0,z,z,z,z
2024-25,E92000001,England,England,National,45-49,F2,0.0,0.0,0.0,0.0,0.0,0.0,0.0,0.0,0.0,0.0,0.0,0.0,0.0,z,z,z,z
2024-25,E92000001,England,England,National,45-74,A,2137.0,1507.0,630.0,612.0,18.0,666.0,0.0,309.0,357.0,245.0,429.0,78.0,89.0,8.102123916620538,2.3885531434117637,2.5250418944638646,44.19376244193762
2024-25,E92000001,England,England,National,45-74,A to F2,18126.0,14343.0,3782.0,3628.0,154.0,6918.0,1.0,3418.0,3500.0,2602.0,3580.0,510.0,733.0,8.709883887435586,1.8173221263533812,3.3242291036786598,48.23258732482744
2024-25,E92000001,England,England,National,45-74,B,965.0,740.0,225.0,218.0,7.0,288.0,0.0,116.0,172.0,130.0,222.0,39.0,61.0,12.181574894594663,2.8402635764598956,3.6355373778686664,38.91891891891892
2024-25,E92000001,England,England,National,45-74,C1,10948.0,8764.0,2183.0,2084.0,99.0,4500.0,1.0,2266.0,2234.0,1618.0,2019.0,245.0,382.0,7.859646301558288,1.5671910738309962,3.230581691360276,51.34641716111364
2024-25,E92000001,England,England,National,45-74,C2,2675.0,2188.0,487.0,465.0,22.0,978.0,0.0,469.0,509.0,404.0,595.0,76.0,135.0,11.398645798267406,2.0751927116845708,4.167430127366551,44.69835466179159
2024-25,E92000001,England,England,National,45-74,D,18.0,11.0,7.0,7.0,0.0,6.0,0.0,5.0,1.0,2.0,3.0,0.0,0.0,36.0,14.0,12.0,54.54545454545454
2024-25,E92000001,England,England,National,45-74,E,284.0,224.0,60.0,58.0,2.0,80.0,0.0,37.0,43.0,35.0,78.0,20.0,11.0,11.508225950239078,2.4313153415998054,3.2417537887997407,35.714285714285715
2024-25,E92000001,England,England,National,45-74,F1,801.0,662.0,139.0,136.0,3.0,308.0,0.0,169.0,139.0,124.0,161.0,30.0,39.0,11.991556507028758,2.08093177837328,4.610985523301945,46.52567975830816
2024-25,E92000001,England,England,National,45-74,F2,298.0,247.0,51.0,48.0,3.0,92.0,0.0,47.0,45.0,44.0,73.0,22.0,16.0,16.09245058861648,2.7540771141591964,4.968139107895021,37.24696356275304
2024-25,E92000001,England,England,National,50-52,A,1795.0,1259.0,536.0,521.0,15.0,573.0,0.0,263.0,310.0,204.0,352.0,62.0,68.0,8.012748975528751,2.3926648751439616,2.557830174360989,45.512311358220806
2024-25,E92000001,England,England,National,50-52,A to F2,2129.0,1514.0,615.0,596.0,19.0,679.0,0.0,307.0,372.0,247.0,433.0,75.0,80.0,7.783481033020385,2.2483987014126523,2.4823784036734815,44.84808454425363
2024-25,E92000001,England,England,National,50-52,B,70.0,59.0,11.0,11.0,0.0,22.0,0.0,7.0,15.0,10.0,20.0,3.0,4.0,9.615384615384617,1.510989010989011,3.021978021978022,37.28813559322034
2024-25,E92000001,England,England,National,50-52,C1,172.0,129.0,43.0,40.0,3.0,59.0,0.0,26.0,33.0,26.0,36.0,3.0,5.0,5.759635669557646,1.4399089173894115,1.975688979673844,45.73643410852713
2024-25,E92000001,England,England,National,50-52,C2,12.0,7.0,5.0,5.0,0.0,1.0,0.0,1.0,0.0,0.0,4.0,0.0,2.0,6.369426751592357,2.653927813163482,0.5307855626326964,14.285714285714285
2024-25,E92000001,England,England,National,50-52,D,1.0,1.0,0.0,0.0,0.0,1.0,0.0,1.0,0.0,0.0,0.0,0.0,0.0,10.204081632653061,0.0,10.204081632653061,100.0
2024-25,E92000001,England,England,National,50-52,E,77.0,57.0,20.0,19.0,1.0,23.0,0.0,9.0,14.0,7.0,19.0,7.0,1.0,7.871600899611531,2.0445716622367613,2.3512574115722757,40.35087719298245
2024-25,E92000001,England,England,National,50-52,F1,1.0,1.0,0.0,0.0,0.0,0.0,0.0,0.0,0.0,0.0,1.0,0.0,0.0,2.0491803278688527,0.0,0.0,0.0
2024-25,E92000001,England,England,National,50-52,F2,1.0,1.0,0.0,0.0,0.0,0.0,0.0,0.0,0.0,0.0,1.0,0.0,0.0,8.695652173913043,0.0,0.0,0.0
2024-25,E92000001,England,England,National,50<71,A,1969.0,1382.0,587.0,571.0,16.0,618.0,0.0,284.0,334.0,222.0,389.0,70.0,83.0,8.217485841634984,2.449804057409718,2.57918042160001,44.7178002894356
2024-25,E92000001,England,England,National,50<71,A to F2,17213.0,13596.0,3616.0,3470.0,146.0,6576.0,1.0,3237.0,3339.0,2457.0,3390.0,477.0,696.0,8.586562003028966,1.803811549581871,3.28038295078827,48.36716681376876
2024-25,E92000001,England,England,National,50<71,B,963.0,738.0,225.0,218.0,7.0,287.0,0.0,115.0,172.0,130.0,221.0,39.0,61.0,12.171539074053008,2.8438175406665906,3.627447262983607,38.88888888888889
2024-25,E92000001,England,England,National,50<71,C1,10902.0,8730.0,2171.0,2073.0,98.0,4481.0,1.0,2258.0,2223.0,1615.0,2012.0,243.0,379.0,7.854602673245071,1.56414808325216,3.2284419903514183,51.32875143184421
2024-25,E92000001,England,England,National,50<71,C2,2665.0,2180.0,485.0,463.0,22.0,974.0,0.0,467.0,507.0,402.0,594.0,75.0,135.0,11.39819254177555,2.074342732743393,4.165793446787762,44.678899082568805
2024-25,E92000001,England,England,National,50<71,D,16.0,10.0,6.0,6.0,0.0,5.0,0.0,4.0,1.0,2.0,3.0,0.0,0.0,33.82663847780127,12.684989429175475,10.570824524312897,50.0
2024-25,E92000001,England,England,National,50<71,E,254.0,201.0,53.0,52.0,1.0,71.0,0.0,32.0,39.0,29.0,70.0,20.0,11.0,10.787394886604943,2.2509131062600867,3.0153741612163425,35.32338308457712
2024-25,E92000001,England,England,National,50<71,F1,258.0,202.0,56.0,55.0,1.0,88.0,0.0,49.0,39.0,31.0,54.0,12.0,17.0,9.599642803988688,2.083643399315374,3.274296770352731,43.56435643564357
2024-25,E92000001,England,England,National,50<71,F2,186.0,153.0,33.0,32.0,1.0,52.0,0.0,28.0,24.0,26.0,47.0,18.0,10.0,14.054707571406983,2.4935771497657546,3.929273084479371,33.98692810457516
2024-25,E92000001,England,England,National,53-54,A,36.0,22.0,14.0,13.0,1.0,7.0,0.0,4.0,3.0,5.0,5.0,1.0,4.0,9.295120061967467,3.6147689129873486,1.8073844564936743,31.818181818181817
2024-25,E92000001,England,England,National,53-54,A to F2,1398.0,1034.0,364.0,344.0,20.0,449.0,0.0,205.0,244.0,194.0,290.0,47.0,54.0,6.5754197827007195,1.7120549362682846,2.111847984572692,43.42359767891683
2024-25,E92000001,England,England,National,53-54,B,301.0,214.0,87.0,83.0,4.0,95.0,0.0,31.0,64.0,38.0,59.0,11.0,11.0,9.885382114355153,2.8572366908601268,3.119971099215081,44.39252336448598
2024-25,E92000001,England,England,National,53-54,C1,879.0,662.0,217.0,203.0,14.0,303.0,0.0,142.0,161.0,129.0,179.0,22.0,29.0,5.655315288652696,1.3961358562430435,1.94944315410895,45.770392749244714
2024-25,E92000001,England,England,National,53-54,C2,93.0,68.0,25.0,25.0,0.0,26.0,0.0,13.0,13.0,10.0,22.0,6.0,4.0,6.636220921935208,1.7839303553589267,1.8552875695732838,38.23529411764706
2024-25,E92000001,England,England,National,53-54,D,0.0,0.0,0.0,0.0,0.0,0.0,0.0,0.0,0.0,0.0,0.0,0.0,0.0,0.0,0.0,0.0,z
2024-25,E92000001,England,England,National,53-54,E,58.0,45.0,13.0,13.0,0.0,11.0,0.0,9.0,2.0,7.0,17.0,6.0,4.0,12.545965823058621,2.812026822409691,2.3794073112697385,24.444444444444443
2024-25,E92000001,England,England,National,53-54,F1,22.0,18.0,4.0,4.0,0.0,6.0,0.0,5.0,1.0,3.0,7.0,0.0,2.0,6.464883925947693,1.175433441081399,1.7631501616220981,33.33333333333333
2024-25,E92000001,England,England,National,53-54,F2,9.0,5.0,4.0,3.0,1.0,1.0,0.0,1.0,0.0,2.0,1.0,1.0,0.0,11.780104712041885,5.235602094240838,1.3089005235602096,20.0
2024-25,E92000001,England,England,National,55-59,A,48.0,33.0,15.0,15.0,0.0,14.0,0.0,8.0,6.0,3.0,12.0,2.0,2.0,9.327633113097551,2.9148853478429846,2.7205596579867857,42.42424242424242
2024-25,E92000001,England,England,National,55-59,A to F2,3822.0,3017.0,805.0,774.0,31.0,1400.0,0.0,664.0,736.0,540.0,795.0,112.0,170.0,7.254409207898992,1.527943331334037,2.6572927501461514,46.403712296983755
2024-25,E92000001,England,England,National,55-59,B,313.0,236.0,77.0,76.0,1.0,92.0,0.0,41.0,51.0,39.0,72.0,12.0,21.0,12.231818359451326,3.009105475008793,3.595294853257259,38.983050847457626
2024-25,E92000001,England,England,National,55-59,C1,2609.0,2064.0,545.0,520.0,25.0,1020.0,0.0,484.0,536.0,388.0,494.0,63.0,99.0,6.46696493858986,1.3508991535191541,2.5282883240174994,49.41860465116279
2024-25,E92000001,England,England,National,55-59,C2,660.0,530.0,130.0,125.0,5.0,224.0,0.0,109.0,115.0,87.0,163.0,22.0,34.0,8.92977946150724,1.7588959545393046,3.0307130293600326,42.26415094339623
2024-25,E92000001,England,England,National,55-59,D,5.0,4.0,1.0,1.0,0.0,2.0,0.0,1.0,1.0,1.0,1.0,0.0,0.0,44.642857142857146,8.928571428571429,17.857142857142858,50.0
2024-25,E92000001,England,England,National,55-59,E,55.0,44.0,11.0,11.0,0.0,15.0,0.0,4.0,11.0,7.0,17.0,2.0,3.0,11.135857461024498,2.2271714922048997,3.037052034824863,34.090909090909086
2024-25,E92000001,England,England,National,55-59,F1,74.0,62.0,12.0,12.0,0.0,20.0,0.0,12.0,8.0,10.0,21.0,4.0,7.0,8.072433729682558,1.3090433075160903,2.1817388458601505,32.25806451612903
2024-25,E92000001,England,England,National,55-59,F2,58.0,44.0,14.0,14.0,0.0,13.0,0.0,5.0,8.0,5.0,15.0,7.0,4.0,12.736056214317085,3.0742204655248133,2.854633289415898,29.545454545454547
2024-25,E92000001,England,England,National,60-64,A,46.0,35.0,11.0,11.0,0.0,14.0,0.0,7.0,7.0,5.0,9.0,2.0,5.0,12.23404255319149,2.9255319148936167,3.7234042553191493,40.0
2024-25,E92000001,England,England,National,60-64,A to F2,4514.0,3627.0,887.0,851.0,36.0,1813.0,0.0,935.0,878.0,660.0,863.0,115.0,176.0,9.078987594329755,1.784019050990362,3.646478623952115,49.986214502343536
2024-25,E92000001,England,England,National,60-64,B,173.0,142.0,31.0,30.0,1.0,51.0,0.0,28.0,23.0,25.0,44.0,6.0,16.0,16.787967006307618,3.008248423095585,4.949053857350801,35.91549295774648
2024-25,E92000001,England,England,National,60-64,C1,3244.0,2599.0,645.0,620.0,25.0,1359.0,0.0,712.0,647.0,473.0,588.0,73.0,106.0,8.238751082542432,1.6380993983476784,3.451437336983713,52.2893420546364
2024-25,E92000001,England,England,National,60-64,C2,872.0,706.0,166.0,156.0,10.0,322.0,0.0,156.0,166.0,135.0,188.0,21.0,40.0,11.689164734111717,2.225230901218515,4.316411748146758,45.609065155807365
2024-25,E92000001,England,England,National,60-64,D,0.0,0.0,0.0,0.0,0.0,0.0,0.0,0.0,0.0,0.0,0.0,0.0,0.0,0.0,0.0,0.0,z
2024-25,E92000001,England,England,National,60-64,E,36.0,30.0,6.0,6.0,0.0,12.0,0.0,5.0,7.0,4.0,9.0,3.0,2.0,13.803680981595091,2.3006134969325154,4.601226993865031,40.0
2024-25,E92000001,England,England,National,60-64,F1,80.0,61.0,19.0,19.0,0.0,31.0,0.0,15.0,16.0,9.0,12.0,6.0,3.0,10.586211459573905,2.514225221648802,4.102156940584888,50.81967213114754
2024-25,E92000001,England,England,National,60-64,F2,63.0,54.0,9.0,9.0,0.0,24.0,0.0,12.0,12.0,9.0,13.0,4.0,4.0,13.934970139349701,1.9907100199071004,5.308560053085601,44.44444444444444
2024-25,E92000001,England,England,National,65-70,A,44.0,33.0,11.0,11.0,0.0,10.0,0.0,2.0,8.0,5.0,11.0,3.0,4.0,15.636105188343993,3.9090262970859984,3.5536602700781805,30.303030303030305
2024-25,E92000001,England,England,National,65-70,A to F2,5350.0,4404.0,945.0,905.0,40.0,2235.0,1.0,1126.0,1109.0,816.0,1009.0,128.0,216.0,10.819840553975837,1.9111680978518066,4.5200642314272885,50.74931880108991
2024-25,E92000001,England,England,National,65-70,B,106.0,87.0,19.0,18.0,1.0,27.0,0.0,8.0,19.0,18.0,26.0,7.0,9.0,19.28675400291121,3.4570596797671036,4.9126637554585155,31.03448275862069
2024-25,E92000001,England,England,National,65-70,C1,3998.0,3276.0,721.0,690.0,31.0,1740.0,1.0,894.0,846.0,599.0,715.0,82.0,140.0,9.859432799013563,1.778051787916153,4.290998766954377,53.11355311355312
2024-25,E92000001,England,England,National,65-70,C2,1028.0,869.0,159.0,152.0,7.0,401.0,0.0,188.0,213.0,170.0,217.0,26.0,55.0,14.812253249185902,2.29100025935852,5.777931471715513,46.14499424626007
2024-25,E92000001,England,England,National,65-70,D,10.0,5.0,5.0,5.0,0.0,2.0,0.0,2.0,0.0,1.0,2.0,0.0,0.0,86.95652173913044,43.47826086956522,17.391304347826086,40.0
2024-25,E92000001,England,England,National,65-70,E,28.0,25.0,3.0,3.0,0.0,10.0,0.0,5.0,5.0,4.0,8.0,2.0,1.0,17.565872020075282,1.8820577164366374,6.273525721455458,40.0
2024-25,E92000001,England,England,National,65-70,F1,81.0,60.0,21.0,20.0,1.0,31.0,0.0,17.0,14.0,9.0,13.0,2.0,5.0,12.937230474365117,3.3540967896502156,4.951285737102699,51.66666666666667
2024-25,E92000001,England,England,National,65-70,F2,55.0,49.0,6.0,6.0,0.0,14.0,0.0,10.0,4.0,10.0,17.0,6.0,2.0,16.76829268292683,1.829268292682927,4.2682926829268295,28.57142857142857
2024-25,E92000001,England,England,National,Over 70,A,7.0,6.0,1.0,1.0,0.0,1.0,0.0,1.0,0.0,0.0,2.0,0.0,3.0,12.612612612612612,1.8018018018018018,1.8018018018018018,16.666666666666664
2024-25,E92000001,England,England,National,Over 70,A to F2,1914.0,1613.0,300.0,288.0,12.0,733.0,1.0,376.0,357.0,287.0,412.0,52.0,129.0,16.20976142686552,2.540714957188953,6.207813545398341,45.44327340359578
2024-25,E92000001,England,England,National,Over 70,B,2.0,2.0,0.0,0.0,0.0,1.0,0.0,1.0,0.0,0.0,1.0,0.0,0.0,23.809523809523807,0.0,11.904761904761903,50.0
2024-25,E92000001,England,England,National,Over 70,C1,45.0,33.0,12.0,11.0,1.0,19.0,0.0,8.0,11.0,3.0,7.0,1.0,3.0,9.113001215066827,2.430133657351154,3.8477116241393277,57.57575757575758
2024-25,E92000001,England,England,National,Over 70,C2,10.0,8.0,2.0,2.0,0.0,4.0,0.0,2.0,2.0,2.0,1.0,1.0,0.0,11.614401858304298,2.3228803716608595,4.645760743321719,50.0
2024-25,E92000001,England,England,National,Over 70,D,4.0,3.0,1.0,1.0,0.0,1.0,0.0,1.0,0.0,0.0,1.0,0.0,1.0,90.9090909090909,22.727272727272727,22.727272727272727,33.33333333333333
2024-25,E92000001,England,England,National,Over 70,E,72.0,62.0,10.0,9.0,1.0,21.0,0.0,12.0,9.0,13.0,24.0,1.0,3.0,27.660391855551286,3.84172109104879,8.067614291202458,33.87096774193548
2024-25,E92000001,England,England,National,Over 70,F1,1163.0,989.0,173.0,167.0,6.0,486.0,1.0,250.0,236.0,179.0,222.0,33.0,69.0,13.81267963609587,2.0546806337442693,5.772108601154422,49.140546006066735
2024-25,E92000001,England,England,National,Over 70,F2,611.0,510.0,101.0,97.0,4.0,200.0,0.0,101.0,99.0,90.0,154.0,16.0,50.0,24.64305880454949,4.073566185367428,8.066467693796888,39.21568627450981
2014-15,N1,North East and Yorkshire,North East and Yorkshire,Region,45 and over,A to F2,2695.0,2147.0,547.0,528.0,19.0,1202.0,1.0,586.0,616.0,398.0,495.0,50.0,2.0,7.886089172794602,1.6006273757026521,3.5172835568456815,55.985095482068004
2014-15,N2,North West,North West,Region,45 and over,A to F2,2349.0,1824.0,525.0,506.0,19.0,938.0,0.0,457.0,481.0,333.0,435.0,58.0,60.0,9.199642823573644,2.056114296456434,3.673590876335495,51.425438596491226
2014-15,N3,Midlands,Midlands,Region,45 and over,A to F2,3486.0,2719.0,756.0,732.0,24.0,1429.0,11.0,698.0,731.0,532.0,615.0,60.0,83.0,8.448164717400893,1.8321321073881454,3.4631174357905556,52.556086796616405
2014-15,N4,East of England,East of England,Region,45 and over,A to F2,2017.0,1612.0,403.0,388.0,15.0,835.0,2.0,390.0,445.0,282.0,355.0,19.0,121.0,8.158461015742553,1.6300742634329446,3.377449156244438,51.79900744416873
2014-15,N5,London,London,Region,45 and over,A to F2,2119.0,1618.0,498.0,487.0,11.0,738.0,3.0,364.0,374.0,316.0,434.0,40.0,90.0,8.514280203796268,2.0009964801748663,2.965332133271187,45.611866501854145
2014-15,N6,South East,South East,Region,45 and over,A to F2,3338.0,2587.0,751.0,731.0,20.0,1314.0,0.0,658.0,656.0,509.0,619.0,70.0,75.0,9.181099806641308,2.0656099325307435,3.6141297621110478,50.792423656745264
2014-15,N7,South West,South West,Region,45 and over,A to F2,2011.0,1582.0,427.0,406.0,21.0,845.0,2.0,406.0,439.0,310.0,332.0,42.0,53.0,8.51880406327044,1.8088161785263444,3.57950742588937,53.413400758533506
2014-15,N1,North East and Yorkshire,North East and Yorkshire,Region,50<71,A to F2,2278.0,1818.0,459.0,440.0,19.0,1023.0,1.0,517.0,506.0,340.0,415.0,38.0,2.0,7.747956723002044,1.5611554591123522,3.47943798403472,56.27062706270627
2014-15,N2,North West,North West,Region,50<71,A to F2,1955.0,1530.0,425.0,410.0,15.0,794.0,0.0,391.0,403.0,282.0,358.0,48.0,48.0,9.015365318281592,1.9598620257133899,3.6614834080386625,51.895424836601315
2014-15,N3,Midlands,Midlands,Region,50<71,A to F2,2854.0,2223.0,622.0,602.0,20.0,1182.0,9.0,594.0,588.0,431.0,496.0,49.0,65.0,8.12827523353839,1.7714741398951925,3.3663704716336293,53.17139001349528
2014-15,N4,East of England,East of England,Region,50<71,A to F2,1616.0,1286.0,329.0,317.0,12.0,665.0,1.0,312.0,353.0,221.0,296.0,15.0,89.0,7.7948638792953755,1.586949391267437,3.207663663200139,51.710730948678076
2014-15,N5,London,London,Region,50<71,A to F2,1804.0,1373.0,428.0,419.0,9.0,635.0,3.0,313.0,322.0,277.0,352.0,35.0,74.0,8.28994591315776,1.966794263210378,2.9180241989219393,46.249089584850694
2014-15,N6,South East,South East,Region,50<71,A to F2,2728.0,2113.0,615.0,599.0,16.0,1080.0,0.0,538.0,542.0,419.0,499.0,61.0,54.0,8.80841061142252,1.9857670549944464,3.4872006819414665,51.11216280170374
2014-15,N7,South West,South West,Region,50<71,A to F2,1644.0,1285.0,357.0,341.0,16.0,699.0,2.0,343.0,356.0,256.0,252.0,34.0,44.0,8.27423762764924,1.796777878996824,3.5180608891282352,54.39688715953307
2015-16,N1,North East and Yorkshire,North East and Yorkshire,Region,45 and over,A to F2,2782.0,2222.0,559.0,543.0,16.0,1187.0,1.0,601.0,586.0,427.0,501.0,41.0,66.0,8.045508310125136,1.616620828670004,3.4327887721490065,53.420342034203415
2015-16,N2,North West,North West,Region,45 and over,A to F2,2209.0,1765.0,443.0,422.0,21.0,922.0,1.0,453.0,469.0,349.0,402.0,45.0,47.0,8.68440502586844,1.741598653897564,3.624726769511409,52.23796033994334
2015-16,N3,Midlands,Midlands,Region,45 and over,A to F2,3632.0,2889.0,743.0,726.0,17.0,1584.0,0.0,791.0,793.0,484.0,689.0,54.0,78.0,8.611369283587186,1.761631987253656,3.755619202974147,54.82866043613706
2015-16,N4,East of England,East of England,Region,45 and over,A to F2,1979.0,1610.0,368.0,352.0,16.0,876.0,1.0,415.0,461.0,297.0,350.0,30.0,57.0,7.784994118966039,1.4476391287415373,3.446010534721703,54.409937888198755
2015-16,N5,London,London,Region,45 and over,A to F2,2110.0,1580.0,529.0,511.0,18.0,715.0,1.0,375.0,340.0,296.0,430.0,45.0,94.0,7.986706486644032,2.002354375087532,2.706395799976532,45.25316455696203
2015-16,N6,South East,South East,Region,45 and over,A to F2,3441.0,2698.0,741.0,716.0,25.0,1382.0,2.0,710.0,672.0,507.0,661.0,79.0,69.0,9.099828369990929,1.9595968678184479,3.6547407170379147,51.223128243143066
2015-16,N7,South West,South West,Region,45 and over,A to F2,2167.0,1720.0,447.0,429.0,18.0,877.0,0.0,474.0,403.0,357.0,406.0,28.0,52.0,8.924379576472914,1.84088494263193,3.611758601092176,50.98837209302326
2015-16,N1,North East and Yorkshire,North East and Yorkshire,Region,50<71,A to F2,2301.0,1834.0,466.0,451.0,15.0,1002.0,1.0,493.0,509.0,352.0,399.0,34.0,47.0,7.8246942044214105,1.5846621031118546,3.4073635779357905,54.63467829880043
2015-16,N2,North West,North West,Region,50<71,A to F2,1844.0,1476.0,367.0,348.0,19.0,776.0,1.0,388.0,388.0,288.0,337.0,35.0,40.0,8.56391822479821,1.704424071855175,3.6039048494812422,52.574525745257446
2015-16,N3,Midlands,Midlands,Region,50<71,A to F2,2987.0,2372.0,615.0,599.0,16.0,1302.0,0.0,655.0,647.0,397.0,564.0,45.0,64.0,8.36462717621724,1.7222114875706738,3.6460477346618165,54.89038785834739
2015-16,N4,East of England,East of England,Region,50<71,A to F2,1622.0,1322.0,299.0,286.0,13.0,730.0,1.0,350.0,380.0,249.0,279.0,23.0,41.0,7.556100083387294,1.3928939117958081,3.400710888330903,55.21936459909228
2015-16,N5,London,London,Region,50<71,A to F2,1759.0,1322.0,437.0,422.0,15.0,614.0,0.0,321.0,293.0,247.0,351.0,35.0,75.0,7.709434524592176,1.9153057914990226,2.691070379817849,46.4447806354009
2015-16,N6,South East,South East,Region,50<71,A to F2,2832.0,2240.0,591.0,572.0,19.0,1150.0,1.0,586.0,564.0,428.0,539.0,65.0,58.0,8.816305183626328,1.8398433487016808,3.5800674297917645,51.33928571428571
2015-16,N7,South West,South West,Region,50<71,A to F2,1767.0,1413.0,354.0,337.0,17.0,733.0,0.0,418.0,315.0,295.0,320.0,21.0,44.0,8.650358106222678,1.7330089245064106,3.5884054849242912,51.87544232130219
2016-17,N1,North East and Yorkshire,North East and Yorkshire,Region,45 and over,A to F2,2927.0,2357.0,569.0,549.0,20.0,1303.0,1.0,681.0,622.0,433.0,501.0,40.0,80.0,8.214434054399929,1.5968612835509255,3.656784274985687,55.28213831141281
2016-17,N2,North West,North West,Region,45 and over,A to F2,2465.0,1974.0,491.0,476.0,15.0,1026.0,0.0,507.0,519.0,355.0,480.0,48.0,65.0,8.564291248440883,1.7059095346792994,3.5646907995538926,51.97568389057751
2016-17,N3,Midlands,Midlands,Region,45 and over,A to F2,3459.0,2764.0,693.0,675.0,18.0,1464.0,2.0,735.0,729.0,488.0,658.0,62.0,92.0,8.396466638670352,1.682206238970383,3.553751708301069,52.96671490593343
2016-17,N4,East of England,East of England,Region,45 and over,A to F2,1974.0,1606.0,367.0,347.0,20.0,844.0,1.0,428.0,416.0,315.0,350.0,36.0,61.0,7.74169258342713,1.4393116403838688,3.3100245898746192,52.552926525529266
2016-17,N5,London,London,Region,45 and over,A to F2,2224.0,1689.0,533.0,520.0,13.0,800.0,2.0,410.0,390.0,265.0,446.0,57.0,121.0,7.930281981429447,1.9005576870961762,2.8526194177803768,47.365304914150386
2016-17,N6,South East,South East,Region,45 and over,A to F2,3285.0,2553.0,731.0,699.0,32.0,1345.0,1.0,692.0,653.0,427.0,602.0,71.0,108.0,8.927746403082994,1.9866613761502796,3.6553482228756855,52.6831179005092
2016-17,N7,South West,South West,Region,45 and over,A to F2,2068.0,1624.0,443.0,426.0,17.0,853.0,1.0,412.0,441.0,320.0,359.0,34.0,58.0,8.621875716578765,1.8469491984740782,3.556315273811261,52.52463054187192
2016-17,N1,North East and Yorkshire,North East and Yorkshire,Region,50<71,A to F2,2447.0,1982.0,465.0,448.0,17.0,1089.0,0.0,574.0,515.0,365.0,426.0,38.0,64.0,7.982020067587844,1.516812150154617,3.552276196813716,54.94450050454087
2016-17,N2,North West,North West,Region,50<71,A to F2,2078.0,1678.0,400.0,388.0,12.0,882.0,0.0,431.0,451.0,302.0,399.0,39.0,56.0,8.409891132785626,1.6188433364361163,3.5695495568416367,52.56257449344458
2016-17,N3,Midlands,Midlands,Region,50<71,A to F2,2819.0,2260.0,557.0,541.0,16.0,1207.0,2.0,605.0,602.0,403.0,541.0,47.0,62.0,8.072645215976909,1.595056184923426,3.4564323432721276,53.4070796460177
2016-17,N4,East of England,East of England,Region,50<71,A to F2,1627.0,1336.0,290.0,273.0,17.0,716.0,1.0,367.0,349.0,255.0,293.0,29.0,43.0,7.3843444635571025,1.3162015331478547,3.2496561990822896,53.59281437125748
2016-17,N5,London,London,Region,50<71,A to F2,1866.0,1410.0,454.0,443.0,11.0,676.0,2.0,350.0,326.0,219.0,368.0,49.0,98.0,7.679517992954269,1.8684357817798702,2.7820761860863263,47.94326241134752
2016-17,N6,South East,South East,Region,50<71,A to F2,2702.0,2107.0,594.0,566.0,28.0,1123.0,1.0,570.0,553.0,343.0,497.0,57.0,87.0,8.58600944397486,1.887523911813866,3.5685005942204904,53.29852871381111
2016-17,N7,South West,South West,Region,50<71,A to F2,1688.0,1325.0,362.0,347.0,15.0,716.0,1.0,351.0,365.0,246.0,290.0,25.0,48.0,8.248027167672424,1.768830470792309,3.4985707654345117,54.0377358490566
2017-18,N1,North East and Yorkshire,North East and Yorkshire,Region,45 and over,A to F2,2757.0,2150.0,605.0,582.0,23.0,1180.0,2.0,607.0,573.0,373.0,469.0,48.0,80.0,7.9512255615895535,1.744828242568618,3.403136076414825,54.88372093023256
2017-18,N2,North West,North West,Region,45 and over,A to F2,2302.0,1785.0,515.0,488.0,27.0,908.0,2.0,412.0,496.0,325.0,444.0,56.0,52.0,8.633751894024634,1.9315300718604198,3.405493796600507,50.86834733893557
2017-18,N3,Midlands,Midlands,Region,45 and over,A to F2,3419.0,2710.0,709.0,683.0,26.0,1395.0,0.0,688.0,707.0,502.0,647.0,74.0,92.0,8.19815607428455,1.7000563488352576,3.3449627738013885,51.476014760147606
2017-18,N4,East of England,East of England,Region,45 and over,A to F2,1914.0,1566.0,346.0,321.0,25.0,825.0,2.0,388.0,437.0,276.0,344.0,47.0,74.0,7.935027299976369,1.434440671782562,3.4202703879208487,52.68199233716475
2017-18,N5,London,London,Region,45 and over,A to F2,2265.0,1749.0,515.0,506.0,9.0,749.0,1.0,374.0,375.0,320.0,455.0,50.0,175.0,8.311743594636448,1.8898666451380886,2.748563334385298,42.82447112635792
2017-18,N6,South East,South East,Region,45 and over,A to F2,3170.0,2462.0,708.0,675.0,33.0,1254.0,0.0,629.0,625.0,469.0,588.0,61.0,90.0,8.944821456284654,1.9977708489115251,3.5384246391738032,50.93419983753046
2017-18,N7,South West,South West,Region,45 and over,A to F2,2174.0,1719.0,453.0,436.0,17.0,912.0,2.0,473.0,439.0,335.0,365.0,31.0,76.0,9.061655940511521,1.888192337190303,3.801393844409617,53.054101221640494
2017-18,N1,North East and Yorkshire,North East and Yorkshire,Region,50<71,A to F2,2301.0,1801.0,499.0,482.0,17.0,983.0,1.0,515.0,468.0,314.0,406.0,36.0,62.0,7.6890945848858,1.667474227665369,3.284823979549214,54.58078845086063
2017-18,N2,North West,North West,Region,50<71,A to F2,1889.0,1464.0,423.0,401.0,22.0,745.0,2.0,327.0,418.0,269.0,364.0,46.0,40.0,8.313272630453246,1.8615745487992186,3.2786596663248644,50.887978142076506
2017-18,N3,Midlands,Midlands,Region,50<71,A to F2,2828.0,2258.0,570.0,546.0,24.0,1170.0,0.0,584.0,586.0,421.0,538.0,56.0,73.0,7.980854978721483,1.6085881675640896,3.3018388702631314,51.815766164747565
2017-18,N4,East of England,East of England,Region,50<71,A to F2,1625.0,1334.0,289.0,266.0,23.0,716.0,2.0,334.0,382.0,233.0,288.0,37.0,60.0,7.622880839126722,1.3557000384662294,3.358758572809067,53.67316341829086
2017-18,N5,London,London,Region,50<71,A to F2,1898.0,1479.0,418.0,410.0,8.0,647.0,1.0,325.0,322.0,262.0,388.0,39.0,143.0,8.102731363290955,1.7844792991863117,2.76210073342953,43.745774171737665
2017-18,N6,South East,South East,Region,50<71,A to F2,2588.0,2011.0,577.0,548.0,29.0,1025.0,0.0,510.0,515.0,395.0,476.0,46.0,69.0,8.590757301147868,1.9153272653641114,3.4024444488703884,50.96966683242168
2017-18,N7,South West,South West,Region,50<71,A to F2,1777.0,1413.0,363.0,347.0,16.0,753.0,1.0,391.0,362.0,284.0,294.0,28.0,54.0,8.690591468842005,1.7752868335338479,3.6826197951817834,53.29087048832272
2018-19,N1,North East and Yorkshire,North East and Yorkshire,Region,45 and over,A to F2,3075.0,2420.0,652.0,625.0,27.0,1306.0,3.0,691.0,615.0,417.0,537.0,49.0,111.0,8.498959395703258,1.8020557808125282,3.6096393400938065,53.96694214876033
2018-19,N2,North West,North West,Region,45 and over,A to F2,2455.0,1941.0,509.0,490.0,19.0,994.0,5.0,510.0,484.0,340.0,475.0,58.0,74.0,8.988196356393884,1.8635405072930702,3.639212699900416,51.2107161257084
2018-19,N3,Midlands,Midlands,Region,45 and over,A to F2,3654.0,2919.0,735.0,710.0,25.0,1542.0,0.0,759.0,783.0,510.0,666.0,88.0,113.0,8.527023242789134,1.7152058246989639,3.598431811817418,52.826310380267216
2018-19,N4,East of England,East of England,Region,45 and over,A to F2,2287.0,1893.0,392.0,363.0,29.0,955.0,2.0,455.0,500.0,387.0,408.0,45.0,98.0,8.549277030967298,1.4653767363966685,3.5699866919867813,50.449022715266764
2018-19,N5,London,London,Region,45 and over,A to F2,2210.0,1630.0,580.0,561.0,19.0,690.0,0.0,339.0,351.0,280.0,451.0,60.0,149.0,8.222949843726745,2.1580592350052092,2.5673463312993006,42.331288343558285
2018-19,N6,South East,South East,Region,45 and over,A to F2,3585.0,2788.0,795.0,767.0,28.0,1412.0,2.0,715.0,697.0,494.0,659.0,79.0,144.0,9.341630055815262,2.071574865933928,3.6793254222625245,50.64562410329986
2018-19,N7,South West,South West,Region,45 and over,A to F2,2292.0,1826.0,465.0,445.0,20.0,989.0,1.0,493.0,496.0,298.0,429.0,39.0,71.0,9.130928430571878,1.8524789355217817,3.940003585443101,54.16210295728368
2018-19,N1,North East and Yorkshire,North East and Yorkshire,Region,50<71,A to F2,2437.0,1921.0,514.0,493.0,21.0,1041.0,2.0,557.0,484.0,333.0,427.0,36.0,84.0,8.037811024037573,1.6952953903796932,3.4334679015277447,54.19052576782926
2018-19,N2,North West,North West,Region,50<71,A to F2,1943.0,1534.0,406.0,390.0,16.0,791.0,3.0,399.0,392.0,269.0,379.0,43.0,52.0,8.568114970609118,1.790352381918323,3.4881003302891465,51.56453715775749
2018-19,N3,Midlands,Midlands,Region,50<71,A to F2,2849.0,2283.0,566.0,547.0,19.0,1221.0,0.0,597.0,624.0,394.0,522.0,67.0,79.0,8.011315385437348,1.5915775739408697,3.4334208794731484,53.482260183968464
2018-19,N4,East of England,East of England,Region,50<71,A to F2,1779.0,1458.0,321.0,297.0,24.0,750.0,0.0,354.0,396.0,304.0,298.0,36.0,70.0,7.736228947150989,1.3959131489800265,3.2614793200467913,51.440329218106996
2018-19,N5,London,London,Region,50<71,A to F2,1793.0,1324.0,469.0,453.0,16.0,577.0,0.0,292.0,285.0,229.0,354.0,48.0,116.0,7.874534467008642,2.0597638957206104,2.5340805284238637,43.58006042296073
2018-19,N6,South East,South East,Region,50<71,A to F2,2706.0,2107.0,598.0,576.0,22.0,1097.0,1.0,541.0,556.0,360.0,497.0,57.0,96.0,8.538243822709962,1.8868698469994667,3.46136491999735,52.06454674893213
2018-19,N7,South West,South West,Region,50<71,A to F2,1778.0,1411.0,367.0,349.0,18.0,770.0,0.0,377.0,393.0,235.0,327.0,32.0,47.0,8.5653311237541,1.7679845457917631,3.7093953685549255,54.571226080793764
2019-20,N1,North East and Yorkshire,North East and Yorkshire,Region,45 and over,A to F2,2736.0,2205.0,531.0,511.0,20.0,1153.0,0.0,574.0,579.0,408.0,505.0,57.0,82.0,8.0220959484897,1.5569199373713563,3.380656662503152,52.290249433106574
2019-20,N2,North West,North West,Region,45 and over,A to F2,2234.0,1755.0,478.0,461.0,17.0,871.0,1.0,417.0,454.0,331.0,422.0,65.0,66.0,8.17712965911545,1.749627563588713,3.1881288867903117,49.629629629629626
2019-20,N3,Midlands,Midlands,Region,45 and over,A to F2,3444.0,2772.0,671.0,655.0,16.0,1425.0,1.0,691.0,734.0,500.0,646.0,76.0,125.0,8.60586918279226,1.6766951863105708,3.560790820406205,51.40692640692641
2019-20,N4,East of England,East of England,Region,45 and over,A to F2,1942.0,1588.0,353.0,333.0,20.0,832.0,1.0,406.0,426.0,304.0,332.0,43.0,77.0,8.068268687472996,1.4665802506065742,3.456642403695948,52.39294710327456
2019-20,N5,London,London,Region,45 and over,A to F2,2075.0,1563.0,510.0,484.0,26.0,701.0,2.0,376.0,325.0,269.0,419.0,50.0,124.0,7.735033176768806,1.9011406844106464,2.6131365093565946,44.849648112603965
2019-20,N6,South East,South East,Region,45 and over,A to F2,3249.0,2509.0,739.0,706.0,33.0,1224.0,1.0,564.0,660.0,481.0,623.0,83.0,98.0,8.97223825448681,2.0407768759820724,3.380122998920238,48.78437624551614
2019-20,N7,South West,South West,Region,45 and over,A to F2,2091.0,1630.0,460.0,434.0,26.0,886.0,1.0,455.0,431.0,287.0,370.0,36.0,51.0,8.783315481066095,1.932245395165186,3.721672652426858,54.355828220858896
2019-20,N1,North East and Yorkshire,North East and Yorkshire,Region,50<71,A to F2,2292.0,1838.0,454.0,436.0,18.0,968.0,0.0,482.0,486.0,338.0,424.0,45.0,63.0,7.752514831927373,1.5356203026592614,3.2741860197668835,52.66594124047879
2019-20,N2,North West,North West,Region,50<71,A to F2,1841.0,1457.0,384.0,372.0,12.0,723.0,0.0,348.0,375.0,278.0,351.0,54.0,51.0,7.858219116686657,1.6390853562236156,3.086090397264776,49.62251201098147
2019-20,N3,Midlands,Midlands,Region,50<71,A to F2,2798.0,2248.0,549.0,536.0,13.0,1160.0,1.0,554.0,606.0,411.0,525.0,62.0,90.0,8.191178235705692,1.6072040212303162,3.395913778920158,51.60142348754449
2019-20,N4,East of England,East of England,Region,50<71,A to F2,1593.0,1302.0,291.0,274.0,17.0,683.0,0.0,331.0,352.0,258.0,266.0,37.0,58.0,7.515143509520125,1.372822825656219,3.2221236767120183,52.45775729646698
2019-20,N5,London,London,Region,50<71,A to F2,1785.0,1331.0,452.0,431.0,21.0,613.0,2.0,326.0,287.0,230.0,347.0,44.0,97.0,7.5337117774917175,1.9076962036001435,2.5872074619621417,46.055597295266715
2019-20,N6,South East,South East,Region,50<71,A to F2,2672.0,2062.0,610.0,583.0,27.0,1011.0,0.0,466.0,545.0,402.0,508.0,71.0,70.0,8.600876825915934,1.963523526874521,3.2542988289674444,49.03006789524733
2019-20,N7,South West,South West,Region,50<71,A to F2,1698.0,1325.0,372.0,349.0,23.0,706.0,1.0,367.0,339.0,239.0,308.0,31.0,41.0,8.313748531139836,1.8213866039952997,3.45671758715237,53.283018867924525
2020-21,N1,North East and Yorkshire,North East and Yorkshire,Region,45 and over,A to F2,1646.0,1317.0,327.0,313.0,14.0,672.0,2.0,365.0,307.0,224.0,318.0,38.0,65.0,8.775109822152087,1.7432933850812469,3.5825478739284344,51.025056947608206
2020-21,N2,North West,North West,Region,45 and over,A to F2,1284.0,1001.0,283.0,277.0,6.0,451.0,0.0,216.0,235.0,187.0,277.0,30.0,56.0,9.280407065830177,2.045447974789673,3.2597068432160516,45.05494505494506
2020-21,N3,Midlands,Midlands,Region,45 and over,A to F2,1997.0,1569.0,427.0,409.0,18.0,774.0,1.0,369.0,405.0,277.0,365.0,42.0,111.0,9.193190502057766,1.965694714260724,3.563109388378923,49.330783938814534
2020-21,N4,East of England,East of England,Region,45 and over,A to F2,1326.0,1095.0,231.0,222.0,9.0,563.0,0.0,263.0,300.0,171.0,268.0,23.0,70.0,8.704442810629136,1.5163848335258903,3.695777754437559,51.415525114155244
2020-21,N5,London,London,Region,45 and over,A to F2,1119.0,840.0,278.0,267.0,11.0,352.0,1.0,177.0,175.0,160.0,222.0,36.0,70.0,8.76656952148162,2.1779323744163457,2.757669769045157,41.904761904761905
2020-21,N6,South East,South East,Region,45 and over,A to F2,2101.0,1642.0,459.0,438.0,21.0,776.0,0.0,381.0,395.0,301.0,415.0,42.0,108.0,9.206715073859678,2.011367072299663,3.4004811505545502,47.259439707673565
2020-21,N7,South West,South West,Region,45 and over,A to F2,1340.0,1048.0,290.0,276.0,14.0,552.0,2.0,269.0,283.0,181.0,230.0,31.0,54.0,9.866144399122355,2.1352103550339425,4.064262468892194,52.67175572519084
2020-21,N1,North East and Yorkshire,North East and Yorkshire,Region,50<71,A to F2,1503.0,1201.0,300.0,287.0,13.0,615.0,2.0,338.0,277.0,206.0,288.0,32.0,60.0,8.542976343401502,1.7051848988825355,3.4956290427091976,51.20732722731057
2020-21,N2,North West,North West,Region,50<71,A to F2,1169.0,913.0,256.0,250.0,6.0,408.0,0.0,198.0,210.0,170.0,252.0,30.0,53.0,9.036517114498624,1.9789122166908877,3.153891345351102,44.687842278203725
2020-21,N3,Midlands,Midlands,Region,50<71,A to F2,1810.0,1413.0,396.0,380.0,16.0,701.0,1.0,331.0,370.0,244.0,340.0,36.0,92.0,8.914894769764222,1.950441065650073,3.4526747146987407,49.610757254069355
2020-21,N4,East of England,East of England,Region,50<71,A to F2,1224.0,1012.0,212.0,204.0,8.0,527.0,0.0,245.0,282.0,153.0,250.0,21.0,61.0,8.414163842468154,1.4573551753294518,3.6227649877293446,52.07509881422925
2020-21,N5,London,London,Region,50<71,A to F2,1040.0,777.0,262.0,251.0,11.0,326.0,1.0,161.0,165.0,145.0,206.0,35.0,65.0,8.671797480175771,2.1846259036596654,2.7182749793627896,41.95624195624196
2020-21,N6,South East,South East,Region,50<71,A to F2,1915.0,1485.0,430.0,412.0,18.0,703.0,0.0,350.0,353.0,271.0,380.0,37.0,94.0,8.937572340663854,2.0068700294963224,3.280999141246313,47.340067340067336
2020-21,N7,South West,South West,Region,50<71,A to F2,1241.0,971.0,268.0,255.0,13.0,506.0,2.0,250.0,256.0,168.0,217.0,31.0,49.0,9.696373040801337,2.093979028956292,3.95355742034285,52.111225540679705
2021-22,N1,North East and Yorkshire,North East and Yorkshire,Region,45 and over,A to F2,3127.0,2479.0,648.0,617.0,31.0,1242.0,0.0,589.0,653.0,473.0,581.0,75.0,108.0,8.443409981962912,1.7497056822232064,3.3536025575944786,50.10084711577248
2021-22,N2,North West,North West,Region,45 and over,A to F2,2392.0,1885.0,502.0,480.0,22.0,887.0,5.0,452.0,435.0,354.0,485.0,47.0,112.0,9.236127467826073,1.9383511659066424,3.424935227408749,47.05570291777189
2021-22,N3,Midlands,Midlands,Region,45 and over,A to F2,3923.0,3136.0,787.0,760.0,27.0,1545.0,0.0,767.0,778.0,554.0,786.0,73.0,178.0,9.324424859111577,1.8705894377060441,3.6722499126503663,49.266581632653065
2021-22,N4,East of England,East of England,Region,45 and over,A to F2,2248.0,1822.0,425.0,392.0,33.0,844.0,1.0,404.0,440.0,356.0,443.0,54.0,125.0,8.572496320080539,1.6206899181646925,3.2184995080729424,46.32272228320527
2021-22,N5,London,London,Region,45 and over,A to F2,2416.0,1847.0,569.0,548.0,21.0,753.0,0.0,373.0,380.0,383.0,492.0,65.0,154.0,8.983349569795717,2.1156978084494056,2.7998601929040463,40.768814293448834
2021-22,N6,South East,South East,Region,45 and over,A to F2,3647.0,2806.0,841.0,794.0,47.0,1349.0,0.0,675.0,674.0,496.0,685.0,87.0,189.0,9.79126115846701,2.2578696556815894,3.621719578495201,48.07555238774056
2021-22,N7,South West,South West,Region,45 and over,A to F2,2399.0,1918.0,481.0,455.0,26.0,930.0,0.0,459.0,471.0,419.0,440.0,38.0,91.0,9.652253332421353,1.9352788048748104,3.7418072526685524,48.488008342022944
2021-22,N1,North East and Yorkshire,North East and Yorkshire,Region,50<71,A to F2,2804.0,2226.0,578.0,551.0,27.0,1126.0,0.0,532.0,594.0,425.0,511.0,69.0,95.0,8.085608251703485,1.6667195326264674,3.246931131033568,50.58400718778078
2021-22,N2,North West,North West,Region,50<71,A to F2,2161.0,1695.0,461.0,442.0,19.0,797.0,5.0,407.0,390.0,317.0,433.0,44.0,104.0,8.864186389925756,1.8909717379712048,3.269207104475163,47.02064896755162
2021-22,N3,Midlands,Midlands,Region,50<71,A to F2,3512.0,2797.0,715.0,691.0,24.0,1389.0,0.0,682.0,707.0,494.0,689.0,66.0,159.0,8.900084388613367,1.8119477044016392,3.5199935124669604,49.66035037540222
2021-22,N4,East of England,East of England,Region,50<71,A to F2,1906.0,1538.0,368.0,337.0,31.0,727.0,0.0,355.0,372.0,299.0,363.0,50.0,99.0,7.982543943778767,1.5412256932374533,3.0447583668033387,47.26918075422627
2021-22,N5,London,London,Region,50<71,A to F2,2209.0,1680.0,529.0,510.0,19.0,682.0,0.0,336.0,346.0,352.0,441.0,59.0,146.0,8.589515269817323,2.056973099924565,2.651901047539798,40.595238095238095
2021-22,N6,South East,South East,Region,50<71,A to F2,3224.0,2461.0,763.0,723.0,40.0,1183.0,0.0,591.0,592.0,444.0,595.0,77.0,162.0,9.283468285322675,2.1970491010239455,3.406433927275659,48.06989028850061
2021-22,N7,South West,South West,Region,50<71,A to F2,2133.0,1700.0,433.0,410.0,23.0,831.0,0.0,407.0,424.0,377.0,377.0,34.0,81.0,9.18138069370432,1.8638245852667463,3.5769936035950725,48.88235294117647
2022-23,N1,North East and Yorkshire,North East and Yorkshire,Region,45 and over,A to F2,2830.0,2282.0,541.0,511.0,30.0,1176.0,7.0,578.0,598.0,405.0,534.0,54.0,113.0,8.344611828118689,1.5952067134318764,3.467584279105151,51.533742331288344
2022-23,N2,North West,North West,Region,45 and over,A to F2,2477.0,1958.0,518.0,501.0,17.0,921.0,1.0,447.0,474.0,357.0,505.0,57.0,118.0,8.695346918715883,1.8184052094851948,3.2331104207256067,47.03779366700715
2022-23,N3,Midlands,Midlands,Region,45 and over,A to F2,3631.0,2934.0,697.0,672.0,25.0,1430.0,0.0,710.0,720.0,523.0,733.0,83.0,165.0,8.610958280369577,1.6529435200819595,3.391261454400577,48.73892297205181
2022-23,N4,East of England,East of England,Region,45 and over,A to F2,2000.0,1622.0,378.0,360.0,18.0,775.0,0.0,384.0,391.0,307.0,391.0,43.0,106.0,8.225409111285673,1.554602322032992,3.187346030623198,47.78051787916153
2022-23,N5,London,London,Region,45 and over,A to F2,2253.0,1718.0,535.0,514.0,21.0,695.0,0.0,348.0,347.0,322.0,489.0,67.0,145.0,8.213544875557321,1.9503979176312327,2.5336944911284234,40.45401629802095
2022-23,N6,South East,South East,Region,45 and over,A to F2,3513.0,2730.0,780.0,746.0,34.0,1220.0,3.0,597.0,623.0,477.0,701.0,94.0,238.0,9.481730193089376,2.105251793512586,3.292829728314557,44.68864468864469
2022-23,N7,South West,South West,Region,45 and over,A to F2,2238.0,1786.0,451.0,432.0,19.0,888.0,1.0,455.0,433.0,348.0,414.0,46.0,90.0,9.201394599217183,1.854257803506233,3.650955497812716,49.72004479283314
2022-23,N1,North East and Yorkshire,North East and Yorkshire,Region,50<71,A to F2,2517.0,2022.0,489.0,460.0,29.0,1060.0,6.0,519.0,541.0,350.0,466.0,45.0,101.0,7.909324015183891,1.5366147967520551,3.3309032404032277,52.42334322453017
2022-23,N2,North West,North West,Region,50<71,A to F2,2250.0,1764.0,485.0,469.0,16.0,832.0,1.0,406.0,426.0,321.0,464.0,49.0,98.0,8.403173038139201,1.8113506326655613,3.1073066523252515,47.16553287981859
2022-23,N3,Midlands,Midlands,Region,50<71,A to F2,3189.0,2573.0,616.0,594.0,22.0,1264.0,0.0,634.0,630.0,465.0,637.0,68.0,139.0,8.098122119376832,1.564265671224876,3.209791896799096,49.1255343956471
2022-23,N4,East of England,East of England,Region,50<71,A to F2,1664.0,1344.0,320.0,305.0,15.0,655.0,0.0,326.0,329.0,250.0,320.0,37.0,82.0,7.552136519390927,1.4523339460367166,2.9727460457939046,48.735119047619044
2022-23,N5,London,London,Region,50<71,A to F2,2018.0,1528.0,490.0,471.0,19.0,614.0,0.0,303.0,311.0,289.0,433.0,58.0,134.0,7.716397535953136,1.8736545057567078,2.3478038092543234,40.18324607329843
2022-23,N6,South East,South East,Region,50<71,A to F2,3066.0,2360.0,703.0,669.0,34.0,1062.0,3.0,517.0,545.0,412.0,605.0,78.0,203.0,8.90616285554936,2.0420849600297455,3.084913552704964,45.0
2022-23,N7,South West,South West,Region,50<71,A to F2,1958.0,1544.0,413.0,396.0,17.0,764.0,1.0,388.0,376.0,300.0,369.0,38.0,73.0,8.69464821755271,1.8339579743867565,3.392600223805041,49.48186528497409
2023-24,N1,North East and Yorkshire,North East and Yorkshire,Region,45 and over,A to F2,2473.0,1991.0,482.0,452.0,30.0,973.0,0.0,478.0,495.0,372.0,495.0,47.0,104.0,8.180777653542577,1.5944742535412546,3.2187208479162672,48.86991461577097
2023-24,N2,North West,North West,Region,45 and over,A to F2,2238.0,1748.0,489.0,468.0,21.0,790.0,1.0,392.0,398.0,332.0,450.0,70.0,106.0,8.876232479554522,1.939444898347704,3.133254539252937,45.19450800915332
2023-24,N3,Midlands,Midlands,Region,45 and over,A to F2,2985.0,2414.0,570.0,542.0,28.0,1152.0,1.0,551.0,601.0,436.0,636.0,72.0,118.0,8.358113670345917,1.5960217058952002,3.225643868756615,47.72162386081193
2023-24,N4,East of England,East of England,Region,45 and over,A to F2,1812.0,1445.0,367.0,356.0,11.0,681.0,0.0,327.0,354.0,279.0,344.0,38.0,103.0,7.924048086552296,1.604925854174775,2.978077674912866,47.1280276816609
2023-24,N5,London,London,Region,45 and over,A to F2,2157.0,1672.0,484.0,464.0,20.0,654.0,1.0,304.0,350.0,301.0,534.0,64.0,119.0,8.214482929337168,1.8432126739912789,2.4906220842774722,39.11483253588517
2023-24,N6,South East,South East,Region,45 and over,A to F2,3190.0,2470.0,720.0,693.0,27.0,1179.0,0.0,590.0,589.0,462.0,621.0,74.0,134.0,9.146927177269744,2.0645102092897227,3.3806354677119206,47.73279352226721
2023-24,N7,South West,South West,Region,45 and over,A to F2,1822.0,1451.0,370.0,348.0,22.0,732.0,1.0,366.0,366.0,263.0,331.0,44.0,81.0,9.121401752190238,1.8523153942428034,3.6645807259073844,50.44796691936595
2023-24,N1,North East and Yorkshire,North East and Yorkshire,Region,50<71,A to F2,2246.0,1815.0,431.0,403.0,28.0,906.0,0.0,444.0,462.0,327.0,444.0,43.0,95.0,7.847220281186238,1.505855717360315,3.1654414847527743,49.917355371900825
2023-24,N2,North West,North West,Region,50<71,A to F2,2010.0,1559.0,450.0,429.0,21.0,732.0,1.0,369.0,363.0,294.0,387.0,56.0,90.0,8.533582406385328,1.9105035238176107,3.107752398743313,46.953175112251444
2023-24,N3,Midlands,Midlands,Region,50<71,A to F2,2695.0,2163.0,531.0,507.0,24.0,1056.0,1.0,508.0,548.0,387.0,560.0,62.0,98.0,7.988049048695976,1.5738976047708955,3.1300110558155665,48.82108183079057
2023-24,N4,East of England,East of England,Region,50<71,A to F2,1577.0,1244.0,333.0,323.0,10.0,594.0,0.0,289.0,305.0,243.0,296.0,32.0,79.0,7.483190107194208,1.5801536497753144,2.8186524563559665,47.7491961414791
2023-24,N5,London,London,Region,50<71,A to F2,2008.0,1550.0,457.0,439.0,18.0,610.0,1.0,284.0,326.0,281.0,488.0,59.0,112.0,7.888554524526019,1.7953532956715095,2.396423436235494,39.35483870967742
2023-24,N6,South East,South East,Region,50<71,A to F2,2824.0,2166.0,658.0,632.0,26.0,1042.0,0.0,521.0,521.0,408.0,534.0,66.0,116.0,8.599138259161705,2.0036235745497177,3.172911496475389,48.10710987996307
2023-24,N7,South West,South West,Region,50<71,A to F2,1610.0,1272.0,337.0,316.0,21.0,662.0,1.0,326.0,336.0,218.0,287.0,36.0,69.0,8.650937363989533,1.8107862681145792,3.5570934999758204,52.04402515723271
2024-25,N1,North East and Yorkshire,North East and Yorkshire,Region,45 and over,A to F2,3079.0,2497.0,582.0,552.0,30.0,1288.0,0.0,663.0,625.0,432.0,554.0,84.0,139.0,8.833004856861715,1.6696358644668783,3.695001706930136,51.581898277933526
2024-25,N2,North West,North West,Region,45 and over,A to F2,2362.0,1894.0,468.0,446.0,22.0,896.0,0.0,415.0,481.0,344.0,467.0,69.0,118.0,9.013409449960696,1.7858914574858618,3.419142619460111,47.30728616684266
2024-25,N3,Midlands,Midlands,Region,45 and over,A to F2,3552.0,2872.0,680.0,648.0,32.0,1400.0,0.0,668.0,732.0,510.0,744.0,97.0,121.0,8.848212795532051,1.6939146117572619,3.4874712595002455,48.74651810584958
2024-25,N4,East of England,East of England,Region,45 and over,A to F2,2148.0,1724.0,423.0,409.0,14.0,823.0,1.0,397.0,426.0,319.0,415.0,64.0,103.0,8.669890294404935,1.7073387311607482,3.3218434414782405,47.73781902552204
2024-25,N5,London,London,Region,45 and over,A to F2,2337.0,1803.0,534.0,515.0,19.0,744.0,0.0,357.0,387.0,320.0,539.0,65.0,135.0,8.415798798669028,1.9229938204917678,2.6792273454042608,41.26455906821963
2024-25,N6,South East,South East,Region,45 and over,A to F2,3619.0,2788.0,830.0,806.0,24.0,1310.0,1.0,643.0,667.0,507.0,714.0,118.0,139.0,9.711942549525808,2.227386658222277,3.5155138822544374,46.987087517934
2024-25,N7,South West,South West,Region,45 and over,A to F2,2194.0,1753.0,441.0,422.0,19.0,896.0,0.0,494.0,402.0,336.0,407.0,41.0,73.0,9.284335962625681,1.8661769186499204,3.791597549003013,51.1123787792356
2024-25,N1,North East and Yorkshire,North East and Yorkshire,Region,50<71,A to F2,2766.0,2234.0,532.0,503.0,29.0,1161.0,0.0,601.0,560.0,384.0,499.0,72.0,118.0,8.520023286831544,1.6387029604462693,3.576191986988945,51.96956132497762
2024-25,N2,North West,North West,Region,50<71,A to F2,2120.0,1699.0,421.0,403.0,18.0,812.0,0.0,373.0,439.0,309.0,413.0,63.0,102.0,8.673594632190492,1.7224449717699042,3.3221503968578676,47.79281930547381
2024-25,N3,Midlands,Midlands,Region,50<71,A to F2,3189.0,2571.0,618.0,592.0,26.0,1263.0,0.0,596.0,667.0,463.0,662.0,86.0,97.0,8.480277836133057,1.643402854415249,3.358604862664174,49.12485414235706
2024-25,N4,East of England,East of England,Region,50<71,A to F2,1810.0,1442.0,367.0,354.0,13.0,689.0,1.0,334.0,355.0,270.0,345.0,54.0,84.0,8.089385474860334,1.6402234636871509,3.0793296089385476,47.78085991678225
2024-25,N5,London,London,Region,50<71,A to F2,2177.0,1667.0,510.0,491.0,19.0,688.0,0.0,326.0,362.0,301.0,497.0,65.0,116.0,8.130293840844923,1.9046623145755217,2.5694268086822722,41.271745650869825
2024-25,N6,South East,South East,Region,50<71,A to F2,3182.0,2420.0,762.0,740.0,22.0,1154.0,0.0,555.0,599.0,436.0,610.0,99.0,121.0,9.159285794471613,2.1933927641066533,3.321752296298002,47.68595041322314
2024-25,N7,South West,South West,Region,50<71,A to F2,1969.0,1563.0,406.0,387.0,19.0,809.0,0.0,452.0,357.0,294.0,364.0,38.0,58.0,8.925374081511466,1.840376778615366,3.6671547140389924,51.75943698016635
2014-15,N1,North East and Yorkshire,Barnsley,BSU,45 and over,A to F2,77.0,not included,not included,not included,not included,not included,not included,not included,not included,not included,not included,not included,not included,7.543842461056138,1.175663760164593,4.01685118056236,63.07692307692307
2014-15,N1,North East and Yorkshire,Doncaster,BSU,45 and over,A to F2,144.0,not included,not included,not included,not included,not included,not included,not included,not included,not included,not included,not included,not included,8.530300337657723,1.954860494046561,3.7320063977252533,56.75675675675676
2014-15,N1,North East and Yorkshire,Gateshead,BSU,45 and over,A to F2,235.0,not included,not included,not included,not included,not included,not included,not included,not included,not included,not included,not included,not included,6.7614224882034755,1.1796524341120957,3.4814132811600875,62.69430051813472
2014-15,N1,North East and Yorkshire,Humberside,BSU,45 and over,A to F2,270.0,not included,not included,not included,not included,not included,not included,not included,not included,not included,not included,not included,not included,7.313109425785482,1.570964247020585,3.006500541711809,52.358490566037744
2014-15,N1,North East and Yorkshire,Leeds Wakefield,BSU,45 and over,A to F2,319.0,not included,not included,not included,not included,not included,not included,not included,not included,not included,not included,not included,not included,8.289374529012811,1.5851155055479043,4.18366551464283,62.4031007751938
2014-15,N1,North East and Yorkshire,Newcastle,BSU,45 and over,A to F2,348.0,not included,not included,not included,not included,not included,not included,not included,not included,not included,not included,not included,not included,9.319015612029029,2.1690812200412393,3.909701952173098,54.68164794007491
2014-15,N1,North East and Yorkshire,North Cumbria,BSU,45 and over,A to F2,119.0,not included,not included,not included,not included,not included,not included,not included,not included,not included,not included,not included,not included,7.827402486351378,1.2497533381569428,3.6177070315069395,55.00000000000001
2014-15,N1,North East and Yorkshire,North Tees,BSU,45 and over,A to F2,291.0,not included,not included,not included,not included,not included,not included,not included,not included,not included,not included,not included,not included,7.742244452721758,1.6229447134571382,3.1926781248337144,52.17391304347826
2014-15,N1,North East and Yorkshire,North Yorkshire,BSU,45 and over,A to F2,296.0,not included,not included,not included,not included,not included,not included,not included,not included,not included,not included,not included,not included,8.036708207759768,1.466156227091309,3.393880155303956,51.652892561983464
2014-15,N1,North East and Yorkshire,Pennine,BSU,45 and over,A to F2,345.0,not included,not included,not included,not included,not included,not included,not included,not included,not included,not included,not included,not included,7.7081192189105865,1.8991018365431878,3.3066714330399036,56.92307692307692
2014-15,N1,North East and Yorkshire,Rotherham,BSU,45 and over,A to F2,92.0,not included,not included,not included,not included,not included,not included,not included,not included,not included,not included,not included,not included,7.848490018768129,0.8530967411704488,4.094864357618154,58.536585365853654
2014-15,N1,North East and Yorkshire,Sheffield,BSU,45 and over,A to F2,159.0,not included,not included,not included,not included,not included,not included,not included,not included,not included,not included,not included,not included,7.553085364115718,1.5201178091302077,2.992731936725096,49.60629921259843
2014-15,N2,North West,Bolton,BSU,45 and over,A to F2,239.0,not included,not included,not included,not included,not included,not included,not included,not included,not included,not included,not included,not included,9.182418933456278,1.7673274934685723,4.110957430459505,55.44041450777202
2014-15,N2,North West,Cheshire & Stockport,BSU,45 and over,A to F2,204.0,not included,not included,not included,not included,not included,not included,not included,not included,not included,not included,not included,not included,9.61311908015645,2.1205409735639225,4.28820507987371,57.23270440251572
2014-15,N2,North West,Chester,BSU,45 and over,A to F2,100.0,not included,not included,not included,not included,not included,not included,not included,not included,not included,not included,not included,not included,9.926543577526306,2.183839587055787,3.672821123684733,47.43589743589743
2014-15,N2,North West,Crewe,BSU,45 and over,A to F2,88.0,not included,not included,not included,not included,not included,not included,not included,not included,not included,not included,not included,not included,6.974716652136007,1.3473884441626378,2.615518744551003,46.478873239436616
2014-15,N2,North West,East Lancashire,BSU,45 and over,A to F2,170.0,not included,not included,not included,not included,not included,not included,not included,not included,not included,not included,not included,not included,7.916181606519208,1.7694994179278232,3.3061699650756693,53.78787878787878
2014-15,N2,North West,Liverpool,BSU,45 and over,A to F2,265.0,not included,not included,not included,not included,not included,not included,not included,not included,not included,not included,not included,not included,8.665794637017658,1.700457815565729,3.237410071942446,46.478873239436616
2014-15,N2,North West,Manchester,BSU,45 and over,A to F2,412.0,not included,not included,not included,not included,not included,not included,not included,not included,not included,not included,not included,not included,10.032630399844154,2.264647153362879,4.553645351385574,58.620689655172406
2014-15,N2,North West,North Lancashire & South Cumbria,BSU,45 and over,A to F2,282.0,not included,not included,not included,not included,not included,not included,not included,not included,not included,not included,not included,not included,9.836751778987024,2.685921585042556,3.592856146225757,50.24390243902439
2014-15,N2,North West,South Lancashire,BSU,45 and over,A to F2,239.0,not included,not included,not included,not included,not included,not included,not included,not included,not included,not included,not included,not included,9.007650849885048,2.072890362944258,3.618135906229978,52.17391304347826
2014-15,N2,North West,"Warrington, Halton, St Helens & Knowsley",BSU,45 and over,A to F2,184.0,not included,not included,not included,not included,not included,not included,not included,not included,not included,not included,not included,not included,8.159283402066427,1.55203760365394,2.5276040973792737,38.25503355704698
2014-15,N2,North West,Wirral,BSU,45 and over,A to F2,166.0,not included,not included,not included,not included,not included,not included,not included,not included,not included,not included,not included,not included,11.430145286786477,3.0985333608758525,3.9248089237760793,47.107438016528924
2014-15,N3,Midlands,"City, Sandwell & Walsall",BSU,45 and over,A to F2,329.0,not included,not included,not included,not included,not included,not included,not included,not included,not included,not included,not included,not included,8.39200081624324,2.219161310070401,3.009896949290889,48.760330578512395
2014-15,N3,Midlands,"Dudley, Wolverhampton & South West Staffordshire",BSU,45 and over,A to F2,207.0,not included,not included,not included,not included,not included,not included,not included,not included,not included,not included,not included,not included,9.867950612575678,2.097535395909806,4.385755827811412,56.44171779141104
2014-15,N3,Midlands,Hereford & Worcester,BSU,45 and over,A to F2,284.0,not included,not included,not included,not included,not included,not included,not included,not included,not included,not included,not included,not included,8.062455642299502,1.4194464158978,3.3215046132008514,50.0
2014-15,N3,Midlands,Kettering,BSU,45 and over,A to F2,130.0,not included,not included,not included,not included,not included,not included,not included,not included,not included,not included,not included,not included,8.655126498002662,1.9973368841544608,2.862849533954727,43.0
2014-15,N3,Midlands,Leicestershire,BSU,45 and over,A to F2,383.0,not included,not included,not included,not included,not included,not included,not included,not included,not included,not included,not included,not included,8.669669737646286,1.7429884328949454,4.119790841388053,60.264900662251655
2014-15,N3,Midlands,Lincolnshire,BSU,45 and over,A to F2,254.0,not included,not included,not included,not included,not included,not included,not included,not included,not included,not included,not included,not included,8.093038075513782,1.5612553767723434,3.249960172056715,50.0
2014-15,N3,Midlands,North Derbyshire & Chesterfield,BSU,45 and over,A to F2,117.0,not included,not included,not included,not included,not included,not included,not included,not included,not included,not included,not included,not included,7.357565086152686,2.2009810086781534,3.2071437555024525,62.96296296296296
2014-15,N3,Midlands,North Midlands,BSU,45 and over,A to F2,153.0,not included,not included,not included,not included,not included,not included,not included,not included,not included,not included,not included,not included,7.609668755595345,2.536556251865115,3.2328658112006368,63.725490196078425
2014-15,N3,Midlands,North Nottinghamshire,BSU,45 and over,A to F2,96.0,not included,not included,not included,not included,not included,not included,not included,not included,not included,not included,not included,not included,8.578321865785005,1.4297203109641676,3.75301581628094,53.16455696202531
2014-15,N3,Midlands,Northampton,BSU,45 and over,A to F2,123.0,not included,not included,not included,not included,not included,not included,not included,not included,not included,not included,not included,not included,8.244520410215163,1.8768013941953214,3.8206314096119045,60.0
2014-15,N3,Midlands,Nottingham City,BSU,45 and over,A to F2,263.0,not included,not included,not included,not included,not included,not included,not included,not included,not included,not included,not included,not included,8.394242124413521,1.4681944400114904,4.021576074814082,58.333333333333336
2014-15,N3,Midlands,Shropshire,BSU,45 and over,A to F2,224.0,not included,not included,not included,not included,not included,not included,not included,not included,not included,not included,not included,not included,8.918262531353268,1.9508699287335272,3.662857825377235,52.57142857142857
2014-15,N3,Midlands,South Birmingham,BSU,45 and over,A to F2,108.0,not included,not included,not included,not included,not included,not included,not included,not included,not included,not included,not included,not included,7.8545454545454545,1.8181818181818181,2.181818181818182,36.58536585365854
2014-15,N3,Midlands,South Derbyshire & South East Staffordshire,BSU,45 and over,A to F2,222.0,not included,not included,not included,not included,not included,not included,not included,not included,not included,not included,not included,not included,8.197326637619081,1.5877704748541468,2.953991581123994,45.19774011299435
2014-15,N3,Midlands,South Staffordshire,BSU,45 and over,A to F2,219.0,not included,not included,not included,not included,not included,not included,not included,not included,not included,not included,not included,not included,8.691510894154066,1.6668651029884511,4.3655990792554675,62.14689265536724
2014-15,N3,Midlands,"Warwickshire, Solihull & Coventry",BSU,45 and over,A to F2,374.0,not included,not included,not included,not included,not included,not included,not included,not included,not included,not included,not included,not included,8.89396209364819,1.9975743739744598,2.9012389717248106,42.06896551724138
2014-15,N4,East of England,Beds & Herts,BSU,45 and over,A to F2,411.0,not included,not included,not included,not included,not included,not included,not included,not included,not included,not included,not included,not included,8.21917808219178,2.0597940205979404,2.55974402559744,41.69381107491857
2014-15,N4,East of England,Cambridge & Huntingdon,BSU,45 and over,A to F2,163.0,not included,not included,not included,not included,not included,not included,not included,not included,not included,not included,not included,not included,7.41853267795376,1.547423994174404,3.54997269251775,60.46511627906976
2014-15,N4,East of England,Chelmsford & Colchester,BSU,45 and over,A to F2,292.0,not included,not included,not included,not included,not included,not included,not included,not included,not included,not included,not included,not included,8.202477597685329,1.3483524818112869,3.4551532346414224,50.409836065573764
2014-15,N4,East of England,East Suffolk,BSU,45 and over,A to F2,144.0,not included,not included,not included,not included,not included,not included,not included,not included,not included,not included,not included,not included,8.171139987516314,1.418600692277138,3.4613856891562165,51.26050420168067
2014-15,N4,East of England,Great Yarmouth & Waveney,BSU,45 and over,A to F2,91.0,not included,not included,not included,not included,not included,not included,not included,not included,not included,not included,not included,not included,8.994761292873383,1.3838094296728278,4.349115350400316,57.89473684210527
2014-15,N4,East of England,King's Lynn,BSU,45 and over,A to F2,102.0,not included,not included,not included,not included,not included,not included,not included,not included,not included,not included,not included,not included,9.284543965046423,2.457673402512288,3.54997269251775,52.0
2014-15,N4,East of England,Milton Keynes,BSU,45 and over,A to F2,70.0,not included,not included,not included,not included,not included,not included,not included,not included,not included,not included,not included,not included,6.302899333693499,0.9004141905276427,2.4311183144246353,45.0
2014-15,N4,East of England,Norfolk & Norwich,BSU,45 and over,A to F2,201.0,not included,not included,not included,not included,not included,not included,not included,not included,not included,not included,not included,not included,7.710011507479862,1.0356731875719218,3.2988108937476026,49.42528735632184
2014-15,N4,East of England,Peterborough,BSU,45 and over,A to F2,131.0,not included,not included,not included,not included,not included,not included,not included,not included,not included,not included,not included,not included,8.514233718965293,1.8198362147406735,4.1596256336929684,62.13592233009708
2014-15,N4,East of England,South Essex,BSU,45 and over,A to F2,178.0,not included,not included,not included,not included,not included,not included,not included,not included,not included,not included,not included,not included,7.342325619766531,1.608711793094914,3.0524275048467597,53.23741007194245
2014-15,N4,East of England,West Essex (Epping),BSU,45 and over,A to F2,109.0,not included,not included,not included,not included,not included,not included,not included,not included,not included,not included,not included,not included,9.77578475336323,1.883408071748879,4.484304932735426,56.81818181818182
2014-15,N4,East of England,West Suffolk,BSU,45 and over,A to F2,125.0,not included,not included,not included,not included,not included,not included,not included,not included,not included,not included,not included,not included,9.636882275846117,2.0815665715827616,4.702798550612905,62.244897959183675
2014-15,N5,London,Central & East London,BSU,45 and over,A to F2,224.0,not included,not included,not included,not included,not included,not included,not included,not included,not included,not included,not included,not included,7.350287120590648,1.837571780147662,2.821985233798195,51.49700598802395
2014-15,N5,London,North London,BSU,45 and over,A to F2,457.0,not included,not included,not included,not included,not included,not included,not included,not included,not included,not included,not included,not included,8.614676996738863,2.2997605986917753,2.6013685460611886,41.19402985074627
2014-15,N5,London,Outer North East London,BSU,45 and over,A to F2,243.0,not included,not included,not included,not included,not included,not included,not included,not included,not included,not included,not included,not included,9.66010733452594,2.385211687537269,2.703239912542238,37.15846994535519
2014-15,N5,London,South East London,BSU,45 and over,A to F2,390.0,not included,not included,not included,not included,not included,not included,not included,not included,not included,not included,not included,not included,7.622696088970545,1.3095400973359654,3.439985927330297,54.4891640866873
2014-15,N5,London,South West London,BSU,45 and over,A to F2,465.0,not included,not included,not included,not included,not included,not included,not included,not included,not included,not included,not included,not included,10.205425335791414,2.765341058730577,3.2481783864454394,43.916913946587535
2014-15,N5,London,West of London,BSU,45 and over,A to F2,340.0,not included,not included,not included,not included,not included,not included,not included,not included,not included,not included,not included,not included,7.821486082355648,1.5412928456406718,2.80653324131585,44.68864468864469
2014-15,N6,South East,Aylesbury & Wycombe,BSU,45 and over,A to F2,214.0,not included,not included,not included,not included,not included,not included,not included,not included,not included,not included,not included,not included,9.572802505032431,2.102437933348244,3.6233504808767614,48.50299401197605
2014-15,N6,South East,Brighton,BSU,45 and over,A to F2,330.0,not included,not included,not included,not included,not included,not included,not included,not included,not included,not included,not included,not included,8.897996602583115,2.0222719551325263,2.912071615390838,42.35294117647059
2014-15,N6,South East,Canterbury,BSU,45 and over,A to F2,231.0,not included,not included,not included,not included,not included,not included,not included,not included,not included,not included,not included,not included,8.402749990906115,1.818777054308683,3.455676403186497,52.48618784530387
2014-15,N6,South East,East Berkshire,BSU,45 and over,A to F2,202.0,not included,not included,not included,not included,not included,not included,not included,not included,not included,not included,not included,not included,10.846219931271477,2.0403780068728525,4.188144329896907,47.5609756097561
2014-15,N6,South East,Guildford,BSU,45 and over,A to F2,511.0,not included,not included,not included,not included,not included,not included,not included,not included,not included,not included,not included,not included,9.798845615448045,2.39697789027594,4.084450325030202,55.181347150259064
2014-15,N6,South East,Isle of Wight,BSU,45 and over,A to F2,46.0,not included,not included,not included,not included,not included,not included,not included,not included,not included,not included,not included,not included,9.010773751224288,1.9588638589618022,2.9382957884427032,41.66666666666667
2014-15,N6,South East,Maidstone,BSU,45 and over,A to F2,171.0,not included,not included,not included,not included,not included,not included,not included,not included,not included,not included,not included,not included,9.11173869025417,1.8116907337347472,3.7832365322107955,51.82481751824818
2014-15,N6,South East,Medway,BSU,45 and over,A to F2,190.0,not included,not included,not included,not included,not included,not included,not included,not included,not included,not included,not included,not included,8.145766345123258,1.7148981779206858,3.0010718113612005,46.666666666666664
2014-15,N6,South East,North & Mid Hampshire,BSU,45 and over,A to F2,168.0,not included,not included,not included,not included,not included,not included,not included,not included,not included,not included,not included,not included,8.147034576402696,1.8912758838077688,3.39459774016779,54.263565891472865
2014-15,N6,South East,Oxfordshire,BSU,45 and over,A to F2,217.0,not included,not included,not included,not included,not included,not included,not included,not included,not included,not included,not included,not included,9.101203707587132,2.0551105146164494,3.77469278194858,53.57142857142857
2014-15,N6,South East,Portsmouth,BSU,45 and over,A to F2,305.0,not included,not included,not included,not included,not included,not included,not included,not included,not included,not included,not included,not included,11.52204299044237,3.2866155415360208,4.117713724453175,50.0
2014-15,N6,South East,Southampton & Salisbury,BSU,45 and over,A to F2,248.0,not included,not included,not included,not included,not included,not included,not included,not included,not included,not included,not included,not included,8.84450784593438,1.9258202567760343,3.8159771754636234,55.154639175257735
2014-15,N6,South East,West Berkshire,BSU,45 and over,A to F2,195.0,not included,not included,not included,not included,not included,not included,not included,not included,not included,not included,not included,not included,7.925218451534242,1.585043690306848,3.048160942897785,48.07692307692308
2014-15,N6,South East,Worthing,BSU,45 and over,A to F2,310.0,not included,not included,not included,not included,not included,not included,not included,not included,not included,not included,not included,not included,8.834425762325449,1.823881447705899,3.761755485893417,53.65853658536586
2014-15,N7,South West,Avon,BSU,45 and over,A to F2,377.0,not included,not included,not included,not included,not included,not included,not included,not included,not included,not included,not included,not included,9.245407950560365,1.7902248816734925,3.972827819604188,53.289473684210535
2014-15,N7,South West,Cornwall,BSU,45 and over,A to F2,166.0,not included,not included,not included,not included,not included,not included,not included,not included,not included,not included,not included,not included,7.678786196687946,1.2952169488389305,3.839393098343973,60.14492753623188
2014-15,N7,South West,Dorset,BSU,45 and over,A to F2,351.0,not included,not included,not included,not included,not included,not included,not included,not included,not included,not included,not included,not included,9.33336878772569,1.861355598691733,4.281117876990986,57.29537366548043
2014-15,N7,South West,Gloucestershire,BSU,45 and over,A to F2,253.0,not included,not included,not included,not included,not included,not included,not included,not included,not included,not included,not included,not included,9.119417510723427,2.0545723245503367,2.9557005370724148,41.83673469387755
2014-15,N7,South West,North & East Devon,BSU,45 and over,A to F2,228.0,not included,not included,not included,not included,not included,not included,not included,not included,not included,not included,not included,not included,8.215032067449737,2.4140664408733876,3.062621604093104,52.79503105590062
2014-15,N7,South West,Somerset,BSU,45 and over,A to F2,154.0,not included,not included,not included,not included,not included,not included,not included,not included,not included,not included,not included,not included,7.013389197558976,1.3662446488751252,3.4611531104836506,61.29032258064516
2014-15,N7,South West,South Devon,BSU,45 and over,A to F2,99.0,not included,not included,not included,not included,not included,not included,not included,not included,not included,not included,not included,not included,8.105452759128868,1.8012117242508596,3.111183887342394,50.0
2014-15,N7,South West,West Devon,BSU,45 and over,A to F2,201.0,not included,not included,not included,not included,not included,not included,not included,not included,not included,not included,not included,not included,8.696028381067752,1.990135848403565,3.5043696461019294,52.25806451612903
2014-15,N7,South West,Wiltshire,BSU,45 and over,A to F2,182.0,not included,not included,not included,not included,not included,not included,not included,not included,not included,not included,not included,not included,7.817533611099179,1.4604183669086381,3.3074180662342685,52.38095238095239
2014-15,N1,North East and Yorkshire,Barnsley,BSU,50<71,A to F2,62.0,not included,not included,not included,not included,not included,not included,not included,not included,not included,not included,not included,not included,6.983554854697004,1.013741833746339,3.8296913719306147,64.15094339622641
2014-15,N1,North East and Yorkshire,Doncaster,BSU,50<71,A to F2,120.0,not included,not included,not included,not included,not included,not included,not included,not included,not included,not included,not included,not included,8.150512803097195,1.6980235006452489,3.6677307613937375,56.84210526315789
2014-15,N1,North East and Yorkshire,Gateshead,BSU,50<71,A to F2,214.0,not included,not included,not included,not included,not included,not included,not included,not included,not included,not included,not included,not included,7.112470087742621,1.1964902951342729,3.6559425684658335,62.14689265536724
2014-15,N1,North East and Yorkshire,Humberside,BSU,50<71,A to F2,227.0,not included,not included,not included,not included,not included,not included,not included,not included,not included,not included,not included,not included,7.079811620871409,1.4346754826435455,2.900539562735864,51.38121546961326
2014-15,N1,North East and Yorkshire,Leeds Wakefield,BSU,50<71,A to F2,262.0,not included,not included,not included,not included,not included,not included,not included,not included,not included,not included,not included,not included,7.936748356608403,1.4843537002817242,3.9986671109630123,61.97183098591549
2014-15,N1,North East and Yorkshire,Newcastle,BSU,50<71,A to F2,296.0,not included,not included,not included,not included,not included,not included,not included,not included,not included,not included,not included,not included,9.37925789790551,2.2814411103013406,4.055895307202383,57.14285714285714
2014-15,N1,North East and Yorkshire,North Cumbria,BSU,50<71,A to F2,108.0,not included,not included,not included,not included,not included,not included,not included,not included,not included,not included,not included,not included,7.5529757325687115,1.2588292887614518,3.4967480243373665,55.55555555555556
2014-15,N1,North East and Yorkshire,North Tees,BSU,50<71,A to F2,242.0,not included,not included,not included,not included,not included,not included,not included,not included,not included,not included,not included,not included,7.530495394573064,1.6803584764749813,2.925068459049042,50.0
2014-15,N1,North East and Yorkshire,North Yorkshire,BSU,50<71,A to F2,244.0,not included,not included,not included,not included,not included,not included,not included,not included,not included,not included,not included,not included,7.977506048518931,1.3731772706467011,3.62911135813771,54.95049504950495
2014-15,N1,North East and Yorkshire,Pennine,BSU,50<71,A to F2,299.0,not included,not included,not included,not included,not included,not included,not included,not included,not included,not included,not included,not included,7.665683886681195,1.845917190103833,3.230355082681707,55.50660792951542
2014-15,N1,North East and Yorkshire,Rotherham,BSU,50<71,A to F2,77.0,not included,not included,not included,not included,not included,not included,not included,not included,not included,not included,not included,not included,7.744141607160817,0.9051594086291863,4.022930705018606,58.82352941176471
2014-15,N1,North East and Yorkshire,Sheffield,BSU,50<71,A to F2,127.0,not included,not included,not included,not included,not included,not included,not included,not included,not included,not included,not included,not included,7.166234059361246,1.5235300756122334,2.8777790317119964,51.0
2014-15,N2,North West,Bolton,BSU,50<71,A to F2,209.0,not included,not included,not included,not included,not included,not included,not included,not included,not included,not included,not included,not included,9.334524341223762,1.7418490397498883,4.33229120142921,57.05882352941176
2014-15,N2,North West,Cheshire & Stockport,BSU,50<71,A to F2,166.0,not included,not included,not included,not included,not included,not included,not included,not included,not included,not included,not included,not included,9.392859163696034,2.0370056017654052,3.7910937588411704,51.53846153846153
2014-15,N2,North West,Chester,BSU,50<71,A to F2,80.0,not included,not included,not included,not included,not included,not included,not included,not included,not included,not included,not included,not included,9.675858732462506,2.0561199806482824,3.5074987905176584,46.03174603174603
2014-15,N2,North West,Crewe,BSU,50<71,A to F2,79.0,not included,not included,not included,not included,not included,not included,not included,not included,not included,not included,not included,not included,7.4039362699156515,1.4058106841611997,2.624179943767573,43.75
2014-15,N2,North West,East Lancashire,BSU,50<71,A to F2,139.0,not included,not included,not included,not included,not included,not included,not included,not included,not included,not included,not included,not included,7.598534958727382,1.4759744164434483,3.225277428524572,52.67857142857143
2014-15,N2,North West,Liverpool,BSU,50<71,A to F2,221.0,not included,not included,not included,not included,not included,not included,not included,not included,not included,not included,not included,not included,8.522289063705076,1.6196205460434985,3.31636587999383,48.04469273743017
2014-15,N2,North West,Manchester,BSU,50<71,A to F2,337.0,not included,not included,not included,not included,not included,not included,not included,not included,not included,not included,not included,not included,9.647590965045374,2.204345710114225,4.38006355386333,58.84615384615385
2014-15,N2,North West,North Lancashire & South Cumbria,BSU,50<71,A to F2,230.0,not included,not included,not included,not included,not included,not included,not included,not included,not included,not included,not included,not included,9.441707717569788,2.4630541871921183,3.776683087027915,54.11764705882353
2014-15,N2,North West,South Lancashire,BSU,50<71,A to F2,210.0,not included,not included,not included,not included,not included,not included,not included,not included,not included,not included,not included,not included,9.341637010676155,1.9572953736654806,3.9590747330960854,53.6144578313253
2014-15,N2,North West,"Warrington, Halton, St Helens & Knowsley",BSU,50<71,A to F2,145.0,not included,not included,not included,not included,not included,not included,not included,not included,not included,not included,not included,not included,7.527774893572837,1.4536392897933756,2.2842903125324474,37.60683760683761
2014-15,N2,North West,Wirral,BSU,50<71,A to F2,139.0,not included,not included,not included,not included,not included,not included,not included,not included,not included,not included,not included,not included,11.037878186293973,3.1763678233939494,3.9704597792424363,50.505050505050505
2014-15,N3,Midlands,"City, Sandwell & Walsall",BSU,50<71,A to F2,270.0,not included,not included,not included,not included,not included,not included,not included,not included,not included,not included,not included,not included,8.167957405614713,2.178121974830591,2.8739109390125845,47.97979797979798
2014-15,N3,Midlands,"Dudley, Wolverhampton & South West Staffordshire",BSU,50<71,A to F2,181.0,not included,not included,not included,not included,not included,not included,not included,not included,not included,not included,not included,not included,10.054438395733808,2.2219753360737697,4.499500055549384,57.446808510638306
2014-15,N3,Midlands,Hereford & Worcester,BSU,50<71,A to F2,234.0,not included,not included,not included,not included,not included,not included,not included,not included,not included,not included,not included,not included,7.758877946881528,1.4257767167346396,3.083656619914453,48.69109947643979
2014-15,N3,Midlands,Kettering,BSU,50<71,A to F2,107.0,not included,not included,not included,not included,not included,not included,not included,not included,not included,not included,not included,not included,8.624858939222957,1.7733354828308883,2.9018216991778174,42.35294117647059
2014-15,N3,Midlands,Leicestershire,BSU,50<71,A to F2,306.0,not included,not included,not included,not included,not included,not included,not included,not included,not included,not included,not included,not included,8.238651661192183,1.5615744978730277,3.8500888482041895,58.606557377049185
2014-15,N3,Midlands,Lincolnshire,BSU,50<71,A to F2,193.0,not included,not included,not included,not included,not included,not included,not included,not included,not included,not included,not included,not included,7.306454665909522,1.362862010221465,3.104296801060004,52.56410256410257
2014-15,N3,Midlands,North Derbyshire & Chesterfield,BSU,50<71,A to F2,92.0,not included,not included,not included,not included,not included,not included,not included,not included,not included,not included,not included,not included,6.730065837600586,2.04828090709583,2.9992684711046085,65.07936507936508
2014-15,N3,Midlands,North Midlands,BSU,50<71,A to F2,119.0,not included,not included,not included,not included,not included,not included,not included,not included,not included,not included,not included,not included,7.0862859524802,2.2032989936282976,3.2751741797177396,67.07317073170732
2014-15,N3,Midlands,North Nottinghamshire,BSU,50<71,A to F2,81.0,not included,not included,not included,not included,not included,not included,not included,not included,not included,not included,not included,not included,8.677951574887508,1.4998928647953718,3.85686736661667,54.54545454545454
2014-15,N3,Midlands,Northampton,BSU,50<71,A to F2,100.0,not included,not included,not included,not included,not included,not included,not included,not included,not included,not included,not included,not included,7.927070947284977,2.140309155766944,3.48791121680539,60.273972602739725
2014-15,N3,Midlands,Nottingham City,BSU,50<71,A to F2,218.0,not included,not included,not included,not included,not included,not included,not included,not included,not included,not included,not included,not included,8.284248527455823,1.520045601368041,3.8381151434543037,57.06214689265536
2014-15,N3,Midlands,Shropshire,BSU,50<71,A to F2,187.0,not included,not included,not included,not included,not included,not included,not included,not included,not included,not included,not included,not included,8.351569827162699,1.920414452235273,3.483542494752356,54.166666666666664
2014-15,N3,Midlands,South Birmingham,BSU,50<71,A to F2,88.0,not included,not included,not included,not included,not included,not included,not included,not included,not included,not included,not included,not included,7.4779061862678455,1.6145479265805576,2.2093813732154994,38.23529411764706
2014-15,N3,Midlands,South Derbyshire & South East Staffordshire,BSU,50<71,A to F2,181.0,not included,not included,not included,not included,not included,not included,not included,not included,not included,not included,not included,not included,7.996818944950076,1.5463462048246002,3.0926924096492003,47.94520547945205
2014-15,N3,Midlands,South Staffordshire,BSU,50<71,A to F2,197.0,not included,not included,not included,not included,not included,not included,not included,not included,not included,not included,not included,not included,8.400136448916937,1.6629711751662972,4.264028654272557,63.29113924050633
2014-15,N3,Midlands,"Warwickshire, Solihull & Coventry",BSU,50<71,A to F2,300.0,not included,not included,not included,not included,not included,not included,not included,not included,not included,not included,not included,not included,8.579272477693893,1.9732326698695952,2.8883550674902767,43.722943722943725
2014-15,N4,East of England,Beds & Herts,BSU,50<71,A to F2,324.0,not included,not included,not included,not included,not included,not included,not included,not included,not included,not included,not included,not included,7.851309763249085,2.0597571909758403,2.3747788790074393,41.00418410041841
2014-15,N4,East of England,Cambridge & Huntingdon,BSU,50<71,A to F2,136.0,not included,not included,not included,not included,not included,not included,not included,not included,not included,not included,not included,not included,7.603287303628334,1.5653826801587745,3.689830603231397,61.111111111111114
2014-15,N4,East of England,Chelmsford & Colchester,BSU,50<71,A to F2,227.0,not included,not included,not included,not included,not included,not included,not included,not included,not included,not included,not included,not included,7.608768519139237,1.4413085741100757,3.0837299725145804,50.0
2014-15,N4,East of England,East Suffolk,BSU,50<71,A to F2,108.0,not included,not included,not included,not included,not included,not included,not included,not included,not included,not included,not included,not included,7.72642724281013,1.2877378738016882,3.3624266704821864,52.22222222222223
2014-15,N4,East of England,Great Yarmouth & Waveney,BSU,50<71,A to F2,72.0,not included,not included,not included,not included,not included,not included,not included,not included,not included,not included,not included,not included,8.691453404152583,1.448575567358764,3.86286817962337,54.23728813559322
2014-15,N4,East of England,King's Lynn,BSU,50<71,A to F2,82.0,not included,not included,not included,not included,not included,not included,not included,not included,not included,not included,not included,not included,8.756006406833956,2.4559530165509877,3.416978109983983,54.23728813559322
2014-15,N4,East of England,Milton Keynes,BSU,50<71,A to F2,58.0,not included,not included,not included,not included,not included,not included,not included,not included,not included,not included,not included,not included,6.230529595015576,0.8593833924159415,2.3633043291438396,44.0
2014-15,N4,East of England,Norfolk & Norwich,BSU,50<71,A to F2,165.0,not included,not included,not included,not included,not included,not included,not included,not included,not included,not included,not included,not included,7.636414125052066,0.8793446568241773,3.2396908409311798,47.94520547945205
2014-15,N4,East of England,Peterborough,BSU,50<71,A to F2,99.0,not included,not included,not included,not included,not included,not included,not included,not included,not included,not included,not included,not included,7.761053621825023,1.5678896205707118,3.9197240514267797,63.29113924050633
2014-15,N4,East of England,South Essex,BSU,50<71,A to F2,159.0,not included,not included,not included,not included,not included,not included,not included,not included,not included,not included,not included,not included,7.126848946660691,1.523980277902286,2.8238458090542355,50.4
2014-15,N4,East of England,West Essex (Epping),BSU,50<71,A to F2,94.0,not included,not included,not included,not included,not included,not included,not included,not included,not included,not included,not included,not included,9.231071393498969,1.7676519689678876,4.124521260925071,55.26315789473685
2014-15,N4,East of England,West Suffolk,BSU,50<71,A to F2,92.0,not included,not included,not included,not included,not included,not included,not included,not included,not included,not included,not included,not included,8.731966590736523,1.9931662870159454,4.840546697038724,71.83098591549296
2014-15,N5,London,Central & East London,BSU,50<71,A to F2,213.0,not included,not included,not included,not included,not included,not included,not included,not included,not included,not included,not included,not included,7.412563076387681,1.8096398120758657,2.853662780581173,51.24999999999999
2014-15,N5,London,North London,BSU,50<71,A to F2,372.0,not included,not included,not included,not included,not included,not included,not included,not included,not included,not included,not included,not included,8.251264306627629,2.1959009848283206,2.528613255256854,41.75824175824176
2014-15,N5,London,Outer North East London,BSU,50<71,A to F2,200.0,not included,not included,not included,not included,not included,not included,not included,not included,not included,not included,not included,not included,9.200478424878094,2.2081148219707427,2.668138743214647,38.15789473684211
2014-15,N5,London,South East London,BSU,50<71,A to F2,314.0,not included,not included,not included,not included,not included,not included,not included,not included,not included,not included,not included,not included,7.299439756375387,1.3018109119650372,3.370760397052328,56.201550387596896
2014-15,N5,London,South West London,BSU,50<71,A to F2,416.0,not included,not included,not included,not included,not included,not included,not included,not included,not included,not included,not included,not included,9.89227879104939,2.710864861008727,3.115116638527572,43.666666666666664
2014-15,N5,London,West of London,BSU,50<71,A to F2,289.0,not included,not included,not included,not included,not included,not included,not included,not included,not included,not included,not included,not included,7.813767371437842,1.5951981830963067,2.8389120207646137,45.65217391304348
2014-15,N6,South East,Aylesbury & Wycombe,BSU,50<71,A to F2,168.0,not included,not included,not included,not included,not included,not included,not included,not included,not included,not included,not included,not included,8.908685968819599,1.9620320288471735,3.5528688089935305,51.14503816793893
2014-15,N6,South East,Brighton,BSU,50<71,A to F2,276.0,not included,not included,not included,not included,not included,not included,not included,not included,not included,not included,not included,not included,8.787010506208214,1.9102196752626552,2.865329512893983,41.66666666666667
2014-15,N6,South East,Canterbury,BSU,50<71,A to F2,197.0,not included,not included,not included,not included,not included,not included,not included,not included,not included,not included,not included,not included,8.461835831794167,1.8040462179459646,3.3933250289936,50.967741935483865
2014-15,N6,South East,East Berkshire,BSU,50<71,A to F2,172.0,not included,not included,not included,not included,not included,not included,not included,not included,not included,not included,not included,not included,10.78369905956113,2.0062695924764893,4.326018808777429,49.28571428571429
2014-15,N6,South East,Guildford,BSU,50<71,A to F2,411.0,not included,not included,not included,not included,not included,not included,not included,not included,not included,not included,not included,not included,9.325437342590702,2.3143421142195906,3.925305742744991,55.98705501618123
2014-15,N6,South East,Isle of Wight,BSU,50<71,A to F2,37.0,not included,not included,not included,not included,not included,not included,not included,not included,not included,not included,not included,not included,8.466819221967963,2.288329519450801,2.745995423340961,44.44444444444444
2014-15,N6,South East,Maidstone,BSU,50<71,A to F2,145.0,not included,not included,not included,not included,not included,not included,not included,not included,not included,not included,not included,not included,8.962234995982447,1.8542555164101613,3.7085110328203226,52.17391304347826
2014-15,N6,South East,Medway,BSU,50<71,A to F2,161.0,not included,not included,not included,not included,not included,not included,not included,not included,not included,not included,not included,not included,8.122288366461508,1.8666128544041973,3.0773887599636764,49.193548387096776
2014-15,N6,South East,North & Mid Hampshire,BSU,50<71,A to F2,127.0,not included,not included,not included,not included,not included,not included,not included,not included,not included,not included,not included,not included,7.285452042221203,1.6636071592473614,2.9830197338228546,53.06122448979592
2014-15,N6,South East,Oxfordshire,BSU,50<71,A to F2,173.0,not included,not included,not included,not included,not included,not included,not included,not included,not included,not included,not included,not included,8.832388829325573,1.7358452034512686,3.7780160310409965,53.23741007194245
2014-15,N6,South East,Portsmouth,BSU,50<71,A to F2,251.0,not included,not included,not included,not included,not included,not included,not included,not included,not included,not included,not included,not included,11.3477101134771,3.2551200325512,4.0236900402369,49.72067039106145
2014-15,N6,South East,Southampton & Salisbury,BSU,50<71,A to F2,203.0,not included,not included,not included,not included,not included,not included,not included,not included,not included,not included,not included,not included,8.504042562104646,1.7594570818147544,3.5608059989108125,52.79503105590062
2014-15,N6,South East,West Berkshire,BSU,50<71,A to F2,156.0,not included,not included,not included,not included,not included,not included,not included,not included,not included,not included,not included,not included,7.500360594259339,1.4904562719361507,2.8847540747151306,48.0
2014-15,N6,South East,Worthing,BSU,50<71,A to F2,251.0,not included,not included,not included,not included,not included,not included,not included,not included,not included,not included,not included,not included,7.855287453447251,1.7838700591493757,3.411260288548806,56.18556701030928
2014-15,N7,South West,Avon,BSU,50<71,A to F2,313.0,not included,not included,not included,not included,not included,not included,not included,not included,not included,not included,not included,not included,9.075357360317781,1.739685116993824,3.8852967612862073,52.96442687747036
2014-15,N7,South West,Cornwall,BSU,50<71,A to F2,140.0,not included,not included,not included,not included,not included,not included,not included,not included,not included,not included,not included,not included,7.544729467557664,1.1856003449019183,3.8262556585471006,60.16949152542372
2014-15,N7,South West,Dorset,BSU,50<71,A to F2,284.0,not included,not included,not included,not included,not included,not included,not included,not included,not included,not included,not included,not included,8.982225314694162,1.7711430197988487,4.269719779872225,59.210526315789465
2014-15,N7,South West,Gloucestershire,BSU,50<71,A to F2,213.0,not included,not included,not included,not included,not included,not included,not included,not included,not included,not included,not included,not included,9.27417599164018,2.1334958854007926,3.047851264858275,42.68292682926829
2014-15,N7,South West,North & East Devon,BSU,50<71,A to F2,187.0,not included,not included,not included,not included,not included,not included,not included,not included,not included,not included,not included,not included,8.40638345695662,2.5174196448640145,3.0119127893908746,51.14503816793893
2014-15,N7,South West,Somerset,BSU,50<71,A to F2,120.0,not included,not included,not included,not included,not included,not included,not included,not included,not included,not included,not included,not included,6.392840019178521,1.4383890043151668,3.089872675936285,62.365591397849464
2014-15,N7,South West,South Devon,BSU,50<71,A to F2,76.0,not included,not included,not included,not included,not included,not included,not included,not included,not included,not included,not included,not included,7.246376811594203,1.6209000762776506,3.1464530892448512,56.896551724137936
2014-15,N7,South West,West Devon,BSU,50<71,A to F2,161.0,not included,not included,not included,not included,not included,not included,not included,not included,not included,not included,not included,not included,8.11451035734086,2.0664281034222065,3.225643868756615,53.333333333333336
2014-15,N7,South West,Wiltshire,BSU,50<71,A to F2,150.0,not included,not included,not included,not included,not included,not included,not included,not included,not included,not included,not included,not included,7.608805924723547,1.471035812113219,3.398599979709851,55.833333333333336
2015-16,N1,North East and Yorkshire,Barnsley,BSU,45 and over,A to F2,73.0,not included,not included,not included,not included,not included,not included,not included,not included,not included,not included,not included,not included,7.750291963053403,1.486357362777365,2.760377959443678,44.06779661016949
2015-16,N1,North East and Yorkshire,Doncaster,BSU,45 and over,A to F2,170.0,not included,not included,not included,not included,not included,not included,not included,not included,not included,not included,not included,not included,8.604109727705234,1.366535074400243,3.3404190707561496,46.15384615384615
2015-16,N1,North East and Yorkshire,Gateshead,BSU,45 and over,A to F2,268.0,not included,not included,not included,not included,not included,not included,not included,not included,not included,not included,not included,not included,8.237536116063195,1.444642527817053,3.7806602323722878,55.65610859728507
2015-16,N1,North East and Yorkshire,Humberside,BSU,45 and over,A to F2,291.0,not included,not included,not included,not included,not included,not included,not included,not included,not included,not included,not included,not included,7.591568402379213,1.2522174684336846,3.756652405301054,59.25925925925925
2015-16,N1,North East and Yorkshire,Leeds Wakefield,BSU,45 and over,A to F2,338.0,not included,not included,not included,not included,not included,not included,not included,not included,not included,not included,not included,not included,7.625837601245403,1.8951785754574375,3.4293707555896487,59.84251968503938
2015-16,N1,North East and Yorkshire,Newcastle,BSU,45 and over,A to F2,310.0,not included,not included,not included,not included,not included,not included,not included,not included,not included,not included,not included,not included,8.107330596019564,1.3599393257839267,3.086016162355833,45.91439688715953
2015-16,N1,North East and Yorkshire,North Cumbria,BSU,45 and over,A to F2,121.0,not included,not included,not included,not included,not included,not included,not included,not included,not included,not included,not included,not included,8.683795033730442,1.9377063298406776,4.234247165207406,62.76595744680851
2015-16,N1,North East and Yorkshire,North Tees,BSU,45 and over,A to F2,331.0,not included,not included,not included,not included,not included,not included,not included,not included,not included,not included,not included,not included,7.697316403888191,1.5813217989860937,3.1858983303102177,52.09125475285171
2015-16,N1,North East and Yorkshire,North Yorkshire,BSU,45 and over,A to F2,280.0,not included,not included,not included,not included,not included,not included,not included,not included,not included,not included,not included,not included,8.594493385309555,1.5961202001289174,3.499186592590319,50.0
2015-16,N1,North East and Yorkshire,Pennine,BSU,45 and over,A to F2,377.0,not included,not included,not included,not included,not included,not included,not included,not included,not included,not included,not included,not included,8.784193112446992,2.2135234633487118,3.448436553427466,52.4822695035461
2015-16,N1,North East and Yorkshire,Rotherham,BSU,45 and over,A to F2,60.0,not included,not included,not included,not included,not included,not included,not included,not included,not included,not included,not included,not included,5.927682276229993,0.8891523414344991,3.1614305473226634,62.745098039215684
2015-16,N1,North East and Yorkshire,Sheffield,BSU,45 and over,A to F2,163.0,not included,not included,not included,not included,not included,not included,not included,not included,not included,not included,not included,not included,7.903030303030302,1.7454545454545454,3.296969696969697,53.54330708661418
2015-16,N2,North West,Bolton,BSU,45 and over,A to F2,243.0,not included,not included,not included,not included,not included,not included,not included,not included,not included,not included,not included,not included,8.152173913043478,2.1135265700483092,3.2877079978529253,54.44444444444444
2015-16,N2,North West,Cheshire & Stockport,BSU,45 and over,A to F2,167.0,not included,not included,not included,not included,not included,not included,not included,not included,not included,not included,not included,not included,8.999299455730991,2.1016328070269976,3.879937489895996,56.25
2015-16,N2,North West,Chester,BSU,45 and over,A to F2,57.0,not included,not included,not included,not included,not included,not included,not included,not included,not included,not included,not included,not included,8.27165868524162,1.0158177332752867,4.063270933101147,56.00000000000001
2015-16,N2,North West,Crewe,BSU,45 and over,A to F2,97.0,not included,not included,not included,not included,not included,not included,not included,not included,not included,not included,not included,not included,7.151810071518101,1.5483300154833002,2.3593600235936,42.10526315789473
2015-16,N2,North West,East Lancashire,BSU,45 and over,A to F2,149.0,not included,not included,not included,not included,not included,not included,not included,not included,not included,not included,not included,not included,8.636179215208948,1.5069842925867964,4.347070074769605,60.97560975609756
2015-16,N2,North West,Liverpool,BSU,45 and over,A to F2,284.0,not included,not included,not included,not included,not included,not included,not included,not included,not included,not included,not included,not included,8.787400600266098,1.7017853275163217,3.248862897985705,45.851528384279476
2015-16,N2,North West,Manchester,BSU,45 and over,A to F2,410.0,not included,not included,not included,not included,not included,not included,not included,not included,not included,not included,not included,not included,9.92111503653874,1.7180467502298795,4.815370468954169,58.70206489675516
2015-16,N2,North West,North Lancashire & South Cumbria,BSU,45 and over,A to F2,243.0,not included,not included,not included,not included,not included,not included,not included,not included,not included,not included,not included,not included,8.547910510764035,1.934712255522724,3.1658927817644575,47.87234042553192
2015-16,N2,North West,South Lancashire,BSU,45 and over,A to F2,208.0,not included,not included,not included,not included,not included,not included,not included,not included,not included,not included,not included,not included,8.184787313579665,0.9050485971746743,4.24979341282021,58.37837837837838
2015-16,N2,North West,"Warrington, Halton, St Helens & Knowsley",BSU,45 and over,A to F2,192.0,not included,not included,not included,not included,not included,not included,not included,not included,not included,not included,not included,not included,8.065871282137456,1.7644093429675685,2.5625945219290878,40.666666666666664
2015-16,N2,North West,Wirral,BSU,45 and over,A to F2,159.0,not included,not included,not included,not included,not included,not included,not included,not included,not included,not included,not included,not included,9.351840959887072,2.411481002235031,3.176096929772968,46.15384615384615
2015-16,N3,Midlands,"City, Sandwell & Walsall",BSU,45 and over,A to F2,284.0,not included,not included,not included,not included,not included,not included,not included,not included,not included,not included,not included,not included,7.252483464848438,1.276845680431063,2.8090604969483386,47.008547008547005
2015-16,N3,Midlands,"Dudley, Wolverhampton & South West Staffordshire",BSU,45 and over,A to F2,197.0,not included,not included,not included,not included,not included,not included,not included,not included,not included,not included,not included,not included,9.104353452259913,1.8948146778815047,3.558554395045753,49.358974358974365
2015-16,N3,Midlands,Hereford & Worcester,BSU,45 and over,A to F2,310.0,not included,not included,not included,not included,not included,not included,not included,not included,not included,not included,not included,not included,7.808367547416942,1.5868617918944108,3.753054079242337,60.32388663967612
2015-16,N3,Midlands,Kettering,BSU,45 and over,A to F2,142.0,not included,not included,not included,not included,not included,not included,not included,not included,not included,not included,not included,not included,8.88166124593445,1.9389542156617463,3.2524393294971228,46.846846846846844
2015-16,N3,Midlands,Leicestershire,BSU,45 and over,A to F2,354.0,not included,not included,not included,not included,not included,not included,not included,not included,not included,not included,not included,not included,8.689248895434464,1.5218458517427589,4.68826705940108,65.41095890410958
2015-16,N3,Midlands,Lincolnshire,BSU,45 and over,A to F2,310.0,not included,not included,not included,not included,not included,not included,not included,not included,not included,not included,not included,not included,8.03379376473942,1.3994350428900926,3.679995853525799,55.46875
2015-16,N3,Midlands,North Derbyshire & Chesterfield,BSU,45 and over,A to F2,139.0,not included,not included,not included,not included,not included,not included,not included,not included,not included,not included,not included,not included,8.204946579304645,1.7708517797060386,3.1875332034708697,49.54128440366973
2015-16,N3,Midlands,North Midlands,BSU,45 and over,A to F2,191.0,not included,not included,not included,not included,not included,not included,not included,not included,not included,not included,not included,not included,9.188877128836717,2.261137303954585,3.9930722601751176,57.638888888888886
2015-16,N3,Midlands,North Nottinghamshire,BSU,45 and over,A to F2,87.0,not included,not included,not included,not included,not included,not included,not included,not included,not included,not included,not included,not included,7.523998962207039,1.556689440456629,2.853930640837153,47.82608695652174
2015-16,N3,Midlands,Northampton,BSU,45 and over,A to F2,152.0,not included,not included,not included,not included,not included,not included,not included,not included,not included,not included,not included,not included,8.76282716476421,2.248356969906607,3.401360544217687,52.21238938053098
2015-16,N3,Midlands,Nottingham City,BSU,45 and over,A to F2,248.0,not included,not included,not included,not included,not included,not included,not included,not included,not included,not included,not included,not included,8.621289021761802,1.84245289577974,4.449697559618994,65.64102564102564
2015-16,N3,Midlands,Shropshire,BSU,45 and over,A to F2,222.0,not included,not included,not included,not included,not included,not included,not included,not included,not included,not included,not included,not included,9.776720834984806,1.8496498876998282,4.447967587087682,56.111111111111114
2015-16,N3,Midlands,South Birmingham,BSU,45 and over,A to F2,106.0,not included,not included,not included,not included,not included,not included,not included,not included,not included,not included,not included,not included,8.567733591981895,2.3440025864856127,3.0714516650501134,49.35064935064935
2015-16,N3,Midlands,South Derbyshire & South East Staffordshire,BSU,45 and over,A to F2,260.0,not included,not included,not included,not included,not included,not included,not included,not included,not included,not included,not included,not included,9.19020183097098,2.0501219469089107,3.78212152274575,52.97029702970298
2015-16,N3,Midlands,South Staffordshire,BSU,45 and over,A to F2,236.0,not included,not included,not included,not included,not included,not included,not included,not included,not included,not included,not included,not included,9.181450357920946,1.6339869281045751,4.123871770930595,54.63917525773196
2015-16,N3,Midlands,"Warwickshire, Solihull & Coventry",BSU,45 and over,A to F2,394.0,not included,not included,not included,not included,not included,not included,not included,not included,not included,not included,not included,not included,9.49878251645411,2.0251211456399623,3.7127221003399313,49.67741935483871
2015-16,N4,East of England,Beds & Herts,BSU,45 and over,A to F2,451.0,not included,not included,not included,not included,not included,not included,not included,not included,not included,not included,not included,not included,7.585441334768568,1.513724434876211,2.8424381054897743,46.81440443213297
2015-16,N4,East of England,Cambridge & Huntingdon,BSU,45 and over,A to F2,167.0,not included,not included,not included,not included,not included,not included,not included,not included,not included,not included,not included,not included,8.597168597168597,2.0077220077220077,4.1698841698841695,63.28125
2015-16,N4,East of England,Chelmsford & Colchester,BSU,45 and over,A to F2,256.0,not included,not included,not included,not included,not included,not included,not included,not included,not included,not included,not included,not included,8.047530728364402,1.6975260130143661,3.143566690767345,49.504950495049506
2015-16,N4,East of England,East Suffolk,BSU,45 and over,A to F2,133.0,not included,not included,not included,not included,not included,not included,not included,not included,not included,not included,not included,not included,7.72626931567329,1.9170442662948763,3.7179040316021843,64.0
2015-16,N4,East of England,Great Yarmouth & Waveney,BSU,45 and over,A to F2,89.0,not included,not included,not included,not included,not included,not included,not included,not included,not included,not included,not included,not included,8.113775184611177,1.367490199653569,4.4671346522016595,66.21621621621621
2015-16,N4,East of England,King's Lynn,BSU,45 and over,A to F2,103.0,not included,not included,not included,not included,not included,not included,not included,not included,not included,not included,not included,not included,8.612040133779265,1.254180602006689,4.013377926421405,54.54545454545454
2015-16,N4,East of England,Milton Keynes,BSU,45 and over,A to F2,76.0,not included,not included,not included,not included,not included,not included,not included,not included,not included,not included,not included,not included,7.399474247882387,0.5841690195696622,3.5050141174179728,51.42857142857142
2015-16,N4,East of England,Norfolk & Norwich,BSU,45 and over,A to F2,188.0,not included,not included,not included,not included,not included,not included,not included,not included,not included,not included,not included,not included,6.449399656946826,0.9605488850771869,2.9845626072041167,54.37499999999999
2015-16,N4,East of England,Peterborough,BSU,45 and over,A to F2,137.0,not included,not included,not included,not included,not included,not included,not included,not included,not included,not included,not included,not included,8.176663682482841,1.3130408833184124,4.237541032527604,62.28070175438597
2015-16,N4,East of England,South Essex,BSU,45 and over,A to F2,179.0,not included,not included,not included,not included,not included,not included,not included,not included,not included,not included,not included,not included,8.005008720540225,1.4310630114932248,3.532936809623899,53.74149659863946
2015-16,N4,East of England,West Essex (Epping),BSU,45 and over,A to F2,101.0,not included,not included,not included,not included,not included,not included,not included,not included,not included,not included,not included,not included,8.376181788024548,0.9951899154088573,3.566097196881738,48.31460674157304
2015-16,N4,East of England,West Suffolk,BSU,45 and over,A to F2,99.0,not included,not included,not included,not included,not included,not included,not included,not included,not included,not included,not included,not included,7.748297722470063,1.7218439383266808,3.83501604445488,63.63636363636363
2015-16,N5,London,Central & East London,BSU,45 and over,A to F2,285.0,not included,not included,not included,not included,not included,not included,not included,not included,not included,not included,not included,not included,7.437757711780365,1.3309671694764862,3.053395271151939,50.0
2015-16,N5,London,North London,BSU,45 and over,A to F2,500.0,not included,not included,not included,not included,not included,not included,not included,not included,not included,not included,not included,not included,8.45594452900389,2.4184001352951126,2.553695247759175,42.296918767507
2015-16,N5,London,Outer North East London,BSU,45 and over,A to F2,242.0,not included,not included,not included,not included,not included,not included,not included,not included,not included,not included,not included,not included,8.419148344002227,1.8786529362649595,2.8179794043974398,43.08510638297872
2015-16,N5,London,South East London,BSU,45 and over,A to F2,404.0,not included,not included,not included,not included,not included,not included,not included,not included,not included,not included,not included,not included,7.056645298772074,1.8340290999283855,2.707376290370474,51.83946488294314
2015-16,N5,London,South West London,BSU,45 and over,A to F2,385.0,not included,not included,not included,not included,not included,not included,not included,not included,not included,not included,not included,not included,9.35487790061961,2.5999271048475276,2.8186125622646094,41.87725631768953
2015-16,N5,London,West of London,BSU,45 and over,A to F2,294.0,not included,not included,not included,not included,not included,not included,not included,not included,not included,not included,not included,not included,7.425930135636887,1.742820337955596,2.399535247909878,42.22222222222222
2015-16,N6,South East,Aylesbury & Wycombe,BSU,45 and over,A to F2,237.0,not included,not included,not included,not included,not included,not included,not included,not included,not included,not included,not included,not included,10.921155707110271,2.810930371872264,3.8247085387770148,47.159090909090914
2015-16,N6,South East,Brighton,BSU,45 and over,A to F2,292.0,not included,not included,not included,not included,not included,not included,not included,not included,not included,not included,not included,not included,9.263959390862945,2.0304568527918785,3.045685279187817,42.10526315789473
2015-16,N6,South East,Canterbury,BSU,45 and over,A to F2,270.0,not included,not included,not included,not included,not included,not included,not included,not included,not included,not included,not included,not included,8.807698580981896,1.565813081063448,3.653563855814712,50.45045045045045
2015-16,N6,South East,East Berkshire,BSU,45 and over,A to F2,171.0,not included,not included,not included,not included,not included,not included,not included,not included,not included,not included,not included,not included,9.108826506152454,1.5447717466574336,2.8764715282586693,38.028169014084504
2015-16,N6,South East,Guildford,BSU,45 and over,A to F2,553.0,not included,not included,not included,not included,not included,not included,not included,not included,not included,not included,not included,not included,10.552226844254475,2.499713773232073,4.732282563065297,58.767772511848335
2015-16,N6,South East,Isle of Wight,BSU,45 and over,A to F2,90.0,not included,not included,not included,not included,not included,not included,not included,not included,not included,not included,not included,not included,9.241195194578498,2.4643187185542663,3.080398398192833,45.45454545454545
2015-16,N6,South East,Maidstone,BSU,45 and over,A to F2,162.0,not included,not included,not included,not included,not included,not included,not included,not included,not included,not included,not included,not included,8.746827925058042,2.0517250688407755,3.5095297230171156,52.41935483870967
2015-16,N6,South East,Medway,BSU,45 and over,A to F2,223.0,not included,not included,not included,not included,not included,not included,not included,not included,not included,not included,not included,not included,8.721157606570198,1.2123582323034807,3.793508017207665,50.520833333333336
2015-16,N6,South East,North & Mid Hampshire,BSU,45 and over,A to F2,206.0,not included,not included,not included,not included,not included,not included,not included,not included,not included,not included,not included,not included,8.350561433377923,2.0673720053508453,3.4456200089180755,54.83870967741935
2015-16,N6,South East,Oxfordshire,BSU,45 and over,A to F2,215.0,not included,not included,not included,not included,not included,not included,not included,not included,not included,not included,not included,not included,8.116270290675727,2.0762551906379767,3.5107587768969424,58.12500000000001
2015-16,N6,South East,Portsmouth,BSU,45 and over,A to F2,239.0,not included,not included,not included,not included,not included,not included,not included,not included,not included,not included,not included,not included,8.591868281985837,2.192903620088435,3.1635330912751196,49.43820224719101
2015-16,N6,South East,Southampton & Salisbury,BSU,45 and over,A to F2,319.0,not included,not included,not included,not included,not included,not included,not included,not included,not included,not included,not included,not included,9.399493193470446,1.7973952501620603,4.6850138487830755,61.86770428015564
2015-16,N6,South East,West Berkshire,BSU,45 and over,A to F2,165.0,not included,not included,not included,not included,not included,not included,not included,not included,not included,not included,not included,not included,8.199572628335735,1.590220146101476,2.782885255677583,42.42424242424242
2015-16,N6,South East,Worthing,BSU,45 and over,A to F2,299.0,not included,not included,not included,not included,not included,not included,not included,not included,not included,not included,not included,not included,8.255791479139631,1.5186238506778584,3.2029157577933014,47.540983606557376
2015-16,N7,South West,Avon,BSU,45 and over,A to F2,475.0,not included,not included,not included,not included,not included,not included,not included,not included,not included,not included,not included,not included,9.823182711198427,1.9232757729293763,3.805190776548444,48.167539267015705
2015-16,N7,South West,Cornwall,BSU,45 and over,A to F2,186.0,not included,not included,not included,not included,not included,not included,not included,not included,not included,not included,not included,not included,8.474576271186441,2.0503007107709132,3.6905412793876433,57.446808510638306
2015-16,N7,South West,Dorset,BSU,45 and over,A to F2,324.0,not included,not included,not included,not included,not included,not included,not included,not included,not included,not included,not included,not included,9.344177193286034,1.7304031839418583,3.7780469516063913,49.621212121212125
2015-16,N7,South West,Gloucestershire,BSU,45 and over,A to F2,264.0,not included,not included,not included,not included,not included,not included,not included,not included,not included,not included,not included,not included,9.087154068566708,1.858736059479554,3.304419661296985,45.714285714285715
2015-16,N7,South West,North & East Devon,BSU,45 and over,A to F2,182.0,not included,not included,not included,not included,not included,not included,not included,not included,not included,not included,not included,not included,7.740398928252456,1.7011865776379025,3.274784161952962,54.22535211267606
2015-16,N7,South West,Somerset,BSU,45 and over,A to F2,202.0,not included,not included,not included,not included,not included,not included,not included,not included,not included,not included,not included,not included,8.209713472871368,2.072749441170494,3.3732981101402153,54.966887417218544
2015-16,N7,South West,South Devon,BSU,45 and over,A to F2,136.0,not included,not included,not included,not included,not included,not included,not included,not included,not included,not included,not included,not included,9.728183118741057,1.859799713876967,5.293276108726753,67.27272727272727
2015-16,N7,South West,West Devon,BSU,45 and over,A to F2,193.0,not included,not included,not included,not included,not included,not included,not included,not included,not included,not included,not included,not included,9.238870272857826,1.9147917663954046,3.829583532790809,52.28758169934641
2015-16,N7,South West,Wiltshire,BSU,45 and over,A to F2,205.0,not included,not included,not included,not included,not included,not included,not included,not included,not included,not included,not included,not included,7.945428471764659,1.472811131351498,2.7518313243672727,42.51497005988024
2015-16,N1,North East and Yorkshire,Barnsley,BSU,50<71,A to F2,59.0,not included,not included,not included,not included,not included,not included,not included,not included,not included,not included,not included,not included,7.588424437299035,1.414790996784566,2.7009646302250805,43.75
2015-16,N1,North East and Yorkshire,Doncaster,BSU,50<71,A to F2,131.0,not included,not included,not included,not included,not included,not included,not included,not included,not included,not included,not included,not included,8.122519841269842,1.3020833333333333,3.162202380952381,46.36363636363636
2015-16,N1,North East and Yorkshire,Gateshead,BSU,50<71,A to F2,221.0,not included,not included,not included,not included,not included,not included,not included,not included,not included,not included,not included,not included,8.044261638699814,1.3467768354384304,3.7855348887999125,56.52173913043478
2015-16,N1,North East and Yorkshire,Humberside,BSU,50<71,A to F2,234.0,not included,not included,not included,not included,not included,not included,not included,not included,not included,not included,not included,not included,7.325548633503428,1.2522305356416117,3.7253858435337945,61.34020618556701
2015-16,N1,North East and Yorkshire,Leeds Wakefield,BSU,50<71,A to F2,293.0,not included,not included,not included,not included,not included,not included,not included,not included,not included,not included,not included,not included,7.706672979299824,1.7885793945132697,3.6034614271811463,60.88888888888889
2015-16,N1,North East and Yorkshire,Newcastle,BSU,50<71,A to F2,257.0,not included,not included,not included,not included,not included,not included,not included,not included,not included,not included,not included,not included,7.919144609127045,1.2941792746433303,3.204634394354913,48.598130841121495
2015-16,N1,North East and Yorkshire,North Cumbria,BSU,50<71,A to F2,105.0,not included,not included,not included,not included,not included,not included,not included,not included,not included,not included,not included,not included,7.957559681697613,1.8946570670708602,3.865100416824555,63.74999999999999
2015-16,N1,North East and Yorkshire,North Tees,BSU,50<71,A to F2,277.0,not included,not included,not included,not included,not included,not included,not included,not included,not included,not included,not included,not included,7.540082205950404,1.5787897759751748,3.212020578708114,53.88127853881278
2015-16,N1,North East and Yorkshire,North Yorkshire,BSU,50<71,A to F2,229.0,not included,not included,not included,not included,not included,not included,not included,not included,not included,not included,not included,not included,8.241560498092564,1.6555099690491615,3.27503059094508,49.72677595628415
2015-16,N1,North East and Yorkshire,Pennine,BSU,50<71,A to F2,322.0,not included,not included,not included,not included,not included,not included,not included,not included,not included,not included,not included,not included,8.704820091373577,2.2978562353004786,3.460301154334838,54.008438818565395
2015-16,N1,North East and Yorkshire,Rotherham,BSU,50<71,A to F2,46.0,not included,not included,not included,not included,not included,not included,not included,not included,not included,not included,not included,not included,5.4528212422949265,0.8297771455666193,2.7264106211474632,58.97435897435898
2015-16,N1,North East and Yorkshire,Sheffield,BSU,50<71,A to F2,127.0,not included,not included,not included,not included,not included,not included,not included,not included,not included,not included,not included,not included,7.412595575789412,1.5175392517364152,3.2101791863654934,54.45544554455446
2015-16,N2,North West,Bolton,BSU,50<71,A to F2,205.0,not included,not included,not included,not included,not included,not included,not included,not included,not included,not included,not included,not included,8.075635217648218,2.0484538113058894,3.230254087059287,53.59477124183007
2015-16,N2,North West,Cheshire & Stockport,BSU,50<71,A to F2,134.0,not included,not included,not included,not included,not included,not included,not included,not included,not included,not included,not included,not included,8.535575514363972,2.038346391489904,3.6945028345754505,56.86274509803921
2015-16,N2,North West,Chester,BSU,50<71,A to F2,47.0,not included,not included,not included,not included,not included,not included,not included,not included,not included,not included,not included,not included,8.454758050008994,1.0793308148947653,4.137434790429933,56.09756097560976
2015-16,N2,North West,Crewe,BSU,50<71,A to F2,69.0,not included,not included,not included,not included,not included,not included,not included,not included,not included,not included,not included,not included,6.26759923698792,1.2716868017076937,2.0891997456626394,41.81818181818181
2015-16,N2,North West,East Lancashire,BSU,50<71,A to F2,134.0,not included,not included,not included,not included,not included,not included,not included,not included,not included,not included,not included,not included,9.103260869565217,1.5625,4.755434782608696,63.06306306306306
2015-16,N2,North West,Liverpool,BSU,50<71,A to F2,235.0,not included,not included,not included,not included,not included,not included,not included,not included,not included,not included,not included,not included,8.460541474654379,1.6561059907834101,2.8441820276497696,41.7989417989418
2015-16,N2,North West,Manchester,BSU,50<71,A to F2,346.0,not included,not included,not included,not included,not included,not included,not included,not included,not included,not included,not included,not included,9.92114695340502,1.7204301075268817,4.874551971326165,59.44055944055944
2015-16,N2,North West,North Lancashire & South Cumbria,BSU,50<71,A to F2,205.0,not included,not included,not included,not included,not included,not included,not included,not included,not included,not included,not included,not included,8.511168313543138,1.9513410279830605,3.2383957485676325,49.36708860759494
2015-16,N2,North West,South Lancashire,BSU,50<71,A to F2,165.0,not included,not included,not included,not included,not included,not included,not included,not included,not included,not included,not included,not included,7.664793050587634,0.743252659450922,4.180796209411437,60.40268456375839
2015-16,N2,North West,"Warrington, Halton, St Helens & Knowsley",BSU,50<71,A to F2,161.0,not included,not included,not included,not included,not included,not included,not included,not included,not included,not included,not included,not included,7.988092284792855,1.6869263210121557,2.629620441577772,41.732283464566926
2015-16,N2,North West,Wirral,BSU,50<71,A to F2,143.0,not included,not included,not included,not included,not included,not included,not included,not included,not included,not included,not included,not included,9.84102952308857,2.546280366113826,3.440919413667332,47.61904761904761
2015-16,N3,Midlands,"City, Sandwell & Walsall",BSU,50<71,A to F2,238.0,not included,not included,not included,not included,not included,not included,not included,not included,not included,not included,not included,not included,7.208407789926401,1.2114971075506555,2.877305630432807,47.97979797979798
2015-16,N3,Midlands,"Dudley, Wolverhampton & South West Staffordshire",BSU,50<71,A to F2,166.0,not included,not included,not included,not included,not included,not included,not included,not included,not included,not included,not included,not included,9.017818339852239,1.521077792264233,3.8026944806605822,50.72463768115942
2015-16,N3,Midlands,Hereford & Worcester,BSU,50<71,A to F2,255.0,not included,not included,not included,not included,not included,not included,not included,not included,not included,not included,not included,not included,7.648470305938813,1.5596880623875224,3.629274145170966,59.60591133004927
2015-16,N3,Midlands,Kettering,BSU,50<71,A to F2,119.0,not included,not included,not included,not included,not included,not included,not included,not included,not included,not included,not included,not included,9.022670407157479,1.9713397528243233,3.1086511486845096,44.086021505376344
2015-16,N3,Midlands,Leicestershire,BSU,50<71,A to F2,296.0,not included,not included,not included,not included,not included,not included,not included,not included,not included,not included,not included,not included,8.432327721277384,1.5383300572600633,4.5865025781272255,66.52892561983471
2015-16,N3,Midlands,Lincolnshire,BSU,50<71,A to F2,266.0,not included,not included,not included,not included,not included,not included,not included,not included,not included,not included,not included,not included,8.133810353790173,1.5900681894627404,3.669388129529401,56.074766355140184
2015-16,N3,Midlands,North Derbyshire & Chesterfield,BSU,50<71,A to F2,110.0,not included,not included,not included,not included,not included,not included,not included,not included,not included,not included,not included,not included,7.609297177642501,1.7293857221914777,3.1128942999446596,52.94117647058824
2015-16,N3,Midlands,North Midlands,BSU,50<71,A to F2,154.0,not included,not included,not included,not included,not included,not included,not included,not included,not included,not included,not included,not included,8.78594249201278,2.167959835691465,3.8795070743952533,58.620689655172406
2015-16,N3,Midlands,North Nottinghamshire,BSU,50<71,A to F2,64.0,not included,not included,not included,not included,not included,not included,not included,not included,not included,not included,not included,not included,6.549324600900532,1.2279983626688498,2.4559967253376995,46.15384615384615
2015-16,N3,Midlands,Northampton,BSU,50<71,A to F2,128.0,not included,not included,not included,not included,not included,not included,not included,not included,not included,not included,not included,not included,8.559582720342382,2.2736391600909456,3.076100040123044,48.93617021276596
2015-16,N3,Midlands,Nottingham City,BSU,50<71,A to F2,204.0,not included,not included,not included,not included,not included,not included,not included,not included,not included,not included,not included,not included,8.426270136307311,1.7761255679471293,4.29574555968608,64.59627329192547
2015-16,N3,Midlands,Shropshire,BSU,50<71,A to F2,182.0,not included,not included,not included,not included,not included,not included,not included,not included,not included,not included,not included,not included,9.463394342762063,1.663893510815308,4.315723793677204,55.333333333333336
2015-16,N3,Midlands,South Birmingham,BSU,50<71,A to F2,91.0,not included,not included,not included,not included,not included,not included,not included,not included,not included,not included,not included,not included,8.501494768310911,2.242152466367713,3.36322869955157,53.73134328358209
2015-16,N3,Midlands,South Derbyshire & South East Staffordshire,BSU,50<71,A to F2,210.0,not included,not included,not included,not included,not included,not included,not included,not included,not included,not included,not included,not included,8.855901826002615,2.1085480538101464,3.542360730401046,52.5
2015-16,N3,Midlands,South Staffordshire,BSU,50<71,A to F2,181.0,not included,not included,not included,not included,not included,not included,not included,not included,not included,not included,not included,not included,8.392840582398218,1.5301864045256421,3.709542798850042,54.054054054054056
2015-16,N3,Midlands,"Warwickshire, Solihull & Coventry",BSU,50<71,A to F2,323.0,not included,not included,not included,not included,not included,not included,not included,not included,not included,not included,not included,not included,9.175093739347803,2.0452221338484264,3.522327008294512,49.40239043824701
2015-16,N4,East of England,Beds & Herts,BSU,50<71,A to F2,368.0,not included,not included,not included,not included,not included,not included,not included,not included,not included,not included,not included,not included,7.408152994464015,1.5702063412179166,2.677403120281832,45.86206896551724
2015-16,N4,East of England,Cambridge & Huntingdon,BSU,50<71,A to F2,128.0,not included,not included,not included,not included,not included,not included,not included,not included,not included,not included,not included,not included,7.952780366573471,1.863932898415657,3.9763901832867354,65.3061224489796
2015-16,N4,East of England,Chelmsford & Colchester,BSU,50<71,A to F2,201.0,not included,not included,not included,not included,not included,not included,not included,not included,not included,not included,not included,not included,7.68583664729275,1.6824717038849801,3.173753441419394,52.86624203821656
2015-16,N4,East of England,East Suffolk,BSU,50<71,A to F2,103.0,not included,not included,not included,not included,not included,not included,not included,not included,not included,not included,not included,not included,7.394113424264178,1.938262742282843,3.7329504666188082,68.42105263157895
2015-16,N4,East of England,Great Yarmouth & Waveney,BSU,50<71,A to F2,73.0,not included,not included,not included,not included,not included,not included,not included,not included,not included,not included,not included,not included,7.815845824411135,1.284796573875803,4.389721627408994,67.21311475409836
2015-16,N4,East of England,King's Lynn,BSU,50<71,A to F2,81.0,not included,not included,not included,not included,not included,not included,not included,not included,not included,not included,not included,not included,8.019008019008018,0.693000693000693,4.158004158004158,56.75675675675676
2015-16,N4,East of England,Milton Keynes,BSU,50<71,A to F2,69.0,not included,not included,not included,not included,not included,not included,not included,not included,not included,not included,not included,not included,7.539335664335664,0.5463286713286714,3.605769230769231,51.5625
2015-16,N4,East of England,Norfolk & Norwich,BSU,50<71,A to F2,161.0,not included,not included,not included,not included,not included,not included,not included,not included,not included,not included,not included,not included,6.459118992216962,0.9227312846024233,2.9687876113295353,53.62318840579711
2015-16,N4,East of England,Peterborough,BSU,50<71,A to F2,115.0,not included,not included,not included,not included,not included,not included,not included,not included,not included,not included,not included,not included,8.116883116883116,1.3410502540937324,4.164313946922643,62.10526315789474
2015-16,N4,East of England,South Essex,BSU,50<71,A to F2,156.0,not included,not included,not included,not included,not included,not included,not included,not included,not included,not included,not included,not included,7.627242947244903,1.32009974086931,3.275803060675696,51.93798449612403
2015-16,N4,East of England,West Essex (Epping),BSU,50<71,A to F2,86.0,not included,not included,not included,not included,not included,not included,not included,not included,not included,not included,not included,not included,8.453750122874274,1.0812936203676398,3.6370785412366065,49.333333333333336
2015-16,N4,East of England,West Suffolk,BSU,50<71,A to F2,81.0,not included,not included,not included,not included,not included,not included,not included,not included,not included,not included,not included,not included,7.717225609756097,1.524390243902439,4.28734756097561,69.23076923076923
2015-16,N5,London,Central & East London,BSU,50<71,A to F2,270.0,not included,not included,not included,not included,not included,not included,not included,not included,not included,not included,not included,not included,7.381082558775287,1.3668671405139419,2.979770366320394,49.54545454545455
2015-16,N5,London,North London,BSU,50<71,A to F2,407.0,not included,not included,not included,not included,not included,not included,not included,not included,not included,not included,not included,not included,8.177617038376532,2.3508137432188065,2.5517379947759697,43.79310344827586
2015-16,N5,London,Outer North East London,BSU,50<71,A to F2,192.0,not included,not included,not included,not included,not included,not included,not included,not included,not included,not included,not included,not included,7.921118858038699,1.897768059738438,2.764140434836421,45.89041095890411
2015-16,N5,London,South East London,BSU,50<71,A to F2,327.0,not included,not included,not included,not included,not included,not included,not included,not included,not included,not included,not included,not included,6.75968992248062,1.6950904392764858,2.645994832041344,52.244897959183675
2015-16,N5,London,South West London,BSU,50<71,A to F2,317.0,not included,not included,not included,not included,not included,not included,not included,not included,not included,not included,not included,not included,8.941163197382524,2.284650533085124,2.905172900095899,43.64406779661017
2015-16,N5,London,West of London,BSU,50<71,A to F2,246.0,not included,not included,not included,not included,not included,not included,not included,not included,not included,not included,not included,not included,7.290184921763869,1.807728781412992,2.3707918444760554,43.24324324324324
2015-16,N6,South East,Aylesbury & Wycombe,BSU,50<71,A to F2,183.0,not included,not included,not included,not included,not included,not included,not included,not included,not included,not included,not included,not included,10.447590774149349,2.3978077186572277,3.882164877825988,48.226950354609926
2015-16,N6,South East,Brighton,BSU,50<71,A to F2,241.0,not included,not included,not included,not included,not included,not included,not included,not included,not included,not included,not included,not included,9.036370453693287,1.987251593550806,2.8496437945256843,40.42553191489361
2015-16,N6,South East,Canterbury,BSU,50<71,A to F2,225.0,not included,not included,not included,not included,not included,not included,not included,not included,not included,not included,not included,not included,8.768169595884807,1.363937492693192,3.702116051595807,50.0
2015-16,N6,South East,East Berkshire,BSU,50<71,A to F2,134.0,not included,not included,not included,not included,not included,not included,not included,not included,not included,not included,not included,not included,8.548644338118022,1.4035087719298245,2.615629984051037,36.607142857142854
2015-16,N6,South East,Guildford,BSU,50<71,A to F2,450.0,not included,not included,not included,not included,not included,not included,not included,not included,not included,not included,not included,not included,10.15136817884455,2.413769766969704,4.579394978456541,59.183673469387756
2015-16,N6,South East,Isle of Wight,BSU,50<71,A to F2,67.0,not included,not included,not included,not included,not included,not included,not included,not included,not included,not included,not included,not included,8.352031912241335,1.7452006980802792,2.9917726252804786,45.28301886792453
2015-16,N6,South East,Maidstone,BSU,50<71,A to F2,134.0,not included,not included,not included,not included,not included,not included,not included,not included,not included,not included,not included,not included,8.720551867759989,1.8222048678901472,3.579330990498503,51.886792452830186
2015-16,N6,South East,Medway,BSU,50<71,A to F2,191.0,not included,not included,not included,not included,not included,not included,not included,not included,not included,not included,not included,not included,8.648403894045732,1.2225492415666743,3.6676477247000228,49.390243902439025
2015-16,N6,South East,North & Mid Hampshire,BSU,50<71,A to F2,163.0,not included,not included,not included,not included,not included,not included,not included,not included,not included,not included,not included,not included,7.732447817836812,1.9924098671726753,3.1783681214421255,55.371900826446286
2015-16,N6,South East,Oxfordshire,BSU,50<71,A to F2,174.0,not included,not included,not included,not included,not included,not included,not included,not included,not included,not included,not included,not included,7.700137186352171,2.1241757755454262,3.3190246492897284,59.523809523809526
2015-16,N6,South East,Portsmouth,BSU,50<71,A to F2,192.0,not included,not included,not included,not included,not included,not included,not included,not included,not included,not included,not included,not included,8.315288003464703,1.818969250757904,3.2481593763534,50.0
2015-16,N6,South East,Southampton & Salisbury,BSU,50<71,A to F2,283.0,not included,not included,not included,not included,not included,not included,not included,not included,not included,not included,not included,not included,9.794759976464888,1.8343543418821169,4.845464299311252,61.135371179039296
2015-16,N6,South East,West Berkshire,BSU,50<71,A to F2,128.0,not included,not included,not included,not included,not included,not included,not included,not included,not included,not included,not included,not included,7.764163532694407,1.6984107727769016,2.6689312143637025,44.0
2015-16,N6,South East,Worthing,BSU,50<71,A to F2,267.0,not included,not included,not included,not included,not included,not included,not included,not included,not included,not included,not included,not included,7.910407963736557,1.4813498059431753,3.140461588599532,48.8479262672811
2015-16,N7,South West,Avon,BSU,50<71,A to F2,387.0,not included,not included,not included,not included,not included,not included,not included,not included,not included,not included,not included,not included,9.442478955715506,1.8299377821154081,3.708673905087227,48.717948717948715
2015-16,N7,South West,Cornwall,BSU,50<71,A to F2,150.0,not included,not included,not included,not included,not included,not included,not included,not included,not included,not included,not included,not included,8.0239649085268,1.765272279875896,3.6375307585321495,58.119658119658126
2015-16,N7,South West,Dorset,BSU,50<71,A to F2,254.0,not included,not included,not included,not included,not included,not included,not included,not included,not included,not included,not included,not included,8.768296050814692,1.5189174261253797,3.6937310135321733,50.95238095238095
2015-16,N7,South West,Gloucestershire,BSU,50<71,A to F2,211.0,not included,not included,not included,not included,not included,not included,not included,not included,not included,not included,not included,not included,8.647895405549407,1.680396737571212,3.1148817574490755,44.70588235294118
2015-16,N7,South West,North & East Devon,BSU,50<71,A to F2,147.0,not included,not included,not included,not included,not included,not included,not included,not included,not included,not included,not included,not included,7.627646326276463,1.5566625155666252,3.268991282689913,53.84615384615385
2015-16,N7,South West,Somerset,BSU,50<71,A to F2,167.0,not included,not included,not included,not included,not included,not included,not included,not included,not included,not included,not included,not included,8.130081300813009,2.1420573487172,3.4565016308845724,57.72357723577236
2015-16,N7,South West,South Devon,BSU,50<71,A to F2,118.0,not included,not included,not included,not included,not included,not included,not included,not included,not included,not included,not included,not included,9.918466840379928,1.9332604858367657,5.37950743885013,67.36842105263158
2015-16,N7,South West,West Devon,BSU,50<71,A to F2,154.0,not included,not included,not included,not included,not included,not included,not included,not included,not included,not included,not included,not included,8.829768935267472,1.7774210194369588,3.841522848460524,54.47154471544715
2015-16,N7,South West,Wiltshire,BSU,50<71,A to F2,179.0,not included,not included,not included,not included,not included,not included,not included,not included,not included,not included,not included,not included,8.109822399420079,1.4951069227981153,2.9449075752084086,44.52054794520548
2016-17,N1,North East and Yorkshire,Barnsley,BSU,45 and over,A to F2,80.0,not included,not included,not included,not included,not included,not included,not included,not included,not included,not included,not included,not included,6.491398896462187,1.1359948068808827,2.839987017202207,53.03030303030303
2016-17,N1,North East and Yorkshire,Doncaster,BSU,45 and over,A to F2,140.0,not included,not included,not included,not included,not included,not included,not included,not included,not included,not included,not included,not included,8.182349503214494,1.1689070718877848,4.383401519579193,62.5
2016-17,N1,North East and Yorkshire,Gateshead,BSU,45 and over,A to F2,252.0,not included,not included,not included,not included,not included,not included,not included,not included,not included,not included,not included,not included,6.995336442371753,1.0548523206751055,3.2478347768154565,54.67289719626168
2016-17,N1,North East and Yorkshire,Humberside,BSU,45 and over,A to F2,340.0,not included,not included,not included,not included,not included,not included,not included,not included,not included,not included,not included,not included,7.357396347269108,1.0819700510689862,3.7003375746559337,58.9655172413793
2016-17,N1,North East and Yorkshire,Leeds Wakefield,BSU,45 and over,A to F2,386.0,not included,not included,not included,not included,not included,not included,not included,not included,not included,not included,not included,not included,8.982384287808623,2.094338305447607,4.188676610895214,60.810810810810814
2016-17,N1,North East and Yorkshire,Newcastle,BSU,45 and over,A to F2,342.0,not included,not included,not included,not included,not included,not included,not included,not included,not included,not included,not included,not included,8.508309284505922,1.7912230072644044,3.5078117225594583,52.22222222222223
2016-17,N1,North East and Yorkshire,North Cumbria,BSU,45 and over,A to F2,112.0,not included,not included,not included,not included,not included,not included,not included,not included,not included,not included,not included,not included,7.434450713574511,2.1905077995353466,3.0534351145038165,58.22784810126582
2016-17,N1,North East and Yorkshire,North Tees,BSU,45 and over,A to F2,333.0,not included,not included,not included,not included,not included,not included,not included,not included,not included,not included,not included,not included,8.345864661654137,1.8796992481203008,3.3834586466165413,52.32558139534884
2016-17,N1,North East and Yorkshire,North Yorkshire,BSU,45 and over,A to F2,311.0,not included,not included,not included,not included,not included,not included,not included,not included,not included,not included,not included,not included,8.827703661652002,1.9017882486517173,3.6900369003690034,53.278688524590166
2016-17,N1,North East and Yorkshire,Pennine,BSU,45 and over,A to F2,335.0,not included,not included,not included,not included,not included,not included,not included,not included,not included,not included,not included,not included,8.500596310487452,1.8269938338958105,3.7554873252302774,56.48854961832062
2016-17,N1,North East and Yorkshire,Rotherham,BSU,45 and over,A to F2,109.0,not included,not included,not included,not included,not included,not included,not included,not included,not included,not included,not included,not included,9.456059685954715,0.6940227292443827,4.597900581244036,52.475247524752476
2016-17,N1,North East and Yorkshire,Sheffield,BSU,45 and over,A to F2,187.0,not included,not included,not included,not included,not included,not included,not included,not included,not included,not included,not included,not included,9.187383315318856,1.4739117618158595,3.537388228358062,45.85987261146497
2016-17,N2,North West,Bolton,BSU,45 and over,A to F2,260.0,not included,not included,not included,not included,not included,not included,not included,not included,not included,not included,not included,not included,9.251022949653086,2.134851449919943,4.447607187333215,62.5
2016-17,N2,North West,Cheshire & Stockport,BSU,45 and over,A to F2,193.0,not included,not included,not included,not included,not included,not included,not included,not included,not included,not included,not included,not included,8.951762523191094,1.6233766233766236,3.7105751391465676,50.63291139240506
2016-17,N2,North West,Chester,BSU,45 and over,A to F2,91.0,not included,not included,not included,not included,not included,not included,not included,not included,not included,not included,not included,not included,10.750147666863555,1.772002362669817,3.662138216184288,40.78947368421053
2016-17,N2,North West,Crewe,BSU,45 and over,A to F2,81.0,not included,not included,not included,not included,not included,not included,not included,not included,not included,not included,not included,not included,5.989352262644188,1.257024548950015,3.0316474415853296,64.0625
2016-17,N2,North West,East Lancashire,BSU,45 and over,A to F2,192.0,not included,not included,not included,not included,not included,not included,not included,not included,not included,not included,not included,not included,9.184405644582634,1.626405166228175,3.826835685242765,50.63291139240506
2016-17,N2,North West,Liverpool,BSU,45 and over,A to F2,267.0,not included,not included,not included,not included,not included,not included,not included,not included,not included,not included,not included,not included,7.472293742303817,1.5952087764468823,2.5747229374230383,43.80952380952381
2016-17,N2,North West,Manchester,BSU,45 and over,A to F2,441.0,not included,not included,not included,not included,not included,not included,not included,not included,not included,not included,not included,not included,8.20220957482424,1.2647397983855968,4.017408771342484,57.9088471849866
2016-17,N2,North West,North Lancashire & South Cumbria,BSU,45 and over,A to F2,335.0,not included,not included,not included,not included,not included,not included,not included,not included,not included,not included,not included,not included,9.149005899060521,1.8024907144417741,3.5230500327725585,47.95539033457249
2016-17,N2,North West,South Lancashire,BSU,45 and over,A to F2,220.0,not included,not included,not included,not included,not included,not included,not included,not included,not included,not included,not included,not included,7.619311491307059,1.593128766364203,3.6364895753965505,60.3448275862069
2016-17,N2,North West,"Warrington, Halton, St Helens & Knowsley",BSU,45 and over,A to F2,231.0,not included,not included,not included,not included,not included,not included,not included,not included,not included,not included,not included,not included,9.340881520420542,2.547513141932875,2.587949858471492,38.095238095238095
2016-17,N2,North West,Wirral,BSU,45 and over,A to F2,154.0,not included,not included,not included,not included,not included,not included,not included,not included,not included,not included,not included,not included,9.906085166602342,1.92975685063682,4.052489386337322,50.806451612903224
2016-17,N3,Midlands,"City, Sandwell & Walsall",BSU,45 and over,A to F2,345.0,not included,not included,not included,not included,not included,not included,not included,not included,not included,not included,not included,not included,8.328907343923518,1.8830573125392305,3.1625706146492205,49.063670411985015
2016-17,N3,Midlands,"Dudley, Wolverhampton & South West Staffordshire",BSU,45 and over,A to F2,190.0,not included,not included,not included,not included,not included,not included,not included,not included,not included,not included,not included,not included,8.964378391129983,2.2175041283321537,3.491389478650625,51.74825174825175
2016-17,N3,Midlands,Hereford & Worcester,BSU,45 and over,A to F2,301.0,not included,not included,not included,not included,not included,not included,not included,not included,not included,not included,not included,not included,8.38416757193393,1.3370101111389654,3.8160496922091305,54.1501976284585
2016-17,N3,Midlands,Kettering,BSU,45 and over,A to F2,116.0,not included,not included,not included,not included,not included,not included,not included,not included,not included,not included,not included,not included,7.3450262774647,1.1397454568479706,3.292597986449693,53.06122448979592
2016-17,N3,Midlands,Leicestershire,BSU,45 and over,A to F2,335.0,not included,not included,not included,not included,not included,not included,not included,not included,not included,not included,not included,not included,8.130870609936652,1.5776316108832311,3.640688332807456,55.762081784386616
2016-17,N3,Midlands,Lincolnshire,BSU,45 and over,A to F2,243.0,not included,not included,not included,not included,not included,not included,not included,not included,not included,not included,not included,not included,8.3187840197186,1.4720482010201636,4.07380781212557,59.5
2016-17,N3,Midlands,North Derbyshire & Chesterfield,BSU,45 and over,A to F2,158.0,not included,not included,not included,not included,not included,not included,not included,not included,not included,not included,not included,not included,9.062750946426524,1.4339795801307789,3.7857060915452565,49.62406015037594
2016-17,N3,Midlands,North Midlands,BSU,45 and over,A to F2,186.0,not included,not included,not included,not included,not included,not included,not included,not included,not included,not included,not included,not included,8.778553898433076,2.454219369454408,3.5869360015102885,56.71641791044776
2016-17,N3,Midlands,North Nottinghamshire,BSU,45 and over,A to F2,73.0,not included,not included,not included,not included,not included,not included,not included,not included,not included,not included,not included,not included,6.67398061802889,1.4627902724446882,2.7427317608337907,52.63157894736842
2016-17,N3,Midlands,Northampton,BSU,45 and over,A to F2,152.0,not included,not included,not included,not included,not included,not included,not included,not included,not included,not included,not included,not included,9.251369446135119,1.704199634814364,4.199634814363969,56.09756097560976
2016-17,N3,Midlands,Nottingham City,BSU,45 and over,A to F2,236.0,not included,not included,not included,not included,not included,not included,not included,not included,not included,not included,not included,not included,7.874541207874541,1.3346680013346681,4.237570904237571,64.79591836734694
2016-17,N3,Midlands,Shropshire,BSU,45 and over,A to F2,174.0,not included,not included,not included,not included,not included,not included,not included,not included,not included,not included,not included,not included,8.3011306712466,1.3358141310052003,3.6257812127284,52.054794520547944
2016-17,N3,Midlands,South Birmingham,BSU,45 and over,A to F2,123.0,not included,not included,not included,not included,not included,not included,not included,not included,not included,not included,not included,not included,8.195628997867804,1.665778251599147,3.065031982942431,46.93877551020408
2016-17,N3,Midlands,South Derbyshire & South East Staffordshire,BSU,45 and over,A to F2,217.0,not included,not included,not included,not included,not included,not included,not included,not included,not included,not included,not included,not included,8.582502768549281,2.2148394241417497,3.2827084322100935,51.5527950310559
2016-17,N3,Midlands,South Staffordshire,BSU,45 and over,A to F2,214.0,not included,not included,not included,not included,not included,not included,not included,not included,not included,not included,not included,not included,8.632164898551894,1.6134887660844661,3.711024161994272,52.87356321839081
2016-17,N3,Midlands,"Warwickshire, Solihull & Coventry",BSU,45 and over,A to F2,396.0,not included,not included,not included,not included,not included,not included,not included,not included,not included,not included,not included,not included,8.754863813229573,1.857092324018394,3.0067209055535904,43.58974358974359
2016-17,N4,East of England,Beds & Herts,BSU,45 and over,A to F2,491.0,not included,not included,not included,not included,not included,not included,not included,not included,not included,not included,not included,not included,7.753896688407056,1.6265811790344742,2.874153151303634,46.90721649484536
2016-17,N4,East of England,Cambridge & Huntingdon,BSU,45 and over,A to F2,150.0,not included,not included,not included,not included,not included,not included,not included,not included,not included,not included,not included,not included,8.13096270598439,1.409366869037294,4.065481352992195,60.483870967741936
2016-17,N4,East of England,Chelmsford & Colchester,BSU,45 and over,A to F2,240.0,not included,not included,not included,not included,not included,not included,not included,not included,not included,not included,not included,not included,7.071093957160956,1.3552930084558499,2.681123125423529,46.90721649484536
2016-17,N4,East of England,East Suffolk,BSU,45 and over,A to F2,141.0,not included,not included,not included,not included,not included,not included,not included,not included,not included,not included,not included,not included,7.638136511375948,1.1375947995666307,3.6836403033586134,56.666666666666664
2016-17,N4,East of England,Great Yarmouth & Waveney,BSU,45 and over,A to F2,78.0,not included,not included,not included,not included,not included,not included,not included,not included,not included,not included,not included,not included,6.1509344688904655,0.7885813421654444,3.1543253686617776,58.82352941176471
2016-17,N4,East of England,King's Lynn,BSU,45 and over,A to F2,78.0,not included,not included,not included,not included,not included,not included,not included,not included,not included,not included,not included,not included,9.019426456984274,2.6595744680851063,3.8159111933395007,60.0
2016-17,N4,East of England,Milton Keynes,BSU,45 and over,A to F2,90.0,not included,not included,not included,not included,not included,not included,not included,not included,not included,not included,not included,not included,8.107377713719485,1.621475542743897,3.5131970092784437,54.166666666666664
2016-17,N4,East of England,Norfolk & Norwich,BSU,45 and over,A to F2,201.0,not included,not included,not included,not included,not included,not included,not included,not included,not included,not included,not included,not included,7.856472795497186,1.0944340212632895,3.205128205128205,47.674418604651166
2016-17,N4,East of England,Peterborough,BSU,45 and over,A to F2,86.0,not included,not included,not included,not included,not included,not included,not included,not included,not included,not included,not included,not included,7.4433096763025794,1.990652587848364,2.7696036004846807,50.79365079365079
2016-17,N4,East of England,South Essex,BSU,45 and over,A to F2,199.0,not included,not included,not included,not included,not included,not included,not included,not included,not included,not included,not included,not included,7.682507817627302,1.003744739991507,3.6289232907385243,54.33526011560693
2016-17,N4,East of England,West Essex (Epping),BSU,45 and over,A to F2,102.0,not included,not included,not included,not included,not included,not included,not included,not included,not included,not included,not included,not included,8.302132508546313,1.6278691193228065,3.6627055184763146,54.87804878048781
2016-17,N4,East of England,West Suffolk,BSU,45 and over,A to F2,118.0,not included,not included,not included,not included,not included,not included,not included,not included,not included,not included,not included,not included,9.03937490424391,1.7619120576068636,4.826106940401409,66.3157894736842
2016-17,N5,London,Central & East London,BSU,45 and over,A to F2,278.0,not included,not included,not included,not included,not included,not included,not included,not included,not included,not included,not included,not included,8.41659097789888,2.058734483802604,3.2394792612776264,50.95238095238095
2016-17,N5,London,North London,BSU,45 and over,A to F2,495.0,not included,not included,not included,not included,not included,not included,not included,not included,not included,not included,not included,not included,7.785589581465579,1.8559587285109864,2.579468063354252,43.733333333333334
2016-17,N5,London,Outer North East London,BSU,45 and over,A to F2,208.0,not included,not included,not included,not included,not included,not included,not included,not included,not included,not included,not included,not included,7.084227376451755,1.7029392731855182,2.7587616225605394,51.26582278481012
2016-17,N5,London,South East London,BSU,45 and over,A to F2,424.0,not included,not included,not included,not included,not included,not included,not included,not included,not included,not included,not included,not included,7.647493822484353,1.5691791569720255,3.102285229875728,51.038575667655785
2016-17,N5,London,South West London,BSU,45 and over,A to F2,438.0,not included,not included,not included,not included,not included,not included,not included,not included,not included,not included,not included,not included,8.969711863365484,2.5188916876574305,2.948946366037968,45.714285714285715
2016-17,N5,London,West of London,BSU,45 and over,A to F2,381.0,not included,not included,not included,not included,not included,not included,not included,not included,not included,not included,not included,not included,7.589641434262948,1.7330677290836654,2.6294820717131473,44.89795918367347
2016-17,N6,South East,Aylesbury & Wycombe,BSU,45 and over,A to F2,203.0,not included,not included,not included,not included,not included,not included,not included,not included,not included,not included,not included,not included,8.84917175239756,2.5719267654751525,3.269398430688753,52.083333333333336
2016-17,N6,South East,Brighton,BSU,45 and over,A to F2,260.0,not included,not included,not included,not included,not included,not included,not included,not included,not included,not included,not included,not included,8.041817450743867,1.7320837586217563,3.216726980297547,50.98039215686274
2016-17,N6,South East,Canterbury,BSU,45 and over,A to F2,309.0,not included,not included,not included,not included,not included,not included,not included,not included,not included,not included,not included,not included,9.572490706319702,1.6728624535315986,4.584882280049566,58.03921568627452
2016-17,N6,South East,East Berkshire,BSU,45 and over,A to F2,169.0,not included,not included,not included,not included,not included,not included,not included,not included,not included,not included,not included,not included,9.152946273830157,2.166377816291161,2.9787694974003465,42.63565891472868
2016-17,N6,South East,Guildford,BSU,45 and over,A to F2,563.0,not included,not included,not included,not included,not included,not included,not included,not included,not included,not included,not included,not included,10.346792126881443,2.83020601694448,4.135041258522779,55.012224938875306
2016-17,N6,South East,Isle of Wight,BSU,45 and over,A to F2,75.0,not included,not included,not included,not included,not included,not included,not included,not included,not included,not included,not included,not included,8.33425936215135,1.777975330592288,2.555839537726414,38.983050847457626
2016-17,N6,South East,Maidstone,BSU,45 and over,A to F2,204.0,not included,not included,not included,not included,not included,not included,not included,not included,not included,not included,not included,not included,9.094556640363782,1.7386652400695466,4.146047880165842,56.36363636363636
2016-17,N6,South East,Medway,BSU,45 and over,A to F2,215.0,not included,not included,not included,not included,not included,not included,not included,not included,not included,not included,not included,not included,8.105255221292316,1.3571590137977834,3.54369298047199,52.513966480446925
2016-17,N6,South East,North & Mid Hampshire,BSU,45 and over,A to F2,196.0,not included,not included,not included,not included,not included,not included,not included,not included,not included,not included,not included,not included,8.699125649105678,2.1747814122764195,3.550663530247215,54.421768707483
2016-17,N6,South East,Oxfordshire,BSU,45 and over,A to F2,203.0,not included,not included,not included,not included,not included,not included,not included,not included,not included,not included,not included,not included,7.558832290735777,1.8617813523979743,3.351206434316354,58.82352941176471
2016-17,N6,South East,Portsmouth,BSU,45 and over,A to F2,207.0,not included,not included,not included,not included,not included,not included,not included,not included,not included,not included,not included,not included,9.501514734232993,2.4786560176259984,3.0753695033507755,43.790849673202615
2016-17,N6,South East,Southampton & Salisbury,BSU,45 and over,A to F2,273.0,not included,not included,not included,not included,not included,not included,not included,not included,not included,not included,not included,not included,10.357779716963236,1.7452669120157833,4.476989035170923,51.98237885462555
2016-17,N6,South East,West Berkshire,BSU,45 and over,A to F2,146.0,not included,not included,not included,not included,not included,not included,not included,not included,not included,not included,not included,not included,7.528877887788779,1.4954620462046206,2.629950495049505,43.96551724137931
2016-17,N6,South East,Worthing,BSU,45 and over,A to F2,262.0,not included,not included,not included,not included,not included,not included,not included,not included,not included,not included,not included,not included,8.024993874050477,1.5008576329331045,3.736829208527322,57.27699530516433
2016-17,N7,South West,Avon,BSU,45 and over,A to F2,386.0,not included,not included,not included,not included,not included,not included,not included,not included,not included,not included,not included,not included,8.632449960863246,1.8562003801856202,3.5111260203511128,51.81518151815182
2016-17,N7,South West,Cornwall,BSU,45 and over,A to F2,166.0,not included,not included,not included,not included,not included,not included,not included,not included,not included,not included,not included,not included,8.327062954602457,1.8560321043391022,3.7120642086782043,57.36434108527132
2016-17,N7,South West,Dorset,BSU,45 and over,A to F2,344.0,not included,not included,not included,not included,not included,not included,not included,not included,not included,not included,not included,not included,9.06408094435076,2.1079258010118043,3.55712478920742,51.13636363636363
2016-17,N7,South West,Gloucestershire,BSU,45 and over,A to F2,253.0,not included,not included,not included,not included,not included,not included,not included,not included,not included,not included,not included,not included,9.31791396582204,1.915144372421921,3.351502651738362,45.27363184079602
2016-17,N7,South West,North & East Devon,BSU,45 and over,A to F2,207.0,not included,not included,not included,not included,not included,not included,not included,not included,not included,not included,not included,not included,7.946867321867322,2.14987714987715,3.263206388206388,56.29139072847682
2016-17,N7,South West,Somerset,BSU,45 and over,A to F2,204.0,not included,not included,not included,not included,not included,not included,not included,not included,not included,not included,not included,not included,8.787421925479215,1.1630411371957787,4.307559767391773,56.49717514124294
2016-17,N7,South West,South Devon,BSU,45 and over,A to F2,109.0,not included,not included,not included,not included,not included,not included,not included,not included,not included,not included,not included,not included,8.069889686829052,1.7028207596061302,3.331605834011994,52.32558139534884
2016-17,N7,South West,West Devon,BSU,45 and over,A to F2,185.0,not included,not included,not included,not included,not included,not included,not included,not included,not included,not included,not included,not included,8.63759454664301,2.194415911849846,3.314968717900831,51.449275362318836
2016-17,N7,South West,Wiltshire,BSU,45 and over,A to F2,214.0,not included,not included,not included,not included,not included,not included,not included,not included,not included,not included,not included,not included,8.258403118126038,1.466445413499016,3.66611353374754,54.285714285714285
2016-17,N1,North East and Yorkshire,Barnsley,BSU,50<71,A to F2,69.0,not included,not included,not included,not included,not included,not included,not included,not included,not included,not included,not included,not included,6.553328901130212,1.3296609364612022,2.754297654098205,52.72727272727272
2016-17,N1,North East and Yorkshire,Doncaster,BSU,50<71,A to F2,109.0,not included,not included,not included,not included,not included,not included,not included,not included,not included,not included,not included,not included,7.503786314195236,1.0326311441553078,3.9928404240671895,61.702127659574465
2016-17,N1,North East and Yorkshire,Gateshead,BSU,50<71,A to F2,222.0,not included,not included,not included,not included,not included,not included,not included,not included,not included,not included,not included,not included,7.000946073793756,1.0406811731315042,3.3112582781456954,55.55555555555556
2016-17,N1,North East and Yorkshire,Humberside,BSU,50<71,A to F2,283.0,not included,not included,not included,not included,not included,not included,not included,not included,not included,not included,not included,not included,7.183105741408193,1.0914259607086654,3.578861871160973,58.75
2016-17,N1,North East and Yorkshire,Leeds Wakefield,BSU,50<71,A to F2,322.0,not included,not included,not included,not included,not included,not included,not included,not included,not included,not included,not included,not included,8.70623225632013,1.811545221035555,4.10977423279708,59.6078431372549
2016-17,N1,North East and Yorkshire,Newcastle,BSU,50<71,A to F2,292.0,not included,not included,not included,not included,not included,not included,not included,not included,not included,not included,not included,not included,8.368920351953225,1.6909804820727408,3.4679430225559598,51.931330472103
2016-17,N1,North East and Yorkshire,North Cumbria,BSU,50<71,A to F2,100.0,not included,not included,not included,not included,not included,not included,not included,not included,not included,not included,not included,not included,7.004272606289836,2.1713245079498495,2.8017090425159346,57.971014492753625
2016-17,N1,North East and Yorkshire,North Tees,BSU,50<71,A to F2,286.0,not included,not included,not included,not included,not included,not included,not included,not included,not included,not included,not included,not included,8.215557853613698,1.7809950591749972,3.418361484545559,53.125
2016-17,N1,North East and Yorkshire,North Yorkshire,BSU,50<71,A to F2,236.0,not included,not included,not included,not included,not included,not included,not included,not included,not included,not included,not included,not included,8.313957584724864,1.7262030578454168,3.3467202141900936,50.80213903743316
2016-17,N1,North East and Yorkshire,Pennine,BSU,50<71,A to F2,282.0,not included,not included,not included,not included,not included,not included,not included,not included,not included,not included,not included,not included,8.283641277208236,1.7331022530329288,3.6424521928149693,55.60538116591929
2016-17,N1,North East and Yorkshire,Rotherham,BSU,50<71,A to F2,92.0,not included,not included,not included,not included,not included,not included,not included,not included,not included,not included,not included,not included,9.31174089068826,0.8097165991902834,4.65587044534413,54.761904761904766
2016-17,N1,North East and Yorkshire,Sheffield,BSU,50<71,A to F2,154.0,not included,not included,not included,not included,not included,not included,not included,not included,not included,not included,not included,not included,8.991650610147719,1.4596835406083961,3.4448531558358146,45.73643410852713
2016-17,N2,North West,Bolton,BSU,50<71,A to F2,226.0,not included,not included,not included,not included,not included,not included,not included,not included,not included,not included,not included,not included,9.305006587615283,2.182147562582345,4.734848484848485,66.47398843930635
2016-17,N2,North West,Cheshire & Stockport,BSU,50<71,A to F2,159.0,not included,not included,not included,not included,not included,not included,not included,not included,not included,not included,not included,not included,8.695652173913043,1.4219305441618815,3.5548263604047032,48.87218045112782
2016-17,N2,North West,Chester,BSU,50<71,A to F2,70.0,not included,not included,not included,not included,not included,not included,not included,not included,not included,not included,not included,not included,9.9672504627652,1.7086715079026058,3.2749537234799946,39.6551724137931
2016-17,N2,North West,Crewe,BSU,50<71,A to F2,73.0,not included,not included,not included,not included,not included,not included,not included,not included,not included,not included,not included,not included,6.461320587714639,1.2391573729863692,3.451938396176314,66.10169491525424
2016-17,N2,North West,East Lancashire,BSU,50<71,A to F2,171.0,not included,not included,not included,not included,not included,not included,not included,not included,not included,not included,not included,not included,9.396120665970658,1.6484422221001154,3.9562613330402767,51.06382978723404
2016-17,N2,North West,Liverpool,BSU,50<71,A to F2,224.0,not included,not included,not included,not included,not included,not included,not included,not included,not included,not included,not included,not included,7.215100173935451,1.352831282612897,2.5768214906912323,43.956043956043956
2016-17,N2,North West,Manchester,BSU,50<71,A to F2,375.0,not included,not included,not included,not included,not included,not included,not included,not included,not included,not included,not included,not included,8.049628643798567,1.1591465247069936,4.07847851285794,59.19003115264797
2016-17,N2,North West,North Lancashire & South Cumbria,BSU,50<71,A to F2,285.0,not included,not included,not included,not included,not included,not included,not included,not included,not included,not included,not included,not included,8.995360287851529,1.7359467222169618,3.3772054414039077,46.52173913043478
2016-17,N2,North West,South Lancashire,BSU,50<71,A to F2,173.0,not included,not included,not included,not included,not included,not included,not included,not included,not included,not included,not included,not included,7.141382868937048,1.4447884416924666,3.4262125902992775,60.14492753623188
2016-17,N2,North West,"Warrington, Halton, St Helens & Knowsley",BSU,50<71,A to F2,195.0,not included,not included,not included,not included,not included,not included,not included,not included,not included,not included,not included,not included,9.20115132355023,2.595196527155193,2.595196527155193,39.285714285714285
2016-17,N2,North West,Wirral,BSU,50<71,A to F2,127.0,not included,not included,not included,not included,not included,not included,not included,not included,not included,not included,not included,not included,9.574788902291917,1.8094089264173703,3.9957780458383594,51.45631067961165
2016-17,N3,Midlands,"City, Sandwell & Walsall",BSU,50<71,A to F2,288.0,not included,not included,not included,not included,not included,not included,not included,not included,not included,not included,not included,not included,8.311448443046377,1.9624253268303946,3.261089146056391,51.36363636363637
2016-17,N3,Midlands,"Dudley, Wolverhampton & South West Staffordshire",BSU,50<71,A to F2,160.0,not included,not included,not included,not included,not included,not included,not included,not included,not included,not included,not included,not included,8.794107947675057,2.033637462899857,3.4077168297240847,50.40650406504065
2016-17,N3,Midlands,Hereford & Worcester,BSU,50<71,A to F2,248.0,not included,not included,not included,not included,not included,not included,not included,not included,not included,not included,not included,not included,8.10033969166449,1.110530441599164,3.7235432453619026,53.271028037383175
2016-17,N3,Midlands,Kettering,BSU,50<71,A to F2,99.0,not included,not included,not included,not included,not included,not included,not included,not included,not included,not included,not included,not included,7.362784471218205,1.1899449650453666,3.3467202141900936,54.21686746987952
2016-17,N3,Midlands,Leicestershire,BSU,50<71,A to F2,270.0,not included,not included,not included,not included,not included,not included,not included,not included,not included,not included,not included,not included,7.793107429429083,1.587484846735554,3.607920106217168,58.41121495327103
2016-17,N3,Midlands,Lincolnshire,BSU,50<71,A to F2,190.0,not included,not included,not included,not included,not included,not included,not included,not included,not included,not included,not included,not included,7.757635146170178,1.3065490772497141,3.8379879144210354,59.49367088607595
2016-17,N3,Midlands,North Derbyshire & Chesterfield,BSU,50<71,A to F2,115.0,not included,not included,not included,not included,not included,not included,not included,not included,not included,not included,not included,not included,7.825791085403199,1.2249064307587616,3.402517863218782,51.546391752577314
2016-17,N3,Midlands,North Midlands,BSU,50<71,A to F2,163.0,not included,not included,not included,not included,not included,not included,not included,not included,not included,not included,not included,not included,9.155760265123856,2.471493568499691,3.8757512778745156,57.98319327731093
2016-17,N3,Midlands,North Nottinghamshire,BSU,50<71,A to F2,59.0,not included,not included,not included,not included,not included,not included,not included,not included,not included,not included,not included,not included,6.309485616511603,1.283285210137953,2.780451288632232,55.319148936170215
2016-17,N3,Midlands,Northampton,BSU,50<71,A to F2,125.0,not included,not included,not included,not included,not included,not included,not included,not included,not included,not included,not included,not included,9.097525473071324,1.6739446870451238,4.148471615720524,56.43564356435643
2016-17,N3,Midlands,Nottingham City,BSU,50<71,A to F2,186.0,not included,not included,not included,not included,not included,not included,not included,not included,not included,not included,not included,not included,7.396508529844514,1.1532190718574782,4.1754483636219035,66.87898089171973
2016-17,N3,Midlands,Shropshire,BSU,50<71,A to F2,135.0,not included,not included,not included,not included,not included,not included,not included,not included,not included,not included,not included,not included,7.546536978031192,1.1180054782268434,3.2422158868578457,50.43478260869565
2016-17,N3,Midlands,South Birmingham,BSU,50<71,A to F2,109.0,not included,not included,not included,not included,not included,not included,not included,not included,not included,not included,not included,not included,8.47194155137572,1.787657391574693,3.10896937665164,46.51162790697674
2016-17,N3,Midlands,South Derbyshire & South East Staffordshire,BSU,50<71,A to F2,175.0,not included,not included,not included,not included,not included,not included,not included,not included,not included,not included,not included,not included,8.132726089785296,2.137745143600706,3.113672274374942,51.93798449612403
2016-17,N3,Midlands,South Staffordshire,BSU,50<71,A to F2,170.0,not included,not included,not included,not included,not included,not included,not included,not included,not included,not included,not included,not included,7.938731670869524,1.3542542262071542,3.549080041094611,53.90070921985816
2016-17,N3,Midlands,"Warwickshire, Solihull & Coventry",BSU,50<71,A to F2,327.0,not included,not included,not included,not included,not included,not included,not included,not included,not included,not included,not included,not included,8.44175960346964,1.8329202808756713,2.7364725320115655,41.40625
2016-17,N4,East of England,Beds & Herts,BSU,50<71,A to F2,407.0,not included,not included,not included,not included,not included,not included,not included,not included,not included,not included,not included,not included,7.652533609100311,1.4853812165084141,2.895553257497415,46.95121951219512
2016-17,N4,East of England,Cambridge & Huntingdon,BSU,50<71,A to F2,130.0,not included,not included,not included,not included,not included,not included,not included,not included,not included,not included,not included,not included,7.694584196507843,1.3021604024859426,4.084048535069548,63.888888888888886
2016-17,N4,East of England,Chelmsford & Colchester,BSU,50<71,A to F2,188.0,not included,not included,not included,not included,not included,not included,not included,not included,not included,not included,not included,not included,6.641466775002649,1.3424241353728759,2.3669057123679655,44.666666666666664
2016-17,N4,East of England,East Suffolk,BSU,50<71,A to F2,121.0,not included,not included,not included,not included,not included,not included,not included,not included,not included,not included,not included,not included,7.297509197273989,1.0855798805862131,3.5582896085881432,57.28155339805825
2016-17,N4,East of England,Great Yarmouth & Waveney,BSU,50<71,A to F2,67.0,not included,not included,not included,not included,not included,not included,not included,not included,not included,not included,not included,not included,6.040389469888208,0.9015506671474937,3.155427335016228,61.40350877192983
2016-17,N4,East of England,King's Lynn,BSU,50<71,A to F2,59.0,not included,not included,not included,not included,not included,not included,not included,not included,not included,not included,not included,not included,8.093278463648833,2.1947873799725652,3.7037037037037037,62.7906976744186
2016-17,N4,East of England,Milton Keynes,BSU,50<71,A to F2,78.0,not included,not included,not included,not included,not included,not included,not included,not included,not included,not included,not included,not included,8.426966292134832,1.512532411408816,3.78133102852204,54.6875
2016-17,N4,East of England,Norfolk & Norwich,BSU,50<71,A to F2,154.0,not included,not included,not included,not included,not included,not included,not included,not included,not included,not included,not included,not included,6.905519931841622,0.8071386933321376,2.914667503699386,48.148148148148145
2016-17,N4,East of England,Peterborough,BSU,50<71,A to F2,68.0,not included,not included,not included,not included,not included,not included,not included,not included,not included,not included,not included,not included,6.920415224913495,1.6283329940972928,3.053124363932424,57.692307692307686
2016-17,N4,East of England,South Essex,BSU,50<71,A to F2,178.0,not included,not included,not included,not included,not included,not included,not included,not included,not included,not included,not included,not included,7.510548523206751,1.0126582278481013,3.5443037974683542,54.54545454545454
2016-17,N4,East of England,West Essex (Epping),BSU,50<71,A to F2,82.0,not included,not included,not included,not included,not included,not included,not included,not included,not included,not included,not included,not included,7.93343653250774,1.644736842105263,3.5797213622291024,56.92307692307692
2016-17,N4,East of England,West Suffolk,BSU,50<71,A to F2,95.0,not included,not included,not included,not included,not included,not included,not included,not included,not included,not included,not included,not included,8.216571527417402,1.5568240788790868,4.67047223663726,70.12987012987013
2016-17,N5,London,Central & East London,BSU,50<71,A to F2,263.0,not included,not included,not included,not included,not included,not included,not included,not included,not included,not included,not included,not included,8.275384663792831,2.0767125011799505,3.240930115477801,52.28426395939086
2016-17,N5,London,North London,BSU,50<71,A to F2,416.0,not included,not included,not included,not included,not included,not included,not included,not included,not included,not included,not included,not included,7.609013754755633,1.8290898448931812,2.5790166812993855,44.904458598726116
2016-17,N5,London,Outer North East London,BSU,50<71,A to F2,161.0,not included,not included,not included,not included,not included,not included,not included,not included,not included,not included,not included,not included,6.452130004408287,1.6030136656915002,2.5247465234641124,52.066115702479344
2016-17,N5,London,South East London,BSU,50<71,A to F2,335.0,not included,not included,not included,not included,not included,not included,not included,not included,not included,not included,not included,not included,7.209262288026168,1.4418524576052336,2.9267452870792803,50.74626865671642
2016-17,N5,London,South West London,BSU,50<71,A to F2,372.0,not included,not included,not included,not included,not included,not included,not included,not included,not included,not included,not included,not included,8.83505521909512,2.5887661797886237,2.94501840636504,47.14828897338403
2016-17,N5,London,West of London,BSU,50<71,A to F2,319.0,not included,not included,not included,not included,not included,not included,not included,not included,not included,not included,not included,not included,7.417742123008953,1.6742239274502966,2.5345890012789214,44.12955465587044
2016-17,N6,South East,Aylesbury & Wycombe,BSU,50<71,A to F2,162.0,not included,not included,not included,not included,not included,not included,not included,not included,not included,not included,not included,not included,8.401618089409812,2.333782802613837,3.371019603775542,55.55555555555556
2016-17,N6,South East,Brighton,BSU,50<71,A to F2,206.0,not included,not included,not included,not included,not included,not included,not included,not included,not included,not included,not included,not included,7.443272149154502,1.6982222864575807,2.8905911258852437,50.314465408805034
2016-17,N6,South East,Canterbury,BSU,50<71,A to F2,271.0,not included,not included,not included,not included,not included,not included,not included,not included,not included,not included,not included,not included,9.777745706451146,1.5875306682060903,4.726511762159042,57.70925110132159
2016-17,N6,South East,East Berkshire,BSU,50<71,A to F2,133.0,not included,not included,not included,not included,not included,not included,not included,not included,not included,not included,not included,not included,8.516905737704917,2.1772540983606556,2.881659836065574,45.45454545454545
2016-17,N6,South East,Guildford,BSU,50<71,A to F2,458.0,not included,not included,not included,not included,not included,not included,not included,not included,not included,not included,not included,not included,9.936001735546155,2.5816249050873195,4.165310771233322,56.63716814159292
2016-17,N6,South East,Isle of Wight,BSU,50<71,A to F2,59.0,not included,not included,not included,not included,not included,not included,not included,not included,not included,not included,not included,not included,7.82597161427245,1.5917230401910067,2.520228146969094,40.42553191489361
2016-17,N6,South East,Maidstone,BSU,50<71,A to F2,173.0,not included,not included,not included,not included,not included,not included,not included,not included,not included,not included,not included,not included,9.060437833874516,1.6759191369016444,4.137425369225935,56.02836879432624
2016-17,N6,South East,Medway,BSU,50<71,A to F2,175.0,not included,not included,not included,not included,not included,not included,not included,not included,not included,not included,not included,not included,7.786082932906211,1.4682327816337426,3.2479088805837337,51.40845070422535
2016-17,N6,South East,North & Mid Hampshire,BSU,50<71,A to F2,165.0,not included,not included,not included,not included,not included,not included,not included,not included,not included,not included,not included,not included,8.701613753823436,2.3204303343529165,3.6388566606898007,57.02479338842975
2016-17,N6,South East,Oxfordshire,BSU,50<71,A to F2,161.0,not included,not included,not included,not included,not included,not included,not included,not included,not included,not included,not included,not included,7.1078539578826545,1.6776301267052227,3.2669639309522758,60.16260162601627
2016-17,N6,South East,Portsmouth,BSU,50<71,A to F2,163.0,not included,not included,not included,not included,not included,not included,not included,not included,not included,not included,not included,not included,8.82416630576007,2.27371156344738,2.81507145950628,42.97520661157025
2016-17,N6,South East,Southampton & Salisbury,BSU,50<71,A to F2,228.0,not included,not included,not included,not included,not included,not included,not included,not included,not included,not included,not included,not included,10.134684624616614,1.689114104102769,4.35613637373872,51.578947368421055
2016-17,N6,South East,West Berkshire,BSU,50<71,A to F2,118.0,not included,not included,not included,not included,not included,not included,not included,not included,not included,not included,not included,not included,7.358443502120229,1.4342728860064853,2.432027937141432,41.48936170212766
2016-17,N6,South East,Worthing,BSU,50<71,A to F2,230.0,not included,not included,not included,not included,not included,not included,not included,not included,not included,not included,not included,not included,7.519780291636697,1.4058719675668605,3.4983325704570722,57.21925133689839
2016-17,N7,South West,Avon,BSU,50<71,A to F2,327.0,not included,not included,not included,not included,not included,not included,not included,not included,not included,not included,not included,not included,8.499025341130604,1.6894087069525667,3.7426900584795324,54.961832061068705
2016-17,N7,South West,Cornwall,BSU,50<71,A to F2,139.0,not included,not included,not included,not included,not included,not included,not included,not included,not included,not included,not included,not included,8.328839355263947,1.9773503505302894,3.595182455509617,56.60377358490566
2016-17,N7,South West,Dorset,BSU,50<71,A to F2,279.0,not included,not included,not included,not included,not included,not included,not included,not included,not included,not included,not included,not included,8.667018731943712,1.988133329191389,3.5413624926221616,53.02325581395348
2016-17,N7,South West,Gloucestershire,BSU,50<71,A to F2,202.0,not included,not included,not included,not included,not included,not included,not included,not included,not included,not included,not included,not included,8.728341183079117,1.7715940025061574,3.197511126474528,45.962732919254655
2016-17,N7,South West,North & East Devon,BSU,50<71,A to F2,164.0,not included,not included,not included,not included,not included,not included,not included,not included,not included,not included,not included,not included,7.197717796796138,1.8872064955014263,3.1599736668861094,59.50413223140496
2016-17,N7,South West,Somerset,BSU,50<71,A to F2,175.0,not included,not included,not included,not included,not included,not included,not included,not included,not included,not included,not included,not included,8.883248730964468,1.3197969543147208,4.314720812182741,57.04697986577181
2016-17,N7,South West,South Devon,BSU,50<71,A to F2,88.0,not included,not included,not included,not included,not included,not included,not included,not included,not included,not included,not included,not included,7.573801531973492,1.6352526034942767,3.2705052069885534,55.072463768115945
2016-17,N7,South West,West Devon,BSU,50<71,A to F2,142.0,not included,not included,not included,not included,not included,not included,not included,not included,not included,not included,not included,not included,7.886260135510385,2.165944685104965,2.8323892035988005,49.51456310679612
2016-17,N7,South West,Wiltshire,BSU,50<71,A to F2,172.0,not included,not included,not included,not included,not included,not included,not included,not included,not included,not included,not included,not included,7.801514945344038,1.4514446409942396,3.537896312423459,56.11510791366906
2017-18,N1,North East and Yorkshire,Barnsley,BSU,45 and over,A to F2,67.0,not included,not included,not included,not included,not included,not included,not included,not included,not included,not included,not included,not included,5.568021274827558,0.5817335660267597,2.659353444693759,53.333333333333336
2017-18,N1,North East and Yorkshire,Doncaster,BSU,45 and over,A to F2,163.0,not included,not included,not included,not included,not included,not included,not included,not included,not included,not included,not included,not included,9.242982704848314,1.304224553444854,4.082789906436065,51.42857142857142
2017-18,N1,North East and Yorkshire,Gateshead,BSU,45 and over,A to F2,242.0,not included,not included,not included,not included,not included,not included,not included,not included,not included,not included,not included,not included,7.46222633364169,1.6959605303731113,3.2994141227258713,57.52688172043011
2017-18,N1,North East and Yorkshire,Humberside,BSU,45 and over,A to F2,267.0,not included,not included,not included,not included,not included,not included,not included,not included,not included,not included,not included,not included,6.765659841881209,1.2162983985404419,2.8887086965335493,52.054794520547944
2017-18,N1,North East and Yorkshire,Leeds Wakefield,BSU,45 and over,A to F2,356.0,not included,not included,not included,not included,not included,not included,not included,not included,not included,not included,not included,not included,8.770417087531719,1.9462442413342858,4.459116552930452,65.34296028880865
2017-18,N1,North East and Yorkshire,Newcastle,BSU,45 and over,A to F2,356.0,not included,not included,not included,not included,not included,not included,not included,not included,not included,not included,not included,not included,9.315226208231937,2.2241410890441426,4.2127848863071415,59.40959409594095
2017-18,N1,North East and Yorkshire,North Cumbria,BSU,45 and over,A to F2,124.0,not included,not included,not included,not included,not included,not included,not included,not included,not included,not included,not included,not included,8.73547023599859,1.972525537160972,3.099682986967242,45.83333333333333
2017-18,N1,North East and Yorkshire,North Tees,BSU,45 and over,A to F2,291.0,not included,not included,not included,not included,not included,not included,not included,not included,not included,not included,not included,not included,6.937160293696958,1.7402498331267284,2.4554209974253838,47.24770642201835
2017-18,N1,North East and Yorkshire,North Yorkshire,BSU,45 and over,A to F2,295.0,not included,not included,not included,not included,not included,not included,not included,not included,not included,not included,not included,not included,8.04231073307707,1.6629862871786483,2.835255309288187,44.44444444444444
2017-18,N1,North East and Yorkshire,Pennine,BSU,45 and over,A to F2,323.0,not included,not included,not included,not included,not included,not included,not included,not included,not included,not included,not included,not included,7.793085144883828,2.243829468960359,3.450189398508939,62.44541484716157
2017-18,N1,North East and Yorkshire,Rotherham,BSU,45 and over,A to F2,99.0,not included,not included,not included,not included,not included,not included,not included,not included,not included,not included,not included,not included,9.297520661157025,1.5026296018031555,3.9444027047332835,50.602409638554214
2017-18,N1,North East and Yorkshire,Sheffield,BSU,45 and over,A to F2,174.0,not included,not included,not included,not included,not included,not included,not included,not included,not included,not included,not included,not included,8.111888111888113,1.724941724941725,3.58974358974359,56.20437956204379
2017-18,N2,North West,Bolton,BSU,45 and over,A to F2,200.0,not included,not included,not included,not included,not included,not included,not included,not included,not included,not included,not included,not included,8.412197686645635,1.7665615141955835,3.1966351209253414,48.10126582278481
2017-18,N2,North West,Cheshire & Stockport,BSU,45 and over,A to F2,162.0,not included,not included,not included,not included,not included,not included,not included,not included,not included,not included,not included,not included,7.840100663020858,1.2098920776266757,3.436093500459759,51.82481751824818
2017-18,N2,North West,Chester,BSU,45 and over,A to F2,101.0,not included,not included,not included,not included,not included,not included,not included,not included,not included,not included,not included,not included,9.939966538726503,2.0667257159728374,4.035035921661254,51.24999999999999
2017-18,N2,North West,Crewe,BSU,45 and over,A to F2,116.0,not included,not included,not included,not included,not included,not included,not included,not included,not included,not included,not included,not included,8.958912573370405,2.0852641334569046,3.0120481927710845,43.82022471910113
2017-18,N2,North West,East Lancashire,BSU,45 and over,A to F2,168.0,not included,not included,not included,not included,not included,not included,not included,not included,not included,not included,not included,not included,8.14229632142684,1.8901759317598024,2.859496922405855,45.73643410852713
2017-18,N2,North West,Liverpool,BSU,45 and over,A to F2,282.0,not included,not included,not included,not included,not included,not included,not included,not included,not included,not included,not included,not included,8.96889510845366,1.9082755549901405,3.562114369314929,50.45045045045045
2017-18,N2,North West,Manchester,BSU,45 and over,A to F2,363.0,not included,not included,not included,not included,not included,not included,not included,not included,not included,not included,not included,not included,8.360395218683065,1.7273543840254266,3.8001796448559384,57.291666666666664
2017-18,N2,North West,North Lancashire & South Cumbria,BSU,45 and over,A to F2,339.0,not included,not included,not included,not included,not included,not included,not included,not included,not included,not included,not included,not included,9.202453987730062,2.6060046690916985,3.4746728921222654,52.674897119341566
2017-18,N2,North West,South Lancashire,BSU,45 and over,A to F2,216.0,not included,not included,not included,not included,not included,not included,not included,not included,not included,not included,not included,not included,7.760293166630739,1.5089458935115325,3.6645828842422934,58.95953757225434
2017-18,N2,North West,"Warrington, Halton, St Helens & Knowsley",BSU,45 and over,A to F2,216.0,not included,not included,not included,not included,not included,not included,not included,not included,not included,not included,not included,not included,9.085173501577287,2.1871713985278656,3.070452155625657,44.51219512195122
2017-18,N2,North West,Wirral,BSU,45 and over,A to F2,139.0,not included,not included,not included,not included,not included,not included,not included,not included,not included,not included,not included,not included,9.180977542932629,2.3778071334214004,2.774108322324967,41.17647058823529
2017-18,N3,Midlands,"City, Sandwell & Walsall",BSU,45 and over,A to F2,301.0,not included,not included,not included,not included,not included,not included,not included,not included,not included,not included,not included,not included,7.340210208013266,1.5850952276440609,2.8531714097593093,49.57627118644068
2017-18,N3,Midlands,"Dudley, Wolverhampton & South West Staffordshire",BSU,45 and over,A to F2,284.0,not included,not included,not included,not included,not included,not included,not included,not included,not included,not included,not included,not included,9.162768188417486,1.968059364413615,3.8393289240200033,53.36322869955157
2017-18,N3,Midlands,Hereford & Worcester,BSU,45 and over,A to F2,325.0,not included,not included,not included,not included,not included,not included,not included,not included,not included,not included,not included,not included,9.0878586208825,1.7057211565348693,3.4394049549801466,46.590909090909086
2017-18,N3,Midlands,Kettering,BSU,45 and over,A to F2,117.0,not included,not included,not included,not included,not included,not included,not included,not included,not included,not included,not included,not included,7.74526678141136,1.0591817820733482,2.9789487620812922,44.554455445544555
2017-18,N3,Midlands,Leicestershire,BSU,45 and over,A to F2,341.0,not included,not included,not included,not included,not included,not included,not included,not included,not included,not included,not included,not included,7.7839663988312635,1.3467859751643536,3.994704163623083,62.056737588652474
2017-18,N3,Midlands,Lincolnshire,BSU,45 and over,A to F2,261.0,not included,not included,not included,not included,not included,not included,not included,not included,not included,not included,not included,not included,9.15307732772225,1.8586708749780818,4.243380676836752,58.17307692307693
2017-18,N3,Midlands,North Derbyshire & Chesterfield,BSU,45 and over,A to F2,155.0,not included,not included,not included,not included,not included,not included,not included,not included,not included,not included,not included,not included,8.950742045388925,2.1943754691921233,3.5802968181555697,52.991452991452995
2017-18,N3,Midlands,North Midlands,BSU,45 and over,A to F2,230.0,not included,not included,not included,not included,not included,not included,not included,not included,not included,not included,not included,not included,8.310749774164409,2.457091237579043,3.5411020776874436,60.49382716049383
2017-18,N3,Midlands,North Nottinghamshire,BSU,45 and over,A to F2,51.0,not included,not included,not included,not included,not included,not included,not included,not included,not included,not included,not included,not included,4.655408489274304,0.8215426745778184,1.5518028297581012,40.476190476190474
2017-18,N3,Midlands,Northampton,BSU,45 and over,A to F2,148.0,not included,not included,not included,not included,not included,not included,not included,not included,not included,not included,not included,not included,9.323421947839234,2.393851581201966,3.33879299483432,48.18181818181818
2017-18,N3,Midlands,Nottingham City,BSU,45 and over,A to F2,253.0,not included,not included,not included,not included,not included,not included,not included,not included,not included,not included,not included,not included,8.14604932706549,1.3523085839397258,4.217914868954859,62.08530805687204
2017-18,N3,Midlands,Shropshire,BSU,45 and over,A to F2,208.0,not included,not included,not included,not included,not included,not included,not included,not included,not included,not included,not included,not included,8.30670926517572,1.9568690095846646,3.0351437699680512,47.79874213836478
2017-18,N3,Midlands,South Birmingham,BSU,45 and over,A to F2,113.0,not included,not included,not included,not included,not included,not included,not included,not included,not included,not included,not included,not included,7.914828045107515,1.9611963297611543,2.6616235903901377,44.70588235294118
2017-18,N3,Midlands,South Derbyshire & South East Staffordshire,BSU,45 and over,A to F2,313.0,not included,not included,not included,not included,not included,not included,not included,not included,not included,not included,not included,not included,8.838811702247826,2.0614480966903876,3.303964757709251,48.75
2017-18,N3,Midlands,"Warwickshire, Solihull & Coventry",BSU,45 and over,A to F2,319.0,not included,not included,not included,not included,not included,not included,not included,not included,not included,not included,not included,not included,7.210017177470392,1.107494801555013,2.327999276738089,38.148148148148145
2017-18,N4,East of England,Beds & Herts,BSU,45 and over,A to F2,435.0,not included,not included,not included,not included,not included,not included,not included,not included,not included,not included,not included,not included,7.431832160185881,1.6059591334654548,2.9556481924417413,50.733137829912025
2017-18,N4,East of England,Cambridge & Huntingdon,BSU,45 and over,A to F2,162.0,not included,not included,not included,not included,not included,not included,not included,not included,not included,not included,not included,not included,8.51063829787234,1.6811137378513263,3.5198318886262148,51.53846153846153
2017-18,N4,East of England,Chelmsford & Colchester,BSU,45 and over,A to F2,276.0,not included,not included,not included,not included,not included,not included,not included,not included,not included,not included,not included,not included,8.285551319383986,1.2608447659932154,3.3022124823631835,47.008547008547005
2017-18,N4,East of England,East Suffolk,BSU,45 and over,A to F2,109.0,not included,not included,not included,not included,not included,not included,not included,not included,not included,not included,not included,not included,6.941790854668195,1.4010954018596355,3.3753661953891223,61.627906976744185
2017-18,N4,East of England,Great Yarmouth & Waveney,BSU,45 and over,A to F2,60.0,not included,not included,not included,not included,not included,not included,not included,not included,not included,not included,not included,not included,7.103113531431278,1.7757783828578195,2.841245412572511,53.333333333333336
2017-18,N4,East of England,King's Lynn,BSU,45 and over,A to F2,95.0,not included,not included,not included,not included,not included,not included,not included,not included,not included,not included,not included,not included,9.591115598182737,2.0191822311963654,4.341241797072186,57.333333333333336
2017-18,N4,East of England,Milton Keynes,BSU,45 and over,A to F2,98.0,not included,not included,not included,not included,not included,not included,not included,not included,not included,not included,not included,not included,8.925318761384336,1.1839708561020037,3.7340619307832426,48.23529411764706
2017-18,N4,East of England,Norfolk & Norwich,BSU,45 and over,A to F2,198.0,not included,not included,not included,not included,not included,not included,not included,not included,not included,not included,not included,not included,8.811356859952829,1.3795558720128165,4.1386676160384495,55.688622754491014
2017-18,N4,East of England,Peterborough,BSU,45 and over,A to F2,105.0,not included,not included,not included,not included,not included,not included,not included,not included,not included,not included,not included,not included,7.918552036199094,0.9803921568627451,3.2428355957767723,46.73913043478261
2017-18,N4,East of England,South Essex,BSU,45 and over,A to F2,202.0,not included,not included,not included,not included,not included,not included,not included,not included,not included,not included,not included,not included,7.766243752402922,1.1534025374855825,4.036908881199539,61.04651162790697
2017-18,N4,East of England,West Essex (Epping),BSU,45 and over,A to F2,99.0,not included,not included,not included,not included,not included,not included,not included,not included,not included,not included,not included,not included,8.24381713714714,1.8319593638104754,3.16429344658173,50.0
2017-18,N4,East of England,West Suffolk,BSU,45 and over,A to F2,75.0,not included,not included,not included,not included,not included,not included,not included,not included,not included,not included,not included,not included,6.495193556767992,1.0392309690828787,3.0310903264917295,55.55555555555556
2017-18,N5,London,Central & East London,BSU,45 and over,A to F2,178.0,not included,not included,not included,not included,not included,not included,not included,not included,not included,not included,not included,not included,7.503899498334809,1.8548965052063573,2.698031280300156,47.76119402985074
2017-18,N5,London,North London,BSU,45 and over,A to F2,522.0,not included,not included,not included,not included,not included,not included,not included,not included,not included,not included,not included,not included,8.83398206126248,2.233880521238788,2.690810627855813,40.87403598971722
2017-18,N5,London,Outer North East London,BSU,45 and over,A to F2,229.0,not included,not included,not included,not included,not included,not included,not included,not included,not included,not included,not included,not included,8.038472339230553,1.6849199663016006,3.4400449311991017,54.14364640883977
2017-18,N5,London,South East London,BSU,45 and over,A to F2,457.0,not included,not included,not included,not included,not included,not included,not included,not included,not included,not included,not included,not included,7.838361662350136,1.4922045177778158,2.8814983791571613,45.40540540540541
2017-18,N5,London,South West London,BSU,45 and over,A to F2,492.0,not included,not included,not included,not included,not included,not included,not included,not included,not included,not included,not included,not included,8.717994152564899,1.8959865331797643,2.711083547443962,39.740259740259745
2017-18,N5,London,West of London,BSU,45 and over,A to F2,387.0,not included,not included,not included,not included,not included,not included,not included,not included,not included,not included,not included,not included,8.32813273365039,2.0874131141190904,2.3026103423787903,36.896551724137936
2017-18,N6,South East,Aylesbury & Wycombe,BSU,45 and over,A to F2,183.0,not included,not included,not included,not included,not included,not included,not included,not included,not included,not included,not included,not included,8.49030342395843,1.4846432216757912,3.5260276514800037,50.331125827814574
2017-18,N6,South East,Brighton,BSU,45 and over,A to F2,289.0,not included,not included,not included,not included,not included,not included,not included,not included,not included,not included,not included,not included,8.911776496345864,2.2819081686145117,2.8678035092047245,43.25581395348837
2017-18,N6,South East,Canterbury,BSU,45 and over,A to F2,236.0,not included,not included,not included,not included,not included,not included,not included,not included,not included,not included,not included,not included,8.4442536138543,1.6816945756404753,3.5780735651925,52.910052910052904
2017-18,N6,South East,East Berkshire,BSU,45 and over,A to F2,169.0,not included,not included,not included,not included,not included,not included,not included,not included,not included,not included,not included,not included,9.359251259899208,2.1598272138228944,2.6028686935814367,36.15384615384615
2017-18,N6,South East,Guildford,BSU,45 and over,A to F2,515.0,not included,not included,not included,not included,not included,not included,not included,not included,not included,not included,not included,not included,9.57676286819399,2.5104135673906574,3.8121094912228504,53.94736842105263
2017-18,N6,South East,Isle of Wight,BSU,45 and over,A to F2,45.0,not included,not included,not included,not included,not included,not included,not included,not included,not included,not included,not included,not included,6.631299734748011,0.8841732979664013,3.2419687592101383,56.41025641025641
2017-18,N6,South East,Maidstone,BSU,45 and over,A to F2,180.0,not included,not included,not included,not included,not included,not included,not included,not included,not included,not included,not included,not included,9.459743535841918,2.6277065377338658,4.204330460374185,61.53846153846154
2017-18,N6,South East,Medway,BSU,45 and over,A to F2,204.0,not included,not included,not included,not included,not included,not included,not included,not included,not included,not included,not included,not included,8.428010741582318,1.5699235695104317,3.2637884734558975,47.59036144578313
2017-18,N6,South East,North & Mid Hampshire,BSU,45 and over,A to F2,198.0,not included,not included,not included,not included,not included,not included,not included,not included,not included,not included,not included,not included,9.632692775480418,2.1892483580637316,4.475796643152518,60.130718954248366
2017-18,N6,South East,Oxfordshire,BSU,45 and over,A to F2,212.0,not included,not included,not included,not included,not included,not included,not included,not included,not included,not included,not included,not included,8.807278467865897,1.6202068879564622,3.8220265049229365,53.179190751445084
2017-18,N6,South East,Portsmouth,BSU,45 and over,A to F2,209.0,not included,not included,not included,not included,not included,not included,not included,not included,not included,not included,not included,not included,9.03432177747039,2.074868159419037,3.6310192789833144,52.17391304347826
2017-18,N6,South East,Southampton & Salisbury,BSU,45 and over,A to F2,285.0,not included,not included,not included,not included,not included,not included,not included,not included,not included,not included,not included,not included,9.712377317339149,2.385496183206107,3.850872410032715,52.55813953488372
2017-18,N6,South East,West Berkshire,BSU,45 and over,A to F2,151.0,not included,not included,not included,not included,not included,not included,not included,not included,not included,not included,not included,not included,6.989446398815034,1.3886317348639141,2.4532493982595813,43.80165289256198
2017-18,N6,South East,Worthing,BSU,45 and over,A to F2,294.0,not included,not included,not included,not included,not included,not included,not included,not included,not included,not included,not included,not included,9.215145436308928,1.7239217652958876,3.6985957873620863,49.37238493723849
2017-18,N7,South West,Avon,BSU,45 and over,A to F2,418.0,not included,not included,not included,not included,not included,not included,not included,not included,not included,not included,not included,not included,9.709865502102256,2.2532463007270787,4.250969825083045,57.009345794392516
2017-18,N7,South West,Cornwall,BSU,45 and over,A to F2,184.0,not included,not included,not included,not included,not included,not included,not included,not included,not included,not included,not included,not included,9.005922372864765,2.0067544417796483,3.817727962410063,54.54545454545454
2017-18,N7,South West,Dorset,BSU,45 and over,A to F2,407.0,not included,not included,not included,not included,not included,not included,not included,not included,not included,not included,not included,not included,10.232043643311462,2.2374739170877644,4.29896673957312,53.77358490566038
2017-18,N7,South West,Gloucestershire,BSU,45 and over,A to F2,242.0,not included,not included,not included,not included,not included,not included,not included,not included,not included,not included,not included,not included,8.393742846241892,1.7689292775137873,3.1216399014949183,47.12041884816754
2017-18,N7,South West,North & East Devon,BSU,45 and over,A to F2,210.0,not included,not included,not included,not included,not included,not included,not included,not included,not included,not included,not included,not included,8.412787436904095,1.5223139171540743,3.8057847928851856,55.23255813953488
2017-18,N7,South West,Somerset,BSU,45 and over,A to F2,142.0,not included,not included,not included,not included,not included,not included,not included,not included,not included,not included,not included,not included,6.6169617893755825,0.8387698042870456,3.494874184529357,60.483870967741936
2017-18,N7,South West,South Devon,BSU,45 and over,A to F2,95.0,not included,not included,not included,not included,not included,not included,not included,not included,not included,not included,not included,not included,7.495069033530571,1.4990138067061145,3.708086785009862,63.51351351351351
2017-18,N7,South West,West Devon,BSU,45 and over,A to F2,254.0,not included,not included,not included,not included,not included,not included,not included,not included,not included,not included,not included,not included,10.66957909770646,2.4363605813660425,3.864571956649584,46.93877551020408
2017-18,N7,South West,Wiltshire,BSU,45 and over,A to F2,222.0,not included,not included,not included,not included,not included,not included,not included,not included,not included,not included,not included,not included,8.908149753220176,1.6853256289876009,3.2502708559046587,45.0
2017-18,N1,North East and Yorkshire,Barnsley,BSU,50<71,A to F2,56.0,not included,not included,not included,not included,not included,not included,not included,not included,not included,not included,not included,not included,5.628706402653533,0.4020504573323952,2.8143532013267665,53.84615384615385
2017-18,N1,North East and Yorkshire,Doncaster,BSU,50<71,A to F2,132.0,not included,not included,not included,not included,not included,not included,not included,not included,not included,not included,not included,not included,8.72323552735924,1.189532117367169,3.8990219402590536,51.75438596491229
2017-18,N1,North East and Yorkshire,Gateshead,BSU,50<71,A to F2,218.0,not included,not included,not included,not included,not included,not included,not included,not included,not included,not included,not included,not included,7.047261912458783,1.648671364841275,3.071054503135708,57.22891566265061
2017-18,N1,North East and Yorkshire,Humberside,BSU,50<71,A to F2,214.0,not included,not included,not included,not included,not included,not included,not included,not included,not included,not included,not included,not included,6.255480853551593,1.169248757673195,2.543116047939199,50.0
2017-18,N1,North East and Yorkshire,Leeds Wakefield,BSU,50<71,A to F2,298.0,not included,not included,not included,not included,not included,not included,not included,not included,not included,not included,not included,not included,8.73797794980061,1.8766127140511375,4.456955195871452,64.95726495726495
2017-18,N1,North East and Yorkshire,Newcastle,BSU,50<71,A to F2,294.0,not included,not included,not included,not included,not included,not included,not included,not included,not included,not included,not included,not included,9.140085804887148,1.9585898153329602,4.321333084623515,60.17316017316018
2017-18,N1,North East and Yorkshire,North Cumbria,BSU,50<71,A to F2,116.0,not included,not included,not included,not included,not included,not included,not included,not included,not included,not included,not included,not included,8.608534322820038,1.9294990723562153,3.116883116883117,46.666666666666664
2017-18,N1,North East and Yorkshire,North Tees,BSU,50<71,A to F2,244.0,not included,not included,not included,not included,not included,not included,not included,not included,not included,not included,not included,not included,6.792116690791671,1.8093753479567978,2.282596592807037,45.81005586592179
2017-18,N1,North East and Yorkshire,North Yorkshire,BSU,50<71,A to F2,242.0,not included,not included,not included,not included,not included,not included,not included,not included,not included,not included,not included,not included,7.7427611582146865,1.5677491601343785,2.559590465525516,41.45077720207254
2017-18,N1,North East and Yorkshire,Pennine,BSU,50<71,A to F2,269.0,not included,not included,not included,not included,not included,not included,not included,not included,not included,not included,not included,not included,7.534802946696171,2.1568023304669337,3.417271224895661,63.541666666666664
2017-18,N1,North East and Yorkshire,Rotherham,BSU,50<71,A to F2,82.0,not included,not included,not included,not included,not included,not included,not included,not included,not included,not included,not included,not included,9.36179929215664,1.2558511245575978,4.110058225824866,50.70422535211267
2017-18,N1,North East and Yorkshire,Sheffield,BSU,50<71,A to F2,136.0,not included,not included,not included,not included,not included,not included,not included,not included,not included,not included,not included,not included,7.707129094412331,1.756772072991046,3.456874079111413,58.0952380952381
2017-18,N2,North West,Bolton,BSU,50<71,A to F2,171.0,not included,not included,not included,not included,not included,not included,not included,not included,not included,not included,not included,not included,8.39675914559293,1.8659464767984286,2.9953351338080036,45.86466165413533
2017-18,N2,North West,Cheshire & Stockport,BSU,50<71,A to F2,130.0,not included,not included,not included,not included,not included,not included,not included,not included,not included,not included,not included,not included,7.454555880497735,1.2041974883880955,3.153850564825965,50.45871559633027
2017-18,N2,North West,Chester,BSU,50<71,A to F2,77.0,not included,not included,not included,not included,not included,not included,not included,not included,not included,not included,not included,not included,8.995327102803738,1.4018691588785046,4.0887850467289715,53.84615384615385
2017-18,N2,North West,Crewe,BSU,50<71,A to F2,94.0,not included,not included,not included,not included,not included,not included,not included,not included,not included,not included,not included,not included,8.57194966259347,2.0062009848623017,2.8269195695786977,43.05555555555556
2017-18,N2,North West,East Lancashire,BSU,50<71,A to F2,139.0,not included,not included,not included,not included,not included,not included,not included,not included,not included,not included,not included,not included,7.86288041633669,1.8667270053173437,2.941509220500057,49.056603773584904
2017-18,N2,North West,Liverpool,BSU,50<71,A to F2,229.0,not included,not included,not included,not included,not included,not included,not included,not included,not included,not included,not included,not included,8.536176240354866,1.8265180601632682,3.392104968874641,50.55555555555556
2017-18,N2,North West,Manchester,BSU,50<71,A to F2,302.0,not included,not included,not included,not included,not included,not included,not included,not included,not included,not included,not included,not included,8.222609453278153,1.6880853844478327,3.8662600740579394,59.166666666666664
2017-18,N2,North West,North Lancashire & South Cumbria,BSU,50<71,A to F2,272.0,not included,not included,not included,not included,not included,not included,not included,not included,not included,not included,not included,not included,8.51356849979655,2.3474913142821374,3.223888071614135,52.28426395939086
2017-18,N2,North West,South Lancashire,BSU,50<71,A to F2,182.0,not included,not included,not included,not included,not included,not included,not included,not included,not included,not included,not included,not included,7.7128448531593,1.6103742001101835,3.644531084459889,60.13986013986013
2017-18,N2,North West,"Warrington, Halton, St Helens & Knowsley",BSU,50<71,A to F2,178.0,not included,not included,not included,not included,not included,not included,not included,not included,not included,not included,not included,not included,8.790557558397945,2.271717121833177,2.66679836041286,40.909090909090914
2017-18,N2,North West,Wirral,BSU,50<71,A to F2,115.0,not included,not included,not included,not included,not included,not included,not included,not included,not included,not included,not included,not included,8.936203279198073,2.098065117724765,2.719714041495066,40.229885057471265
2017-18,N3,Midlands,"City, Sandwell & Walsall",BSU,50<71,A to F2,252.0,not included,not included,not included,not included,not included,not included,not included,not included,not included,not included,not included,not included,7.2559746616757845,1.468471062482004,2.9081485747192626,50.24875621890548
2017-18,N3,Midlands,"Dudley, Wolverhampton & South West Staffordshire",BSU,50<71,A to F2,231.0,not included,not included,not included,not included,not included,not included,not included,not included,not included,not included,not included,not included,8.835003442209134,1.8358448711083912,3.7481832785129656,53.551912568306015
2017-18,N3,Midlands,Hereford & Worcester,BSU,50<71,A to F2,285.0,not included,not included,not included,not included,not included,not included,not included,not included,not included,not included,not included,not included,9.366373077428683,1.7418167477323516,3.4507690285263575,45.258620689655174
2017-18,N3,Midlands,Kettering,BSU,50<71,A to F2,90.0,not included,not included,not included,not included,not included,not included,not included,not included,not included,not included,not included,not included,7.025212707829209,1.0928108656623214,2.7320271641558036,46.05263157894737
2017-18,N3,Midlands,Leicestershire,BSU,50<71,A to F2,287.0,not included,not included,not included,not included,not included,not included,not included,not included,not included,not included,not included,not included,7.738769346923367,1.3751820093835947,4.0716173219004475,63.983050847457626
2017-18,N3,Midlands,Lincolnshire,BSU,50<71,A to F2,204.0,not included,not included,not included,not included,not included,not included,not included,not included,not included,not included,not included,not included,8.44965414405832,1.6982148034627016,3.893468085987657,57.668711656441715
2017-18,N3,Midlands,North Derbyshire & Chesterfield,BSU,50<71,A to F2,130.0,not included,not included,not included,not included,not included,not included,not included,not included,not included,not included,not included,not included,8.834522595990485,2.106693849813116,3.601766904519198,53.535353535353536
2017-18,N3,Midlands,North Midlands,BSU,50<71,A to F2,183.0,not included,not included,not included,not included,not included,not included,not included,not included,not included,not included,not included,not included,7.894736842105264,2.1570319240724762,3.364969801553063,58.64661654135338
2017-18,N3,Midlands,North Nottinghamshire,BSU,50<71,A to F2,39.0,not included,not included,not included,not included,not included,not included,not included,not included,not included,not included,not included,not included,4.327083102185732,0.5547542438699656,1.77521358038389,47.05882352941176
2017-18,N3,Midlands,Northampton,BSU,50<71,A to F2,121.0,not included,not included,not included,not included,not included,not included,not included,not included,not included,not included,not included,not included,9.16527798818361,2.2723829722769278,3.332828359339494,48.35164835164835
2017-18,N3,Midlands,Nottingham City,BSU,50<71,A to F2,212.0,not included,not included,not included,not included,not included,not included,not included,not included,not included,not included,not included,not included,8.11017597551645,1.3006885998469777,4.2463657230298395,62.35955056179775
2017-18,N3,Midlands,Shropshire,BSU,50<71,A to F2,173.0,not included,not included,not included,not included,not included,not included,not included,not included,not included,not included,not included,not included,7.955486066403016,1.7014623379012233,3.035040927067047,48.529411764705884
2017-18,N3,Midlands,South Birmingham,BSU,50<71,A to F2,96.0,not included,not included,not included,not included,not included,not included,not included,not included,not included,not included,not included,not included,7.9181788188716595,1.9795447047179149,2.55691191026064,43.05555555555556
2017-18,N3,Midlands,South Derbyshire & South East Staffordshire,BSU,50<71,A to F2,257.0,not included,not included,not included,not included,not included,not included,not included,not included,not included,not included,not included,not included,8.261540439758262,1.9287643050019287,3.2146071750032146,50.76142131979695
2017-18,N3,Midlands,"Warwickshire, Solihull & Coventry",BSU,50<71,A to F2,268.0,not included,not included,not included,not included,not included,not included,not included,not included,not included,not included,not included,not included,7.094451503600169,1.0853451927149513,2.3030495552731893,38.32599118942731
2017-18,N4,East of England,Beds & Herts,BSU,50<71,A to F2,354.0,not included,not included,not included,not included,not included,not included,not included,not included,not included,not included,not included,not included,7.1649766227457645,1.4370433339405349,2.995526949622523,52.29681978798587
2017-18,N4,East of England,Cambridge & Huntingdon,BSU,50<71,A to F2,145.0,not included,not included,not included,not included,not included,not included,not included,not included,not included,not included,not included,not included,8.079344737281996,1.5601493285785926,3.2874575137906055,50.427350427350426
2017-18,N4,East of England,Chelmsford & Colchester,BSU,50<71,A to F2,229.0,not included,not included,not included,not included,not included,not included,not included,not included,not included,not included,not included,not included,8.199656258951588,1.1816098539100544,3.222572328845603,45.91836734693878
2017-18,N4,East of England,East Suffolk,BSU,50<71,A to F2,97.0,not included,not included,not included,not included,not included,not included,not included,not included,not included,not included,not included,not included,6.533746463693924,1.3471642193183349,3.0984777044321703,60.526315789473685
2017-18,N4,East of England,Great Yarmouth & Waveney,BSU,50<71,A to F2,55.0,not included,not included,not included,not included,not included,not included,not included,not included,not included,not included,not included,not included,7.263602746962493,1.8489170628631801,2.7733755942947704,51.21951219512195
2017-18,N4,East of England,King's Lynn,BSU,50<71,A to F2,71.0,not included,not included,not included,not included,not included,not included,not included,not included,not included,not included,not included,not included,8.080118356663252,2.162285194036645,3.7555479685899624,63.46153846153846
2017-18,N4,East of England,Milton Keynes,BSU,50<71,A to F2,81.0,not included,not included,not included,not included,not included,not included,not included,not included,not included,not included,not included,not included,8.660322891051,0.9622580990056666,3.7421148294664817,48.61111111111111
2017-18,N4,East of England,Norfolk & Norwich,BSU,50<71,A to F2,172.0,not included,not included,not included,not included,not included,not included,not included,not included,not included,not included,not included,not included,8.455828130377071,1.3273683693033773,3.9329433164544514,55.172413793103445
2017-18,N4,East of England,Peterborough,BSU,50<71,A to F2,92.0,not included,not included,not included,not included,not included,not included,not included,not included,not included,not included,not included,not included,7.433742727860374,0.8080155138978667,3.312863606981254,50.0
2017-18,N4,East of England,South Essex,BSU,50<71,A to F2,183.0,not included,not included,not included,not included,not included,not included,not included,not included,not included,not included,not included,not included,7.679395719681074,1.1749895090222409,4.070499370541334,62.58064516129033
2017-18,N4,East of England,West Essex (Epping),BSU,50<71,A to F2,79.0,not included,not included,not included,not included,not included,not included,not included,not included,not included,not included,not included,not included,7.8450844091360485,1.7874875868917577,3.2770605759682225,55.00000000000001
2017-18,N4,East of England,West Suffolk,BSU,50<71,A to F2,67.0,not included,not included,not included,not included,not included,not included,not included,not included,not included,not included,not included,not included,6.251749556778949,1.119716338527573,3.079219930950826,60.0
2017-18,N5,London,Central & East London,BSU,50<71,A to F2,164.0,not included,not included,not included,not included,not included,not included,not included,not included,not included,not included,not included,not included,7.221170357976311,1.8052925894940777,2.6418915943815775,48.78048780487805
2017-18,N5,London,North London,BSU,50<71,A to F2,420.0,not included,not included,not included,not included,not included,not included,not included,not included,not included,not included,not included,not included,8.3285411172143,1.9829859802891194,2.6968609331932023,42.63322884012539
2017-18,N5,London,Outer North East London,BSU,50<71,A to F2,188.0,not included,not included,not included,not included,not included,not included,not included,not included,not included,not included,not included,not included,7.9214595710613915,1.5590106602620823,3.4972401297771034,54.966887417218544
2017-18,N5,London,South East London,BSU,50<71,A to F2,382.0,not included,not included,not included,not included,not included,not included,not included,not included,not included,not included,not included,not included,7.72544340404878,1.41565716828119,2.83131433656238,44.871794871794876
2017-18,N5,London,South West London,BSU,50<71,A to F2,413.0,not included,not included,not included,not included,not included,not included,not included,not included,not included,not included,not included,not included,8.603270492657016,1.833142381001979,2.7705447349234458,40.92307692307692
2017-18,N5,London,West of London,BSU,50<71,A to F2,331.0,not included,not included,not included,not included,not included,not included,not included,not included,not included,not included,not included,not included,8.292206328130872,2.054262594884385,2.3799383721221536,38.152610441767074
2017-18,N6,South East,Aylesbury & Wycombe,BSU,50<71,A to F2,150.0,not included,not included,not included,not included,not included,not included,not included,not included,not included,not included,not included,not included,8.422707619742827,1.5722387556853277,3.312931663765512,48.36065573770492
2017-18,N6,South East,Brighton,BSU,50<71,A to F2,239.0,not included,not included,not included,not included,not included,not included,not included,not included,not included,not included,not included,not included,8.667271078875794,2.067089755213055,2.756119673617407,41.75824175824176
2017-18,N6,South East,Canterbury,BSU,50<71,A to F2,190.0,not included,not included,not included,not included,not included,not included,not included,not included,not included,not included,not included,not included,8.115149703156368,1.6230299406312731,3.2887711954896854,50.6578947368421
2017-18,N6,South East,East Berkshire,BSU,50<71,A to F2,134.0,not included,not included,not included,not included,not included,not included,not included,not included,not included,not included,not included,not included,8.736471508671274,2.1515191028817315,2.281914200026079,34.65346534653465
2017-18,N6,South East,Guildford,BSU,50<71,A to F2,419.0,not included,not included,not included,not included,not included,not included,not included,not included,not included,not included,not included,not included,9.270937050558691,2.544529262086514,3.6065936497400157,53.61842105263158
2017-18,N6,South East,Isle of Wight,BSU,50<71,A to F2,39.0,not included,not included,not included,not included,not included,not included,not included,not included,not included,not included,not included,not included,6.981740064446832,1.0741138560687433,3.401360544217687,57.57575757575758
2017-18,N6,South East,Maidstone,BSU,50<71,A to F2,145.0,not included,not included,not included,not included,not included,not included,not included,not included,not included,not included,not included,not included,8.983890954151178,2.4783147459727384,4.337050805452293,66.66666666666666
2017-18,N6,South East,Medway,BSU,50<71,A to F2,167.0,not included,not included,not included,not included,not included,not included,not included,not included,not included,not included,not included,not included,8.091477300256795,1.4051068365715393,3.100925432433742,46.3768115942029
2017-18,N6,South East,North & Mid Hampshire,BSU,50<71,A to F2,161.0,not included,not included,not included,not included,not included,not included,not included,not included,not included,not included,not included,not included,9.312279484065012,2.255769564462953,4.453698883683267,63.114754098360656
2017-18,N6,South East,Oxfordshire,BSU,50<71,A to F2,170.0,not included,not included,not included,not included,not included,not included,not included,not included,not included,not included,not included,not included,8.403776756142172,1.3841514657175342,3.658114587967769,52.112676056338024
2017-18,N6,South East,Portsmouth,BSU,50<71,A to F2,163.0,not included,not included,not included,not included,not included,not included,not included,not included,not included,not included,not included,not included,8.505975056097688,1.9308041538381255,3.4441371392788183,52.38095238095239
2017-18,N6,South East,Southampton & Salisbury,BSU,50<71,A to F2,229.0,not included,not included,not included,not included,not included,not included,not included,not included,not included,not included,not included,not included,9.215662602116785,2.2536118153648035,3.7828484043623485,54.33526011560693
2017-18,N6,South East,West Berkshire,BSU,50<71,A to F2,114.0,not included,not included,not included,not included,not included,not included,not included,not included,not included,not included,not included,not included,6.1976731542894425,1.0873110796999021,2.2833532673697943,44.680851063829785
2017-18,N6,South East,Worthing,BSU,50<71,A to F2,268.0,not included,not included,not included,not included,not included,not included,not included,not included,not included,not included,not included,not included,9.043360890838535,1.720938079973005,3.6780833473932852,50.23041474654379
2017-18,N7,South West,Avon,BSU,50<71,A to F2,333.0,not included,not included,not included,not included,not included,not included,not included,not included,not included,not included,not included,not included,9.186967197285293,2.0415482660633986,3.972742571799045,55.5984555984556
2017-18,N7,South West,Cornwall,BSU,50<71,A to F2,150.0,not included,not included,not included,not included,not included,not included,not included,not included,not included,not included,not included,not included,8.74380647041679,2.040221509763917,3.8472748469833866,57.391304347826086
2017-18,N7,South West,Dorset,BSU,50<71,A to F2,336.0,not included,not included,not included,not included,not included,not included,not included,not included,not included,not included,not included,not included,10.06681247565689,2.1571741019264765,4.3742697066842435,55.3030303030303
2017-18,N7,South West,Gloucestershire,BSU,50<71,A to F2,197.0,not included,not included,not included,not included,not included,not included,not included,not included,not included,not included,not included,not included,7.904028245867436,1.7252447440218264,2.9690258385491894,48.05194805194805
2017-18,N7,South West,North & East Devon,BSU,50<71,A to F2,179.0,not included,not included,not included,not included,not included,not included,not included,not included,not included,not included,not included,not included,7.892416225749559,1.455026455026455,3.483245149911817,54.109589041095894
2017-18,N7,South West,Somerset,BSU,50<71,A to F2,114.0,not included,not included,not included,not included,not included,not included,not included,not included,not included,not included,not included,not included,6.345672140272753,0.7792930698580572,3.3398274422488172,60.0
2017-18,N7,South West,South Devon,BSU,50<71,A to F2,79.0,not included,not included,not included,not included,not included,not included,not included,not included,not included,not included,not included,not included,7.260362099071776,1.5623564010660786,3.492326072971234,62.295081967213115
2017-18,N7,South West,West Devon,BSU,50<71,A to F2,206.0,not included,not included,not included,not included,not included,not included,not included,not included,not included,not included,not included,not included,10.314440216302824,2.1029441217704785,4.005607850991388,48.78048780487805
2017-18,N7,South West,Wiltshire,BSU,50<71,A to F2,183.0,not included,not included,not included,not included,not included,not included,not included,not included,not included,not included,not included,not included,8.602453814694682,1.5512621633055987,3.1025243266111975,44.0
2018-19,N1,North East and Yorkshire,Barnsley,BSU,45 and over,A to F2,78.0,not included,not included,not included,not included,not included,not included,not included,not included,not included,not included,not included,not included,7.787539936102236,1.3977635782747604,2.9952076677316293,46.875
2018-19,N1,North East and Yorkshire,Doncaster,BSU,45 and over,A to F2,139.0,not included,not included,not included,not included,not included,not included,not included,not included,not included,not included,not included,not included,7.160150414670581,1.2362849636841293,3.1937361561840008,53.91304347826087
2018-19,N1,North East and Yorkshire,Gateshead,BSU,45 and over,A to F2,260.0,not included,not included,not included,not included,not included,not included,not included,not included,not included,not included,not included,not included,8.419689119170984,2.2020725388601035,3.8536269430051817,61.979166666666664
2018-19,N1,North East and Yorkshire,Humberside,BSU,45 and over,A to F2,335.0,not included,not included,not included,not included,not included,not included,not included,not included,not included,not included,not included,not included,7.792872429515214,1.0235414534288638,3.2567228063645666,48.10996563573883
2018-19,N1,North East and Yorkshire,Leeds Wakefield,BSU,45 and over,A to F2,431.0,not included,not included,not included,not included,not included,not included,not included,not included,not included,not included,not included,not included,9.84175553170598,2.397643459000297,4.68111341995296,63.07692307692307
2018-19,N1,North East and Yorkshire,Newcastle,BSU,45 and over,A to F2,377.0,not included,not included,not included,not included,not included,not included,not included,not included,not included,not included,not included,not included,9.104740744318592,1.9320404762479773,3.767478928683556,52.88135593220339
2018-19,N1,North East and Yorkshire,North Cumbria,BSU,45 and over,A to F2,139.0,not included,not included,not included,not included,not included,not included,not included,not included,not included,not included,not included,not included,8.99152597192574,2.1993660650753606,3.622485283653535,53.333333333333336
2018-19,N1,North East and Yorkshire,North Tees,BSU,45 and over,A to F2,337.0,not included,not included,not included,not included,not included,not included,not included,not included,not included,not included,not included,not included,8.062779625331963,1.6508361844151493,3.445223341388138,53.73134328358209
2018-19,N1,North East and Yorkshire,North Yorkshire,BSU,45 and over,A to F2,325.0,not included,not included,not included,not included,not included,not included,not included,not included,not included,not included,not included,not included,8.674531575294933,1.921742379757647,3.256285699033791,48.22134387351779
2018-19,N1,North East and Yorkshire,Pennine,BSU,45 and over,A to F2,375.0,not included,not included,not included,not included,not included,not included,not included,not included,not included,not included,not included,not included,8.240852653554555,2.065707065157675,3.384243489726404,54.804270462633454
2018-19,N1,North East and Yorkshire,Rotherham,BSU,45 and over,A to F2,101.0,not included,not included,not included,not included,not included,not included,not included,not included,not included,not included,not included,not included,8.864314551518342,1.5797788309636651,3.8616815868000702,53.01204819277109
2018-19,N1,North East and Yorkshire,Sheffield,BSU,45 and over,A to F2,178.0,not included,not included,not included,not included,not included,not included,not included,not included,not included,not included,not included,not included,8.206168456963718,1.383062099488267,3.4115531787377256,50.0
2018-19,N2,North West,Bolton,BSU,45 and over,A to F2,253.0,not included,not included,not included,not included,not included,not included,not included,not included,not included,not included,not included,not included,8.43980384961804,1.8680988758047836,3.6361210261200254,55.61224489795919
2018-19,N2,North West,Cheshire & Stockport,BSU,45 and over,A to F2,196.0,not included,not included,not included,not included,not included,not included,not included,not included,not included,not included,not included,not included,9.448970737116134,2.072988478040785,3.8085137154702795,51.633986928104584
2018-19,N2,North West,Crewe,BSU,45 and over,A to F2,130.0,not included,not included,not included,not included,not included,not included,not included,not included,not included,not included,not included,not included,9.298333452542737,1.502038480795365,4.005435948787641,51.37614678899083
2018-19,N2,North West,East Lancashire,BSU,45 and over,A to F2,175.0,not included,not included,not included,not included,not included,not included,not included,not included,not included,not included,not included,not included,8.333333333333334,1.2857142857142856,3.9047619047619047,55.4054054054054
2018-19,N2,North West,Liverpool,BSU,45 and over,A to F2,303.0,not included,not included,not included,not included,not included,not included,not included,not included,not included,not included,not included,not included,8.684436801375753,2.4362281456004586,2.866150759529951,45.87155963302752
2018-19,N2,North West,Manchester,BSU,45 and over,A to F2,407.0,not included,not included,not included,not included,not included,not included,not included,not included,not included,not included,not included,not included,9.309453555662298,1.6011345181728767,3.888469544134129,50.74626865671642
2018-19,N2,North West,North Lancashire & South Cumbria,BSU,45 and over,A to F2,268.0,not included,not included,not included,not included,not included,not included,not included,not included,not included,not included,not included,not included,8.830603973771789,2.0758509341329203,3.8551517348182807,57.35294117647059
2018-19,N2,North West,South Lancashire,BSU,45 and over,A to F2,231.0,not included,not included,not included,not included,not included,not included,not included,not included,not included,not included,not included,not included,8.39481048079369,1.5626703492386524,3.888505287640368,57.21925133689839
2018-19,N2,North West,"Warrington, Halton, St Helens & Knowsley",BSU,45 and over,A to F2,229.0,not included,not included,not included,not included,not included,not included,not included,not included,not included,not included,not included,not included,9.14938671141476,1.9976826880818253,3.076431339646011,43.01675977653631
2018-19,N2,North West,Wirral & Chester,BSU,45 and over,A to F2,263.0,not included,not included,not included,not included,not included,not included,not included,not included,not included,not included,not included,not included,10.142300721144576,1.9667579345185298,3.740696463692106,45.75471698113208
2018-19,N3,Midlands,"City, Sandwell & Walsall",BSU,45 and over,A to F2,358.0,not included,not included,not included,not included,not included,not included,not included,not included,not included,not included,not included,not included,8.503764935034088,1.6152402669897146,3.064205800612841,44.48275862068966
2018-19,N3,Midlands,"Dudley, Wolverhampton & South West Staffordshire",BSU,45 and over,A to F2,300.0,not included,not included,not included,not included,not included,not included,not included,not included,not included,not included,not included,not included,10.181916915557968,2.0703231061634537,4.242465381482487,52.30125523012552
2018-19,N3,Midlands,Hereford & Worcester,BSU,45 and over,A to F2,315.0,not included,not included,not included,not included,not included,not included,not included,not included,not included,not included,not included,not included,7.9155672823219,1.8344013066968212,3.090840557859028,50.82644628099173
2018-19,N3,Midlands,Kettering,BSU,45 and over,A to F2,116.0,not included,not included,not included,not included,not included,not included,not included,not included,not included,not included,not included,not included,6.87163082755761,1.2440021325750845,3.1988626266216453,56.84210526315789
2018-19,N3,Midlands,Leicestershire,BSU,45 and over,A to F2,307.0,not included,not included,not included,not included,not included,not included,not included,not included,not included,not included,not included,not included,8.37150959860384,1.4452443280977314,3.8721640488656193,55.90551181102362
2018-19,N3,Midlands,Lincolnshire,BSU,45 and over,A to F2,307.0,not included,not included,not included,not included,not included,not included,not included,not included,not included,not included,not included,not included,8.401981444483976,1.669449081803005,3.4210022168094367,50.81300813008131
2018-19,N3,Midlands,North Derbyshire & Chesterfield,BSU,45 and over,A to F2,179.0,not included,not included,not included,not included,not included,not included,not included,not included,not included,not included,not included,not included,10.260819719117224,2.3502436228145602,4.815133276010318,60.86956521739131
2018-19,N3,Midlands,North Midlands,BSU,45 and over,A to F2,263.0,not included,not included,not included,not included,not included,not included,not included,not included,not included,not included,not included,not included,9.429903191107925,2.402294729293654,3.8723556830405164,55.10204081632652
2018-19,N3,Midlands,North Nottinghamshire,BSU,45 and over,A to F2,77.0,not included,not included,not included,not included,not included,not included,not included,not included,not included,not included,not included,not included,6.3863315916065355,1.3270299411130464,2.985817367504354,59.01639344262295
2018-19,N3,Midlands,Northampton,BSU,45 and over,A to F2,134.0,not included,not included,not included,not included,not included,not included,not included,not included,not included,not included,not included,not included,7.292517006802721,1.4149659863945578,3.3197278911564627,56.481481481481474
2018-19,N3,Midlands,Nottingham City,BSU,45 and over,A to F2,263.0,not included,not included,not included,not included,not included,not included,not included,not included,not included,not included,not included,not included,8.798046365369819,1.7060850366306493,4.315391563242231,60.84905660377359
2018-19,N3,Midlands,Shropshire,BSU,45 and over,A to F2,200.0,not included,not included,not included,not included,not included,not included,not included,not included,not included,not included,not included,not included,8.43668269636379,1.3498692314182064,4.302708175145534,60.71428571428571
2018-19,N3,Midlands,South Birmingham,BSU,45 and over,A to F2,96.0,not included,not included,not included,not included,not included,not included,not included,not included,not included,not included,not included,not included,7.622677465459742,1.191043353978085,2.6996982690169924,41.9753086419753
2018-19,N3,Midlands,South Derbyshire & South East Staffordshire,BSU,45 and over,A to F2,365.0,not included,not included,not included,not included,not included,not included,not included,not included,not included,not included,not included,not included,8.423919315008424,2.0540515590020543,3.438805419003439,53.985507246376805
2018-19,N3,Midlands,"Warwickshire, Solihull & Coventry",BSU,45 and over,A to F2,374.0,not included,not included,not included,not included,not included,not included,not included,not included,not included,not included,not included,not included,8.951437256169072,1.4599937770757043,3.3747397142241686,45.04792332268371
2018-19,N4,East of England,Beds & Herts,BSU,45 and over,A to F2,536.0,not included,not included,not included,not included,not included,not included,not included,not included,not included,not included,not included,not included,8.457860603095956,1.4990611143546935,2.9823426380319695,42.95454545454545
2018-19,N4,East of England,Cambridge & Huntingdon,BSU,45 and over,A to F2,188.0,not included,not included,not included,not included,not included,not included,not included,not included,not included,not included,not included,not included,9.025010801209735,1.9202150640871778,3.696413998367817,52.02702702702703
2018-19,N4,East of England,Chelmsford & Colchester,BSU,45 and over,A to F2,323.0,not included,not included,not included,not included,not included,not included,not included,not included,not included,not included,not included,not included,8.447978239263483,0.9677250614636188,3.269341423863577,43.70629370629371
2018-19,N4,East of England,East Suffolk,BSU,45 and over,A to F2,121.0,not included,not included,not included,not included,not included,not included,not included,not included,not included,not included,not included,not included,7.168246445497631,0.9478672985781991,3.139810426540284,50.476190476190474
2018-19,N4,East of England,Great Yarmouth & Waveney,BSU,45 and over,A to F2,120.0,not included,not included,not included,not included,not included,not included,not included,not included,not included,not included,not included,not included,9.693053311793214,1.1308562197092085,5.169628432956381,60.37735849056604
2018-19,N4,East of England,King's Lynn,BSU,45 and over,A to F2,101.0,not included,not included,not included,not included,not included,not included,not included,not included,not included,not included,not included,not included,8.425091758425092,1.2512512512512513,4.004004004004004,56.470588235294116
2018-19,N4,East of England,Milton Keynes,BSU,45 and over,A to F2,79.0,not included,not included,not included,not included,not included,not included,not included,not included,not included,not included,not included,not included,7.53529187333079,1.6215185043876383,3.338420450209844,56.451612903225815
2018-19,N4,East of England,Norfolk & Norwich,BSU,45 and over,A to F2,249.0,not included,not included,not included,not included,not included,not included,not included,not included,not included,not included,not included,not included,9.097219685068138,1.7902159219611997,4.091922107339886,56.00000000000001
2018-19,N4,East of England,Peterborough,BSU,45 and over,A to F2,146.0,not included,not included,not included,not included,not included,not included,not included,not included,not included,not included,not included,not included,9.392087487938245,1.6725635252492763,4.052750080411708,52.5
2018-19,N4,East of England,South Essex,BSU,45 and over,A to F2,199.0,not included,not included,not included,not included,not included,not included,not included,not included,not included,not included,not included,not included,8.530155600325774,1.80033434780745,3.557803592095675,52.86624203821656
2018-19,N4,East of England,West Essex (Epping),BSU,45 and over,A to F2,124.0,not included,not included,not included,not included,not included,not included,not included,not included,not included,not included,not included,not included,8.951129719194398,1.5159171298635674,3.6093264996751606,48.54368932038835
2018-19,N4,East of England,West Suffolk,BSU,45 and over,A to F2,101.0,not included,not included,not included,not included,not included,not included,not included,not included,not included,not included,not included,not included,7.628398791540786,1.5105740181268883,4.229607250755287,69.1358024691358
2018-19,N5,London,Central & East London,BSU,45 and over,A to F2,204.0,not included,not included,not included,not included,not included,not included,not included,not included,not included,not included,not included,not included,9.759364684495049,2.439841171123762,3.683681768167249,50.326797385620914
2018-19,N5,London,North London,BSU,45 and over,A to F2,506.0,not included,not included,not included,not included,not included,not included,not included,not included,not included,not included,not included,not included,8.523827973653622,2.6278995333793778,2.526826474403248,42.857142857142854
2018-19,N5,London,Outer North East London,BSU,45 and over,A to F2,209.0,not included,not included,not included,not included,not included,not included,not included,not included,not included,not included,not included,not included,7.6914584330033495,1.2880432782541493,3.45931623302543,54.02298850574713
2018-19,N5,London,South East London,BSU,45 and over,A to F2,490.0,not included,not included,not included,not included,not included,not included,not included,not included,not included,not included,not included,not included,7.9349656691281245,1.89467547609794,2.5100401606425704,41.55495978552279
2018-19,N5,London,South West London,BSU,45 and over,A to F2,442.0,not included,not included,not included,not included,not included,not included,not included,not included,not included,not included,not included,not included,8.468406330229529,2.3757520021458403,2.1841590987469828,35.84905660377358
2018-19,N5,London,West of London,BSU,45 and over,A to F2,359.0,not included,not included,not included,not included,not included,not included,not included,not included,not included,not included,not included,not included,7.577836411609498,2.0474934036939314,2.1108179419525066,38.16793893129771
2018-19,N6,South East,Aylesbury & Wycombe,BSU,45 and over,A to F2,218.0,not included,not included,not included,not included,not included,not included,not included,not included,not included,not included,not included,not included,9.47661276299774,2.6517127456094594,3.6515388628064684,53.503184713375795
2018-19,N6,South East,Brighton,BSU,45 and over,A to F2,304.0,not included,not included,not included,not included,not included,not included,not included,not included,not included,not included,not included,not included,9.365084254952096,2.1256276762884694,3.5119065956070363,48.51063829787234
2018-19,N6,South East,Canterbury,BSU,45 and over,A to F2,282.0,not included,not included,not included,not included,not included,not included,not included,not included,not included,not included,not included,not included,9.2244283798371,1.7990906414575905,3.565470543979589,48.01762114537445
2018-19,N6,South East,East Berkshire,BSU,45 and over,A to F2,161.0,not included,not included,not included,not included,not included,not included,not included,not included,not included,not included,not included,not included,8.205075935174802,1.3250433187238815,2.9049026602792782,42.22222222222222
2018-19,N6,South East,Guildford,BSU,45 and over,A to F2,581.0,not included,not included,not included,not included,not included,not included,not included,not included,not included,not included,not included,not included,10.133779847557253,2.7035040901400587,3.9767673067866673,53.52112676056338
2018-19,N6,South East,Isle of Wight,BSU,45 and over,A to F2,64.0,not included,not included,not included,not included,not included,not included,not included,not included,not included,not included,not included,not included,10.121777637197534,2.688597184880595,3.3212082872054403,45.65217391304348
2018-19,N6,South East,Maidstone,BSU,45 and over,A to F2,182.0,not included,not included,not included,not included,not included,not included,not included,not included,not included,not included,not included,not included,9.810263044415697,1.9943941354031909,4.15049590340664,53.103448275862064
2018-19,N6,South East,Medway,BSU,45 and over,A to F2,230.0,not included,not included,not included,not included,not included,not included,not included,not included,not included,not included,not included,not included,9.206997317961651,1.4410952323766062,3.8829510427925227,50.0
2018-19,N6,South East,North & Mid Hampshire,BSU,45 and over,A to F2,234.0,not included,not included,not included,not included,not included,not included,not included,not included,not included,not included,not included,not included,8.530805687203792,1.5676266861100983,3.900838497994896,56.02094240837696
2018-19,N6,South East,Oxfordshire,BSU,45 and over,A to F2,276.0,not included,not included,not included,not included,not included,not included,not included,not included,not included,not included,not included,not included,9.806708357021035,2.345082433200682,4.015065378055714,53.80952380952381
2018-19,N6,South East,Portsmouth,BSU,45 and over,A to F2,237.0,not included,not included,not included,not included,not included,not included,not included,not included,not included,not included,not included,not included,8.383148809734356,1.6624809875844504,3.006614552014432,44.73684210526316
2018-19,N6,South East,Southampton & Salisbury,BSU,45 and over,A to F2,291.0,not included,not included,not included,not included,not included,not included,not included,not included,not included,not included,not included,not included,10.068855748936022,2.5950659146742328,4.01370194802948,53.70370370370371
2018-19,N6,South East,West Berkshire,BSU,45 and over,A to F2,168.0,not included,not included,not included,not included,not included,not included,not included,not included,not included,not included,not included,not included,7.610419026047565,1.5402038505096263,2.1744054360135903,36.09022556390977
2018-19,N6,South East,Worthing,BSU,45 and over,A to F2,357.0,not included,not included,not included,not included,not included,not included,not included,not included,not included,not included,not included,not included,9.88974458418749,2.049975067870796,4.321569061997895,55.12367491166078
2018-19,N7,South West,Avon,BSU,45 and over,A to F2,474.0,not included,not included,not included,not included,not included,not included,not included,not included,not included,not included,not included,not included,9.761723335461417,2.183001421010359,4.695512490475112,61.95652173913043
2018-19,N7,South West,Cornwall,BSU,45 and over,A to F2,217.0,not included,not included,not included,not included,not included,not included,not included,not included,not included,not included,not included,not included,8.889435090737782,1.474744992011798,3.932653312031461,53.03867403314917
2018-19,N7,South West,Dorset,BSU,45 and over,A to F2,337.0,not included,not included,not included,not included,not included,not included,not included,not included,not included,not included,not included,not included,9.178559755964702,2.0154700947815667,3.8130515306678285,53.43511450381679
2018-19,N7,South West,Gloucestershire,BSU,45 and over,A to F2,282.0,not included,not included,not included,not included,not included,not included,not included,not included,not included,not included,not included,not included,9.451352347756142,1.8768642960083117,3.3850588195864195,44.690265486725664
2018-19,N7,South West,North & East Devon,BSU,45 and over,A to F2,191.0,not included,not included,not included,not included,not included,not included,not included,not included,not included,not included,not included,not included,8.169375534644995,1.6253207869974338,2.951240376390077,45.09803921568628
2018-19,N7,South West,Somerset,BSU,45 and over,A to F2,193.0,not included,not included,not included,not included,not included,not included,not included,not included,not included,not included,not included,not included,8.059128110906965,1.753799899782863,4.384499749457157,69.5364238410596
2018-19,N7,South West,South Devon,BSU,45 and over,A to F2,122.0,not included,not included,not included,not included,not included,not included,not included,not included,not included,not included,not included,not included,7.8094994238893864,1.2162335168352323,3.1366022276277046,47.57281553398058
2018-19,N7,South West,West Devon,BSU,45 and over,A to F2,236.0,not included,not included,not included,not included,not included,not included,not included,not included,not included,not included,not included,not included,10.558811686278018,2.3712585566641313,4.429332020938661,54.09836065573771
2018-19,N7,South West,Wiltshire,BSU,45 and over,A to F2,240.0,not included,not included,not included,not included,not included,not included,not included,not included,not included,not included,not included,not included,9.162753407398922,1.5653037070973161,3.8941701981445425,51.256281407035175
2018-19,N1,North East and Yorkshire,Barnsley,BSU,50<71,A to F2,58.0,not included,not included,not included,not included,not included,not included,not included,not included,not included,not included,not included,not included,7.106972184781276,1.347874035044725,2.69574807008945,46.808510638297875
2018-19,N1,North East and Yorkshire,Doncaster,BSU,50<71,A to F2,99.0,not included,not included,not included,not included,not included,not included,not included,not included,not included,not included,not included,not included,6.054675555011926,0.7950584062136872,2.9967586080362056,56.97674418604651
2018-19,N1,North East and Yorkshire,Gateshead,BSU,50<71,A to F2,213.0,not included,not included,not included,not included,not included,not included,not included,not included,not included,not included,not included,not included,7.625116345671941,2.040524092503759,3.293477482637646,58.97435897435898
2018-19,N1,North East and Yorkshire,Humberside,BSU,50<71,A to F2,262.0,not included,not included,not included,not included,not included,not included,not included,not included,not included,not included,not included,not included,7.351703238116617,0.9820977608171054,2.9743532184746617,46.69603524229075
2018-19,N1,North East and Yorkshire,Leeds Wakefield,BSU,50<71,A to F2,340.0,not included,not included,not included,not included,not included,not included,not included,not included,not included,not included,not included,not included,9.231855331396455,2.090743707404491,4.534470118656493,63.49809885931559
2018-19,N1,North East and Yorkshire,Newcastle,BSU,50<71,A to F2,310.0,not included,not included,not included,not included,not included,not included,not included,not included,not included,not included,not included,not included,9.022906540151935,1.9792182088075212,3.7546933667083855,53.75
2018-19,N1,North East and Yorkshire,North Cumbria,BSU,50<71,A to F2,121.0,not included,not included,not included,not included,not included,not included,not included,not included,not included,not included,not included,not included,8.72072072072072,2.09009009009009,3.459459459459459,52.17391304347826
2018-19,N1,North East and Yorkshire,North Tees,BSU,50<71,A to F2,264.0,not included,not included,not included,not included,not included,not included,not included,not included,not included,not included,not included,not included,7.578149668455953,1.4926658437867786,3.3872032609007663,55.660377358490564
2018-19,N1,North East and Yorkshire,North Yorkshire,BSU,50<71,A to F2,248.0,not included,not included,not included,not included,not included,not included,not included,not included,not included,not included,not included,not included,8.16649104320337,1.7452581664910432,3.029504741833509,47.179487179487175
2018-19,N1,North East and Yorkshire,Pennine,BSU,50<71,A to F2,309.0,not included,not included,not included,not included,not included,not included,not included,not included,not included,not included,not included,not included,8.14014752370917,2.0811380400421493,3.3456269757639623,55.21739130434783
2018-19,N1,North East and Yorkshire,Rotherham,BSU,50<71,A to F2,82.0,not included,not included,not included,not included,not included,not included,not included,not included,not included,not included,not included,not included,8.991228070175438,1.7543859649122808,4.057017543859649,56.060606060606055
2018-19,N1,North East and Yorkshire,Sheffield,BSU,50<71,A to F2,131.0,not included,not included,not included,not included,not included,not included,not included,not included,not included,not included,not included,not included,7.375295574822656,1.3511991892804864,3.0401981758810943,50.467289719626166
2018-19,N2,North West,Bolton,BSU,50<71,A to F2,208.0,not included,not included,not included,not included,not included,not included,not included,not included,not included,not included,not included,not included,8.296107211231652,1.9942565411614548,3.5896617740906187,56.9620253164557
2018-19,N2,North West,Cheshire & Stockport,BSU,50<71,A to F2,156.0,not included,not included,not included,not included,not included,not included,not included,not included,not included,not included,not included,not included,9.00900900900901,1.8480018480018479,3.7537537537537538,52.41935483870967
2018-19,N2,North West,Crewe,BSU,50<71,A to F2,101.0,not included,not included,not included,not included,not included,not included,not included,not included,not included,not included,not included,not included,8.872101194659171,1.4054813773717498,4.2164441321152495,56.470588235294116
2018-19,N2,North West,East Lancashire,BSU,50<71,A to F2,137.0,not included,not included,not included,not included,not included,not included,not included,not included,not included,not included,not included,not included,7.742300084769709,1.1302627860977679,3.6168409155128565,54.700854700854705
2018-19,N2,North West,Liverpool,BSU,50<71,A to F2,230.0,not included,not included,not included,not included,not included,not included,not included,not included,not included,not included,not included,not included,7.861097819399822,2.358329345819947,2.460865404333857,44.72049689440994
2018-19,N2,North West,Manchester,BSU,50<71,A to F2,307.0,not included,not included,not included,not included,not included,not included,not included,not included,not included,not included,not included,not included,8.425964045560587,1.4271991217236173,3.54055166735282,50.78740157480315
2018-19,N2,North West,North Lancashire & South Cumbria,BSU,50<71,A to F2,213.0,not included,not included,not included,not included,not included,not included,not included,not included,not included,not included,not included,not included,8.554560424113419,2.168761797662557,3.6146029961042614,56.9620253164557
2018-19,N2,North West,South Lancashire,BSU,50<71,A to F2,183.0,not included,not included,not included,not included,not included,not included,not included,not included,not included,not included,not included,not included,8.09985393706015,1.4606293984862568,3.717965741601381,56.375838926174495
2018-19,N2,North West,"Warrington, Halton, St Helens & Knowsley",BSU,50<71,A to F2,198.0,not included,not included,not included,not included,not included,not included,not included,not included,not included,not included,not included,not included,9.504152066433063,2.0160322565161044,3.2640522248355976,43.58974358974359
2018-19,N2,North West,Wirral & Chester,BSU,50<71,A to F2,210.0,not included,not included,not included,not included,not included,not included,not included,not included,not included,not included,not included,not included,9.865639387390774,1.7852109367659494,3.8053180494221555,47.093023255813954
2018-19,N3,Midlands,"City, Sandwell & Walsall",BSU,50<71,A to F2,290.0,not included,not included,not included,not included,not included,not included,not included,not included,not included,not included,not included,not included,8.153167083696477,1.4900615704686664,2.86766566392083,43.037974683544306
2018-19,N3,Midlands,"Dudley, Wolverhampton & South West Staffordshire",BSU,50<71,A to F2,231.0,not included,not included,not included,not included,not included,not included,not included,not included,not included,not included,not included,not included,9.483147912475882,1.8063138880906442,3.94104848310686,51.33689839572193
2018-19,N3,Midlands,Hereford & Worcester,BSU,50<71,A to F2,232.0,not included,not included,not included,not included,not included,not included,not included,not included,not included,not included,not included,not included,7.076191057158543,1.6775452937229305,2.92807905813457,54.23728813559322
2018-19,N3,Midlands,Kettering,BSU,50<71,A to F2,82.0,not included,not included,not included,not included,not included,not included,not included,not included,not included,not included,not included,not included,6.028968458201603,1.1028600838173666,2.8674362179251522,58.2089552238806
2018-19,N3,Midlands,Leicestershire,BSU,50<71,A to F2,236.0,not included,not included,not included,not included,not included,not included,not included,not included,not included,not included,not included,not included,7.718724448078496,1.3082583810302535,3.630417007358953,56.63265306122449
2018-19,N3,Midlands,Lincolnshire,BSU,50<71,A to F2,246.0,not included,not included,not included,not included,not included,not included,not included,not included,not included,not included,not included,not included,8.180095101918665,1.762378213014997,3.2254846540085795,50.259067357512954
2018-19,N3,Midlands,North Derbyshire & Chesterfield,BSU,50<71,A to F2,139.0,not included,not included,not included,not included,not included,not included,not included,not included,not included,not included,not included,not included,9.494535519125684,2.1174863387978142,4.303278688524591,58.333333333333336
2018-19,N3,Midlands,North Midlands,BSU,50<71,A to F2,205.0,not included,not included,not included,not included,not included,not included,not included,not included,not included,not included,not included,not included,9.061975068517372,2.298647334453187,3.8016090531341176,56.209150326797385
2018-19,N3,Midlands,North Nottinghamshire,BSU,50<71,A to F2,59.0,not included,not included,not included,not included,not included,not included,not included,not included,not included,not included,not included,not included,5.817393019128377,1.0845986984815619,2.9579964504042597,62.5
2018-19,N3,Midlands,Northampton,BSU,50<71,A to F2,109.0,not included,not included,not included,not included,not included,not included,not included,not included,not included,not included,not included,not included,7.151292481301666,1.4433801338407033,3.4116257708962077,59.77011494252874
2018-19,N3,Midlands,Nottingham City,BSU,50<71,A to F2,213.0,not included,not included,not included,not included,not included,not included,not included,not included,not included,not included,not included,not included,8.669814392705959,1.465320742429176,4.640182351025724,64.40677966101694
2018-19,N3,Midlands,Shropshire,BSU,50<71,A to F2,159.0,not included,not included,not included,not included,not included,not included,not included,not included,not included,not included,not included,not included,8.227684346701166,1.4489003880983182,3.984476067270375,58.778625954198475
2018-19,N3,Midlands,South Birmingham,BSU,50<71,A to F2,76.0,not included,not included,not included,not included,not included,not included,not included,not included,not included,not included,not included,not included,7.177937287495277,1.1333585190782018,2.7389497544389876,45.3125
2018-19,N3,Midlands,South Derbyshire & South East Staffordshire,BSU,50<71,A to F2,277.0,not included,not included,not included,not included,not included,not included,not included,not included,not included,not included,not included,not included,7.601328174309158,1.7562635492988667,3.292994154935375,56.33802816901409
2018-19,N3,Midlands,"Warwickshire, Solihull & Coventry",BSU,50<71,A to F2,295.0,not included,not included,not included,not included,not included,not included,not included,not included,not included,not included,not included,not included,8.406713972243596,1.4248667749565416,3.106209569405261,44.48979591836735
2018-19,N4,East of England,Beds & Herts,BSU,50<71,A to F2,420.0,not included,not included,not included,not included,not included,not included,not included,not included,not included,not included,not included,not included,7.985701791078831,1.483058904057497,2.7949956268775904,42.98245614035088
2018-19,N4,East of England,Cambridge & Huntingdon,BSU,50<71,A to F2,154.0,not included,not included,not included,not included,not included,not included,not included,not included,not included,not included,not included,not included,8.226935199529889,1.7629146856135476,3.365564399807682,52.066115702479344
2018-19,N4,East of England,Chelmsford & Colchester,BSU,50<71,A to F2,262.0,not included,not included,not included,not included,not included,not included,not included,not included,not included,not included,not included,not included,7.934825403555529,1.05999576001696,3.1497016869075383,45.81497797356828
2018-19,N4,East of England,East Suffolk,BSU,50<71,A to F2,91.0,not included,not included,not included,not included,not included,not included,not included,not included,not included,not included,not included,not included,6.062221037905536,0.9992672040503631,2.598094730530944,51.31578947368421
2018-19,N4,East of England,Great Yarmouth & Waveney,BSU,50<71,A to F2,86.0,not included,not included,not included,not included,not included,not included,not included,not included,not included,not included,not included,not included,8.207673220080167,1.0498186676846726,4.390150792135904,61.33333333333333
2018-19,N4,East of England,King's Lynn,BSU,50<71,A to F2,75.0,not included,not included,not included,not included,not included,not included,not included,not included,not included,not included,not included,not included,7.14217693552995,1.047519283877726,3.33301590324731,54.6875
2018-19,N4,East of England,Milton Keynes,BSU,50<71,A to F2,63.0,not included,not included,not included,not included,not included,not included,not included,not included,not included,not included,not included,not included,7.062780269058296,1.681614349775785,3.2511210762331837,60.416666666666664
2018-19,N4,East of England,Norfolk & Norwich,BSU,50<71,A to F2,191.0,not included,not included,not included,not included,not included,not included,not included,not included,not included,not included,not included,not included,7.975946882699295,1.6703553681045642,3.591264041424813,56.95364238410596
2018-19,N4,East of England,Peterborough,BSU,50<71,A to F2,123.0,not included,not included,not included,not included,not included,not included,not included,not included,not included,not included,not included,not included,8.653440270156183,1.5477698044181794,3.799071338117349,53.46534653465347
2018-19,N4,East of England,South Essex,BSU,50<71,A to F2,159.0,not included,not included,not included,not included,not included,not included,not included,not included,not included,not included,not included,not included,7.970723882093442,1.6041708441949067,3.458993382795268,54.330708661417326
2018-19,N4,East of England,West Essex (Epping),BSU,50<71,A to F2,73.0,not included,not included,not included,not included,not included,not included,not included,not included,not included,not included,not included,not included,6.669102868627809,1.187648456057007,2.7407272062854013,50.0
2018-19,N4,East of England,West Suffolk,BSU,50<71,A to F2,82.0,not included,not included,not included,not included,not included,not included,not included,not included,not included,not included,not included,not included,7.0325900514579756,1.3722126929674099,4.11663807890223,72.72727272727273
2018-19,N5,London,Central & East London,BSU,50<71,A to F2,180.0,not included,not included,not included,not included,not included,not included,not included,not included,not included,not included,not included,not included,9.107928958154126,2.226382634215453,3.4407731619693367,50.0
2018-19,N5,London,North London,BSU,50<71,A to F2,421.0,not included,not included,not included,not included,not included,not included,not included,not included,not included,not included,not included,not included,8.427247432792202,2.5421862802009727,2.4421002061773125,41.49659863945578
2018-19,N5,London,Outer North East London,BSU,50<71,A to F2,168.0,not included,not included,not included,not included,not included,not included,not included,not included,not included,not included,not included,not included,7.224874209779383,1.376166516148454,3.0963746613340213,52.94117647058824
2018-19,N5,London,South East London,BSU,50<71,A to F2,382.0,not included,not included,not included,not included,not included,not included,not included,not included,not included,not included,not included,not included,7.4507509264677205,1.7359079383655158,2.4575775307197194,43.003412969283275
2018-19,N5,London,South West London,BSU,50<71,A to F2,347.0,not included,not included,not included,not included,not included,not included,not included,not included,not included,not included,not included,not included,7.959445820717496,2.2479126525369297,2.2479126525369297,39.3574297188755
2018-19,N5,London,West of London,BSU,50<71,A to F2,295.0,not included,not included,not included,not included,not included,not included,not included,not included,not included,not included,not included,not included,7.401460220287528,1.982085957297338,2.283162305241237,42.129629629629626
2018-19,N6,South East,Aylesbury & Wycombe,BSU,50<71,A to F2,158.0,not included,not included,not included,not included,not included,not included,not included,not included,not included,not included,not included,not included,8.408280559842478,2.3415464850194243,3.3526688308232666,55.26315789473685
2018-19,N6,South East,Brighton,BSU,50<71,A to F2,227.0,not included,not included,not included,not included,not included,not included,not included,not included,not included,not included,not included,not included,8.488837365842713,1.9819752440073295,3.253431060917692,50.0
2018-19,N6,South East,Canterbury,BSU,50<71,A to F2,198.0,not included,not included,not included,not included,not included,not included,not included,not included,not included,not included,not included,not included,8.091540662035145,1.4303228442991418,3.310175725378014,49.693251533742334
2018-19,N6,South East,East Berkshire,BSU,50<71,A to F2,113.0,not included,not included,not included,not included,not included,not included,not included,not included,not included,not included,not included,not included,6.9470060248370835,1.0451248001967293,2.397639247510144,40.625
2018-19,N6,South East,Guildford,BSU,50<71,A to F2,445.0,not included,not included,not included,not included,not included,not included,not included,not included,not included,not included,not included,not included,9.4789758445874,2.5987304562689046,3.663783921952882,53.25077399380805
2018-19,N6,South East,Isle of Wight,BSU,50<71,A to F2,48.0,not included,not included,not included,not included,not included,not included,not included,not included,not included,not included,not included,not included,9.652121455861653,2.4130303639654134,3.418459682284335,47.22222222222222
2018-19,N6,South East,Maidstone,BSU,50<71,A to F2,138.0,not included,not included,not included,not included,not included,not included,not included,not included,not included,not included,not included,not included,9.130003307972213,1.9847833278200462,3.771088322858088,52.77777777777778
2018-19,N6,South East,Medway,BSU,50<71,A to F2,179.0,not included,not included,not included,not included,not included,not included,not included,not included,not included,not included,not included,not included,8.691429958727847,1.3595532896334062,3.6902160718621024,50.331125827814574
2018-19,N6,South East,North & Mid Hampshire,BSU,50<71,A to F2,171.0,not included,not included,not included,not included,not included,not included,not included,not included,not included,not included,not included,not included,7.582139848357203,1.3745399725092005,3.414179931716401,55.00000000000001
2018-19,N6,South East,Oxfordshire,BSU,50<71,A to F2,212.0,not included,not included,not included,not included,not included,not included,not included,not included,not included,not included,not included,not included,9.129273964344156,2.23925587804668,3.9617603996210486,57.49999999999999
2018-19,N6,South East,Portsmouth,BSU,50<71,A to F2,172.0,not included,not included,not included,not included,not included,not included,not included,not included,not included,not included,not included,not included,7.314169076373533,1.4458241197482564,2.891648239496513,49.275362318840585
2018-19,N6,South East,Southampton & Salisbury,BSU,50<71,A to F2,234.0,not included,not included,not included,not included,not included,not included,not included,not included,not included,not included,not included,not included,9.7426929802648,2.373220084936298,4.080273128486968,55.367231638418076
2018-19,N6,South East,West Berkshire,BSU,50<71,A to F2,126.0,not included,not included,not included,not included,not included,not included,not included,not included,not included,not included,not included,not included,7.240547063555913,1.3791518216296978,2.3560510286174003,40.5940594059406
2018-19,N6,South East,Worthing,BSU,50<71,A to F2,285.0,not included,not included,not included,not included,not included,not included,not included,not included,not included,not included,not included,not included,8.818342151675484,1.8255515331538723,3.991460131811009,57.07964601769911
2018-19,N7,South West,Avon,BSU,50<71,A to F2,372.0,not included,not included,not included,not included,not included,not included,not included,not included,not included,not included,not included,not included,9.206553482156115,1.979903974657229,4.454783942978766,61.64383561643836
2018-19,N7,South West,Cornwall,BSU,50<71,A to F2,166.0,not included,not included,not included,not included,not included,not included,not included,not included,not included,not included,not included,not included,8.162061166289703,1.3767332087717572,3.7368472809519124,55.072463768115945
2018-19,N7,South West,Dorset,BSU,50<71,A to F2,261.0,not included,not included,not included,not included,not included,not included,not included,not included,not included,not included,not included,not included,8.820845584507756,1.8925952211970665,3.7513940991584707,54.146341463414636
2018-19,N7,South West,Gloucestershire,BSU,50<71,A to F2,215.0,not included,not included,not included,not included,not included,not included,not included,not included,not included,not included,not included,not included,8.770140730165206,1.7948194982663677,3.2633081786661227,46.783625730994146
2018-19,N7,South West,North & East Devon,BSU,50<71,A to F2,149.0,not included,not included,not included,not included,not included,not included,not included,not included,not included,not included,not included,not included,7.348227055284313,1.4795088030773782,2.663115845539281,45.378151260504204
2018-19,N7,South West,Somerset,BSU,50<71,A to F2,150.0,not included,not included,not included,not included,not included,not included,not included,not included,not included,not included,not included,not included,7.6277650648360025,1.6781083142639206,4.118993135011442,69.23076923076923
2018-19,N7,South West,South Devon,BSU,50<71,A to F2,96.0,not included,not included,not included,not included,not included,not included,not included,not included,not included,not included,not included,not included,7.4091224820560315,1.3120321061974223,2.7012425715829282,44.303797468354425
2018-19,N7,South West,West Devon,BSU,50<71,A to F2,180.0,not included,not included,not included,not included,not included,not included,not included,not included,not included,not included,not included,not included,9.879795817553104,2.634612218014161,3.7872550633953566,52.27272727272727
2018-19,N7,South West,Wiltshire,BSU,50<71,A to F2,189.0,not included,not included,not included,not included,not included,not included,not included,not included,not included,not included,not included,not included,8.743927827897293,1.4341892204487625,3.886190145732131,53.16455696202531
2019-20,N1,North East and Yorkshire,Barnsley,BSU,45 and over,A to F2,84.0,not included,not included,not included,not included,not included,not included,not included,not included,not included,not included,not included,not included,8.880431335236283,1.9029495718363465,3.171582619727244,45.45454545454545
2019-20,N1,North East and Yorkshire,Doncaster,BSU,45 and over,A to F2,135.0,not included,not included,not included,not included,not included,not included,not included,not included,not included,not included,not included,not included,7.271356242593988,0.8617903694926209,2.9085424970375957,45.378151260504204
2019-20,N1,North East and Yorkshire,Gateshead,BSU,45 and over,A to F2,271.0,not included,not included,not included,not included,not included,not included,not included,not included,not included,not included,not included,not included,7.905484247374563,1.4585764294049008,3.23803967327888,50.2262443438914
2019-20,N1,North East and Yorkshire,Humberside,BSU,45 and over,A to F2,287.0,not included,not included,not included,not included,not included,not included,not included,not included,not included,not included,not included,not included,7.181643019793309,0.9008332707754674,3.1278933013037062,49.800796812749006
2019-20,N1,North East and Yorkshire,Leeds Wakefield,BSU,45 and over,A to F2,419.0,not included,not included,not included,not included,not included,not included,not included,not included,not included,not included,not included,not included,9.31090420212884,2.0888424701673296,4.444345681207085,61.53846153846154
2019-20,N1,North East and Yorkshire,Newcastle,BSU,45 and over,A to F2,350.0,not included,not included,not included,not included,not included,not included,not included,not included,not included,not included,not included,not included,9.361042017705744,2.407125090267191,3.4234667950466715,49.23076923076923
2019-20,N1,North East and Yorkshire,North Cumbria,BSU,45 and over,A to F2,114.0,not included,not included,not included,not included,not included,not included,not included,not included,not included,not included,not included,not included,7.516318322674227,2.307641590294719,2.7691699083536623,53.16455696202531
2019-20,N1,North East and Yorkshire,North Tees,BSU,45 and over,A to F2,282.0,not included,not included,not included,not included,not included,not included,not included,not included,not included,not included,not included,not included,7.875555059066662,1.11710000837825,3.8539950289049627,57.02479338842975
2019-20,N1,North East and Yorkshire,North Yorkshire,BSU,45 and over,A to F2,295.0,not included,not included,not included,not included,not included,not included,not included,not included,not included,not included,not included,not included,8.114427176454408,1.430339705680099,2.860679411360198,42.79835390946502
2019-20,N1,North East and Yorkshire,Pennine,BSU,45 and over,A to F2,316.0,not included,not included,not included,not included,not included,not included,not included,not included,not included,not included,not included,not included,8.16031401714699,1.833488276004545,3.66697655200909,57.95918367346938
2019-20,N1,North East and Yorkshire,Rotherham,BSU,45 and over,A to F2,70.0,not included,not included,not included,not included,not included,not included,not included,not included,not included,not included,not included,not included,6.405563689604685,1.1896046852122988,3.2027818448023426,61.40350877192983
2019-20,N1,North East and Yorkshire,Sheffield,BSU,45 and over,A to F2,113.0,not included,not included,not included,not included,not included,not included,not included,not included,not included,not included,not included,not included,5.819043205108399,0.8239353210772954,2.2658221329625627,45.36082474226804
2019-20,N2,North West,Bolton,BSU,45 and over,A to F2,257.0,not included,not included,not included,not included,not included,not included,not included,not included,not included,not included,not included,not included,8.246959535346404,1.7328241825241473,3.4656483650482945,53.20197044334976
2019-20,N2,North West,Cheshire & Stockport,BSU,45 and over,A to F2,180.0,not included,not included,not included,not included,not included,not included,not included,not included,not included,not included,not included,not included,8.796364169476616,1.7592728338953234,3.4696769779602206,49.30555555555556
2019-20,N2,North West,Crewe,BSU,45 and over,A to F2,111.0,not included,not included,not included,not included,not included,not included,not included,not included,not included,not included,not included,not included,8.670520231213873,1.8747070770192158,3.7494141540384316,55.172413793103445
2019-20,N2,North West,East Lancashire,BSU,45 and over,A to F2,142.0,not included,not included,not included,not included,not included,not included,not included,not included,not included,not included,not included,not included,6.819054936611602,1.3926238955051862,2.8812908182865926,53.09734513274337
2019-20,N2,North West,Liverpool,BSU,45 and over,A to F2,300.0,not included,not included,not included,not included,not included,not included,not included,not included,not included,not included,not included,not included,8.519096975720574,1.8458043447394576,2.868095981825926,43.162393162393165
2019-20,N2,North West,Manchester,BSU,45 and over,A to F2,390.0,not included,not included,not included,not included,not included,not included,not included,not included,not included,not included,not included,not included,7.71681275846376,1.484002453550723,3.1658719009082095,50.79365079365079
2019-20,N2,North West,North Lancashire & South Cumbria,BSU,45 and over,A to F2,232.0,not included,not included,not included,not included,not included,not included,not included,not included,not included,not included,not included,not included,8.263874047161075,1.745387190995227,3.562014675500463,54.644808743169406
2019-20,N2,North West,South Lancashire,BSU,45 and over,A to F2,221.0,not included,not included,not included,not included,not included,not included,not included,not included,not included,not included,not included,not included,7.920295308748163,1.899437336487116,2.831236784575135,47.023809523809526
2019-20,N2,North West,"Warrington, Halton, St Helens & Knowsley",BSU,45 and over,A to F2,183.0,not included,not included,not included,not included,not included,not included,not included,not included,not included,not included,not included,not included,8.085896076352068,1.8115942028985508,2.0767055496641924,33.098591549295776
2019-20,N2,North West,Wirral & Chester,BSU,45 and over,A to F2,218.0,not included,not included,not included,not included,not included,not included,not included,not included,not included,not included,not included,not included,9.242771135419316,2.204697702026626,4.112609174934283,58.43373493975904
2019-20,N3,Midlands,"City, Sandwell & Walsall",BSU,45 and over,A to F2,320.0,not included,not included,not included,not included,not included,not included,not included,not included,not included,not included,not included,not included,7.884686460514969,2.1190094862633977,2.8828384871257855,50.0
2019-20,N3,Midlands,"Dudley, Wolverhampton & South West Staffordshire",BSU,45 and over,A to F2,298.0,not included,not included,not included,not included,not included,not included,not included,not included,not included,not included,not included,not included,9.373132450539426,1.9501148051457868,3.554241499701192,47.88135593220339
2019-20,N3,Midlands,Hereford & Worcester,BSU,45 and over,A to F2,245.0,not included,not included,not included,not included,not included,not included,not included,not included,not included,not included,not included,not included,8.044127786715698,1.411826509505204,3.151984765406967,47.524752475247524
2019-20,N3,Midlands,Kettering,BSU,45 and over,A to F2,129.0,not included,not included,not included,not included,not included,not included,not included,not included,not included,not included,not included,not included,8.375535644721465,1.168679392286716,3.3761849110505127,46.846846846846844
2019-20,N3,Midlands,Leicestershire,BSU,45 and over,A to F2,377.0,not included,not included,not included,not included,not included,not included,not included,not included,not included,not included,not included,not included,9.023456199138344,1.938726663475347,4.356151268549546,61.48648648648649
2019-20,N3,Midlands,Lincolnshire,BSU,45 and over,A to F2,274.0,not included,not included,not included,not included,not included,not included,not included,not included,not included,not included,not included,not included,8.245064997592682,1.4142994703899856,3.6711603273952815,53.74449339207048
2019-20,N3,Midlands,North Derbyshire & Chesterfield,BSU,45 and over,A to F2,160.0,not included,not included,not included,not included,not included,not included,not included,not included,not included,not included,not included,not included,9.54426151276545,2.1474588403722263,4.175614411834884,56.451612903225815
2019-20,N3,Midlands,North Midlands,BSU,45 and over,A to F2,242.0,not included,not included,not included,not included,not included,not included,not included,not included,not included,not included,not included,not included,9.889256671161784,2.370152425319766,4.2907931837685425,57.065217391304344
2019-20,N3,Midlands,North Nottinghamshire,BSU,45 and over,A to F2,88.0,not included,not included,not included,not included,not included,not included,not included,not included,not included,not included,not included,not included,8.127077946065755,0.9235315847801995,4.525304765422978,62.82051282051282
2019-20,N3,Midlands,Northampton,BSU,45 and over,A to F2,122.0,not included,not included,not included,not included,not included,not included,not included,not included,not included,not included,not included,not included,7.556519046144317,1.7962217404769278,2.6014245896562405,45.16129032258064
2019-20,N3,Midlands,Nottingham City,BSU,45 and over,A to F2,241.0,not included,not included,not included,not included,not included,not included,not included,not included,not included,not included,not included,not included,8.571326955222817,1.2447985204680443,4.054486609524487,55.33980582524271
2019-20,N3,Midlands,Shropshire,BSU,45 and over,A to F2,175.0,not included,not included,not included,not included,not included,not included,not included,not included,not included,not included,not included,not included,7.957800918557592,1.2732481469692145,4.0925833295439045,61.64383561643836
2019-20,N3,Midlands,South Birmingham,BSU,45 and over,A to F2,136.0,not included,not included,not included,not included,not included,not included,not included,not included,not included,not included,not included,not included,9.692132269099202,0.8551881413911061,3.7058152793614596,41.935483870967744
2019-20,N3,Midlands,South Derbyshire & South East Staffordshire,BSU,45 and over,A to F2,288.0,not included,not included,not included,not included,not included,not included,not included,not included,not included,not included,not included,not included,8.28395558879365,1.9271702237818558,2.933900937697751,46.15384615384615
2019-20,N3,Midlands,"Warwickshire, Solihull & Coventry",BSU,45 and over,A to F2,349.0,not included,not included,not included,not included,not included,not included,not included,not included,not included,not included,not included,not included,8.762459514424163,1.4813326972808758,2.9877727284139697,41.03448275862069
2019-20,N4,East of England,Beds & Herts,BSU,45 and over,A to F2,480.0,not included,not included,not included,not included,not included,not included,not included,not included,not included,not included,not included,not included,7.895256266859663,1.6448450555957628,3.3554839134153562,53.68421052631579
2019-20,N4,East of England,Cambridge & Huntingdon,BSU,45 and over,A to F2,97.0,not included,not included,not included,not included,not included,not included,not included,not included,not included,not included,not included,not included,6.405176967776017,1.5847860538827259,2.3771790808240887,49.31506849315068
2019-20,N4,East of England,Chelmsford & Colchester,BSU,45 and over,A to F2,236.0,not included,not included,not included,not included,not included,not included,not included,not included,not included,not included,not included,not included,8.181376967343825,1.2480066560354988,3.0853497885322057,44.5
2019-20,N4,East of England,East Suffolk,BSU,45 and over,A to F2,127.0,not included,not included,not included,not included,not included,not included,not included,not included,not included,not included,not included,not included,7.687651331719128,0.9079903147699758,3.87409200968523,57.14285714285714
2019-20,N4,East of England,Great Yarmouth & Waveney,BSU,45 and over,A to F2,96.0,not included,not included,not included,not included,not included,not included,not included,not included,not included,not included,not included,not included,8.981195621667135,1.590420058003555,5.239030779305828,70.88607594936708
2019-20,N4,East of England,King's Lynn,BSU,45 and over,A to F2,93.0,not included,not included,not included,not included,not included,not included,not included,not included,not included,not included,not included,not included,10.448264239973037,1.6852039096730704,5.055611729019211,57.692307692307686
2019-20,N4,East of England,Milton Keynes,BSU,45 and over,A to F2,84.0,not included,not included,not included,not included,not included,not included,not included,not included,not included,not included,not included,not included,8.05523590333717,1.3425393172228615,3.0686612965093976,45.714285714285715
2019-20,N4,East of England,Norfolk & Norwich,BSU,45 and over,A to F2,202.0,not included,not included,not included,not included,not included,not included,not included,not included,not included,not included,not included,not included,8.53220696937698,1.7317845828933474,3.8859556494192184,57.14285714285714
2019-20,N4,East of England,Peterborough,BSU,45 and over,A to F2,92.0,not included,not included,not included,not included,not included,not included,not included,not included,not included,not included,not included,not included,7.6730608840700585,1.0842368640533777,2.7522935779816518,41.77215189873418
2019-20,N4,East of England,South Essex,BSU,45 and over,A to F2,221.0,not included,not included,not included,not included,not included,not included,not included,not included,not included,not included,not included,not included,8.462569404556769,1.4551024315527474,3.6377560788818686,51.91256830601093
2019-20,N4,East of England,West Essex (Epping),BSU,45 and over,A to F2,113.0,not included,not included,not included,not included,not included,not included,not included,not included,not included,not included,not included,not included,7.760456012636495,1.7169150470434722,2.6097108715060777,43.67816091954023
2019-20,N4,East of England,West Suffolk,BSU,45 and over,A to F2,101.0,not included,not included,not included,not included,not included,not included,not included,not included,not included,not included,not included,not included,7.750748215793109,1.1511012201672934,3.6835239045353387,55.81395348837209
2019-20,N5,London,Central & East London,BSU,45 and over,A to F2,349.0,not included,not included,not included,not included,not included,not included,not included,not included,not included,not included,not included,not included,7.506506355795496,1.828232206998903,2.4734906329985162,43.72623574144487
2019-20,N5,London,North London,BSU,45 and over,A to F2,516.0,not included,not included,not included,not included,not included,not included,not included,not included,not included,not included,not included,not included,8.626598679261054,2.1733678843099558,2.608041461171947,40.519480519480524
2019-20,N5,London,Outer North East London,BSU,45 and over,A to F2,196.0,not included,not included,not included,not included,not included,not included,not included,not included,not included,not included,not included,not included,7.827163451938819,1.7571183259454495,3.0749570704045364,50.6578947368421
2019-20,N5,London,South East London,BSU,45 and over,A to F2,354.0,not included,not included,not included,not included,not included,not included,not included,not included,not included,not included,not included,not included,6.960830580462482,1.7107126002831525,2.4775837659273243,47.19101123595505
2019-20,N5,London,South West London,BSU,45 and over,A to F2,320.0,not included,not included,not included,not included,not included,not included,not included,not included,not included,not included,not included,not included,7.626310772163966,2.2402287893231647,2.359389895138227,43.80530973451327
2019-20,N5,London,West of London,BSU,45 and over,A to F2,340.0,not included,not included,not included,not included,not included,not included,not included,not included,not included,not included,not included,not included,7.710624787390861,1.5874815738745889,2.9028234493706773,47.40740740740741
2019-20,N6,South East,Aylesbury & Wycombe,BSU,45 and over,A to F2,202.0,not included,not included,not included,not included,not included,not included,not included,not included,not included,not included,not included,not included,9.74245201118935,2.3150381016687565,3.327867271148838,44.8051948051948
2019-20,N6,South East,Brighton,BSU,45 and over,A to F2,285.0,not included,not included,not included,not included,not included,not included,not included,not included,not included,not included,not included,not included,9.141940657578187,2.309542902967121,3.72093023255814,54.460093896713616
2019-20,N6,South East,Canterbury,BSU,45 and over,A to F2,244.0,not included,not included,not included,not included,not included,not included,not included,not included,not included,not included,not included,not included,8.048024276007652,1.2533808298700442,2.8036150141829936,41.262135922330096
2019-20,N6,South East,East Berkshire,BSU,45 and over,A to F2,147.0,not included,not included,not included,not included,not included,not included,not included,not included,not included,not included,not included,not included,8.302270416807861,1.8072969614819836,2.6544674121766634,41.228070175438596
2019-20,N6,South East,Guildford,BSU,45 and over,A to F2,558.0,not included,not included,not included,not included,not included,not included,not included,not included,not included,not included,not included,not included,10.313279733850846,2.8647999260696793,3.770446354311062,50.62034739454094
2019-20,N6,South East,Isle of Wight,BSU,45 and over,A to F2,84.0,not included,not included,not included,not included,not included,not included,not included,not included,not included,not included,not included,not included,8.554842652001222,1.120277013952541,3.3608310418576233,45.20547945205479
2019-20,N6,South East,Maidstone,BSU,45 and over,A to F2,189.0,not included,not included,not included,not included,not included,not included,not included,not included,not included,not included,not included,not included,9.334255235084946,2.3212169103121294,3.259581193204267,46.478873239436616
2019-20,N6,South East,Medway,BSU,45 and over,A to F2,238.0,not included,not included,not included,not included,not included,not included,not included,not included,not included,not included,not included,not included,9.21409214092141,1.8195896244676733,3.5230352303523036,47.64397905759162
2019-20,N6,South East,North & Mid Hampshire,BSU,45 and over,A to F2,186.0,not included,not included,not included,not included,not included,not included,not included,not included,not included,not included,not included,not included,8.186619718309858,1.1883802816901408,4.049295774647887,57.861635220125784
2019-20,N6,South East,Oxfordshire,BSU,45 and over,A to F2,216.0,not included,not included,not included,not included,not included,not included,not included,not included,not included,not included,not included,not included,8.341056533827619,1.737720111214087,3.4368242199567502,52.046783625730995
2019-20,N6,South East,Portsmouth,BSU,45 and over,A to F2,176.0,not included,not included,not included,not included,not included,not included,not included,not included,not included,not included,not included,not included,7.792092796741488,2.1251162172931335,2.5235755080355955,44.53125
2019-20,N6,South East,Southampton & Salisbury,BSU,45 and over,A to F2,248.0,not included,not included,not included,not included,not included,not included,not included,not included,not included,not included,not included,not included,10.692420453565576,2.7162197119944813,3.8803138742778307,48.64864864864865
2019-20,N6,South East,West Berkshire,BSU,45 and over,A to F2,179.0,not included,not included,not included,not included,not included,not included,not included,not included,not included,not included,not included,not included,8.040968509950137,1.6620996361349445,2.9199047661830106,45.774647887323944
2019-20,N6,South East,Worthing,BSU,45 and over,A to F2,297.0,not included,not included,not included,not included,not included,not included,not included,not included,not included,not included,not included,not included,8.36054498367301,1.9423488345906992,3.377997973201216,52.63157894736842
2019-20,N7,South West,Avon,BSU,45 and over,A to F2,420.0,not included,not included,not included,not included,not included,not included,not included,not included,not included,not included,not included,not included,9.110431444003384,2.364373874753259,4.164768660115833,61.935483870967744
2019-20,N7,South West,Cornwall,BSU,45 and over,A to F2,189.0,not included,not included,not included,not included,not included,not included,not included,not included,not included,not included,not included,not included,8.791106563095958,1.627982696869622,4.046699846504489,56.493506493506494
2019-20,N7,South West,Dorset,BSU,45 and over,A to F2,301.0,not included,not included,not included,not included,not included,not included,not included,not included,not included,not included,not included,not included,9.050454026098983,2.4054362860063745,3.5480185218594023,53.39366515837104
2019-20,N7,South West,Gloucestershire,BSU,45 and over,A to F2,251.0,not included,not included,not included,not included,not included,not included,not included,not included,not included,not included,not included,not included,8.733168644097281,2.2963710378901223,2.9574475487978846,45.94594594594595
2019-20,N7,South West,North & East Devon,BSU,45 and over,A to F2,236.0,not included,not included,not included,not included,not included,not included,not included,not included,not included,not included,not included,not included,9.315912051474362,1.7368649587494573,4.026368768010106,53.125
2019-20,N7,South West,Somerset,BSU,45 and over,A to F2,146.0,not included,not included,not included,not included,not included,not included,not included,not included,not included,not included,not included,not included,6.482550395169168,1.0212236923896636,3.019270047065092,55.28455284552846
2019-20,N7,South West,South Devon,BSU,45 and over,A to F2,132.0,not included,not included,not included,not included,not included,not included,not included,not included,not included,not included,not included,not included,8.684781893545628,1.7106388578195935,3.421277715639187,49.056603773584904
2019-20,N7,South West,West Devon,BSU,45 and over,A to F2,176.0,not included,not included,not included,not included,not included,not included,not included,not included,not included,not included,not included,not included,8.77849269290239,1.7457229787021797,3.4415681580128683,48.93617021276596
2019-20,N7,South West,Wiltshire,BSU,45 and over,A to F2,240.0,not included,not included,not included,not included,not included,not included,not included,not included,not included,not included,not included,not included,9.462603004376454,1.6559555257658793,4.455308914560581,57.07070707070707
2019-20,N1,North East and Yorkshire,Barnsley,BSU,50<71,A to F2,72.0,not included,not included,not included,not included,not included,not included,not included,not included,not included,not included,not included,not included,8.771929824561402,1.827485380116959,3.0458089668615984,43.859649122807014
2019-20,N1,North East and Yorkshire,Doncaster,BSU,50<71,A to F2,108.0,not included,not included,not included,not included,not included,not included,not included,not included,not included,not included,not included,not included,6.979900471789569,0.8401732049376334,3.102177987462031,50.526315789473685
2019-20,N1,North East and Yorkshire,Gateshead,BSU,50<71,A to F2,245.0,not included,not included,not included,not included,not included,not included,not included,not included,not included,not included,not included,not included,7.470651013874066,1.3721603903033999,3.049245311785333,50.0
2019-20,N1,North East and Yorkshire,Humberside,BSU,50<71,A to F2,240.0,not included,not included,not included,not included,not included,not included,not included,not included,not included,not included,not included,not included,6.924208764894262,0.9232278353192349,2.856236115518883,47.59615384615385
2019-20,N1,North East and Yorkshire,Leeds Wakefield,BSU,50<71,A to F2,336.0,not included,not included,not included,not included,not included,not included,not included,not included,not included,not included,not included,not included,8.614059375480695,2.025329436496949,4.127570117417833,62.64591439688716
2019-20,N1,North East and Yorkshire,Newcastle,BSU,50<71,A to F2,294.0,not included,not included,not included,not included,not included,not included,not included,not included,not included,not included,not included,not included,9.159163836879653,2.3053677684663074,3.364590797221097,49.09090909090909
2019-20,N1,North East and Yorkshire,North Cumbria,BSU,50<71,A to F2,105.0,not included,not included,not included,not included,not included,not included,not included,not included,not included,not included,not included,not included,7.378258730939499,2.3891504462089803,2.810765230834095,56.33802816901409
2019-20,N1,North East and Yorkshire,North Tees,BSU,50<71,A to F2,243.0,not included,not included,not included,not included,not included,not included,not included,not included,not included,not included,not included,not included,7.846302873748789,1.0655473038424281,3.713270907329674,54.761904761904766
2019-20,N1,North East and Yorkshire,North Yorkshire,BSU,50<71,A to F2,232.0,not included,not included,not included,not included,not included,not included,not included,not included,not included,not included,not included,not included,7.813026200579241,1.5154576682158012,2.7951774769313666,44.38502673796791
2019-20,N1,North East and Yorkshire,Pennine,BSU,50<71,A to F2,274.0,not included,not included,not included,not included,not included,not included,not included,not included,not included,not included,not included,not included,8.228969576838756,1.8920623479592757,3.7841246959185515,59.71563981042654
2019-20,N1,North East and Yorkshire,Rotherham,BSU,50<71,A to F2,53.0,not included,not included,not included,not included,not included,not included,not included,not included,not included,not included,not included,not included,5.903976829675838,1.002562103152501,3.230477887935836,65.9090909090909
2019-20,N1,North East and Yorkshire,Sheffield,BSU,50<71,A to F2,90.0,not included,not included,not included,not included,not included,not included,not included,not included,not included,not included,not included,not included,5.54357868801971,0.7391438250692948,2.0942408376963355,43.58974358974359
2019-20,N2,North West,Bolton,BSU,50<71,A to F2,218.0,not included,not included,not included,not included,not included,not included,not included,not included,not included,not included,not included,not included,8.080957852985875,1.593950402194462,3.521518330429625,54.285714285714285
2019-20,N2,North West,Cheshire & Stockport,BSU,50<71,A to F2,135.0,not included,not included,not included,not included,not included,not included,not included,not included,not included,not included,not included,not included,7.899356348741955,1.521357519016969,3.5693387946167348,55.96330275229357
2019-20,N2,North West,Crewe,BSU,50<71,A to F2,87.0,not included,not included,not included,not included,not included,not included,not included,not included,not included,not included,not included,not included,8.043639053254438,1.386834319526627,3.605769230769231,54.166666666666664
2019-20,N2,North West,East Lancashire,BSU,50<71,A to F2,119.0,not included,not included,not included,not included,not included,not included,not included,not included,not included,not included,not included,not included,6.666293204862472,1.2884432244692172,2.8009635314548205,52.083333333333336
2019-20,N2,North West,Liverpool,BSU,50<71,A to F2,255.0,not included,not included,not included,not included,not included,not included,not included,not included,not included,not included,not included,not included,8.373284297629212,1.707493268536153,2.7910947658764034,41.87192118226601
2019-20,N2,North West,Manchester,BSU,50<71,A to F2,323.0,not included,not included,not included,not included,not included,not included,not included,not included,not included,not included,not included,not included,7.37055883896584,1.414782191999635,2.9436597220637566,49.42528735632184
2019-20,N2,North West,North Lancashire & South Cumbria,BSU,50<71,A to F2,195.0,not included,not included,not included,not included,not included,not included,not included,not included,not included,not included,not included,not included,7.975786330729273,1.5951572661458546,3.3539204057425662,52.56410256410257
2019-20,N2,North West,South Lancashire,BSU,50<71,A to F2,178.0,not included,not included,not included,not included,not included,not included,not included,not included,not included,not included,not included,not included,7.580274252619027,2.001533089174687,2.7254918661102123,48.854961832061065
2019-20,N2,North West,"Warrington, Halton, St Helens & Knowsley",BSU,50<71,A to F2,149.0,not included,not included,not included,not included,not included,not included,not included,not included,not included,not included,not included,not included,7.741064006650041,1.7664172901080633,1.9222776392352452,32.17391304347826
2019-20,N2,North West,Wirral & Chester,BSU,50<71,A to F2,182.0,not included,not included,not included,not included,not included,not included,not included,not included,not included,not included,not included,not included,9.06058644894708,2.1406880071688157,4.032458804201722,58.27338129496403
2019-20,N3,Midlands,"City, Sandwell & Walsall",BSU,50<71,A to F2,270.0,not included,not included,not included,not included,not included,not included,not included,not included,not included,not included,not included,not included,7.674597083653108,2.0181347886643355,2.8140189306728063,49.74874371859296
2019-20,N3,Midlands,"Dudley, Wolverhampton & South West Staffordshire",BSU,50<71,A to F2,240.0,not included,not included,not included,not included,not included,not included,not included,not included,not included,not included,not included,not included,8.824502702503953,1.8384380630216568,3.3827260359598483,48.421052631578945
2019-20,N3,Midlands,Hereford & Worcester,BSU,50<71,A to F2,197.0,not included,not included,not included,not included,not included,not included,not included,not included,not included,not included,not included,not included,7.654349768815324,1.2044915879861677,3.0695108209970083,47.59036144578313
2019-20,N3,Midlands,Kettering,BSU,50<71,A to F2,103.0,not included,not included,not included,not included,not included,not included,not included,not included,not included,not included,not included,not included,7.940790995297202,1.1564258731015342,3.315087502891065,48.86363636363637
2019-20,N3,Midlands,Leicestershire,BSU,50<71,A to F2,324.0,not included,not included,not included,not included,not included,not included,not included,not included,not included,not included,not included,not included,8.99625156184923,1.9714008052200471,4.38706094682771,62.450592885375485
2019-20,N3,Midlands,Lincolnshire,BSU,50<71,A to F2,212.0,not included,not included,not included,not included,not included,not included,not included,not included,not included,not included,not included,not included,7.570076772004999,1.3211926441706836,3.356543474379575,53.714285714285715
2019-20,N3,Midlands,North Derbyshire & Chesterfield,BSU,50<71,A to F2,123.0,not included,not included,not included,not included,not included,not included,not included,not included,not included,not included,not included,not included,8.599594490666295,1.8877158638047962,3.49577011815703,52.083333333333336
2019-20,N3,Midlands,North Midlands,BSU,50<71,A to F2,194.0,not included,not included,not included,not included,not included,not included,not included,not included,not included,not included,not included,not included,9.344894026974952,2.3603082851637764,4.0462427745664735,57.931034482758626
2019-20,N3,Midlands,North Nottinghamshire,BSU,50<71,A to F2,70.0,not included,not included,not included,not included,not included,not included,not included,not included,not included,not included,not included,not included,7.648601398601399,0.6555944055944056,4.698426573426573,67.1875
2019-20,N3,Midlands,Northampton,BSU,50<71,A to F2,101.0,not included,not included,not included,not included,not included,not included,not included,not included,not included,not included,not included,not included,7.473177950425453,1.7758046614872365,2.5157232704402515,44.15584415584416
2019-20,N3,Midlands,Nottingham City,BSU,50<71,A to F2,191.0,not included,not included,not included,not included,not included,not included,not included,not included,not included,not included,not included,not included,8.04820495533457,1.1377043654137873,3.5395246923984494,51.21951219512195
2019-20,N3,Midlands,Shropshire,BSU,50<71,A to F2,160.0,not included,not included,not included,not included,not included,not included,not included,not included,not included,not included,not included,not included,8.494823466949828,1.380408813379347,4.512874966817096,63.90977443609023
2019-20,N3,Midlands,South Birmingham,BSU,50<71,A to F2,107.0,not included,not included,not included,not included,not included,not included,not included,not included,not included,not included,not included,not included,8.723300179357574,0.7337355291048426,3.424099135822599,42.857142857142854
2019-20,N3,Midlands,South Derbyshire & South East Staffordshire,BSU,50<71,A to F2,230.0,not included,not included,not included,not included,not included,not included,not included,not included,not included,not included,not included,not included,7.698229407236336,1.941292633129163,2.7780566991331126,48.25581395348838
2019-20,N3,Midlands,"Warwickshire, Solihull & Coventry",BSU,50<71,A to F2,276.0,not included,not included,not included,not included,not included,not included,not included,not included,not included,not included,not included,not included,8.107869921565172,1.410064334185247,2.6438706265973386,39.473684210526315
2019-20,N4,East of England,Beds & Herts,BSU,50<71,A to F2,386.0,not included,not included,not included,not included,not included,not included,not included,not included,not included,not included,not included,not included,7.488602192259191,1.5132408575031526,3.201086429333592,53.57142857142857
2019-20,N4,East of England,Cambridge & Huntingdon,BSU,50<71,A to F2,79.0,not included,not included,not included,not included,not included,not included,not included,not included,not included,not included,not included,not included,5.752147953982816,1.601863987185088,2.0387359836901124,49.122807017543856
2019-20,N4,East of England,Chelmsford & Colchester,BSU,50<71,A to F2,190.0,not included,not included,not included,not included,not included,not included,not included,not included,not included,not included,not included,not included,7.580593680178742,1.2767315671879989,2.992339610596872,47.46835443037975
2019-20,N4,East of England,East Suffolk,BSU,50<71,A to F2,101.0,not included,not included,not included,not included,not included,not included,not included,not included,not included,not included,not included,not included,6.719446477280288,0.7318209034661699,3.459516998203712,57.77777777777777
2019-20,N4,East of England,Great Yarmouth & Waveney,BSU,50<71,A to F2,80.0,not included,not included,not included,not included,not included,not included,not included,not included,not included,not included,not included,not included,8.054772452678213,1.409585179218687,4.530809504631494,68.18181818181817
2019-20,N4,East of England,King's Lynn,BSU,50<71,A to F2,79.0,not included,not included,not included,not included,not included,not included,not included,not included,not included,not included,not included,not included,9.761522303225009,1.729890028419622,4.571852217966144,56.92307692307692
2019-20,N4,East of England,Milton Keynes,BSU,50<71,A to F2,69.0,not included,not included,not included,not included,not included,not included,not included,not included,not included,not included,not included,not included,7.772020725388601,1.2390177968010814,3.2665014642937598,50.0
2019-20,N4,East of England,Norfolk & Norwich,BSU,50<71,A to F2,168.0,not included,not included,not included,not included,not included,not included,not included,not included,not included,not included,not included,not included,7.9387581514034595,1.653907948209054,3.5440884604479725,56.390977443609025
2019-20,N4,East of England,Peterborough,BSU,50<71,A to F2,87.0,not included,not included,not included,not included,not included,not included,not included,not included,not included,not included,not included,not included,7.61354686269362,1.1376564277588168,2.8878970858493043,44.5945945945946
2019-20,N4,East of England,South Essex,BSU,50<71,A to F2,188.0,not included,not included,not included,not included,not included,not included,not included,not included,not included,not included,not included,not included,7.964751736993729,1.3557024233180817,3.431621759023894,51.92307692307693
2019-20,N4,East of England,West Essex (Epping),BSU,50<71,A to F2,87.0,not included,not included,not included,not included,not included,not included,not included,not included,not included,not included,not included,not included,7.0553888573513905,1.4597356256589082,2.351796285783797,42.028985507246375
2019-20,N4,East of England,West Suffolk,BSU,50<71,A to F2,79.0,not included,not included,not included,not included,not included,not included,not included,not included,not included,not included,not included,not included,7.07188255303912,0.9846925073851939,3.043595022826963,50.0
2019-20,N5,London,Central & East London,BSU,50<71,A to F2,337.0,not included,not included,not included,not included,not included,not included,not included,not included,not included,not included,not included,not included,7.464339505625942,1.8383981571719676,2.4364312926375478,43.47826086956522
2019-20,N5,London,North London,BSU,50<71,A to F2,439.0,not included,not included,not included,not included,not included,not included,not included,not included,not included,not included,not included,not included,8.463303194463187,2.178481232287791,2.679724701663743,42.769230769230774
2019-20,N5,London,Outer North East London,BSU,50<71,A to F2,159.0,not included,not included,not included,not included,not included,not included,not included,not included,not included,not included,not included,not included,7.476723408257312,1.6458196181698486,2.9624753127057275,50.806451612903224
2019-20,N5,London,South East London,BSU,50<71,A to F2,298.0,not included,not included,not included,not included,not included,not included,not included,not included,not included,not included,not included,not included,6.838783706253587,1.7670682730923695,2.4096385542168677,47.511312217194565
2019-20,N5,London,South West London,BSU,50<71,A to F2,267.0,not included,not included,not included,not included,not included,not included,not included,not included,not included,not included,not included,not included,7.322892954115356,2.331258056553578,2.331258056553578,46.7032967032967
2019-20,N5,London,West of London,BSU,50<71,A to F2,285.0,not included,not included,not included,not included,not included,not included,not included,not included,not included,not included,not included,not included,7.380742735795308,1.5279432330242917,2.8746050655202775,49.11504424778761
2019-20,N6,South East,Aylesbury & Wycombe,BSU,50<71,A to F2,169.0,not included,not included,not included,not included,not included,not included,not included,not included,not included,not included,not included,not included,9.699265381083563,2.4104683195592287,3.500918273645546,48.031496062992126
2019-20,N6,South East,Brighton,BSU,50<71,A to F2,239.0,not included,not included,not included,not included,not included,not included,not included,not included,not included,not included,not included,not included,8.913586693022042,2.2377205087084624,3.692238839368963,55.3072625698324
2019-20,N6,South East,Canterbury,BSU,50<71,A to F2,204.0,not included,not included,not included,not included,not included,not included,not included,not included,not included,not included,not included,not included,7.757538882762293,1.1027873901966003,2.737954899798456,41.14285714285714
2019-20,N6,South East,East Berkshire,BSU,50<71,A to F2,118.0,not included,not included,not included,not included,not included,not included,not included,not included,not included,not included,not included,not included,7.91521330829085,1.8111081298631606,2.61604507646901,42.857142857142854
2019-20,N6,South East,Guildford,BSU,50<71,A to F2,466.0,not included,not included,not included,not included,not included,not included,not included,not included,not included,not included,not included,not included,10.100791156388858,2.7527907228785087,3.7498645280156064,51.03244837758112
2019-20,N6,South East,Isle of Wight,BSU,50<71,A to F2,71.0,not included,not included,not included,not included,not included,not included,not included,not included,not included,not included,not included,not included,8.592520876195087,0.9681713663318408,3.2675783613699623,42.857142857142854
2019-20,N6,South East,Maidstone,BSU,50<71,A to F2,158.0,not included,not included,not included,not included,not included,not included,not included,not included,not included,not included,not included,not included,9.050292129682667,2.2339328674533165,3.035857486539123,44.537815126050425
2019-20,N6,South East,Medway,BSU,50<71,A to F2,190.0,not included,not included,not included,not included,not included,not included,not included,not included,not included,not included,not included,not included,8.73201893469369,2.022151753297486,3.079185624339354,45.89041095890411
2019-20,N6,South East,North & Mid Hampshire,BSU,50<71,A to F2,141.0,not included,not included,not included,not included,not included,not included,not included,not included,not included,not included,not included,not included,7.4904377390565235,1.0093497662558435,3.824904377390565,59.01639344262295
2019-20,N6,South East,Oxfordshire,BSU,50<71,A to F2,177.0,not included,not included,not included,not included,not included,not included,not included,not included,not included,not included,not included,not included,8.111080560901842,1.6955366144258086,3.5285491705618184,55.00000000000001
2019-20,N6,South East,Portsmouth,BSU,50<71,A to F2,141.0,not included,not included,not included,not included,not included,not included,not included,not included,not included,not included,not included,not included,7.259434690830458,1.9049580394377799,2.265355506358441,42.30769230769231
2019-20,N6,South East,Southampton & Salisbury,BSU,50<71,A to F2,198.0,not included,not included,not included,not included,not included,not included,not included,not included,not included,not included,not included,not included,10.010111223458038,2.3761375126390294,3.488372093023256,45.6953642384106
2019-20,N6,South East,West Berkshire,BSU,50<71,A to F2,141.0,not included,not included,not included,not included,not included,not included,not included,not included,not included,not included,not included,not included,7.546563904945407,1.7126953543138514,2.4619995718261616,42.201834862385326
2019-20,N6,South East,Worthing,BSU,50<71,A to F2,259.0,not included,not included,not included,not included,not included,not included,not included,not included,not included,not included,not included,not included,7.830451082355786,1.8744709154674084,3.386141008586286,56.852791878172596
2019-20,N7,South West,Avon,BSU,50<71,A to F2,342.0,not included,not included,not included,not included,not included,not included,not included,not included,not included,not included,not included,not included,8.666126089600649,2.3058990472329213,3.902290695317251,61.6
2019-20,N7,South West,Cornwall,BSU,50<71,A to F2,145.0,not included,not included,not included,not included,not included,not included,not included,not included,not included,not included,not included,not included,7.957414114806278,1.4817253868949622,3.512237954121392,54.23728813559322
2019-20,N7,South West,Dorset,BSU,50<71,A to F2,244.0,not included,not included,not included,not included,not included,not included,not included,not included,not included,not included,not included,not included,8.67894998932916,2.489862701856726,3.1656825780749807,51.14942528735632
2019-20,N7,South West,Gloucestershire,BSU,50<71,A to F2,209.0,not included,not included,not included,not included,not included,not included,not included,not included,not included,not included,not included,not included,8.507693560205162,2.2795733941219574,2.768053407148091,44.44444444444444
2019-20,N7,South West,North & East Devon,BSU,50<71,A to F2,200.0,not included,not included,not included,not included,not included,not included,not included,not included,not included,not included,not included,not included,8.588482844505517,1.5029844977884657,3.8218748658049555,53.939393939393945
2019-20,N7,South West,Somerset,BSU,50<71,A to F2,117.0,not included,not included,not included,not included,not included,not included,not included,not included,not included,not included,not included,not included,6.189493731153785,0.8993281489710628,2.9624927260223246,56.00000000000001
2019-20,N7,South West,South Devon,BSU,50<71,A to F2,114.0,not included,not included,not included,not included,not included,not included,not included,not included,not included,not included,not included,not included,8.716262711216455,1.529168896704641,3.4406300175854425,47.87234042553192
2019-20,N7,South West,West Devon,BSU,50<71,A to F2,144.0,not included,not included,not included,not included,not included,not included,not included,not included,not included,not included,not included,not included,8.508626802174428,1.4181044670290712,3.367998109194044,47.5
2019-20,N7,South West,Wiltshire,BSU,50<71,A to F2,183.0,not included,not included,not included,not included,not included,not included,not included,not included,not included,not included,not included,not included,8.440570084405701,1.4759466814261335,3.8743600387436,55.62913907284768
2020-21,N1,North East and Yorkshire,Barnsley,BSU,45 and over,A to F2,40.0,not included,not included,not included,not included,not included,not included,not included,not included,not included,not included,not included,not included,11.947431302270013,2.688172043010753,4.480286738351254,48.38709677419355
2020-21,N1,North East and Yorkshire,Doncaster,BSU,45 and over,A to F2,62.0,not included,not included,not included,not included,not included,not included,not included,not included,not included,not included,not included,not included,7.294117647058823,1.176470588235294,3.411764705882353,55.769230769230774
2020-21,N1,North East and Yorkshire,Gateshead,BSU,45 and over,A to F2,179.0,not included,not included,not included,not included,not included,not included,not included,not included,not included,not included,not included,not included,8.408888053741721,1.7381500446281768,3.711185230422324,55.633802816901415
2020-21,N1,North East and Yorkshire,Humberside,BSU,45 and over,A to F2,139.0,not included,not included,not included,not included,not included,not included,not included,not included,not included,not included,not included,not included,7.523680649526387,0.8660351826792964,3.1393775372124493,47.15447154471545
2020-21,N1,North East and Yorkshire,Leeds Wakefield,BSU,45 and over,A to F2,234.0,not included,not included,not included,not included,not included,not included,not included,not included,not included,not included,not included,not included,8.338381498770623,1.9242418843316822,3.7415814417560487,58.333333333333336
2020-21,N1,North East and Yorkshire,Newcastle,BSU,45 and over,A to F2,205.0,not included,not included,not included,not included,not included,not included,not included,not included,not included,not included,not included,not included,10.495596969076388,2.3039115297972557,3.9934466516485765,48.75
2020-21,N1,North East and Yorkshire,North Cumbria,BSU,45 and over,A to F2,70.0,not included,not included,not included,not included,not included,not included,not included,not included,not included,not included,not included,not included,8.280104092737165,1.6560208185474332,4.021764845043767,60.71428571428571
2020-21,N1,North East and Yorkshire,North Tees,BSU,45 and over,A to F2,212.0,not included,not included,not included,not included,not included,not included,not included,not included,not included,not included,not included,not included,9.552561618528365,1.3968368404451854,4.505925291758662,55.24861878453039
2020-21,N1,North East and Yorkshire,North Yorkshire,BSU,45 and over,A to F2,185.0,not included,not included,not included,not included,not included,not included,not included,not included,not included,not included,not included,not included,9.357612544258977,1.5680323722812344,2.9337379868487607,37.66233766233766
2020-21,N1,North East and Yorkshire,Pennine,BSU,45 and over,A to F2,196.0,not included,not included,not included,not included,not included,not included,not included,not included,not included,not included,not included,not included,8.685633253567312,2.171408313391828,3.3235841531507577,51.724137931034484
2020-21,N1,North East and Yorkshire,Rotherham,BSU,45 and over,A to F2,49.0,not included,not included,not included,not included,not included,not included,not included,not included,not included,not included,not included,not included,11.083465279348564,2.940511196561864,3.8452838724270526,47.22222222222222
2020-21,N1,North East and Yorkshire,Sheffield,BSU,45 and over,A to F2,75.0,not included,not included,not included,not included,not included,not included,not included,not included,not included,not included,not included,not included,6.8386979119175715,1.641287498860217,2.1883833318136223,42.10526315789473
2020-21,N2,North West,Bolton,BSU,45 and over,A to F2,150.0,not included,not included,not included,not included,not included,not included,not included,not included,not included,not included,not included,not included,8.520306731042316,1.760863391082079,3.010508378301619,44.537815126050425
2020-21,N2,North West,Cheshire & Stockport,BSU,45 and over,A to F2,92.0,not included,not included,not included,not included,not included,not included,not included,not included,not included,not included,not included,not included,10.103228640456841,2.745442565341533,3.6239841862508237,49.25373134328358
2020-21,N2,North West,Crewe,BSU,45 and over,A to F2,53.0,not included,not included,not included,not included,not included,not included,not included,not included,not included,not included,not included,not included,9.99811356347859,2.07508017355216,3.2069420863987927,40.476190476190474
2020-21,N2,North West,East Lancashire,BSU,45 and over,A to F2,106.0,not included,not included,not included,not included,not included,not included,not included,not included,not included,not included,not included,not included,8.467129962457065,1.6774502755811167,3.115264797507788,45.88235294117647
2020-21,N2,North West,Liverpool,BSU,45 and over,A to F2,162.0,not included,not included,not included,not included,not included,not included,not included,not included,not included,not included,not included,not included,10.71570313533536,2.182828416457203,4.167217885963752,48.837209302325576
2020-21,N2,North West,Manchester,BSU,45 and over,A to F2,247.0,not included,not included,not included,not included,not included,not included,not included,not included,not included,not included,not included,not included,8.893849920783524,1.7643669883335735,3.2046665706466944,44.94949494949495
2020-21,N2,North West,North Lancashire & South Cumbria,BSU,45 and over,A to F2,114.0,not included,not included,not included,not included,not included,not included,not included,not included,not included,not included,not included,not included,10.203168352277814,3.311554640651571,3.8485635012977712,55.84415584415584
2020-21,N2,North West,South Lancashire,BSU,45 and over,A to F2,145.0,not included,not included,not included,not included,not included,not included,not included,not included,not included,not included,not included,not included,8.421419444767105,1.91659890811941,2.3231501916598907,35.714285714285715
2020-21,N2,North West,"Warrington, Halton, St Helens & Knowsley",BSU,45 and over,A to F2,104.0,not included,not included,not included,not included,not included,not included,not included,not included,not included,not included,not included,not included,9.637661013807802,2.5020850708924103,3.150773792975628,44.15584415584416
2020-21,N2,North West,Wirral & Chester,BSU,45 and over,A to F2,111.0,not included,not included,not included,not included,not included,not included,not included,not included,not included,not included,not included,not included,9.444397175189312,1.3613545477750362,3.4033863694375905,42.10526315789473
2020-21,N3,Midlands,"City, Sandwell & Walsall",BSU,45 and over,A to F2,207.0,not included,not included,not included,not included,not included,not included,not included,not included,not included,not included,not included,not included,9.972539384304092,2.9869441634147518,2.649708532061473,37.93103448275862
2020-21,N3,Midlands,"Dudley, Wolverhampton & South West Staffordshire",BSU,45 and over,A to F2,139.0,not included,not included,not included,not included,not included,not included,not included,not included,not included,not included,not included,not included,8.970056788848735,1.8714506969540525,3.742901393908105,53.21100917431193
2020-21,N3,Midlands,Hereford & Worcester,BSU,45 and over,A to F2,189.0,not included,not included,not included,not included,not included,not included,not included,not included,not included,not included,not included,not included,10.558659217877095,1.899441340782123,4.022346368715084,46.45161290322581
2020-21,N3,Midlands,Kettering,BSU,45 and over,A to F2,101.0,not included,not included,not included,not included,not included,not included,not included,not included,not included,not included,not included,not included,9.086002159050016,1.5293270960777259,3.95825836631882,52.38095238095239
2020-21,N3,Midlands,Leicestershire,BSU,45 and over,A to F2,199.0,not included,not included,not included,not included,not included,not included,not included,not included,not included,not included,not included,not included,11.430212521539344,2.1826536473291216,5.801263641585296,62.732919254658384
2020-21,N3,Midlands,Lincolnshire,BSU,45 and over,A to F2,113.0,not included,not included,not included,not included,not included,not included,not included,not included,not included,not included,not included,not included,8.377817319098458,1.5569395017793595,2.9655990510083035,43.47826086956522
2020-21,N3,Midlands,North Derbyshire & Chesterfield,BSU,45 and over,A to F2,93.0,not included,not included,not included,not included,not included,not included,not included,not included,not included,not included,not included,not included,9.412955465587045,2.9352226720647776,3.54251012145749,54.6875
2020-21,N3,Midlands,North Midlands,BSU,45 and over,A to F2,150.0,not included,not included,not included,not included,not included,not included,not included,not included,not included,not included,not included,not included,8.956293288750896,2.5077621208502507,3.881060425125388,60.18518518518518
2020-21,N3,Midlands,North Nottinghamshire,BSU,45 and over,A to F2,55.0,not included,not included,not included,not included,not included,not included,not included,not included,not included,not included,not included,not included,7.336267840469521,0.9337068160597572,3.201280512204882,50.0
2020-21,N3,Midlands,Northampton,BSU,45 and over,A to F2,68.0,not included,not included,not included,not included,not included,not included,not included,not included,not included,not included,not included,not included,7.735183710613127,1.592537822773291,3.185075645546582,51.85185185185185
2020-21,N3,Midlands,Nottingham City,BSU,45 and over,A to F2,147.0,not included,not included,not included,not included,not included,not included,not included,not included,not included,not included,not included,not included,7.809594644849386,1.4344153429315198,3.453222121872178,54.166666666666664
2020-21,N3,Midlands,Shropshire,BSU,45 and over,A to F2,68.0,not included,not included,not included,not included,not included,not included,not included,not included,not included,not included,not included,not included,7.49641715356631,1.1024142872891634,3.197001433138573,50.0
2020-21,N3,Midlands,South Birmingham,BSU,45 and over,A to F2,70.0,not included,not included,not included,not included,not included,not included,not included,not included,not included,not included,not included,not included,10.598031794095382,2.4224072672218018,4.08781226343679,50.0
2020-21,N3,Midlands,South Derbyshire & South East Staffordshire,BSU,45 and over,A to F2,190.0,not included,not included,not included,not included,not included,not included,not included,not included,not included,not included,not included,not included,9.501900380076014,2.2004400880176034,3.650730146029206,50.0
2020-21,N3,Midlands,"Warwickshire, Solihull & Coventry",BSU,45 and over,A to F2,208.0,not included,not included,not included,not included,not included,not included,not included,not included,not included,not included,not included,not included,8.795669824086604,1.5646143437077131,2.452638700947226,33.91812865497076
2020-21,N4,East of England,Beds & Herts,BSU,45 and over,A to F2,254.0,not included,not included,not included,not included,not included,not included,not included,not included,not included,not included,not included,not included,7.247617417108943,1.569365976145637,2.7677909033841237,48.743718592964825
2020-21,N4,East of England,Cambridge & Huntingdon,BSU,45 and over,A to F2,74.0,not included,not included,not included,not included,not included,not included,not included,not included,not included,not included,not included,not included,9.60539979231568,1.557632398753894,3.6344755970924196,45.16129032258064
2020-21,N4,East of England,Chelmsford & Colchester,BSU,45 and over,A to F2,108.0,not included,not included,not included,not included,not included,not included,not included,not included,not included,not included,not included,not included,7.7854671280276815,1.513840830449827,2.5951557093425603,41.37931034482759
2020-21,N4,East of England,East Suffolk,BSU,45 and over,A to F2,94.0,not included,not included,not included,not included,not included,not included,not included,not included,not included,not included,not included,not included,8.166811468288444,0.8688097306689835,4.7784535186794095,65.47619047619048
2020-21,N4,East of England,Great Yarmouth & Waveney,BSU,45 and over,A to F2,74.0,not included,not included,not included,not included,not included,not included,not included,not included,not included,not included,not included,not included,10.050251256281408,2.0372130924894742,3.123726741817194,38.983050847457626
2020-21,N4,East of England,King's Lynn,BSU,45 and over,A to F2,69.0,not included,not included,not included,not included,not included,not included,not included,not included,not included,not included,not included,not included,7.779907543127749,1.1275228323373547,3.4953207802458,52.54237288135594
2020-21,N4,East of England,Milton Keynes,BSU,45 and over,A to F2,82.0,not included,not included,not included,not included,not included,not included,not included,not included,not included,not included,not included,not included,10.829371368198627,2.1130480718436346,4.886423666138405,56.060606060606055
2020-21,N4,East of England,Norfolk & Norwich,BSU,45 and over,A to F2,186.0,not included,not included,not included,not included,not included,not included,not included,not included,not included,not included,not included,not included,10.31099284882754,1.4967570264427075,4.767448306447142,54.088050314465406
2020-21,N4,East of England,Peterborough,BSU,45 and over,A to F2,91.0,not included,not included,not included,not included,not included,not included,not included,not included,not included,not included,not included,not included,9.375643931588709,1.6484648670925202,3.090871625798475,40.0
2020-21,N4,East of England,South Essex,BSU,45 and over,A to F2,147.0,not included,not included,not included,not included,not included,not included,not included,not included,not included,not included,not included,not included,8.776119402985074,1.3134328358208955,3.8208955223880596,51.2
2020-21,N4,East of England,West Essex (Epping),BSU,45 and over,A to F2,68.0,not included,not included,not included,not included,not included,not included,not included,not included,not included,not included,not included,not included,9.441821716189947,1.2496528742016106,4.582060538739238,55.932203389830505
2020-21,N4,East of England,West Suffolk,BSU,45 and over,A to F2,79.0,not included,not included,not included,not included,not included,not included,not included,not included,not included,not included,not included,not included,9.077329656440309,2.0682523267838677,4.9408250028725735,70.49180327868852
2020-21,N5,London,Central & East London,BSU,45 and over,A to F2,124.0,not included,not included,not included,not included,not included,not included,not included,not included,not included,not included,not included,not included,7.0615034168564925,1.7653758542141231,2.5056947608200457,47.82608695652174
2020-21,N5,London,North London,BSU,45 and over,A to F2,288.0,not included,not included,not included,not included,not included,not included,not included,not included,not included,not included,not included,not included,9.778622843949478,2.818144777943773,2.682330571777808,38.53658536585366
2020-21,N5,London,Outer North East London,BSU,45 and over,A to F2,148.0,not included,not included,not included,not included,not included,not included,not included,not included,not included,not included,not included,not included,9.062519135386689,1.7757638846365806,2.8779621578592858,39.49579831932773
2020-21,N5,London,South East London,BSU,45 and over,A to F2,216.0,not included,not included,not included,not included,not included,not included,not included,not included,not included,not included,not included,not included,8.035415349131357,1.5624418734422083,2.9388787619508205,45.40229885057471
2020-21,N5,London,South West London,BSU,45 and over,A to F2,200.0,not included,not included,not included,not included,not included,not included,not included,not included,not included,not included,not included,not included,9.47059380623165,2.746472203807179,2.1782365754332798,32.3943661971831
2020-21,N5,London,West of London,BSU,45 and over,A to F2,143.0,not included,not included,not included,not included,not included,not included,not included,not included,not included,not included,not included,not included,8.771929824561402,2.1469758311863574,3.4965034965034967,52.77777777777778
2020-21,N6,South East,Aylesbury & Wycombe,BSU,45 and over,A to F2,120.0,not included,not included,not included,not included,not included,not included,not included,not included,not included,not included,not included,not included,7.962840079628402,1.72528201725282,2.85335102853351,45.744680851063826
2020-21,N6,South East,Brighton,BSU,45 and over,A to F2,189.0,not included,not included,not included,not included,not included,not included,not included,not included,not included,not included,not included,not included,8.844174075807206,1.9653720168460458,3.2288254562470757,46.93877551020408
2020-21,N6,South East,Canterbury,BSU,45 and over,A to F2,156.0,not included,not included,not included,not included,not included,not included,not included,not included,not included,not included,not included,not included,8.78724722582099,1.5208697121613248,2.5347828536022083,34.883720930232556
2020-21,N6,South East,East Berkshire,BSU,45 and over,A to F2,110.0,not included,not included,not included,not included,not included,not included,not included,not included,not included,not included,not included,not included,6.927388374582782,1.2595251590150514,1.8263114805718246,32.22222222222222
2020-21,N6,South East,Guildford,BSU,45 and over,A to F2,334.0,not included,not included,not included,not included,not included,not included,not included,not included,not included,not included,not included,not included,10.883023786249593,2.541544477028348,4.235907461713913,50.78125
2020-21,N6,South East,Isle of Wight,BSU,45 and over,A to F2,47.0,not included,not included,not included,not included,not included,not included,not included,not included,not included,not included,not included,not included,8.407871198568872,2.3255813953488373,3.041144901610018,50.0
2020-21,N6,South East,Maidstone,BSU,45 and over,A to F2,119.0,not included,not included,not included,not included,not included,not included,not included,not included,not included,not included,not included,not included,10.005885815185403,2.43840914823846,3.86782140755066,51.11111111111111
2020-21,N6,South East,Medway,BSU,45 and over,A to F2,172.0,not included,not included,not included,not included,not included,not included,not included,not included,not included,not included,not included,not included,12.510000727325624,2.6911048076223723,3.854825805513128,39.25925925925926
2020-21,N6,South East,North & Mid Hampshire,BSU,45 and over,A to F2,122.0,not included,not included,not included,not included,not included,not included,not included,not included,not included,not included,not included,not included,7.88623141564318,1.9392372333548804,3.6845507433742726,61.95652173913043
2020-21,N6,South East,Oxfordshire,BSU,45 and over,A to F2,130.0,not included,not included,not included,not included,not included,not included,not included,not included,not included,not included,not included,not included,8.156606851549755,1.254862592546116,3.4508721295018194,50.0
2020-21,N6,South East,Portsmouth,BSU,45 and over,A to F2,90.0,not included,not included,not included,not included,not included,not included,not included,not included,not included,not included,not included,not included,10.541110330288124,2.459592410400562,3.982197235886624,49.275362318840585
2020-21,N6,South East,Southampton & Salisbury,BSU,45 and over,A to F2,128.0,not included,not included,not included,not included,not included,not included,not included,not included,not included,not included,not included,not included,10.116977552956055,2.608283275371483,3.951944356623459,52.63157894736842
2020-21,N6,South East,West Berkshire,BSU,45 and over,A to F2,123.0,not included,not included,not included,not included,not included,not included,not included,not included,not included,not included,not included,not included,7.508699102618888,1.7092973566937306,2.6860387033758624,46.31578947368421
2020-21,N6,South East,Worthing,BSU,45 and over,A to F2,261.0,not included,not included,not included,not included,not included,not included,not included,not included,not included,not included,not included,not included,9.585016525890563,2.0198310686742564,3.8193169298567753,50.48543689320388
2020-21,N7,South West,Avon,BSU,45 and over,A to F2,251.0,not included,not included,not included,not included,not included,not included,not included,not included,not included,not included,not included,not included,9.118982742960943,1.9981834695731153,4.141689373297003,58.46153846153847
2020-21,N7,South West,Cornwall,BSU,45 and over,A to F2,103.0,not included,not included,not included,not included,not included,not included,not included,not included,not included,not included,not included,not included,8.432945799901752,2.128704765023743,3.029310627149173,48.05194805194805
2020-21,N7,South West,Dorset,BSU,45 and over,A to F2,183.0,not included,not included,not included,not included,not included,not included,not included,not included,not included,not included,not included,not included,11.293507775857814,2.9622315477659837,4.813626265119724,58.2089552238806
2020-21,N7,South West,Gloucestershire,BSU,45 and over,A to F2,173.0,not included,not included,not included,not included,not included,not included,not included,not included,not included,not included,not included,not included,10.119326158165652,1.8132896583996256,3.4510996724379974,41.54929577464789
2020-21,N7,South West,North & East Devon,BSU,45 and over,A to F2,142.0,not included,not included,not included,not included,not included,not included,not included,not included,not included,not included,not included,not included,9.775574831336913,1.6522098306484925,4.130524576621231,50.847457627118644
2020-21,N7,South West,Somerset,BSU,45 and over,A to F2,99.0,not included,not included,not included,not included,not included,not included,not included,not included,not included,not included,not included,not included,11.003667889296432,2.445259530954763,5.779704345893076,67.53246753246754
2020-21,N7,South West,South Devon,BSU,45 and over,A to F2,56.0,not included,not included,not included,not included,not included,not included,not included,not included,not included,not included,not included,not included,6.727534839019702,1.201345506967804,2.2825564632388273,41.30434782608695
2020-21,N7,South West,West Devon,BSU,45 and over,A to F2,173.0,not included,not included,not included,not included,not included,not included,not included,not included,not included,not included,not included,not included,10.97994414826098,2.856054836252856,3.9350088855039353,48.4375
2020-21,N7,South West,Wiltshire,BSU,45 and over,A to F2,160.0,not included,not included,not included,not included,not included,not included,not included,not included,not included,not included,not included,not included,10.542962572482868,1.9109119662625198,4.678439641539272,54.19847328244275
2020-21,N1,North East and Yorkshire,Barnsley,BSU,50<71,A to F2,37.0,not included,not included,not included,not included,not included,not included,not included,not included,not included,not included,not included,not included,11.920103092783505,2.577319587628866,4.832474226804124,51.724137931034484
2020-21,N1,North East and Yorkshire,Doncaster,BSU,50<71,A to F2,51.0,not included,not included,not included,not included,not included,not included,not included,not included,not included,not included,not included,not included,6.499299095195616,1.0194978972855868,3.185930929017459,58.139534883720934
2020-21,N1,North East and Yorkshire,Gateshead,BSU,50<71,A to F2,175.0,not included,not included,not included,not included,not included,not included,not included,not included,not included,not included,not included,not included,8.338495258969838,1.7629961404679086,3.6212893696097583,55.072463768115945
2020-21,N1,North East and Yorkshire,Humberside,BSU,50<71,A to F2,125.0,not included,not included,not included,not included,not included,not included,not included,not included,not included,not included,not included,not included,7.32021550714453,0.9369875849144998,3.0452096509721245,47.706422018348626
2020-21,N1,North East and Yorkshire,Leeds Wakefield,BSU,50<71,A to F2,212.0,not included,not included,not included,not included,not included,not included,not included,not included,not included,not included,not included,not included,8.109245304670466,1.950809011972612,3.5573576100677045,57.7639751552795
2020-21,N1,North East and Yorkshire,Newcastle,BSU,50<71,A to F2,190.0,not included,not included,not included,not included,not included,not included,not included,not included,not included,not included,not included,not included,10.458523696812904,2.311884185611273,3.9081851709142956,47.97297297297297
2020-21,N1,North East and Yorkshire,North Cumbria,BSU,50<71,A to F2,67.0,not included,not included,not included,not included,not included,not included,not included,not included,not included,not included,not included,not included,8.188706917624053,1.7110730872647273,3.7888046932290393,58.490566037735846
2020-21,N1,North East and Yorkshire,North Tees,BSU,50<71,A to F2,191.0,not included,not included,not included,not included,not included,not included,not included,not included,not included,not included,not included,not included,9.076652568550113,1.2830870123081308,4.372000190086965,56.09756097560976
2020-21,N1,North East and Yorkshire,North Yorkshire,BSU,50<71,A to F2,165.0,not included,not included,not included,not included,not included,not included,not included,not included,not included,not included,not included,not included,9.175332258243897,1.4458099316020687,3.002836011788912,38.84892086330935
2020-21,N1,North East and Yorkshire,Pennine,BSU,50<71,A to F2,180.0,not included,not included,not included,not included,not included,not included,not included,not included,not included,not included,not included,not included,8.528380555292333,2.1320951388230833,3.316592438169241,52.63157894736842
2020-21,N1,North East and Yorkshire,Rotherham,BSU,50<71,A to F2,45.0,not included,not included,not included,not included,not included,not included,not included,not included,not included,not included,not included,not included,11.061946902654867,3.1956735496558504,3.1956735496558504,40.625
2020-21,N1,North East and Yorkshire,Sheffield,BSU,50<71,A to F2,65.0,not included,not included,not included,not included,not included,not included,not included,not included,not included,not included,not included,not included,6.355103637074697,1.2710207274149394,2.248728979272585,44.230769230769226
2020-21,N2,North West,Bolton,BSU,50<71,A to F2,142.0,not included,not included,not included,not included,not included,not included,not included,not included,not included,not included,not included,not included,8.501466802370832,1.7960845357121475,2.9934742261869123,44.642857142857146
2020-21,N2,North West,Cheshire & Stockport,BSU,50<71,A to F2,85.0,not included,not included,not included,not included,not included,not included,not included,not included,not included,not included,not included,not included,9.983556495184402,2.7014329339910734,3.5236081747709656,48.38709677419355
2020-21,N2,North West,Crewe,BSU,50<71,A to F2,46.0,not included,not included,not included,not included,not included,not included,not included,not included,not included,not included,not included,not included,9.315512353179425,2.025111381125962,2.430133657351154,33.33333333333333
2020-21,N2,North West,East Lancashire,BSU,50<71,A to F2,97.0,not included,not included,not included,not included,not included,not included,not included,not included,not included,not included,not included,not included,7.9967023907666945,1.6488046166529267,2.8854080791426218,45.45454545454545
2020-21,N2,North West,Liverpool,BSU,50<71,A to F2,142.0,not included,not included,not included,not included,not included,not included,not included,not included,not included,not included,not included,not included,10.315269504576493,2.033996803719308,4.140636350428592,50.0
2020-21,N2,North West,Manchester,BSU,50<71,A to F2,223.0,not included,not included,not included,not included,not included,not included,not included,not included,not included,not included,not included,not included,8.639727248072528,1.7046995467048933,3.0607105497656035,44.134078212290504
2020-21,N2,North West,North Lancashire & South Cumbria,BSU,50<71,A to F2,98.0,not included,not included,not included,not included,not included,not included,not included,not included,not included,not included,not included,not included,9.690497379610402,3.065361415999209,3.7575398002570948,56.71641791044776
2020-21,N2,North West,South Lancashire,BSU,50<71,A to F2,137.0,not included,not included,not included,not included,not included,not included,not included,not included,not included,not included,not included,not included,8.365390486658118,1.8318373328448432,2.259266043841974,34.57943925233645
2020-21,N2,North West,"Warrington, Halton, St Helens & Knowsley",BSU,50<71,A to F2,96.0,not included,not included,not included,not included,not included,not included,not included,not included,not included,not included,not included,not included,9.540846750149075,2.5839793281653747,2.9815146094215863,42.857142857142854
2020-21,N2,North West,Wirral & Chester,BSU,50<71,A to F2,103.0,not included,not included,not included,not included,not included,not included,not included,not included,not included,not included,not included,not included,9.406392694063927,1.278538812785388,3.65296803652968,44.9438202247191
2020-21,N3,Midlands,"City, Sandwell & Walsall",BSU,50<71,A to F2,195.0,not included,not included,not included,not included,not included,not included,not included,not included,not included,not included,not included,not included,9.844507269789984,2.9785945072697904,2.5747172859450727,37.5
2020-21,N3,Midlands,"Dudley, Wolverhampton & South West Staffordshire",BSU,50<71,A to F2,118.0,not included,not included,not included,not included,not included,not included,not included,not included,not included,not included,not included,not included,8.11721813303983,1.8573295728141983,3.1643392722019676,51.11111111111111
2020-21,N3,Midlands,Hereford & Worcester,BSU,50<71,A to F2,172.0,not included,not included,not included,not included,not included,not included,not included,not included,not included,not included,not included,not included,10.118837510295329,1.941404871161313,3.882809742322626,47.482014388489205
2020-21,N3,Midlands,Kettering,BSU,50<71,A to F2,94.0,not included,not included,not included,not included,not included,not included,not included,not included,not included,not included,not included,not included,8.905731880625297,1.5158692562766463,4.073898626243486,55.12820512820513
2020-21,N3,Midlands,Leicestershire,BSU,50<71,A to F2,167.0,not included,not included,not included,not included,not included,not included,not included,not included,not included,not included,not included,not included,10.641009302918313,2.0389957945711736,5.35236396074933,62.22222222222222
2020-21,N3,Midlands,Lincolnshire,BSU,50<71,A to F2,106.0,not included,not included,not included,not included,not included,not included,not included,not included,not included,not included,not included,not included,8.448234637762013,1.5940065354267952,3.028612417310911,44.18604651162791
2020-21,N3,Midlands,North Derbyshire & Chesterfield,BSU,50<71,A to F2,86.0,not included,not included,not included,not included,not included,not included,not included,not included,not included,not included,not included,not included,9.28224500809498,2.914193200215866,3.453858607663249,54.23728813559322
2020-21,N3,Midlands,North Midlands,BSU,50<71,A to F2,141.0,not included,not included,not included,not included,not included,not included,not included,not included,not included,not included,not included,not included,9.358821186778176,2.6549847338377806,4.181600955794504,62.37623762376238
2020-21,N3,Midlands,North Nottinghamshire,BSU,50<71,A to F2,49.0,not included,not included,not included,not included,not included,not included,not included,not included,not included,not included,not included,not included,6.978068926231843,0.854457419538593,2.990600968385076,48.837209302325576
2020-21,N3,Midlands,Northampton,BSU,50<71,A to F2,63.0,not included,not included,not included,not included,not included,not included,not included,not included,not included,not included,not included,not included,7.707364815267923,1.7127477367262052,3.3031563494005383,55.10204081632652
2020-21,N3,Midlands,Nottingham City,BSU,50<71,A to F2,136.0,not included,not included,not included,not included,not included,not included,not included,not included,not included,not included,not included,not included,7.612224336728982,1.3993059442516513,3.4702787417440946,55.85585585585585
2020-21,N3,Midlands,Shropshire,BSU,50<71,A to F2,58.0,not included,not included,not included,not included,not included,not included,not included,not included,not included,not included,not included,not included,6.8525519848771275,0.945179584120983,2.717391304347826,46.0
2020-21,N3,Midlands,South Birmingham,BSU,50<71,A to F2,65.0,not included,not included,not included,not included,not included,not included,not included,not included,not included,not included,not included,not included,10.391686650679457,2.557953637090328,3.8369304556354917,48.97959183673469
2020-21,N3,Midlands,South Derbyshire & South East Staffordshire,BSU,50<71,A to F2,172.0,not included,not included,not included,not included,not included,not included,not included,not included,not included,not included,not included,not included,9.155266939905253,2.129131846489594,3.56629584287007,50.75757575757576
2020-21,N3,Midlands,"Warwickshire, Solihull & Coventry",BSU,50<71,A to F2,188.0,not included,not included,not included,not included,not included,not included,not included,not included,not included,not included,not included,not included,8.54817441913336,1.5004774246351111,2.455326694857455,34.83870967741935
2020-21,N4,East of England,Beds & Herts,BSU,50<71,A to F2,236.0,not included,not included,not included,not included,not included,not included,not included,not included,not included,not included,not included,not included,7.072644449772237,1.4984416207144569,2.757132582114601,49.46236559139785
2020-21,N4,East of England,Cambridge & Huntingdon,BSU,50<71,A to F2,72.0,not included,not included,not included,not included,not included,not included,not included,not included,not included,not included,not included,not included,9.616668892747429,1.6027781487912383,3.606250834780286,45.0
2020-21,N4,East of England,Chelmsford & Colchester,BSU,50<71,A to F2,94.0,not included,not included,not included,not included,not included,not included,not included,not included,not included,not included,not included,not included,7.24246860312813,1.463903228291856,2.5425687649279607,44.0
2020-21,N4,East of England,East Suffolk,BSU,50<71,A to F2,87.0,not included,not included,not included,not included,not included,not included,not included,not included,not included,not included,not included,not included,7.717555220438215,0.8870753126940477,4.524084094739644,66.23376623376623
2020-21,N4,East of England,Great Yarmouth & Waveney,BSU,50<71,A to F2,67.0,not included,not included,not included,not included,not included,not included,not included,not included,not included,not included,not included,not included,9.533295389869094,1.9920318725099602,3.130335799658509,41.509433962264154
2020-21,N4,East of England,King's Lynn,BSU,50<71,A to F2,60.0,not included,not included,not included,not included,not included,not included,not included,not included,not included,not included,not included,not included,7.127583749109053,0.950344499881207,3.207412687099074,51.92307692307693
2020-21,N4,East of England,Milton Keynes,BSU,50<71,A to F2,75.0,not included,not included,not included,not included,not included,not included,not included,not included,not included,not included,not included,not included,10.48951048951049,1.8181818181818181,4.755244755244755,54.83870967741935
2020-21,N4,East of England,Norfolk & Norwich,BSU,50<71,A to F2,174.0,not included,not included,not included,not included,not included,not included,not included,not included,not included,not included,not included,not included,10.016694490818029,1.4391802429336251,4.72051119682229,55.033557046979865
2020-21,N4,East of England,Peterborough,BSU,50<71,A to F2,87.0,not included,not included,not included,not included,not included,not included,not included,not included,not included,not included,not included,not included,9.203427483338622,1.586797841954935,3.067809161112874,40.27777777777778
2020-21,N4,East of England,South Essex,BSU,50<71,A to F2,137.0,not included,not included,not included,not included,not included,not included,not included,not included,not included,not included,not included,not included,8.460445871672944,1.3586117458160933,3.767059840671895,53.04347826086957
2020-21,N4,East of England,West Essex (Epping),BSU,50<71,A to F2,65.0,not included,not included,not included,not included,not included,not included,not included,not included,not included,not included,not included,not included,9.73053892215569,1.347305389221557,4.790419161676646,57.14285714285714
2020-21,N4,East of England,West Suffolk,BSU,50<71,A to F2,70.0,not included,not included,not included,not included,not included,not included,not included,not included,not included,not included,not included,not included,8.675176601809394,1.8589664146734415,4.5854504895278225,67.27272727272727
2020-21,N5,London,Central & East London,BSU,50<71,A to F2,118.0,not included,not included,not included,not included,not included,not included,not included,not included,not included,not included,not included,not included,6.997983631834895,1.7198434349424743,2.4908077333649628,47.72727272727273
2020-21,N5,London,North London,BSU,50<71,A to F2,270.0,not included,not included,not included,not included,not included,not included,not included,not included,not included,not included,not included,not included,9.706294711866844,2.7680914548657296,2.7321422151921486,39.37823834196891
2020-21,N5,London,Outer North East London,BSU,50<71,A to F2,135.0,not included,not included,not included,not included,not included,not included,not included,not included,not included,not included,not included,not included,8.86408404464872,1.7071569271175313,2.757715036112935,38.53211009174312
2020-21,N5,London,South East London,BSU,50<71,A to F2,200.0,not included,not included,not included,not included,not included,not included,not included,not included,not included,not included,not included,not included,7.9245582058800235,1.5452888501466042,2.971709327205008,46.58385093167702
2020-21,N5,London,South West London,BSU,50<71,A to F2,187.0,not included,not included,not included,not included,not included,not included,not included,not included,not included,not included,not included,not included,9.533520265103238,2.9059393321437677,2.090237063471833,31.538461538461537
2020-21,N5,London,West of London,BSU,50<71,A to F2,130.0,not included,not included,not included,not included,not included,not included,not included,not included,not included,not included,not included,not included,8.571240192523241,2.241708973429155,3.2966308432781695,52.083333333333336
2020-21,N6,South East,Aylesbury & Wycombe,BSU,50<71,A to F2,111.0,not included,not included,not included,not included,not included,not included,not included,not included,not included,not included,not included,not included,7.745987438939288,1.6050244242847174,2.9309141660851363,47.72727272727273
2020-21,N6,South East,Brighton,BSU,50<71,A to F2,173.0,not included,not included,not included,not included,not included,not included,not included,not included,not included,not included,not included,not included,8.609963668939432,2.040511620962524,3.035883143383268,46.21212121212121
2020-21,N6,South East,Canterbury,BSU,50<71,A to F2,143.0,not included,not included,not included,not included,not included,not included,not included,not included,not included,not included,not included,not included,8.48312273832829,1.4830634157916593,2.3729014652666547,33.89830508474576
2020-21,N6,South East,East Berkshire,BSU,50<71,A to F2,105.0,not included,not included,not included,not included,not included,not included,not included,not included,not included,not included,not included,not included,6.948120698782424,1.3234515616728428,1.919004764425622,34.11764705882353
2020-21,N6,South East,Guildford,BSU,50<71,A to F2,303.0,not included,not included,not included,not included,not included,not included,not included,not included,not included,not included,not included,not included,10.636430652578369,2.45726120686629,4.247551514726016,51.931330472103
2020-21,N6,South East,Isle of Wight,BSU,50<71,A to F2,45.0,not included,not included,not included,not included,not included,not included,not included,not included,not included,not included,not included,not included,8.571428571428571,2.476190476190476,3.047619047619048,50.0
2020-21,N6,South East,Maidstone,BSU,50<71,A to F2,110.0,not included,not included,not included,not included,not included,not included,not included,not included,not included,not included,not included,not included,10.212607928697429,2.6924148175656857,3.806517500696314,50.617283950617285
2020-21,N6,South East,Medway,BSU,50<71,A to F2,160.0,not included,not included,not included,not included,not included,not included,not included,not included,not included,not included,not included,not included,12.502930374306478,2.8131593342189576,3.7508791122919436,38.70967741935484
2020-21,N6,South East,North & Mid Hampshire,BSU,50<71,A to F2,107.0,not included,not included,not included,not included,not included,not included,not included,not included,not included,not included,not included,not included,7.318240886396279,1.9834484645373094,3.2829491826824433,61.53846153846154
2020-21,N6,South East,Oxfordshire,BSU,50<71,A to F2,123.0,not included,not included,not included,not included,not included,not included,not included,not included,not included,not included,not included,not included,8.236239453595822,1.3392259274139549,3.4150261149055843,49.51456310679612
2020-21,N6,South East,Portsmouth,BSU,50<71,A to F2,78.0,not included,not included,not included,not included,not included,not included,not included,not included,not included,not included,not included,not included,9.872168079989875,2.278192633843817,3.796987723073029,50.0
2020-21,N6,South East,Southampton & Salisbury,BSU,50<71,A to F2,104.0,not included,not included,not included,not included,not included,not included,not included,not included,not included,not included,not included,not included,9.16138125440451,2.466525722339676,3.6997885835095135,55.26315789473685
2020-21,N6,South East,West Berkshire,BSU,50<71,A to F2,109.0,not included,not included,not included,not included,not included,not included,not included,not included,not included,not included,not included,not included,7.107459572248304,1.7605633802816902,2.477829942618675,46.34146341463415
2020-21,N6,South East,Worthing,BSU,50<71,A to F2,244.0,not included,not included,not included,not included,not included,not included,not included,not included,not included,not included,not included,not included,9.23437913938614,1.9301366233962836,3.633198349922416,49.740932642487046
2020-21,N7,South West,Avon,BSU,50<71,A to F2,236.0,not included,not included,not included,not included,not included,not included,not included,not included,not included,not included,not included,not included,9.069946195234435,1.9984627209838584,4.112221368178325,58.46994535519126
2020-21,N7,South West,Cornwall,BSU,50<71,A to F2,95.0,not included,not included,not included,not included,not included,not included,not included,not included,not included,not included,not included,not included,8.337721607863788,1.9308407934000351,3.1595576619273302,49.31506849315068
2020-21,N7,South West,Dorset,BSU,50<71,A to F2,167.0,not included,not included,not included,not included,not included,not included,not included,not included,not included,not included,not included,not included,11.058137994967554,2.913521387895643,4.63514766256125,57.377049180327866
2020-21,N7,South West,Gloucestershire,BSU,50<71,A to F2,159.0,not included,not included,not included,not included,not included,not included,not included,not included,not included,not included,not included,not included,9.913954358398803,1.8082055119092155,3.429355281207133,42.30769230769231
2020-21,N7,South West,North & East Devon,BSU,50<71,A to F2,133.0,not included,not included,not included,not included,not included,not included,not included,not included,not included,not included,not included,not included,9.612604799074878,1.6623301532234749,3.975137322925701,50.0
2020-21,N7,South West,Somerset,BSU,50<71,A to F2,90.0,not included,not included,not included,not included,not included,not included,not included,not included,not included,not included,not included,not included,11.014563700893405,2.3252967812997185,5.752049932688777,66.19718309859155
2020-21,N7,South West,South Devon,BSU,50<71,A to F2,52.0,not included,not included,not included,not included,not included,not included,not included,not included,not included,not included,not included,not included,6.487835308796008,1.2476606363069245,2.1210230817217717,40.476190476190474
2020-21,N7,South West,West Devon,BSU,50<71,A to F2,162.0,not included,not included,not included,not included,not included,not included,not included,not included,not included,not included,not included,not included,10.818752504340859,2.738079337518365,3.8065981033791907,47.107438016528924
2020-21,N7,South West,Wiltshire,BSU,50<71,A to F2,147.0,not included,not included,not included,not included,not included,not included,not included,not included,not included,not included,not included,not included,10.182876142975894,1.9395954558049322,4.29481850928235,52.10084033613446
2021-22,N1,North East and Yorkshire,Barnsley,BSU,45 and over,A to F2,133.0,not included,not included,not included,not included,not included,not included,not included,not included,not included,not included,not included,not included,9.534733672664707,1.7922431715535163,3.727865796831314,48.148148148148145
2021-22,N1,North East and Yorkshire,Doncaster,BSU,45 and over,A to F2,105.0,not included,not included,not included,not included,not included,not included,not included,not included,not included,not included,not included,not included,5.526024946055471,1.2104626072311984,1.99989474238198,46.34146341463415
2021-22,N1,North East and Yorkshire,Gateshead,BSU,45 and over,A to F2,315.0,not included,not included,not included,not included,not included,not included,not included,not included,not included,not included,not included,not included,8.397760597174086,1.8928285790455879,3.572380698480405,54.91803278688525
2021-22,N1,North East and Yorkshire,Humberside,BSU,45 and over,A to F2,411.0,not included,not included,not included,not included,not included,not included,not included,not included,not included,not included,not included,not included,7.947557721313378,1.2955872684379472,3.0552654987044123,45.93023255813954
2021-22,N1,North East and Yorkshire,Leeds Wakefield,BSU,45 and over,A to F2,320.0,not included,not included,not included,not included,not included,not included,not included,not included,not included,not included,not included,not included,7.888962847915588,2.0461997386781055,3.3281562014643886,56.9620253164557
2021-22,N1,North East and Yorkshire,Newcastle,BSU,45 and over,A to F2,327.0,not included,not included,not included,not included,not included,not included,not included,not included,not included,not included,not included,not included,9.913597089586174,2.152493557677732,3.9411853872972564,50.78125
2021-22,N1,North East and Yorkshire,North Cumbria,BSU,45 and over,A to F2,122.0,not included,not included,not included,not included,not included,not included,not included,not included,not included,not included,not included,not included,7.412808360675659,1.8228217280349983,2.491189694981164,44.565217391304344
2021-22,N1,North East and Yorkshire,North Tees,BSU,45 and over,A to F2,427.0,not included,not included,not included,not included,not included,not included,not included,not included,not included,not included,not included,not included,9.097494460542014,1.9601159025055397,3.877620589739219,54.328358208955216
2021-22,N1,North East and Yorkshire,North Yorkshire,BSU,45 and over,A to F2,350.0,not included,not included,not included,not included,not included,not included,not included,not included,not included,not included,not included,not included,9.286529226034123,1.6715752606861418,3.369683462018095,44.25087108013937
2021-22,N1,North East and Yorkshire,Pennine,BSU,45 and over,A to F2,307.0,not included,not included,not included,not included,not included,not included,not included,not included,not included,not included,not included,not included,7.91339090088929,1.701250161103235,3.40250032220647,54.77178423236515
2021-22,N1,North East and Yorkshire,Rotherham,BSU,45 and over,A to F2,121.0,not included,not included,not included,not included,not included,not included,not included,not included,not included,not included,not included,not included,10.005788472670138,2.0673116679070533,2.646158934921029,33.33333333333333
2021-22,N1,North East and Yorkshire,Sheffield,BSU,45 and over,A to F2,189.0,not included,not included,not included,not included,not included,not included,not included,not included,not included,not included,not included,not included,8.342529242992718,1.4124917236813066,3.5753696755683073,51.59235668789809
2021-22,N2,North West,Bolton,BSU,45 and over,A to F2,169.0,not included,not included,not included,not included,not included,not included,not included,not included,not included,not included,not included,not included,7.4067581189464,1.7530788447210413,3.0678879782618225,54.263565891472865
2021-22,N2,North West,Cheshire & Stockport,BSU,45 and over,A to F2,326.0,not included,not included,not included,not included,not included,not included,not included,not included,not included,not included,not included,not included,9.220760854193182,2.0647716023193325,3.5355678121906378,49.40711462450593
2021-22,N2,North West,East Lancashire,BSU,45 and over,A to F2,128.0,not included,not included,not included,not included,not included,not included,not included,not included,not included,not included,not included,not included,6.95198783402129,1.5207473386921573,2.3897458179448186,44.44444444444444
2021-22,N2,North West,Liverpool,BSU,45 and over,A to F2,358.0,not included,not included,not included,not included,not included,not included,not included,not included,not included,not included,not included,not included,10.339350180505415,2.1949458483754514,4.245487364620939,52.12765957446809
2021-22,N2,North West,Manchester,BSU,45 and over,A to F2,388.0,not included,not included,not included,not included,not included,not included,not included,not included,not included,not included,not included,not included,9.569850039463299,1.8251775848460932,3.675019731649566,47.90996784565916
2021-22,N2,North West,North Lancashire & South Cumbria,BSU,45 and over,A to F2,309.0,not included,not included,not included,not included,not included,not included,not included,not included,not included,not included,not included,not included,9.605819447898533,1.8962944541158915,3.295200198955484,42.74193548387097
2021-22,N2,North West,South Lancashire,BSU,45 and over,A to F2,259.0,not included,not included,not included,not included,not included,not included,not included,not included,not included,not included,not included,not included,9.330979572720395,1.9454552004899663,3.278452282307166,44.390243902439025
2021-22,N2,North West,"Warrington, Halton, St Helens & Knowsley",BSU,45 and over,A to F2,217.0,not included,not included,not included,not included,not included,not included,not included,not included,not included,not included,not included,not included,10.029580329081162,1.663893510815308,3.050471436494731,36.666666666666664
2021-22,N2,North West,Wirral & Chester,BSU,45 and over,A to F2,238.0,not included,not included,not included,not included,not included,not included,not included,not included,not included,not included,not included,not included,9.271884374147804,2.3374498422221355,3.4672172659628346,50.0
2021-22,N3,Midlands,"City, Sandwell & Walsall",BSU,45 and over,A to F2,348.0,not included,not included,not included,not included,not included,not included,not included,not included,not included,not included,not included,not included,8.90526639029633,1.8936486002354267,3.4034495112339425,48.54014598540146
2021-22,N3,Midlands,"Dudley, Wolverhampton & South West Staffordshire",BSU,45 and over,A to F2,315.0,not included,not included,not included,not included,not included,not included,not included,not included,not included,not included,not included,not included,10.154411527674801,1.6440475806711583,3.7716385674220687,44.31818181818182
2021-22,N3,Midlands,Hereford & Worcester,BSU,45 and over,A to F2,330.0,not included,not included,not included,not included,not included,not included,not included,not included,not included,not included,not included,not included,9.691060730647246,2.026312698226242,3.64148948666745,47.509578544061306
2021-22,N3,Midlands,Kettering,BSU,45 and over,A to F2,115.0,not included,not included,not included,not included,not included,not included,not included,not included,not included,not included,not included,not included,8.53812458237434,2.0788477244041874,3.8607172024649197,59.77011494252874
2021-22,N3,Midlands,Leicestershire,BSU,45 and over,A to F2,451.0,not included,not included,not included,not included,not included,not included,not included,not included,not included,not included,not included,not included,9.244834371925222,1.8448671695637915,4.2226959658904555,57.06371191135734
2021-22,N3,Midlands,Lincolnshire,BSU,45 and over,A to F2,221.0,not included,not included,not included,not included,not included,not included,not included,not included,not included,not included,not included,not included,8.788674143004851,1.7497812773403325,3.4200270420742864,48.58757062146893
2021-22,N3,Midlands,North Derbyshire & Chesterfield,BSU,45 and over,A to F2,203.0,not included,not included,not included,not included,not included,not included,not included,not included,not included,not included,not included,not included,10.571815435892095,2.1872721591500888,4.270388501197791,50.931677018633536
2021-22,N3,Midlands,North Midlands,BSU,45 and over,A to F2,236.0,not included,not included,not included,not included,not included,not included,not included,not included,not included,not included,not included,not included,9.365451009960713,2.3413627524901783,3.6906226437557046,52.54237288135594
2021-22,N3,Midlands,North Nottinghamshire,BSU,45 and over,A to F2,103.0,not included,not included,not included,not included,not included,not included,not included,not included,not included,not included,not included,not included,8.802666438765916,1.3674044953422786,4.61499017178019,62.06896551724138
2021-22,N3,Midlands,Northampton,BSU,45 and over,A to F2,118.0,not included,not included,not included,not included,not included,not included,not included,not included,not included,not included,not included,not included,6.772268135904499,1.147842056932966,3.2139577594123048,57.14285714285714
2021-22,N3,Midlands,Nottingham City,BSU,45 and over,A to F2,299.0,not included,not included,not included,not included,not included,not included,not included,not included,not included,not included,not included,not included,8.17923186344239,1.1215669110405952,4.103293576977788,58.139534883720934
2021-22,N3,Midlands,Shropshire,BSU,45 and over,A to F2,189.0,not included,not included,not included,not included,not included,not included,not included,not included,not included,not included,not included,not included,9.74126378723843,2.216266364292341,3.3501700855581897,44.52054794520548
2021-22,N3,Midlands,South Birmingham,BSU,45 and over,A to F2,137.0,not included,not included,not included,not included,not included,not included,not included,not included,not included,not included,not included,not included,11.535870663523072,1.9366790165038734,3.70495116200741,38.59649122807017
2021-22,N3,Midlands,South Derbyshire & South East Staffordshire,BSU,45 and over,A to F2,427.0,not included,not included,not included,not included,not included,not included,not included,not included,not included,not included,not included,not included,9.318057828696126,2.2258592471358427,2.9459901800327333,41.53846153846154
2021-22,N3,Midlands,"Warwickshire, Solihull & Coventry",BSU,45 and over,A to F2,431.0,not included,not included,not included,not included,not included,not included,not included,not included,not included,not included,not included,not included,10.264837572639802,2.0243879203581976,3.524816614270744,42.77456647398844
2021-22,N4,East of England,Beds & Herts,BSU,45 and over,A to F2,480.0,not included,not included,not included,not included,not included,not included,not included,not included,not included,not included,not included,not included,8.83067186695121,2.060490102288616,2.814776657590698,41.689373297002724
2021-22,N4,East of England,Cambridge & Huntingdon,BSU,45 and over,A to F2,212.0,not included,not included,not included,not included,not included,not included,not included,not included,not included,not included,not included,not included,7.663943315740004,1.6629310968115103,2.6389993492878316,43.97590361445783
2021-22,N4,East of England,Chelmsford & Colchester,BSU,45 and over,A to F2,253.0,not included,not included,not included,not included,not included,not included,not included,not included,not included,not included,not included,not included,8.064259076275778,1.4662289229592325,2.326841551652695,35.26570048309179
2021-22,N4,East of England,East Suffolk,BSU,45 and over,A to F2,124.0,not included,not included,not included,not included,not included,not included,not included,not included,not included,not included,not included,not included,7.210979297511049,0.8722958827634334,3.256571295650151,51.37614678899083
2021-22,N4,East of England,Great Yarmouth & Waveney,BSU,45 and over,A to F2,87.0,not included,not included,not included,not included,not included,not included,not included,not included,not included,not included,not included,not included,9.267149552620367,1.3847464848743076,4.154239454622923,52.702702702702695
2021-22,N4,East of England,King's Lynn,BSU,45 and over,A to F2,112.0,not included,not included,not included,not included,not included,not included,not included,not included,not included,not included,not included,not included,9.410183162493698,1.7644093429675685,3.8648966560241975,50.54945054945055
2021-22,N4,East of England,Milton Keynes,BSU,45 and over,A to F2,96.0,not included,not included,not included,not included,not included,not included,not included,not included,not included,not included,not included,not included,9.602880864259278,2.0006001800540165,3.4010203060918274,44.73684210526316
2021-22,N4,East of England,Norfolk & Norwich,BSU,45 and over,A to F2,277.0,not included,not included,not included,not included,not included,not included,not included,not included,not included,not included,not included,not included,9.951142405518034,1.8680844948986925,4.310964218996983,53.333333333333336
2021-22,N4,East of England,Peterborough,BSU,45 and over,A to F2,100.0,not included,not included,not included,not included,not included,not included,not included,not included,not included,not included,not included,not included,7.215007215007215,1.2265512265512266,3.1024531024531026,51.80722891566265
2021-22,N4,East of England,South Essex,BSU,45 and over,A to F2,282.0,not included,not included,not included,not included,not included,not included,not included,not included,not included,not included,not included,not included,9.359753061834112,1.5599588436390188,3.750539347472535,48.08510638297872
2021-22,N4,East of England,West Essex (Epping),BSU,45 and over,A to F2,130.0,not included,not included,not included,not included,not included,not included,not included,not included,not included,not included,not included,not included,8.532983262225141,1.6409583196586808,3.0193633081719726,43.80952380952381
2021-22,N4,East of England,West Suffolk,BSU,45 and over,A to F2,95.0,not included,not included,not included,not included,not included,not included,not included,not included,not included,not included,not included,not included,7.142857142857142,0.8270676691729324,3.6090225563909777,57.14285714285714
2021-22,N5,London,Central & East London,BSU,45 and over,A to F2,286.0,not included,not included,not included,not included,not included,not included,not included,not included,not included,not included,not included,not included,8.598400577235283,2.495340027659191,2.5254043653418314,41.37931034482759
2021-22,N5,London,North London,BSU,45 and over,A to F2,622.0,not included,not included,not included,not included,not included,not included,not included,not included,not included,not included,not included,not included,9.5200195910371,1.9744092077874373,2.7243785967919676,36.105476673427994
2021-22,N5,London,Outer North East London,BSU,45 and over,A to F2,219.0,not included,not included,not included,not included,not included,not included,not included,not included,not included,not included,not included,not included,8.95119758031554,1.921033270661326,2.820240333524074,40.116279069767444
2021-22,N5,London,South East London,BSU,45 and over,A to F2,469.0,not included,not included,not included,not included,not included,not included,not included,not included,not included,not included,not included,not included,8.512414694351676,1.9420647596921736,2.97662262233193,45.30386740331492
2021-22,N5,London,South West London,BSU,45 and over,A to F2,456.0,not included,not included,not included,not included,not included,not included,not included,not included,not included,not included,not included,not included,8.801559574591286,2.489914879654114,2.7022332027253952,42.813455657492355
2021-22,N5,London,West of London,BSU,45 and over,A to F2,364.0,not included,not included,not included,not included,not included,not included,not included,not included,not included,not included,not included,not included,9.339799348266748,1.898750416955328,3.027737151361199,40.689655172413794
2021-22,N6,South East,Aylesbury & Wycombe,BSU,45 and over,A to F2,229.0,not included,not included,not included,not included,not included,not included,not included,not included,not included,not included,not included,not included,9.201591192188692,1.4867199742837627,3.7368907461727003,48.4375
2021-22,N6,South East,Brighton,BSU,45 and over,A to F2,319.0,not included,not included,not included,not included,not included,not included,not included,not included,not included,not included,not included,not included,9.304631898261581,2.1876093804690235,3.908528759771322,54.91803278688525
2021-22,N6,South East,Canterbury,BSU,45 and over,A to F2,224.0,not included,not included,not included,not included,not included,not included,not included,not included,not included,not included,not included,not included,8.673765730880929,0.9293320425943853,4.065827686350436,52.5
2021-22,N6,South East,East Berkshire,BSU,45 and over,A to F2,144.0,not included,not included,not included,not included,not included,not included,not included,not included,not included,not included,not included,not included,7.79896013864818,1.516464471403813,2.5996533795493937,41.37931034482759
2021-22,N6,South East,Guildford,BSU,45 and over,A to F2,557.0,not included,not included,not included,not included,not included,not included,not included,not included,not included,not included,not included,not included,10.887412040656763,2.8146989835809224,4.4566067240031275,55.205811138014525
2021-22,N6,South East,Isle of Wight,BSU,45 and over,A to F2,62.0,not included,not included,not included,not included,not included,not included,not included,not included,not included,not included,not included,not included,11.233919188258742,2.536691429606813,4.892190614241711,56.25
2021-22,N6,South East,Maidstone,BSU,45 and over,A to F2,237.0,not included,not included,not included,not included,not included,not included,not included,not included,not included,not included,not included,not included,11.928129246565,3.1204388746288187,3.523076148774473,40.0
2021-22,N6,South East,Medway,BSU,45 and over,A to F2,251.0,not included,not included,not included,not included,not included,not included,not included,not included,not included,not included,not included,not included,11.12440721535257,3.279705712892789,3.2353853654212648,41.24293785310734
2021-22,N6,South East,North & Mid Hampshire,BSU,45 and over,A to F2,200.0,not included,not included,not included,not included,not included,not included,not included,not included,not included,not included,not included,not included,8.180293672542843,1.5133543294204261,2.6176939752137103,39.263803680981596
2021-22,N6,South East,Oxfordshire,BSU,45 and over,A to F2,262.0,not included,not included,not included,not included,not included,not included,not included,not included,not included,not included,not included,not included,8.92036362398284,1.8725954172483061,3.0301998570018047,42.99516908212561
2021-22,N6,South East,Portsmouth,BSU,45 and over,A to F2,316.0,not included,not included,not included,not included,not included,not included,not included,not included,not included,not included,not included,not included,9.792376820576386,2.6960024790827393,3.997520917260614,56.33187772925764
2021-22,N6,South East,Southampton & Salisbury,BSU,45 and over,A to F2,282.0,not included,not included,not included,not included,not included,not included,not included,not included,not included,not included,not included,not included,10.764591365423522,2.939267855097912,3.7790586708401723,48.292682926829265
2021-22,N6,South East,West Berkshire,BSU,45 and over,A to F2,194.0,not included,not included,not included,not included,not included,not included,not included,not included,not included,not included,not included,not included,9.044289044289044,1.6783216783216783,3.403263403263403,46.20253164556962
2021-22,N6,South East,Worthing,BSU,45 and over,A to F2,370.0,not included,not included,not included,not included,not included,not included,not included,not included,not included,not included,not included,not included,10.230320457875964,2.516105842342467,3.234993225868886,41.935483870967744
2021-22,N7,South West,Avon,BSU,45 and over,A to F2,469.0,not included,not included,not included,not included,not included,not included,not included,not included,not included,not included,not included,not included,9.9440251038928,2.0566533796963786,4.367738105334578,55.376344086021504
2021-22,N7,South West,Cornwall,BSU,45 and over,A to F2,197.0,not included,not included,not included,not included,not included,not included,not included,not included,not included,not included,not included,not included,9.047487829521447,2.1126113713603383,3.720033066960595,53.64238410596026
2021-22,N7,South West,Dorset,BSU,45 and over,A to F2,384.0,not included,not included,not included,not included,not included,not included,not included,not included,not included,not included,not included,not included,10.001823249029771,2.370223738702368,3.5944052301200737,47.098976109215016
2021-22,N7,South West,Gloucestershire,BSU,45 and over,A to F2,291.0,not included,not included,not included,not included,not included,not included,not included,not included,not included,not included,not included,not included,9.480680263243631,1.3683456050042353,3.3557046979865772,41.365461847389554
2021-22,N7,South West,North & East Devon,BSU,45 and over,A to F2,225.0,not included,not included,not included,not included,not included,not included,not included,not included,not included,not included,not included,not included,8.777062609713282,1.5993758533255313,3.5498342110395944,49.45652173913043
2021-22,N7,South West,Somerset,BSU,45 and over,A to F2,245.0,not included,not included,not included,not included,not included,not included,not included,not included,not included,not included,not included,not included,10.148289288377102,1.7397067351503603,4.3492668378759,51.724137931034484
2021-22,N7,South West,South Devon,BSU,45 and over,A to F2,104.0,not included,not included,not included,not included,not included,not included,not included,not included,not included,not included,not included,not included,7.934086054317974,1.37320720170888,3.3567287152883734,51.162790697674424
2021-22,N7,South West,West Devon,BSU,45 and over,A to F2,260.0,not included,not included,not included,not included,not included,not included,not included,not included,not included,not included,not included,not included,10.67498768270652,2.586631630809657,2.956150435211036,36.54822335025381
2021-22,N7,South West,Wiltshire,BSU,45 and over,A to F2,224.0,not included,not included,not included,not included,not included,not included,not included,not included,not included,not included,not included,not included,9.623233234523349,1.761395368819006,3.8664776388709883,49.18032786885246
2021-22,N1,North East and Yorkshire,Barnsley,BSU,50<71,A to F2,120.0,not included,not included,not included,not included,not included,not included,not included,not included,not included,not included,not included,not included,8.993479727197782,1.8736416098328712,3.5224462264857976,49.473684210526315
2021-22,N1,North East and Yorkshire,Doncaster,BSU,50<71,A to F2,90.0,not included,not included,not included,not included,not included,not included,not included,not included,not included,not included,not included,not included,5.068994649394536,1.1827654181920586,1.9712756969867644,50.72463768115942
2021-22,N1,North East and Yorkshire,Gateshead,BSU,50<71,A to F2,280.0,not included,not included,not included,not included,not included,not included,not included,not included,not included,not included,not included,not included,7.873351517026122,1.7715040913308777,3.402412619857717,55.76036866359447
2021-22,N1,North East and Yorkshire,Humberside,BSU,50<71,A to F2,375.0,not included,not included,not included,not included,not included,not included,not included,not included,not included,not included,not included,not included,7.637785653183429,1.2220457045093487,2.9532771192309255,46.03174603174603
2021-22,N1,North East and Yorkshire,Leeds Wakefield,BSU,50<71,A to F2,295.0,not included,not included,not included,not included,not included,not included,not included,not included,not included,not included,not included,not included,7.690703373481412,1.9552635695291727,3.3109129777360655,57.72727272727273
2021-22,N1,North East and Yorkshire,Newcastle,BSU,50<71,A to F2,282.0,not included,not included,not included,not included,not included,not included,not included,not included,not included,not included,not included,not included,9.301711910809116,2.0450572286176074,3.727281723125639,51.36363636363637
2021-22,N1,North East and Yorkshire,North Cumbria,BSU,50<71,A to F2,108.0,not included,not included,not included,not included,not included,not included,not included,not included,not included,not included,not included,not included,7.109472714107037,1.5140543743005728,2.4356526890922257,43.529411764705884
2021-22,N1,North East and Yorkshire,North Tees,BSU,50<71,A to F2,405.0,not included,not included,not included,not included,not included,not included,not included,not included,not included,not included,not included,not included,9.133964817320704,1.9846639603067207,3.8791159224176814,54.25867507886435
2021-22,N1,North East and Yorkshire,North Yorkshire,BSU,50<71,A to F2,306.0,not included,not included,not included,not included,not included,not included,not included,not included,not included,not included,not included,not included,9.000794187722446,1.529546724711004,3.3532370503279703,44.881889763779526
2021-22,N1,North East and Yorkshire,Pennine,BSU,50<71,A to F2,273.0,not included,not included,not included,not included,not included,not included,not included,not included,not included,not included,not included,not included,7.479042244260588,1.5341625116431976,3.2053038189688237,53.91705069124424
2021-22,N1,North East and Yorkshire,Rotherham,BSU,50<71,A to F2,102.0,not included,not included,not included,not included,not included,not included,not included,not included,not included,not included,not included,not included,9.053790165098526,2.2190662169359134,2.1303035682584768,31.16883116883117
2021-22,N1,North East and Yorkshire,Sheffield,BSU,50<71,A to F2,168.0,not included,not included,not included,not included,not included,not included,not included,not included,not included,not included,not included,not included,7.97758677999905,1.3295977966665085,3.513937034047201,52.85714285714286
2021-22,N2,North West,Bolton,BSU,50<71,A to F2,158.0,not included,not included,not included,not included,not included,not included,not included,not included,not included,not included,not included,not included,7.355679702048417,1.7690875232774674,3.119180633147114,55.833333333333336
2021-22,N2,North West,Cheshire & Stockport,BSU,50<71,A to F2,289.0,not included,not included,not included,not included,not included,not included,not included,not included,not included,not included,not included,not included,8.714005728931102,1.8694406754108246,3.286597316448063,48.01762114537445
2021-22,N2,North West,East Lancashire,BSU,50<71,A to F2,118.0,not included,not included,not included,not included,not included,not included,not included,not included,not included,not included,not included,not included,6.682145081827963,1.5289654000792798,2.265133926043377,44.44444444444444
2021-22,N2,North West,Liverpool,BSU,50<71,A to F2,309.0,not included,not included,not included,not included,not included,not included,not included,not included,not included,not included,not included,not included,9.557095137943833,2.1341086230360014,3.8661388098478287,52.083333333333336
2021-22,N2,North West,Manchester,BSU,50<71,A to F2,372.0,not included,not included,not included,not included,not included,not included,not included,not included,not included,not included,not included,not included,9.661333887388324,1.8699355911074174,3.7398711822148347,48.484848484848484
2021-22,N2,North West,North Lancashire & South Cumbria,BSU,50<71,A to F2,275.0,not included,not included,not included,not included,not included,not included,not included,not included,not included,not included,not included,not included,9.091209626764522,1.8513008694502298,3.041422856953949,42.00913242009132
2021-22,N2,North West,South Lancashire,BSU,50<71,A to F2,229.0,not included,not included,not included,not included,not included,not included,not included,not included,not included,not included,not included,not included,8.873561436819468,1.9374588289998838,3.0999341263998144,44.6927374301676
2021-22,N2,North West,"Warrington, Halton, St Helens & Knowsley",BSU,50<71,A to F2,196.0,not included,not included,not included,not included,not included,not included,not included,not included,not included,not included,not included,not included,9.633816662570656,1.62202015237159,2.850823298107643,35.80246913580247
2021-22,N2,North West,Wirral & Chester,BSU,50<71,A to F2,215.0,not included,not included,not included,not included,not included,not included,not included,not included,not included,not included,not included,not included,8.866345003917687,2.2268959544723494,3.3815827456802343,50.931677018633536
2021-22,N3,Midlands,"City, Sandwell & Walsall",BSU,50<71,A to F2,318.0,not included,not included,not included,not included,not included,not included,not included,not included,not included,not included,not included,not included,8.507678313446412,1.819251966397346,3.210444646583552,48.0
2021-22,N3,Midlands,"Dudley, Wolverhampton & South West Staffordshire",BSU,50<71,A to F2,277.0,not included,not included,not included,not included,not included,not included,not included,not included,not included,not included,not included,not included,9.546128131784817,1.5852775958920633,3.480718199676052,43.722943722943725
2021-22,N3,Midlands,Hereford & Worcester,BSU,50<71,A to F2,294.0,not included,not included,not included,not included,not included,not included,not included,not included,not included,not included,not included,not included,9.21110345259728,1.9424775988470455,3.383670656056144,46.55172413793103
2021-22,N3,Midlands,Kettering,BSU,50<71,A to F2,94.0,not included,not included,not included,not included,not included,not included,not included,not included,not included,not included,not included,not included,7.7106061848904925,1.8866376835370355,3.6092199163317202,61.97183098591549
2021-22,N3,Midlands,Leicestershire,BSU,50<71,A to F2,419.0,not included,not included,not included,not included,not included,not included,not included,not included,not included,not included,not included,not included,9.051631021818968,1.814646791963707,4.104558219917909,56.71641791044776
2021-22,N3,Midlands,Lincolnshire,BSU,50<71,A to F2,194.0,not included,not included,not included,not included,not included,not included,not included,not included,not included,not included,not included,not included,8.315117226008315,1.7144571600017144,3.2146071750032146,48.701298701298704
2021-22,N3,Midlands,North Derbyshire & Chesterfield,BSU,50<71,A to F2,183.0,not included,not included,not included,not included,not included,not included,not included,not included,not included,not included,not included,not included,10.274549435741957,2.1335129975857616,4.04244567963618,49.6551724137931
2021-22,N3,Midlands,North Midlands,BSU,50<71,A to F2,207.0,not included,not included,not included,not included,not included,not included,not included,not included,not included,not included,not included,not included,8.854857338409548,2.2244086067502247,3.6788296188561405,55.483870967741936
2021-22,N3,Midlands,North Nottinghamshire,BSU,50<71,A to F2,97.0,not included,not included,not included,not included,not included,not included,not included,not included,not included,not included,not included,not included,8.842297174111213,1.4585232452142207,4.740200546946217,64.19753086419753
2021-22,N3,Midlands,Northampton,BSU,50<71,A to F2,107.0,not included,not included,not included,not included,not included,not included,not included,not included,not included,not included,not included,not included,6.569656781482164,1.1051759071652236,3.192730398477313,58.42696629213483
2021-22,N3,Midlands,Nottingham City,BSU,50<71,A to F2,272.0,not included,not included,not included,not included,not included,not included,not included,not included,not included,not included,not included,not included,7.917794661310512,1.164381567839781,4.0171164090472455,59.48275862068966
2021-22,N3,Midlands,Shropshire,BSU,50<71,A to F2,167.0,not included,not included,not included,not included,not included,not included,not included,not included,not included,not included,not included,not included,9.144671996495456,1.9713065381666848,3.2307523819954,45.038167938931295
2021-22,N3,Midlands,South Birmingham,BSU,50<71,A to F2,129.0,not included,not included,not included,not included,not included,not included,not included,not included,not included,not included,not included,not included,11.421993979103949,1.9479369576766425,3.718788737382681,39.25233644859813
2021-22,N3,Midlands,South Derbyshire & South East Staffordshire,BSU,50<71,A to F2,379.0,not included,not included,not included,not included,not included,not included,not included,not included,not included,not included,not included,not included,8.764424299886686,2.2200124875702425,2.79814073954166,42.75618374558304
2021-22,N3,Midlands,"Warwickshire, Solihull & Coventry",BSU,50<71,A to F2,375.0,not included,not included,not included,not included,not included,not included,not included,not included,not included,not included,not included,not included,9.644813662200047,1.9032432293408093,3.317815899796816,42.857142857142854
2021-22,N4,East of England,Beds & Herts,BSU,50<71,A to F2,428.0,not included,not included,not included,not included,not included,not included,not included,not included,not included,not included,not included,not included,8.52691556759772,2.071960792126549,2.7294098896282426,42.28395061728395
2021-22,N4,East of England,Cambridge & Huntingdon,BSU,50<71,A to F2,175.0,not included,not included,not included,not included,not included,not included,not included,not included,not included,not included,not included,not included,6.825006825006825,1.5210015210015209,2.262002262002262,42.64705882352941
2021-22,N4,East of England,Chelmsford & Colchester,BSU,50<71,A to F2,221.0,not included,not included,not included,not included,not included,not included,not included,not included,not included,not included,not included,not included,7.849405079026816,1.5272598117563487,2.3086485526549456,36.51685393258427
2021-22,N4,East of England,East Suffolk,BSU,50<71,A to F2,110.0,not included,not included,not included,not included,not included,not included,not included,not included,not included,not included,not included,not included,7.077596190966414,0.7721014026508815,3.2814309612662464,52.04081632653062
2021-22,N4,East of England,Great Yarmouth & Waveney,BSU,50<71,A to F2,65.0,not included,not included,not included,not included,not included,not included,not included,not included,not included,not included,not included,not included,8.284476166199338,1.401988274279888,3.823604384399694,55.55555555555556
2021-22,N4,East of England,King's Lynn,BSU,50<71,A to F2,87.0,not included,not included,not included,not included,not included,not included,not included,not included,not included,not included,not included,not included,8.536106750392465,1.4717425431711146,3.826530612244898,54.166666666666664
2021-22,N4,East of England,Milton Keynes,BSU,50<71,A to F2,84.0,not included,not included,not included,not included,not included,not included,not included,not included,not included,not included,not included,not included,8.876677586389095,2.007819930254676,3.275916728310261,47.69230769230769
2021-22,N4,East of England,Norfolk & Norwich,BSU,50<71,A to F2,218.0,not included,not included,not included,not included,not included,not included,not included,not included,not included,not included,not included,not included,8.786425375841361,1.6524928459151182,4.111079763008343,57.6271186440678
2021-22,N4,East of England,Peterborough,BSU,50<71,A to F2,85.0,not included,not included,not included,not included,not included,not included,not included,not included,not included,not included,not included,not included,6.628714029478281,1.2477579349606176,2.8074553536613895,52.17391304347826
2021-22,N4,East of England,South Essex,BSU,50<71,A to F2,238.0,not included,not included,not included,not included,not included,not included,not included,not included,not included,not included,not included,not included,8.638211382113822,1.3792102206736352,3.5206155632984903,48.5
2021-22,N4,East of England,West Essex (Epping),BSU,50<71,A to F2,114.0,not included,not included,not included,not included,not included,not included,not included,not included,not included,not included,not included,not included,7.942590399219676,1.463108757750993,2.786873824287605,43.01075268817204
2021-22,N4,East of England,West Suffolk,BSU,50<71,A to F2,81.0,not included,not included,not included,not included,not included,not included,not included,not included,not included,not included,not included,not included,6.639888515452086,0.7377653906057874,3.3609312238708093,56.94444444444444
2021-22,N5,London,Central & East London,BSU,50<71,A to F2,269.0,not included,not included,not included,not included,not included,not included,not included,not included,not included,not included,not included,not included,8.260909621349384,2.4567760955685904,2.3339372907901605,40.21164021164021
2021-22,N5,London,North London,BSU,50<71,A to F2,571.0,not included,not included,not included,not included,not included,not included,not included,not included,not included,not included,not included,not included,9.112671560804342,1.9789339291413979,2.5853814235556976,36.241610738255034
2021-22,N5,London,Outer North East London,BSU,50<71,A to F2,191.0,not included,not included,not included,not included,not included,not included,not included,not included,not included,not included,not included,not included,8.210110041265475,1.8483493810178817,2.579092159559835,40.54054054054054
2021-22,N5,London,South East London,BSU,50<71,A to F2,419.0,not included,not included,not included,not included,not included,not included,not included,not included,not included,not included,not included,not included,8.139715595617375,1.9037998290465459,2.797420156966353,44.85981308411215
2021-22,N5,London,South West London,BSU,50<71,A to F2,420.0,not included,not included,not included,not included,not included,not included,not included,not included,not included,not included,not included,not included,8.45291524946163,2.3346146879465453,2.636504518284461,43.09210526315789
2021-22,N5,London,West of London,BSU,50<71,A to F2,339.0,not included,not included,not included,not included,not included,not included,not included,not included,not included,not included,not included,not included,9.034218100415734,1.812173542266283,2.9048075898091885,40.22140221402214
2021-22,N6,South East,Aylesbury & Wycombe,BSU,50<71,A to F2,193.0,not included,not included,not included,not included,not included,not included,not included,not included,not included,not included,not included,not included,8.39641520925781,1.4791612285739144,3.1758461672322285,45.911949685534594
2021-22,N6,South East,Brighton,BSU,50<71,A to F2,288.0,not included,not included,not included,not included,not included,not included,not included,not included,not included,not included,not included,not included,9.035861073635992,2.10209268032504,3.8276911492485803,55.203619909502265
2021-22,N6,South East,Canterbury,BSU,50<71,A to F2,207.0,not included,not included,not included,not included,not included,not included,not included,not included,not included,not included,not included,not included,8.48291123678387,0.9425456929759856,3.975084009507418,52.71739130434783
2021-22,N6,South East,East Berkshire,BSU,50<71,A to F2,127.0,not included,not included,not included,not included,not included,not included,not included,not included,not included,not included,not included,not included,7.34911174121868,1.5045425611943752,2.546148949713558,43.56435643564357
2021-22,N6,South East,Guildford,BSU,50<71,A to F2,476.0,not included,not included,not included,not included,not included,not included,not included,not included,not included,not included,not included,not included,10.089020771513354,2.7766002543450616,4.1119118270453585,56.231884057971016
2021-22,N6,South East,Isle of Wight,BSU,50<71,A to F2,55.0,not included,not included,not included,not included,not included,not included,not included,not included,not included,not included,not included,not included,11.004401760704281,2.6010404161664664,4.801920768307323,57.14285714285714
2021-22,N6,South East,Maidstone,BSU,50<71,A to F2,217.0,not included,not included,not included,not included,not included,not included,not included,not included,not included,not included,not included,not included,11.713900134952768,3.184885290148448,3.454790823211876,40.50632911392405
2021-22,N6,South East,Medway,BSU,50<71,A to F2,229.0,not included,not included,not included,not included,not included,not included,not included,not included,not included,not included,not included,not included,10.650667410818102,3.0696246686200643,3.0696246686200643,40.49079754601227
2021-22,N6,South East,North & Mid Hampshire,BSU,50<71,A to F2,169.0,not included,not included,not included,not included,not included,not included,not included,not included,not included,not included,not included,not included,7.531194295900178,1.5151515151515151,2.3172905525846703,38.51851851851852
2021-22,N6,South East,Oxfordshire,BSU,50<71,A to F2,234.0,not included,not included,not included,not included,not included,not included,not included,not included,not included,not included,not included,not included,8.489641911257847,1.850306570402351,2.8298806370859486,42.62295081967213
2021-22,N6,South East,Portsmouth,BSU,50<71,A to F2,283.0,not included,not included,not included,not included,not included,not included,not included,not included,not included,not included,not included,not included,9.298505010678495,2.6285526531953343,3.778544438968293,56.65024630541872
2021-22,N6,South East,Southampton & Salisbury,BSU,50<71,A to F2,253.0,not included,not included,not included,not included,not included,not included,not included,not included,not included,not included,not included,not included,10.319791156795562,2.7736988089410994,3.5894925762767174,47.56756756756757
2021-22,N6,South East,West Berkshire,BSU,50<71,A to F2,172.0,not included,not included,not included,not included,not included,not included,not included,not included,not included,not included,not included,not included,8.615507914245642,1.6529753556401523,3.155680224403927,45.32374100719424
2021-22,N6,South East,Worthing,BSU,50<71,A to F2,321.0,not included,not included,not included,not included,not included,not included,not included,not included,not included,not included,not included,not included,9.547888161808448,2.3200475907198093,3.0636525877453895,42.38683127572017
2021-22,N7,South West,Avon,BSU,50<71,A to F2,420.0,not included,not included,not included,not included,not included,not included,not included,not included,not included,not included,not included,not included,9.41535150645624,2.0175753228120517,4.192073170731708,56.666666666666664
2021-22,N7,South West,Cornwall,BSU,50<71,A to F2,173.0,not included,not included,not included,not included,not included,not included,not included,not included,not included,not included,not included,not included,8.461726583516752,2.005380288579115,3.521643433602348,54.54545454545454
2021-22,N7,South West,Dorset,BSU,50<71,A to F2,339.0,not included,not included,not included,not included,not included,not included,not included,not included,not included,not included,not included,not included,9.607754222877224,2.1539507992291127,3.40097494615123,45.627376425855516
2021-22,N7,South West,Gloucestershire,BSU,50<71,A to F2,266.0,not included,not included,not included,not included,not included,not included,not included,not included,not included,not included,not included,not included,9.211164208047649,1.2812521642773045,3.220444629129441,40.61135371179039
2021-22,N7,South West,North & East Devon,BSU,50<71,A to F2,188.0,not included,not included,not included,not included,not included,not included,not included,not included,not included,not included,not included,not included,7.993197278911564,1.5731292517006803,3.1462585034013606,49.00662251655629
2021-22,N7,South West,Somerset,BSU,50<71,A to F2,224.0,not included,not included,not included,not included,not included,not included,not included,not included,not included,not included,not included,not included,9.783368273934311,1.7033542976939202,4.280223619846262,52.972972972972975
2021-22,N7,South West,South Devon,BSU,50<71,A to F2,95.0,not included,not included,not included,not included,not included,not included,not included,not included,not included,not included,not included,not included,7.788161993769471,1.311690441055911,3.3612067552057714,51.89873417721519
2021-22,N7,South West,West Devon,BSU,50<71,A to F2,214.0,not included,not included,not included,not included,not included,not included,not included,not included,not included,not included,not included,not included,9.628796400449945,2.5196850393700787,2.6096737907761534,36.708860759493675
2021-22,N7,South West,Wiltshire,BSU,50<71,A to F2,214.0,not included,not included,not included,not included,not included,not included,not included,not included,not included,not included,not included,not included,9.61192957240388,1.8415379087315846,3.952569169960474,50.86705202312138
2022-23,N1,North East and Yorkshire,Barnsley,BSU,45 and over,A to F2,86.0,not included,not included,not included,not included,not included,not included,not included,not included,not included,not included,not included,not included,8.694773025983217,1.516530178950561,3.639672429481347,50.70422535211267
2022-23,N1,North East and Yorkshire,Doncaster,BSU,45 and over,A to F2,121.0,not included,not included,not included,not included,not included,not included,not included,not included,not included,not included,not included,not included,7.5733867434437006,1.0640295424672968,3.4424485197471366,52.88461538461539
2022-23,N1,North East and Yorkshire,Gateshead,BSU,45 and over,A to F2,310.0,not included,not included,not included,not included,not included,not included,not included,not included,not included,not included,not included,not included,9.612105051006171,1.8914142197141175,4.340950668196335,56.22489959839358
2022-23,N1,North East and Yorkshire,Humberside,BSU,45 and over,A to F2,313.0,not included,not included,not included,not included,not included,not included,not included,not included,not included,not included,not included,not included,7.17988714043217,1.1240078909941733,3.1885121805753087,52.65151515151515
2022-23,N1,North East and Yorkshire,Leeds Wakefield,BSU,45 and over,A to F2,356.0,not included,not included,not included,not included,not included,not included,not included,not included,not included,not included,not included,not included,9.685230024213075,2.6117474222597057,4.0264439426503795,58.498023715415016
2022-23,N1,North East and Yorkshire,Newcastle,BSU,45 and over,A to F2,379.0,not included,not included,not included,not included,not included,not included,not included,not included,not included,not included,not included,not included,9.479976987918658,1.9510242877510693,3.751969784136672,49.83388704318937
2022-23,N1,North East and Yorkshire,North Cumbria,BSU,45 and over,A to F2,115.0,not included,not included,not included,not included,not included,not included,not included,not included,not included,not included,not included,not included,6.744076941121277,0.9383063570255687,2.9908515130190008,51.515151515151516
2022-23,N1,North East and Yorkshire,North Tees,BSU,45 and over,A to F2,294.0,not included,not included,not included,not included,not included,not included,not included,not included,not included,not included,not included,not included,8.693852204512524,1.5672590708815093,3.696365733211107,51.867219917012456
2022-23,N1,North East and Yorkshire,North Yorkshire,BSU,45 and over,A to F2,295.0,not included,not included,not included,not included,not included,not included,not included,not included,not included,not included,not included,not included,7.930960318313798,1.3442305624260673,2.554038068609528,38.775510204081634
2022-23,N1,North East and Yorkshire,Pennine,BSU,45 and over,A to F2,329.0,not included,not included,not included,not included,not included,not included,not included,not included,not included,not included,not included,not included,7.587463388759485,1.4990429187518737,3.3670810175042085,55.3030303030303
2022-23,N1,North East and Yorkshire,Rotherham,BSU,45 and over,A to F2,76.0,not included,not included,not included,not included,not included,not included,not included,not included,not included,not included,not included,not included,7.578023731179579,1.4956625785222855,2.692192641340114,44.26229508196721
2022-23,N1,North East and Yorkshire,Sheffield,BSU,45 and over,A to F2,156.0,not included,not included,not included,not included,not included,not included,not included,not included,not included,not included,not included,not included,8.109372563289496,1.3515620938815824,3.3269220772469716,49.23076923076923
2022-23,N2,North West,Bolton,BSU,45 and over,A to F2,227.0,not included,not included,not included,not included,not included,not included,not included,not included,not included,not included,not included,not included,7.827856132970103,1.8276492292837685,3.034587399565502,50.57471264367817
2022-23,N2,North West,Cheshire & Stockport,BSU,45 and over,A to F2,349.0,not included,not included,not included,not included,not included,not included,not included,not included,not included,not included,not included,not included,9.380459615643058,2.0158580835909152,3.897325628275769,52.919708029197075
2022-23,N2,North West,East Lancashire,BSU,45 and over,A to F2,155.0,not included,not included,not included,not included,not included,not included,not included,not included,not included,not included,not included,not included,7.902921531637179,1.3256513536939787,3.3651149747616373,51.162790697674424
2022-23,N2,North West,Liverpool,BSU,45 and over,A to F2,335.0,not included,not included,not included,not included,not included,not included,not included,not included,not included,not included,not included,not included,9.545519304744266,2.507479697962673,2.9918791850690982,42.51012145748988
2022-23,N2,North West,Manchester,BSU,45 and over,A to F2,354.0,not included,not included,not included,not included,not included,not included,not included,not included,not included,not included,not included,not included,8.421954178859467,1.5226131848785478,3.4734613280041873,50.3448275862069
2022-23,N2,North West,North Lancashire & South Cumbria,BSU,45 and over,A to F2,388.0,not included,not included,not included,not included,not included,not included,not included,not included,not included,not included,not included,not included,9.785377417971805,2.118483770901112,3.783006733751986,49.34210526315789
2022-23,N2,North West,South Lancashire,BSU,45 and over,A to F2,239.0,not included,not included,not included,not included,not included,not included,not included,not included,not included,not included,not included,not included,7.689337880445274,1.383437359243292,2.8633936040151857,45.40816326530612
2022-23,N2,North West,"Warrington, Halton, St Helens & Knowsley",BSU,45 and over,A to F2,223.0,not included,not included,not included,not included,not included,not included,not included,not included,not included,not included,not included,not included,7.50185023212003,1.4465451120231447,2.253919128036063,37.22222222222222
2022-23,N2,North West,Wirral & Chester,BSU,45 and over,A to F2,207.0,not included,not included,not included,not included,not included,not included,not included,not included,not included,not included,not included,not included,9.645403289688272,1.9570383486324028,3.028749825264433,39.63414634146341
2022-23,N3,Midlands,"City, Sandwell & Walsall",BSU,45 and over,A to F2,332.0,not included,not included,not included,not included,not included,not included,not included,not included,not included,not included,not included,not included,7.51420229500034,1.6522191793223637,2.4217459203766154,41.312741312741316
2022-23,N3,Midlands,"Dudley, Wolverhampton & South West Staffordshire",BSU,45 and over,A to F2,282.0,not included,not included,not included,not included,not included,not included,not included,not included,not included,not included,not included,not included,9.048321889238274,2.0214336135532314,3.4974010139254315,49.77168949771689
2022-23,N3,Midlands,Hereford & Worcester,BSU,45 and over,A to F2,324.0,not included,not included,not included,not included,not included,not included,not included,not included,not included,not included,not included,not included,8.858025535172375,1.4216584192251962,3.2260710282417913,43.38235294117647
2022-23,N3,Midlands,Kettering,BSU,45 and over,A to F2,124.0,not included,not included,not included,not included,not included,not included,not included,not included,not included,not included,not included,not included,8.676789587852495,2.0292491778042128,3.358757259813869,50.526315789473685
2022-23,N3,Midlands,Leicestershire,BSU,45 and over,A to F2,332.0,not included,not included,not included,not included,not included,not included,not included,not included,not included,not included,not included,not included,8.529003750706469,1.5927657606740995,3.930534861018343,56.666666666666664
2022-23,N3,Midlands,Lincolnshire,BSU,45 and over,A to F2,260.0,not included,not included,not included,not included,not included,not included,not included,not included,not included,not included,not included,not included,7.643237204926948,1.2052797130846342,2.939706617279595,45.662100456621005
2022-23,N3,Midlands,North Derbyshire & Chesterfield,BSU,45 and over,A to F2,164.0,not included,not included,not included,not included,not included,not included,not included,not included,not included,not included,not included,not included,9.513864717484628,1.5663069961712497,3.6547163243995824,45.98540145985402
2022-23,N3,Midlands,North Midlands,BSU,45 and over,A to F2,259.0,not included,not included,not included,not included,not included,not included,not included,not included,not included,not included,not included,not included,9.298151139831269,1.9386106623586428,4.092622509423801,55.60975609756098
2022-23,N3,Midlands,North Nottinghamshire,BSU,45 and over,A to F2,83.0,not included,not included,not included,not included,not included,not included,not included,not included,not included,not included,not included,not included,7.715905921725388,0.9296272194849865,2.9748071023519564,43.83561643835616
2022-23,N3,Midlands,Northampton,BSU,45 and over,A to F2,125.0,not included,not included,not included,not included,not included,not included,not included,not included,not included,not included,not included,not included,8.61474844934528,1.722949689869056,3.032391454169538,44.0
2022-23,N3,Midlands,Nottingham City,BSU,45 and over,A to F2,174.0,not included,not included,not included,not included,not included,not included,not included,not included,not included,not included,not included,not included,8.990389583548621,1.1367159243567222,4.650201508732045,59.210526315789465
2022-23,N3,Midlands,Shropshire,BSU,45 and over,A to F2,268.0,not included,not included,not included,not included,not included,not included,not included,not included,not included,not included,not included,not included,8.533401260905558,2.101509265745399,3.0567407501751256,47.524752475247524
2022-23,N3,Midlands,South Birmingham,BSU,45 and over,A to F2,127.0,not included,not included,not included,not included,not included,not included,not included,not included,not included,not included,not included,not included,8.74535187990635,1.7215259606114859,3.4430519212229718,49.01960784313725
2022-23,N3,Midlands,South Derbyshire & South East Staffordshire,BSU,45 and over,A to F2,284.0,not included,not included,not included,not included,not included,not included,not included,not included,not included,not included,not included,not included,8.084488599163084,1.7649235674229269,3.0459164792621483,48.1981981981982
2022-23,N3,Midlands,"Warwickshire, Solihull & Coventry",BSU,45 and over,A to F2,493.0,not included,not included,not included,not included,not included,not included,not included,not included,not included,not included,not included,not included,9.528227131288535,1.6621248139773102,3.8460795114126127,48.894348894348894
2022-23,N4,East of England,Beds & Herts,BSU,45 and over,A to F2,415.0,not included,not included,not included,not included,not included,not included,not included,not included,not included,not included,not included,not included,7.927260224255507,1.7191648679108327,3.3428205764932857,53.84615384615385
2022-23,N4,East of England,Cambridge & Huntingdon,BSU,45 and over,A to F2,168.0,not included,not included,not included,not included,not included,not included,not included,not included,not included,not included,not included,not included,7.948147797700714,1.9397265458674362,3.264417845484222,54.330708661417326
2022-23,N4,East of England,Chelmsford & Colchester,BSU,45 and over,A to F2,267.0,not included,not included,not included,not included,not included,not included,not included,not included,not included,not included,not included,not included,7.0117387536437406,1.3655820793613278,1.8908059560387616,33.48837209302326
2022-23,N4,East of England,East Suffolk,BSU,45 and over,A to F2,149.0,not included,not included,not included,not included,not included,not included,not included,not included,not included,not included,not included,not included,8.00816940771794,1.128668171557562,3.4397506180801893,50.0
2022-23,N4,East of England,Great Yarmouth & Waveney,BSU,45 and over,A to F2,93.0,not included,not included,not included,not included,not included,not included,not included,not included,not included,not included,not included,not included,9.291637526226395,1.5985612948346488,3.996403237086622,51.94805194805194
2022-23,N4,East of England,King's Lynn,BSU,45 and over,A to F2,76.0,not included,not included,not included,not included,not included,not included,not included,not included,not included,not included,not included,not included,6.947618612304598,1.0055763780967182,2.376816893683152,40.0
2022-23,N4,East of England,Milton Keynes,BSU,45 and over,A to F2,62.0,not included,not included,not included,not included,not included,not included,not included,not included,not included,not included,not included,not included,7.877016897471731,1.3975352560030492,3.3032651505526616,50.98039215686274
2022-23,N4,East of England,Norfolk & Norwich,BSU,45 and over,A to F2,219.0,not included,not included,not included,not included,not included,not included,not included,not included,not included,not included,not included,not included,9.113228746202822,1.2900004161291665,3.994839998335484,51.06382978723404
2022-23,N4,East of England,Peterborough,BSU,45 and over,A to F2,108.0,not included,not included,not included,not included,not included,not included,not included,not included,not included,not included,not included,not included,9.042196918955124,0.8372404554588078,4.018754186202277,48.97959183673469
2022-23,N4,East of England,South Essex,BSU,45 and over,A to F2,223.0,not included,not included,not included,not included,not included,not included,not included,not included,not included,not included,not included,not included,9.711274659234421,2.308060793450333,3.3096720811740625,44.70588235294118
2022-23,N4,East of England,West Essex (Epping),BSU,45 and over,A to F2,110.0,not included,not included,not included,not included,not included,not included,not included,not included,not included,not included,not included,not included,8.778930566640064,1.8355945730247405,2.713487629688747,39.08045977011494
2022-23,N4,East of England,West Suffolk,BSU,45 and over,A to F2,110.0,not included,not included,not included,not included,not included,not included,not included,not included,not included,not included,not included,not included,8.668925841279849,1.4973599180392465,3.861612420206478,53.84615384615385
2022-23,N5,London,Central & East London,BSU,45 and over,A to F2,257.0,not included,not included,not included,not included,not included,not included,not included,not included,not included,not included,not included,not included,7.3527308099447835,1.8596400881183304,2.5748862758561497,46.875
2022-23,N5,London,North London,BSU,45 and over,A to F2,468.0,not included,not included,not included,not included,not included,not included,not included,not included,not included,not included,not included,not included,7.657193344131939,1.9797444329913774,1.947021384512181,34.293948126801155
2022-23,N5,London,Outer North East London,BSU,45 and over,A to F2,189.0,not included,not included,not included,not included,not included,not included,not included,not included,not included,not included,not included,not included,7.112214946940618,1.2041845412809513,2.7846767517121997,47.13375796178344
2022-23,N5,London,South East London,BSU,45 and over,A to F2,510.0,not included,not included,not included,not included,not included,not included,not included,not included,not included,not included,not included,not included,8.602658390122125,2.108494703461305,2.462721813642804,37.922077922077925
2022-23,N5,London,South West London,BSU,45 and over,A to F2,457.0,not included,not included,not included,not included,not included,not included,not included,not included,not included,not included,not included,not included,8.541257826371368,2.2988505747126435,2.429679469208485,38.92215568862276
2022-23,N5,London,West of London,BSU,45 and over,A to F2,372.0,not included,not included,not included,not included,not included,not included,not included,not included,not included,not included,not included,not included,9.570855202222909,1.7752392713800556,3.499022331995472,44.884488448844884
2022-23,N6,South East,Aylesbury & Wycombe,BSU,45 and over,A to F2,211.0,not included,not included,not included,not included,not included,not included,not included,not included,not included,not included,not included,not included,10.09907624563251,2.249557267984492,4.211937012396497,53.65853658536586
2022-23,N6,South East,Brighton,BSU,45 and over,A to F2,247.0,not included,not included,not included,not included,not included,not included,not included,not included,not included,not included,not included,not included,8.18260120585702,2.053932286490426,3.1802822500496917,52.17391304347826
2022-23,N6,South East,Canterbury,BSU,45 and over,A to F2,263.0,not included,not included,not included,not included,not included,not included,not included,not included,not included,not included,not included,not included,8.78218185460981,1.903362607272849,3.4728019501118643,50.48543689320388
2022-23,N6,South East,East Berkshire,BSU,45 and over,A to F2,121.0,not included,not included,not included,not included,not included,not included,not included,not included,not included,not included,not included,not included,7.921440261865793,1.1129296235679214,2.160392798690671,31.73076923076923
2022-23,N6,South East,Guildford,BSU,45 and over,A to F2,594.0,not included,not included,not included,not included,not included,not included,not included,not included,not included,not included,not included,not included,10.14985561232336,2.563094851596808,3.4003725031184318,44.81981981981982
2022-23,N6,South East,Isle of Wight,BSU,45 and over,A to F2,89.0,not included,not included,not included,not included,not included,not included,not included,not included,not included,not included,not included,not included,10.693259641956026,2.8835756337858944,3.1238736032680525,40.0
2022-23,N6,South East,Maidstone,BSU,45 and over,A to F2,184.0,not included,not included,not included,not included,not included,not included,not included,not included,not included,not included,not included,not included,9.676571128056798,2.36655272153563,3.155403628714173,43.16546762589928
2022-23,N6,South East,Medway,BSU,45 and over,A to F2,216.0,not included,not included,not included,not included,not included,not included,not included,not included,not included,not included,not included,not included,10.494606938101253,2.0406180157419107,3.0123408803809153,35.63218390804598
2022-23,N6,South East,North & Mid Hampshire,BSU,45 and over,A to F2,176.0,not included,not included,not included,not included,not included,not included,not included,not included,not included,not included,not included,not included,8.803081078377431,1.200420147051468,3.151102886010104,41.44736842105263
2022-23,N6,South East,Oxfordshire,BSU,45 and over,A to F2,270.0,not included,not included,not included,not included,not included,not included,not included,not included,not included,not included,not included,not included,9.434621566846042,1.8519812705290377,3.773848626738417,49.76958525345622
2022-23,N6,South East,Portsmouth,BSU,45 and over,A to F2,290.0,not included,not included,not included,not included,not included,not included,not included,not included,not included,not included,not included,not included,9.888835845324968,2.659755848052922,3.54634113073723,49.056603773584904
2022-23,N6,South East,Southampton & Salisbury,BSU,45 and over,A to F2,346.0,not included,not included,not included,not included,not included,not included,not included,not included,not included,not included,not included,not included,10.40820623890744,2.135787985440544,4.391902054567879,53.090909090909086
2022-23,N6,South East,West Berkshire,BSU,45 and over,A to F2,184.0,not included,not included,not included,not included,not included,not included,not included,not included,not included,not included,not included,not included,8.73362445414847,1.4239605088285552,3.4649705714828176,47.4025974025974
2022-23,N6,South East,Worthing,BSU,45 and over,A to F2,322.0,not included,not included,not included,not included,not included,not included,not included,not included,not included,not included,not included,not included,9.067868206139115,2.2528865108420164,1.6333427203604618,24.166666666666668
2022-23,N7,South West,Avon,BSU,45 and over,A to F2,404.0,not included,not included,not included,not included,not included,not included,not included,not included,not included,not included,not included,not included,9.619276649444034,1.976237529464987,3.7858044239148554,49.532710280373834
2022-23,N7,South West,Cornwall,BSU,45 and over,A to F2,181.0,not included,not included,not included,not included,not included,not included,not included,not included,not included,not included,not included,not included,9.23092615259078,1.886984904120767,3.824969400244798,52.083333333333336
2022-23,N7,South West,Dorset,BSU,45 and over,A to F2,415.0,not included,not included,not included,not included,not included,not included,not included,not included,not included,not included,not included,not included,10.476623245481168,2.4235080278703425,4.114914672321519,51.09717868338558
2022-23,N7,South West,Gloucestershire,BSU,45 and over,A to F2,258.0,not included,not included,not included,not included,not included,not included,not included,not included,not included,not included,not included,not included,9.136624406827679,1.6998370989446845,3.2226078334159642,43.333333333333336
2022-23,N7,South West,North & East Devon,BSU,45 and over,A to F2,220.0,not included,not included,not included,not included,not included,not included,not included,not included,not included,not included,not included,not included,7.466739071409177,1.5272875373336954,2.613358674993212,44.0
2022-23,N7,South West,Somerset,BSU,45 and over,A to F2,222.0,not included,not included,not included,not included,not included,not included,not included,not included,not included,not included,not included,not included,8.07302083712135,1.2000436379504709,3.6364958725771848,52.910052910052904
2022-23,N7,South West,South Devon,BSU,45 and over,A to F2,112.0,not included,not included,not included,not included,not included,not included,not included,not included,not included,not included,not included,not included,8.381351492928236,1.4966699094514704,4.265509241936691,62.637362637362635
2022-23,N7,South West,West Devon,BSU,45 and over,A to F2,198.0,not included,not included,not included,not included,not included,not included,not included,not included,not included,not included,not included,not included,10.380622837370241,2.1495229107685856,4.089336269267065,49.681528662420384
2022-23,N7,South West,Wiltshire,BSU,45 and over,A to F2,228.0,not included,not included,not included,not included,not included,not included,not included,not included,not included,not included,not included,not included,9.35691714203636,1.9698772930602866,3.6114417039438584,48.888888888888886
2022-23,N1,North East and Yorkshire,Barnsley,BSU,50<71,A to F2,73.0,not included,not included,not included,not included,not included,not included,not included,not included,not included,not included,not included,not included,7.874865156418555,1.4023732470334411,3.344120819848975,51.66666666666667
2022-23,N1,North East and Yorkshire,Doncaster,BSU,50<71,A to F2,105.0,not included,not included,not included,not included,not included,not included,not included,not included,not included,not included,not included,not included,7.053607416364369,1.007658202337767,3.358860674459223,55.55555555555556
2022-23,N1,North East and Yorkshire,Gateshead,BSU,50<71,A to F2,278.0,not included,not included,not included,not included,not included,not included,not included,not included,not included,not included,not included,not included,9.127622549824343,1.805824605181075,4.136980004596644,56.502242152466366
2022-23,N1,North East and Yorkshire,Humberside,BSU,50<71,A to F2,287.0,not included,not included,not included,not included,not included,not included,not included,not included,not included,not included,not included,not included,6.9090033702455464,1.1073663938372653,3.153586904188734,54.356846473029044
2022-23,N1,North East and Yorkshire,Leeds Wakefield,BSU,50<71,A to F2,323.0,not included,not included,not included,not included,not included,not included,not included,not included,not included,not included,not included,not included,9.32205835666253,2.597477560679962,3.896216341019943,59.471365638766514
2022-23,N1,North East and Yorkshire,Newcastle,BSU,50<71,A to F2,332.0,not included,not included,not included,not included,not included,not included,not included,not included,not included,not included,not included,not included,8.806833253753515,1.8568624330203194,3.4219321979945887,49.23664122137404
2022-23,N1,North East and Yorkshire,North Cumbria,BSU,50<71,A to F2,104.0,not included,not included,not included,not included,not included,not included,not included,not included,not included,not included,not included,not included,6.534715677034245,0.8796732642161483,3.1416902293433866,55.55555555555556
2022-23,N1,North East and Yorkshire,North Tees,BSU,50<71,A to F2,272.0,not included,not included,not included,not included,not included,not included,not included,not included,not included,not included,not included,not included,8.414019240882235,1.5157608191295202,3.5883317350821295,52.01793721973094
2022-23,N1,North East and Yorkshire,North Yorkshire,BSU,50<71,A to F2,247.0,not included,not included,not included,not included,not included,not included,not included,not included,not included,not included,not included,not included,7.393881338681673,1.2273244327366342,2.424714123211399,39.32038834951456
2022-23,N1,North East and Yorkshire,Pennine,BSU,50<71,A to F2,289.0,not included,not included,not included,not included,not included,not included,not included,not included,not included,not included,not included,not included,7.047061692270178,1.3655206047305535,3.169958546695928,55.793991416309005
2022-23,N1,North East and Yorkshire,Rotherham,BSU,50<71,A to F2,67.0,not included,not included,not included,not included,not included,not included,not included,not included,not included,not included,not included,not included,7.281025863942621,1.5214083894805477,2.608128667680939,45.28301886792453
2022-23,N1,North East and Yorkshire,Sheffield,BSU,50<71,A to F2,140.0,not included,not included,not included,not included,not included,not included,not included,not included,not included,not included,not included,not included,7.83348254252462,1.4547896150402864,3.1893464637421665,50.0
2022-23,N2,North West,Bolton,BSU,50<71,A to F2,210.0,not included,not included,not included,not included,not included,not included,not included,not included,not included,not included,not included,not included,7.8405017921146944,1.9041218637992832,2.9868578255675033,50.314465408805034
2022-23,N2,North West,Cheshire & Stockport,BSU,50<71,A to F2,310.0,not included,not included,not included,not included,not included,not included,not included,not included,not included,not included,not included,not included,8.814330395223202,1.99033266988911,3.696332101222633,54.166666666666664
2022-23,N2,North West,East Lancashire,BSU,50<71,A to F2,141.0,not included,not included,not included,not included,not included,not included,not included,not included,not included,not included,not included,not included,7.548583971304674,1.2848653568178168,3.265699448578618,52.13675213675214
2022-23,N2,North West,Liverpool,BSU,50<71,A to F2,310.0,not included,not included,not included,not included,not included,not included,not included,not included,not included,not included,not included,not included,9.27810367532623,2.5140668023464623,2.7235723692086675,40.26548672566372
2022-23,N2,North West,Manchester,BSU,50<71,A to F2,325.0,not included,not included,not included,not included,not included,not included,not included,not included,not included,not included,not included,not included,8.095854922279791,1.4447987245914709,3.387803905938621,50.936329588014985
2022-23,N2,North West,North Lancashire & South Cumbria,BSU,50<71,A to F2,358.0,not included,not included,not included,not included,not included,not included,not included,not included,not included,not included,not included,not included,9.485202554115995,2.119598336115306,3.6298121505974614,49.280575539568346
2022-23,N2,North West,South Lancashire,BSU,50<71,A to F2,199.0,not included,not included,not included,not included,not included,not included,not included,not included,not included,not included,not included,not included,7.247960372960373,1.384032634032634,2.768065268065268,47.20496894409938
2022-23,N2,North West,"Warrington, Halton, St Helens & Knowsley",BSU,50<71,A to F2,209.0,not included,not included,not included,not included,not included,not included,not included,not included,not included,not included,not included,not included,7.403471484236627,1.4523556500177117,2.196245129295076,36.904761904761905
2022-23,N2,North West,Wirral & Chester,BSU,50<71,A to F2,188.0,not included,not included,not included,not included,not included,not included,not included,not included,not included,not included,not included,not included,9.335584467176483,1.936637203297249,2.9297844870394276,39.86486486486486
2022-23,N3,Midlands,"City, Sandwell & Walsall",BSU,50<71,A to F2,308.0,not included,not included,not included,not included,not included,not included,not included,not included,not included,not included,not included,not included,7.239393583264778,1.5512986249853096,2.3739569867199437,41.735537190082646
2022-23,N3,Midlands,"Dudley, Wolverhampton & South West Staffordshire",BSU,50<71,A to F2,246.0,not included,not included,not included,not included,not included,not included,not included,not included,not included,not included,not included,not included,8.362795757410934,1.9717160728855045,3.161544737557792,49.46808510638298
2022-23,N3,Midlands,Hereford & Worcester,BSU,50<71,A to F2,270.0,not included,not included,not included,not included,not included,not included,not included,not included,not included,not included,not included,not included,7.989347536617843,1.3315579227696406,3.0773783104009467,46.22222222222222
2022-23,N3,Midlands,Kettering,BSU,50<71,A to F2,107.0,not included,not included,not included,not included,not included,not included,not included,not included,not included,not included,not included,not included,8.141215856349387,1.7499809784676255,3.2717035684394733,51.19047619047619
2022-23,N3,Midlands,Leicestershire,BSU,50<71,A to F2,292.0,not included,not included,not included,not included,not included,not included,not included,not included,not included,not included,not included,not included,8.063179985640913,1.5739769150052467,3.5897719114154745,55.319148936170215
2022-23,N3,Midlands,Lincolnshire,BSU,50<71,A to F2,228.0,not included,not included,not included,not included,not included,not included,not included,not included,not included,not included,not included,not included,7.097276264591439,1.1206225680933852,2.7081712062256806,45.3125
2022-23,N3,Midlands,North Derbyshire & Chesterfield,BSU,50<71,A to F2,142.0,not included,not included,not included,not included,not included,not included,not included,not included,not included,not included,not included,not included,8.850660683121417,1.4335577162802293,3.3657442034405385,45.378151260504204
2022-23,N3,Midlands,North Midlands,BSU,50<71,A to F2,214.0,not included,not included,not included,not included,not included,not included,not included,not included,not included,not included,not included,not included,8.554867079752148,1.6390165900459726,3.9176494103537878,56.64739884393064
2022-23,N3,Midlands,North Nottinghamshire,BSU,50<71,A to F2,71.0,not included,not included,not included,not included,not included,not included,not included,not included,not included,not included,not included,not included,6.973089766254174,0.9821253191907287,2.848163425653113,47.540983606557376
2022-23,N3,Midlands,Northampton,BSU,50<71,A to F2,107.0,not included,not included,not included,not included,not included,not included,not included,not included,not included,not included,not included,not included,7.903678534495493,1.625055399615896,2.8069138720638205,44.70588235294118
2022-23,N3,Midlands,Nottingham City,BSU,50<71,A to F2,143.0,not included,not included,not included,not included,not included,not included,not included,not included,not included,not included,not included,not included,8.07863962487995,1.0733856844246088,4.237048754307666,60.483870967741936
2022-23,N3,Midlands,Shropshire,BSU,50<71,A to F2,243.0,not included,not included,not included,not included,not included,not included,not included,not included,not included,not included,not included,not included,8.467193978884282,1.986131920972856,2.961775671626189,45.69892473118279
2022-23,N3,Midlands,South Birmingham,BSU,50<71,A to F2,118.0,not included,not included,not included,not included,not included,not included,not included,not included,not included,not included,not included,not included,8.446066852766444,1.7178441056474125,3.364111373559516,50.0
2022-23,N3,Midlands,South Derbyshire & South East Staffordshire,BSU,50<71,A to F2,255.0,not included,not included,not included,not included,not included,not included,not included,not included,not included,not included,not included,not included,7.699507835381503,1.7512606056946163,2.9590265406564207,49.746192893401016
2022-23,N3,Midlands,"Warwickshire, Solihull & Coventry",BSU,50<71,A to F2,445.0,not included,not included,not included,not included,not included,not included,not included,not included,not included,not included,not included,not included,9.215540092776672,1.594599072233267,3.7690523525513586,49.45652173913043
2022-23,N4,East of England,Beds & Herts,BSU,50<71,A to F2,356.0,not included,not included,not included,not included,not included,not included,not included,not included,not included,not included,not included,not included,7.313215144107315,1.5612481768318989,2.9786971794819124,51.78571428571429
2022-23,N4,East of England,Cambridge & Huntingdon,BSU,50<71,A to F2,145.0,not included,not included,not included,not included,not included,not included,not included,not included,not included,not included,not included,not included,7.473841554559043,1.9071181897840317,3.144167826400701,56.481481481481474
2022-23,N4,East of England,Chelmsford & Colchester,BSU,50<71,A to F2,223.0,not included,not included,not included,not included,not included,not included,not included,not included,not included,not included,not included,not included,6.608582266477003,1.3632053105737316,1.896633475580844,36.15819209039548
2022-23,N4,East of England,East Suffolk,BSU,50<71,A to F2,124.0,not included,not included,not included,not included,not included,not included,not included,not included,not included,not included,not included,not included,7.3385808131621,0.9469136533112388,3.3141977865893355,51.85185185185185
2022-23,N4,East of England,Great Yarmouth & Waveney,BSU,50<71,A to F2,78.0,not included,not included,not included,not included,not included,not included,not included,not included,not included,not included,not included,not included,8.685001670192628,1.558846453624318,3.785769958801915,53.125
2022-23,N4,East of England,King's Lynn,BSU,50<71,A to F2,60.0,not included,not included,not included,not included,not included,not included,not included,not included,not included,not included,not included,not included,6.068574896328513,1.0114291493880854,2.427429958531405,48.0
2022-23,N4,East of England,Milton Keynes,BSU,50<71,A to F2,58.0,not included,not included,not included,not included,not included,not included,not included,not included,not included,not included,not included,not included,7.774798927613941,1.4745308310991958,3.351206434316354,53.191489361702125
2022-23,N4,East of England,Norfolk & Norwich,BSU,50<71,A to F2,171.0,not included,not included,not included,not included,not included,not included,not included,not included,not included,not included,not included,not included,8.070606003398149,1.0383235793845573,3.6813290541816124,52.348993288590606
2022-23,N4,East of England,Peterborough,BSU,50<71,A to F2,94.0,not included,not included,not included,not included,not included,not included,not included,not included,not included,not included,not included,not included,8.381631743201071,0.8916629514043691,3.74498439589835,50.0
2022-23,N4,East of England,South Essex,BSU,50<71,A to F2,170.0,not included,not included,not included,not included,not included,not included,not included,not included,not included,not included,not included,not included,8.4991500849915,1.9498050194980503,2.7497250274972505,41.98473282442748
2022-23,N4,East of England,West Essex (Epping),BSU,50<71,A to F2,90.0,not included,not included,not included,not included,not included,not included,not included,not included,not included,not included,not included,not included,7.901668129938543,1.8437225636523265,2.2827041264266903,37.68115942028986
2022-23,N4,East of England,West Suffolk,BSU,50<71,A to F2,95.0,not included,not included,not included,not included,not included,not included,not included,not included,not included,not included,not included,not included,8.267339657122966,1.5664433034548777,3.9161082586371947,58.44155844155844
2022-23,N5,London,Central & East London,BSU,50<71,A to F2,242.0,not included,not included,not included,not included,not included,not included,not included,not included,not included,not included,not included,not included,7.06878925076676,1.8402219950343217,2.4828391996494816,47.486033519553075
2022-23,N5,London,North London,BSU,50<71,A to F2,433.0,not included,not included,not included,not included,not included,not included,not included,not included,not included,not included,not included,not included,7.383282747331447,1.9779695119871774,1.892712205436006,35.01577287066246
2022-23,N5,London,Outer North East London,BSU,50<71,A to F2,166.0,not included,not included,not included,not included,not included,not included,not included,not included,not included,not included,not included,not included,6.71358084607296,1.1728544851573244,2.547925260859015,45.98540145985402
2022-23,N5,London,South East London,BSU,50<71,A to F2,430.0,not included,not included,not included,not included,not included,not included,not included,not included,not included,not included,not included,not included,7.811648439486975,1.8529956763434219,2.216328161900955,37.19512195121951
2022-23,N5,London,South West London,BSU,50<71,A to F2,408.0,not included,not included,not included,not included,not included,not included,not included,not included,not included,not included,not included,not included,7.925869805932746,2.272859723760126,2.1757289663344794,38.48797250859107
2022-23,N5,London,West of London,BSU,50<71,A to F2,339.0,not included,not included,not included,not included,not included,not included,not included,not included,not included,not included,not included,not included,9.06635286566286,1.684897435211682,3.23607285175577,43.84057971014493
2022-23,N6,South East,Aylesbury & Wycombe,BSU,50<71,A to F2,176.0,not included,not included,not included,not included,not included,not included,not included,not included,not included,not included,not included,not included,9.335879482283048,2.1748355612136643,3.766178654784638,52.59259259259259
2022-23,N6,South East,Brighton,BSU,50<71,A to F2,218.0,not included,not included,not included,not included,not included,not included,not included,not included,not included,not included,not included,not included,7.717906960277562,2.088791333286129,3.186291864334773,56.9620253164557
2022-23,N6,South East,Canterbury,BSU,50<71,A to F2,240.0,not included,not included,not included,not included,not included,not included,not included,not included,not included,not included,not included,not included,8.484762780173938,1.909071625539136,3.4292582903202997,52.1505376344086
2022-23,N6,South East,East Berkshire,BSU,50<71,A to F2,106.0,not included,not included,not included,not included,not included,not included,not included,not included,not included,not included,not included,not included,7.558471192241871,1.2122076440387908,2.0678836280661725,32.58426966292135
2022-23,N6,South East,Guildford,BSU,50<71,A to F2,523.0,not included,not included,not included,not included,not included,not included,not included,not included,not included,not included,not included,not included,9.536834427425237,2.534646243617797,3.136396790663749,44.79166666666667
2022-23,N6,South East,Isle of Wight,BSU,50<71,A to F2,76.0,not included,not included,not included,not included,not included,not included,not included,not included,not included,not included,not included,not included,9.862444848170258,2.5953802232026995,2.984687256683104,41.07142857142857
2022-23,N6,South East,Maidstone,BSU,50<71,A to F2,164.0,not included,not included,not included,not included,not included,not included,not included,not included,not included,not included,not included,not included,9.234234234234233,2.421171171171171,2.759009009009009,40.49586776859504
2022-23,N6,South East,Medway,BSU,50<71,A to F2,192.0,not included,not included,not included,not included,not included,not included,not included,not included,not included,not included,not included,not included,9.98907444982051,1.9249778887674938,2.7053743301597213,33.5483870967742
2022-23,N6,South East,North & Mid Hampshire,BSU,50<71,A to F2,135.0,not included,not included,not included,not included,not included,not included,not included,not included,not included,not included,not included,not included,7.411880970681893,0.988250796090919,2.635335456242451,41.02564102564102
2022-23,N6,South East,Oxfordshire,BSU,50<71,A to F2,230.0,not included,not included,not included,not included,not included,not included,not included,not included,not included,not included,not included,not included,8.770926286084734,1.716050795103535,3.508370514433894,49.72972972972973
2022-23,N6,South East,Portsmouth,BSU,50<71,A to F2,269.0,not included,not included,not included,not included,not included,not included,not included,not included,not included,not included,not included,not included,9.698586674358234,2.48774156331122,3.533314104413037,49.0
2022-23,N6,South East,Southampton & Salisbury,BSU,50<71,A to F2,314.0,not included,not included,not included,not included,not included,not included,not included,not included,not included,not included,not included,not included,10.132954692138892,2.1298567187298305,4.259713437459661,53.2258064516129
2022-23,N6,South East,West Berkshire,BSU,50<71,A to F2,151.0,not included,not included,not included,not included,not included,not included,not included,not included,not included,not included,not included,not included,7.702509691899612,1.224239951030402,3.111609875535605,48.031496062992126
2022-23,N6,South East,Worthing,BSU,50<71,A to F2,272.0,not included,not included,not included,not included,not included,not included,not included,not included,not included,not included,not included,not included,8.354834746283327,2.1808575992136627,1.474382602285293,24.120603015075375
2022-23,N7,South West,Avon,BSU,50<71,A to F2,352.0,not included,not included,not included,not included,not included,not included,not included,not included,not included,not included,not included,not included,9.008086805200122,2.0217013000307094,3.5315794861295937,50.54945054945055
2022-23,N7,South West,Cornwall,BSU,50<71,A to F2,159.0,not included,not included,not included,not included,not included,not included,not included,not included,not included,not included,not included,not included,8.682830930537353,1.8020969855832243,3.494975972040192,50.79365079365079
2022-23,N7,South West,Dorset,BSU,50<71,A to F2,365.0,not included,not included,not included,not included,not included,not included,not included,not included,not included,not included,not included,not included,9.999178149741118,2.3833657507602117,3.9722762512670187,52.15827338129496
2022-23,N7,South West,Gloucestershire,BSU,50<71,A to F2,228.0,not included,not included,not included,not included,not included,not included,not included,not included,not included,not included,not included,not included,8.580460635255156,1.6558783682071354,2.784886346530182,40.21739130434783
2022-23,N7,South West,North & East Devon,BSU,50<71,A to F2,191.0,not included,not included,not included,not included,not included,not included,not included,not included,not included,not included,not included,not included,7.081680323310223,1.4459975529272182,2.409995921545364,42.76315789473684
2022-23,N7,South West,Somerset,BSU,50<71,A to F2,192.0,not included,not included,not included,not included,not included,not included,not included,not included,not included,not included,not included,not included,7.557864903164856,1.2990080302314597,3.4246575342465753,54.71698113207547
2022-23,N7,South West,South Devon,BSU,50<71,A to F2,100.0,not included,not included,not included,not included,not included,not included,not included,not included,not included,not included,not included,not included,8.104384471999351,1.4587892049598834,4.052192235999676,61.72839506172839
2022-23,N7,South West,West Devon,BSU,50<71,A to F2,165.0,not included,not included,not included,not included,not included,not included,not included,not included,not included,not included,not included,not included,9.60195530726257,2.15316573556797,3.608007448789572,48.4375
2022-23,N7,South West,Wiltshire,BSU,50<71,A to F2,206.0,not included,not included,not included,not included,not included,not included,not included,not included,not included,not included,not included,not included,9.021239325596671,1.8830742281585284,3.459601488942413,48.466257668711656
2023-24,N1,North East and Yorkshire,Barnsley,BSU,45 and over,A to F2,63.0,not included,not included,not included,not included,not included,not included,not included,not included,not included,not included,not included,not included,8.281845668463259,2.3662416195609306,2.103325884054161,35.55555555555556
2023-24,N1,North East and Yorkshire,Doncaster,BSU,45 and over,A to F2,104.0,not included,not included,not included,not included,not included,not included,not included,not included,not included,not included,not included,not included,7.878191046132868,0.7575183698204682,3.787591849102341,53.191489361702125
2023-24,N1,North East and Yorkshire,Gateshead,BSU,45 and over,A to F2,254.0,not included,not included,not included,not included,not included,not included,not included,not included,not included,not included,not included,not included,8.717737506864362,2.0249862712795164,3.2948929159802307,49.23076923076923
2023-24,N1,North East and Yorkshire,Humberside,BSU,45 and over,A to F2,244.0,not included,not included,not included,not included,not included,not included,not included,not included,not included,not included,not included,not included,7.319634018299085,1.0199490025498725,3.0298485075746213,48.095238095238095
2023-24,N1,North East and Yorkshire,Leeds Wakefield,BSU,45 and over,A to F2,257.0,not included,not included,not included,not included,not included,not included,not included,not included,not included,not included,not included,not included,8.124427022413302,2.1180412859987987,3.350930989789144,55.78947368421052
2023-24,N1,North East and Yorkshire,Newcastle,BSU,45 and over,A to F2,345.0,not included,not included,not included,not included,not included,not included,not included,not included,not included,not included,not included,not included,8.626293944091614,1.5752362854428164,3.47552132819923,49.29078014184397
2023-24,N1,North East and Yorkshire,North Cumbria,BSU,45 and over,A to F2,95.0,not included,not included,not included,not included,not included,not included,not included,not included,not included,not included,not included,not included,7.029746929110552,1.4059493858221104,2.73790143554832,48.68421052631579
2023-24,N1,North East and Yorkshire,North Tees,BSU,45 and over,A to F2,342.0,not included,not included,not included,not included,not included,not included,not included,not included,not included,not included,not included,not included,8.804448563484709,2.008032128514056,3.5269282257234065,51.89393939393939
2023-24,N1,North East and Yorkshire,North Yorkshire,BSU,45 and over,A to F2,259.0,not included,not included,not included,not included,not included,not included,not included,not included,not included,not included,not included,not included,9.026906454760908,1.847204795761885,2.5442632092569357,35.43689320388349
2023-24,N1,North East and Yorkshire,Pennine,BSU,45 and over,A to F2,269.0,not included,not included,not included,not included,not included,not included,not included,not included,not included,not included,not included,not included,6.872237692563165,1.0729887847124644,2.9634928339677593,51.10132158590308
2023-24,N1,North East and Yorkshire,Rotherham,BSU,45 and over,A to F2,72.0,not included,not included,not included,not included,not included,not included,not included,not included,not included,not included,not included,not included,8.152173913043478,1.9248188405797102,3.170289855072464,50.90909090909091
2023-24,N1,North East and Yorkshire,Sheffield,BSU,45 and over,A to F2,169.0,not included,not included,not included,not included,not included,not included,not included,not included,not included,not included,not included,not included,9.203289222893863,1.1980613189565976,4.029842618308555,50.34013605442177
2023-24,N2,North West,Bolton,BSU,45 and over,A to F2,226.0,not included,not included,not included,not included,not included,not included,not included,not included,not included,not included,not included,not included,8.002832861189802,1.8059490084985836,2.7620396600566575,44.57142857142857
2023-24,N2,North West,Cheshire & Stockport,BSU,45 and over,A to F2,257.0,not included,not included,not included,not included,not included,not included,not included,not included,not included,not included,not included,not included,8.864208602076364,1.8970096230124514,3.93198358224399,56.43564356435643
2023-24,N2,North West,East Lancashire,BSU,45 and over,A to F2,134.0,not included,not included,not included,not included,not included,not included,not included,not included,not included,not included,not included,not included,8.235511031897241,1.3520988261323827,3.318788027779485,48.214285714285715
2023-24,N2,North West,Liverpool,BSU,45 and over,A to F2,281.0,not included,not included,not included,not included,not included,not included,not included,not included,not included,not included,not included,not included,10.086869121975733,2.046090889511092,3.1947734941488983,39.732142857142854
2023-24,N2,North West,Manchester,BSU,45 and over,A to F2,446.0,not included,not included,not included,not included,not included,not included,not included,not included,not included,not included,not included,not included,8.57659320795354,1.8653128725818238,3.461405330564209,51.724137931034484
2023-24,N2,North West,North Lancashire & South Cumbria,BSU,45 and over,A to F2,222.0,not included,not included,not included,not included,not included,not included,not included,not included,not included,not included,not included,not included,8.429526123936817,2.0883961117861483,2.6199878493317135,41.31736526946108
2023-24,N2,North West,South Lancashire,BSU,45 and over,A to F2,302.0,not included,not included,not included,not included,not included,not included,not included,not included,not included,not included,not included,not included,10.210981877197728,2.5020286718961318,3.0768190424668647,39.91228070175439
2023-24,N2,North West,"Warrington, Halton, St Helens & Knowsley",BSU,45 and over,A to F2,182.0,not included,not included,not included,not included,not included,not included,not included,not included,not included,not included,not included,not included,8.52658702272195,1.546029515108925,2.7172639962520497,38.92617449664429
2023-24,N2,North West,Wirral & Chester,BSU,45 and over,A to F2,188.0,not included,not included,not included,not included,not included,not included,not included,not included,not included,not included,not included,not included,8.738902059220008,2.09175847162181,2.6495607307209594,39.86013986013986
2023-24,N3,Midlands,"City, Sandwell & Walsall",BSU,45 and over,A to F2,225.0,not included,not included,not included,not included,not included,not included,not included,not included,not included,not included,not included,not included,7.629963715283664,1.4920817932110277,2.5772321882735936,41.988950276243095
2023-24,N3,Midlands,"Dudley, Wolverhampton & South West Staffordshire",BSU,45 and over,A to F2,204.0,not included,not included,not included,not included,not included,not included,not included,not included,not included,not included,not included,not included,8.605053359767156,1.5185388281942043,2.82616948580588,39.88095238095239
2023-24,N3,Midlands,Hereford & Worcester,BSU,45 and over,A to F2,368.0,not included,not included,not included,not included,not included,not included,not included,not included,not included,not included,not included,not included,9.586329061164948,1.6150880483484422,3.3864749400854435,42.48366013071895
2023-24,N3,Midlands,Kettering,BSU,45 and over,A to F2,92.0,not included,not included,not included,not included,not included,not included,not included,not included,not included,not included,not included,not included,7.331845712464138,1.4344915524386357,3.1080650302837105,52.702702702702695
2023-24,N3,Midlands,Leicestershire,BSU,45 and over,A to F2,309.0,not included,not included,not included,not included,not included,not included,not included,not included,not included,not included,not included,not included,8.410909684795035,1.8781642985464642,3.7563285970929283,57.49999999999999
2023-24,N3,Midlands,Lincolnshire,BSU,45 and over,A to F2,237.0,not included,not included,not included,not included,not included,not included,not included,not included,not included,not included,not included,not included,7.522854240731336,1.4601320467242254,3.015490096495683,49.73821989528796
2023-24,N3,Midlands,North Derbyshire & Chesterfield,BSU,45 and over,A to F2,133.0,not included,not included,not included,not included,not included,not included,not included,not included,not included,not included,not included,not included,8.578431372549021,1.2254901960784315,4.127966976264189,56.14035087719298
2023-24,N3,Midlands,North Midlands,BSU,45 and over,A to F2,178.0,not included,not included,not included,not included,not included,not included,not included,not included,not included,not included,not included,not included,7.693637621023513,1.9882434301521437,2.8959197786998616,50.75757575757576
2023-24,N3,Midlands,North Nottinghamshire,BSU,45 and over,A to F2,71.0,not included,not included,not included,not included,not included,not included,not included,not included,not included,not included,not included,not included,7.027615559734732,0.9898050084133426,3.6622785311293677,60.65573770491803
2023-24,N3,Midlands,Northampton,BSU,45 and over,A to F2,121.0,not included,not included,not included,not included,not included,not included,not included,not included,not included,not included,not included,not included,9.108016560030109,1.6560030109145654,2.7850959729017686,37.37373737373738
2023-24,N3,Midlands,Nottingham City,BSU,45 and over,A to F2,165.0,not included,not included,not included,not included,not included,not included,not included,not included,not included,not included,not included,not included,8.695193929173692,1.2120573355817874,4.2158516020236085,56.33802816901409
2023-24,N3,Midlands,Shropshire,BSU,45 and over,A to F2,156.0,not included,not included,not included,not included,not included,not included,not included,not included,not included,not included,not included,not included,8.51249590745389,1.6370184437411328,3.0557677616501144,44.44444444444444
2023-24,N3,Midlands,South Birmingham,BSU,45 and over,A to F2,91.0,not included,not included,not included,not included,not included,not included,not included,not included,not included,not included,not included,not included,8.642796086997816,2.279418748219204,3.704055465856207,58.2089552238806
2023-24,N3,Midlands,South Derbyshire & South East Staffordshire,BSU,45 and over,A to F2,279.0,not included,not included,not included,not included,not included,not included,not included,not included,not included,not included,not included,not included,7.8936200311218,1.3297496109775073,2.9141321261847506,44.58874458874459
2023-24,N3,Midlands,"Warwickshire, Solihull & Coventry",BSU,45 and over,A to F2,356.0,not included,not included,not included,not included,not included,not included,not included,not included,not included,not included,not included,not included,8.998988877654197,1.870576339737108,3.134479271991911,43.97163120567376
2023-24,N4,East of England,Beds & Herts,BSU,45 and over,A to F2,431.0,not included,not included,not included,not included,not included,not included,not included,not included,not included,not included,not included,not included,8.056375939287449,2.1122284945231597,2.5795356835769563,43.39622641509434
2023-24,N4,East of England,Cambridge & Huntingdon,BSU,45 and over,A to F2,117.0,not included,not included,not included,not included,not included,not included,not included,not included,not included,not included,not included,not included,8.766671661921174,1.9481492582047055,3.9712273340326685,58.24175824175825
2023-24,N4,East of England,Chelmsford & Colchester,BSU,45 and over,A to F2,198.0,not included,not included,not included,not included,not included,not included,not included,not included,not included,not included,not included,not included,7.24929520741039,1.537729286420386,2.1235309193424374,37.17948717948718
2023-24,N4,East of England,East Suffolk,BSU,45 and over,A to F2,118.0,not included,not included,not included,not included,not included,not included,not included,not included,not included,not included,not included,not included,6.570887626684486,0.9466533021494599,3.0627018598953115,54.45544554455446
2023-24,N4,East of England,Great Yarmouth & Waveney,BSU,45 and over,A to F2,79.0,not included,not included,not included,not included,not included,not included,not included,not included,not included,not included,not included,not included,7.888955462352706,0.9986019572598362,3.8945476333133615,56.52173913043478
2023-24,N4,East of England,King's Lynn,BSU,45 and over,A to F2,86.0,not included,not included,not included,not included,not included,not included,not included,not included,not included,not included,not included,not included,7.923346231803944,0.9213193292795283,2.7639579878385847,39.473684210526315
2023-24,N4,East of England,Milton Keynes,BSU,45 and over,A to F2,72.0,not included,not included,not included,not included,not included,not included,not included,not included,not included,not included,not included,not included,7.821835958718088,1.8468223791417708,2.933188484519283,49.09090909090909
2023-24,N4,East of England,Norfolk & Norwich,BSU,45 and over,A to F2,206.0,not included,not included,not included,not included,not included,not included,not included,not included,not included,not included,not included,not included,8.382161458333334,1.6682942708333333,3.5400390625,52.72727272727272
2023-24,N4,East of England,Peterborough,BSU,45 and over,A to F2,134.0,not included,not included,not included,not included,not included,not included,not included,not included,not included,not included,not included,not included,10.423959548813691,2.178140801244652,3.6561649163749514,44.339622641509436
2023-24,N4,East of England,South Essex,BSU,45 and over,A to F2,165.0,not included,not included,not included,not included,not included,not included,not included,not included,not included,not included,not included,not included,7.410068711546234,1.4371042349665424,2.4700229038487445,41.35338345864661
2023-24,N4,East of England,West Essex (Epping),BSU,45 and over,A to F2,107.0,not included,not included,not included,not included,not included,not included,not included,not included,not included,not included,not included,not included,7.671900767190077,1.3623001362300138,3.1548003154800317,50.0
2023-24,N4,East of England,West Suffolk,BSU,45 and over,A to F2,99.0,not included,not included,not included,not included,not included,not included,not included,not included,not included,not included,not included,not included,7.711481539180558,0.9347250350521887,3.738900140208755,55.172413793103445
2023-24,N5,London,Central & East London,BSU,45 and over,A to F2,272.0,not included,not included,not included,not included,not included,not included,not included,not included,not included,not included,not included,not included,8.289397494895317,2.3161551823972206,2.681863895407308,44.89795918367347
2023-24,N5,London,North London,BSU,45 and over,A to F2,517.0,not included,not included,not included,not included,not included,not included,not included,not included,not included,not included,not included,not included,8.61939614211167,1.733882396092096,2.4841199713242528,36.16504854368932
2023-24,N5,London,Outer North East London,BSU,45 and over,A to F2,192.0,not included,not included,not included,not included,not included,not included,not included,not included,not included,not included,not included,not included,7.063757771973069,1.3244545822449505,2.6121187594275415,45.51282051282051
2023-24,N5,London,South East London,BSU,45 and over,A to F2,422.0,not included,not included,not included,not included,not included,not included,not included,not included,not included,not included,not included,not included,8.433253397282174,2.1782573940847323,2.2382094324540365,35.78274760383386
2023-24,N5,London,South West London,BSU,45 and over,A to F2,424.0,not included,not included,not included,not included,not included,not included,not included,not included,not included,not included,not included,not included,7.849671387577525,1.6476904563547161,2.4437656206609275,39.40298507462687
2023-24,N5,London,West of London,BSU,45 and over,A to F2,330.0,not included,not included,not included,not included,not included,not included,not included,not included,not included,not included,not included,not included,8.559201141226819,1.815588120866295,2.645571261833744,39.23076923076923
2023-24,N6,South East,Aylesbury & Wycombe,BSU,45 and over,A to F2,190.0,not included,not included,not included,not included,not included,not included,not included,not included,not included,not included,not included,not included,9.283236429374115,1.6612107294669467,4.055308545463429,53.205128205128204
2023-24,N6,South East,Brighton,BSU,45 and over,A to F2,272.0,not included,not included,not included,not included,not included,not included,not included,not included,not included,not included,not included,not included,8.471672843928117,1.9621889307627622,3.23916902856075,49.760765550239235
2023-24,N6,South East,Canterbury,BSU,45 and over,A to F2,246.0,not included,not included,not included,not included,not included,not included,not included,not included,not included,not included,not included,not included,9.426732066217044,1.8010423053341509,3.525444512568976,46.231155778894475
2023-24,N6,South East,East Berkshire,BSU,45 and over,A to F2,159.0,not included,not included,not included,not included,not included,not included,not included,not included,not included,not included,not included,not included,9.196598993579732,1.9087280930071144,2.429290300190873,33.33333333333333
2023-24,N6,South East,Guildford,BSU,45 and over,A to F2,431.0,not included,not included,not included,not included,not included,not included,not included,not included,not included,not included,not included,not included,9.455901711276875,2.5449758666081617,3.6858271171566477,53.333333333333336
2023-24,N6,South East,Isle of Wight,BSU,45 and over,A to F2,73.0,not included,not included,not included,not included,not included,not included,not included,not included,not included,not included,not included,not included,10.34873830450808,1.9846895378508649,2.977034306776297,35.59322033898305
2023-24,N6,South East,Maidstone,BSU,45 and over,A to F2,221.0,not included,not included,not included,not included,not included,not included,not included,not included,not included,not included,not included,not included,11.367143298014607,3.4461475156876866,3.0346672153070675,38.311688311688314
2023-24,N6,South East,Medway,BSU,45 and over,A to F2,243.0,not included,not included,not included,not included,not included,not included,not included,not included,not included,not included,not included,not included,9.417509591907917,2.3640661938534278,3.565476882533039,50.54945054945055
2023-24,N6,South East,North & Mid Hampshire,BSU,45 and over,A to F2,183.0,not included,not included,not included,not included,not included,not included,not included,not included,not included,not included,not included,not included,7.901554404145078,1.2521588946459412,3.4110535405872193,51.298701298701296
2023-24,N6,South East,Oxfordshire,BSU,45 and over,A to F2,230.0,not included,not included,not included,not included,not included,not included,not included,not included,not included,not included,not included,not included,8.468335787923417,1.6936671575846833,3.755522827687776,55.434782608695656
2023-24,N6,South East,Portsmouth,BSU,45 and over,A to F2,218.0,not included,not included,not included,not included,not included,not included,not included,not included,not included,not included,not included,not included,9.291620492711619,2.216349842298184,3.1540363140397236,44.57831325301205
2023-24,N6,South East,Southampton & Salisbury,BSU,45 and over,A to F2,249.0,not included,not included,not included,not included,not included,not included,not included,not included,not included,not included,not included,not included,8.454434333831319,1.697677577074562,3.972565530354475,58.79396984924623
2023-24,N6,South East,West Berkshire,BSU,45 and over,A to F2,180.0,not included,not included,not included,not included,not included,not included,not included,not included,not included,not included,not included,not included,9.317734755150635,2.018842530282638,2.53649446112434,34.751773049645394
2023-24,N6,South East,Worthing,BSU,45 and over,A to F2,295.0,not included,not included,not included,not included,not included,not included,not included,not included,not included,not included,not included,not included,9.115911127591854,2.1321961620469083,2.997435184326813,42.92035398230089
2023-24,N7,South West,Avon,BSU,45 and over,A to F2,341.0,not included,not included,not included,not included,not included,not included,not included,not included,not included,not included,not included,not included,9.67980015896446,2.3276938798682867,3.9741115022141478,54.263565891472865
2023-24,N7,South West,Cornwall,BSU,45 and over,A to F2,154.0,not included,not included,not included,not included,not included,not included,not included,not included,not included,not included,not included,not included,10.223048327137546,2.721720658523633,4.115772703133298,54.86725663716814
2023-24,N7,South West,Dorset,BSU,45 and over,A to F2,273.0,not included,not included,not included,not included,not included,not included,not included,not included,not included,not included,not included,not included,9.191919191919192,2.255892255892256,3.6363636363636362,52.42718446601942
2023-24,N7,South West,Gloucestershire,BSU,45 and over,A to F2,188.0,not included,not included,not included,not included,not included,not included,not included,not included,not included,not included,not included,not included,8.561799799617452,1.4117861371709626,3.4156116221878134,47.77070063694268
2023-24,N7,South West,North & East Devon,BSU,45 and over,A to F2,187.0,not included,not included,not included,not included,not included,not included,not included,not included,not included,not included,not included,not included,8.042664831620145,0.9461958625435465,2.709560879101974,38.18181818181819
2023-24,N7,South West,Somerset,BSU,45 and over,A to F2,173.0,not included,not included,not included,not included,not included,not included,not included,not included,not included,not included,not included,not included,9.175285070273135,1.591089896579157,4.030761071333864,53.14685314685315
2023-24,N7,South West,South Devon,BSU,45 and over,A to F2,71.0,not included,not included,not included,not included,not included,not included,not included,not included,not included,not included,not included,not included,5.538221528861155,0.8580343213728548,2.730109204368175,58.333333333333336
2023-24,N7,South West,West Devon,BSU,45 and over,A to F2,237.0,not included,not included,not included,not included,not included,not included,not included,not included,not included,not included,not included,not included,11.283027850511784,2.570816472268507,3.618186146155677,41.53005464480874
2023-24,N7,South West,Wiltshire,BSU,45 and over,A to F2,198.0,not included,not included,not included,not included,not included,not included,not included,not included,not included,not included,not included,not included,9.053911930129408,1.463258493758288,4.43550230920481,58.43373493975904
2023-24,N1,North East and Yorkshire,Barnsley,BSU,50<71,A to F2,54.0,not included,not included,not included,not included,not included,not included,not included,not included,not included,not included,not included,not included,7.506255212677231,2.085070892410342,2.2240756185710313,41.02564102564102
2023-24,N1,North East and Yorkshire,Doncaster,BSU,50<71,A to F2,96.0,not included,not included,not included,not included,not included,not included,not included,not included,not included,not included,not included,not included,7.643312101910828,0.7165605095541401,3.582802547770701,51.724137931034484
2023-24,N1,North East and Yorkshire,Gateshead,BSU,50<71,A to F2,227.0,not included,not included,not included,not included,not included,not included,not included,not included,not included,not included,not included,not included,8.112068041310796,1.822535110602866,3.144766465353965,50.0
2023-24,N1,North East and Yorkshire,Humberside,BSU,50<71,A to F2,224.0,not included,not included,not included,not included,not included,not included,not included,not included,not included,not included,not included,not included,6.998250437390652,0.968507873031742,2.9680079980005,49.22279792746114
2023-24,N1,North East and Yorkshire,Leeds Wakefield,BSU,50<71,A to F2,235.0,not included,not included,not included,not included,not included,not included,not included,not included,not included,not included,not included,not included,7.866898768077129,1.9416175682913765,3.3141403320835567,55.932203389830505
2023-24,N1,North East and Yorkshire,Newcastle,BSU,50<71,A to F2,311.0,not included,not included,not included,not included,not included,not included,not included,not included,not included,not included,not included,not included,8.44741416775315,1.5482398956975227,3.422425032594524,49.60629921259843
2023-24,N1,North East and Yorkshire,North Cumbria,BSU,50<71,A to F2,76.0,not included,not included,not included,not included,not included,not included,not included,not included,not included,not included,not included,not included,5.977662419380211,1.2584552461853076,2.516910492370615,53.333333333333336
2023-24,N1,North East and Yorkshire,North Tees,BSU,50<71,A to F2,323.0,not included,not included,not included,not included,not included,not included,not included,not included,not included,not included,not included,not included,8.590654006755498,1.994733902497407,3.4575387643288384,52.41935483870967
2023-24,N1,North East and Yorkshire,North Yorkshire,BSU,50<71,A to F2,229.0,not included,not included,not included,not included,not included,not included,not included,not included,not included,not included,not included,not included,8.592870544090056,1.6510318949343339,2.5140712945590993,36.21621621621622
2023-24,N1,North East and Yorkshire,Pennine,BSU,50<71,A to F2,255.0,not included,not included,not included,not included,not included,not included,not included,not included,not included,not included,not included,not included,6.772009029345372,1.0888328243261187,3.0274863895896957,53.271028037383175
2023-24,N1,North East and Yorkshire,Rotherham,BSU,50<71,A to F2,61.0,not included,not included,not included,not included,not included,not included,not included,not included,not included,not included,not included,not included,7.964486225355791,2.089045567306437,3.133568350959655,53.333333333333336
2023-24,N1,North East and Yorkshire,Sheffield,BSU,50<71,A to F2,155.0,not included,not included,not included,not included,not included,not included,not included,not included,not included,not included,not included,not included,8.85410716325831,1.0282188963783845,3.998629041471496,51.09489051094891
2023-24,N2,North West,Bolton,BSU,50<71,A to F2,189.0,not included,not included,not included,not included,not included,not included,not included,not included,not included,not included,not included,not included,7.805079496180054,1.858352260995251,2.808176749948379,47.22222222222222
2023-24,N2,North West,Cheshire & Stockport,BSU,50<71,A to F2,232.0,not included,not included,not included,not included,not included,not included,not included,not included,not included,not included,not included,not included,8.428701180744778,1.9255222524977293,3.74205267938238,57.54189944134078
2023-24,N2,North West,East Lancashire,BSU,50<71,A to F2,124.0,not included,not included,not included,not included,not included,not included,not included,not included,not included,not included,not included,not included,7.98660311735154,1.2237537034651553,3.4136287517712227,50.476190476190474
2023-24,N2,North West,Liverpool,BSU,50<71,A to F2,250.0,not included,not included,not included,not included,not included,not included,not included,not included,not included,not included,not included,not included,9.379807151164972,1.988519116046974,2.964019059768131,40.10152284263959
2023-24,N2,North West,Manchester,BSU,50<71,A to F2,425.0,not included,not included,not included,not included,not included,not included,not included,not included,not included,not included,not included,not included,8.419843093747524,1.8622711783818051,3.44718281955781,52.72727272727272
2023-24,N2,North West,North Lancashire & South Cumbria,BSU,50<71,A to F2,200.0,not included,not included,not included,not included,not included,not included,not included,not included,not included,not included,not included,not included,7.981482959533881,2.075185569478809,2.514167132253173,42.567567567567565
2023-24,N2,North West,South Lancashire,BSU,50<71,A to F2,249.0,not included,not included,not included,not included,not included,not included,not included,not included,not included,not included,not included,not included,9.729603000937793,2.305407939981244,3.204126289465458,43.15789473684211
2023-24,N2,North West,"Warrington, Halton, St Helens & Knowsley",BSU,50<71,A to F2,172.0,not included,not included,not included,not included,not included,not included,not included,not included,not included,not included,not included,not included,8.369829683698297,1.5571776155717763,2.67639902676399,39.285714285714285
2023-24,N2,North West,Wirral & Chester,BSU,50<71,A to F2,169.0,not included,not included,not included,not included,not included,not included,not included,not included,not included,not included,not included,not included,8.473301579343193,2.155928804211582,2.757583354224116,43.65079365079365
2023-24,N3,Midlands,"City, Sandwell & Walsall",BSU,50<71,A to F2,212.0,not included,not included,not included,not included,not included,not included,not included,not included,not included,not included,not included,not included,7.375965486048292,1.4264838911697169,2.5746294621111963,43.27485380116959
2023-24,N3,Midlands,"Dudley, Wolverhampton & South West Staffordshire",BSU,50<71,A to F2,184.0,not included,not included,not included,not included,not included,not included,not included,not included,not included,not included,not included,not included,8.145918186647778,1.549495307242784,2.8333628475296617,42.95302013422819
2023-24,N3,Midlands,Hereford & Worcester,BSU,50<71,A to F2,332.0,not included,not included,not included,not included,not included,not included,not included,not included,not included,not included,not included,not included,9.106119202391728,1.563399983543158,3.2365122466332044,42.90909090909091
2023-24,N3,Midlands,Kettering,BSU,50<71,A to F2,80.0,not included,not included,not included,not included,not included,not included,not included,not included,not included,not included,not included,not included,6.736274840013472,1.4314584035028628,2.9471202425058944,55.55555555555556
2023-24,N3,Midlands,Leicestershire,BSU,50<71,A to F2,286.0,not included,not included,not included,not included,not included,not included,not included,not included,not included,not included,not included,not included,8.246590352065974,1.9318935440154552,3.5466105360283726,56.16438356164384
2023-24,N3,Midlands,Lincolnshire,BSU,50<71,A to F2,208.0,not included,not included,not included,not included,not included,not included,not included,not included,not included,not included,not included,not included,7.0206230802983765,1.4176258142910183,2.8352516285820366,50.602409638554214
2023-24,N3,Midlands,North Derbyshire & Chesterfield,BSU,50<71,A to F2,123.0,not included,not included,not included,not included,not included,not included,not included,not included,not included,not included,not included,not included,8.351439435089624,1.2900597501357958,4.005975013579576,56.730769230769226
2023-24,N3,Midlands,North Midlands,BSU,50<71,A to F2,148.0,not included,not included,not included,not included,not included,not included,not included,not included,not included,not included,not included,not included,7.426736250501807,2.007226013649137,2.9104777197912486,53.70370370370371
2023-24,N3,Midlands,North Nottinghamshire,BSU,50<71,A to F2,64.0,not included,not included,not included,not included,not included,not included,not included,not included,not included,not included,not included,not included,6.629376424280092,1.0358400662937641,3.314688212140046,59.25925925925925
2023-24,N3,Midlands,Northampton,BSU,50<71,A to F2,111.0,not included,not included,not included,not included,not included,not included,not included,not included,not included,not included,not included,not included,8.77054361567636,1.6592920353982301,2.844500632111252,40.0
2023-24,N3,Midlands,Nottingham City,BSU,50<71,A to F2,144.0,not included,not included,not included,not included,not included,not included,not included,not included,not included,not included,not included,not included,8.089433177911355,1.1797090051120724,3.9885399696646258,57.72357723577236
2023-24,N3,Midlands,Shropshire,BSU,50<71,A to F2,141.0,not included,not included,not included,not included,not included,not included,not included,not included,not included,not included,not included,not included,8.129143845488613,1.6142980686076678,2.825021620063419,43.36283185840708
2023-24,N3,Midlands,South Birmingham,BSU,50<71,A to F2,85.0,not included,not included,not included,not included,not included,not included,not included,not included,not included,not included,not included,not included,8.425017345623946,2.0814748736247397,3.6673604916245415,57.8125
2023-24,N3,Midlands,South Derbyshire & South East Staffordshire,BSU,50<71,A to F2,260.0,not included,not included,not included,not included,not included,not included,not included,not included,not included,not included,not included,not included,7.6092364423893,1.3169832304135327,2.897363106909772,46.26168224299065
2023-24,N3,Midlands,"Warwickshire, Solihull & Coventry",BSU,50<71,A to F2,317.0,not included,not included,not included,not included,not included,not included,not included,not included,not included,not included,not included,not included,8.559239658710444,1.8090506534182957,3.1590884544767253,46.800000000000004
2023-24,N4,East of England,Beds & Herts,BSU,50<71,A to F2,389.0,not included,not included,not included,not included,not included,not included,not included,not included,not included,not included,not included,not included,7.662608832683292,2.048615214907615,2.481976125753457,44.21052631578947
2023-24,N4,East of England,Cambridge & Huntingdon,BSU,50<71,A to F2,102.0,not included,not included,not included,not included,not included,not included,not included,not included,not included,not included,not included,not included,8.36888743025927,2.051197899573351,3.692156219232032,58.44155844155844
2023-24,N4,East of England,Chelmsford & Colchester,BSU,50<71,A to F2,154.0,not included,not included,not included,not included,not included,not included,not included,not included,not included,not included,not included,not included,6.714042812922353,1.4823211405153247,1.9182979465492436,36.666666666666664
2023-24,N4,East of England,East Suffolk,BSU,50<71,A to F2,104.0,not included,not included,not included,not included,not included,not included,not included,not included,not included,not included,not included,not included,6.104361096437167,0.997828256148383,2.7587016493514116,54.02298850574713
2023-24,N4,East of England,Great Yarmouth & Waveney,BSU,50<71,A to F2,60.0,not included,not included,not included,not included,not included,not included,not included,not included,not included,not included,not included,not included,6.564551422319474,0.87527352297593,2.954048140043764,51.92307692307693
2023-24,N4,East of England,King's Lynn,BSU,50<71,A to F2,76.0,not included,not included,not included,not included,not included,not included,not included,not included,not included,not included,not included,not included,7.715736040609137,0.9137055837563451,2.6395939086294415,38.80597014925373
2023-24,N4,East of England,Milton Keynes,BSU,50<71,A to F2,66.0,not included,not included,not included,not included,not included,not included,not included,not included,not included,not included,not included,not included,7.54371928220368,1.9430792090524631,2.743170648074065,48.97959183673469
2023-24,N4,East of England,Norfolk & Norwich,BSU,50<71,A to F2,184.0,not included,not included,not included,not included,not included,not included,not included,not included,not included,not included,not included,not included,8.045122644396834,1.5303222421407021,3.454155917974728,53.02013422818792
2023-24,N4,East of England,Peterborough,BSU,50<71,A to F2,114.0,not included,not included,not included,not included,not included,not included,not included,not included,not included,not included,not included,not included,9.527789385708315,2.173004596740493,3.343083994985374,45.45454545454545
2023-24,N4,East of England,South Essex,BSU,50<71,A to F2,142.0,not included,not included,not included,not included,not included,not included,not included,not included,not included,not included,not included,not included,7.038065027755749,1.437351308485329,2.5277557494052343,45.13274336283185
2023-24,N4,East of England,West Essex (Epping),BSU,50<71,A to F2,101.0,not included,not included,not included,not included,not included,not included,not included,not included,not included,not included,not included,not included,7.729986223786928,1.4541558242767487,3.2144497168222865,51.21951219512195
2023-24,N4,East of England,West Suffolk,BSU,50<71,A to F2,85.0,not included,not included,not included,not included,not included,not included,not included,not included,not included,not included,not included,not included,7.086876771719193,0.8337502084375521,3.585125896281474,57.333333333333336
2023-24,N5,London,Central & East London,BSU,50<71,A to F2,254.0,not included,not included,not included,not included,not included,not included,not included,not included,not included,not included,not included,not included,7.878411910669976,2.2022332506203472,2.574441687344913,45.3551912568306
2023-24,N5,London,North London,BSU,50<71,A to F2,486.0,not included,not included,not included,not included,not included,not included,not included,not included,not included,not included,not included,not included,8.315225760090339,1.7280613205126012,2.361113487433059,35.9375
2023-24,N5,London,Outer North East London,BSU,50<71,A to F2,181.0,not included,not included,not included,not included,not included,not included,not included,not included,not included,not included,not included,not included,6.933537636468109,1.3024324841984294,2.643171806167401,46.93877551020408
2023-24,N5,London,South East London,BSU,50<71,A to F2,388.0,not included,not included,not included,not included,not included,not included,not included,not included,not included,not included,not included,not included,8.15811606391926,2.144659377628259,2.144659377628259,35.66433566433567
2023-24,N5,London,South West London,BSU,50<71,A to F2,399.0,not included,not included,not included,not included,not included,not included,not included,not included,not included,not included,not included,not included,7.561974073231749,1.591994541733,2.3879918125994997,40.0
2023-24,N5,London,West of London,BSU,50<71,A to F2,300.0,not included,not included,not included,not included,not included,not included,not included,not included,not included,not included,not included,not included,8.014961261020572,1.7365749398877905,2.457921453379642,39.148936170212764
2023-24,N6,South East,Aylesbury & Wycombe,BSU,50<71,A to F2,163.0,not included,not included,not included,not included,not included,not included,not included,not included,not included,not included,not included,not included,8.889616055846423,1.5815881326352532,3.926701570680628,53.73134328358209
2023-24,N6,South East,Brighton,BSU,50<71,A to F2,238.0,not included,not included,not included,not included,not included,not included,not included,not included,not included,not included,not included,not included,7.8578975171685155,1.9149498151082938,2.971473851030111,50.0
2023-24,N6,South East,Canterbury,BSU,50<71,A to F2,225.0,not included,not included,not included,not included,not included,not included,not included,not included,not included,not included,not included,not included,8.960573476702509,1.6726403823178018,3.38510553564317,46.44808743169399
2023-24,N6,South East,East Berkshire,BSU,50<71,A to F2,138.0,not included,not included,not included,not included,not included,not included,not included,not included,not included,not included,not included,not included,8.507490290364343,1.8494544109487703,2.342642253868442,35.18518518518518
2023-24,N6,South East,Guildford,BSU,50<71,A to F2,377.0,not included,not included,not included,not included,not included,not included,not included,not included,not included,not included,not included,not included,8.711928640754262,2.4726163516199104,3.373850348939317,54.074074074074076
2023-24,N6,South East,Isle of Wight,BSU,50<71,A to F2,65.0,not included,not included,not included,not included,not included,not included,not included,not included,not included,not included,not included,not included,9.655377302436126,1.6339869281045751,3.1194295900178255,38.88888888888889
2023-24,N6,South East,Maidstone,BSU,50<71,A to F2,193.0,not included,not included,not included,not included,not included,not included,not included,not included,not included,not included,not included,not included,10.450508988520685,3.5196014728178473,2.490794888455707,35.9375
2023-24,N6,South East,Medway,BSU,50<71,A to F2,220.0,not included,not included,not included,not included,not included,not included,not included,not included,not included,not included,not included,not included,8.876336493847084,2.340125075650595,3.389146661287069,51.85185185185185
2023-24,N6,South East,North & Mid Hampshire,BSU,50<71,A to F2,162.0,not included,not included,not included,not included,not included,not included,not included,not included,not included,not included,not included,not included,7.464061924069296,1.1979358643568006,3.225211942499078,51.470588235294116
2023-24,N6,South East,Oxfordshire,BSU,50<71,A to F2,196.0,not included,not included,not included,not included,not included,not included,not included,not included,not included,not included,not included,not included,7.686575944154673,1.6471234166045727,3.5295501784383703,58.44155844155844
2023-24,N6,South East,Portsmouth,BSU,50<71,A to F2,196.0,not included,not included,not included,not included,not included,not included,not included,not included,not included,not included,not included,not included,8.765652951699463,2.101967799642218,3.041144901610018,45.63758389261745
2023-24,N6,South East,Southampton & Salisbury,BSU,50<71,A to F2,223.0,not included,not included,not included,not included,not included,not included,not included,not included,not included,not included,not included,not included,8.21393053151129,1.694353383181701,3.8675457659582304,59.32203389830508
2023-24,N6,South East,West Berkshire,BSU,50<71,A to F2,163.0,not included,not included,not included,not included,not included,not included,not included,not included,not included,not included,not included,not included,9.091416141446818,1.8963690110993363,2.34257348429918,32.55813953488372
2023-24,N6,South East,Worthing,BSU,50<71,A to F2,265.0,not included,not included,not included,not included,not included,not included,not included,not included,not included,not included,not included,not included,8.67430441898527,2.0621931260229136,2.7823240589198037,42.07920792079208
2023-24,N7,South West,Avon,BSU,50<71,A to F2,307.0,not included,not included,not included,not included,not included,not included,not included,not included,not included,not included,not included,not included,9.212026645862089,2.310508311828602,3.9608713917061755,57.64192139737992
2023-24,N7,South West,Cornwall,BSU,50<71,A to F2,140.0,not included,not included,not included,not included,not included,not included,not included,not included,not included,not included,not included,not included,10.030808913090207,2.722648133553056,4.012323565236082,54.90196078431373
2023-24,N7,South West,Dorset,BSU,50<71,A to F2,249.0,not included,not included,not included,not included,not included,not included,not included,not included,not included,not included,not included,not included,8.935299816987836,2.2966232461334193,3.552589083862633,53.51351351351351
2023-24,N7,South West,Gloucestershire,BSU,50<71,A to F2,168.0,not included,not included,not included,not included,not included,not included,not included,not included,not included,not included,not included,not included,8.108108108108109,1.303088803088803,3.33011583011583,48.93617021276596
2023-24,N7,South West,North & East Devon,BSU,50<71,A to F2,162.0,not included,not included,not included,not included,not included,not included,not included,not included,not included,not included,not included,not included,7.589243886442424,0.9837908741684624,2.7639838845685376,41.843971631205676
2023-24,N7,South West,Somerset,BSU,50<71,A to F2,142.0,not included,not included,not included,not included,not included,not included,not included,not included,not included,not included,not included,not included,8.313817330210773,1.4637002341920375,3.6885245901639347,53.84615384615385
2023-24,N7,South West,South Devon,BSU,50<71,A to F2,65.0,not included,not included,not included,not included,not included,not included,not included,not included,not included,not included,not included,not included,5.414861712762413,0.9163612129290237,2.582472509163612,57.407407407407405
2023-24,N7,South West,West Devon,BSU,50<71,A to F2,202.0,not included,not included,not included,not included,not included,not included,not included,not included,not included,not included,not included,not included,10.408079142621599,2.318631492168178,3.349134377576257,41.40127388535032
2023-24,N7,South West,Wiltshire,BSU,50<71,A to F2,175.0,not included,not included,not included,not included,not included,not included,not included,not included,not included,not included,not included,not included,8.578851904505122,1.4216383156037062,4.313936957694005,60.273972602739725
2024-25,N1,North East and Yorkshire,Barnsley,BSU,45 and over,A to F2,76.0,not included,not included,not included,not included,not included,not included,not included,not included,not included,not included,not included,not included,8.71759577884836,1.1470520761642578,4.014682266574902,53.03030303030303
2024-25,N1,North East and Yorkshire,Doncaster,BSU,45 and over,A to F2,144.0,not included,not included,not included,not included,not included,not included,not included,not included,not included,not included,not included,not included,7.751937984496124,0.9689922480620154,3.768303186907838,55.55555555555556
2024-25,N1,North East and Yorkshire,Gateshead,BSU,45 and over,A to F2,340.0,not included,not included,not included,not included,not included,not included,not included,not included,not included,not included,not included,not included,9.181744531460978,1.8633540372670807,4.0507696462327845,55.35055350553506
2024-25,N1,North East and Yorkshire,Humberside,BSU,45 and over,A to F2,384.0,not included,not included,not included,not included,not included,not included,not included,not included,not included,not included,not included,not included,8.629601330396872,1.5056856487932042,3.460829700211246,48.580441640378545
2024-25,N1,North East and Yorkshire,Leeds Wakefield,BSU,45 and over,A to F2,408.0,not included,not included,not included,not included,not included,not included,not included,not included,not included,not included,not included,not included,9.530706159919644,2.1957999486089377,4.858791375645309,66.2420382165605
2024-25,N1,North East and Yorkshire,Newcastle,BSU,45 and over,A to F2,339.0,not included,not included,not included,not included,not included,not included,not included,not included,not included,not included,not included,not included,8.615212584817911,1.626470812472998,3.8374545731784795,54.90909090909091
2024-25,N1,North East and Yorkshire,North Cumbria,BSU,45 and over,A to F2,95.0,not included,not included,not included,not included,not included,not included,not included,not included,not included,not included,not included,not included,6.704304869442485,0.9174311926605505,2.399435426958363,41.46341463414634
2024-25,N1,North East and Yorkshire,North Tees,BSU,45 and over,A to F2,352.0,not included,not included,not included,not included,not included,not included,not included,not included,not included,not included,not included,not included,9.333404040939705,1.9886514291774935,3.977302858354987,54.151624548736464
2024-25,N1,North East and Yorkshire,North Yorkshire,BSU,45 and over,A to F2,379.0,not included,not included,not included,not included,not included,not included,not included,not included,not included,not included,not included,not included,9.485196586330305,1.5016142353029507,3.1533898941361964,39.49843260188088
2024-25,N1,North East and Yorkshire,Pennine,BSU,45 and over,A to F2,325.0,not included,not included,not included,not included,not included,not included,not included,not included,not included,not included,not included,not included,8.647066648929094,1.9156578422242916,3.3257948649727282,49.40711462450593
2024-25,N1,North East and Yorkshire,Rotherham,BSU,45 and over,A to F2,89.0,not included,not included,not included,not included,not included,not included,not included,not included,not included,not included,not included,not included,8.183908045977013,1.103448275862069,2.6666666666666665,37.66233766233766
2024-25,N1,North East and Yorkshire,Sheffield,BSU,45 and over,A to F2,148.0,not included,not included,not included,not included,not included,not included,not included,not included,not included,not included,not included,not included,8.555902416464331,1.6186842409527114,3.2373684819054227,46.666666666666664
2024-25,N2,North West,Bolton,BSU,45 and over,A to F2,174.0,not included,not included,not included,not included,not included,not included,not included,not included,not included,not included,not included,not included,8.318990246701091,2.008032128514056,2.868617326448652,45.45454545454545
2024-25,N2,North West,Cheshire & Stockport,BSU,45 and over,A to F2,345.0,not included,not included,not included,not included,not included,not included,not included,not included,not included,not included,not included,not included,9.800579512527698,1.761263564570195,4.14749161979433,51.590106007067135
2024-25,N2,North West,East Lancashire,BSU,45 and over,A to F2,153.0,not included,not included,not included,not included,not included,not included,not included,not included,not included,not included,not included,not included,7.975811916801334,1.1468487723505185,2.9713809101808892,43.51145038167939
2024-25,N2,North West,Liverpool,BSU,45 and over,A to F2,293.0,not included,not included,not included,not included,not included,not included,not included,not included,not included,not included,not included,not included,8.498172747839202,1.7692441556934857,3.1614362782063923,46.98275862068966
2024-25,N2,North West,Manchester,BSU,45 and over,A to F2,422.0,not included,not included,not included,not included,not included,not included,not included,not included,not included,not included,not included,not included,8.831038379441678,1.8415435483195914,3.5366006780228516,50.59880239520959
2024-25,N2,North West,North Lancashire & South Cumbria,BSU,45 and over,A to F2,311.0,not included,not included,not included,not included,not included,not included,not included,not included,not included,not included,not included,not included,9.942773106557116,1.7903385658109274,3.996291441542249,49.01960784313725
2024-25,N2,North West,South Lancashire,BSU,45 and over,A to F2,254.0,not included,not included,not included,not included,not included,not included,not included,not included,not included,not included,not included,not included,8.608126885145898,1.6945131663673028,2.9145626461517606,42.15686274509804
2024-25,N2,North West,"Warrington, Halton, St Helens & Knowsley",BSU,45 and over,A to F2,189.0,not included,not included,not included,not included,not included,not included,not included,not included,not included,not included,not included,not included,9.139706949078775,2.031045988684172,3.3367184099811404,46.93877551020408
2024-25,N2,North West,Wirral & Chester,BSU,45 and over,A to F2,221.0,not included,not included,not included,not included,not included,not included,not included,not included,not included,not included,not included,not included,9.598679638637943,1.954482279360667,3.257470465601112,42.61363636363637
2024-25,N3,Midlands,"City, Sandwell & Walsall",BSU,45 and over,A to F2,345.0,not included,not included,not included,not included,not included,not included,not included,not included,not included,not included,not included,not included,8.102776081544459,1.6205552163088919,2.583493823101132,39.85507246376812
2024-25,N3,Midlands,"Dudley, Wolverhampton & South West Staffordshire",BSU,45 and over,A to F2,232.0,not included,not included,not included,not included,not included,not included,not included,not included,not included,not included,not included,not included,8.10395417074193,1.2575101299427134,3.248567835685343,47.44897959183674
2024-25,N3,Midlands,Hereford & Worcester,BSU,45 and over,A to F2,408.0,not included,not included,not included,not included,not included,not included,not included,not included,not included,not included,not included,not included,10.902386233065227,2.565267348956524,3.9280656280896773,47.11538461538461
2024-25,N3,Midlands,Kettering,BSU,45 and over,A to F2,107.0,not included,not included,not included,not included,not included,not included,not included,not included,not included,not included,not included,not included,6.99620766313587,1.4384726036354125,2.7461749705766967,49.411764705882355
2024-25,N3,Midlands,Leicestershire,BSU,45 and over,A to F2,243.0,not included,not included,not included,not included,not included,not included,not included,not included,not included,not included,not included,not included,7.7304829165871345,1.4633835973786347,3.3085194375516958,52.79187817258884
2024-25,N3,Midlands,Lincolnshire,BSU,45 and over,A to F2,222.0,not included,not included,not included,not included,not included,not included,not included,not included,not included,not included,not included,not included,8.52141870105942,1.6121602947950253,3.800092123445417,55.00000000000001
2024-25,N3,Midlands,North Derbyshire & Chesterfield,BSU,45 and over,A to F2,159.0,not included,not included,not included,not included,not included,not included,not included,not included,not included,not included,not included,not included,9.069130732375086,1.483002509696555,3.7645448323066395,49.62406015037594
2024-25,N3,Midlands,North Midlands,BSU,45 and over,A to F2,234.0,not included,not included,not included,not included,not included,not included,not included,not included,not included,not included,not included,not included,8.843537414965986,1.8518518518518519,3.968253968253968,56.75675675675676
2024-25,N3,Midlands,North Nottinghamshire,BSU,45 and over,A to F2,115.0,not included,not included,not included,not included,not included,not included,not included,not included,not included,not included,not included,not included,10.379061371841155,1.3537906137184115,3.88086642599278,43.0
2024-25,N3,Midlands,Northampton,BSU,45 and over,A to F2,149.0,not included,not included,not included,not included,not included,not included,not included,not included,not included,not included,not included,not included,9.7846073023378,1.1163645915418965,3.020751247701602,34.84848484848485
2024-25,N3,Midlands,Nottingham City,BSU,45 and over,A to F2,284.0,not included,not included,not included,not included,not included,not included,not included,not included,not included,not included,not included,not included,8.159043897954493,1.034245001149161,4.1082509767869455,57.66129032258065
2024-25,N3,Midlands,Shropshire,BSU,45 and over,A to F2,207.0,not included,not included,not included,not included,not included,not included,not included,not included,not included,not included,not included,not included,9.1237658674189,1.9393511988716503,2.864950634696756,39.87730061349693
2024-25,N3,Midlands,South Birmingham,BSU,45 and over,A to F2,133.0,not included,not included,not included,not included,not included,not included,not included,not included,not included,not included,not included,not included,9.985734664764621,2.777986335310459,3.7540355882573766,52.083333333333336
2024-25,N3,Midlands,South Derbyshire & South East Staffordshire,BSU,45 and over,A to F2,334.0,not included,not included,not included,not included,not included,not included,not included,not included,not included,not included,not included,not included,8.354177088544272,1.650825412706353,3.0515257628814405,45.52238805970149
2024-25,N3,Midlands,"Warwickshire, Solihull & Coventry",BSU,45 and over,A to F2,380.0,not included,not included,not included,not included,not included,not included,not included,not included,not included,not included,not included,not included,9.760357537307682,2.0291269617034393,4.238049983304652,54.81727574750831
2024-25,N4,East of England,Beds & Herts,BSU,45 and over,A to F2,453.0,not included,not included,not included,not included,not included,not included,not included,not included,not included,not included,not included,not included,8.124540416449952,1.7396918772530803,2.5647003963627886,40.168539325842694
2024-25,N4,East of England,Cambridge & Huntingdon,BSU,45 and over,A to F2,176.0,not included,not included,not included,not included,not included,not included,not included,not included,not included,not included,not included,not included,10.085959885386819,2.4068767908309456,4.240687679083094,55.223880597014926
2024-25,N4,East of England,Chelmsford & Colchester,BSU,45 and over,A to F2,285.0,not included,not included,not included,not included,not included,not included,not included,not included,not included,not included,not included,not included,8.454464550578463,1.7205576980124593,2.3731830317413234,35.24229074889868
2024-25,N4,East of England,East Suffolk,BSU,45 and over,A to F2,159.0,not included,not included,not included,not included,not included,not included,not included,not included,not included,not included,not included,not included,8.930075821398484,0.8424599831508003,4.099971918000562,50.69444444444444
2024-25,N4,East of England,Great Yarmouth & Waveney,BSU,45 and over,A to F2,74.0,not included,not included,not included,not included,not included,not included,not included,not included,not included,not included,not included,not included,7.4913950192346626,1.3160558817574408,3.5432273739623406,57.377049180327866
2024-25,N4,East of England,King's Lynn,BSU,45 and over,A to F2,83.0,not included,not included,not included,not included,not included,not included,not included,not included,not included,not included,not included,not included,7.661774208437183,0.9231053263177328,2.7693159789531987,41.0958904109589
2024-25,N4,East of England,Milton Keynes,BSU,45 and over,A to F2,100.0,not included,not included,not included,not included,not included,not included,not included,not included,not included,not included,not included,not included,8.19470621978202,1.6389412439564042,4.01540604769319,61.25000000000001
2024-25,N4,East of England,Norfolk & Norwich,BSU,45 and over,A to F2,245.0,not included,not included,not included,not included,not included,not included,not included,not included,not included,not included,not included,not included,8.941605839416058,1.605839416058394,4.233576642335766,57.99999999999999
2024-25,N4,East of England,Peterborough,BSU,45 and over,A to F2,170.0,not included,not included,not included,not included,not included,not included,not included,not included,not included,not included,not included,not included,11.262753411951769,2.451305154365973,3.9750894395123892,45.11278195488722
2024-25,N4,East of England,South Essex,BSU,45 and over,A to F2,157.0,not included,not included,not included,not included,not included,not included,not included,not included,not included,not included,not included,not included,7.2648188422562585,1.4807274073388552,2.683818425801675,46.400000000000006
2024-25,N4,East of England,West Essex (Epping),BSU,45 and over,A to F2,125.0,not included,not included,not included,not included,not included,not included,not included,not included,not included,not included,not included,not included,10.78981441519206,2.1579628830384117,4.574881312041433,53.0
2024-25,N4,East of England,West Suffolk,BSU,45 and over,A to F2,121.0,not included,not included,not included,not included,not included,not included,not included,not included,not included,not included,not included,not included,8.386470751316883,2.0792902689215413,3.6041031327973387,57.14285714285714
2024-25,N5,London,Central & East London,BSU,45 and over,A to F2,322.0,not included,not included,not included,not included,not included,not included,not included,not included,not included,not included,not included,not included,8.057856409999749,1.9519031055278897,2.3773178849378143,38.9344262295082
2024-25,N5,London,North London,BSU,45 and over,A to F2,534.0,not included,not included,not included,not included,not included,not included,not included,not included,not included,not included,not included,not included,8.21121584426368,2.0297387480202356,2.491043008933926,40.298507462686565
2024-25,N5,London,Outer North East London,BSU,45 and over,A to F2,174.0,not included,not included,not included,not included,not included,not included,not included,not included,not included,not included,not included,not included,7.455012853470437,1.4995715509854328,2.2707797772065126,38.1294964028777
2024-25,N5,London,South East London,BSU,45 and over,A to F2,519.0,not included,not included,not included,not included,not included,not included,not included,not included,not included,not included,not included,not included,9.16459183132913,1.8894245201391464,3.443343751655454,47.33009708737864
2024-25,N5,London,South West London,BSU,45 and over,A to F2,407.0,not included,not included,not included,not included,not included,not included,not included,not included,not included,not included,not included,not included,8.5502405411651,2.100796201760467,2.3949076700069325,37.13355048859935
2024-25,N5,London,West of London,BSU,45 and over,A to F2,381.0,not included,not included,not included,not included,not included,not included,not included,not included,not included,not included,not included,not included,8.443026193325355,1.8171342463324913,2.7700217169702612,41.80602006688963
2024-25,N6,South East,Aylesbury & Wycombe,BSU,45 and over,A to F2,235.0,not included,not included,not included,not included,not included,not included,not included,not included,not included,not included,not included,not included,9.603988720421757,2.0434018554088844,2.819894560464261,37.2972972972973
2024-25,N6,South East,Brighton,BSU,45 and over,A to F2,370.0,not included,not included,not included,not included,not included,not included,not included,not included,not included,not included,not included,not included,10.701064322073114,2.4872744099953725,4.049051365108746,49.46996466431096
2024-25,N6,South East,Canterbury,BSU,45 and over,A to F2,259.0,not included,not included,not included,not included,not included,not included,not included,not included,not included,not included,not included,not included,10.720198675496688,1.945364238410596,4.304635761589404,49.056603773584904
2024-25,N6,South East,East Berkshire,BSU,45 and over,A to F2,167.0,not included,not included,not included,not included,not included,not included,not included,not included,not included,not included,not included,not included,9.480556344024977,1.4760147601476015,2.8952597218279874,36.17021276595745
2024-25,N6,South East,Guildford,BSU,45 and over,A to F2,573.0,not included,not included,not included,not included,not included,not included,not included,not included,not included,not included,not included,not included,10.444197364343912,2.6064925359531927,3.7548074294150884,47.906976744186046
2024-25,N6,South East,Isle of Wight,BSU,45 and over,A to F2,60.0,not included,not included,not included,not included,not included,not included,not included,not included,not included,not included,not included,not included,10.44022968505307,2.088045937010614,3.132068905515921,37.5
2024-25,N6,South East,Maidstone,BSU,45 and over,A to F2,222.0,not included,not included,not included,not included,not included,not included,not included,not included,not included,not included,not included,not included,10.821350231537899,3.4608822812576165,3.3146478186692665,45.033112582781456
2024-25,N6,South East,Medway,BSU,45 and over,A to F2,233.0,not included,not included,not included,not included,not included,not included,not included,not included,not included,not included,not included,not included,9.90730504294583,2.5512373501148056,3.401649800153074,46.24277456647399
2024-25,N6,South East,North & Mid Hampshire,BSU,45 and over,A to F2,216.0,not included,not included,not included,not included,not included,not included,not included,not included,not included,not included,not included,not included,9.231558252842124,1.5813317377553637,3.9319599965809044,51.39664804469274
2024-25,N6,South East,Oxfordshire,BSU,45 and over,A to F2,237.0,not included,not included,not included,not included,not included,not included,not included,not included,not included,not included,not included,not included,8.431463232416665,1.7076381230210964,3.62873101141983,53.96825396825397
2024-25,N6,South East,Portsmouth,BSU,45 and over,A to F2,242.0,not included,not included,not included,not included,not included,not included,not included,not included,not included,not included,not included,not included,9.108359366178629,2.182995219993225,3.236854981369265,46.73913043478261
2024-25,N6,South East,Southampton & Salisbury,BSU,45 and over,A to F2,250.0,not included,not included,not included,not included,not included,not included,not included,not included,not included,not included,not included,not included,8.766700564575517,1.9988077287232175,3.366413016796998,49.740932642487046
2024-25,N6,South East,West Berkshire,BSU,45 and over,A to F2,167.0,not included,not included,not included,not included,not included,not included,not included,not included,not included,not included,not included,not included,7.556219175602914,1.9908601420750194,2.0361069634858153,36.58536585365854
2024-25,N6,South East,Worthing,BSU,45 and over,A to F2,388.0,not included,not included,not included,not included,not included,not included,not included,not included,not included,not included,not included,not included,10.083946253606051,2.365049250201419,3.976401486602386,51.515151515151516
2024-25,N7,South West,Avon,BSU,45 and over,A to F2,470.0,not included,not included,not included,not included,not included,not included,not included,not included,not included,not included,not included,not included,9.950880758807589,2.1172086720867207,4.551998644986449,58.108108108108105
2024-25,N7,South West,Cornwall,BSU,45 and over,A to F2,253.0,not included,not included,not included,not included,not included,not included,not included,not included,not included,not included,not included,not included,10.274528914879792,1.9087069525666016,4.467186484730344,53.398058252427184
2024-25,N7,South West,Dorset,BSU,45 and over,A to F2,331.0,not included,not included,not included,not included,not included,not included,not included,not included,not included,not included,not included,not included,10.008466376390905,2.6910982099661345,3.5377358490566038,48.34710743801653
2024-25,N7,South West,Gloucestershire,BSU,45 and over,A to F2,297.0,not included,not included,not included,not included,not included,not included,not included,not included,not included,not included,not included,not included,9.94208817326683,1.6402771733672548,3.883105145114317,46.774193548387096
2024-25,N7,South West,North & East Devon,BSU,45 and over,A to F2,177.0,not included,not included,not included,not included,not included,not included,not included,not included,not included,not included,not included,not included,8.269868709993926,1.6820071952530018,2.756622903331309,41.843971631205676
2024-25,N7,South West,Somerset,BSU,45 and over,A to F2,148.0,not included,not included,not included,not included,not included,not included,not included,not included,not included,not included,not included,not included,6.477874556834595,0.8753884536262966,2.4510876701536306,43.75
2024-25,N7,South West,South Devon,BSU,45 and over,A to F2,98.0,not included,not included,not included,not included,not included,not included,not included,not included,not included,not included,not included,not included,8.058547816791382,1.56237151550037,3.7003535893429813,56.9620253164557
2024-25,N7,South West,West Devon,BSU,45 and over,A to F2,246.0,not included,not included,not included,not included,not included,not included,not included,not included,not included,not included,not included,not included,11.563410736109805,2.256275265582401,4.606562000564068,49.494949494949495
2024-25,N7,South West,Wiltshire,BSU,45 and over,A to F2,174.0,not included,not included,not included,not included,not included,not included,not included,not included,not included,not included,not included,not included,7.3029463611181065,1.3850415512465375,3.357676487870394,56.73758865248227
2024-25,N1,North East and Yorkshire,Barnsley,BSU,50<71,A to F2,68.0,not included,not included,not included,not included,not included,not included,not included,not included,not included,not included,not included,not included,8.317025440313111,1.1007827788649707,3.9138943248532287,54.23728813559322
2024-25,N1,North East and Yorkshire,Doncaster,BSU,50<71,A to F2,128.0,not included,not included,not included,not included,not included,not included,not included,not included,not included,not included,not included,not included,7.3369253697122545,1.031755130115786,3.4965034965034967,55.45454545454545
2024-25,N1,North East and Yorkshire,Gateshead,BSU,50<71,A to F2,310.0,not included,not included,not included,not included,not included,not included,not included,not included,not included,not included,not included,not included,8.824617837114634,1.7649235674229269,4.042244299581542,57.25806451612904
2024-25,N1,North East and Yorkshire,Humberside,BSU,50<71,A to F2,350.0,not included,not included,not included,not included,not included,not included,not included,not included,not included,not included,not included,not included,8.251408633330977,1.4852535539995755,3.253412546856213,48.08362369337979
2024-25,N1,North East and Yorkshire,Leeds Wakefield,BSU,50<71,A to F2,378.0,not included,not included,not included,not included,not included,not included,not included,not included,not included,not included,not included,not included,9.32136516078122,2.1207338725586897,4.783981061353324,66.43835616438356
2024-25,N1,North East and Yorkshire,Newcastle,BSU,50<71,A to F2,277.0,not included,not included,not included,not included,not included,not included,not included,not included,not included,not included,not included,not included,8.005780346820808,1.531791907514451,3.5260115606936417,54.46428571428571
2024-25,N1,North East and Yorkshire,North Cumbria,BSU,50<71,A to F2,72.0,not included,not included,not included,not included,not included,not included,not included,not included,not included,not included,not included,not included,6.074411541381929,0.9280350966000168,1.771703366236396,34.42622950819672
2024-25,N1,North East and Yorkshire,North Tees,BSU,50<71,A to F2,326.0,not included,not included,not included,not included,not included,not included,not included,not included,not included,not included,not included,not included,9.042745000138693,1.8862167484951873,3.911125904967962,54.65116279069767
2024-25,N1,North East and Yorkshire,North Yorkshire,BSU,50<71,A to F2,348.0,not included,not included,not included,not included,not included,not included,not included,not included,not included,not included,not included,not included,9.396009396009395,1.539001539001539,3.159003159003159,40.20618556701031
2024-25,N1,North East and Yorkshire,Pennine,BSU,50<71,A to F2,308.0,not included,not included,not included,not included,not included,not included,not included,not included,not included,not included,not included,not included,8.57890925296641,1.9218985014762409,3.4259929808924294,51.46443514644351
2024-25,N1,North East and Yorkshire,Rotherham,BSU,50<71,A to F2,76.0,not included,not included,not included,not included,not included,not included,not included,not included,not included,not included,not included,not included,7.8903654485049834,1.1420265780730898,2.6993355481727574,40.0
2024-25,N1,North East and Yorkshire,Sheffield,BSU,50<71,A to F2,125.0,not included,not included,not included,not included,not included,not included,not included,not included,not included,not included,not included,not included,7.885440322987636,1.5770880645975272,2.7756749936916476,44.0
2024-25,N2,North West,Bolton,BSU,50<71,A to F2,147.0,not included,not included,not included,not included,not included,not included,not included,not included,not included,not included,not included,not included,8.227918952199708,1.959028321952312,2.6306951751931043,41.964285714285715
2024-25,N2,North West,Cheshire & Stockport,BSU,50<71,A to F2,314.0,not included,not included,not included,not included,not included,not included,not included,not included,not included,not included,not included,not included,9.584567015658864,1.7398736302310676,4.059705137205825,51.75097276264592
2024-25,N2,North West,East Lancashire,BSU,50<71,A to F2,143.0,not included,not included,not included,not included,not included,not included,not included,not included,not included,not included,not included,not included,7.784007402972076,1.1975396004572423,2.939415382940504,44.62809917355372
2024-25,N2,North West,Liverpool,BSU,50<71,A to F2,262.0,not included,not included,not included,not included,not included,not included,not included,not included,not included,not included,not included,not included,8.050391765248119,1.7206944231064678,3.1033952988170226,49.029126213592235
2024-25,N2,North West,Manchester,BSU,50<71,A to F2,393.0,not included,not included,not included,not included,not included,not included,not included,not included,not included,not included,not included,not included,8.520140484759137,1.756059489225166,3.512118978450332,51.92307692307693
2024-25,N2,North West,North Lancashire & South Cumbria,BSU,50<71,A to F2,285.0,not included,not included,not included,not included,not included,not included,not included,not included,not included,not included,not included,not included,9.589824691274941,1.6487768767455162,3.768632861132609,47.45762711864407
2024-25,N2,North West,South Lancashire,BSU,50<71,A to F2,219.0,not included,not included,not included,not included,not included,not included,not included,not included,not included,not included,not included,not included,8.39820531502857,1.7256586263757334,2.876097710626222,43.103448275862064
2024-25,N2,North West,"Warrington, Halton, St Helens & Knowsley",BSU,50<71,A to F2,170.0,not included,not included,not included,not included,not included,not included,not included,not included,not included,not included,not included,not included,8.659331703341483,1.8337408312958434,3.209046454767726,47.01492537313433
2024-25,N2,North West,Wirral & Chester,BSU,50<71,A to F2,187.0,not included,not included,not included,not included,not included,not included,not included,not included,not included,not included,not included,not included,8.76987290718942,1.8759086432490737,3.0483515452797447,44.21768707482993
2024-25,N3,Midlands,"City, Sandwell & Walsall",BSU,50<71,A to F2,321.0,not included,not included,not included,not included,not included,not included,not included,not included,not included,not included,not included,not included,7.740721985097301,1.6156647134003712,2.387325472039355,38.976377952755904
2024-25,N3,Midlands,"Dudley, Wolverhampton & South West Staffordshire",BSU,50<71,A to F2,211.0,not included,not included,not included,not included,not included,not included,not included,not included,not included,not included,not included,not included,7.86315867928747,1.1925169561004696,3.204889319520012,48.04469273743017
2024-25,N3,Midlands,Hereford & Worcester,BSU,50<71,A to F2,370.0,not included,not included,not included,not included,not included,not included,not included,not included,not included,not included,not included,not included,10.591704119314116,2.4046030973577994,3.9217931468811726,47.9020979020979
2024-25,N3,Midlands,Kettering,BSU,50<71,A to F2,92.0,not included,not included,not included,not included,not included,not included,not included,not included,not included,not included,not included,not included,6.549441161813911,1.3526019790702641,2.5628248024489215,49.31506849315068
2024-25,N3,Midlands,Leicestershire,BSU,50<71,A to F2,218.0,not included,not included,not included,not included,not included,not included,not included,not included,not included,not included,not included,not included,7.3700936475202,1.4199262990635249,3.1103147503296253,52.27272727272727
2024-25,N3,Midlands,Lincolnshire,BSU,50<71,A to F2,191.0,not included,not included,not included,not included,not included,not included,not included,not included,not included,not included,not included,not included,7.938157183824447,1.5793192302896804,3.4495656872116705,54.248366013071895
2024-25,N3,Midlands,North Derbyshire & Chesterfield,BSU,50<71,A to F2,147.0,not included,not included,not included,not included,not included,not included,not included,not included,not included,not included,not included,not included,8.961775285008839,1.402182527586417,3.9017252941535085,51.61290322580645
2024-25,N3,Midlands,North Midlands,BSU,50<71,A to F2,203.0,not included,not included,not included,not included,not included,not included,not included,not included,not included,not included,not included,not included,8.49727919631645,1.8417748011720385,3.8509836751778983,57.861635220125784
2024-25,N3,Midlands,North Nottinghamshire,BSU,50<71,A to F2,100.0,not included,not included,not included,not included,not included,not included,not included,not included,not included,not included,not included,not included,9.590486237652248,1.1508583485182697,3.8361944950608997,45.45454545454545
2024-25,N3,Midlands,Northampton,BSU,50<71,A to F2,134.0,not included,not included,not included,not included,not included,not included,not included,not included,not included,not included,not included,not included,9.449263098512093,1.0577533319229957,2.820675551794655,33.61344537815126
2024-25,N3,Midlands,Nottingham City,BSU,50<71,A to F2,256.0,not included,not included,not included,not included,not included,not included,not included,not included,not included,not included,not included,not included,7.903917996850782,1.0497391089567445,3.951958998425391,57.65765765765766
2024-25,N3,Midlands,Shropshire,BSU,50<71,A to F2,185.0,not included,not included,not included,not included,not included,not included,not included,not included,not included,not included,not included,not included,8.577124576939125,1.8545134220408919,2.8744958041633826,42.758620689655174
2024-25,N3,Midlands,South Birmingham,BSU,50<71,A to F2,132.0,not included,not included,not included,not included,not included,not included,not included,not included,not included,not included,not included,not included,10.261991759309648,2.7987250252662674,3.887118090647594,52.083333333333336
2024-25,N3,Midlands,South Derbyshire & South East Staffordshire,BSU,50<71,A to F2,302.0,not included,not included,not included,not included,not included,not included,not included,not included,not included,not included,not included,not included,8.023166228314869,1.6471400866076886,2.9223453149491245,45.83333333333333
2024-25,N3,Midlands,"Warwickshire, Solihull & Coventry",BSU,50<71,A to F2,327.0,not included,not included,not included,not included,not included,not included,not included,not included,not included,not included,not included,not included,9.143528227497692,1.9573302016050107,4.0265078433017365,56.03112840466926
2024-25,N4,East of England,Beds & Herts,BSU,50<71,A to F2,397.0,not included,not included,not included,not included,not included,not included,not included,not included,not included,not included,not included,not included,7.6676452410383185,1.6803152039555007,2.3563040791100125,39.35483870967742
2024-25,N4,East of England,Cambridge & Huntingdon,BSU,50<71,A to F2,145.0,not included,not included,not included,not included,not included,not included,not included,not included,not included,not included,not included,not included,9.297851875601154,2.3084321898044244,3.719140750240462,53.21100917431193
2024-25,N4,East of England,Chelmsford & Colchester,BSU,50<71,A to F2,224.0,not included,not included,not included,not included,not included,not included,not included,not included,not included,not included,not included,not included,7.743898223051926,1.6939777362926087,2.2125423494434076,36.57142857142857
2024-25,N4,East of England,East Suffolk,BSU,50<71,A to F2,135.0,not included,not included,not included,not included,not included,not included,not included,not included,not included,not included,not included,not included,8.203694701020904,0.9115216334467672,3.828390860476422,52.5
2024-25,N4,East of England,Great Yarmouth & Waveney,BSU,50<71,A to F2,55.0,not included,not included,not included,not included,not included,not included,not included,not included,not included,not included,not included,not included,6.453884064773527,1.2907768129547055,2.933583665806149,56.81818181818182
2024-25,N4,East of England,King's Lynn,BSU,50<71,A to F2,66.0,not included,not included,not included,not included,not included,not included,not included,not included,not included,not included,not included,not included,7.064112169538692,0.9632880231189126,2.5687680616504336,42.10526315789473
2024-25,N4,East of England,Milton Keynes,BSU,50<71,A to F2,95.0,not included,not included,not included,not included,not included,not included,not included,not included,not included,not included,not included,not included,8.205216790464673,1.641043358092935,4.059423043703576,61.8421052631579
2024-25,N4,East of England,Norfolk & Norwich,BSU,50<71,A to F2,206.0,not included,not included,not included,not included,not included,not included,not included,not included,not included,not included,not included,not included,8.454056716050395,1.5184470800673042,3.980793696392662,57.738095238095234
2024-25,N4,East of England,Peterborough,BSU,50<71,A to F2,145.0,not included,not included,not included,not included,not included,not included,not included,not included,not included,not included,not included,not included,10.381613803966491,2.0763227607932984,3.86625617527028,46.55172413793103
2024-25,N4,East of England,South Essex,BSU,50<71,A to F2,136.0,not included,not included,not included,not included,not included,not included,not included,not included,not included,not included,not included,not included,7.064201121961355,1.402451693330563,2.5451901101184293,44.95412844036697
2024-25,N4,East of England,West Essex (Epping),BSU,50<71,A to F2,108.0,not included,not included,not included,not included,not included,not included,not included,not included,not included,not included,not included,not included,10.147514798459081,1.9731278774781547,4.2281311660246175,51.724137931034484
2024-25,N4,East of England,West Suffolk,BSU,50<71,A to F2,98.0,not included,not included,not included,not included,not included,not included,not included,not included,not included,not included,not included,not included,7.354596622889305,2.026266416510319,3.076923076923077,57.74647887323944
2024-25,N5,London,Central & East London,BSU,50<71,A to F2,310.0,not included,not included,not included,not included,not included,not included,not included,not included,not included,not included,not included,not included,7.887037272611627,1.9081541788576517,2.3661111817834883,39.57446808510638
2024-25,N5,London,North London,BSU,50<71,A to F2,502.0,not included,not included,not included,not included,not included,not included,not included,not included,not included,not included,not included,not included,7.96155615117441,2.030038221813395,2.3789510411875723,40.106951871657756
2024-25,N5,London,Outer North East London,BSU,50<71,A to F2,153.0,not included,not included,not included,not included,not included,not included,not included,not included,not included,not included,not included,not included,6.890650333273284,1.3961448387677895,2.1167357232931003,38.52459016393443
2024-25,N5,London,South East London,BSU,50<71,A to F2,478.0,not included,not included,not included,not included,not included,not included,not included,not included,not included,not included,not included,not included,8.934913454708587,1.8692287562151857,3.3272271860630305,47.08994708994709
2024-25,N5,London,South West London,BSU,50<71,A to F2,376.0,not included,not included,not included,not included,not included,not included,not included,not included,not included,not included,not included,not included,8.227031048290046,2.1223989672450387,2.231800975865917,36.55913978494624
2024-25,N5,London,West of London,BSU,50<71,A to F2,358.0,not included,not included,not included,not included,not included,not included,not included,not included,not included,not included,not included,not included,8.136178723210836,1.7954137405968047,2.6817572327901638,42.29390681003584
2024-25,N6,South East,Aylesbury & Wycombe,BSU,50<71,A to F2,206.0,not included,not included,not included,not included,not included,not included,not included,not included,not included,not included,not included,not included,9.529096123600704,2.1278564159496716,2.775464890369137,37.5
2024-25,N6,South East,Brighton,BSU,50<71,A to F2,323.0,not included,not included,not included,not included,not included,not included,not included,not included,not included,not included,not included,not included,10.006815787843113,2.540430014251193,3.748683313712126,50.20746887966805
2024-25,N6,South East,Canterbury,BSU,50<71,A to F2,234.0,not included,not included,not included,not included,not included,not included,not included,not included,not included,not included,not included,not included,10.177010394467882,1.9136258861392599,4.088200756752055,49.473684210526315
2024-25,N6,South East,East Berkshire,BSU,50<71,A to F2,145.0,not included,not included,not included,not included,not included,not included,not included,not included,not included,not included,not included,not included,8.88698210345673,1.3483696984555038,2.88060799215494,38.21138211382114
2024-25,N6,South East,Guildford,BSU,50<71,A to F2,508.0,not included,not included,not included,not included,not included,not included,not included,not included,not included,not included,not included,not included,9.824018565074454,2.5526977373815507,3.596983175401276,49.46808510638298
2024-25,N6,South East,Isle of Wight,BSU,50<71,A to F2,49.0,not included,not included,not included,not included,not included,not included,not included,not included,not included,not included,not included,not included,9.234828496042217,1.8846588767433095,2.8269883151149644,38.46153846153847
2024-25,N6,South East,Maidstone,BSU,50<71,A to F2,199.0,not included,not included,not included,not included,not included,not included,not included,not included,not included,not included,not included,not included,10.309812454667911,3.5229509895347633,3.0048699616620036,44.274809160305345
2024-25,N6,South East,Medway,BSU,50<71,A to F2,216.0,not included,not included,not included,not included,not included,not included,not included,not included,not included,not included,not included,not included,9.636404193620344,2.49832701316083,3.390586660718269,47.5
2024-25,N6,South East,North & Mid Hampshire,BSU,50<71,A to F2,176.0,not included,not included,not included,not included,not included,not included,not included,not included,not included,not included,not included,not included,8.368200836820083,1.616584252567516,3.6135412704450363,53.52112676056338
2024-25,N6,South East,Oxfordshire,BSU,50<71,A to F2,208.0,not included,not included,not included,not included,not included,not included,not included,not included,not included,not included,not included,not included,7.93438870875453,1.7165744802593934,3.395002860957467,54.601226993865026
2024-25,N6,South East,Portsmouth,BSU,50<71,A to F2,216.0,not included,not included,not included,not included,not included,not included,not included,not included,not included,not included,not included,not included,8.51332177203216,2.0889169162856693,3.0742550843449474,47.85276073619632
2024-25,N6,South East,Southampton & Salisbury,BSU,50<71,A to F2,223.0,not included,not included,not included,not included,not included,not included,not included,not included,not included,not included,not included,not included,8.358007570930624,1.873992728908212,3.335707057456617,51.445086705202314
2024-25,N6,South East,West Berkshire,BSU,50<71,A to F2,144.0,not included,not included,not included,not included,not included,not included,not included,not included,not included,not included,not included,not included,7.03125,1.953125,1.7578125,34.61538461538461
2024-25,N6,South East,Worthing,BSU,50<71,A to F2,335.0,not included,not included,not included,not included,not included,not included,not included,not included,not included,not included,not included,not included,9.386645745187593,2.241587043626888,3.6145591078483568,50.588235294117645
2024-25,N7,South West,Avon,BSU,50<71,A to F2,425.0,not included,not included,not included,not included,not included,not included,not included,not included,not included,not included,not included,not included,9.525730679576833,2.0844540075309306,4.415456338533261,59.337349397590366
2024-25,N7,South West,Cornwall,BSU,50<71,A to F2,232.0,not included,not included,not included,not included,not included,not included,not included,not included,not included,not included,not included,not included,10.038944180008654,1.8606663781912591,4.370402423193423,53.43915343915344
2024-25,N7,South West,Dorset,BSU,50<71,A to F2,288.0,not included,not included,not included,not included,not included,not included,not included,not included,not included,not included,not included,not included,9.525384488175956,2.5136431288242105,3.3404994212005956,47.64150943396226
2024-25,N7,South West,Gloucestershire,BSU,50<71,A to F2,264.0,not included,not included,not included,not included,not included,not included,not included,not included,not included,not included,not included,not included,9.4060640609969,1.7458224961698792,3.741048206078313,48.837209302325576
2024-25,N7,South West,North & East Devon,BSU,50<71,A to F2,151.0,not included,not included,not included,not included,not included,not included,not included,not included,not included,not included,not included,not included,7.677055264629621,1.6269256189943566,2.4912298540851086,41.17647058823529
2024-25,N7,South West,Somerset,BSU,50<71,A to F2,137.0,not included,not included,not included,not included,not included,not included,not included,not included,not included,not included,not included,not included,6.369130636913064,0.8833100883310089,2.278010227801023,41.52542372881356
2024-25,N7,South West,South Devon,BSU,50<71,A to F2,84.0,not included,not included,not included,not included,not included,not included,not included,not included,not included,not included,not included,not included,7.471980074719801,1.512186443693293,3.558085749866572,59.70149253731343
2024-25,N7,South West,West Devon,BSU,50<71,A to F2,225.0,not included,not included,not included,not included,not included,not included,not included,not included,not included,not included,not included,not included,11.612303881090007,2.3224607762180014,4.748142031379025,51.11111111111111
2024-25,N7,South West,Wiltshire,BSU,50<71,A to F2,163.0,not included,not included,not included,not included,not included,not included,not included,not included,not included,not included,not included,not included,7.1547713106838735,1.404617680625055,3.2920726889649723,57.25190839694656
