CollectionYearRange,Parent_Org_Code,Parent_Org_Name,Org_Name,Org_Type,Age_Band,Table_Code,Screened,Invited,Uptake
2012-13,E92000001,England,England,National,45-49,A,154388.0,222741.0,69.31278929339457
2012-13,E92000001,England,England,National,45-49,A and C1,157603.0,226792.0,69.49231013439628
2012-13,E92000001,England,England,National,45-49,A to C2,158486.0,229198.0,69.1480728453128
2012-13,E92000001,England,England,National,45-49,A to D,158543.0,229255.0,69.15574360428344
2012-13,E92000001,England,England,National,45-49,B,700.0,2119.0,33.03445021236433
2012-13,E92000001,England,England,National,45-49,C1,3215.0,4051.0,79.3631202172303
2012-13,E92000001,England,England,National,45-49,C2,183.0,287.0,63.76306620209059
2012-13,E92000001,England,England,National,45-49,D,57.0,57.0,100.0
2012-13,E92000001,England,England,National,45-74,A,370955.0,542643.0,68.36078231913064
2012-13,E92000001,England,England,National,45-74,A and C1,1740149.0,2126483.0,81.83225541892412
2012-13,E92000001,England,England,National,45-74,A to C2,1878148.0,2616852.0,71.77127327032633
2012-13,E92000001,England,England,National,45-74,A to D,1879200.0,2617911.0,71.78242499458538
2012-13,E92000001,England,England,National,45-74,B,46763.0,265750.0,17.596613358419567
2012-13,E92000001,England,England,National,45-74,C1,1369194.0,1583840.0,86.44774724719669
2012-13,E92000001,England,England,National,45-74,C2,91236.0,224619.0,40.618113338586674
2012-13,E92000001,England,England,National,45-74,D,1052.0,1059.0,99.33899905571295
2012-13,E92000001,England,England,National,50-52,A,207405.0,289622.0,71.61230845723045
2012-13,E92000001,England,England,National,50-52,A and C1,264897.0,358963.0,73.79507080116893
2012-13,E92000001,England,England,National,50-52,A to C2,274251.0,385578.0,71.12724273687815
2012-13,E92000001,England,England,National,50-52,A to D,274528.0,385855.0,71.14797009239223
2012-13,E92000001,England,England,National,50-52,B,8178.0,24793.0,32.98511676682935
2012-13,E92000001,England,England,National,50-52,C1,57492.0,69341.0,82.91198569388962
2012-13,E92000001,England,England,National,50-52,C2,1176.0,1822.0,64.54445664105378
2012-13,E92000001,England,England,National,50-52,D,277.0,277.0,100.0
2012-13,E92000001,England,England,National,50<71,A,216478.0,319575.0,67.7393413126809
2012-13,E92000001,England,England,National,50<71,A and C1,1542651.0,1851687.0,83.31057030696873
2012-13,E92000001,England,England,National,50<71,A to C2,1675007.0,2320659.0,72.1780752794788
2012-13,E92000001,England,England,National,50<71,A to D,1675965.0,2321624.0,72.18933815294811
2012-13,E92000001,England,England,National,50<71,B,45810.0,258426.0,17.726544542731766
2012-13,E92000001,England,England,National,50<71,C1,1326173.0,1532112.0,86.55848919661226
2012-13,E92000001,England,England,National,50<71,C2,86546.0,210546.0,41.105506635129615
2012-13,E92000001,England,England,National,50<71,D,958.0,965.0,99.27461139896373
2012-13,E92000001,England,England,National,53-54,A,2725.0,7312.0,37.26750547045952
2012-13,E92000001,England,England,National,53-54,A and C1,160496.0,194468.0,82.5308019828455
2012-13,E92000001,England,England,National,53-54,A to C2,179881.0,255753.0,70.3338768264693
2012-13,E92000001,England,England,National,53-54,A to D,180020.0,255893.0,70.34971648306127
2012-13,E92000001,England,England,National,53-54,B,16904.0,57291.0,29.505506973172054
2012-13,E92000001,England,England,National,53-54,C1,157771.0,187156.0,84.29919425505994
2012-13,E92000001,England,England,National,53-54,C2,2481.0,3994.0,62.118177265898844
2012-13,E92000001,England,England,National,53-54,D,139.0,140.0,99.28571428571429
2012-13,E92000001,England,England,National,55-59,A,3042.0,10361.0,29.36010037641154
2012-13,E92000001,England,England,National,55-59,A and C1,363312.0,428849.0,84.71793102000937
2012-13,E92000001,England,England,National,55-59,A to C2,402607.0,561110.0,71.75188465719734
2012-13,E92000001,England,England,National,55-59,A to D,402791.0,561298.0,71.76063338903755
2012-13,E92000001,England,England,National,55-59,B,13211.0,79427.0,16.632883024664157
2012-13,E92000001,England,England,National,55-59,C1,360270.0,418488.0,86.0884899925446
2012-13,E92000001,England,England,National,55-59,C2,26084.0,52834.0,49.369724041337015
2012-13,E92000001,England,England,National,55-59,D,184.0,188.0,97.87234042553192
2012-13,E92000001,England,England,National,60-64,A,1931.0,7218.0,26.75256303685231
2012-13,E92000001,England,England,National,60-64,A and C1,365059.0,422226.0,86.4605685107028
2012-13,E92000001,England,England,National,60-64,A to C2,398263.0,543288.0,73.30605498372871
2012-13,E92000001,England,England,National,60-64,A to D,398414.0,543440.0,73.31333725894304
2012-13,E92000001,England,England,National,60-64,B,4774.0,51975.0,9.185185185185185
2012-13,E92000001,England,England,National,60-64,C1,363128.0,415008.0,87.49903616315831
2012-13,E92000001,England,England,National,60-64,C2,28430.0,69087.0,41.15101249149623
2012-13,E92000001,England,England,National,60-64,D,151.0,152.0,99.3421052631579
2012-13,E92000001,England,England,National,65-70,A,1375.0,5062.0,27.16317661003556
2012-13,E92000001,England,England,National,65-70,A and C1,388887.0,447181.0,86.96411520167449
2012-13,E92000001,England,England,National,65-70,A to C2,420005.0,574930.0,73.0532412641539
2012-13,E92000001,England,England,National,65-70,A to D,420212.0,575138.0,73.06281275102671
2012-13,E92000001,England,England,National,65-70,B,2743.0,44940.0,6.103693813974187
2012-13,E92000001,England,England,National,65-70,C1,387512.0,442119.0,87.64880043608169
2012-13,E92000001,England,England,National,65-70,C2,28375.0,82809.0,34.265599149850864
2012-13,E92000001,England,England,National,65-70,D,207.0,208.0,99.51923076923077
2012-13,E92000001,England,England,National,Over 70,A,90.0,330.0,27.27272727272727
2012-13,E92000001,England,England,National,Over 70,A and C1,39897.0,48008.0,83.10489918346943
2012-13,E92000001,England,England,National,Over 70,A to C2,44660.0,67004.0,66.6527371500209
2012-13,E92000001,England,England,National,Over 70,A to D,44725.0,67069.0,66.68505568891739
2012-13,E92000001,England,England,National,Over 70,B,254.0,5207.0,4.878048780487805
2012-13,E92000001,England,England,National,Over 70,C1,39807.0,47678.0,83.49133772389781
2012-13,E92000001,England,England,National,Over 70,C2,4509.0,13789.0,32.69997824352745
2012-13,E92000001,England,England,National,Over 70,D,65.0,65.0,100.0
2013-14,E92000001,England,England,National,45-49,A,172417.0,252112.0,68.38904931141715
2013-14,E92000001,England,England,National,45-49,A and C1,179723.0,261109.0,68.8306416094428
2013-14,E92000001,England,England,National,45-49,A to C2,181350.0,265516.0,68.30096867985357
2013-14,E92000001,England,England,National,45-49,A to D,181445.0,265611.0,68.3123063427343
2013-14,E92000001,England,England,National,45-49,B,1344.0,3983.0,33.74340949033392
2013-14,E92000001,England,England,National,45-49,C1,7306.0,8997.0,81.2048460597977
2013-14,E92000001,England,England,National,45-49,C2,283.0,424.0,66.74528301886792
2013-14,E92000001,England,England,National,45-49,D,95.0,95.0,100.0
2013-14,E92000001,England,England,National,45-74,A,378165.0,565054.0,66.92546199124332
2013-14,E92000001,England,England,National,45-74,A and C1,1811624.0,2218926.0,81.64418281637153
2013-14,E92000001,England,England,National,45-74,A to C2,1963352.0,2739746.0,71.66182558529148
2013-14,E92000001,England,England,National,45-74,A to D,1964234.0,2740631.0,71.67086703755449
2013-14,E92000001,England,England,National,45-74,B,51394.0,281518.0,18.256026257646045
2013-14,E92000001,England,England,National,45-74,C1,1433459.0,1653872.0,86.67291060009481
2013-14,E92000001,England,England,National,45-74,C2,100334.0,239302.0,41.92777327393837
2013-14,E92000001,England,England,National,45-74,D,882.0,885.0,99.66101694915255
2013-14,E92000001,England,England,National,50-52,A,195394.0,278234.0,70.2264999964059
2013-14,E92000001,England,England,National,50-52,A and C1,274898.0,373226.0,73.65456854559972
2013-14,E92000001,England,England,National,50-52,A to C2,287319.0,407917.0,70.43565235084588
2013-14,E92000001,England,England,National,50-52,A to D,287566.0,408164.0,70.45354318362227
2013-14,E92000001,England,England,National,50-52,B,10891.0,32273.0,33.746475381898186
2013-14,E92000001,England,England,National,50-52,C1,79504.0,94992.0,83.69546909213408
2013-14,E92000001,England,England,National,50-52,C2,1530.0,2418.0,63.27543424317618
2013-14,E92000001,England,England,National,50-52,D,247.0,247.0,100.0
2013-14,E92000001,England,England,National,50<71,A,205669.0,312609.0,65.79113205313986
2013-14,E92000001,England,England,National,50<71,A and C1,1585648.0,1902949.0,83.32582743941114
2013-14,E92000001,England,England,National,50<71,A to C2,1730209.0,2398562.0,72.13526271157468
2013-14,E92000001,England,England,National,50<71,A to D,1730963.0,2399319.0,72.14392917323624
2013-14,E92000001,England,England,National,50<71,B,49806.0,272146.0,18.30120597032475
2013-14,E92000001,England,England,National,50<71,C1,1379979.0,1590340.0,86.7725769332344
2013-14,E92000001,England,England,National,50<71,C2,94755.0,223467.0,42.40223388688263
2013-14,E92000001,England,England,National,50<71,D,754.0,757.0,99.60369881109644
2013-14,E92000001,England,England,National,53-54,A,3348.0,9161.0,36.5462285776662
2013-14,E92000001,England,England,National,53-54,A and C1,164601.0,200201.0,82.2178710396052
2013-14,E92000001,England,England,National,53-54,A to C2,185077.0,263723.0,70.17855856334108
2013-14,E92000001,England,England,National,53-54,A to D,185181.0,263829.0,70.18978201789795
2013-14,E92000001,England,England,National,53-54,B,17432.0,58713.0,29.690187862994566
2013-14,E92000001,England,England,National,53-54,C1,161253.0,191040.0,84.40797738693468
2013-14,E92000001,England,England,National,53-54,C2,3044.0,4809.0,63.297982948637966
2013-14,E92000001,England,England,National,53-54,D,104.0,106.0,98.11320754716981
2013-14,E92000001,England,England,National,55-59,A,3476.0,11625.0,29.901075268817205
2013-14,E92000001,England,England,National,55-59,A and C1,373923.0,441178.0,84.75558618063458
2013-14,E92000001,England,England,National,55-59,A to C2,416029.0,579586.0,71.7803742671493
2013-14,E92000001,England,England,National,55-59,A to D,416156.0,579713.0,71.78655645120948
2013-14,E92000001,England,England,National,55-59,B,13815.0,82318.0,16.782477708399135
2013-14,E92000001,England,England,National,55-59,C1,370447.0,429553.0,86.24011472391066
2013-14,E92000001,England,England,National,55-59,C2,28291.0,56090.0,50.43858085220182
2013-14,E92000001,England,England,National,55-59,D,127.0,127.0,100.0
2013-14,E92000001,England,England,National,60-64,A,2058.0,7894.0,26.070433240435776
2013-14,E92000001,England,England,National,60-64,A and C1,363171.0,419718.0,86.52738267122211
2013-14,E92000001,England,England,National,60-64,A to C2,398105.0,542514.0,73.38151642169602
2013-14,E92000001,England,England,National,60-64,A to D,398225.0,542635.0,73.38726768453932
2013-14,E92000001,England,England,National,60-64,B,4756.0,52013.0,9.14386787918405
2013-14,E92000001,England,England,National,60-64,C1,361113.0,411824.0,87.68624460934768
2013-14,E92000001,England,England,National,60-64,C2,30178.0,70783.0,42.634530890185495
2013-14,E92000001,England,England,National,60-64,D,120.0,121.0,99.17355371900827
2013-14,E92000001,England,England,National,65-70,A,1393.0,5695.0,24.460052677787534
2013-14,E92000001,England,England,National,65-70,A and C1,409055.0,468626.0,87.28815729387614
2013-14,E92000001,England,England,National,65-70,A to C2,443679.0,604822.0,73.35695460813264
2013-14,E92000001,England,England,National,65-70,A to D,443835.0,604978.0,73.36382480024068
2013-14,E92000001,England,England,National,65-70,B,2912.0,46829.0,6.218368959405496
2013-14,E92000001,England,England,National,65-70,C1,407662.0,462931.0,88.06107173639268
2013-14,E92000001,England,England,National,65-70,C2,31712.0,89367.0,35.4851343337026
2013-14,E92000001,England,England,National,65-70,D,156.0,156.0,100.0
2013-14,E92000001,England,England,National,Over 70,A,79.0,334.0,23.652694610778443
2013-14,E92000001,England,England,National,Over 70,A and C1,46256.0,54873.0,84.29646638601862
2013-14,E92000001,England,England,National,Over 70,A to C2,51797.0,75680.0,68.44212473572938
2013-14,E92000001,England,England,National,Over 70,A to D,51859.0,75742.0,68.46795701196166
2013-14,E92000001,England,England,National,Over 70,B,244.0,5390.0,4.5269016697588125
2013-14,E92000001,England,England,National,Over 70,C1,46177.0,54539.0,84.66785236252956
2013-14,E92000001,England,England,National,Over 70,C2,5297.0,15417.0,34.358176039436984
2013-14,E92000001,England,England,National,Over 70,D,62.0,62.0,100.0
2014-15,E92000001,England,England,National,45-49,A,159030.0,238589.0,66.65437216300836
2014-15,E92000001,England,England,National,45-49,A and C1,170563.0,252740.0,67.48555828123763
2014-15,E92000001,England,England,National,45-49,A to C2,172930.0,259507.0,66.63789416085115
2014-15,E92000001,England,England,National,45-49,A to D,173032.0,259609.0,66.6510020839031
2014-15,E92000001,England,England,National,45-49,B,1971.0,6151.0,32.04357015119493
2014-15,E92000001,England,England,National,45-49,C1,11533.0,14151.0,81.49954066850398
2014-15,E92000001,England,England,National,45-49,C2,396.0,616.0,64.28571428571429
2014-15,E92000001,England,England,National,45-49,D,102.0,102.0,100.0
2014-15,E92000001,England,England,National,45-74,A,340545.0,525733.0,64.77527566274135
2014-15,E92000001,England,England,National,45-74,A and C1,1808126.0,2226353.0,81.21470404738153
2014-15,E92000001,England,England,National,45-74,A to C2,1983555.0,2802883.0,70.76838383906856
2014-15,E92000001,England,England,National,45-74,A to D,1984499.0,2803834.0,70.77804891445071
2014-15,E92000001,England,England,National,45-74,B,59193.0,309209.0,19.143362580002524
2014-15,E92000001,England,England,National,45-74,C1,1467581.0,1700620.0,86.29682115934189
2014-15,E92000001,England,England,National,45-74,C2,116236.0,267321.0,43.48180651725828
2014-15,E92000001,England,England,National,45-74,D,944.0,951.0,99.26393270241851
2014-15,E92000001,England,England,National,50-52,A,170039.0,247958.0,68.57572653433243
2014-15,E92000001,England,England,National,50-52,A and C1,278451.0,378338.0,73.59847543730737
2014-15,E92000001,England,England,National,50-52,A to C2,296924.0,430303.0,69.00346964813167
2014-15,E92000001,England,England,National,50-52,A to D,297158.0,430538.0,69.02015617669056
2014-15,E92000001,England,England,National,50-52,B,15517.0,47337.0,32.779855081648606
2014-15,E92000001,England,England,National,50-52,C1,108412.0,130380.0,83.15078999846602
2014-15,E92000001,England,England,National,50-52,C2,2956.0,4628.0,63.87208297320657
2014-15,E92000001,England,England,National,50-52,D,234.0,235.0,99.57446808510639
2014-15,E92000001,England,England,National,50<71,A,181419.0,286755.0,63.26620285609666
2014-15,E92000001,England,England,National,50<71,A and C1,1585339.0,1911132.0,82.95287818947095
2014-15,E92000001,England,England,National,50<71,A to C2,1751978.0,2457632.0,71.28723909844923
2014-15,E92000001,England,England,National,50<71,A to D,1752757.0,2458418.0,71.29613434330533
2014-15,E92000001,England,England,National,50<71,B,56949.0,297196.0,19.16210177795125
2014-15,E92000001,England,England,National,50<71,C1,1403920.0,1624377.0,86.42821216995809
2014-15,E92000001,England,England,National,50<71,C2,109690.0,249304.0,43.998491801174474
2014-15,E92000001,England,England,National,50<71,D,779.0,786.0,99.10941475826972
2014-15,E92000001,England,England,National,53-54,A,4070.0,11038.0,36.87262185178474
2014-15,E92000001,England,England,National,53-54,A and C1,164965.0,202243.0,81.56771804215721
2014-15,E92000001,England,England,National,53-54,A to C2,187225.0,271223.0,69.02991265490022
2014-15,E92000001,England,England,National,53-54,A to D,187320.0,271319.0,69.04050213954791
2014-15,E92000001,England,England,National,53-54,B,18091.0,62302.0,29.037591088568586
2014-15,E92000001,England,England,National,53-54,C1,160895.0,191205.0,84.14790408200622
2014-15,E92000001,England,England,National,53-54,C2,4169.0,6678.0,62.42887091943695
2014-15,E92000001,England,England,National,53-54,D,95.0,96.0,98.95833333333334
2014-15,E92000001,England,England,National,55-59,A,3697.0,13041.0,28.349052986734147
2014-15,E92000001,England,England,National,55-59,A and C1,375886.0,445778.0,84.32134380790438
2014-15,E92000001,England,England,National,55-59,A to C2,422850.0,594857.0,71.08431101928699
2014-15,E92000001,England,England,National,55-59,A to D,423009.0,595018.0,71.09179890356259
2014-15,E92000001,England,England,National,55-59,B,14867.0,86344.0,17.218335958491615
2014-15,E92000001,England,England,National,55-59,C1,372189.0,432737.0,86.00812964918646
2014-15,E92000001,England,England,National,55-59,C2,32097.0,62735.0,51.162827767593846
2014-15,E92000001,England,England,National,55-59,D,159.0,161.0,98.75776397515527
2014-15,E92000001,England,England,National,60-64,A,2115.0,8452.0,25.02366303833412
2014-15,E92000001,England,England,National,60-64,A and C1,355443.0,412692.0,86.12791137216132
2014-15,E92000001,England,England,National,60-64,A to C2,394558.0,543037.0,72.65766421072597
2014-15,E92000001,England,England,National,60-64,A to D,394697.0,543179.0,72.66425984804272
2014-15,E92000001,England,England,National,60-64,B,5293.0,53406.0,9.91087143766618
2014-15,E92000001,England,England,National,60-64,C1,353328.0,404240.0,87.405501682169
2014-15,E92000001,England,England,National,60-64,C2,33822.0,76939.0,43.95950038342063
2014-15,E92000001,England,England,National,60-64,D,139.0,142.0,97.88732394366197
2014-15,E92000001,England,England,National,65-70,A,1498.0,6266.0,23.906798595595276
2014-15,E92000001,England,England,National,65-70,A and C1,410594.0,472081.0,86.97532838644216
2014-15,E92000001,England,England,National,65-70,A to C2,450421.0,618212.0,72.85866337114129
2014-15,E92000001,England,England,National,65-70,A to D,450573.0,618364.0,72.86533498069099
2014-15,E92000001,England,England,National,65-70,B,3181.0,47807.0,6.653837304160478
2014-15,E92000001,England,England,National,65-70,C1,409096.0,465815.0,87.82370683640501
2014-15,E92000001,England,England,National,65-70,C2,36646.0,98324.0,37.270656197876406
2014-15,E92000001,England,England,National,65-70,D,152.0,152.0,100.0
2014-15,E92000001,England,England,National,Over 70,A,96.0,391.0,24.55242966751918
2014-15,E92000001,England,England,National,Over 70,A and C1,52226.0,62485.0,83.58165959830359
2014-15,E92000001,England,England,National,Over 70,A to C2,58651.0,85756.0,68.39288213069639
2014-15,E92000001,England,England,National,Over 70,A to D,58751.0,85856.0,68.42969623555722
2014-15,E92000001,England,England,National,Over 70,B,273.0,5864.0,4.655525238744884
2014-15,E92000001,England,England,National,Over 70,C1,52130.0,62094.0,83.95336103327213
2014-15,E92000001,England,England,National,Over 70,C2,6152.0,17407.0,35.3421037513644
2014-15,E92000001,England,England,National,Over 70,D,100.0,100.0,100.0
2015-16,E92000001,England,England,National,45-49,A,162735.0,243903.0,66.72119654124795
2015-16,E92000001,England,England,National,45-49,A and C1,178232.0,262660.0,67.85654458234981
2015-16,E92000001,England,England,National,45-49,A to C2,181519.0,271466.0,66.86620055550235
2015-16,E92000001,England,England,National,45-49,A to D,181613.0,271560.0,66.87766975990573
2015-16,E92000001,England,England,National,45-49,B,2772.0,8027.0,34.53344960757443
2015-16,E92000001,England,England,National,45-49,C1,15497.0,18757.0,82.61982193314495
2015-16,E92000001,England,England,National,45-49,C2,515.0,779.0,66.11039794608472
2015-16,E92000001,England,England,National,45-49,D,94.0,94.0,100.0
2015-16,E92000001,England,England,National,45-74,A,320057.0,497071.0,64.38858835055757
2015-16,E92000001,England,England,National,45-74,A and C1,1837763.0,2242436.0,81.95386624189052
2015-16,E92000001,England,England,National,45-74,A to C2,2039843.0,2852458.0,71.51176283752469
2015-16,E92000001,England,England,National,45-74,A to D,2040674.0,2853297.0,71.51985930661967
2015-16,E92000001,England,England,National,45-74,B,70360.0,325142.0,21.639775851781685
2015-16,E92000001,England,England,National,45-74,C1,1517706.0,1745365.0,86.95636729280122
2015-16,E92000001,England,England,National,45-74,C2,131720.0,284880.0,46.237012075259756
2015-16,E92000001,England,England,National,45-74,D,831.0,839.0,99.04648390941597
2015-16,E92000001,England,England,National,50-52,A,145446.0,213692.0,68.0633809407933
2015-16,E92000001,England,England,National,50-52,A and C1,281508.0,375121.0,75.04458561370865
2015-16,E92000001,England,England,National,50-52,A to C2,306775.0,441614.0,69.4667741511818
2015-16,E92000001,England,England,National,50-52,A to D,306950.0,441791.0,69.47855433904266
2015-16,E92000001,England,England,National,50-52,B,21303.0,60326.0,35.31313198289295
2015-16,E92000001,England,England,National,50-52,C1,136062.0,161429.0,84.28597092220109
2015-16,E92000001,England,England,National,50-52,C2,3964.0,6167.0,64.2776066158586
2015-16,E92000001,England,England,National,50-52,D,175.0,177.0,98.87005649717514
2015-16,E92000001,England,England,National,50<71,A,157205.0,252745.0,62.19905438287602
2015-16,E92000001,England,England,National,50<71,A and C1,1599402.0,1908567.0,83.80119744289826
2015-16,E92000001,England,England,National,50<71,A to C2,1790997.0,2484216.0,72.09505936681835
2015-16,E92000001,England,England,National,50<71,A to D,1791683.0,2484909.0,72.1025598925353
2015-16,E92000001,England,England,National,50<71,B,67240.0,310761.0,21.637206727999974
2015-16,E92000001,England,England,National,50<71,C1,1442197.0,1655822.0,87.098552863774
2015-16,E92000001,England,England,National,50<71,C2,124355.0,264888.0,46.94625653106218
2015-16,E92000001,England,England,National,50<71,D,686.0,693.0,98.98989898989899
2015-16,E92000001,England,England,National,53-54,A,3996.0,10612.0,37.65548435733132
2015-16,E92000001,England,England,National,53-54,A and C1,164001.0,198832.0,82.48219602478474
2015-16,E92000001,England,England,National,53-54,A to C2,188823.0,269321.0,70.11076002242676
2015-16,E92000001,England,England,National,53-54,A to D,188918.0,269417.0,70.12103913264568
2015-16,E92000001,England,England,National,53-54,B,19403.0,61853.0,31.369537451699998
2015-16,E92000001,England,England,National,53-54,C1,160005.0,188220.0,85.00956327701626
2015-16,E92000001,England,England,National,53-54,C2,5419.0,8636.0,62.74895785085688
2015-16,E92000001,England,England,National,53-54,D,95.0,96.0,98.95833333333334
2015-16,E92000001,England,England,National,55-59,A,3853.0,13504.0,28.53228672985782
2015-16,E92000001,England,England,National,55-59,A and C1,387279.0,455763.0,84.97376926165573
2015-16,E92000001,England,England,National,55-59,A to C2,441249.0,613123.0,71.96745188159636
2015-16,E92000001,England,England,National,55-59,A to D,441384.0,613261.0,71.97327076073645
2015-16,E92000001,England,England,National,55-59,B,17165.0,89450.0,19.189491335941867
2015-16,E92000001,England,England,National,55-59,C1,383426.0,442259.0,86.69716161796595
2015-16,E92000001,England,England,National,55-59,C2,36805.0,67910.0,54.19673096745693
2015-16,E92000001,England,England,National,55-59,D,135.0,138.0,97.82608695652173
2015-16,E92000001,England,England,National,60-64,A,2332.0,8719.0,26.74618648927629
2015-16,E92000001,England,England,National,60-64,A and C1,346528.0,399842.0,86.66623316209903
2015-16,E92000001,England,England,National,60-64,A to C2,389590.0,531117.0,73.35295236266208
2015-16,E92000001,England,England,National,60-64,A to D,389719.0,531247.0,73.35928485243211
2015-16,E92000001,England,England,National,60-64,B,5813.0,51821.0,11.217460103047028
2015-16,E92000001,England,England,National,60-64,C1,344196.0,391123.0,88.00198403059906
2015-16,E92000001,England,England,National,60-64,C2,37249.0,79454.0,46.88121428751227
2015-16,E92000001,England,England,National,60-64,D,129.0,130.0,99.23076923076923
2015-16,E92000001,England,England,National,65-70,A,1578.0,6218.0,25.37793502733998
2015-16,E92000001,England,England,National,65-70,A and C1,420086.0,479009.0,87.69897851606129
2015-16,E92000001,England,England,National,65-70,A to C2,464560.0,629041.0,73.85210185027685
2015-16,E92000001,England,England,National,65-70,A to D,464712.0,629193.0,73.85841864102112
2015-16,E92000001,England,England,National,65-70,B,3556.0,47311.0,7.516222442983661
2015-16,E92000001,England,England,National,65-70,C1,418508.0,472791.0,88.5186054726084
2015-16,E92000001,England,England,National,65-70,C2,40918.0,102721.0,39.8341137644688
2015-16,E92000001,England,England,National,65-70,D,152.0,152.0,100.0
2015-16,E92000001,England,England,National,Over 70,A,117.0,423.0,27.659574468085108
2015-16,E92000001,England,England,National,Over 70,A and C1,60130.0,71210.0,84.4403875860132
2015-16,E92000001,England,England,National,Over 70,A to C2,67328.0,96782.0,69.56665495650017
2015-16,E92000001,England,England,National,Over 70,A to D,67413.0,96868.0,69.59264153280753
2015-16,E92000001,England,England,National,Over 70,B,348.0,6358.0,5.473419314249764
2015-16,E92000001,England,England,National,Over 70,C1,60013.0,70787.0,84.77969118623476
2015-16,E92000001,England,England,National,Over 70,C2,6850.0,19214.0,35.65108774851671
2015-16,E92000001,England,England,National,Over 70,D,85.0,86.0,98.83720930232558
2016-17,E92000001,England,England,National,45-49,A,150368.0,231366.0,64.99139890908776
2016-17,E92000001,England,England,National,45-49,A and C1,167736.0,252566.0,66.41273964033164
2016-17,E92000001,England,England,National,45-49,A to C2,171290.0,262860.0,65.16396560906946
2016-17,E92000001,England,England,National,45-49,A to D,171361.0,262933.0,65.1728767404624
2016-17,E92000001,England,England,National,45-49,B,3026.0,9439.0,32.058480771268144
2016-17,E92000001,England,England,National,45-49,C1,17368.0,21200.0,81.9245283018868
2016-17,E92000001,England,England,National,45-49,C2,528.0,855.0,61.75438596491228
2016-17,E92000001,England,England,National,45-49,D,71.0,73.0,97.26027397260275
2016-17,E92000001,England,England,National,45-74,A,293489.0,469143.0,62.55853758875226
2016-17,E92000001,England,England,National,45-74,A and C1,1872111.0,2296461.0,81.52156731597009
2016-17,E92000001,England,England,National,45-74,A to C2,2085824.0,2959179.0,70.48657752707761
2016-17,E92000001,England,England,National,45-74,A to D,2086589.0,2959954.0,70.49396713597577
2016-17,E92000001,England,England,National,45-74,B,74245.0,356918.0,20.801696748272715
2016-17,E92000001,England,England,National,45-74,C1,1578622.0,1827318.0,86.39010834457932
2016-17,E92000001,England,England,National,45-74,C2,139468.0,305800.0,45.60758665794637
2016-17,E92000001,England,England,National,45-74,D,765.0,775.0,98.70967741935483
2016-17,E92000001,England,England,National,50-52,A,130685.0,196718.0,66.43265994977583
2016-17,E92000001,England,England,National,50-52,A and C1,280878.0,376430.0,74.61626331588874
2016-17,E92000001,England,England,National,50-52,A to C2,309887.0,455227.0,68.07307123698726
2016-17,E92000001,England,England,National,50-52,A to D,310050.0,455393.0,68.08405047947596
2016-17,E92000001,England,England,National,50-52,B,24186.0,71015.0,34.057593466169116
2016-17,E92000001,England,England,National,50-52,C1,150193.0,179712.0,83.5742743945869
2016-17,E92000001,England,England,National,50-52,C2,4823.0,7782.0,61.97635569262401
2016-17,E92000001,England,England,National,50-52,D,163.0,166.0,98.19277108433735
2016-17,E92000001,England,England,National,50<71,A,142977.0,237170.0,60.28460597883375
2016-17,E92000001,England,England,National,50<71,A and C1,1640583.0,1967375.0,83.38944024397992
2016-17,E92000001,England,England,National,50<71,A to C2,1843375.0,2592370.0,71.10771224786585
2016-17,E92000001,England,England,National,50<71,A to D,1844023.0,2593024.0,71.11476793118769
2016-17,E92000001,England,England,National,50<71,B,70884.0,340388.0,20.824470897916495
2016-17,E92000001,England,England,National,50<71,C1,1497606.0,1730205.0,86.5565641065654
2016-17,E92000001,England,England,National,50<71,C2,131908.0,284607.0,46.34741942397763
2016-17,E92000001,England,England,National,50<71,D,648.0,654.0,99.08256880733946
2016-17,E92000001,England,England,National,53-54,A,3571.0,9964.0,35.83902047370534
2016-17,E92000001,England,England,National,53-54,A and C1,169557.0,205743.0,82.41203831965122
2016-17,E92000001,England,England,National,53-54,A to C2,196237.0,282871.0,69.37331857984735
2016-17,E92000001,England,England,National,53-54,A to D,196323.0,282957.0,69.38262704227144
2016-17,E92000001,England,England,National,53-54,B,19438.0,65244.0,29.792777879958308
2016-17,E92000001,England,England,National,53-54,C1,165986.0,195779.0,84.78233109781948
2016-17,E92000001,England,England,National,53-54,C2,7242.0,11884.0,60.93907775159879
2016-17,E92000001,England,England,National,53-54,D,86.0,86.0,100.0
2016-17,E92000001,England,England,National,55-59,A,4345.0,14214.0,30.56845363725904
2016-17,E92000001,England,England,National,55-59,A and C1,408862.0,482941.0,84.66085919398022
2016-17,E92000001,England,England,National,55-59,A to C2,466878.0,655476.0,71.22732182414
2016-17,E92000001,England,England,National,55-59,A to D,467002.0,655601.0,71.23265522779862
2016-17,E92000001,England,England,National,55-59,B,17908.0,97505.0,18.366237628839546
2016-17,E92000001,England,England,National,55-59,C1,404517.0,468727.0,86.30119451194406
2016-17,E92000001,England,England,National,55-59,C2,40108.0,75030.0,53.45595095295215
2016-17,E92000001,England,England,National,55-59,D,124.0,125.0,99.2
2016-17,E92000001,England,England,National,60-64,A,2490.0,9058.0,27.489512033561493
2016-17,E92000001,England,England,National,60-64,A and C1,355950.0,413007.0,86.18497991559465
2016-17,E92000001,England,England,National,60-64,A to C2,400193.0,552885.0,72.3826835598723
2016-17,E92000001,England,England,National,60-64,A to D,400309.0,553003.0,72.38821489214344
2016-17,E92000001,England,England,National,60-64,B,5970.0,56679.0,10.53300164081935
2016-17,E92000001,England,England,National,60-64,C1,353460.0,403949.0,87.50114494651552
2016-17,E92000001,England,England,National,60-64,C2,38273.0,83199.0,46.001754828783994
2016-17,E92000001,England,England,National,60-64,D,116.0,118.0,98.30508474576271
2016-17,E92000001,England,England,National,65-70,A,1886.0,7216.0,26.136363636363637
2016-17,E92000001,England,England,National,65-70,A and C1,425336.0,489254.0,86.93562035261849
2016-17,E92000001,England,England,National,65-70,A to C2,470180.0,645911.0,72.79331053349455
2016-17,E92000001,England,England,National,65-70,A to D,470339.0,646070.0,72.80000619127959
2016-17,E92000001,England,England,National,65-70,B,3382.0,49945.0,6.771448593452798
2016-17,E92000001,England,England,National,65-70,C1,423450.0,482038.0,87.84577149519333
2016-17,E92000001,England,England,National,65-70,C2,41462.0,106712.0,38.854112002398985
2016-17,E92000001,England,England,National,65-70,D,159.0,159.0,100.0
2016-17,E92000001,England,England,National,Over 70,A,144.0,607.0,23.72322899505766
2016-17,E92000001,England,England,National,Over 70,A and C1,63792.0,76520.0,83.36644014636695
2016-17,E92000001,England,England,National,Over 70,A to C2,71160.0,103952.0,68.4546713867939
2016-17,E92000001,England,England,National,Over 70,A to D,71228.0,104022.0,68.47397665878373
2016-17,E92000001,England,England,National,Over 70,B,335.0,7091.0,4.7242984064306865
2016-17,E92000001,England,England,National,Over 70,C1,63648.0,75913.0,83.84334698931671
2016-17,E92000001,England,England,National,Over 70,C2,7033.0,20341.0,34.5754879307802
2016-17,E92000001,England,England,National,Over 70,D,68.0,70.0,97.14285714285714
2017-18,E92000001,England,England,National,45-49,A,135156.0,208578.0,64.79878031240112
2017-18,E92000001,England,England,National,45-49,A and C1,152971.0,230347.0,66.40893955640837
2017-18,E92000001,England,England,National,45-49,A to C2,156976.0,241652.0,64.95952857828613
2017-18,E92000001,England,England,National,45-49,A to D,157036.0,241715.0,64.96742030904163
2017-18,E92000001,England,England,National,45-49,B,3534.0,10554.0,33.484934621944284
2017-18,E92000001,England,England,National,45-49,C1,17815.0,21769.0,81.83655657127107
2017-18,E92000001,England,England,National,45-49,C2,471.0,751.0,62.71637816245007
2017-18,E92000001,England,England,National,45-49,D,60.0,63.0,95.23809523809523
2017-18,E92000001,England,England,National,45-74,A,267115.0,428940.0,62.273278313983305
2017-18,E92000001,England,England,National,45-74,A and C1,1811112.0,2220411.0,81.56652079277215
2017-18,E92000001,England,England,National,45-74,A to C2,2019619.0,2887268.0,69.9491353071485
2017-18,E92000001,England,England,National,45-74,A to D,2020242.0,2887899.0,69.95542434136374
2017-18,E92000001,England,England,National,45-74,B,71714.0,360990.0,19.865924263830024
2017-18,E92000001,England,England,National,45-74,C1,1543997.0,1791471.0,86.18598905592108
2017-18,E92000001,England,England,National,45-74,C2,136793.0,305867.0,44.72303321378246
2017-18,E92000001,England,England,National,45-74,D,623.0,631.0,98.73217115689383
2017-18,E92000001,England,England,National,50-52,A,119672.0,180713.0,66.22213122464903
2017-18,E92000001,England,England,National,50-52,A and C1,263876.0,353489.0,74.64899897875182
2017-18,E92000001,England,England,National,50-52,A to C2,293517.0,435678.0,67.3701678762756
2017-18,E92000001,England,England,National,50-52,A to D,293648.0,435810.0,67.37982148183842
2017-18,E92000001,England,England,National,50-52,B,24746.0,74054.0,33.416155778215895
2017-18,E92000001,England,England,National,50-52,C1,144204.0,172776.0,83.4629809695791
2017-18,E92000001,England,England,National,50-52,C2,4895.0,8135.0,60.172095881991396
2017-18,E92000001,England,England,National,50-52,D,131.0,132.0,99.24242424242425
2017-18,E92000001,England,England,National,50<71,A,131826.0,219861.0,59.95879214594676
2017-18,E92000001,England,England,National,50<71,A and C1,1594983.0,1914740.0,83.30023919696669
2017-18,E92000001,England,England,National,50<71,A to C2,1791520.0,2542166.0,70.47218789016925
2017-18,E92000001,England,England,National,50<71,A to D,1792047.0,2542698.0,70.4781692517161
2017-18,E92000001,England,England,National,50<71,B,67865.0,343676.0,19.746796401261655
2017-18,E92000001,England,England,National,50<71,C1,1463157.0,1694879.0,86.32810955826345
2017-18,E92000001,England,England,National,50<71,C2,128672.0,283750.0,45.346960352422904
2017-18,E92000001,England,England,National,50<71,D,527.0,532.0,99.06015037593986
2017-18,E92000001,England,England,National,53-54,A,3441.0,9527.0,36.11840033588748
2017-18,E92000001,England,England,National,53-54,A and C1,173160.0,210186.0,82.38417401729896
2017-18,E92000001,England,England,National,53-54,A to C2,200131.0,290936.0,68.78866829818242
2017-18,E92000001,England,England,National,53-54,A to D,200211.0,291016.0,68.79724826126399
2017-18,E92000001,England,England,National,53-54,B,17975.0,65487.0,27.448195825125598
2017-18,E92000001,England,England,National,53-54,C1,169719.0,200659.0,84.58080624342792
2017-18,E92000001,England,England,National,53-54,C2,8996.0,15263.0,58.93992006813864
2017-18,E92000001,England,England,National,53-54,D,80.0,80.0,100.0
2017-18,E92000001,England,England,National,55-59,A,4297.0,13887.0,30.94260819471448
2017-18,E92000001,England,England,National,55-59,A and C1,401633.0,476293.0,84.3247748759692
2017-18,E92000001,England,England,National,55-59,A to C2,457088.0,649953.0,70.32631590284221
2017-18,E92000001,England,England,National,55-59,A to D,457204.0,650070.0,70.3315027612411
2017-18,E92000001,England,England,National,55-59,B,16806.0,99535.0,16.884512985382027
2017-18,E92000001,England,England,National,55-59,C1,397336.0,462406.0,85.92795076188457
2017-18,E92000001,England,England,National,55-59,C2,38649.0,74125.0,52.14030354131535
2017-18,E92000001,England,England,National,55-59,D,116.0,117.0,99.14529914529915
2017-18,E92000001,England,England,National,60-64,A,2516.0,8864.0,28.384476534296027
2017-18,E92000001,England,England,National,60-64,A and C1,349058.0,406300.0,85.91139552055131
2017-18,E92000001,England,England,National,60-64,A to C2,391357.0,545247.0,71.77609413715253
2017-18,E92000001,England,England,National,60-64,A to D,391441.0,545333.0,71.78017834974226
2017-18,E92000001,England,England,National,60-64,B,5343.0,56099.0,9.524233943564056
2017-18,E92000001,England,England,National,60-64,C1,346542.0,397436.0,87.19441620789259
2017-18,E92000001,England,England,National,60-64,C2,36956.0,82848.0,44.6069911162611
2017-18,E92000001,England,England,National,60-64,D,84.0,86.0,97.67441860465115
2017-18,E92000001,England,England,National,65-70,A,1900.0,6870.0,27.65647743813683
2017-18,E92000001,England,England,National,65-70,A and C1,407256.0,468472.0,86.9328369678444
2017-18,E92000001,England,England,National,65-70,A to C2,449427.0,620352.0,72.44709455277004
2017-18,E92000001,England,England,National,65-70,A to D,449543.0,620469.0,72.4521289540654
2017-18,E92000001,England,England,National,65-70,B,2995.0,48501.0,6.175130409682274
2017-18,E92000001,England,England,National,65-70,C1,405356.0,461602.0,87.81504412892491
2017-18,E92000001,England,England,National,65-70,C2,39176.0,103379.0,37.89551069366119
2017-18,E92000001,England,England,National,65-70,D,116.0,117.0,99.14529914529915
2017-18,E92000001,England,England,National,Over 70,A,133.0,502.0,26.49402390438247
2017-18,E92000001,England,England,National,Over 70,A and C1,63168.0,75339.0,83.84502050730698
2017-18,E92000001,England,England,National,Over 70,A to C2,71142.0,103497.0,68.73822429635642
2017-18,E92000001,England,England,National,Over 70,A to D,71203.0,103558.0,68.75663879178818
2017-18,E92000001,England,England,National,Over 70,B,316.0,6764.0,4.671791839148433
2017-18,E92000001,England,England,National,Over 70,C1,63035.0,74837.0,84.22972593770461
2017-18,E92000001,England,England,National,Over 70,C2,7658.0,21394.0,35.795082733476676
2017-18,E92000001,England,England,National,Over 70,D,61.0,61.0,100.0
2018-19,E92000001,England,England,National,45-49,A,127110.0,191157.0,66.49507996045135
2018-19,E92000001,England,England,National,45-49,A and C1,142174.0,209357.0,67.90983821892748
2018-19,E92000001,England,England,National,45-49,A to C2,145580.0,218819.0,66.52987172046303
2018-19,E92000001,England,England,National,45-49,A to D,145627.0,218867.0,66.53675519836247
2018-19,E92000001,England,England,National,45-49,B,3000.0,8821.0,34.0097494615123
2018-19,E92000001,England,England,National,45-49,C1,15064.0,18200.0,82.76923076923077
2018-19,E92000001,England,England,National,45-49,C2,406.0,641.0,63.338533541341654
2018-19,E92000001,England,England,National,45-49,D,47.0,48.0,97.91666666666666
2018-19,E92000001,England,England,National,45-74,A,260216.0,409548.0,63.537363141805116
2018-19,E92000001,England,England,National,45-74,A and C1,1848756.0,2245087.0,82.3467420193516
2018-19,E92000001,England,England,National,45-74,A to C2,2072211.0,2928773.0,70.7535544748603
2018-19,E92000001,England,England,National,45-74,A to D,2072778.0,2929347.0,70.7590462993971
2018-19,E92000001,England,England,National,45-74,B,74592.0,368507.0,20.241677905711423
2018-19,E92000001,England,England,National,45-74,C1,1588540.0,1835539.0,86.54351664551938
2018-19,E92000001,England,England,National,45-74,C2,148863.0,315179.0,47.23125588951041
2018-19,E92000001,England,England,National,45-74,D,567.0,574.0,98.78048780487805
2018-19,E92000001,England,England,National,50-52,A,120451.0,178673.0,67.41421479462481
2018-19,E92000001,England,England,National,50-52,A and C1,265524.0,351208.0,75.60306143368032
2018-19,E92000001,England,England,National,50-52,A to C2,296675.0,434991.0,68.20256051274623
2018-19,E92000001,England,England,National,50-52,A to D,296794.0,435111.0,68.21110015605213
2018-19,E92000001,England,England,National,50-52,B,25805.0,75249.0,34.292814522452126
2018-19,E92000001,England,England,National,50-52,C1,145073.0,172535.0,84.08322948966877
2018-19,E92000001,England,England,National,50-52,C2,5346.0,8534.0,62.64354347316616
2018-19,E92000001,England,England,National,50-52,D,119.0,120.0,99.16666666666667
2018-19,E92000001,England,England,National,50<71,A,132947.0,217757.0,61.05291678338699
2018-19,E92000001,England,England,National,50<71,A and C1,1615391.0,1927007.0,83.8290156704153
2018-19,E92000001,England,England,National,50<71,A to C2,1816676.0,2555694.0,71.08347086936074
2018-19,E92000001,England,England,National,50<71,A to D,1817150.0,2556174.0,71.08866610801925
2018-19,E92000001,England,England,National,50<71,B,71102.0,350235.0,20.301226319471212
2018-19,E92000001,England,England,National,50<71,C1,1482444.0,1709250.0,86.73067134708205
2018-19,E92000001,England,England,National,50<71,C2,130183.0,278452.0,46.75240256848577
2018-19,E92000001,England,England,National,50<71,D,474.0,480.0,98.75
2018-19,E92000001,England,England,National,53-54,A,3599.0,9544.0,37.70955574182733
2018-19,E92000001,England,England,National,53-54,A and C1,177976.0,214077.0,83.13644156074683
2018-19,E92000001,England,England,National,53-54,A to C2,206433.0,296860.0,69.53883985717172
2018-19,E92000001,England,England,National,53-54,A to D,206495.0,296924.0,69.54473198528916
2018-19,E92000001,England,England,National,53-54,B,17935.0,65241.0,27.490381815116262
2018-19,E92000001,England,England,National,53-54,C1,174377.0,204533.0,85.25616893117493
2018-19,E92000001,England,England,National,53-54,C2,10522.0,17542.0,59.98175806635503
2018-19,E92000001,England,England,National,53-54,D,62.0,64.0,96.875
2018-19,E92000001,England,England,National,55-59,A,4407.0,13807.0,31.918592018541318
2018-19,E92000001,England,England,National,55-59,A and C1,405933.0,480017.0,84.56637994071043
2018-19,E92000001,England,England,National,55-59,A to C2,462416.0,654322.0,70.67101518824064
2018-19,E92000001,England,England,National,55-59,A to D,462528.0,654435.0,70.67592656260744
2018-19,E92000001,England,England,National,55-59,B,17866.0,101885.0,17.535456642292782
2018-19,E92000001,England,England,National,55-59,C1,401526.0,466210.0,86.12556573218077
2018-19,E92000001,England,England,National,55-59,C2,38617.0,72420.0,53.32366749516708
2018-19,E92000001,England,England,National,55-59,D,112.0,113.0,99.11504424778761
2018-19,E92000001,England,England,National,60-64,A,2679.0,8993.0,29.789836539530747
2018-19,E92000001,England,England,National,60-64,A and C1,356324.0,413387.0,86.19622774784887
2018-19,E92000001,England,England,National,60-64,A to C2,399290.0,552585.0,72.25856655537157
2018-19,E92000001,England,England,National,60-64,A to D,399372.0,552668.0,72.26255183944068
2018-19,E92000001,England,England,National,60-64,B,6083.0,58914.0,10.325219811929252
2018-19,E92000001,England,England,National,60-64,C1,353645.0,404394.0,87.45060510294415
2018-19,E92000001,England,England,National,60-64,C2,36883.0,80284.0,45.9406606546759
2018-19,E92000001,England,England,National,60-64,D,82.0,83.0,98.79518072289156
2018-19,E92000001,England,England,National,65-70,A,1811.0,6740.0,26.869436201780417
2018-19,E92000001,England,England,National,65-70,A and C1,409634.0,468318.0,87.46919827980133
2018-19,E92000001,England,England,National,65-70,A to C2,451862.0,616936.0,73.24292957454259
2018-19,E92000001,England,England,National,65-70,A to D,451961.0,617036.0,73.24710389669322
2018-19,E92000001,England,England,National,65-70,B,3413.0,48946.0,6.972990642749152
2018-19,E92000001,England,England,National,65-70,C1,407823.0,461578.0,88.3540810003943
2018-19,E92000001,England,England,National,65-70,C2,38815.0,99672.0,38.94273216148969
2018-19,E92000001,England,England,National,65-70,D,99.0,100.0,99.0
2018-19,E92000001,England,England,National,Over 70,A,178.0,659.0,27.010622154779966
2018-19,E92000001,England,England,National,Over 70,A and C1,91254.0,108799.0,83.87393266482228
2018-19,E92000001,England,England,National,Over 70,A to C2,121673.0,168147.0,72.36108880919672
2018-19,E92000001,England,England,National,Over 70,A to D,121736.0,168210.0,72.3714404613281
2018-19,E92000001,England,England,National,Over 70,B,571.0,9626.0,5.931851236235197
2018-19,E92000001,England,England,National,Over 70,C1,91076.0,108140.0,84.2204549657851
2018-19,E92000001,England,England,National,Over 70,C2,29848.0,49722.0,60.02976549615864
2018-19,E92000001,England,England,National,Over 70,D,63.0,63.0,100.0
2019-20,E92000001,England,England,National,45-49,A,113568.0,173583.0,65.42576173934084
2019-20,E92000001,England,England,National,45-49,A and C1,126768.0,189933.0,66.74353587844134
2019-20,E92000001,England,England,National,45-49,A to C2,129653.0,198612.0,65.27954000765311
2019-20,E92000001,England,England,National,45-49,A to D,129681.0,198642.0,65.28377684477603
2019-20,E92000001,England,England,National,45-49,B,2599.0,8204.0,31.67966845441248
2019-20,E92000001,England,England,National,45-49,C1,13200.0,16350.0,80.73394495412845
2019-20,E92000001,England,England,National,45-49,C2,286.0,475.0,60.21052631578947
2019-20,E92000001,England,England,National,45-49,D,28.0,30.0,93.33333333333333
2019-20,E92000001,England,England,National,45-74,A,259317.0,415486.0,62.412933287764204
2019-20,E92000001,England,England,National,45-74,A and C1,1792136.0,2218319.0,80.78802011793614
2019-20,E92000001,England,England,National,45-74,A to C2,1999104.0,2909017.0,68.72094594153283
2019-20,E92000001,England,England,National,45-74,A to D,1999636.0,2909562.0,68.72635812538107
2019-20,E92000001,England,England,National,45-74,B,73338.0,384428.0,19.077174399367372
2019-20,E92000001,England,England,National,45-74,C1,1532819.0,1802833.0,85.02279467926314
2019-20,E92000001,England,England,National,45-74,C2,133630.0,306270.0,43.63143631436314
2019-20,E92000001,England,England,National,45-74,D,532.0,545.0,97.61467889908258
2019-20,E92000001,England,England,National,50-52,A,131374.0,198975.0,66.02538007287347
2019-20,E92000001,England,England,National,50-52,A and C1,261922.0,356870.0,73.39423319416034
2019-20,E92000001,England,England,National,50-52,A to C2,291493.0,439009.0,66.3979553949919
2019-20,E92000001,England,England,National,50-52,A to D,291612.0,439130.0,66.40675881857308
2019-20,E92000001,England,England,National,50-52,B,24787.0,74143.0,33.43134213614232
2019-20,E92000001,England,England,National,50-52,C1,130548.0,157895.0,82.680262199563
2019-20,E92000001,England,England,National,50-52,C2,4784.0,7996.0,59.829914957478735
2019-20,E92000001,England,England,National,50-52,D,119.0,121.0,98.34710743801654
2019-20,E92000001,England,England,National,50<71,A,145218.0,239887.0,60.53600236778149
2019-20,E92000001,England,England,National,50<71,A and C1,1596163.0,1943640.0,82.12235804984462
2019-20,E92000001,England,England,National,50<71,A to C2,1793694.0,2596806.0,69.07308439675509
2019-20,E92000001,England,England,National,50<71,A to D,1794146.0,2597269.0,69.07817403588153
2019-20,E92000001,England,England,National,50<71,B,70380.0,368054.0,19.122194025876638
2019-20,E92000001,England,England,National,50<71,C1,1450945.0,1703753.0,85.16169890823376
2019-20,E92000001,England,England,National,50<71,C2,127151.0,285112.0,44.5968601812621
2019-20,E92000001,England,England,National,50<71,D,452.0,463.0,97.62419006479482
2019-20,E92000001,England,England,National,53-54,A,3861.0,9873.0,39.106654512306285
2019-20,E92000001,England,England,National,53-54,A and C1,171906.0,210622.0,81.61825450332823
2019-20,E92000001,England,England,National,53-54,A to C2,199495.0,295464.0,67.51922400021661
2019-20,E92000001,England,England,National,53-54,A to D,199557.0,295527.0,67.52580982448305
2019-20,E92000001,England,England,National,53-54,B,17376.0,66834.0,25.998743154681748
2019-20,E92000001,England,England,National,53-54,C1,168045.0,200749.0,83.70900975845458
2019-20,E92000001,England,England,National,53-54,C2,10213.0,18008.0,56.71368280764105
2019-20,E92000001,England,England,National,53-54,D,62.0,63.0,98.4126984126984
2019-20,E92000001,England,England,National,55-59,A,4808.0,14289.0,33.648260899993
2019-20,E92000001,England,England,National,55-59,A and C1,411867.0,496007.0,83.03652972639499
2019-20,E92000001,England,England,National,55-59,A to C2,468835.0,682863.0,68.65725628713226
2019-20,E92000001,England,England,National,55-59,A to D,468940.0,682972.0,68.66167280649866
2019-20,E92000001,England,England,National,55-59,B,18232.0,110368.0,16.51928095100029
2019-20,E92000001,England,England,National,55-59,C1,407059.0,481718.0,84.50151333352709
2019-20,E92000001,England,England,National,55-59,C2,38736.0,76488.0,50.64323815500471
2019-20,E92000001,England,England,National,55-59,D,105.0,109.0,96.3302752293578
2019-20,E92000001,England,England,National,60-64,A,2990.0,9516.0,31.420765027322407
2019-20,E92000001,England,England,National,60-64,A and C1,356235.0,421180.0,84.58022698133814
2019-20,E92000001,England,England,National,60-64,A to C2,398743.0,568309.0,70.16306270004522
2019-20,E92000001,England,England,National,60-64,A to D,398815.0,568383.0,70.16659541189657
2019-20,E92000001,England,England,National,60-64,B,6532.0,64481.0,10.13011584807928
2019-20,E92000001,England,England,National,60-64,C1,353245.0,411664.0,85.80905787243967
2019-20,E92000001,England,England,National,60-64,C2,35976.0,82648.0,43.52918400929242
2019-20,E92000001,England,England,National,60-64,D,72.0,74.0,97.2972972972973
2019-20,E92000001,England,England,National,65-70,A,2185.0,7234.0,30.204589438761403
2019-20,E92000001,England,England,National,65-70,A and C1,394233.0,458961.0,85.896840908051
2019-20,E92000001,England,England,National,65-70,A to C2,435128.0,611161.0,71.19695137615129
2019-20,E92000001,England,England,National,65-70,A to D,435222.0,611257.0,71.20114779871642
2019-20,E92000001,England,England,National,65-70,B,3453.0,52228.0,6.611396185953894
2019-20,E92000001,England,England,National,65-70,C1,392048.0,451727.0,86.78870202578106
2019-20,E92000001,England,England,National,65-70,C2,37442.0,99972.0,37.45248669627495
2019-20,E92000001,England,England,National,65-70,D,94.0,96.0,97.91666666666666
2019-20,E92000001,England,England,National,Over 70,A,533.0,2019.0,26.399207528479447
2019-20,E92000001,England,England,National,Over 70,A and C1,69208.0,84751.0,81.66039338768864
2019-20,E92000001,England,England,National,Over 70,A to C2,75773.0,113626.0,66.68632179254747
2019-20,E92000001,England,England,National,Over 70,A to D,75862.0,113715.0,66.71239502264433
2019-20,E92000001,England,England,National,Over 70,B,359.0,8175.0,4.391437308868502
2019-20,E92000001,England,England,National,Over 70,C1,68675.0,82732.0,83.00899289271382
2019-20,E92000001,England,England,National,Over 70,C2,6206.0,20700.0,29.980676328502415
2019-20,E92000001,England,England,National,Over 70,D,89.0,89.0,100.0
2020-21,E92000001,England,England,National,45-49,A,22232.0,38235.0,58.145678043677265
2020-21,E92000001,England,England,National,45-49,A and C1,24796.0,41855.0,59.24262334249194
2020-21,E92000001,England,England,National,45-49,A to C2,25334.0,43869.0,57.74920786888236
2020-21,E92000001,England,England,National,45-49,A to D,25375.0,43910.0,57.78865861990435
2020-21,E92000001,England,England,National,45-49,B,468.0,1881.0,24.880382775119617
2020-21,E92000001,England,England,National,45-49,C1,2564.0,3620.0,70.82872928176795
2020-21,E92000001,England,England,National,45-49,C2,70.0,133.0,52.63157894736842
2020-21,E92000001,England,England,National,45-49,D,41.0,41.0,100.0
2020-21,E92000001,England,England,National,45-74,A,133334.0,247587.0,53.85339294874125
2020-21,E92000001,England,England,National,45-74,A and C1,1021857.0,1398278.0,73.07967371295264
2020-21,E92000001,England,England,National,45-74,A to C2,1130682.0,1835898.0,61.58740845079629
2020-21,E92000001,England,England,National,45-74,A to D,1131145.0,1836371.0,61.59675795359435
2020-21,E92000001,England,England,National,45-74,B,34345.0,237385.0,14.468058217663291
2020-21,E92000001,England,England,National,45-74,C1,888523.0,1150691.0,77.2164725369365
2020-21,E92000001,England,England,National,45-74,C2,74480.0,200235.0,37.19629435413389
2020-21,E92000001,England,England,National,45-74,D,463.0,473.0,97.88583509513742
2020-21,E92000001,England,England,National,50-52,A,100801.0,172848.0,58.31771267240581
2020-21,E92000001,England,England,National,50-52,A and C1,164514.0,258827.0,63.56137497247196
2020-21,E92000001,England,England,National,50-52,A to C2,178035.0,304676.0,58.43420551668002
2020-21,E92000001,England,England,National,50-52,A to D,178129.0,304773.0,58.44645030891844
2020-21,E92000001,England,England,National,50-52,B,11314.0,42001.0,26.93745387014595
2020-21,E92000001,England,England,National,50-52,C1,63713.0,85979.0,74.10297863431768
2020-21,E92000001,England,England,National,50-52,C2,2207.0,3848.0,57.354469854469855
2020-21,E92000001,England,England,National,50-52,D,94.0,97.0,96.90721649484536
2020-21,E92000001,England,England,National,50<71,A,110668.0,207435.0,53.35068816737773
2020-21,E92000001,England,England,National,50<71,A and C1,975944.0,1326326.0,73.5825128965277
2020-21,E92000001,England,England,National,50<71,A to C2,1081995.0,1751538.0,61.77399519736368
2020-21,E92000001,England,England,National,50<71,A to D,1082380.0,1751931.0,61.78211356497487
2020-21,E92000001,England,England,National,50<71,B,33773.0,232345.0,14.535711980029697
2020-21,E92000001,England,England,National,50<71,C1,865276.0,1118891.0,77.33335954976847
2020-21,E92000001,England,England,National,50<71,C2,72278.0,192867.0,37.47556606366045
2020-21,E92000001,England,England,National,50<71,D,385.0,393.0,97.96437659033079
2020-21,E92000001,England,England,National,53-54,A,4493.0,12664.0,35.478521794061905
2020-21,E92000001,England,England,National,53-54,A and C1,102177.0,141437.0,72.24205830157597
2020-21,E92000001,England,England,National,53-54,A to C2,116683.0,195996.0,59.53335782362905
2020-21,E92000001,England,England,National,53-54,A to D,116728.0,196041.0,59.54264669125337
2020-21,E92000001,England,England,National,53-54,B,8766.0,42880.0,20.443097014925375
2020-21,E92000001,England,England,National,53-54,C1,97684.0,128773.0,75.85751671546053
2020-21,E92000001,England,England,National,53-54,C2,5740.0,11679.0,49.148043496874735
2020-21,E92000001,England,England,National,53-54,D,45.0,45.0,100.0
2020-21,E92000001,England,England,National,55-59,A,2466.0,9533.0,25.868037343963074
2020-21,E92000001,England,England,National,55-59,A and C1,251601.0,332306.0,75.71364946765932
2020-21,E92000001,England,England,National,55-59,A to C2,283515.0,456936.0,62.04698250958559
2020-21,E92000001,England,England,National,55-59,A to D,283623.0,457048.0,62.05540774710753
2020-21,E92000001,England,England,National,55-59,B,9296.0,72373.0,12.844569107263759
2020-21,E92000001,England,England,National,55-59,C1,249135.0,322773.0,77.18582409309329
2020-21,E92000001,England,England,National,55-59,C2,22618.0,52257.0,43.282239699944505
2020-21,E92000001,England,England,National,55-59,D,108.0,112.0,96.42857142857143
2020-21,E92000001,England,England,National,60-64,A,1689.0,6953.0,24.291672659283762
2020-21,E92000001,England,England,National,60-64,A and C1,219960.0,286978.0,76.6469903616305
2020-21,E92000001,England,England,National,60-64,A to C2,244066.0,386655.0,63.12242179720939
2020-21,E92000001,England,England,National,60-64,A to D,244130.0,386719.0,63.128524846206155
2020-21,E92000001,England,England,National,60-64,B,2975.0,42269.0,7.03825498592349
2020-21,E92000001,England,England,National,60-64,C1,218271.0,280025.0,77.94696902062316
2020-21,E92000001,England,England,National,60-64,C2,21131.0,57408.0,36.80845875139354
2020-21,E92000001,England,England,National,60-64,D,64.0,64.0,100.0
2020-21,E92000001,England,England,National,65-70,A,1219.0,5437.0,22.4204524553982
2020-21,E92000001,England,England,National,65-70,A and C1,237692.0,306778.0,77.48013221287054
2020-21,E92000001,England,England,National,65-70,A to C2,259696.0,407275.0,63.76428702964827
2020-21,E92000001,England,England,National,65-70,A to D,259770.0,407350.0,63.77071314594329
2020-21,E92000001,England,England,National,65-70,B,1422.0,32822.0,4.332459935409177
2020-21,E92000001,England,England,National,65-70,C1,236473.0,301341.0,78.47355653561911
2020-21,E92000001,England,England,National,65-70,C2,20582.0,67675.0,30.413003324713706
2020-21,E92000001,England,England,National,65-70,D,74.0,75.0,98.66666666666667
2020-21,E92000001,England,England,National,Over 70,A,434.0,1919.0,22.615945805106826
2020-21,E92000001,England,England,National,Over 70,A and C1,21119.0,30103.0,70.1557984254061
2020-21,E92000001,England,England,National,Over 70,A to C2,23356.0,40500.0,57.66913580246914
2020-21,E92000001,England,England,National,Over 70,A to D,23412.0,40559.0,57.72331664981878
2020-21,E92000001,England,England,National,Over 70,B,104.0,3159.0,3.292181069958848
2020-21,E92000001,England,England,National,Over 70,C1,20685.0,28184.0,73.39270508089696
2020-21,E92000001,England,England,National,Over 70,C2,2133.0,7238.0,29.469466703509255
2020-21,E92000001,England,England,National,Over 70,D,56.0,59.0,94.91525423728814
2021-22,E92000001,England,England,National,45-49,A,10754.0,20611.0,52.17602251225074
2021-22,E92000001,England,England,National,45-49,A and C1,14580.0,25868.0,56.363074068347
2021-22,E92000001,England,England,National,45-49,A to C2,15203.0,28379.0,53.57130272384509
2021-22,E92000001,England,England,National,45-49,A to D,15211.0,28387.0,53.584387219501885
2021-22,E92000001,England,England,National,45-49,B,528.0,2281.0,23.147742218325295
2021-22,E92000001,England,England,National,45-49,C1,3826.0,5257.0,72.77915160738063
2021-22,E92000001,England,England,National,45-49,C2,95.0,230.0,41.30434782608695
2021-22,E92000001,England,England,National,45-49,D,8.0,8.0,100.0
2021-22,E92000001,England,England,National,45-74,A,194220.0,393996.0,49.294916699661925
2021-22,E92000001,England,England,National,45-74,A and C1,1825944.0,2476001.0,73.74568911724995
2021-22,E92000001,England,England,National,45-74,A to C2,2008988.0,3227479.0,62.246353887972624
2021-22,E92000001,England,England,National,45-74,A to D,2009375.0,3227869.0,62.250822446635844
2021-22,E92000001,England,England,National,45-74,B,53230.0,408746.0,13.022757409246818
2021-22,E92000001,England,England,National,45-74,C1,1631724.0,2082005.0,78.37272244783274
2021-22,E92000001,England,England,National,45-74,C2,129814.0,342732.0,37.87624149481228
2021-22,E92000001,England,England,National,45-74,D,387.0,390.0,99.23076923076923
2021-22,E92000001,England,England,National,50-52,A,161291.0,288201.0,55.96476070520227
2021-22,E92000001,England,England,National,50-52,A and C1,276966.0,446130.0,62.08190437764777
2021-22,E92000001,England,England,National,50-52,A to C2,297993.0,523565.0,56.91614221729871
2021-22,E92000001,England,England,National,50-52,A to D,298093.0,523665.0,56.92436958742708
2021-22,E92000001,England,England,National,50-52,B,17233.0,70415.0,24.47347866221686
2021-22,E92000001,England,England,National,50-52,C1,115675.0,157929.0,73.24493918153094
2021-22,E92000001,England,England,National,50-52,C2,3794.0,7020.0,54.04558404558405
2021-22,E92000001,England,England,National,50-52,D,100.0,100.0,100.0
2021-22,E92000001,England,England,National,50<71,A,182754.0,370509.0,49.32511760847915
2021-22,E92000001,England,England,National,50<71,A and C1,1793823.0,2426063.0,73.9396709813389
2021-22,E92000001,England,England,National,50<71,A to C2,1974715.0,3168272.0,62.32782412621138
2021-22,E92000001,England,England,National,50<71,A to D,1975079.0,3168637.0,62.33213208076533
2021-22,E92000001,England,England,National,50<71,B,52619.0,404401.0,13.0115899812315
2021-22,E92000001,England,England,National,50<71,C1,1611069.0,2055554.0,78.37638904159171
2021-22,E92000001,England,England,National,50<71,C2,128273.0,337808.0,37.97216170132146
2021-22,E92000001,England,England,National,50<71,D,364.0,365.0,99.72602739726028
2021-22,E92000001,England,England,National,53-54,A,6559.0,19232.0,34.104617304492514
2021-22,E92000001,England,England,National,53-54,A and C1,185003.0,257064.0,71.96768120001245
2021-22,E92000001,England,England,National,53-54,A to C2,208429.0,351342.0,59.32367892253132
2021-22,E92000001,England,England,National,53-54,A to D,208476.0,351389.0,59.32911957972503
2021-22,E92000001,England,England,National,53-54,B,13779.0,73744.0,18.68490995877631
2021-22,E92000001,England,England,National,53-54,C1,178444.0,237832.0,75.02943254061691
2021-22,E92000001,England,England,National,53-54,C2,9647.0,20534.0,46.980617512418426
2021-22,E92000001,England,England,National,53-54,D,47.0,47.0,100.0
2021-22,E92000001,England,England,National,55-59,A,6529.0,26769.0,24.390152788673465
2021-22,E92000001,England,England,National,55-59,A and C1,468267.0,624346.0,75.00120125699532
2021-22,E92000001,England,England,National,55-59,A to C2,522357.0,844749.0,61.835764232925996
2021-22,E92000001,England,England,National,55-59,A to D,522441.0,844834.0,61.83948562676218
2021-22,E92000001,England,England,National,55-59,B,14308.0,125821.0,11.371710604748015
2021-22,E92000001,England,England,National,55-59,C1,461738.0,597577.0,77.2683687625193
2021-22,E92000001,England,England,National,55-59,C2,39782.0,94582.0,42.0608572455647
2021-22,E92000001,England,England,National,55-59,D,84.0,85.0,98.82352941176471
2021-22,E92000001,England,England,National,60-64,A,4772.0,20438.0,23.348664252862314
2021-22,E92000001,England,England,National,60-64,A and C1,417754.0,540659.0,77.267556814924
2021-22,E92000001,England,England,National,60-64,A to C2,460343.0,717720.0,64.13963662709692
2021-22,E92000001,England,England,National,60-64,A to D,460398.0,717775.0,64.14238445195221
2021-22,E92000001,England,England,National,60-64,B,4850.0,75768.0,6.401119205997255
2021-22,E92000001,England,England,National,60-64,C1,412982.0,520221.0,79.38587638715084
2021-22,E92000001,England,England,National,60-64,C2,37739.0,101293.0,37.257263581886214
2021-22,E92000001,England,England,National,60-64,D,55.0,55.0,100.0
2021-22,E92000001,England,England,National,65-70,A,3603.0,15869.0,22.704644275001577
2021-22,E92000001,England,England,National,65-70,A and C1,445833.0,557864.0,79.91786528616294
2021-22,E92000001,England,England,National,65-70,A to C2,485593.0,730896.0,66.43804316893238
2021-22,E92000001,England,England,National,65-70,A to D,485671.0,730974.0,66.44162446270319
2021-22,E92000001,England,England,National,65-70,B,2449.0,58653.0,4.175404497638654
2021-22,E92000001,England,England,National,65-70,C1,442230.0,541995.0,81.5930036254947
2021-22,E92000001,England,England,National,65-70,C2,37311.0,114379.0,32.62049851808461
2021-22,E92000001,England,England,National,65-70,D,78.0,78.0,100.0
2021-22,E92000001,England,England,National,Over 70,A,713.0,2880.0,24.756944444444446
2021-22,E92000001,England,England,National,Over 70,A and C1,17544.0,24079.0,72.86016861165331
2021-22,E92000001,England,England,National,Over 70,A to C2,19077.0,30849.0,61.8399299815229
2021-22,E92000001,England,England,National,Over 70,A to D,19097.0,30871.0,61.86064591364063
2021-22,E92000001,England,England,National,Over 70,B,84.0,2069.0,4.0599323344610925
2021-22,E92000001,England,England,National,Over 70,C1,16831.0,21199.0,79.39525449313646
2021-22,E92000001,England,England,National,Over 70,C2,1449.0,4701.0,30.823229100191448
2021-22,E92000001,England,England,National,Over 70,D,20.0,22.0,90.9090909090909
2022-23,E92000001,England,England,National,45-49,A,21722.0,38144.0,56.94735738255034
2022-23,E92000001,England,England,National,45-49,A and C1,22804.0,39611.0,57.569866956148545
2022-23,E92000001,England,England,National,45-49,A to C2,23030.0,40489.0,56.87964632369285
2022-23,E92000001,England,England,National,45-49,A to D,23030.0,40489.0,56.87964632369285
2022-23,E92000001,England,England,National,45-49,B,182.0,755.0,24.10596026490066
2022-23,E92000001,England,England,National,45-49,C1,1082.0,1467.0,73.75596455351057
2022-23,E92000001,England,England,National,45-49,C2,44.0,123.0,35.77235772357724
2022-23,E92000001,England,England,National,45-49,D,0.0,0.0,z
2022-23,E92000001,England,England,National,45-74,A,203120.0,377489.0,53.808190437337245
2022-23,E92000001,England,England,National,45-74,A and C1,1759210.0,2295574.0,76.63486343720568
2022-23,E92000001,England,England,National,45-74,A to C2,1959750.0,3037756.0,64.51308136664038
2022-23,E92000001,England,England,National,45-74,A to D,1960271.0,3038283.0,64.51903920734178
2022-23,E92000001,England,England,National,45-74,B,56281.0,393520.0,14.301941451514535
2022-23,E92000001,England,England,National,45-74,C1,1556090.0,1918085.0,81.12727016790184
2022-23,E92000001,England,England,National,45-74,C2,144259.0,348662.0,41.37502796404541
2022-23,E92000001,England,England,National,45-74,D,521.0,527.0,98.86148007590133
2022-23,E92000001,England,England,National,50-52,A,163016.0,277401.0,58.76546948280647
2022-23,E92000001,England,England,National,50-52,A and C1,273384.0,421465.0,64.86517267151484
2022-23,E92000001,England,England,National,50-52,A to C2,294428.0,491983.0,59.84515725136844
2022-23,E92000001,England,England,National,50-52,A to D,294534.0,492090.0,59.85368530146924
2022-23,E92000001,England,England,National,50-52,B,17302.0,63672.0,27.173639904510615
2022-23,E92000001,England,England,National,50-52,C1,110368.0,144064.0,76.61039537983119
2022-23,E92000001,England,England,National,50-52,C2,3742.0,6846.0,54.65965527315221
2022-23,E92000001,England,England,National,50-52,D,106.0,107.0,99.06542056074767
2022-23,E92000001,England,England,National,50<71,A,180620.0,336569.0,53.665073135077805
2022-23,E92000001,England,England,National,50<71,A and C1,1728317.0,2244297.0,77.00928174836041
2022-23,E92000001,England,England,National,50<71,A to C2,1927777.0,2982312.0,64.6403528537591
2022-23,E92000001,England,England,National,50<71,A to D,1928272.0,2982813.0,64.64609078745465
2022-23,E92000001,England,England,National,50<71,B,56042.0,391744.0,14.305771115830746
2022-23,E92000001,England,England,National,50<71,C1,1547697.0,1907728.0,81.12776035158052
2022-23,E92000001,England,England,National,50<71,C2,143418.0,346271.0,41.41784902576306
2022-23,E92000001,England,England,National,50<71,D,495.0,501.0,98.80239520958084
2022-23,E92000001,England,England,National,53-54,A,4200.0,12444.0,33.751205400192866
2022-23,E92000001,England,England,National,53-54,A and C1,174841.0,231213.0,75.6190179617928
2022-23,E92000001,England,England,National,53-54,A to C2,199636.0,321814.0,62.03459140994487
2022-23,E92000001,England,England,National,53-54,A to D,199698.0,321877.0,62.04171158548141
2022-23,E92000001,England,England,National,53-54,B,15170.0,71754.0,21.141678512696156
2022-23,E92000001,England,England,National,53-54,C1,170641.0,218769.0,78.00053938172228
2022-23,E92000001,England,England,National,53-54,C2,9625.0,18847.0,51.069135671459655
2022-23,E92000001,England,England,National,53-54,D,62.0,63.0,98.4126984126984
2022-23,E92000001,England,England,National,55-59,A,5311.0,18423.0,28.828095315638063
2022-23,E92000001,England,England,National,55-59,A and C1,441824.0,564820.0,78.22385892850819
2022-23,E92000001,England,England,National,55-59,A to C2,500709.0,783297.0,63.923262823679906
2022-23,E92000001,England,England,National,55-59,A to D,500835.0,783425.0,63.928901937007375
2022-23,E92000001,England,England,National,55-59,B,14915.0,121202.0,12.305902542862329
2022-23,E92000001,England,England,National,55-59,C1,436513.0,546397.0,79.88934785513098
2022-23,E92000001,England,England,National,55-59,C2,43970.0,97275.0,45.2017476227191
2022-23,E92000001,England,England,National,55-59,D,126.0,128.0,98.4375
2022-23,E92000001,England,England,National,60-64,A,4476.0,15364.0,29.133038271283517
2022-23,E92000001,England,England,National,60-64,A and C1,414501.0,514561.0,80.55429774118132
2022-23,E92000001,England,England,National,60-64,A to C2,463861.0,698647.0,66.39418762264778
2022-23,E92000001,England,England,National,60-64,A to D,463952.0,698739.0,66.39846924244961
2022-23,E92000001,England,England,National,60-64,B,5716.0,76818.0,7.4409643573120885
2022-23,E92000001,England,England,National,60-64,C1,410025.0,499197.0,82.13691188048004
2022-23,E92000001,England,England,National,60-64,C2,43644.0,107268.0,40.68687772681508
2022-23,E92000001,England,England,National,60-64,D,91.0,92.0,98.91304347826086
2022-23,E92000001,England,England,National,65-70,A,3617.0,12937.0,27.958568447089743
2022-23,E92000001,England,England,National,65-70,A and C1,423767.0,512238.0,82.72853634443365
2022-23,E92000001,England,England,National,65-70,A to C2,469143.0,686571.0,68.33131606199504
2022-23,E92000001,England,England,National,65-70,A to D,469253.0,686682.0,68.33628957799971
2022-23,E92000001,England,England,National,65-70,B,2939.0,58298.0,5.041339325534324
2022-23,E92000001,England,England,National,65-70,C1,420150.0,499301.0,84.14763839848108
2022-23,E92000001,England,England,National,65-70,C2,42437.0,116035.0,36.572585857715346
2022-23,E92000001,England,England,National,65-70,D,110.0,111.0,99.09909909909909
2022-23,E92000001,England,England,National,Over 70,A,779.0,2779.0,28.031666066930548
2022-23,E92000001,England,England,National,Over 70,A and C1,8091.0,11670.0,69.33161953727507
2022-23,E92000001,England,England,National,Over 70,A to C2,8946.0,14969.0,59.76351125659697
2022-23,E92000001,England,England,National,Over 70,A to D,8987.0,15010.0,59.87341772151898
2022-23,E92000001,England,England,National,Over 70,B,57.0,1024.0,5.56640625
2022-23,E92000001,England,England,National,Over 70,C1,7312.0,8891.0,82.2404678888764
2022-23,E92000001,England,England,National,Over 70,C2,798.0,2275.0,35.07692307692308
2022-23,E92000001,England,England,National,Over 70,D,41.0,41.0,100.0
2012-13,E92000001,England,England,National,45-49,E,2181.0,not included,not included
2012-13,E92000001,England,England,National,45-49,F1,58.0,not included,not included
2012-13,E92000001,England,England,National,45-49,F2,3.0,not included,not included
2012-13,E92000001,England,England,National,45-74,E,15401.0,not included,not included
2012-13,E92000001,England,England,National,45-74,F1,40362.0,not included,not included
2012-13,E92000001,England,England,National,45-74,F2,6602.0,not included,not included
2012-13,E92000001,England,England,National,50-52,E,6554.0,not included,not included
2012-13,E92000001,England,England,National,50-52,F1,449.0,not included,not included
2012-13,E92000001,England,England,National,50-52,F2,15.0,not included,not included
2012-13,E92000001,England,England,National,50<71,E,12795.0,not included,not included
2012-13,E92000001,England,England,National,50<71,F1,19249.0,not included,not included
2012-13,E92000001,England,England,National,50<71,F2,3350.0,not included,not included
2012-13,E92000001,England,England,National,53-54,E,1956.0,not included,not included
2012-13,E92000001,England,England,National,53-54,F1,2212.0,not included,not included
2012-13,E92000001,England,England,National,53-54,F2,21.0,not included,not included
2012-13,E92000001,England,England,National,55-59,E,2038.0,not included,not included
2012-13,E92000001,England,England,National,55-59,F1,5865.0,not included,not included
2012-13,E92000001,England,England,National,55-59,F2,899.0,not included,not included
2012-13,E92000001,England,England,National,60-64,E,1327.0,not included,not included
2012-13,E92000001,England,England,National,60-64,F1,4760.0,not included,not included
2012-13,E92000001,England,England,National,60-64,F2,1174.0,not included,not included
2012-13,E92000001,England,England,National,65-70,E,920.0,not included,not included
2012-13,E92000001,England,England,National,65-70,F1,5963.0,not included,not included
2012-13,E92000001,England,England,National,65-70,F2,1241.0,not included,not included
2012-13,E92000001,England,England,National,Over 70,E,1236.0,not included,not included
2012-13,E92000001,England,England,National,Over 70,F1,43059.0,not included,not included
2012-13,E92000001,England,England,National,Over 70,F2,9791.0,not included,not included
2013-14,E92000001,England,England,National,45-49,E,3228.0,not included,not included
2013-14,E92000001,England,England,National,45-49,F1,67.0,not included,not included
2013-14,E92000001,England,England,National,45-49,F2,3.0,not included,not included
2013-14,E92000001,England,England,National,45-74,E,17987.0,not included,not included
2013-14,E92000001,England,England,National,45-74,F1,47200.0,not included,not included
2013-14,E92000001,England,England,National,45-74,F2,8341.0,not included,not included
2013-14,E92000001,England,England,National,50-52,E,7839.0,not included,not included
2013-14,E92000001,England,England,National,50-52,F1,615.0,not included,not included
2013-14,E92000001,England,England,National,50-52,F2,5.0,not included,not included
2013-14,E92000001,England,England,National,50<71,E,14163.0,not included,not included
2013-14,E92000001,England,England,National,50<71,F1,21535.0,not included,not included
2013-14,E92000001,England,England,National,50<71,F2,3774.0,not included,not included
2013-14,E92000001,England,England,National,53-54,E,2185.0,not included,not included
2013-14,E92000001,England,England,National,53-54,F1,2539.0,not included,not included
2013-14,E92000001,England,England,National,53-54,F2,24.0,not included,not included
2013-14,E92000001,England,England,National,55-59,E,2137.0,not included,not included
2013-14,E92000001,England,England,National,55-59,F1,6490.0,not included,not included
2013-14,E92000001,England,England,National,55-59,F2,1033.0,not included,not included
2013-14,E92000001,England,England,National,60-64,E,1118.0,not included,not included
2013-14,E92000001,England,England,National,60-64,F1,4968.0,not included,not included
2013-14,E92000001,England,England,National,60-64,F2,1247.0,not included,not included
2013-14,E92000001,England,England,National,65-70,E,884.0,not included,not included
2013-14,E92000001,England,England,National,65-70,F1,6923.0,not included,not included
2013-14,E92000001,England,England,National,65-70,F2,1465.0,not included,not included
2013-14,E92000001,England,England,National,Over 70,E,1666.0,not included,not included
2013-14,E92000001,England,England,National,Over 70,F1,54386.0,not included,not included
2013-14,E92000001,England,England,National,Over 70,F2,16182.0,not included,not included
2014-15,E92000001,England,England,National,45-49,E,3540.0,not included,not included
2014-15,E92000001,England,England,National,45-49,F1,215.0,not included,not included
2014-15,E92000001,England,England,National,45-49,F2,1.0,not included,not included
2014-15,E92000001,England,England,National,45-74,E,19103.0,not included,not included
2014-15,E92000001,England,England,National,45-74,F1,49850.0,not included,not included
2014-15,E92000001,England,England,National,45-74,F2,8409.0,not included,not included
2014-15,E92000001,England,England,National,50-52,E,8348.0,not included,not included
2014-15,E92000001,England,England,National,50-52,F1,1083.0,not included,not included
2014-15,E92000001,England,England,National,50-52,F2,13.0,not included,not included
2014-15,E92000001,England,England,National,50<71,E,14895.0,not included,not included
2014-15,E92000001,England,England,National,50<71,F1,23578.0,not included,not included
2014-15,E92000001,England,England,National,50<71,F2,4077.0,not included,not included
2014-15,E92000001,England,England,National,53-54,E,2195.0,not included,not included
2014-15,E92000001,England,England,National,53-54,F1,2674.0,not included,not included
2014-15,E92000001,England,England,National,53-54,F2,45.0,not included,not included
2014-15,E92000001,England,England,National,55-59,E,2243.0,not included,not included
2014-15,E92000001,England,England,National,55-59,F1,6856.0,not included,not included
2014-15,E92000001,England,England,National,55-59,F2,1117.0,not included,not included
2014-15,E92000001,England,England,National,60-64,E,1157.0,not included,not included
2014-15,E92000001,England,England,National,60-64,F1,5327.0,not included,not included
2014-15,E92000001,England,England,National,60-64,F2,1297.0,not included,not included
2014-15,E92000001,England,England,National,65-70,E,952.0,not included,not included
2014-15,E92000001,England,England,National,65-70,F1,7638.0,not included,not included
2014-15,E92000001,England,England,National,65-70,F2,1605.0,not included,not included
2014-15,E92000001,England,England,National,Over 70,E,1889.0,not included,not included
2014-15,E92000001,England,England,National,Over 70,F1,56002.0,not included,not included
2014-15,E92000001,England,England,National,Over 70,F2,16717.0,not included,not included
2015-16,E92000001,England,England,National,45-49,E,3724.0,not included,not included
2015-16,E92000001,England,England,National,45-49,F1,294.0,not included,not included
2015-16,E92000001,England,England,National,45-49,F2,3.0,not included,not included
2015-16,E92000001,England,England,National,45-74,E,19779.0,not included,not included
2015-16,E92000001,England,England,National,45-74,F1,50486.0,not included,not included
2015-16,E92000001,England,England,National,45-74,F2,7902.0,not included,not included
2015-16,E92000001,England,England,National,50-52,E,8310.0,not included,not included
2015-16,E92000001,England,England,National,50-52,F1,1578.0,not included,not included
2015-16,E92000001,England,England,National,50-52,F2,20.0,not included,not included
2015-16,E92000001,England,England,National,50<71,E,15296.0,not included,not included
2015-16,E92000001,England,England,National,50<71,F1,23622.0,not included,not included
2015-16,E92000001,England,England,National,50<71,F2,4204.0,not included,not included
2015-16,E92000001,England,England,National,53-54,E,2361.0,not included,not included
2015-16,E92000001,England,England,National,53-54,F1,2779.0,not included,not included
2015-16,E92000001,England,England,National,53-54,F2,65.0,not included,not included
2015-16,E92000001,England,England,National,55-59,E,2434.0,not included,not included
2015-16,E92000001,England,England,National,55-59,F1,6914.0,not included,not included
2015-16,E92000001,England,England,National,55-59,F2,1165.0,not included,not included
2015-16,E92000001,England,England,National,60-64,E,1207.0,not included,not included
2015-16,E92000001,England,England,National,60-64,F1,5139.0,not included,not included
2015-16,E92000001,England,England,National,60-64,F2,1331.0,not included,not included
2015-16,E92000001,England,England,National,65-70,E,984.0,not included,not included
2015-16,E92000001,England,England,National,65-70,F1,7212.0,not included,not included
2015-16,E92000001,England,England,National,65-70,F2,1623.0,not included,not included
2015-16,E92000001,England,England,National,Over 70,E,1831.0,not included,not included
2015-16,E92000001,England,England,National,Over 70,F1,56810.0,not included,not included
2015-16,E92000001,England,England,National,Over 70,F2,14775.0,not included,not included
2016-17,E92000001,England,England,National,45-49,E,3192.0,not included,not included
2016-17,E92000001,England,England,National,45-49,F1,94.0,not included,not included
2016-17,E92000001,England,England,National,45-49,F2,3.0,not included,not included
2016-17,E92000001,England,England,National,45-74,E,17506.0,not included,not included
2016-17,E92000001,England,England,National,45-74,F1,49030.0,not included,not included
2016-17,E92000001,England,England,National,45-74,F2,7155.0,not included,not included
2016-17,E92000001,England,England,National,50-52,E,7219.0,not included,not included
2016-17,E92000001,England,England,National,50-52,F1,2064.0,not included,not included
2016-17,E92000001,England,England,National,50-52,F2,35.0,not included,not included
2016-17,E92000001,England,England,National,50<71,E,13641.0,not included,not included
2016-17,E92000001,England,England,National,50<71,F1,23804.0,not included,not included
2016-17,E92000001,England,England,National,50<71,F2,4058.0,not included,not included
2016-17,E92000001,England,England,National,53-54,E,2131.0,not included,not included
2016-17,E92000001,England,England,National,53-54,F1,2777.0,not included,not included
2016-17,E92000001,England,England,National,53-54,F2,109.0,not included,not included
2016-17,E92000001,England,England,National,55-59,E,2242.0,not included,not included
2016-17,E92000001,England,England,National,55-59,F1,6888.0,not included,not included
2016-17,E92000001,England,England,National,55-59,F2,1148.0,not included,not included
2016-17,E92000001,England,England,National,60-64,E,1152.0,not included,not included
2016-17,E92000001,England,England,National,60-64,F1,5158.0,not included,not included
2016-17,E92000001,England,England,National,60-64,F2,1329.0,not included,not included
2016-17,E92000001,England,England,National,65-70,E,897.0,not included,not included
2016-17,E92000001,England,England,National,65-70,F1,6917.0,not included,not included
2016-17,E92000001,England,England,National,65-70,F2,1437.0,not included,not included
2016-17,E92000001,England,England,National,Over 70,E,1527.0,not included,not included
2016-17,E92000001,England,England,National,Over 70,F1,55406.0,not included,not included
2016-17,E92000001,England,England,National,Over 70,F2,11005.0,not included,not included
2017-18,E92000001,England,England,National,45-49,E,3024.0,not included,not included
2017-18,E92000001,England,England,National,45-49,F1,104.0,not included,not included
2017-18,E92000001,England,England,National,45-49,F2,2.0,not included,not included
2017-18,E92000001,England,England,National,45-74,E,16979.0,not included,not included
2017-18,E92000001,England,England,National,45-74,F1,51670.0,not included,not included
2017-18,E92000001,England,England,National,45-74,F2,7318.0,not included,not included
2017-18,E92000001,England,England,National,50-52,E,6829.0,not included,not included
2017-18,E92000001,England,England,National,50-52,F1,2039.0,not included,not included
2017-18,E92000001,England,England,National,50-52,F2,60.0,not included,not included
2017-18,E92000001,England,England,National,50<71,E,13212.0,not included,not included
2017-18,E92000001,England,England,National,50<71,F1,24590.0,not included,not included
2017-18,E92000001,England,England,National,50<71,F2,4125.0,not included,not included
2017-18,E92000001,England,England,National,53-54,E,2033.0,not included,not included
2017-18,E92000001,England,England,National,53-54,F1,2945.0,not included,not included
2017-18,E92000001,England,England,National,53-54,F2,171.0,not included,not included
2017-18,E92000001,England,England,National,55-59,E,2350.0,not included,not included
2017-18,E92000001,England,England,National,55-59,F1,7067.0,not included,not included
2017-18,E92000001,England,England,National,55-59,F2,1154.0,not included,not included
2017-18,E92000001,England,England,National,60-64,E,1122.0,not included,not included
2017-18,E92000001,England,England,National,60-64,F1,5478.0,not included,not included
2017-18,E92000001,England,England,National,60-64,F2,1250.0,not included,not included
2017-18,E92000001,England,England,National,65-70,E,878.0,not included,not included
2017-18,E92000001,England,England,National,65-70,F1,7061.0,not included,not included
2017-18,E92000001,England,England,National,65-70,F2,1490.0,not included,not included
2017-18,E92000001,England,England,National,Over 70,E,1711.0,not included,not included
2017-18,E92000001,England,England,National,Over 70,F1,60279.0,not included,not included
2017-18,E92000001,England,England,National,Over 70,F2,11101.0,not included,not included
2018-19,E92000001,England,England,National,45-49,E,2806.0,not included,not included
2018-19,E92000001,England,England,National,45-49,F1,114.0,not included,not included
2018-19,E92000001,England,England,National,45-49,F2,4.0,not included,not included
2018-19,E92000001,England,England,National,45-74,E,20175.0,not included,not included
2018-19,E92000001,England,England,National,45-74,F1,66860.0,not included,not included
2018-19,E92000001,England,England,National,45-74,F2,10069.0,not included,not included
2018-19,E92000001,England,England,National,50-52,E,7743.0,not included,not included
2018-19,E92000001,England,England,National,50-52,F1,2373.0,not included,not included
2018-19,E92000001,England,England,National,50-52,F2,86.0,not included,not included
2018-19,E92000001,England,England,National,50<71,E,16257.0,not included,not included
2018-19,E92000001,England,England,National,50<71,F1,28693.0,not included,not included
2018-19,E92000001,England,England,National,50<71,F2,5646.0,not included,not included
2018-19,E92000001,England,England,National,53-54,E,2574.0,not included,not included
2018-19,E92000001,England,England,National,53-54,F1,3422.0,not included,not included
2018-19,E92000001,England,England,National,53-54,F2,300.0,not included,not included
2018-19,E92000001,England,England,National,55-59,E,3178.0,not included,not included
2018-19,E92000001,England,England,National,55-59,F1,8577.0,not included,not included
2018-19,E92000001,England,England,National,55-59,F2,1670.0,not included,not included
2018-19,E92000001,England,England,National,60-64,E,1578.0,not included,not included
2018-19,E92000001,England,England,National,60-64,F1,6690.0,not included,not included
2018-19,E92000001,England,England,National,60-64,F2,1656.0,not included,not included
2018-19,E92000001,England,England,National,65-70,E,1184.0,not included,not included
2018-19,E92000001,England,England,National,65-70,F1,7631.0,not included,not included
2018-19,E92000001,England,England,National,65-70,F2,1934.0,not included,not included
2018-19,E92000001,England,England,National,Over 70,E,2468.0,not included,not included
2018-19,E92000001,England,England,National,Over 70,F1,77968.0,not included,not included
2018-19,E92000001,England,England,National,Over 70,F2,16045.0,not included,not included
2019-20,E92000001,England,England,National,45-49,E,1751.0,not included,not included
2019-20,E92000001,England,England,National,45-49,F1,71.0,not included,not included
2019-20,E92000001,England,England,National,45-49,F2,1.0,not included,not included
2019-20,E92000001,England,England,National,45-74,E,15412.0,not included,not included
2019-20,E92000001,England,England,National,45-74,F1,55270.0,not included,not included
2019-20,E92000001,England,England,National,45-74,F2,7903.0,not included,not included
2019-20,E92000001,England,England,National,50-52,E,5627.0,not included,not included
2019-20,E92000001,England,England,National,50-52,F1,2104.0,not included,not included
2019-20,E92000001,England,England,National,50-52,F2,65.0,not included,not included
2019-20,E92000001,England,England,National,50<71,E,12912.0,not included,not included
2019-20,E92000001,England,England,National,50<71,F1,23315.0,not included,not included
2019-20,E92000001,England,England,National,50<71,F2,4950.0,not included,not included
2019-20,E92000001,England,England,National,53-54,E,2188.0,not included,not included
2019-20,E92000001,England,England,National,53-54,F1,2917.0,not included,not included
2019-20,E92000001,England,England,National,53-54,F2,289.0,not included,not included
2019-20,E92000001,England,England,National,55-59,E,2718.0,not included,not included
2019-20,E92000001,England,England,National,55-59,F1,7431.0,not included,not included
2019-20,E92000001,England,England,National,55-59,F2,1560.0,not included,not included
2019-20,E92000001,England,England,National,60-64,E,1401.0,not included,not included
2019-20,E92000001,England,England,National,60-64,F1,5623.0,not included,not included
2019-20,E92000001,England,England,National,60-64,F2,1495.0,not included,not included
2019-20,E92000001,England,England,National,65-70,E,978.0,not included,not included
2019-20,E92000001,England,England,National,65-70,F1,5240.0,not included,not included
2019-20,E92000001,England,England,National,65-70,F2,1541.0,not included,not included
2019-20,E92000001,England,England,National,Over 70,E,1750.0,not included,not included
2019-20,E92000001,England,England,National,Over 70,F1,66406.0,not included,not included
2019-20,E92000001,England,England,National,Over 70,F2,12744.0,not included,not included
2020-21,E92000001,England,England,National,45-49,E,1338.0,not included,not included
2020-21,E92000001,England,England,National,45-49,F1,51.0,not included,not included
2020-21,E92000001,England,England,National,45-49,F2,4.0,not included,not included
2020-21,E92000001,England,England,National,45-74,E,10459.0,not included,not included
2020-21,E92000001,England,England,National,45-74,F1,30968.0,not included,not included
2020-21,E92000001,England,England,National,45-74,F2,3895.0,not included,not included
2020-21,E92000001,England,England,National,50-52,E,4293.0,not included,not included
2020-21,E92000001,England,England,National,50-52,F1,1658.0,not included,not included
2020-21,E92000001,England,England,National,50-52,F2,43.0,not included,not included
2020-21,E92000001,England,England,National,50<71,E,8905.0,not included,not included
2020-21,E92000001,England,England,National,50<71,F1,21541.0,not included,not included
2020-21,E92000001,England,England,National,50<71,F2,3151.0,not included,not included
2020-21,E92000001,England,England,National,53-54,E,1339.0,not included,not included
2020-21,E92000001,England,England,National,53-54,F1,2629.0,not included,not included
2020-21,E92000001,England,England,National,53-54,F2,189.0,not included,not included
2020-21,E92000001,England,England,National,55-59,E,1670.0,not included,not included
2020-21,E92000001,England,England,National,55-59,F1,7102.0,not included,not included
2020-21,E92000001,England,England,National,55-59,F2,1056.0,not included,not included
2020-21,E92000001,England,England,National,60-64,E,959.0,not included,not included
2020-21,E92000001,England,England,National,60-64,F1,5316.0,not included,not included
2020-21,E92000001,England,England,National,60-64,F2,1009.0,not included,not included
2020-21,E92000001,England,England,National,65-70,E,644.0,not included,not included
2020-21,E92000001,England,England,National,65-70,F1,4836.0,not included,not included
2020-21,E92000001,England,England,National,65-70,F2,854.0,not included,not included
2020-21,E92000001,England,England,National,Over 70,E,402.0,not included,not included
2020-21,E92000001,England,England,National,Over 70,F1,18012.0,not included,not included
2020-21,E92000001,England,England,National,Over 70,F2,2588.0,not included,not included
2021-22,E92000001,England,England,National,45-49,E,666.0,not included,not included
2021-22,E92000001,England,England,National,45-49,F1,25.0,not included,not included
2021-22,E92000001,England,England,National,45-49,F2,3.0,not included,not included
2021-22,E92000001,England,England,National,45-74,E,26785.0,not included,not included
2021-22,E92000001,England,England,National,45-74,F1,97606.0,not included,not included
2021-22,E92000001,England,England,National,45-74,F2,12253.0,not included,not included
2021-22,E92000001,England,England,National,50-52,E,12210.0,not included,not included
2021-22,E92000001,England,England,National,50-52,F1,4071.0,not included,not included
2021-22,E92000001,England,England,National,50-52,F2,137.0,not included,not included
2021-22,E92000001,England,England,National,50<71,E,25164.0,not included,not included
2021-22,E92000001,England,England,National,50<71,F1,51770.0,not included,not included
2021-22,E92000001,England,England,National,50<71,F2,8716.0,not included,not included
2021-22,E92000001,England,England,National,53-54,E,4154.0,not included,not included
2021-22,E92000001,England,England,National,53-54,F1,6247.0,not included,not included
2021-22,E92000001,England,England,National,53-54,F2,507.0,not included,not included
2021-22,E92000001,England,England,National,55-59,E,4684.0,not included,not included
2021-22,E92000001,England,England,National,55-59,F1,16705.0,not included,not included
2021-22,E92000001,England,England,National,55-59,F2,2962.0,not included,not included
2021-22,E92000001,England,England,National,60-64,E,2485.0,not included,not included
2021-22,E92000001,England,England,National,60-64,F1,12838.0,not included,not included
2021-22,E92000001,England,England,National,60-64,F2,2724.0,not included,not included
2021-22,E92000001,England,England,National,65-70,E,1631.0,not included,not included
2021-22,E92000001,England,England,National,65-70,F1,11909.0,not included,not included
2021-22,E92000001,England,England,National,65-70,F2,2386.0,not included,not included
2021-22,E92000001,England,England,National,Over 70,E,2076.0,not included,not included
2021-22,E92000001,England,England,National,Over 70,F1,90163.0,not included,not included
2021-22,E92000001,England,England,National,Over 70,F2,14278.0,not included,not included
2022-23,E92000001,England,England,National,45-49,E,112.0,not included,not included
2022-23,E92000001,England,England,National,45-49,F1,8.0,not included,not included
2022-23,E92000001,England,England,National,45-49,F2,1.0,not included,not included
2022-23,E92000001,England,England,National,45-74,E,31247.0,not included,not included
2022-23,E92000001,England,England,National,45-74,F1,103817.0,not included,not included
2022-23,E92000001,England,England,National,45-74,F2,18825.0,not included,not included
2022-23,E92000001,England,England,National,50-52,E,14063.0,not included,not included
2022-23,E92000001,England,England,National,50-52,F1,4212.0,not included,not included
2022-23,E92000001,England,England,National,50-52,F2,268.0,not included,not included
2022-23,E92000001,England,England,National,50<71,E,30067.0,not included,not included
2022-23,E92000001,England,England,National,50<71,F1,58767.0,not included,not included
2022-23,E92000001,England,England,National,50<71,F2,13985.0,not included,not included
2022-23,E92000001,England,England,National,53-54,E,5419.0,not included,not included
2022-23,E92000001,England,England,National,53-54,F1,7898.0,not included,not included
2022-23,E92000001,England,England,National,53-54,F2,806.0,not included,not included
2022-23,E92000001,England,England,National,55-59,E,5710.0,not included,not included
2022-23,E92000001,England,England,National,55-59,F1,20738.0,not included,not included
2022-23,E92000001,England,England,National,55-59,F2,4875.0,not included,not included
2022-23,E92000001,England,England,National,60-64,E,3037.0,not included,not included
2022-23,E92000001,England,England,National,60-64,F1,14692.0,not included,not included
2022-23,E92000001,England,England,National,60-64,F2,4394.0,not included,not included
2022-23,E92000001,England,England,National,65-70,E,1838.0,not included,not included
2022-23,E92000001,England,England,National,65-70,F1,11227.0,not included,not included
2022-23,E92000001,England,England,National,65-70,F2,3642.0,not included,not included
2022-23,E92000001,England,England,National,Over 70,E,2476.0,not included,not included
2022-23,E92000001,England,England,National,Over 70,F1,90362.0,not included,not included
2022-23,E92000001,England,England,National,Over 70,F2,20789.0,not included,not included
2012-13,N1,North East and Yorkshire,North East and Yorkshire,Region,50<71,A,33903.0,47900.0,70.77870563674321
2012-13,N2,North West,North West,Region,50<71,A,26160.0,39204.0,66.72788490970309
2012-13,N3,Midlands,Midlands,Region,50<71,A,40580.0,58324.0,69.57684658116727
2012-13,N4,East of England,East of England,Region,50<71,A,24530.0,36004.0,68.13131874236196
2012-13,N5,London,London,Region,50<71,A,29215.0,49902.0,58.544747705502786
2012-13,N6,South East,South East,Region,50<71,A,37547.0,54265.0,69.19192849903253
2012-13,N7,South West,South West,Region,50<71,A,24543.0,33976.0,72.23628443607252
2012-13,N1,North East and Yorkshire,North East and Yorkshire,Region,50<71,A and C1,250403.0,296224.0,84.53163821972561
2012-13,N2,North West,North West,Region,50<71,A and C1,188783.0,229089.0,82.40596449414856
2012-13,N3,Midlands,Midlands,Region,50<71,A and C1,309639.0,367001.0,84.37006983632197
2012-13,N4,East of England,East of England,Region,50<71,A and C1,179943.0,212820.0,84.55173385959966
2012-13,N5,London,London,Region,50<71,A and C1,175414.0,229579.0,76.40681421210128
2012-13,N6,South East,South East,Region,50<71,A and C1,265612.0,316010.0,84.05177051359134
2012-13,N7,South West,South West,Region,50<71,A and C1,172857.0,200964.0,86.01391293963097
2012-13,N1,North East and Yorkshire,North East and Yorkshire,Region,50<71,A to C2,268353.0,362577.0,74.01269247635675
2012-13,N2,North West,North West,Region,50<71,A to C2,205897.0,294228.0,69.97872398276166
2012-13,N3,Midlands,Midlands,Region,50<71,A to C2,333472.0,451372.0,73.87963808122791
2012-13,N4,East of England,East of England,Region,50<71,A to C2,194861.0,261629.0,74.47989328400139
2012-13,N5,London,London,Region,50<71,A to C2,196180.0,309849.0,63.3147113594041
2012-13,N6,South East,South East,Region,50<71,A to C2,287928.0,391970.0,73.45664208995586
2012-13,N7,South West,South West,Region,50<71,A to C2,188316.0,249034.0,75.618590232659
2012-13,N1,North East and Yorkshire,North East and Yorkshire,Region,50<71,A to D,268507.0,362731.0,74.02372557073976
2012-13,N2,North West,North West,Region,50<71,A to D,206009.0,294340.0,69.99014744852892
2012-13,N3,Midlands,Midlands,Region,50<71,A to D,333554.0,451454.0,73.88438246200056
2012-13,N4,East of England,East of England,Region,50<71,A to D,194981.0,261750.0,74.49130850047756
2012-13,N5,London,London,Region,50<71,A to D,196237.0,309907.0,63.321254440848385
2012-13,N6,South East,South East,Region,50<71,A to D,288233.0,392279.0,73.47653073450275
2012-13,N7,South West,South West,Region,50<71,A to D,188444.0,249163.0,75.63081195843685
2012-13,N1,North East and Yorkshire,North East and Yorkshire,Region,50<71,B,5941.0,36217.0,16.40389872159483
2012-13,N2,North West,North West,Region,50<71,B,5843.0,35929.0,16.26262907400707
2012-13,N3,Midlands,Midlands,Region,50<71,B,7786.0,45428.0,17.139209298230167
2012-13,N4,East of England,East of England,Region,50<71,B,4351.0,25106.0,17.330518601131203
2012-13,N5,London,London,Region,50<71,B,9421.0,50633.0,18.606442438725733
2012-13,N6,South East,South East,Region,50<71,B,8174.0,41654.0,19.623565563931436
2012-13,N7,South West,South West,Region,50<71,B,4294.0,23459.0,18.304275544567115
2012-13,N1,North East and Yorkshire,North East and Yorkshire,Region,50<71,C1,216500.0,248324.0,87.18448478600538
2012-13,N2,North West,North West,Region,50<71,C1,162623.0,189885.0,85.64288911709718
2012-13,N3,Midlands,Midlands,Region,50<71,C1,269059.0,308677.0,87.16522449032483
2012-13,N4,East of England,East of England,Region,50<71,C1,155413.0,176816.0,87.89532621482219
2012-13,N5,London,London,Region,50<71,C1,146199.0,179677.0,81.36767644161468
2012-13,N6,South East,South East,Region,50<71,C1,228065.0,261745.0,87.13251447019044
2012-13,N7,South West,South West,Region,50<71,C1,148314.0,166988.0,88.817160514528
2012-13,N1,North East and Yorkshire,North East and Yorkshire,Region,50<71,C2,12009.0,30136.0,39.84934961507831
2012-13,N2,North West,North West,Region,50<71,C2,11271.0,29210.0,38.58610065046217
2012-13,N3,Midlands,Midlands,Region,50<71,C2,16047.0,38943.0,41.20637855327016
2012-13,N4,East of England,East of England,Region,50<71,C2,10567.0,23703.0,44.58085474412521
2012-13,N5,London,London,Region,50<71,C2,11345.0,29637.0,38.27985288659446
2012-13,N6,South East,South East,Region,50<71,C2,14142.0,34306.0,41.223109660117764
2012-13,N7,South West,South West,Region,50<71,C2,11165.0,24611.0,45.365893299744016
2012-13,N1,North East and Yorkshire,North East and Yorkshire,Region,50<71,D,154.0,154.0,100.0
2012-13,N2,North West,North West,Region,50<71,D,112.0,112.0,100.0
2012-13,N3,Midlands,Midlands,Region,50<71,D,82.0,82.0,100.0
2012-13,N4,East of England,East of England,Region,50<71,D,120.0,121.0,99.17355371900827
2012-13,N5,London,London,Region,50<71,D,57.0,58.0,98.27586206896551
2012-13,N6,South East,South East,Region,50<71,D,305.0,309.0,98.70550161812298
2012-13,N7,South West,South West,Region,50<71,D,128.0,129.0,99.2248062015504
2013-14,N1,North East and Yorkshire,North East and Yorkshire,Region,50<71,A,33494.0,49194.0,68.08553888685613
2013-14,N2,North West,North West,Region,50<71,A,28484.0,43564.0,65.38426223487282
2013-14,N3,Midlands,Midlands,Region,50<71,A,38551.0,55031.0,70.0532427177409
2013-14,N4,East of England,East of England,Region,50<71,A,21390.0,32136.0,66.56086631814787
2013-14,N5,London,London,Region,50<71,A,30504.0,54541.0,55.92856749967914
2013-14,N6,South East,South East,Region,50<71,A,29906.0,45246.0,66.09645051496264
2013-14,N7,South West,South West,Region,50<71,A,23340.0,32897.0,70.9487187281515
2013-14,N1,North East and Yorkshire,North East and Yorkshire,Region,50<71,A and C1,261075.0,310684.0,84.03232866835756
2013-14,N2,North West,North West,Region,50<71,A and C1,196516.0,239926.0,81.9069213007344
2013-14,N3,Midlands,Midlands,Region,50<71,A and C1,312454.0,363900.0,85.86259961527892
2013-14,N4,East of England,East of England,Region,50<71,A and C1,185668.0,218913.0,84.81360175046709
2013-14,N5,London,London,Region,50<71,A and C1,187762.0,249412.0,75.28186294163874
2013-14,N6,South East,South East,Region,50<71,A and C1,261564.0,310429.0,84.25888045253504
2013-14,N7,South West,South West,Region,50<71,A and C1,180609.0,209685.0,86.13348594320051
2013-14,N1,North East and Yorkshire,North East and Yorkshire,Region,50<71,A to C2,282224.0,387937.0,72.74995682288619
2013-14,N2,North West,North West,Region,50<71,A to C2,215839.0,311286.0,69.33784365503107
2013-14,N3,Midlands,Midlands,Region,50<71,A to C2,339011.0,449725.0,75.38184446050364
2013-14,N4,East of England,East of England,Region,50<71,A to C2,201950.0,270737.0,74.59268589073528
2013-14,N5,London,London,Region,50<71,A to C2,207904.0,330469.0,62.91180110691169
2013-14,N6,South East,South East,Region,50<71,A to C2,286610.0,389082.0,73.66313527739653
2013-14,N7,South West,South West,Region,50<71,A to C2,196671.0,259326.0,75.83929108535202
2013-14,N1,North East and Yorkshire,North East and Yorkshire,Region,50<71,A to D,282334.0,388048.0,72.75749391827814
2013-14,N2,North West,North West,Region,50<71,A to D,215926.0,311373.0,69.34641089625626
2013-14,N3,Midlands,Midlands,Region,50<71,A to D,339079.0,449793.0,75.3855662493636
2013-14,N4,East of England,East of England,Region,50<71,A to D,202035.0,270822.0,74.60066021224273
2013-14,N5,London,London,Region,50<71,A to D,207960.0,330526.0,62.91789450754253
2013-14,N6,South East,South East,Region,50<71,A to D,286883.0,389356.0,73.68141238352561
2013-14,N7,South West,South West,Region,50<71,A to D,196746.0,259401.0,75.84627661419964
2013-14,N1,North East and Yorkshire,North East and Yorkshire,Region,50<71,B,7278.0,42935.0,16.95120531035286
2013-14,N2,North West,North West,Region,50<71,B,6662.0,39739.0,16.764387629281057
2013-14,N3,Midlands,Midlands,Region,50<71,B,8574.0,45640.0,18.78615249780894
2013-14,N4,East of England,East of England,Region,50<71,B,4849.0,26885.0,18.03607959828901
2013-14,N5,London,London,Region,50<71,B,9096.0,51326.0,17.722012235514164
2013-14,N6,South East,South East,Region,50<71,B,8883.0,41713.0,21.29551938244672
2013-14,N7,South West,South West,Region,50<71,B,4464.0,23908.0,18.671574368412248
2013-14,N1,North East and Yorkshire,North East and Yorkshire,Region,50<71,C1,227581.0,261490.0,87.03239129603426
2013-14,N2,North West,North West,Region,50<71,C1,168032.0,196362.0,85.57256495655983
2013-14,N3,Midlands,Midlands,Region,50<71,C1,273903.0,308869.0,88.67934302244642
2013-14,N4,East of England,East of England,Region,50<71,C1,164278.0,186777.0,87.95408428232598
2013-14,N5,London,London,Region,50<71,C1,157258.0,194871.0,80.69851337551508
2013-14,N6,South East,South East,Region,50<71,C1,231658.0,265183.0,87.35778688679139
2013-14,N7,South West,South West,Region,50<71,C1,157269.0,176788.0,88.95909224608005
2013-14,N1,North East and Yorkshire,North East and Yorkshire,Region,50<71,C2,13871.0,34318.0,40.41902208753424
2013-14,N2,North West,North West,Region,50<71,C2,12661.0,31621.0,40.03984693716201
2013-14,N3,Midlands,Midlands,Region,50<71,C2,17983.0,40185.0,44.7505288042802
2013-14,N4,East of England,East of England,Region,50<71,C2,11433.0,24939.0,45.84385901599904
2013-14,N5,London,London,Region,50<71,C2,11046.0,29731.0,37.15313982038949
2013-14,N6,South East,South East,Region,50<71,C2,16163.0,36940.0,43.75473741201949
2013-14,N7,South West,South West,Region,50<71,C2,11598.0,25733.0,45.070532001709864
2013-14,N1,North East and Yorkshire,North East and Yorkshire,Region,50<71,D,110.0,111.0,99.09909909909909
2013-14,N2,North West,North West,Region,50<71,D,87.0,87.0,100.0
2013-14,N3,Midlands,Midlands,Region,50<71,D,68.0,68.0,100.0
2013-14,N4,East of England,East of England,Region,50<71,D,85.0,85.0,100.0
2013-14,N5,London,London,Region,50<71,D,56.0,57.0,98.24561403508771
2013-14,N6,South East,South East,Region,50<71,D,273.0,274.0,99.63503649635037
2013-14,N7,South West,South West,Region,50<71,D,75.0,75.0,100.0
2014-15,N1,North East and Yorkshire,North East and Yorkshire,Region,50<71,A,26805.0,40402.0,66.34572545913568
2014-15,N2,North West,North West,Region,50<71,A,22402.0,35056.0,63.9034687357371
2014-15,N3,Midlands,Midlands,Region,50<71,A,33619.0,50567.0,66.48407063895426
2014-15,N4,East of England,East of England,Region,50<71,A,17342.0,28045.0,61.83633446247103
2014-15,N5,London,London,Region,50<71,A,30352.0,54464.0,55.728554641598116
2014-15,N6,South East,South East,Region,50<71,A,32712.0,50481.0,64.80061805431747
2014-15,N7,South West,South West,Region,50<71,A,18187.0,27740.0,65.56236481614997
2014-15,N1,North East and Yorkshire,North East and Yorkshire,Region,50<71,A and C1,262781.0,311791.0,84.28113704372481
2014-15,N2,North West,North West,Region,50<71,A and C1,189563.0,229367.0,82.64615223637227
2014-15,N3,Midlands,Midlands,Region,50<71,A and C1,311701.0,367380.0,84.84430290162774
2014-15,N4,East of England,East of England,Region,50<71,A and C1,184428.0,220169.0,83.76656114166845
2014-15,N5,London,London,Region,50<71,A and C1,184816.0,245046.0,75.42094137427259
2014-15,N6,South East,South East,Region,50<71,A and C1,275648.0,329783.0,83.5846602159602
2014-15,N7,South West,South West,Region,50<71,A and C1,176402.0,207596.0,84.97369891520069
2014-15,N1,North East and Yorkshire,North East and Yorkshire,Region,50<71,A to C2,287487.0,397998.0,72.23327755415856
2014-15,N2,North West,North West,Region,50<71,A to C2,211659.0,302810.0,69.89828605396123
2014-15,N3,Midlands,Midlands,Region,50<71,A to C2,344973.0,467816.0,73.74117174273646
2014-15,N4,East of England,East of England,Region,50<71,A to C2,202731.0,279918.0,72.42513879064583
2014-15,N5,London,London,Region,50<71,A to C2,208663.0,333090.0,62.644630580323636
2014-15,N6,South East,South East,Region,50<71,A to C2,302433.0,414204.0,73.0154706376568
2014-15,N7,South West,South West,Region,50<71,A to C2,194032.0,261796.0,74.11572369325734
2014-15,N1,North East and Yorkshire,North East and Yorkshire,Region,50<71,A to D,287625.0,398137.0,72.24272047059178
2014-15,N2,North West,North West,Region,50<71,A to D,211749.0,302901.0,69.90699931660839
2014-15,N3,Midlands,Midlands,Region,50<71,A to D,345020.0,467865.0,73.74349438406378
2014-15,N4,East of England,East of England,Region,50<71,A to D,202824.0,280012.0,72.43403854120538
2014-15,N5,London,London,Region,50<71,A to D,208728.0,333157.0,62.65154266607035
2014-15,N6,South East,South East,Region,50<71,A to D,302704.0,414475.0,73.03311418058989
2014-15,N7,South West,South West,Region,50<71,A to D,194107.0,261871.0,74.12313696438324
2014-15,N1,North East and Yorkshire,North East and Yorkshire,Region,50<71,B,8796.0,47693.0,18.442958086092297
2014-15,N2,North West,North West,Region,50<71,B,7099.0,38961.0,18.220784887451554
2014-15,N3,Midlands,Midlands,Region,50<71,B,9928.0,50976.0,19.475831763967356
2014-15,N4,East of England,East of England,Region,50<71,B,6362.0,32703.0,19.453872733388376
2014-15,N5,London,London,Region,50<71,B,10420.0,55594.0,18.743029823362235
2014-15,N6,South East,South East,Region,50<71,B,9163.0,44105.0,20.77542228772248
2014-15,N7,South West,South West,Region,50<71,B,5181.0,27164.0,19.073037844205565
2014-15,N1,North East and Yorkshire,North East and Yorkshire,Region,50<71,C1,235976.0,271389.0,86.95120288589442
2014-15,N2,North West,North West,Region,50<71,C1,167161.0,194311.0,86.02755376689946
2014-15,N3,Midlands,Midlands,Region,50<71,C1,278082.0,316813.0,87.77480722066329
2014-15,N4,East of England,East of England,Region,50<71,C1,167086.0,192124.0,86.96779163456934
2014-15,N5,London,London,Region,50<71,C1,154464.0,190582.0,81.04857751519032
2014-15,N6,South East,South East,Region,50<71,C1,242936.0,279302.0,86.97968507207253
2014-15,N7,South West,South West,Region,50<71,C1,158215.0,179856.0,87.96759629926163
2014-15,N1,North East and Yorkshire,North East and Yorkshire,Region,50<71,C2,15910.0,38514.0,41.30965363244534
2014-15,N2,North West,North West,Region,50<71,C2,14997.0,34482.0,43.49225682965025
2014-15,N3,Midlands,Midlands,Region,50<71,C2,23344.0,49460.0,47.19773554387384
2014-15,N4,East of England,East of England,Region,50<71,C2,11941.0,27046.0,44.15070620424462
2014-15,N5,London,London,Region,50<71,C2,13427.0,32450.0,41.377503852080125
2014-15,N6,South East,South East,Region,50<71,C2,17622.0,40316.0,43.70969342196646
2014-15,N7,South West,South West,Region,50<71,C2,12449.0,27036.0,46.04601272377571
2014-15,N1,North East and Yorkshire,North East and Yorkshire,Region,50<71,D,138.0,139.0,99.28057553956835
2014-15,N2,North West,North West,Region,50<71,D,90.0,91.0,98.9010989010989
2014-15,N3,Midlands,Midlands,Region,50<71,D,47.0,49.0,95.91836734693877
2014-15,N4,East of England,East of England,Region,50<71,D,93.0,94.0,98.93617021276596
2014-15,N5,London,London,Region,50<71,D,65.0,67.0,97.01492537313433
2014-15,N6,South East,South East,Region,50<71,D,271.0,271.0,100.0
2014-15,N7,South West,South West,Region,50<71,D,75.0,75.0,100.0
2015-16,N1,North East and Yorkshire,North East and Yorkshire,Region,50<71,A,22127.0,34310.0,64.49140192363743
2015-16,N2,North West,North West,Region,50<71,A,17697.0,28112.0,62.95176437108708
2015-16,N3,Midlands,Midlands,Region,50<71,A,32262.0,49143.0,65.64922776387277
2015-16,N4,East of England,East of England,Region,50<71,A,11453.0,19830.0,57.755925365607666
2015-16,N5,London,London,Region,50<71,A,29116.0,52358.0,55.60945796248902
2015-16,N6,South East,South East,Region,50<71,A,30925.0,47864.0,64.61014541200066
2015-16,N7,South West,South West,Region,50<71,A,13625.0,21128.0,64.48788337750851
2015-16,N1,North East and Yorkshire,North East and Yorkshire,Region,50<71,A and C1,258887.0,303513.0,85.29684066250869
2015-16,N2,North West,North West,Region,50<71,A and C1,185558.0,221970.0,83.5959814389332
2015-16,N3,Midlands,Midlands,Region,50<71,A and C1,312114.0,367496.0,84.9299039989551
2015-16,N4,East of England,East of England,Region,50<71,A and C1,187397.0,219436.0,85.39938752073498
2015-16,N5,London,London,Region,50<71,A and C1,191387.0,247661.0,77.27781120160219
2015-16,N6,South East,South East,Region,50<71,A and C1,284019.0,338558.0,83.89079566868897
2015-16,N7,South West,South West,Region,50<71,A and C1,180040.0,209933.0,85.76069507890612
2015-16,N1,North East and Yorkshire,North East and Yorkshire,Region,50<71,A to C2,287432.0,391164.0,73.48119970140401
2015-16,N2,North West,North West,Region,50<71,A to C2,210327.0,299875.0,70.13822426010839
2015-16,N3,Midlands,Midlands,Region,50<71,A to C2,350545.0,474659.0,73.8519653056194
2015-16,N4,East of England,East of England,Region,50<71,A to C2,209998.0,285146.0,73.64578145932259
2015-16,N5,London,London,Region,50<71,A to C2,219234.0,337897.0,64.88190188134254
2015-16,N6,South East,South East,Region,50<71,A to C2,314092.0,429066.0,73.20365631394704
2015-16,N7,South West,South West,Region,50<71,A to C2,199369.0,266409.0,74.83568498061251
2015-16,N1,North East and Yorkshire,North East and Yorkshire,Region,50<71,A to D,287523.0,391255.0,73.48736757357733
2015-16,N2,North West,North West,Region,50<71,A to D,210415.0,299964.0,70.14675094344655
2015-16,N3,Midlands,Midlands,Region,50<71,A to D,350604.0,474718.0,73.85521509612022
2015-16,N4,East of England,East of England,Region,50<71,A to D,210073.0,285221.0,73.65271140624287
2015-16,N5,London,London,Region,50<71,A to D,219294.0,337959.0,64.8877526563873
2015-16,N6,South East,South East,Region,50<71,A to D,314330.0,429304.0,73.2185118237892
2015-16,N7,South West,South West,Region,50<71,A to D,199444.0,266488.0,74.84164390141395
2015-16,N1,North East and Yorkshire,North East and Yorkshire,Region,50<71,B,10316.0,47751.0,21.60373604741262
2015-16,N2,North West,North West,Region,50<71,B,8675.0,42551.0,20.387299945947216
2015-16,N3,Midlands,Midlands,Region,50<71,B,11039.0,52560.0,21.002663622526637
2015-16,N4,East of England,East of England,Region,50<71,B,8215.0,35745.0,22.98223527766121
2015-16,N5,London,London,Region,50<71,B,11939.0,54706.0,21.8239315614375
2015-16,N6,South East,South East,Region,50<71,B,10874.0,48443.0,22.446999566500835
2015-16,N7,South West,South West,Region,50<71,B,6182.0,29005.0,21.313566626443716
2015-16,N1,North East and Yorkshire,North East and Yorkshire,Region,50<71,C1,236760.0,269203.0,87.94849983098257
2015-16,N2,North West,North West,Region,50<71,C1,167861.0,193858.0,86.5896687265937
2015-16,N3,Midlands,Midlands,Region,50<71,C1,279852.0,318353.0,87.90619218289132
2015-16,N4,East of England,East of England,Region,50<71,C1,175944.0,199606.0,88.14564692444115
2015-16,N5,London,London,Region,50<71,C1,162271.0,195303.0,83.08679334162814
2015-16,N6,South East,South East,Region,50<71,C1,253094.0,290694.0,87.06543650711745
2015-16,N7,South West,South West,Region,50<71,C1,166415.0,188805.0,88.14120388760891
2015-16,N1,North East and Yorkshire,North East and Yorkshire,Region,50<71,C2,18229.0,39900.0,45.68671679197995
2015-16,N2,North West,North West,Region,50<71,C2,16094.0,35354.0,45.52243027663065
2015-16,N3,Midlands,Midlands,Region,50<71,C2,27392.0,54603.0,50.165741809058105
2015-16,N4,East of England,East of England,Region,50<71,C2,14386.0,29965.0,48.00934423494076
2015-16,N5,London,London,Region,50<71,C2,15908.0,35530.0,44.773430903461865
2015-16,N6,South East,South East,Region,50<71,C2,19199.0,42065.0,45.64126946392488
2015-16,N7,South West,South West,Region,50<71,C2,13147.0,27471.0,47.85774089039351
2015-16,N1,North East and Yorkshire,North East and Yorkshire,Region,50<71,D,91.0,91.0,100.0
2015-16,N2,North West,North West,Region,50<71,D,88.0,89.0,98.87640449438202
2015-16,N3,Midlands,Midlands,Region,50<71,D,59.0,59.0,100.0
2015-16,N4,East of England,East of England,Region,50<71,D,75.0,75.0,100.0
2015-16,N5,London,London,Region,50<71,D,60.0,62.0,96.7741935483871
2015-16,N6,South East,South East,Region,50<71,D,238.0,238.0,100.0
2015-16,N7,South West,South West,Region,50<71,D,75.0,79.0,94.9367088607595
2016-17,N1,North East and Yorkshire,North East and Yorkshire,Region,50<71,A,18364.0,29306.0,62.66293591755955
2016-17,N2,North West,North West,Region,50<71,A,17865.0,29125.0,61.33905579399141
2016-17,N3,Midlands,Midlands,Region,50<71,A,28432.0,44463.0,63.94530283606594
2016-17,N4,East of England,East of England,Region,50<71,A,13120.0,22633.0,57.96845314363982
2016-17,N5,London,London,Region,50<71,A,28150.0,51612.0,54.54157947764086
2016-17,N6,South East,South East,Region,50<71,A,25997.0,41633.0,62.443254149352676
2016-17,N7,South West,South West,Region,50<71,A,11049.0,18398.0,60.055440808783565
2016-17,N1,North East and Yorkshire,North East and Yorkshire,Region,50<71,A and C1,267226.0,313377.0,85.27300982522648
2016-17,N2,North West,North West,Region,50<71,A and C1,212526.0,256021.0,83.01115924084353
2016-17,N3,Midlands,Midlands,Region,50<71,A and C1,309019.0,366256.0,84.37240618583722
2016-17,N4,East of England,East of England,Region,50<71,A and C1,190495.0,224143.0,84.98815488326649
2016-17,N5,London,London,Region,50<71,A and C1,202843.0,263417.0,77.00452134828049
2016-17,N6,South East,South East,Region,50<71,A and C1,278078.0,332150.0,83.72060815896432
2016-17,N7,South West,South West,Region,50<71,A and C1,180396.0,212011.0,85.08803788482673
2016-17,N1,North East and Yorkshire,North East and Yorkshire,Region,50<71,A to C2,299672.0,411592.0,72.8080234795623
2016-17,N2,North West,North West,Region,50<71,A to C2,242112.0,351875.0,68.80625222024867
2016-17,N3,Midlands,Midlands,Region,50<71,A to C2,342392.0,468897.0,73.02072736656451
2016-17,N4,East of England,East of England,Region,50<71,A to C2,215820.0,294658.0,73.24423569018998
2016-17,N5,London,London,Region,50<71,A to C2,235104.0,367613.0,63.95421271826622
2016-17,N6,South East,South East,Region,50<71,A to C2,308071.0,426998.0,72.1481131059162
2016-17,N7,South West,South West,Region,50<71,A to C2,200204.0,270737.0,73.94777957944426
2016-17,N1,North East and Yorkshire,North East and Yorkshire,Region,50<71,A to D,299756.0,411677.0,72.81339496741377
2016-17,N2,North West,North West,Region,50<71,A to D,242193.0,351957.0,68.81323570777111
2016-17,N3,Midlands,Midlands,Region,50<71,A to D,342446.0,468951.0,73.02383404662748
2016-17,N4,East of England,East of England,Region,50<71,A to D,215882.0,294720.0,73.24986427795875
2016-17,N5,London,London,Region,50<71,A to D,235185.0,367696.0,63.961805404464556
2016-17,N6,South East,South East,Region,50<71,A to D,308297.0,427224.0,72.16284665655488
2016-17,N7,South West,South West,Region,50<71,A to D,200264.0,270799.0,73.95300573488085
2016-17,N1,North East and Yorkshire,North East and Yorkshire,Region,50<71,B,11783.0,53418.0,22.05810775394062
2016-17,N2,North West,North West,Region,50<71,B,10643.0,53767.0,19.794669592872953
2016-17,N3,Midlands,Midlands,Region,50<71,B,10349.0,53159.0,19.468011061156155
2016-17,N4,East of England,East of England,Region,50<71,B,8045.0,36482.0,22.051970834932295
2016-17,N5,London,London,Region,50<71,B,13341.0,62310.0,21.410688493018775
2016-17,N6,South East,South East,Region,50<71,B,10843.0,52034.0,20.838298035899605
2016-17,N7,South West,South West,Region,50<71,B,5880.0,29218.0,20.124580737901294
2016-17,N1,North East and Yorkshire,North East and Yorkshire,Region,50<71,C1,248862.0,284071.0,87.60556339788292
2016-17,N2,North West,North West,Region,50<71,C1,194661.0,226896.0,85.79305056060926
2016-17,N3,Midlands,Midlands,Region,50<71,C1,280587.0,321793.0,87.19487372316986
2016-17,N4,East of England,East of England,Region,50<71,C1,177375.0,201510.0,88.02292690189073
2016-17,N5,London,London,Region,50<71,C1,174693.0,211805.0,82.4782228936994
2016-17,N6,South East,South East,Region,50<71,C1,252081.0,290517.0,86.76979316184595
2016-17,N7,South West,South West,Region,50<71,C1,169347.0,193613.0,87.46675068306364
2016-17,N1,North East and Yorkshire,North East and Yorkshire,Region,50<71,C2,20663.0,44797.0,46.12585664218586
2016-17,N2,North West,North West,Region,50<71,C2,18943.0,42087.0,45.00914771782261
2016-17,N3,Midlands,Midlands,Region,50<71,C2,23024.0,49482.0,46.530051331797424
2016-17,N4,East of England,East of England,Region,50<71,C2,17280.0,34033.0,50.774248523491906
2016-17,N5,London,London,Region,50<71,C2,18920.0,41886.0,45.17022394117366
2016-17,N6,South East,South East,Region,50<71,C2,19150.0,42814.0,44.728359882281495
2016-17,N7,South West,South West,Region,50<71,C2,13928.0,29508.0,47.20075911617189
2016-17,N1,North East and Yorkshire,North East and Yorkshire,Region,50<71,D,84.0,85.0,98.82352941176471
2016-17,N2,North West,North West,Region,50<71,D,81.0,82.0,98.78048780487805
2016-17,N3,Midlands,Midlands,Region,50<71,D,54.0,54.0,100.0
2016-17,N4,East of England,East of England,Region,50<71,D,62.0,62.0,100.0
2016-17,N5,London,London,Region,50<71,D,81.0,83.0,97.59036144578313
2016-17,N6,South East,South East,Region,50<71,D,226.0,226.0,100.0
2016-17,N7,South West,South West,Region,50<71,D,60.0,62.0,96.7741935483871
2017-18,N1,North East and Yorkshire,North East and Yorkshire,Region,50<71,A,19150.0,30231.0,63.34557242565578
2017-18,N2,North West,North West,Region,50<71,A,13838.0,22470.0,61.584334668446814
2017-18,N3,Midlands,Midlands,Region,50<71,A,27199.0,42405.0,64.14102110600165
2017-18,N4,East of England,East of England,Region,50<71,A,10998.0,19661.0,55.9381516708204
2017-18,N5,London,London,Region,50<71,A,26160.0,48301.0,54.16036935053105
2017-18,N6,South East,South East,Region,50<71,A,21017.0,34689.0,60.58692957421661
2017-18,N7,South West,South West,Region,50<71,A,13464.0,22104.0,60.91205211726385
2017-18,N1,North East and Yorkshire,North East and Yorkshire,Region,50<71,A and C1,261941.0,307598.0,85.1569255976957
2017-18,N2,North West,North West,Region,50<71,A and C1,195352.0,232439.0,84.04441595429338
2017-18,N3,Midlands,Midlands,Region,50<71,A and C1,313975.0,372762.0,84.22934741202161
2017-18,N4,East of England,East of England,Region,50<71,A and C1,183830.0,217420.0,84.55063931561034
2017-18,N5,London,London,Region,50<71,A and C1,196792.0,255531.0,77.01296515882613
2017-18,N6,South East,South East,Region,50<71,A and C1,265340.0,318650.0,83.270045504472
2017-18,N7,South West,South West,Region,50<71,A and C1,177753.0,210340.0,84.50746410573358
2017-18,N1,North East and Yorkshire,North East and Yorkshire,Region,50<71,A to C2,292838.0,406597.0,72.02168240296903
2017-18,N2,North West,North West,Region,50<71,A to C2,221874.0,318009.0,69.76972349839156
2017-18,N3,Midlands,Midlands,Region,50<71,A to C2,348260.0,483718.0,71.99649382491452
2017-18,N4,East of England,East of England,Region,50<71,A to C2,207917.0,288796.0,71.9944182052383
2017-18,N5,London,London,Region,50<71,A to C2,225521.0,355998.0,63.34895139860336
2017-18,N6,South East,South East,Region,50<71,A to C2,295260.0,414727.0,71.19382147774319
2017-18,N7,South West,South West,Region,50<71,A to C2,199850.0,274321.0,72.85260698233091
2017-18,N1,North East and Yorkshire,North East and Yorkshire,Region,50<71,A to D,292924.0,406683.0,72.02759889151993
2017-18,N2,North West,North West,Region,50<71,A to D,221953.0,318088.0,69.77723145796132
2017-18,N3,Midlands,Midlands,Region,50<71,A to D,348301.0,483759.0,71.9988672045378
2017-18,N4,East of England,East of England,Region,50<71,A to D,207982.0,288861.0,72.0007200695144
2017-18,N5,London,London,Region,50<71,A to D,225565.0,356045.0,63.35294695895182
2017-18,N6,South East,South East,Region,50<71,A to D,295416.0,414885.0,71.2043096279692
2017-18,N7,South West,South West,Region,50<71,A to D,199906.0,274377.0,72.8581477310416
2017-18,N1,North East and Yorkshire,North East and Yorkshire,Region,50<71,B,10621.0,53818.0,19.735032888624623
2017-18,N2,North West,North West,Region,50<71,B,9300.0,47279.0,19.67046680344339
2017-18,N3,Midlands,Midlands,Region,50<71,B,10918.0,59295.0,18.413019647525086
2017-18,N4,East of England,East of England,Region,50<71,B,8180.0,38338.0,21.336532943815538
2017-18,N5,London,London,Region,50<71,B,11604.0,60245.0,19.261349489584198
2017-18,N6,South East,South East,Region,50<71,B,11118.0,53125.0,20.928
2017-18,N7,South West,South West,Region,50<71,B,6124.0,31576.0,19.39447681783633
2017-18,N1,North East and Yorkshire,North East and Yorkshire,Region,50<71,C1,242791.0,277367.0,87.53420558321646
2017-18,N2,North West,North West,Region,50<71,C1,181514.0,209969.0,86.44799946658792
2017-18,N3,Midlands,Midlands,Region,50<71,C1,286776.0,330357.0,86.80790780882501
2017-18,N4,East of England,East of England,Region,50<71,C1,172832.0,197759.0,87.39526393236213
2017-18,N5,London,London,Region,50<71,C1,170632.0,207230.0,82.33942961926361
2017-18,N6,South East,South East,Region,50<71,C1,244323.0,283961.0,86.04104084715858
2017-18,N7,South West,South West,Region,50<71,C1,164289.0,188236.0,87.27820395673517
2017-18,N1,North East and Yorkshire,North East and Yorkshire,Region,50<71,C2,20276.0,45181.0,44.87727141940196
2017-18,N2,North West,North West,Region,50<71,C2,17222.0,38291.0,44.976626361285945
2017-18,N3,Midlands,Midlands,Region,50<71,C2,23367.0,51661.0,45.231412477497535
2017-18,N4,East of England,East of England,Region,50<71,C2,15907.0,33038.0,48.147587626369635
2017-18,N5,London,London,Region,50<71,C2,17125.0,40222.0,42.57620207846452
2017-18,N6,South East,South East,Region,50<71,C2,18802.0,42952.0,43.77444589308996
2017-18,N7,South West,South West,Region,50<71,C2,15973.0,32405.0,49.291775960499926
2017-18,N1,North East and Yorkshire,North East and Yorkshire,Region,50<71,D,86.0,86.0,100.0
2017-18,N2,North West,North West,Region,50<71,D,79.0,79.0,100.0
2017-18,N3,Midlands,Midlands,Region,50<71,D,41.0,41.0,100.0
2017-18,N4,East of England,East of England,Region,50<71,D,65.0,65.0,100.0
2017-18,N5,London,London,Region,50<71,D,44.0,47.0,93.61702127659575
2017-18,N6,South East,South East,Region,50<71,D,156.0,158.0,98.73417721518987
2017-18,N7,South West,South West,Region,50<71,D,56.0,56.0,100.0
2018-19,N1,North East and Yorkshire,North East and Yorkshire,Region,50<71,A,17818.0,27675.0,64.38301716350496
2018-19,N2,North West,North West,Region,50<71,A,15706.0,25060.0,62.67358339984038
2018-19,N3,Midlands,Midlands,Region,50<71,A,26507.0,42415.0,62.49440056583756
2018-19,N4,East of England,East of England,Region,50<71,A,12577.0,21646.0,58.10311373925898
2018-19,N5,London,London,Region,50<71,A,21900.0,40658.0,53.86393821634119
2018-19,N6,South East,South East,Region,50<71,A,25409.0,39496.0,64.33309702248329
2018-19,N7,South West,South West,Region,50<71,A,13030.0,20807.0,62.62315566876532
2018-19,N1,North East and Yorkshire,North East and Yorkshire,Region,50<71,A and C1,264730.0,306997.0,86.23211301739106
2018-19,N2,North West,North West,Region,50<71,A and C1,193230.0,230068.0,83.98821218074656
2018-19,N3,Midlands,Midlands,Region,50<71,A and C1,311728.0,371760.0,83.85194749300624
2018-19,N4,East of England,East of England,Region,50<71,A and C1,194974.0,228142.0,85.46168614284086
2018-19,N5,London,London,Region,50<71,A and C1,192979.0,246975.0,78.13705840672132
2018-19,N6,South East,South East,Region,50<71,A and C1,277892.0,330912.0,83.9776133836186
2018-19,N7,South West,South West,Region,50<71,A and C1,179858.0,212153.0,84.77749548674777
2018-19,N1,North East and Yorkshire,North East and Yorkshire,Region,50<71,A to C2,295654.0,401628.0,73.61389146175068
2018-19,N2,North West,North West,Region,50<71,A to C2,220619.0,317562.0,69.47273288365736
2018-19,N3,Midlands,Midlands,Region,50<71,A to C2,347039.0,483986.0,71.70434681994934
2018-19,N4,East of England,East of England,Region,50<71,A to C2,223584.0,305891.0,73.09270295628181
2018-19,N5,London,London,Region,50<71,A to C2,219117.0,342364.0,64.0011800306107
2018-19,N6,South East,South East,Region,50<71,A to C2,309142.0,428070.0,72.21762795804425
2018-19,N7,South West,South West,Region,50<71,A to C2,201521.0,276193.0,72.96383326152365
2018-19,N1,North East and Yorkshire,North East and Yorkshire,Region,50<71,A to D,295720.0,401694.0,73.61822680946193
2018-19,N2,North West,North West,Region,50<71,A to D,220684.0,317627.0,69.4789800615187
2018-19,N3,Midlands,Midlands,Region,50<71,A to D,347084.0,484031.0,71.70697744565948
2018-19,N4,East of England,East of England,Region,50<71,A to D,223636.0,305944.0,73.0970373663154
2018-19,N5,London,London,Region,50<71,A to D,219166.0,342415.0,64.00595768292861
2018-19,N6,South East,South East,Region,50<71,A to D,309282.0,428211.0,72.22654252226121
2018-19,N7,South West,South West,Region,50<71,A to D,201578.0,276252.0,72.9688834831965
2018-19,N1,North East and Yorkshire,North East and Yorkshire,Region,50<71,B,10824.0,51680.0,20.944272445820435
2018-19,N2,North West,North West,Region,50<71,B,9921.0,49920.0,19.873798076923077
2018-19,N3,Midlands,Midlands,Region,50<71,B,11992.0,61451.0,19.514735317570096
2018-19,N4,East of England,East of England,Region,50<71,B,8519.0,39834.0,21.386252949741426
2018-19,N5,London,London,Region,50<71,B,11799.0,61088.0,19.314759036144576
2018-19,N6,South East,South East,Region,50<71,B,11624.0,53954.0,21.5442784594284
2018-19,N7,South West,South West,Region,50<71,B,6423.0,32308.0,19.880524947381453
2018-19,N1,North East and Yorkshire,North East and Yorkshire,Region,50<71,C1,246912.0,279322.0,88.39690393166309
2018-19,N2,North West,North West,Region,50<71,C1,177524.0,205008.0,86.59369390462811
2018-19,N3,Midlands,Midlands,Region,50<71,C1,285221.0,329345.0,86.6024988993305
2018-19,N4,East of England,East of England,Region,50<71,C1,182397.0,206496.0,88.3295560204556
2018-19,N5,London,London,Region,50<71,C1,171079.0,206317.0,82.9204573544594
2018-19,N6,South East,South East,Region,50<71,C1,252483.0,291416.0,86.64006094380542
2018-19,N7,South West,South West,Region,50<71,C1,166828.0,191346.0,87.18656256206036
2018-19,N1,North East and Yorkshire,North East and Yorkshire,Region,50<71,C2,20100.0,42951.0,46.79751344555424
2018-19,N2,North West,North West,Region,50<71,C2,17468.0,37574.0,46.48959386810028
2018-19,N3,Midlands,Midlands,Region,50<71,C2,23319.0,50775.0,45.9261447562777
2018-19,N4,East of England,East of England,Region,50<71,C2,20091.0,37915.0,52.98958195964658
2018-19,N5,London,London,Region,50<71,C2,14339.0,34301.0,41.80344596367453
2018-19,N6,South East,South East,Region,50<71,C2,19626.0,43204.0,45.42634941209147
2018-19,N7,South West,South West,Region,50<71,C2,15240.0,31732.0,48.02722803479138
2018-19,N1,North East and Yorkshire,North East and Yorkshire,Region,50<71,D,66.0,66.0,100.0
2018-19,N2,North West,North West,Region,50<71,D,65.0,65.0,100.0
2018-19,N3,Midlands,Midlands,Region,50<71,D,45.0,45.0,100.0
2018-19,N4,East of England,East of England,Region,50<71,D,52.0,53.0,98.11320754716981
2018-19,N5,London,London,Region,50<71,D,49.0,51.0,96.07843137254902
2018-19,N6,South East,South East,Region,50<71,D,140.0,141.0,99.29078014184397
2018-19,N7,South West,South West,Region,50<71,D,57.0,59.0,96.61016949152543
2019-20,N1,North East and Yorkshire,North East and Yorkshire,Region,50<71,A,22407.0,34616.0,64.73018257453201
2019-20,N2,North West,North West,Region,50<71,A,17169.0,27202.0,63.11668259686788
2019-20,N3,Midlands,Midlands,Region,50<71,A,24130.0,38555.0,62.58591622357671
2019-20,N4,East of England,East of England,Region,50<71,A,18011.0,28180.0,63.91412349183818
2019-20,N5,London,London,Region,50<71,A,25588.0,51505.0,49.680613532666726
2019-20,N6,South East,South East,Region,50<71,A,23843.0,38023.0,62.70678273676459
2019-20,N7,South West,South West,Region,50<71,A,14070.0,21806.0,64.5235256351463
2019-20,N1,North East and Yorkshire,North East and Yorkshire,Region,50<71,A and C1,259893.0,310829.0,83.6128546564188
2019-20,N2,North West,North West,Region,50<71,A and C1,201148.0,244328.0,82.32703578795717
2019-20,N3,Midlands,Midlands,Region,50<71,A and C1,298640.0,358947.0,83.19891237425023
2019-20,N4,East of England,East of England,Region,50<71,A and C1,183976.0,217336.0,84.65049508594986
2019-20,N5,London,London,Region,50<71,A and C1,202661.0,275737.0,73.49793462611112
2019-20,N6,South East,South East,Region,50<71,A and C1,272261.0,326041.0,83.50514199134464
2019-20,N7,South West,South West,Region,50<71,A and C1,177584.0,210422.0,84.39421733468933
2019-20,N1,North East and Yorkshire,North East and Yorkshire,Region,50<71,A to C2,289212.0,409958.0,70.5467389342323
2019-20,N2,North West,North West,Region,50<71,A to C2,229897.0,339358.0,67.74468260656887
2019-20,N3,Midlands,Midlands,Region,50<71,A to C2,334282.0,472684.0,70.71997359758316
2019-20,N4,East of England,East of England,Region,50<71,A to C2,207534.0,285685.0,72.64434604546966
2019-20,N5,London,London,Region,50<71,A to C2,229666.0,387044.0,59.338473145172124
2019-20,N6,South East,South East,Region,50<71,A to C2,304573.0,428269.0,71.11721838377282
2019-20,N7,South West,South West,Region,50<71,A to C2,198530.0,273808.0,72.50701221293754
2019-20,N1,North East and Yorkshire,North East and Yorkshire,Region,50<71,A to D,289297.0,410044.0,70.5526723961331
2019-20,N2,North West,North West,Region,50<71,A to D,229946.0,339409.0,67.74894006935585
2019-20,N3,Midlands,Midlands,Region,50<71,A to D,334317.0,472720.0,70.72199187679811
2019-20,N4,East of England,East of England,Region,50<71,A to D,207602.0,285753.0,72.65085580903788
2019-20,N5,London,London,Region,50<71,A to D,229717.0,387098.0,59.343370412660356
2019-20,N6,South East,South East,Region,50<71,A to D,304690.0,428386.0,71.12510679620716
2019-20,N7,South West,South West,Region,50<71,A to D,198577.0,273859.0,72.51067154995819
2019-20,N1,North East and Yorkshire,North East and Yorkshire,Region,50<71,B,10265.0,55708.0,18.42643785452718
2019-20,N2,North West,North West,Region,50<71,B,10511.0,54662.0,19.229080531264863
2019-20,N3,Midlands,Midlands,Region,50<71,B,12478.0,62526.0,19.956498096791734
2019-20,N4,East of England,East of England,Region,50<71,B,7256.0,35548.0,20.411837515472037
2019-20,N5,London,London,Region,50<71,B,11758.0,70854.0,16.59468766759816
2019-20,N6,South East,South East,Region,50<71,B,11811.0,56776.0,20.802804001690856
2019-20,N7,South West,South West,Region,50<71,B,6301.0,31980.0,19.702939337085677
2019-20,N1,North East and Yorkshire,North East and Yorkshire,Region,50<71,C1,237486.0,276213.0,85.97929858478783
2019-20,N2,North West,North West,Region,50<71,C1,183979.0,217126.0,84.73374906736181
2019-20,N3,Midlands,Midlands,Region,50<71,C1,274510.0,320392.0,85.6794177133012
2019-20,N4,East of England,East of England,Region,50<71,C1,165965.0,189156.0,87.7397492017171
2019-20,N5,London,London,Region,50<71,C1,177073.0,224232.0,78.96865746191445
2019-20,N6,South East,South East,Region,50<71,C1,248418.0,288018.0,86.25085932129241
2019-20,N7,South West,South West,Region,50<71,C1,163514.0,188616.0,86.69147898375536
2019-20,N1,North East and Yorkshire,North East and Yorkshire,Region,50<71,C2,19054.0,43421.0,43.88199258423344
2019-20,N2,North West,North West,Region,50<71,C2,18238.0,40368.0,45.17934998018232
2019-20,N3,Midlands,Midlands,Region,50<71,C2,23164.0,51211.0,45.232469586612254
2019-20,N4,East of England,East of England,Region,50<71,C2,16302.0,32801.0,49.69970427730862
2019-20,N5,London,London,Region,50<71,C2,15247.0,40453.0,37.690653350802165
2019-20,N6,South East,South East,Region,50<71,C2,20501.0,45452.0,45.10472586464842
2019-20,N7,South West,South West,Region,50<71,C2,14645.0,31406.0,46.63121696491117
2019-20,N1,North East and Yorkshire,North East and Yorkshire,Region,50<71,D,85.0,86.0,98.83720930232558
2019-20,N2,North West,North West,Region,50<71,D,49.0,51.0,96.07843137254902
2019-20,N3,Midlands,Midlands,Region,50<71,D,35.0,36.0,97.22222222222221
2019-20,N4,East of England,East of England,Region,50<71,D,68.0,68.0,100.0
2019-20,N5,London,London,Region,50<71,D,51.0,54.0,94.44444444444444
2019-20,N6,South East,South East,Region,50<71,D,117.0,117.0,100.0
2019-20,N7,South West,South West,Region,50<71,D,47.0,51.0,92.15686274509804
2020-21,N1,North East and Yorkshire,North East and Yorkshire,Region,50<71,A,18133.0,32495.0,55.802431143252804
2020-21,N2,North West,North West,Region,50<71,A,10354.0,20437.0,50.663013162401526
2020-21,N3,Midlands,Midlands,Region,50<71,A,19356.0,35927.0,53.87591504996242
2020-21,N4,East of England,East of England,Region,50<71,A,17985.0,31934.0,56.319283522264676
2020-21,N5,London,London,Region,50<71,A,13471.0,29930.0,45.00835282325426
2020-21,N6,South East,South East,Region,50<71,A,19729.0,34994.0,56.3782362690747
2020-21,N7,South West,South West,Region,50<71,A,11640.0,21718.0,53.596095404733404
2020-21,N1,North East and Yorkshire,North East and Yorkshire,Region,50<71,A and C1,154979.0,209329.0,74.03608673427952
2020-21,N2,North West,North West,Region,50<71,A and C1,112354.0,158581.0,70.84959736664544
2020-21,N3,Midlands,Midlands,Region,50<71,A and C1,180887.0,244514.0,73.97817711869259
2020-21,N4,East of England,East of England,Region,50<71,A and C1,125005.0,168398.0,74.23187923847077
2020-21,N5,London,London,Region,50<71,A and C1,102132.0,150900.0,67.68190854870775
2020-21,N6,South East,South East,Region,50<71,A and C1,189648.0,247234.0,76.70789616314909
2020-21,N7,South West,South West,Region,50<71,A and C1,110939.0,147370.0,75.27922915111624
2020-21,N1,North East and Yorkshire,North East and Yorkshire,Region,50<71,A to C2,168858.0,269305.0,62.70139804311097
2020-21,N2,North West,North West,Region,50<71,A to C2,124589.0,214326.0,58.130604779634766
2020-21,N3,Midlands,Midlands,Region,50<71,A to C2,198685.0,316378.0,62.799878626200304
2020-21,N4,East of England,East of England,Region,50<71,A to C2,141606.0,222521.0,63.6371398654509
2020-21,N5,London,London,Region,50<71,A to C2,114813.0,212203.0,54.10526712628945
2020-21,N6,South East,South East,Region,50<71,A to C2,210281.0,324169.0,64.86770789310515
2020-21,N7,South West,South West,Region,50<71,A to C2,123163.0,192636.0,63.935609128096516
2020-21,N1,North East and Yorkshire,North East and Yorkshire,Region,50<71,A to D,168903.0,269350.0,62.70762947837386
2020-21,N2,North West,North West,Region,50<71,A to D,124620.0,214360.0,58.13584623997015
2020-21,N3,Midlands,Midlands,Region,50<71,A to D,198720.0,316413.0,62.803993514805015
2020-21,N4,East of England,East of England,Region,50<71,A to D,141670.0,222585.0,63.647595300671654
2020-21,N5,London,London,Region,50<71,A to D,114873.0,212265.0,54.117730195745885
2020-21,N6,South East,South East,Region,50<71,A to D,210387.0,324275.0,64.87919204378998
2020-21,N7,South West,South West,Region,50<71,A to D,123207.0,192683.0,63.942849135626915
2020-21,N1,North East and Yorkshire,North East and Yorkshire,Region,50<71,B,4168.0,31996.0,13.026628328541069
2020-21,N2,North West,North West,Region,50<71,B,3922.0,30971.0,12.663459365212617
2020-21,N3,Midlands,Midlands,Region,50<71,B,5718.0,39124.0,14.615070033738881
2020-21,N4,East of England,East of England,Region,50<71,B,3216.0,25071.0,12.827569702046187
2020-21,N5,London,London,Region,50<71,B,5683.0,39205.0,14.495600051013902
2020-21,N6,South East,South East,Region,50<71,B,7514.0,42613.0,17.633116654542043
2020-21,N7,South West,South West,Region,50<71,B,3552.0,23365.0,15.202225551037877
2020-21,N1,North East and Yorkshire,North East and Yorkshire,Region,50<71,C1,136846.0,176834.0,77.38670165239716
2020-21,N2,North West,North West,Region,50<71,C1,102000.0,138144.0,73.83599722029187
2020-21,N3,Midlands,Midlands,Region,50<71,C1,161531.0,208587.0,77.44058833963766
2020-21,N4,East of England,East of England,Region,50<71,C1,107020.0,136464.0,78.42361355375776
2020-21,N5,London,London,Region,50<71,C1,88661.0,120970.0,73.2917252211292
2020-21,N6,South East,South East,Region,50<71,C1,169919.0,212240.0,80.0598379193366
2020-21,N7,South West,South West,Region,50<71,C1,99299.0,125652.0,79.02699519307293
2020-21,N1,North East and Yorkshire,North East and Yorkshire,Region,50<71,C2,9711.0,27980.0,34.70693352394568
2020-21,N2,North West,North West,Region,50<71,C2,8313.0,24774.0,33.555340276095905
2020-21,N3,Midlands,Midlands,Region,50<71,C2,12080.0,32740.0,36.89676237018937
2020-21,N4,East of England,East of England,Region,50<71,C2,13385.0,29052.0,46.07255954839598
2020-21,N5,London,London,Region,50<71,C2,6998.0,22098.0,31.66802425558874
2020-21,N6,South East,South East,Region,50<71,C2,13119.0,34322.0,38.223297010663714
2020-21,N7,South West,South West,Region,50<71,C2,8672.0,21901.0,39.596365462764254
2020-21,N1,North East and Yorkshire,North East and Yorkshire,Region,50<71,D,45.0,45.0,100.0
2020-21,N2,North West,North West,Region,50<71,D,31.0,34.0,91.17647058823529
2020-21,N3,Midlands,Midlands,Region,50<71,D,35.0,35.0,100.0
2020-21,N4,East of England,East of England,Region,50<71,D,64.0,64.0,100.0
2020-21,N5,London,London,Region,50<71,D,60.0,62.0,96.7741935483871
2020-21,N6,South East,South East,Region,50<71,D,106.0,106.0,100.0
2020-21,N7,South West,South West,Region,50<71,D,44.0,47.0,93.61702127659575
2021-22,N1,North East and Yorkshire,North East and Yorkshire,Region,50<71,A,26849.0,47707.0,56.27895277422601
2021-22,N2,North West,North West,Region,50<71,A,19496.0,38651.0,50.44112700835684
2021-22,N3,Midlands,Midlands,Region,50<71,A,33435.0,64511.0,51.828370355443255
2021-22,N4,East of England,East of England,Region,50<71,A,25004.0,48186.0,51.89059062798324
2021-22,N5,London,London,Region,50<71,A,29016.0,82866.0,35.0155673014264
2021-22,N6,South East,South East,Region,50<71,A,30015.0,54021.0,55.561725995446224
2021-22,N7,South West,South West,Region,50<71,A,18939.0,34567.0,54.7892498625857
2021-22,N1,North East and Yorkshire,North East and Yorkshire,Region,50<71,A and C1,305267.0,395051.0,77.27280781468721
2021-22,N2,North West,North West,Region,50<71,A and C1,210329.0,287552.0,73.1446833963944
2021-22,N3,Midlands,Midlands,Region,50<71,A and C1,348137.0,466271.0,74.66409019647372
2021-22,N4,East of England,East of England,Region,50<71,A and C1,206625.0,277295.0,74.5145062117961
2021-22,N5,London,London,Region,50<71,A and C1,219635.0,354222.0,62.00490088136819
2021-22,N6,South East,South East,Region,50<71,A and C1,303431.0,386227.0,78.56286587939218
2021-22,N7,South West,South West,Region,50<71,A and C1,200399.0,259445.0,77.24141918325657
2021-22,N1,North East and Yorkshire,North East and Yorkshire,Region,50<71,A to C2,333728.0,507301.0,65.78500732306856
2021-22,N2,North West,North West,Region,50<71,A to C2,230690.0,378660.0,60.92272751280833
2021-22,N3,Midlands,Midlands,Region,50<71,A to C2,381060.0,606670.0,62.81174279262201
2021-22,N4,East of England,East of England,Region,50<71,A to C2,228919.0,360638.0,63.47611732540665
2021-22,N5,London,London,Region,50<71,A to C2,242676.0,481436.0,50.406699955965074
2021-22,N6,South East,South East,Region,50<71,A to C2,335039.0,496713.0,67.45122434886946
2021-22,N7,South West,South West,Region,50<71,A to C2,222603.0,336854.0,66.08293207146123
2021-22,N1,North East and Yorkshire,North East and Yorkshire,Region,50<71,A to D,333784.0,507357.0,65.78878383465685
2021-22,N2,North West,North West,Region,50<71,A to D,230727.0,378697.0,60.92654549679559
2021-22,N3,Midlands,Midlands,Region,50<71,A to D,381094.0,606704.0,62.81382684142515
2021-22,N4,East of England,East of England,Region,50<71,A to D,228997.0,360716.0,63.48401512547267
2021-22,N5,London,London,Region,50<71,A to D,242706.0,481466.0,50.40979009940474
2021-22,N6,South East,South East,Region,50<71,A to D,335133.0,496807.0,67.45738284686004
2021-22,N7,South West,South West,Region,50<71,A to D,222638.0,336890.0,66.0862596099617
2021-22,N1,North East and Yorkshire,North East and Yorkshire,Region,50<71,B,7565.0,59671.0,12.677850211995779
2021-22,N2,North West,North West,Region,50<71,B,6337.0,51652.0,12.268644002168358
2021-22,N3,Midlands,Midlands,Region,50<71,B,9346.0,75843.0,12.322824782774942
2021-22,N4,East of England,East of England,Region,50<71,B,5267.0,42346.0,12.438010673971569
2021-22,N5,London,London,Region,50<71,B,8465.0,78017.0,10.850199315533795
2021-22,N6,South East,South East,Region,50<71,B,10386.0,58988.0,17.606970909337495
2021-22,N7,South West,South West,Region,50<71,B,5253.0,37884.0,13.866012036743744
2021-22,N1,North East and Yorkshire,North East and Yorkshire,Region,50<71,C1,278418.0,347344.0,80.1562715924271
2021-22,N2,North West,North West,Region,50<71,C1,190833.0,248901.0,76.67024238552678
2021-22,N3,Midlands,Midlands,Region,50<71,C1,314702.0,401760.0,78.33084428514536
2021-22,N4,East of England,East of England,Region,50<71,C1,181621.0,229109.0,79.27274790601854
2021-22,N5,London,London,Region,50<71,C1,190619.0,271356.0,70.24683441678091
2021-22,N6,South East,South East,Region,50<71,C1,273416.0,332206.0,82.3031492507661
2021-22,N7,South West,South West,Region,50<71,C1,181460.0,224878.0,80.69264223267727
2021-22,N1,North East and Yorkshire,North East and Yorkshire,Region,50<71,C2,20896.0,52579.0,39.742102360257896
2021-22,N2,North West,North West,Region,50<71,C2,14024.0,39456.0,35.5433901054339
2021-22,N3,Midlands,Midlands,Region,50<71,C2,23577.0,64556.0,36.52177954024413
2021-22,N4,East of England,East of England,Region,50<71,C2,17027.0,40997.0,41.532307241993315
2021-22,N5,London,London,Region,50<71,C2,14576.0,49197.0,29.62782283472569
2021-22,N6,South East,South East,Region,50<71,C2,21222.0,51498.0,41.209367354072
2021-22,N7,South West,South West,Region,50<71,C2,16951.0,39525.0,42.88678051865908
2021-22,N1,North East and Yorkshire,North East and Yorkshire,Region,50<71,D,56.0,56.0,100.0
2021-22,N2,North West,North West,Region,50<71,D,37.0,37.0,100.0
2021-22,N3,Midlands,Midlands,Region,50<71,D,34.0,34.0,100.0
2021-22,N4,East of England,East of England,Region,50<71,D,78.0,78.0,100.0
2021-22,N5,London,London,Region,50<71,D,30.0,30.0,100.0
2021-22,N6,South East,South East,Region,50<71,D,94.0,94.0,100.0
2021-22,N7,South West,South West,Region,50<71,D,35.0,36.0,97.22222222222221
2022-23,N1,North East and Yorkshire,North East and Yorkshire,Region,50<71,A,30715.0,52835.0,58.13381281347591
2022-23,N2,North West,North West,Region,50<71,A,21239.0,35619.0,59.62828827311266
2022-23,N3,Midlands,Midlands,Region,50<71,A,25151.0,49033.0,51.294026471967854
2022-23,N4,East of England,East of England,Region,50<71,A,22503.0,39762.0,56.59423570242945
2022-23,N5,London,London,Region,50<71,A,33523.0,74654.0,44.904492726444666
2022-23,N6,South East,South East,Region,50<71,A,31103.0,54421.0,57.15256978004815
2022-23,N7,South West,South West,Region,50<71,A,16386.0,30245.0,54.177550008265825
2022-23,N1,North East and Yorkshire,North East and Yorkshire,Region,50<71,A and C1,276696.0,354111.0,78.13821089997204
2022-23,N2,North West,North West,Region,50<71,A and C1,225331.0,281268.0,80.11256168494106
2022-23,N3,Midlands,Midlands,Region,50<71,A and C1,338287.0,438151.0,77.20785756508602
2022-23,N4,East of England,East of England,Region,50<71,A and C1,187485.0,243355.0,77.04177025333361
2022-23,N5,London,London,Region,50<71,A and C1,209921.0,308282.0,68.09382318786047
2022-23,N6,South East,South East,Region,50<71,A and C1,298649.0,374382.0,79.77119626477769
2022-23,N7,South West,South West,Region,50<71,A and C1,191948.0,244748.0,78.42679000441271
2022-23,N1,North East and Yorkshire,North East and Yorkshire,Region,50<71,A to C2,305419.0,463774.0,65.8551363379577
2022-23,N2,North West,North West,Region,50<71,A to C2,254119.0,380781.0,66.73626047518127
2022-23,N3,Midlands,Midlands,Region,50<71,A to C2,377404.0,586987.0,64.29512067558566
2022-23,N4,East of England,East of England,Region,50<71,A to C2,208674.0,316214.0,65.99138558065107
2022-23,N5,London,London,Region,50<71,A to C2,236002.0,425742.0,55.433102677208254
2022-23,N6,South East,South East,Region,50<71,A to C2,331187.0,486876.0,68.02286413789137
2022-23,N7,South West,South West,Region,50<71,A to C2,214972.0,321938.0,66.77434785579833
2022-23,N1,North East and Yorkshire,North East and Yorkshire,Region,50<71,A to D,305497.0,463854.0,65.86059406623636
2022-23,N2,North West,North West,Region,50<71,A to D,254169.0,380831.0,66.74062773251127
2022-23,N3,Midlands,Midlands,Region,50<71,A to D,377455.0,587038.0,64.2982226022847
2022-23,N4,East of England,East of England,Region,50<71,A to D,208760.0,316300.0,66.00063231109706
2022-23,N5,London,London,Region,50<71,A to D,236061.0,425802.0,55.439147772908534
2022-23,N6,South East,South East,Region,50<71,A to D,331297.0,486988.0,68.02980771600122
2022-23,N7,South West,South West,Region,50<71,A to D,215033.0,322000.0,66.7804347826087
2022-23,N1,North East and Yorkshire,North East and Yorkshire,Region,50<71,B,8079.0,58062.0,13.91443629223933
2022-23,N2,North West,North West,Region,50<71,B,8561.0,55002.0,15.564888549507291
2022-23,N3,Midlands,Midlands,Region,50<71,B,10170.0,76965.0,13.213798479828492
2022-23,N4,East of England,East of England,Region,50<71,B,5243.0,36350.0,14.423658872077027
2022-23,N5,London,London,Region,50<71,B,9346.0,69631.0,13.422182648532981
2022-23,N6,South East,South East,Region,50<71,B,9456.0,58678.0,16.115068679914106
2022-23,N7,South West,South West,Region,50<71,B,5187.0,37056.0,13.997733160621761
2022-23,N1,North East and Yorkshire,North East and Yorkshire,Region,50<71,C1,245981.0,301276.0,81.64639732338453
2022-23,N2,North West,North West,Region,50<71,C1,204092.0,245649.0,83.08277257387573
2022-23,N3,Midlands,Midlands,Region,50<71,C1,313136.0,389118.0,80.47327545885824
2022-23,N4,East of England,East of England,Region,50<71,C1,164982.0,203593.0,81.03520258555058
2022-23,N5,London,London,Region,50<71,C1,176398.0,233628.0,75.50379235365624
2022-23,N6,South East,South East,Region,50<71,C1,267546.0,319961.0,83.61831598226034
2022-23,N7,South West,South West,Region,50<71,C1,175562.0,214503.0,81.84594154860305
2022-23,N1,North East and Yorkshire,North East and Yorkshire,Region,50<71,C2,20644.0,51601.0,40.006976608980445
2022-23,N2,North West,North West,Region,50<71,C2,20227.0,44511.0,45.44269955741277
2022-23,N3,Midlands,Midlands,Region,50<71,C2,28947.0,71871.0,40.27632842175565
2022-23,N4,East of England,East of England,Region,50<71,C2,15946.0,36509.0,43.67690158591032
2022-23,N5,London,London,Region,50<71,C2,16735.0,47829.0,34.98923247402204
2022-23,N6,South East,South East,Region,50<71,C2,23082.0,53816.0,42.8905901590605
2022-23,N7,South West,South West,Region,50<71,C2,17837.0,40134.0,44.44361389345692
2022-23,N1,North East and Yorkshire,North East and Yorkshire,Region,50<71,D,78.0,80.0,97.5
2022-23,N2,North West,North West,Region,50<71,D,50.0,50.0,100.0
2022-23,N3,Midlands,Midlands,Region,50<71,D,51.0,51.0,100.0
2022-23,N4,East of England,East of England,Region,50<71,D,86.0,86.0,100.0
2022-23,N5,London,London,Region,50<71,D,59.0,60.0,98.33333333333333
2022-23,N6,South East,South East,Region,50<71,D,110.0,112.0,98.21428571428571
2022-23,N7,South West,South West,Region,50<71,D,61.0,62.0,98.38709677419355
2012-13,N1,North East and Yorkshire,Barnsley,BSU,50<71,A,not included,not included,71.39287945034354
2012-13,N1,North East and Yorkshire,Doncaster,BSU,50<71,A,not included,not included,71.33852428624398
2012-13,N1,North East and Yorkshire,Gateshead,BSU,50<71,A,not included,not included,60.10016694490818
2012-13,N1,North East and Yorkshire,Humberside,BSU,50<71,A,not included,not included,67.85647191433402
2012-13,N1,North East and Yorkshire,Leeds Wakefield,BSU,50<71,A,not included,not included,67.86472336210556
2012-13,N1,North East and Yorkshire,Newcastle,BSU,50<71,A,not included,not included,73.67760444683522
2012-13,N1,North East and Yorkshire,North Cumbria,BSU,50<71,A,not included,not included,76.01909658464928
2012-13,N1,North East and Yorkshire,North Tees,BSU,50<71,A,not included,not included,73.01007994438652
2012-13,N1,North East and Yorkshire,North Yorkshire,BSU,50<71,A,not included,not included,72.30419977298524
2012-13,N1,North East and Yorkshire,Pennine,BSU,50<71,A,not included,not included,67.59860964183164
2012-13,N1,North East and Yorkshire,Rotherham,BSU,50<71,A,not included,not included,72.96233839235525
2012-13,N1,North East and Yorkshire,Sheffield,BSU,50<71,A,not included,not included,75.08705286483064
2012-13,N2,North West,Bolton,BSU,50<71,A,not included,not included,63.57913669064749
2012-13,N2,North West,Cheshire & Stockport,BSU,50<71,A,not included,not included,66.0344827586207
2012-13,N2,North West,Chester,BSU,50<71,A,not included,not included,72.83702213279678
2012-13,N2,North West,Crewe,BSU,50<71,A,not included,not included,72.33455882352942
2012-13,N2,North West,East Lancashire,BSU,50<71,A,not included,not included,62.34252638747021
2012-13,N2,North West,Liverpool,BSU,50<71,A,not included,not included,64.99397832195906
2012-13,N2,North West,Manchester,BSU,50<71,A,not included,not included,61.13420029494571
2012-13,N2,North West,North Lancashire & South Cumbria,BSU,50<71,A,not included,not included,67.99859796705222
2012-13,N2,North West,South Lancashire,BSU,50<71,A,not included,not included,68.76299376299376
2012-13,N2,North West,"Warrington, Halton, St Helens & Knowsley",BSU,50<71,A,not included,not included,71.21293800539084
2012-13,N2,North West,Wirral,BSU,50<71,A,not included,not included,76.5432098765432
2012-13,N3,Midlands,"City, Sandwell & Walsall",BSU,50<71,A,not included,not included,59.50920245398773
2012-13,N3,Midlands,"Dudley, Wolverhampton & South West Staffordshire",BSU,50<71,A,not included,not included,69.69014084507043
2012-13,N3,Midlands,Hereford & Worcester,BSU,50<71,A,not included,not included,73.31364978423802
2012-13,N3,Midlands,Kettering,BSU,50<71,A,not included,not included,70.04175365344467
2012-13,N3,Midlands,Leicestershire,BSU,50<71,A,not included,not included,72.25897920604915
2012-13,N3,Midlands,Lincolnshire,BSU,50<71,A,not included,not included,70.56778679026651
2012-13,N3,Midlands,North Derbyshire & Chesterfield,BSU,50<71,A,not included,not included,73.44336084021005
2012-13,N3,Midlands,North Midlands,BSU,50<71,A,not included,not included,74.11533420707732
2012-13,N3,Midlands,North Nottinghamshire,BSU,50<71,A,not included,not included,75.76650943396226
2012-13,N3,Midlands,Northampton,BSU,50<71,A,not included,not included,72.28915662650603
2012-13,N3,Midlands,Nottingham City,BSU,50<71,A,not included,not included,72.20888355342137
2012-13,N3,Midlands,Shropshire,BSU,50<71,A,not included,not included,73.66628830874006
2012-13,N3,Midlands,South Birmingham,BSU,50<71,A,not included,not included,59.723736822973464
2012-13,N3,Midlands,South Derbyshire & South East Staffordshire,BSU,50<71,A,not included,not included,73.90897755610972
2012-13,N3,Midlands,South Staffordshire,BSU,50<71,A,not included,not included,69.8905109489051
2012-13,N3,Midlands,"Warwickshire, Solihull & Coventry",BSU,50<71,A,not included,not included,64.26024955436719
2012-13,N4,East of England,Beds & Herts,BSU,50<71,A,not included,not included,68.57945425361156
2012-13,N4,East of England,Cambridge & Huntingdon,BSU,50<71,A,not included,not included,64.81882935893466
2012-13,N4,East of England,Chelmsford & Colchester,BSU,50<71,A,not included,not included,72.65336289726534
2012-13,N4,East of England,East Suffolk,BSU,50<71,A,not included,not included,67.88370520622043
2012-13,N4,East of England,Great Yarmouth & Waveney,BSU,50<71,A,not included,not included,39.91228070175439
2012-13,N4,East of England,King's Lynn,BSU,50<71,A,not included,not included,57.86864931846345
2012-13,N4,East of England,Milton Keynes,BSU,50<71,A,not included,not included,72.12475633528264
2012-13,N4,East of England,Norfolk & Norwich,BSU,50<71,A,not included,not included,68.32208293153327
2012-13,N4,East of England,Peterborough,BSU,50<71,A,not included,not included,71.26045215236915
2012-13,N4,East of England,South Essex,BSU,50<71,A,not included,not included,64.76764968722073
2012-13,N4,East of England,West Essex (Epping),BSU,50<71,A,not included,not included,69.16058394160584
2012-13,N4,East of England,West Suffolk,BSU,50<71,A,not included,not included,67.80469897209986
2012-13,N5,London,Central & East London,BSU,50<71,A,not included,not included,52.389470994122156
2012-13,N5,London,North London,BSU,50<71,A,not included,not included,64.58255335080494
2012-13,N5,London,Outer North East London,BSU,50<71,A,not included,not included,69.39586645468998
2012-13,N5,London,South East London,BSU,50<71,A,not included,not included,56.55881615249561
2012-13,N5,London,South West London,BSU,50<71,A,not included,not included,59.44444444444444
2012-13,N5,London,West of London,BSU,50<71,A,not included,not included,51.06407454273554
2012-13,N6,South East,Aylesbury & Wycombe,BSU,50<71,A,not included,not included,73.6124031007752
2012-13,N6,South East,Brighton,BSU,50<71,A,not included,not included,64.74157773592802
2012-13,N6,South East,Canterbury,BSU,50<71,A,not included,not included,69.62558889164394
2012-13,N6,South East,East Berkshire,BSU,50<71,A,not included,not included,65.5257586450247
2012-13,N6,South East,Guildford,BSU,50<71,A,not included,not included,60.930616740088105
2012-13,N6,South East,Isle of Wight,BSU,50<71,A,not included,not included,72.62830482115086
2012-13,N6,South East,Maidstone,BSU,50<71,A,not included,not included,69.64539007092199
2012-13,N6,South East,Medway,BSU,50<71,A,not included,not included,68.49281110560239
2012-13,N6,South East,North & Mid Hampshire,BSU,50<71,A,not included,not included,73.07132459970887
2012-13,N6,South East,Oxfordshire,BSU,50<71,A,not included,not included,69.61212432571283
2012-13,N6,South East,Portsmouth,BSU,50<71,A,not included,not included,71.80946674655483
2012-13,N6,South East,Southampton & Salisbury,BSU,50<71,A,not included,not included,71.43390589992532
2012-13,N6,South East,West Berkshire,BSU,50<71,A,not included,not included,74.67385138967668
2012-13,N6,South East,Worthing,BSU,50<71,A,not included,not included,67.67401535793907
2012-13,N7,South West,Avon,BSU,50<71,A,not included,not included,71.63989856297549
2012-13,N7,South West,Cornwall,BSU,50<71,A,not included,not included,69.47291361639824
2012-13,N7,South West,Dorset,BSU,50<71,A,not included,not included,71.54205607476636
2012-13,N7,South West,Gloucestershire,BSU,50<71,A,not included,not included,76.88723205964585
2012-13,N7,South West,North & East Devon,BSU,50<71,A,not included,not included,69.70578726155836
2012-13,N7,South West,Somerset,BSU,50<71,A,not included,not included,73.65757660950239
2012-13,N7,South West,South Devon,BSU,50<71,A,not included,not included,68.90067502410801
2012-13,N7,South West,West Devon,BSU,50<71,A,not included,not included,75.00913408841797
2012-13,N7,South West,Wiltshire,BSU,50<71,A,not included,not included,71.48067104303428
2012-13,N1,North East and Yorkshire,Barnsley,BSU,50<71,A and C1,not included,not included,85.66920565832426
2012-13,N1,North East and Yorkshire,Doncaster,BSU,50<71,A and C1,not included,not included,84.50740668866032
2012-13,N1,North East and Yorkshire,Gateshead,BSU,50<71,A and C1,not included,not included,86.2686343546333
2012-13,N1,North East and Yorkshire,Humberside,BSU,50<71,A and C1,not included,not included,82.12269476853594
2012-13,N1,North East and Yorkshire,Leeds Wakefield,BSU,50<71,A and C1,not included,not included,81.85463538790309
2012-13,N1,North East and Yorkshire,Newcastle,BSU,50<71,A and C1,not included,not included,86.30514705882352
2012-13,N1,North East and Yorkshire,North Cumbria,BSU,50<71,A and C1,not included,not included,86.74344042400053
2012-13,N1,North East and Yorkshire,North Tees,BSU,50<71,A and C1,not included,not included,85.81870450792097
2012-13,N1,North East and Yorkshire,North Yorkshire,BSU,50<71,A and C1,not included,not included,85.80870479552368
2012-13,N1,North East and Yorkshire,Pennine,BSU,50<71,A and C1,not included,not included,82.21308743472947
2012-13,N1,North East and Yorkshire,Rotherham,BSU,50<71,A and C1,not included,not included,85.79029733959311
2012-13,N1,North East and Yorkshire,Sheffield,BSU,50<71,A and C1,not included,not included,86.45731672311844
2012-13,N2,North West,Bolton,BSU,50<71,A and C1,not included,not included,82.45788806375657
2012-13,N2,North West,Cheshire & Stockport,BSU,50<71,A and C1,not included,not included,81.88799400636823
2012-13,N2,North West,Chester,BSU,50<71,A and C1,not included,not included,85.86891160553218
2012-13,N2,North West,Crewe,BSU,50<71,A and C1,not included,not included,84.7833417636149
2012-13,N2,North West,East Lancashire,BSU,50<71,A and C1,not included,not included,78.86445270653475
2012-13,N2,North West,Liverpool,BSU,50<71,A and C1,not included,not included,80.66643391908143
2012-13,N2,North West,Manchester,BSU,50<71,A and C1,not included,not included,80.71945701357465
2012-13,N2,North West,North Lancashire & South Cumbria,BSU,50<71,A and C1,not included,not included,82.51617995264404
2012-13,N2,North West,South Lancashire,BSU,50<71,A and C1,not included,not included,82.65654131235506
2012-13,N2,North West,"Warrington, Halton, St Helens & Knowsley",BSU,50<71,A and C1,not included,not included,84.90147783251231
2012-13,N2,North West,Wirral,BSU,50<71,A and C1,not included,not included,87.82377993437129
2012-13,N3,Midlands,"City, Sandwell & Walsall",BSU,50<71,A and C1,not included,not included,78.39884228751582
2012-13,N3,Midlands,"Dudley, Wolverhampton & South West Staffordshire",BSU,50<71,A and C1,not included,not included,83.33977953974086
2012-13,N3,Midlands,Hereford & Worcester,BSU,50<71,A and C1,not included,not included,87.53132235861325
2012-13,N3,Midlands,Kettering,BSU,50<71,A and C1,not included,not included,84.37759680904105
2012-13,N3,Midlands,Leicestershire,BSU,50<71,A and C1,not included,not included,84.42136103342655
2012-13,N3,Midlands,Lincolnshire,BSU,50<71,A and C1,not included,not included,83.62936448976835
2012-13,N3,Midlands,North Derbyshire & Chesterfield,BSU,50<71,A and C1,not included,not included,85.88235294117646
2012-13,N3,Midlands,North Midlands,BSU,50<71,A and C1,not included,not included,87.46375310687655
2012-13,N3,Midlands,North Nottinghamshire,BSU,50<71,A and C1,not included,not included,87.58305195512472
2012-13,N3,Midlands,Northampton,BSU,50<71,A and C1,not included,not included,84.80811294491947
2012-13,N3,Midlands,Nottingham City,BSU,50<71,A and C1,not included,not included,85.85813876286377
2012-13,N3,Midlands,Shropshire,BSU,50<71,A and C1,not included,not included,87.15301286391333
2012-13,N3,Midlands,South Birmingham,BSU,50<71,A and C1,not included,not included,75.50465518661943
2012-13,N3,Midlands,South Derbyshire & South East Staffordshire,BSU,50<71,A and C1,not included,not included,86.9332312990243
2012-13,N3,Midlands,South Staffordshire,BSU,50<71,A and C1,not included,not included,84.52648344019276
2012-13,N3,Midlands,"Warwickshire, Solihull & Coventry",BSU,50<71,A and C1,not included,not included,84.79556138624686
2012-13,N4,East of England,Beds & Herts,BSU,50<71,A and C1,not included,not included,83.48682758482313
2012-13,N4,East of England,Cambridge & Huntingdon,BSU,50<71,A and C1,not included,not included,82.06258537191108
2012-13,N4,East of England,Chelmsford & Colchester,BSU,50<71,A and C1,not included,not included,85.82765250830275
2012-13,N4,East of England,East Suffolk,BSU,50<71,A and C1,not included,not included,87.8700105969622
2012-13,N4,East of England,Great Yarmouth & Waveney,BSU,50<71,A and C1,not included,not included,87.89356514364465
2012-13,N4,East of England,King's Lynn,BSU,50<71,A and C1,not included,not included,85.58877364246491
2012-13,N4,East of England,Milton Keynes,BSU,50<71,A and C1,not included,not included,84.91266375545851
2012-13,N4,East of England,Norfolk & Norwich,BSU,50<71,A and C1,not included,not included,88.26855123674912
2012-13,N4,East of England,Peterborough,BSU,50<71,A and C1,not included,not included,85.00363636363636
2012-13,N4,East of England,South Essex,BSU,50<71,A and C1,not included,not included,80.68952953500023
2012-13,N4,East of England,West Essex (Epping),BSU,50<71,A and C1,not included,not included,82.98657083412144
2012-13,N4,East of England,West Suffolk,BSU,50<71,A and C1,not included,not included,83.47276610893556
2012-13,N5,London,Central & East London,BSU,50<71,A and C1,not included,not included,69.77116393107676
2012-13,N5,London,North London,BSU,50<71,A and C1,not included,not included,79.83137186017916
2012-13,N5,London,Outer North East London,BSU,50<71,A and C1,not included,not included,82.74769828532816
2012-13,N5,London,South East London,BSU,50<71,A and C1,not included,not included,77.0134800784916
2012-13,N5,London,South West London,BSU,50<71,A and C1,not included,not included,77.17216968088049
2012-13,N5,London,West of London,BSU,50<71,A and C1,not included,not included,70.76232938537707
2012-13,N6,South East,Aylesbury & Wycombe,BSU,50<71,A and C1,not included,not included,85.70735389260298
2012-13,N6,South East,Brighton,BSU,50<71,A and C1,not included,not included,82.38385768891503
2012-13,N6,South East,Canterbury,BSU,50<71,A and C1,not included,not included,84.45200974892646
2012-13,N6,South East,East Berkshire,BSU,50<71,A and C1,not included,not included,80.2415812591508
2012-13,N6,South East,Guildford,BSU,50<71,A and C1,not included,not included,85.27004536853384
2012-13,N6,South East,Isle of Wight,BSU,50<71,A and C1,not included,not included,85.51756330960438
2012-13,N6,South East,Maidstone,BSU,50<71,A and C1,not included,not included,84.34552998868352
2012-13,N6,South East,Medway,BSU,50<71,A and C1,not included,not included,82.78338252786467
2012-13,N6,South East,North & Mid Hampshire,BSU,50<71,A and C1,not included,not included,85.02837858567264
2012-13,N6,South East,Oxfordshire,BSU,50<71,A and C1,not included,not included,81.96819268247839
2012-13,N6,South East,Portsmouth,BSU,50<71,A and C1,not included,not included,84.87390659368765
2012-13,N6,South East,Southampton & Salisbury,BSU,50<71,A and C1,not included,not included,85.7199395552997
2012-13,N6,South East,West Berkshire,BSU,50<71,A and C1,not included,not included,85.90507726269315
2012-13,N6,South East,Worthing,BSU,50<71,A and C1,not included,not included,82.37276812826431
2012-13,N7,South West,Avon,BSU,50<71,A and C1,not included,not included,84.97143582582201
2012-13,N7,South West,Cornwall,BSU,50<71,A and C1,not included,not included,86.24591130891737
2012-13,N7,South West,Dorset,BSU,50<71,A and C1,not included,not included,85.83215720334383
2012-13,N7,South West,Gloucestershire,BSU,50<71,A and C1,not included,not included,87.07202135201635
2012-13,N7,South West,North & East Devon,BSU,50<71,A and C1,not included,not included,85.493298397662
2012-13,N7,South West,Somerset,BSU,50<71,A and C1,not included,not included,87.30964467005076
2012-13,N7,South West,South Devon,BSU,50<71,A and C1,not included,not included,84.93327267212617
2012-13,N7,South West,West Devon,BSU,50<71,A and C1,not included,not included,87.08156811265589
2012-13,N7,South West,Wiltshire,BSU,50<71,A and C1,not included,not included,85.82085937121542
2012-13,N1,North East and Yorkshire,Barnsley,BSU,50<71,A to C2,not included,not included,75.16462003915288
2012-13,N1,North East and Yorkshire,Doncaster,BSU,50<71,A to C2,not included,not included,74.69622681730974
2012-13,N1,North East and Yorkshire,Gateshead,BSU,50<71,A to C2,not included,not included,74.64775956945033
2012-13,N1,North East and Yorkshire,Humberside,BSU,50<71,A to C2,not included,not included,72.56687683246413
2012-13,N1,North East and Yorkshire,Leeds Wakefield,BSU,50<71,A to C2,not included,not included,69.91862189603377
2012-13,N1,North East and Yorkshire,Newcastle,BSU,50<71,A to C2,not included,not included,77.04521919226787
2012-13,N1,North East and Yorkshire,North Cumbria,BSU,50<71,A to C2,not included,not included,78.08915109800066
2012-13,N1,North East and Yorkshire,North Tees,BSU,50<71,A to C2,not included,not included,75.90228763077539
2012-13,N1,North East and Yorkshire,North Yorkshire,BSU,50<71,A to C2,not included,not included,76.8647888224574
2012-13,N1,North East and Yorkshire,Pennine,BSU,50<71,A to C2,not included,not included,69.31235405800581
2012-13,N1,North East and Yorkshire,Rotherham,BSU,50<71,A to C2,not included,not included,76.10542743194036
2012-13,N1,North East and Yorkshire,Sheffield,BSU,50<71,A to C2,not included,not included,76.55637372095248
2012-13,N2,North West,Bolton,BSU,50<71,A to C2,not included,not included,68.7199426992735
2012-13,N2,North West,Cheshire & Stockport,BSU,50<71,A to C2,not included,not included,69.88655728126977
2012-13,N2,North West,Chester,BSU,50<71,A to C2,not included,not included,74.3011280039235
2012-13,N2,North West,Crewe,BSU,50<71,A to C2,not included,not included,75.54520431928859
2012-13,N2,North West,East Lancashire,BSU,50<71,A to C2,not included,not included,66.2715159561857
2012-13,N2,North West,Liverpool,BSU,50<71,A to C2,not included,not included,67.12234519892313
2012-13,N2,North West,Manchester,BSU,50<71,A to C2,not included,not included,66.86838379070865
2012-13,N2,North West,North Lancashire & South Cumbria,BSU,50<71,A to C2,not included,not included,71.541085582422
2012-13,N2,North West,South Lancashire,BSU,50<71,A to C2,not included,not included,70.23631575201081
2012-13,N2,North West,"Warrington, Halton, St Helens & Knowsley",BSU,50<71,A to C2,not included,not included,73.4613077384523
2012-13,N2,North West,Wirral,BSU,50<71,A to C2,not included,not included,77.79965257672265
2012-13,N3,Midlands,"City, Sandwell & Walsall",BSU,50<71,A to C2,not included,not included,64.71017975583966
2012-13,N3,Midlands,"Dudley, Wolverhampton & South West Staffordshire",BSU,50<71,A to C2,not included,not included,71.98188349211307
2012-13,N3,Midlands,Hereford & Worcester,BSU,50<71,A to C2,not included,not included,78.31261289979811
2012-13,N3,Midlands,Kettering,BSU,50<71,A to C2,not included,not included,75.86497298056004
2012-13,N3,Midlands,Leicestershire,BSU,50<71,A to C2,not included,not included,74.65573842730298
2012-13,N3,Midlands,Lincolnshire,BSU,50<71,A to C2,not included,not included,76.00394901129533
2012-13,N3,Midlands,North Derbyshire & Chesterfield,BSU,50<71,A to C2,not included,not included,75.76274075336629
2012-13,N3,Midlands,North Midlands,BSU,50<71,A to C2,not included,not included,76.58457467241453
2012-13,N3,Midlands,North Nottinghamshire,BSU,50<71,A to C2,not included,not included,77.98305695746215
2012-13,N3,Midlands,Northampton,BSU,50<71,A to C2,not included,not included,75.30256977065488
2012-13,N3,Midlands,Nottingham City,BSU,50<71,A to C2,not included,not included,76.72672672672672
2012-13,N3,Midlands,Shropshire,BSU,50<71,A to C2,not included,not included,77.33384189949462
2012-13,N3,Midlands,South Birmingham,BSU,50<71,A to C2,not included,not included,63.42129773362309
2012-13,N3,Midlands,South Derbyshire & South East Staffordshire,BSU,50<71,A to C2,not included,not included,78.39005288442131
2012-13,N3,Midlands,South Staffordshire,BSU,50<71,A to C2,not included,not included,74.36213443474784
2012-13,N3,Midlands,"Warwickshire, Solihull & Coventry",BSU,50<71,A to C2,not included,not included,72.42224994185923
2012-13,N4,East of England,Beds & Herts,BSU,50<71,A to C2,not included,not included,72.49870650627345
2012-13,N4,East of England,Cambridge & Huntingdon,BSU,50<71,A to C2,not included,not included,72.4532068879461
2012-13,N4,East of England,Chelmsford & Colchester,BSU,50<71,A to C2,not included,not included,77.02884070506128
2012-13,N4,East of England,East Suffolk,BSU,50<71,A to C2,not included,not included,78.8679245283019
2012-13,N4,East of England,Great Yarmouth & Waveney,BSU,50<71,A to C2,not included,not included,77.52064693737096
2012-13,N4,East of England,King's Lynn,BSU,50<71,A to C2,not included,not included,74.90381769754364
2012-13,N4,East of England,Milton Keynes,BSU,50<71,A to C2,not included,not included,76.03163061261588
2012-13,N4,East of England,Norfolk & Norwich,BSU,50<71,A to C2,not included,not included,78.28645643086163
2012-13,N4,East of England,Peterborough,BSU,50<71,A to C2,not included,not included,76.73439942286883
2012-13,N4,East of England,South Essex,BSU,50<71,A to C2,not included,not included,68.57963205841693
2012-13,N4,East of England,West Essex (Epping),BSU,50<71,A to C2,not included,not included,72.52837514934289
2012-13,N4,East of England,West Suffolk,BSU,50<71,A to C2,not included,not included,75.12785421018512
2012-13,N5,London,Central & East London,BSU,50<71,A to C2,not included,not included,56.733377318378416
2012-13,N5,London,North London,BSU,50<71,A to C2,not included,not included,66.74414376980211
2012-13,N5,London,Outer North East London,BSU,50<71,A to C2,not included,not included,73.2892375892763
2012-13,N5,London,South East London,BSU,50<71,A to C2,not included,not included,62.87895413361758
2012-13,N5,London,South West London,BSU,50<71,A to C2,not included,not included,64.4140219871396
2012-13,N5,London,West of London,BSU,50<71,A to C2,not included,not included,57.42031969234952
2012-13,N6,South East,Aylesbury & Wycombe,BSU,50<71,A to C2,not included,not included,76.63828043171364
2012-13,N6,South East,Brighton,BSU,50<71,A to C2,not included,not included,71.7738378759813
2012-13,N6,South East,Canterbury,BSU,50<71,A to C2,not included,not included,74.61152961200239
2012-13,N6,South East,East Berkshire,BSU,50<71,A to C2,not included,not included,69.48078376649805
2012-13,N6,South East,Guildford,BSU,50<71,A to C2,not included,not included,72.7922874671341
2012-13,N6,South East,Isle of Wight,BSU,50<71,A to C2,not included,not included,76.35901447008213
2012-13,N6,South East,Maidstone,BSU,50<71,A to C2,not included,not included,74.39222042139384
2012-13,N6,South East,Medway,BSU,50<71,A to C2,not included,not included,72.73450495407536
2012-13,N6,South East,North & Mid Hampshire,BSU,50<71,A to C2,not included,not included,76.1454949564028
2012-13,N6,South East,Oxfordshire,BSU,50<71,A to C2,not included,not included,72.32537246387662
2012-13,N6,South East,Portsmouth,BSU,50<71,A to C2,not included,not included,74.2667655297413
2012-13,N6,South East,Southampton & Salisbury,BSU,50<71,A to C2,not included,not included,75.95352137661877
2012-13,N6,South East,West Berkshire,BSU,50<71,A to C2,not included,not included,76.72926953070925
2012-13,N6,South East,Worthing,BSU,50<71,A to C2,not included,not included,69.24904160492956
2012-13,N7,South West,Avon,BSU,50<71,A to C2,not included,not included,73.90911517690301
2012-13,N7,South West,Cornwall,BSU,50<71,A to C2,not included,not included,75.77265584075433
2012-13,N7,South West,Dorset,BSU,50<71,A to C2,not included,not included,74.76778000508202
2012-13,N7,South West,Gloucestershire,BSU,50<71,A to C2,not included,not included,76.94108735323486
2012-13,N7,South West,North & East Devon,BSU,50<71,A to C2,not included,not included,75.56534158533682
2012-13,N7,South West,Somerset,BSU,50<71,A to C2,not included,not included,78.05194805194805
2012-13,N7,South West,South Devon,BSU,50<71,A to C2,not included,not included,74.81198372580447
2012-13,N7,South West,West Devon,BSU,50<71,A to C2,not included,not included,76.74384381438242
2012-13,N7,South West,Wiltshire,BSU,50<71,A to C2,not included,not included,75.66139621615322
2012-13,N1,North East and Yorkshire,Barnsley,BSU,50<71,A to D,not included,not included,75.16682978912715
2012-13,N1,North East and Yorkshire,Doncaster,BSU,50<71,A to D,not included,not included,74.69757527311485
2012-13,N1,North East and Yorkshire,Gateshead,BSU,50<71,A to D,not included,not included,74.65465647009037
2012-13,N1,North East and Yorkshire,Humberside,BSU,50<71,A to D,not included,not included,72.581105261793
2012-13,N1,North East and Yorkshire,Leeds Wakefield,BSU,50<71,A to D,not included,not included,69.9277703858582
2012-13,N1,North East and Yorkshire,Newcastle,BSU,50<71,A to D,not included,not included,77.05709849922374
2012-13,N1,North East and Yorkshire,North Cumbria,BSU,50<71,A to D,not included,not included,78.09513407241549
2012-13,N1,North East and Yorkshire,North Tees,BSU,50<71,A to D,not included,not included,75.91434432381048
2012-13,N1,North East and Yorkshire,North Yorkshire,BSU,50<71,A to D,not included,not included,76.89138696388082
2012-13,N1,North East and Yorkshire,Pennine,BSU,50<71,A to D,not included,not included,69.3244039178901
2012-13,N1,North East and Yorkshire,Rotherham,BSU,50<71,A to D,not included,not included,76.11578126354104
2012-13,N1,North East and Yorkshire,Sheffield,BSU,50<71,A to D,not included,not included,76.5586154140371
2012-13,N2,North West,Bolton,BSU,50<71,A to D,not included,not included,68.72100954979537
2012-13,N2,North West,Cheshire & Stockport,BSU,50<71,A to D,not included,not included,69.90853361876034
2012-13,N2,North West,Chester,BSU,50<71,A to D,not included,not included,74.3011280039235
2012-13,N2,North West,Crewe,BSU,50<71,A to D,not included,not included,75.55900402059675
2012-13,N2,North West,East Lancashire,BSU,50<71,A to D,not included,not included,66.27631329413995
2012-13,N2,North West,Liverpool,BSU,50<71,A to D,not included,not included,67.13119411465654
2012-13,N2,North West,Manchester,BSU,50<71,A to D,not included,not included,66.88457196771857
2012-13,N2,North West,North Lancashire & South Cumbria,BSU,50<71,A to D,not included,not included,71.54251316779533
2012-13,N2,North West,South Lancashire,BSU,50<71,A to D,not included,not included,70.24796328578036
2012-13,N2,North West,"Warrington, Halton, St Helens & Knowsley",BSU,50<71,A to D,not included,not included,73.4803980338089
2012-13,N2,North West,Wirral,BSU,50<71,A to D,not included,not included,77.82020131898646
2012-13,N3,Midlands,"City, Sandwell & Walsall",BSU,50<71,A to D,not included,not included,64.71221500249914
2012-13,N3,Midlands,"Dudley, Wolverhampton & South West Staffordshire",BSU,50<71,A to D,not included,not included,71.98735214896358
2012-13,N3,Midlands,Hereford & Worcester,BSU,50<71,A to D,not included,not included,78.31952411302315
2012-13,N3,Midlands,Kettering,BSU,50<71,A to D,not included,not included,75.87005332584901
2012-13,N3,Midlands,Leicestershire,BSU,50<71,A to D,not included,not included,74.66076306282491
2012-13,N3,Midlands,Lincolnshire,BSU,50<71,A to D,not included,not included,76.00743235396585
2012-13,N3,Midlands,North Derbyshire & Chesterfield,BSU,50<71,A to D,not included,not included,75.76687116564416
2012-13,N3,Midlands,North Midlands,BSU,50<71,A to D,not included,not included,76.59256730810257
2012-13,N3,Midlands,North Nottinghamshire,BSU,50<71,A to D,not included,not included,77.98504100207263
2012-13,N3,Midlands,Northampton,BSU,50<71,A to D,not included,not included,75.31348395293598
2012-13,N3,Midlands,Nottingham City,BSU,50<71,A to D,not included,not included,76.72672672672672
2012-13,N3,Midlands,Shropshire,BSU,50<71,A to D,not included,not included,77.34032411820782
2012-13,N3,Midlands,South Birmingham,BSU,50<71,A to D,not included,not included,63.42583969702614
2012-13,N3,Midlands,South Derbyshire & South East Staffordshire,BSU,50<71,A to D,not included,not included,78.39528595068008
2012-13,N3,Midlands,South Staffordshire,BSU,50<71,A to D,not included,not included,74.36554985679078
2012-13,N3,Midlands,"Warwickshire, Solihull & Coventry",BSU,50<71,A to D,not included,not included,72.42633069800871
2012-13,N4,East of England,Beds & Herts,BSU,50<71,A to D,not included,not included,72.52269716648897
2012-13,N4,East of England,Cambridge & Huntingdon,BSU,50<71,A to D,not included,not included,72.46145401926051
2012-13,N4,East of England,Chelmsford & Colchester,BSU,50<71,A to D,not included,not included,77.04937572633273
2012-13,N4,East of England,East Suffolk,BSU,50<71,A to D,not included,not included,78.8679245283019
2012-13,N4,East of England,Great Yarmouth & Waveney,BSU,50<71,A to D,not included,not included,77.53996905621455
2012-13,N4,East of England,King's Lynn,BSU,50<71,A to D,not included,not included,74.90633011240386
2012-13,N4,East of England,Milton Keynes,BSU,50<71,A to D,not included,not included,76.04469476744185
2012-13,N4,East of England,Norfolk & Norwich,BSU,50<71,A to D,not included,not included,78.28909991072153
2012-13,N4,East of England,Peterborough,BSU,50<71,A to D,not included,not included,76.73859469856345
2012-13,N4,East of England,South Essex,BSU,50<71,A to D,not included,not included,68.58408647882332
2012-13,N4,East of England,West Essex (Epping),BSU,50<71,A to D,not included,not included,72.52837514934289
2012-13,N4,East of England,West Suffolk,BSU,50<71,A to D,not included,not included,75.12785421018512
2012-13,N5,London,Central & East London,BSU,50<71,A to D,not included,not included,56.74711745163181
2012-13,N5,London,North London,BSU,50<71,A to D,not included,not included,66.74587098784667
2012-13,N5,London,Outer North East London,BSU,50<71,A to D,not included,not included,73.2939355564936
2012-13,N5,London,South East London,BSU,50<71,A to D,not included,not included,62.88477211460096
2012-13,N5,London,South West London,BSU,50<71,A to D,not included,not included,64.42596777872235
2012-13,N5,London,West of London,BSU,50<71,A to D,not included,not included,57.42610789606556
2012-13,N6,South East,Aylesbury & Wycombe,BSU,50<71,A to D,not included,not included,76.64466196221261
2012-13,N6,South East,Brighton,BSU,50<71,A to D,not included,not included,71.8078233290262
2012-13,N6,South East,Canterbury,BSU,50<71,A to D,not included,not included,74.61792973058138
2012-13,N6,South East,East Berkshire,BSU,50<71,A to D,not included,not included,69.52154221344792
2012-13,N6,South East,Guildford,BSU,50<71,A to D,not included,not included,72.80468147732847
2012-13,N6,South East,Isle of Wight,BSU,50<71,A to D,not included,not included,76.36825645035184
2012-13,N6,South East,Maidstone,BSU,50<71,A to D,not included,not included,74.4427033311429
2012-13,N6,South East,Medway,BSU,50<71,A to D,not included,not included,72.75224053194565
2012-13,N6,South East,North & Mid Hampshire,BSU,50<71,A to D,not included,not included,76.16077912092607
2012-13,N6,South East,Oxfordshire,BSU,50<71,A to D,not included,not included,72.35577821811792
2012-13,N6,South East,Portsmouth,BSU,50<71,A to D,not included,not included,74.26818724525506
2012-13,N6,South East,Southampton & Salisbury,BSU,50<71,A to D,not included,not included,75.96418122173951
2012-13,N6,South East,West Berkshire,BSU,50<71,A to D,not included,not included,76.74965421853389
2012-13,N6,South East,Worthing,BSU,50<71,A to D,not included,not included,69.2844390152227
2012-13,N7,South West,Avon,BSU,50<71,A to D,not included,not included,73.91768449142975
2012-13,N7,South West,Cornwall,BSU,50<71,A to D,not included,not included,75.79695608564825
2012-13,N7,South West,Dorset,BSU,50<71,A to D,not included,not included,74.78273137697516
2012-13,N7,South West,Gloucestershire,BSU,50<71,A to D,not included,not included,76.94981758105597
2012-13,N7,South West,North & East Devon,BSU,50<71,A to D,not included,not included,75.57600031724631
2012-13,N7,South West,Somerset,BSU,50<71,A to D,not included,not included,78.06058221872541
2012-13,N7,South West,South Devon,BSU,50<71,A to D,not included,not included,74.81974486966168
2012-13,N7,South West,West Devon,BSU,50<71,A to D,not included,not included,76.7461251716696
2012-13,N7,South West,Wiltshire,BSU,50<71,A to D,not included,not included,75.68584843428661
2012-13,N1,North East and Yorkshire,Barnsley,BSU,50<71,B,not included,not included,15.849056603773585
2012-13,N1,North East and Yorkshire,Doncaster,BSU,50<71,B,not included,not included,16.728167281672818
2012-13,N1,North East and Yorkshire,Gateshead,BSU,50<71,B,not included,not included,15.853658536585366
2012-13,N1,North East and Yorkshire,Humberside,BSU,50<71,B,not included,not included,15.40590405904059
2012-13,N1,North East and Yorkshire,Leeds Wakefield,BSU,50<71,B,not included,not included,17.109982068141065
2012-13,N1,North East and Yorkshire,Newcastle,BSU,50<71,B,not included,not included,18.80437833286556
2012-13,N1,North East and Yorkshire,North Cumbria,BSU,50<71,B,not included,not included,19.83860121049092
2012-13,N1,North East and Yorkshire,North Tees,BSU,50<71,B,not included,not included,17.99040511727079
2012-13,N1,North East and Yorkshire,North Yorkshire,BSU,50<71,B,not included,not included,15.910808767951625
2012-13,N1,North East and Yorkshire,Pennine,BSU,50<71,B,not included,not included,12.85868005738881
2012-13,N1,North East and Yorkshire,Rotherham,BSU,50<71,B,not included,not included,16.16766467065868
2012-13,N1,North East and Yorkshire,Sheffield,BSU,50<71,B,not included,not included,17.562724014336915
2012-13,N2,North West,Bolton,BSU,50<71,B,not included,not included,19.247634433417954
2012-13,N2,North West,Cheshire & Stockport,BSU,50<71,B,not included,not included,15.289765721331689
2012-13,N2,North West,Chester,BSU,50<71,B,not included,not included,15.064102564102564
2012-13,N2,North West,Crewe,BSU,50<71,B,not included,not included,15.045135406218657
2012-13,N2,North West,East Lancashire,BSU,50<71,B,not included,not included,17.888243831640057
2012-13,N2,North West,Liverpool,BSU,50<71,B,not included,not included,12.911277513047425
2012-13,N2,North West,Manchester,BSU,50<71,B,not included,not included,17.65601217656012
2012-13,N2,North West,North Lancashire & South Cumbria,BSU,50<71,B,not included,not included,15.767533104462972
2012-13,N2,North West,South Lancashire,BSU,50<71,B,not included,not included,13.850687622789785
2012-13,N2,North West,"Warrington, Halton, St Helens & Knowsley",BSU,50<71,B,not included,not included,14.942084942084943
2012-13,N2,North West,Wirral,BSU,50<71,B,not included,not included,17.40918437285812
2012-13,N3,Midlands,"City, Sandwell & Walsall",BSU,50<71,B,not included,not included,16.54577288644322
2012-13,N3,Midlands,"Dudley, Wolverhampton & South West Staffordshire",BSU,50<71,B,not included,not included,12.66984943077488
2012-13,N3,Midlands,Hereford & Worcester,BSU,50<71,B,not included,not included,16.072035338090384
2012-13,N3,Midlands,Kettering,BSU,50<71,B,not included,not included,18.63799283154122
2012-13,N3,Midlands,Leicestershire,BSU,50<71,B,not included,not included,17.16452205882353
2012-13,N3,Midlands,Lincolnshire,BSU,50<71,B,not included,not included,18.907563025210084
2012-13,N3,Midlands,North Derbyshire & Chesterfield,BSU,50<71,B,not included,not included,17.122395833333336
2012-13,N3,Midlands,North Midlands,BSU,50<71,B,not included,not included,14.342806394316163
2012-13,N3,Midlands,North Nottinghamshire,BSU,50<71,B,not included,not included,22.134387351778656
2012-13,N3,Midlands,Northampton,BSU,50<71,B,not included,not included,17.11972238288028
2012-13,N3,Midlands,Nottingham City,BSU,50<71,B,not included,not included,19.18456497997816
2012-13,N3,Midlands,Shropshire,BSU,50<71,B,not included,not included,13.148245154531168
2012-13,N3,Midlands,South Birmingham,BSU,50<71,B,not included,not included,16.068933395435494
2012-13,N3,Midlands,South Derbyshire & South East Staffordshire,BSU,50<71,B,not included,not included,17.855256207078714
2012-13,N3,Midlands,South Staffordshire,BSU,50<71,B,not included,not included,16.243465272591486
2012-13,N3,Midlands,"Warwickshire, Solihull & Coventry",BSU,50<71,B,not included,not included,20.713101160862355
2012-13,N4,East of England,Beds & Herts,BSU,50<71,B,not included,not included,17.19139650872818
2012-13,N4,East of England,Cambridge & Huntingdon,BSU,50<71,B,not included,not included,16.483516483516482
2012-13,N4,East of England,Chelmsford & Colchester,BSU,50<71,B,not included,not included,14.958238420653
2012-13,N4,East of England,East Suffolk,BSU,50<71,B,not included,not included,17.196969696969695
2012-13,N4,East of England,Great Yarmouth & Waveney,BSU,50<71,B,not included,not included,15.21951219512195
2012-13,N4,East of England,King's Lynn,BSU,50<71,B,not included,not included,15.015321756894789
2012-13,N4,East of England,Milton Keynes,BSU,50<71,B,not included,not included,19.70649895178197
2012-13,N4,East of England,Norfolk & Norwich,BSU,50<71,B,not included,not included,17.868064657055484
2012-13,N4,East of England,Peterborough,BSU,50<71,B,not included,not included,20.321229050279328
2012-13,N4,East of England,South Essex,BSU,50<71,B,not included,not included,17.761233714437648
2012-13,N4,East of England,West Essex (Epping),BSU,50<71,B,not included,not included,19.489723600283487
2012-13,N4,East of England,West Suffolk,BSU,50<71,B,not included,not included,18.12206572769953
2012-13,N5,London,Central & East London,BSU,50<71,B,not included,not included,16.90248565965583
2012-13,N5,London,North London,BSU,50<71,B,not included,not included,21.86584174535982
2012-13,N5,London,Outer North East London,BSU,50<71,B,not included,not included,16.527942925089178
2012-13,N5,London,South East London,BSU,50<71,B,not included,not included,19.552042160737813
2012-13,N5,London,South West London,BSU,50<71,B,not included,not included,17.158176943699733
2012-13,N5,London,West of London,BSU,50<71,B,not included,not included,16.300347039646653
2012-13,N6,South East,Aylesbury & Wycombe,BSU,50<71,B,not included,not included,18.25749167591565
2012-13,N6,South East,Brighton,BSU,50<71,B,not included,not included,18.849206349206348
2012-13,N6,South East,Canterbury,BSU,50<71,B,not included,not included,21.388979458754484
2012-13,N6,South East,East Berkshire,BSU,50<71,B,not included,not included,17.69270563890326
2012-13,N6,South East,Guildford,BSU,50<71,B,not included,not included,23.59444519347445
2012-13,N6,South East,Isle of Wight,BSU,50<71,B,not included,not included,16.57271702367531
2012-13,N6,South East,Maidstone,BSU,50<71,B,not included,not included,23.875753361149744
2012-13,N6,South East,Medway,BSU,50<71,B,not included,not included,18.845437616387336
2012-13,N6,South East,North & Mid Hampshire,BSU,50<71,B,not included,not included,17.485773409208484
2012-13,N6,South East,Oxfordshire,BSU,50<71,B,not included,not included,18.153486560186987
2012-13,N6,South East,Portsmouth,BSU,50<71,B,not included,not included,19.18803418803419
2012-13,N6,South East,Southampton & Salisbury,BSU,50<71,B,not included,not included,20.80814508431435
2012-13,N6,South East,West Berkshire,BSU,50<71,B,not included,not included,19.381875327396543
2012-13,N6,South East,Worthing,BSU,50<71,B,not included,not included,15.701559020044542
2012-13,N7,South West,Avon,BSU,50<71,B,not included,not included,18.826636483682325
2012-13,N7,South West,Cornwall,BSU,50<71,B,not included,not included,16.936251189343484
2012-13,N7,South West,Dorset,BSU,50<71,B,not included,not included,17.581449955972996
2012-13,N7,South West,Gloucestershire,BSU,50<71,B,not included,not included,19.601328903654487
2012-13,N7,South West,North & East Devon,BSU,50<71,B,not included,not included,17.73975686627645
2012-13,N7,South West,Somerset,BSU,50<71,B,not included,not included,18.817480719794343
2012-13,N7,South West,South Devon,BSU,50<71,B,not included,not included,17.245901639344265
2012-13,N7,South West,West Devon,BSU,50<71,B,not included,not included,15.898876404494382
2012-13,N7,South West,Wiltshire,BSU,50<71,B,not included,not included,20.413122721749698
2012-13,N1,North East and Yorkshire,Barnsley,BSU,50<71,C1,not included,not included,88.68098563710633
2012-13,N1,North East and Yorkshire,Doncaster,BSU,50<71,C1,not included,not included,87.29039335527347
2012-13,N1,North East and Yorkshire,Gateshead,BSU,50<71,C1,not included,not included,87.49803921568628
2012-13,N1,North East and Yorkshire,Humberside,BSU,50<71,C1,not included,not included,84.98174014532586
2012-13,N1,North East and Yorkshire,Leeds Wakefield,BSU,50<71,C1,not included,not included,84.7137073452863
2012-13,N1,North East and Yorkshire,Newcastle,BSU,50<71,C1,not included,not included,88.80679194344783
2012-13,N1,North East and Yorkshire,North Cumbria,BSU,50<71,C1,not included,not included,89.06847133757961
2012-13,N1,North East and Yorkshire,North Tees,BSU,50<71,C1,not included,not included,88.5540380047506
2012-13,N1,North East and Yorkshire,North Yorkshire,BSU,50<71,C1,not included,not included,88.4854211663067
2012-13,N1,North East and Yorkshire,Pennine,BSU,50<71,C1,not included,not included,85.50379419471194
2012-13,N1,North East and Yorkshire,Rotherham,BSU,50<71,C1,not included,not included,88.71380988982833
2012-13,N1,North East and Yorkshire,Sheffield,BSU,50<71,C1,not included,not included,88.97615708274895
2012-13,N2,North West,Bolton,BSU,50<71,C1,not included,not included,84.57200402819738
2012-13,N2,North West,Cheshire & Stockport,BSU,50<71,C1,not included,not included,85.39300144850195
2012-13,N2,North West,Chester,BSU,50<71,C1,not included,not included,89.11138923654568
2012-13,N2,North West,Crewe,BSU,50<71,C1,not included,not included,87.58001238901507
2012-13,N2,North West,East Lancashire,BSU,50<71,C1,not included,not included,82.61676461490876
2012-13,N2,North West,Liverpool,BSU,50<71,C1,not included,not included,84.42082992739337
2012-13,N2,North West,Manchester,BSU,50<71,C1,not included,not included,84.69557170463516
2012-13,N2,North West,North Lancashire & South Cumbria,BSU,50<71,C1,not included,not included,85.70603411760176
2012-13,N2,North West,South Lancashire,BSU,50<71,C1,not included,not included,85.60326296643333
2012-13,N2,North West,"Warrington, Halton, St Helens & Knowsley",BSU,50<71,C1,not included,not included,87.96262808921037
2012-13,N2,North West,Wirral,BSU,50<71,C1,not included,not included,89.94608046453753
2012-13,N3,Midlands,"City, Sandwell & Walsall",BSU,50<71,C1,not included,not included,82.8167846438365
2012-13,N3,Midlands,"Dudley, Wolverhampton & South West Staffordshire",BSU,50<71,C1,not included,not included,86.16785339091864
2012-13,N3,Midlands,Hereford & Worcester,BSU,50<71,C1,not included,not included,89.8392567467925
2012-13,N3,Midlands,Kettering,BSU,50<71,C1,not included,not included,87.09231073334651
2012-13,N3,Midlands,Leicestershire,BSU,50<71,C1,not included,not included,86.89617591435074
2012-13,N3,Midlands,Lincolnshire,BSU,50<71,C1,not included,not included,85.85714850389343
2012-13,N3,Midlands,North Derbyshire & Chesterfield,BSU,50<71,C1,not included,not included,88.7169843576374
2012-13,N3,Midlands,North Midlands,BSU,50<71,C1,not included,not included,89.96924969249692
2012-13,N3,Midlands,North Nottinghamshire,BSU,50<71,C1,not included,not included,90.26052104208416
2012-13,N3,Midlands,Northampton,BSU,50<71,C1,not included,not included,86.99205978514712
2012-13,N3,Midlands,Nottingham City,BSU,50<71,C1,not included,not included,88.94315560982228
2012-13,N3,Midlands,Shropshire,BSU,50<71,C1,not included,not included,89.51661030435648
2012-13,N3,Midlands,South Birmingham,BSU,50<71,C1,not included,not included,80.12998082250161
2012-13,N3,Midlands,South Derbyshire & South East Staffordshire,BSU,50<71,C1,not included,not included,89.29378531073446
2012-13,N3,Midlands,South Staffordshire,BSU,50<71,C1,not included,not included,87.24516972543702
2012-13,N3,Midlands,"Warwickshire, Solihull & Coventry",BSU,50<71,C1,not included,not included,86.87616639576184
2012-13,N4,East of England,Beds & Herts,BSU,50<71,C1,not included,not included,87.21376439015826
2012-13,N4,East of England,Cambridge & Huntingdon,BSU,50<71,C1,not included,not included,86.38658072532422
2012-13,N4,East of England,Chelmsford & Colchester,BSU,50<71,C1,not included,not included,88.00619245498248
2012-13,N4,East of England,East Suffolk,BSU,50<71,C1,not included,not included,90.20195645313979
2012-13,N4,East of England,Great Yarmouth & Waveney,BSU,50<71,C1,not included,not included,89.082020640956
2012-13,N4,East of England,King's Lynn,BSU,50<71,C1,not included,not included,88.61667569030861
2012-13,N4,East of England,Milton Keynes,BSU,50<71,C1,not included,not included,87.49507938590736
2012-13,N4,East of England,Norfolk & Norwich,BSU,50<71,C1,not included,not included,90.60103743797924
2012-13,N4,East of England,Peterborough,BSU,50<71,C1,not included,not included,89.22155688622755
2012-13,N4,East of England,South Essex,BSU,50<71,C1,not included,not included,84.76631771637778
2012-13,N4,East of England,West Essex (Epping),BSU,50<71,C1,not included,not included,86.6022429014555
2012-13,N4,East of England,West Suffolk,BSU,50<71,C1,not included,not included,88.48684210526315
2012-13,N5,London,Central & East London,BSU,50<71,C1,not included,not included,76.08635097493035
2012-13,N5,London,North London,BSU,50<71,C1,not included,not included,84.50487664945496
2012-13,N5,London,Outer North East London,BSU,50<71,C1,not included,not included,85.27934083601286
2012-13,N5,London,South East London,BSU,50<71,C1,not included,not included,81.2053456694937
2012-13,N5,London,South West London,BSU,50<71,C1,not included,not included,82.43669751093896
2012-13,N5,London,West of London,BSU,50<71,C1,not included,not included,76.90734228091581
2012-13,N6,South East,Aylesbury & Wycombe,BSU,50<71,C1,not included,not included,88.25295307707368
2012-13,N6,South East,Brighton,BSU,50<71,C1,not included,not included,86.14293994382273
2012-13,N6,South East,Canterbury,BSU,50<71,C1,not included,not included,87.19288595526218
2012-13,N6,South East,East Berkshire,BSU,50<71,C1,not included,not included,84.09384814335858
2012-13,N6,South East,Guildford,BSU,50<71,C1,not included,not included,87.46737590415351
2012-13,N6,South East,Isle of Wight,BSU,50<71,C1,not included,not included,87.79349169298366
2012-13,N6,South East,Maidstone,BSU,50<71,C1,not included,not included,87.51337307045698
2012-13,N6,South East,Medway,BSU,50<71,C1,not included,not included,85.8719528529333
2012-13,N6,South East,North & Mid Hampshire,BSU,50<71,C1,not included,not included,87.57598312864408
2012-13,N6,South East,Oxfordshire,BSU,50<71,C1,not included,not included,84.66103118177239
2012-13,N6,South East,Portsmouth,BSU,50<71,C1,not included,not included,87.56399975325397
2012-13,N6,South East,Southampton & Salisbury,BSU,50<71,C1,not included,not included,89.1300472412871
2012-13,N6,South East,West Berkshire,BSU,50<71,C1,not included,not included,88.61861038783061
2012-13,N6,South East,Worthing,BSU,50<71,C1,not included,not included,87.14699493120926
2012-13,N7,South West,Avon,BSU,50<71,C1,not included,not included,87.90225168024283
2012-13,N7,South West,Cornwall,BSU,50<71,C1,not included,not included,89.12483508198781
2012-13,N7,South West,Dorset,BSU,50<71,C1,not included,not included,88.45116259153
2012-13,N7,South West,Gloucestershire,BSU,50<71,C1,not included,not included,89.29242647432316
2012-13,N7,South West,North & East Devon,BSU,50<71,C1,not included,not included,88.40804632006208
2012-13,N7,South West,Somerset,BSU,50<71,C1,not included,not included,90.11255411255411
2012-13,N7,South West,South Devon,BSU,50<71,C1,not included,not included,87.92513946373943
2012-13,N7,South West,West Devon,BSU,50<71,C1,not included,not included,89.43802595920695
2012-13,N7,South West,Wiltshire,BSU,50<71,C1,not included,not included,89.38898971566847
2012-13,N1,North East and Yorkshire,Barnsley,BSU,50<71,C2,not included,not included,41.093117408906885
2012-13,N1,North East and Yorkshire,Doncaster,BSU,50<71,C2,not included,not included,40.50029779630733
2012-13,N1,North East and Yorkshire,Gateshead,BSU,50<71,C2,not included,not included,39.197976878612714
2012-13,N1,North East and Yorkshire,Humberside,BSU,50<71,C2,not included,not included,37.67988252569751
2012-13,N1,North East and Yorkshire,Leeds Wakefield,BSU,50<71,C2,not included,not included,36.14571092831962
2012-13,N1,North East and Yorkshire,Newcastle,BSU,50<71,C2,not included,not included,44.96479951025405
2012-13,N1,North East and Yorkshire,North Cumbria,BSU,50<71,C2,not included,not included,48.37239583333333
2012-13,N1,North East and Yorkshire,North Tees,BSU,50<71,C2,not included,not included,45.37671232876712
2012-13,N1,North East and Yorkshire,North Yorkshire,BSU,50<71,C2,not included,not included,38.46153846153847
2012-13,N1,North East and Yorkshire,Pennine,BSU,50<71,C2,not included,not included,34.03252415743578
2012-13,N1,North East and Yorkshire,Rotherham,BSU,50<71,C2,not included,not included,41.49947201689546
2012-13,N1,North East and Yorkshire,Sheffield,BSU,50<71,C2,not included,not included,39.429312581063556
2012-13,N2,North West,Bolton,BSU,50<71,C2,not included,not included,38.04272915230875
2012-13,N2,North West,Cheshire & Stockport,BSU,50<71,C2,not included,not included,41.45524174246051
2012-13,N2,North West,Chester,BSU,50<71,C2,not included,not included,33.13492063492063
2012-13,N2,North West,Crewe,BSU,50<71,C2,not included,not included,37.93893129770992
2012-13,N2,North West,East Lancashire,BSU,50<71,C2,not included,not included,39.285714285714285
2012-13,N2,North West,Liverpool,BSU,50<71,C2,not included,not included,33.13810110974106
2012-13,N2,North West,Manchester,BSU,50<71,C2,not included,not included,39.94262571717854
2012-13,N2,North West,North Lancashire & South Cumbria,BSU,50<71,C2,not included,not included,42.33292831105711
2012-13,N2,North West,South Lancashire,BSU,50<71,C2,not included,not included,37.17654765804127
2012-13,N2,North West,"Warrington, Halton, St Helens & Knowsley",BSU,50<71,C2,not included,not included,35.319148936170215
2012-13,N2,North West,Wirral,BSU,50<71,C2,not included,not included,40.524193548387096
2012-13,N3,Midlands,"City, Sandwell & Walsall",BSU,50<71,C2,not included,not included,37.54227733934611
2012-13,N3,Midlands,"Dudley, Wolverhampton & South West Staffordshire",BSU,50<71,C2,not included,not included,38.68480725623583
2012-13,N3,Midlands,Hereford & Worcester,BSU,50<71,C2,not included,not included,44.454946439823566
2012-13,N3,Midlands,Kettering,BSU,50<71,C2,not included,not included,40.76433121019109
2012-13,N3,Midlands,Leicestershire,BSU,50<71,C2,not included,not included,41.28939828080229
2012-13,N3,Midlands,Lincolnshire,BSU,50<71,C2,not included,not included,41.41368373357499
2012-13,N3,Midlands,North Derbyshire & Chesterfield,BSU,50<71,C2,not included,not included,43.23529411764706
2012-13,N3,Midlands,North Midlands,BSU,50<71,C2,not included,not included,39.088471849865954
2012-13,N3,Midlands,North Nottinghamshire,BSU,50<71,C2,not included,not included,38.4083044982699
2012-13,N3,Midlands,Northampton,BSU,50<71,C2,not included,not included,41.8295543393276
2012-13,N3,Midlands,Nottingham City,BSU,50<71,C2,not included,not included,44.48847262247838
2012-13,N3,Midlands,Shropshire,BSU,50<71,C2,not included,not included,38.92617449664429
2012-13,N3,Midlands,South Birmingham,BSU,50<71,C2,not included,not included,38.71499176276771
2012-13,N3,Midlands,South Derbyshire & South East Staffordshire,BSU,50<71,C2,not included,not included,45.88832487309645
2012-13,N3,Midlands,South Staffordshire,BSU,50<71,C2,not included,not included,41.72208610430522
2012-13,N3,Midlands,"Warwickshire, Solihull & Coventry",BSU,50<71,C2,not included,not included,42.32001709036531
2012-13,N4,East of England,Beds & Herts,BSU,50<71,C2,not included,not included,38.02967995708922
2012-13,N4,East of England,Cambridge & Huntingdon,BSU,50<71,C2,not included,not included,47.368421052631575
2012-13,N4,East of England,Chelmsford & Colchester,BSU,50<71,C2,not included,not included,38.51528384279476
2012-13,N4,East of England,East Suffolk,BSU,50<71,C2,not included,not included,41.147540983606554
2012-13,N4,East of England,Great Yarmouth & Waveney,BSU,50<71,C2,not included,not included,48.3704974271012
2012-13,N4,East of England,King's Lynn,BSU,50<71,C2,not included,not included,44.85981308411215
2012-13,N4,East of England,Milton Keynes,BSU,50<71,C2,not included,not included,44.932432432432435
2012-13,N4,East of England,Norfolk & Norwich,BSU,50<71,C2,not included,not included,54.881889763779526
2012-13,N4,East of England,Peterborough,BSU,50<71,C2,not included,not included,54.0633608815427
2012-13,N4,East of England,South Essex,BSU,50<71,C2,not included,not included,38.5880465302848
2012-13,N4,East of England,West Essex (Epping),BSU,50<71,C2,not included,not included,47.12153518123667
2012-13,N4,East of England,West Suffolk,BSU,50<71,C2,not included,not included,54.23514538558787
2012-13,N5,London,Central & East London,BSU,50<71,C2,not included,not included,37.769396551724135
2012-13,N5,London,North London,BSU,50<71,C2,not included,not included,41.89535778404719
2012-13,N5,London,Outer North East London,BSU,50<71,C2,not included,not included,36.94869486948695
2012-13,N5,London,South East London,BSU,50<71,C2,not included,not included,32.217194570135746
2012-13,N5,London,South West London,BSU,50<71,C2,not included,not included,38.92360411207418
2012-13,N5,London,West of London,BSU,50<71,C2,not included,not included,39.56449529433475
2012-13,N6,South East,Aylesbury & Wycombe,BSU,50<71,C2,not included,not included,37.47669359850839
2012-13,N6,South East,Brighton,BSU,50<71,C2,not included,not included,40.6412213740458
2012-13,N6,South East,Canterbury,BSU,50<71,C2,not included,not included,42.191390964069726
2012-13,N6,South East,East Berkshire,BSU,50<71,C2,not included,not included,40.28642590286426
2012-13,N6,South East,Guildford,BSU,50<71,C2,not included,not included,41.17850953206239
2012-13,N6,South East,Isle of Wight,BSU,50<71,C2,not included,not included,43.39378238341969
2012-13,N6,South East,Maidstone,BSU,50<71,C2,not included,not included,45.03271861986913
2012-13,N6,South East,Medway,BSU,50<71,C2,not included,not included,35.991189427312776
2012-13,N6,South East,North & Mid Hampshire,BSU,50<71,C2,not included,not included,44.49108079748164
2012-13,N6,South East,Oxfordshire,BSU,50<71,C2,not included,not included,42.74362191551652
2012-13,N6,South East,Portsmouth,BSU,50<71,C2,not included,not included,41.39086719731881
2012-13,N6,South East,Southampton & Salisbury,BSU,50<71,C2,not included,not included,41.94107452339688
2012-13,N6,South East,West Berkshire,BSU,50<71,C2,not included,not included,42.14372716199756
2012-13,N6,South East,Worthing,BSU,50<71,C2,not included,not included,40.290820963344444
2012-13,N7,South West,Avon,BSU,50<71,C2,not included,not included,38.10117119362073
2012-13,N7,South West,Cornwall,BSU,50<71,C2,not included,not included,42.55910987482615
2012-13,N7,South West,Dorset,BSU,50<71,C2,not included,not included,49.440511532313316
2012-13,N7,South West,Gloucestershire,BSU,50<71,C2,not included,not included,39.74522292993631
2012-13,N7,South West,North & East Devon,BSU,50<71,C2,not included,not included,53.71137304874164
2012-13,N7,South West,Somerset,BSU,50<71,C2,not included,not included,47.81262098335269
2012-13,N7,South West,South Devon,BSU,50<71,C2,not included,not included,44.53280318091451
2012-13,N7,South West,West Devon,BSU,50<71,C2,not included,not included,41.58094206821873
2012-13,N7,South West,Wiltshire,BSU,50<71,C2,not included,not included,47.77481932293648
2012-13,N1,North East and Yorkshire,Barnsley,BSU,50<71,D,not included,not included,100.0
2012-13,N1,North East and Yorkshire,Doncaster,BSU,50<71,D,not included,not included,100.0
2012-13,N1,North East and Yorkshire,Gateshead,BSU,50<71,D,not included,not included,100.0
2012-13,N1,North East and Yorkshire,Humberside,BSU,50<71,D,not included,not included,100.0
2012-13,N1,North East and Yorkshire,Leeds Wakefield,BSU,50<71,D,not included,not included,100.0
2012-13,N1,North East and Yorkshire,Newcastle,BSU,50<71,D,not included,not included,100.0
2012-13,N1,North East and Yorkshire,North Cumbria,BSU,50<71,D,not included,not included,100.0
2012-13,N1,North East and Yorkshire,North Tees,BSU,50<71,D,not included,not included,100.0
2012-13,N1,North East and Yorkshire,North Yorkshire,BSU,50<71,D,not included,not included,100.0
2012-13,N1,North East and Yorkshire,Pennine,BSU,50<71,D,not included,not included,100.0
2012-13,N1,North East and Yorkshire,Rotherham,BSU,50<71,D,not included,not included,100.0
2012-13,N1,North East and Yorkshire,Sheffield,BSU,50<71,D,not included,not included,100.0
2012-13,N2,North West,Bolton,BSU,50<71,D,not included,not included,100.0
2012-13,N2,North West,Cheshire & Stockport,BSU,50<71,D,not included,not included,100.0
2012-13,N2,North West,Chester,BSU,50<71,D,not included,not included,z
2012-13,N2,North West,Crewe,BSU,50<71,D,not included,not included,100.0
2012-13,N2,North West,East Lancashire,BSU,50<71,D,not included,not included,100.0
2012-13,N2,North West,Liverpool,BSU,50<71,D,not included,not included,100.0
2012-13,N2,North West,Manchester,BSU,50<71,D,not included,not included,100.0
2012-13,N2,North West,North Lancashire & South Cumbria,BSU,50<71,D,not included,not included,100.0
2012-13,N2,North West,South Lancashire,BSU,50<71,D,not included,not included,100.0
2012-13,N2,North West,"Warrington, Halton, St Helens & Knowsley",BSU,50<71,D,not included,not included,100.0
2012-13,N2,North West,Wirral,BSU,50<71,D,not included,not included,100.0
2012-13,N3,Midlands,"City, Sandwell & Walsall",BSU,50<71,D,not included,not included,100.0
2012-13,N3,Midlands,"Dudley, Wolverhampton & South West Staffordshire",BSU,50<71,D,not included,not included,100.0
2012-13,N3,Midlands,Hereford & Worcester,BSU,50<71,D,not included,not included,100.0
2012-13,N3,Midlands,Kettering,BSU,50<71,D,not included,not included,100.0
2012-13,N3,Midlands,Leicestershire,BSU,50<71,D,not included,not included,100.0
2012-13,N3,Midlands,Lincolnshire,BSU,50<71,D,not included,not included,100.0
2012-13,N3,Midlands,North Derbyshire & Chesterfield,BSU,50<71,D,not included,not included,100.0
2012-13,N3,Midlands,North Midlands,BSU,50<71,D,not included,not included,100.0
2012-13,N3,Midlands,North Nottinghamshire,BSU,50<71,D,not included,not included,100.0
2012-13,N3,Midlands,Northampton,BSU,50<71,D,not included,not included,100.0
2012-13,N3,Midlands,Nottingham City,BSU,50<71,D,not included,not included,z
2012-13,N3,Midlands,Shropshire,BSU,50<71,D,not included,not included,100.0
2012-13,N3,Midlands,South Birmingham,BSU,50<71,D,not included,not included,100.0
2012-13,N3,Midlands,South Derbyshire & South East Staffordshire,BSU,50<71,D,not included,not included,100.0
2012-13,N3,Midlands,South Staffordshire,BSU,50<71,D,not included,not included,100.0
2012-13,N3,Midlands,"Warwickshire, Solihull & Coventry",BSU,50<71,D,not included,not included,100.0
2012-13,N4,East of England,Beds & Herts,BSU,50<71,D,not included,not included,100.0
2012-13,N4,East of England,Cambridge & Huntingdon,BSU,50<71,D,not included,not included,100.0
2012-13,N4,East of England,Chelmsford & Colchester,BSU,50<71,D,not included,not included,100.0
2012-13,N4,East of England,East Suffolk,BSU,50<71,D,not included,not included,z
2012-13,N4,East of England,Great Yarmouth & Waveney,BSU,50<71,D,not included,not included,100.0
2012-13,N4,East of England,King's Lynn,BSU,50<71,D,not included,not included,80.0
2012-13,N4,East of England,Milton Keynes,BSU,50<71,D,not included,not included,100.0
2012-13,N4,East of England,Norfolk & Norwich,BSU,50<71,D,not included,not included,100.0
2012-13,N4,East of England,Peterborough,BSU,50<71,D,not included,not included,100.0
2012-13,N4,East of England,South Essex,BSU,50<71,D,not included,not included,100.0
2012-13,N4,East of England,West Essex (Epping),BSU,50<71,D,not included,not included,z
2012-13,N4,East of England,West Suffolk,BSU,50<71,D,not included,not included,z
2012-13,N5,London,Central & East London,BSU,50<71,D,not included,not included,100.0
2012-13,N5,London,North London,BSU,50<71,D,not included,not included,100.0
2012-13,N5,London,Outer North East London,BSU,50<71,D,not included,not included,100.0
2012-13,N5,London,South East London,BSU,50<71,D,not included,not included,100.0
2012-13,N5,London,South West London,BSU,50<71,D,not included,not included,94.73684210526315
2012-13,N5,London,West of London,BSU,50<71,D,not included,not included,100.0
2012-13,N6,South East,Aylesbury & Wycombe,BSU,50<71,D,not included,not included,100.0
2012-13,N6,South East,Brighton,BSU,50<71,D,not included,not included,100.0
2012-13,N6,South East,Canterbury,BSU,50<71,D,not included,not included,100.0
2012-13,N6,South East,East Berkshire,BSU,50<71,D,not included,not included,100.0
2012-13,N6,South East,Guildford,BSU,50<71,D,not included,not included,100.0
2012-13,N6,South East,Isle of Wight,BSU,50<71,D,not included,not included,100.0
2012-13,N6,South East,Maidstone,BSU,50<71,D,not included,not included,100.0
2012-13,N6,South East,Medway,BSU,50<71,D,not included,not included,100.0
2012-13,N6,South East,North & Mid Hampshire,BSU,50<71,D,not included,not included,100.0
2012-13,N6,South East,Oxfordshire,BSU,50<71,D,not included,not included,96.96969696969697
2012-13,N6,South East,Portsmouth,BSU,50<71,D,not included,not included,76.92307692307693
2012-13,N6,South East,Southampton & Salisbury,BSU,50<71,D,not included,not included,100.0
2012-13,N6,South East,West Berkshire,BSU,50<71,D,not included,not included,100.0
2012-13,N6,South East,Worthing,BSU,50<71,D,not included,not included,100.0
2012-13,N7,South West,Avon,BSU,50<71,D,not included,not included,100.0
2012-13,N7,South West,Cornwall,BSU,50<71,D,not included,not included,100.0
2012-13,N7,South West,Dorset,BSU,50<71,D,not included,not included,100.0
2012-13,N7,South West,Gloucestershire,BSU,50<71,D,not included,not included,100.0
2012-13,N7,South West,North & East Devon,BSU,50<71,D,not included,not included,100.0
2012-13,N7,South West,Somerset,BSU,50<71,D,not included,not included,100.0
2012-13,N7,South West,South Devon,BSU,50<71,D,not included,not included,100.0
2012-13,N7,South West,West Devon,BSU,50<71,D,not included,not included,100.0
2012-13,N7,South West,Wiltshire,BSU,50<71,D,not included,not included,96.66666666666667
2013-14,N1,North East and Yorkshire,Barnsley,BSU,50<71,A,not included,not included,74.08219178082192
2013-14,N1,North East and Yorkshire,Doncaster,BSU,50<71,A,not included,not included,69.23349893541518
2013-14,N1,North East and Yorkshire,Gateshead,BSU,50<71,A,not included,not included,44.47513812154696
2013-14,N1,North East and Yorkshire,Humberside,BSU,50<71,A,not included,not included,68.0064308681672
2013-14,N1,North East and Yorkshire,Leeds Wakefield,BSU,50<71,A,not included,not included,62.416666666666664
2013-14,N1,North East and Yorkshire,Newcastle,BSU,50<71,A,not included,not included,69.59608709372041
2013-14,N1,North East and Yorkshire,North Cumbria,BSU,50<71,A,not included,not included,73.75959079283886
2013-14,N1,North East and Yorkshire,North Tees,BSU,50<71,A,not included,not included,68.89993145990404
2013-14,N1,North East and Yorkshire,North Yorkshire,BSU,50<71,A,not included,not included,70.9565572098715
2013-14,N1,North East and Yorkshire,Pennine,BSU,50<71,A,not included,not included,64.60953878406708
2013-14,N1,North East and Yorkshire,Rotherham,BSU,50<71,A,not included,not included,69.13499344692006
2013-14,N1,North East and Yorkshire,Sheffield,BSU,50<71,A,not included,not included,70.5428846771603
2013-14,N2,North West,Bolton,BSU,50<71,A,not included,not included,62.23684210526316
2013-14,N2,North West,Cheshire & Stockport,BSU,50<71,A,not included,not included,65.7530294287363
2013-14,N2,North West,Chester,BSU,50<71,A,not included,not included,72.34611953612846
2013-14,N2,North West,Crewe,BSU,50<71,A,not included,not included,70.3066164604626
2013-14,N2,North West,East Lancashire,BSU,50<71,A,not included,not included,65.03518873960333
2013-14,N2,North West,Liverpool,BSU,50<71,A,not included,not included,62.736136502132844
2013-14,N2,North West,Manchester,BSU,50<71,A,not included,not included,59.56770502225047
2013-14,N2,North West,North Lancashire & South Cumbria,BSU,50<71,A,not included,not included,66.58468025298664
2013-14,N2,North West,South Lancashire,BSU,50<71,A,not included,not included,69.47047797563262
2013-14,N2,North West,"Warrington, Halton, St Helens & Knowsley",BSU,50<71,A,not included,not included,70.37667071688944
2013-14,N2,North West,Wirral,BSU,50<71,A,not included,not included,69.77124183006535
2013-14,N3,Midlands,"City, Sandwell & Walsall",BSU,50<71,A,not included,not included,63.356469122619686
2013-14,N3,Midlands,"Dudley, Wolverhampton & South West Staffordshire",BSU,50<71,A,not included,not included,65.74813288694308
2013-14,N3,Midlands,Hereford & Worcester,BSU,50<71,A,not included,not included,73.60955580440462
2013-14,N3,Midlands,Kettering,BSU,50<71,A,not included,not included,73.25289089994972
2013-14,N3,Midlands,Leicestershire,BSU,50<71,A,not included,not included,79.3150067598017
2013-14,N3,Midlands,Lincolnshire,BSU,50<71,A,not included,not included,69.08320876930742
2013-14,N3,Midlands,North Derbyshire & Chesterfield,BSU,50<71,A,not included,not included,70.87323943661971
2013-14,N3,Midlands,North Midlands,BSU,50<71,A,not included,not included,70.2555509007122
2013-14,N3,Midlands,North Nottinghamshire,BSU,50<71,A,not included,not included,76.97594501718214
2013-14,N3,Midlands,Northampton,BSU,50<71,A,not included,not included,70.64220183486239
2013-14,N3,Midlands,Nottingham City,BSU,50<71,A,not included,not included,71.90873405299313
2013-14,N3,Midlands,Shropshire,BSU,50<71,A,not included,not included,72.42339832869081
2013-14,N3,Midlands,South Birmingham,BSU,50<71,A,not included,not included,60.78614880673842
2013-14,N3,Midlands,South Derbyshire & South East Staffordshire,BSU,50<71,A,not included,not included,71.91275167785236
2013-14,N3,Midlands,South Staffordshire,BSU,50<71,A,not included,not included,67.59151317323385
2013-14,N3,Midlands,"Warwickshire, Solihull & Coventry",BSU,50<71,A,not included,not included,63.776252859222296
2013-14,N4,East of England,Beds & Herts,BSU,50<71,A,not included,not included,69.90010269816077
2013-14,N4,East of England,Cambridge & Huntingdon,BSU,50<71,A,not included,not included,64.80489671002296
2013-14,N4,East of England,Chelmsford & Colchester,BSU,50<71,A,not included,not included,69.65232763700648
2013-14,N4,East of England,East Suffolk,BSU,50<71,A,not included,not included,39.52254641909814
2013-14,N4,East of England,Great Yarmouth & Waveney,BSU,50<71,A,not included,not included,34.024896265560166
2013-14,N4,East of England,King's Lynn,BSU,50<71,A,not included,not included,34.031413612565444
2013-14,N4,East of England,Milton Keynes,BSU,50<71,A,not included,not included,72.44421380384016
2013-14,N4,East of England,Norfolk & Norwich,BSU,50<71,A,not included,not included,31.92389006342495
2013-14,N4,East of England,Peterborough,BSU,50<71,A,not included,not included,65.80547112462007
2013-14,N4,East of England,South Essex,BSU,50<71,A,not included,not included,65.59478299977512
2013-14,N4,East of England,West Essex (Epping),BSU,50<71,A,not included,not included,68.98428053204353
2013-14,N4,East of England,West Suffolk,BSU,50<71,A,not included,not included,58.74200426439232
2013-14,N5,London,Central & East London,BSU,50<71,A,not included,not included,50.81270317579395
2013-14,N5,London,North London,BSU,50<71,A,not included,not included,59.267458241094786
2013-14,N5,London,Outer North East London,BSU,50<71,A,not included,not included,64.19050263815606
2013-14,N5,London,South East London,BSU,50<71,A,not included,not included,54.5033304373009
2013-14,N5,London,South West London,BSU,50<71,A,not included,not included,55.86061246040127
2013-14,N5,London,West of London,BSU,50<71,A,not included,not included,52.46649558026804
2013-14,N6,South East,Aylesbury & Wycombe,BSU,50<71,A,not included,not included,69.950389794472
2013-14,N6,South East,Brighton,BSU,50<71,A,not included,not included,63.14246291824767
2013-14,N6,South East,Canterbury,BSU,50<71,A,not included,not included,57.0670205706702
2013-14,N6,South East,East Berkshire,BSU,50<71,A,not included,not included,68.01459410155061
2013-14,N6,South East,Guildford,BSU,50<71,A,not included,not included,59.43067389620449
2013-14,N6,South East,Isle of Wight,BSU,50<71,A,not included,not included,50.56179775280899
2013-14,N6,South East,Maidstone,BSU,50<71,A,not included,not included,59.310344827586206
2013-14,N6,South East,Medway,BSU,50<71,A,not included,not included,56.93323550990462
2013-14,N6,South East,North & Mid Hampshire,BSU,50<71,A,not included,not included,71.42465753424658
2013-14,N6,South East,Oxfordshire,BSU,50<71,A,not included,not included,73.56040186228866
2013-14,N6,South East,Portsmouth,BSU,50<71,A,not included,not included,63.99033297529538
2013-14,N6,South East,Southampton & Salisbury,BSU,50<71,A,not included,not included,65.01472031403337
2013-14,N6,South East,West Berkshire,BSU,50<71,A,not included,not included,71.40758154569498
2013-14,N6,South East,Worthing,BSU,50<71,A,not included,not included,68.8755795981453
2013-14,N7,South West,Avon,BSU,50<71,A,not included,not included,70.33307513555384
2013-14,N7,South West,Cornwall,BSU,50<71,A,not included,not included,70.40479760119939
2013-14,N7,South West,Dorset,BSU,50<71,A,not included,not included,70.0805976017299
2013-14,N7,South West,Gloucestershire,BSU,50<71,A,not included,not included,71.17757009345794
2013-14,N7,South West,North & East Devon,BSU,50<71,A,not included,not included,68.97249190938511
2013-14,N7,South West,Somerset,BSU,50<71,A,not included,not included,70.52810902896081
2013-14,N7,South West,South Devon,BSU,50<71,A,not included,not included,68.44162188568636
2013-14,N7,South West,West Devon,BSU,50<71,A,not included,not included,74.53154875717017
2013-14,N7,South West,Wiltshire,BSU,50<71,A,not included,not included,74.0276035131744
2013-14,N1,North East and Yorkshire,Barnsley,BSU,50<71,A and C1,not included,not included,87.70165305715992
2013-14,N1,North East and Yorkshire,Doncaster,BSU,50<71,A and C1,not included,not included,82.86587059150236
2013-14,N1,North East and Yorkshire,Gateshead,BSU,50<71,A and C1,not included,not included,88.32877223535266
2013-14,N1,North East and Yorkshire,Humberside,BSU,50<71,A and C1,not included,not included,81.53495440729483
2013-14,N1,North East and Yorkshire,Leeds Wakefield,BSU,50<71,A and C1,not included,not included,81.9146977600491
2013-14,N1,North East and Yorkshire,Newcastle,BSU,50<71,A and C1,not included,not included,84.42130556668002
2013-14,N1,North East and Yorkshire,North Cumbria,BSU,50<71,A and C1,not included,not included,86.56530408773679
2013-14,N1,North East and Yorkshire,North Tees,BSU,50<71,A and C1,not included,not included,84.40850966225128
2013-14,N1,North East and Yorkshire,North Yorkshire,BSU,50<71,A and C1,not included,not included,86.10936517913262
2013-14,N1,North East and Yorkshire,Pennine,BSU,50<71,A and C1,not included,not included,79.88752288778447
2013-14,N1,North East and Yorkshire,Rotherham,BSU,50<71,A and C1,not included,not included,86.55646856487674
2013-14,N1,North East and Yorkshire,Sheffield,BSU,50<71,A and C1,not included,not included,85.11694682060178
2013-14,N2,North West,Bolton,BSU,50<71,A and C1,not included,not included,81.10041265474554
2013-14,N2,North West,Cheshire & Stockport,BSU,50<71,A and C1,not included,not included,82.34839905281581
2013-14,N2,North West,Chester,BSU,50<71,A and C1,not included,not included,87.34142305570877
2013-14,N2,North West,Crewe,BSU,50<71,A and C1,not included,not included,85.37692243045633
2013-14,N2,North West,East Lancashire,BSU,50<71,A and C1,not included,not included,82.03852969759332
2013-14,N2,North West,Liverpool,BSU,50<71,A and C1,not included,not included,78.83462445267767
2013-14,N2,North West,Manchester,BSU,50<71,A and C1,not included,not included,77.11910496464921
2013-14,N2,North West,North Lancashire & South Cumbria,BSU,50<71,A and C1,not included,not included,82.80856035914151
2013-14,N2,North West,South Lancashire,BSU,50<71,A and C1,not included,not included,84.220602012138
2013-14,N2,North West,"Warrington, Halton, St Helens & Knowsley",BSU,50<71,A and C1,not included,not included,85.3345319121613
2013-14,N2,North West,Wirral,BSU,50<71,A and C1,not included,not included,84.60440303553986
2013-14,N3,Midlands,"City, Sandwell & Walsall",BSU,50<71,A and C1,not included,not included,83.29166666666666
2013-14,N3,Midlands,"Dudley, Wolverhampton & South West Staffordshire",BSU,50<71,A and C1,not included,not included,82.62418891607275
2013-14,N3,Midlands,Hereford & Worcester,BSU,50<71,A and C1,not included,not included,86.5016246325236
2013-14,N3,Midlands,Kettering,BSU,50<71,A and C1,not included,not included,86.92102251049218
2013-14,N3,Midlands,Leicestershire,BSU,50<71,A and C1,not included,not included,90.12891640534963
2013-14,N3,Midlands,Lincolnshire,BSU,50<71,A and C1,not included,not included,84.43860004046125
2013-14,N3,Midlands,North Derbyshire & Chesterfield,BSU,50<71,A and C1,not included,not included,88.50282097151508
2013-14,N3,Midlands,North Midlands,BSU,50<71,A and C1,not included,not included,86.4724179521361
2013-14,N3,Midlands,North Nottinghamshire,BSU,50<71,A and C1,not included,not included,89.63758103943033
2013-14,N3,Midlands,Northampton,BSU,50<71,A and C1,not included,not included,87.63294946086701
2013-14,N3,Midlands,Nottingham City,BSU,50<71,A and C1,not included,not included,86.90631975983372
2013-14,N3,Midlands,Shropshire,BSU,50<71,A and C1,not included,not included,86.64399904557385
2013-14,N3,Midlands,South Birmingham,BSU,50<71,A and C1,not included,not included,81.05231373141089
2013-14,N3,Midlands,South Derbyshire & South East Staffordshire,BSU,50<71,A and C1,not included,not included,86.59215349110819
2013-14,N3,Midlands,South Staffordshire,BSU,50<71,A and C1,not included,not included,84.26801175629518
2013-14,N3,Midlands,"Warwickshire, Solihull & Coventry",BSU,50<71,A and C1,not included,not included,84.47940355895248
2013-14,N4,East of England,Beds & Herts,BSU,50<71,A and C1,not included,not included,84.75109583310598
2013-14,N4,East of England,Cambridge & Huntingdon,BSU,50<71,A and C1,not included,not included,81.84785615491009
2013-14,N4,East of England,Chelmsford & Colchester,BSU,50<71,A and C1,not included,not included,84.21468034727704
2013-14,N4,East of England,East Suffolk,BSU,50<71,A and C1,not included,not included,88.6780558532434
2013-14,N4,East of England,Great Yarmouth & Waveney,BSU,50<71,A and C1,not included,not included,86.02562214695921
2013-14,N4,East of England,King's Lynn,BSU,50<71,A and C1,not included,not included,83.81262970649274
2013-14,N4,East of England,Milton Keynes,BSU,50<71,A and C1,not included,not included,84.9689702324603
2013-14,N4,East of England,Norfolk & Norwich,BSU,50<71,A and C1,not included,not included,88.63542526837324
2013-14,N4,East of England,Peterborough,BSU,50<71,A and C1,not included,not included,82.96062992125984
2013-14,N4,East of England,South Essex,BSU,50<71,A and C1,not included,not included,82.33189690218717
2013-14,N4,East of England,West Essex (Epping),BSU,50<71,A and C1,not included,not included,85.44429362013156
2013-14,N4,East of England,West Suffolk,BSU,50<71,A and C1,not included,not included,85.83058909623125
2013-14,N5,London,Central & East London,BSU,50<71,A and C1,not included,not included,68.54700854700855
2013-14,N5,London,North London,BSU,50<71,A and C1,not included,not included,79.59816161580588
2013-14,N5,London,Outer North East London,BSU,50<71,A and C1,not included,not included,78.41007368457467
2013-14,N5,London,South East London,BSU,50<71,A and C1,not included,not included,74.78876409091839
2013-14,N5,London,South West London,BSU,50<71,A and C1,not included,not included,75.4720949799009
2013-14,N5,London,West of London,BSU,50<71,A and C1,not included,not included,72.47121807931019
2013-14,N6,South East,Aylesbury & Wycombe,BSU,50<71,A and C1,not included,not included,85.5521741373085
2013-14,N6,South East,Brighton,BSU,50<71,A and C1,not included,not included,81.59963615099734
2013-14,N6,South East,Canterbury,BSU,50<71,A and C1,not included,not included,86.30753648197471
2013-14,N6,South East,East Berkshire,BSU,50<71,A and C1,not included,not included,83.66276501766784
2013-14,N6,South East,Guildford,BSU,50<71,A and C1,not included,not included,83.78306230952329
2013-14,N6,South East,Isle of Wight,BSU,50<71,A and C1,not included,not included,85.57309102502789
2013-14,N6,South East,Maidstone,BSU,50<71,A and C1,not included,not included,85.91107236268527
2013-14,N6,South East,Medway,BSU,50<71,A and C1,not included,not included,85.61388613744634
2013-14,N6,South East,North & Mid Hampshire,BSU,50<71,A and C1,not included,not included,85.00409276944066
2013-14,N6,South East,Oxfordshire,BSU,50<71,A and C1,not included,not included,85.50249956903983
2013-14,N6,South East,Portsmouth,BSU,50<71,A and C1,not included,not included,80.37140575079871
2013-14,N6,South East,Southampton & Salisbury,BSU,50<71,A and C1,not included,not included,82.10045208405784
2013-14,N6,South East,West Berkshire,BSU,50<71,A and C1,not included,not included,85.22561438328177
2013-14,N6,South East,Worthing,BSU,50<71,A and C1,not included,not included,85.41312227235743
2013-14,N7,South West,Avon,BSU,50<71,A and C1,not included,not included,85.22387383304631
2013-14,N7,South West,Cornwall,BSU,50<71,A and C1,not included,not included,86.68388429752066
2013-14,N7,South West,Dorset,BSU,50<71,A and C1,not included,not included,84.59548599883593
2013-14,N7,South West,Gloucestershire,BSU,50<71,A and C1,not included,not included,86.55870787704536
2013-14,N7,South West,North & East Devon,BSU,50<71,A and C1,not included,not included,86.21028956986224
2013-14,N7,South West,Somerset,BSU,50<71,A and C1,not included,not included,86.50195666140996
2013-14,N7,South West,South Devon,BSU,50<71,A and C1,not included,not included,84.80262631115382
2013-14,N7,South West,West Devon,BSU,50<71,A and C1,not included,not included,87.78465620163608
2013-14,N7,South West,Wiltshire,BSU,50<71,A and C1,not included,not included,88.16232500443026
2013-14,N1,North East and Yorkshire,Barnsley,BSU,50<71,A to C2,not included,not included,79.2664418212479
2013-14,N1,North East and Yorkshire,Doncaster,BSU,50<71,A to C2,not included,not included,72.3933913820049
2013-14,N1,North East and Yorkshire,Gateshead,BSU,50<71,A to C2,not included,not included,76.56188216686436
2013-14,N1,North East and Yorkshire,Humberside,BSU,50<71,A to C2,not included,not included,70.19680245119221
2013-14,N1,North East and Yorkshire,Leeds Wakefield,BSU,50<71,A to C2,not included,not included,68.56988005749699
2013-14,N1,North East and Yorkshire,Newcastle,BSU,50<71,A to C2,not included,not included,73.7548692264886
2013-14,N1,North East and Yorkshire,North Cumbria,BSU,50<71,A to C2,not included,not included,78.19475446428571
2013-14,N1,North East and Yorkshire,North Tees,BSU,50<71,A to C2,not included,not included,73.40122947059363
2013-14,N1,North East and Yorkshire,North Yorkshire,BSU,50<71,A to C2,not included,not included,77.95154860472248
2013-14,N1,North East and Yorkshire,Pennine,BSU,50<71,A to C2,not included,not included,65.50300373754966
2013-14,N1,North East and Yorkshire,Rotherham,BSU,50<71,A to C2,not included,not included,77.45098039215686
2013-14,N1,North East and Yorkshire,Sheffield,BSU,50<71,A to C2,not included,not included,74.74045101163746
2013-14,N2,North West,Bolton,BSU,50<71,A to C2,not included,not included,68.21527777777779
2013-14,N2,North West,Cheshire & Stockport,BSU,50<71,A to C2,not included,not included,70.87582969078841
2013-14,N2,North West,Chester,BSU,50<71,A to C2,not included,not included,77.37034498514964
2013-14,N2,North West,Crewe,BSU,50<71,A to C2,not included,not included,74.58424209378408
2013-14,N2,North West,East Lancashire,BSU,50<71,A to C2,not included,not included,69.63037399510661
2013-14,N2,North West,Liverpool,BSU,50<71,A to C2,not included,not included,65.181594336719
2013-14,N2,North West,Manchester,BSU,50<71,A to C2,not included,not included,62.39219330855018
2013-14,N2,North West,North Lancashire & South Cumbria,BSU,50<71,A to C2,not included,not included,71.1186343696357
2013-14,N2,North West,South Lancashire,BSU,50<71,A to C2,not included,not included,72.80540208717005
2013-14,N2,North West,"Warrington, Halton, St Helens & Knowsley",BSU,50<71,A to C2,not included,not included,73.98795931077434
2013-14,N2,North West,Wirral,BSU,50<71,A to C2,not included,not included,72.87161561703893
2013-14,N3,Midlands,"City, Sandwell & Walsall",BSU,50<71,A to C2,not included,not included,71.06780631441191
2013-14,N3,Midlands,"Dudley, Wolverhampton & South West Staffordshire",BSU,50<71,A to C2,not included,not included,68.67392439641667
2013-14,N3,Midlands,Hereford & Worcester,BSU,50<71,A to C2,not included,not included,77.09107687575299
2013-14,N3,Midlands,Kettering,BSU,50<71,A to C2,not included,not included,79.42250032590275
2013-14,N3,Midlands,Leicestershire,BSU,50<71,A to C2,not included,not included,82.08563472862555
2013-14,N3,Midlands,Lincolnshire,BSU,50<71,A to C2,not included,not included,75.53059096565875
2013-14,N3,Midlands,North Derbyshire & Chesterfield,BSU,50<71,A to C2,not included,not included,78.35514640638864
2013-14,N3,Midlands,North Midlands,BSU,50<71,A to C2,not included,not included,74.05573065185852
2013-14,N3,Midlands,North Nottinghamshire,BSU,50<71,A to C2,not included,not included,80.18316615787178
2013-14,N3,Midlands,Northampton,BSU,50<71,A to C2,not included,not included,77.96897721764421
2013-14,N3,Midlands,Nottingham City,BSU,50<71,A to C2,not included,not included,77.09457141966263
2013-14,N3,Midlands,Shropshire,BSU,50<71,A to C2,not included,not included,78.23656134591711
2013-14,N3,Midlands,South Birmingham,BSU,50<71,A to C2,not included,not included,68.51407000686342
2013-14,N3,Midlands,South Derbyshire & South East Staffordshire,BSU,50<71,A to C2,not included,not included,77.44157163825223
2013-14,N3,Midlands,South Staffordshire,BSU,50<71,A to C2,not included,not included,73.93645836652752
2013-14,N3,Midlands,"Warwickshire, Solihull & Coventry",BSU,50<71,A to C2,not included,not included,72.22777404291658
2013-14,N4,East of England,Beds & Herts,BSU,50<71,A to C2,not included,not included,74.24681429796293
2013-14,N4,East of England,Cambridge & Huntingdon,BSU,50<71,A to C2,not included,not included,73.20915619389588
2013-14,N4,East of England,Chelmsford & Colchester,BSU,50<71,A to C2,not included,not included,75.18201394585726
2013-14,N4,East of England,East Suffolk,BSU,50<71,A to C2,not included,not included,78.49186843068556
2013-14,N4,East of England,Great Yarmouth & Waveney,BSU,50<71,A to C2,not included,not included,73.90424814565071
2013-14,N4,East of England,King's Lynn,BSU,50<71,A to C2,not included,not included,72.43408662900188
2013-14,N4,East of England,Milton Keynes,BSU,50<71,A to C2,not included,not included,74.90491082748711
2013-14,N4,East of England,Norfolk & Norwich,BSU,50<71,A to C2,not included,not included,77.6948051948052
2013-14,N4,East of England,Peterborough,BSU,50<71,A to C2,not included,not included,73.43907351460221
2013-14,N4,East of England,South Essex,BSU,50<71,A to C2,not included,not included,71.03297269448737
2013-14,N4,East of England,West Essex (Epping),BSU,50<71,A to C2,not included,not included,75.81666666666666
2013-14,N4,East of England,West Suffolk,BSU,50<71,A to C2,not included,not included,75.35938741602254
2013-14,N5,London,Central & East London,BSU,50<71,A to C2,not included,not included,57.27703039362232
2013-14,N5,London,North London,BSU,50<71,A to C2,not included,not included,66.39686337054758
2013-14,N5,London,Outer North East London,BSU,50<71,A to C2,not included,not included,67.02825290999508
2013-14,N5,London,South East London,BSU,50<71,A to C2,not included,not included,61.15779504832914
2013-14,N5,London,South West London,BSU,50<71,A to C2,not included,not included,66.66793370837767
2013-14,N5,London,West of London,BSU,50<71,A to C2,not included,not included,58.40241272408681
2013-14,N6,South East,Aylesbury & Wycombe,BSU,50<71,A to C2,not included,not included,77.2207563764292
2013-14,N6,South East,Brighton,BSU,50<71,A to C2,not included,not included,70.51101253814005
2013-14,N6,South East,Canterbury,BSU,50<71,A to C2,not included,not included,75.6712213831955
2013-14,N6,South East,East Berkshire,BSU,50<71,A to C2,not included,not included,74.26956128448666
2013-14,N6,South East,Guildford,BSU,50<71,A to C2,not included,not included,71.01775108217845
2013-14,N6,South East,Isle of Wight,BSU,50<71,A to C2,not included,not included,75.19521082769391
2013-14,N6,South East,Maidstone,BSU,50<71,A to C2,not included,not included,75.84202270000922
2013-14,N6,South East,Medway,BSU,50<71,A to C2,not included,not included,75.03209727361981
2013-14,N6,South East,North & Mid Hampshire,BSU,50<71,A to C2,not included,not included,76.94098315760647
2013-14,N6,South East,Oxfordshire,BSU,50<71,A to C2,not included,not included,75.6225653867557
2013-14,N6,South East,Portsmouth,BSU,50<71,A to C2,not included,not included,68.09388006782797
2013-14,N6,South East,Southampton & Salisbury,BSU,50<71,A to C2,not included,not included,71.12102708626898
2013-14,N6,South East,West Berkshire,BSU,50<71,A to C2,not included,not included,76.1767578125
2013-14,N6,South East,Worthing,BSU,50<71,A to C2,not included,not included,75.2575488454707
2013-14,N7,South West,Avon,BSU,50<71,A to C2,not included,not included,74.64038457969077
2013-14,N7,South West,Cornwall,BSU,50<71,A to C2,not included,not included,75.58928128359938
2013-14,N7,South West,Dorset,BSU,50<71,A to C2,not included,not included,74.2345376607471
2013-14,N7,South West,Gloucestershire,BSU,50<71,A to C2,not included,not included,76.73969524612035
2013-14,N7,South West,North & East Devon,BSU,50<71,A to C2,not included,not included,76.10163204747774
2013-14,N7,South West,Somerset,BSU,50<71,A to C2,not included,not included,76.57337690012785
2013-14,N7,South West,South Devon,BSU,50<71,A to C2,not included,not included,73.3320515285522
2013-14,N7,South West,West Devon,BSU,50<71,A to C2,not included,not included,77.69982800760388
2013-14,N7,South West,Wiltshire,BSU,50<71,A to C2,not included,not included,78.83460943959165
2013-14,N1,North East and Yorkshire,Barnsley,BSU,50<71,A to D,not included,not included,79.26818986594722
2013-14,N1,North East and Yorkshire,Doncaster,BSU,50<71,A to D,not included,not included,72.39801328199118
2013-14,N1,North East and Yorkshire,Gateshead,BSU,50<71,A to D,not included,not included,76.56419887318376
2013-14,N1,North East and Yorkshire,Humberside,BSU,50<71,A to D,not included,not included,70.20324005891017
2013-14,N1,North East and Yorkshire,Leeds Wakefield,BSU,50<71,A to D,not included,not included,68.58320574726181
2013-14,N1,North East and Yorkshire,Newcastle,BSU,50<71,A to D,not included,not included,73.75973664688428
2013-14,N1,North East and Yorkshire,North Cumbria,BSU,50<71,A to D,not included,not included,78.20387672570074
2013-14,N1,North East and Yorkshire,North Tees,BSU,50<71,A to D,not included,not included,73.4085488901119
2013-14,N1,North East and Yorkshire,North Yorkshire,BSU,50<71,A to D,not included,not included,77.96675093848158
2013-14,N1,North East and Yorkshire,Pennine,BSU,50<71,A to D,not included,not included,65.5131941863422
2013-14,N1,North East and Yorkshire,Rotherham,BSU,50<71,A to D,not included,not included,77.4564601053058
2013-14,N1,North East and Yorkshire,Sheffield,BSU,50<71,A to D,not included,not included,74.74045101163746
2013-14,N2,North West,Bolton,BSU,50<71,A to D,not included,not included,68.21858834149221
2013-14,N2,North West,Cheshire & Stockport,BSU,50<71,A to D,not included,not included,70.8946772366931
2013-14,N2,North West,Chester,BSU,50<71,A to D,not included,not included,77.37034498514964
2013-14,N2,North West,Crewe,BSU,50<71,A to D,not included,not included,74.58943781942078
2013-14,N2,North West,East Lancashire,BSU,50<71,A to D,not included,not included,69.63170081698632
2013-14,N2,North West,Liverpool,BSU,50<71,A to D,not included,not included,65.1887373063904
2013-14,N2,North West,Manchester,BSU,50<71,A to D,not included,not included,62.40057979632796
2013-14,N2,North West,North Lancashire & South Cumbria,BSU,50<71,A to D,not included,not included,71.12207680755202
2013-14,N2,North West,South Lancashire,BSU,50<71,A to D,not included,not included,72.81769740029065
2013-14,N2,North West,"Warrington, Halton, St Helens & Knowsley",BSU,50<71,A to D,not included,not included,74.00055332687785
2013-14,N2,North West,Wirral,BSU,50<71,A to D,not included,not included,72.88928359976317
2013-14,N3,Midlands,"City, Sandwell & Walsall",BSU,50<71,A to D,not included,not included,71.07135555101206
2013-14,N3,Midlands,"Dudley, Wolverhampton & South West Staffordshire",BSU,50<71,A to D,not included,not included,68.67895730409286
2013-14,N3,Midlands,Hereford & Worcester,BSU,50<71,A to D,not included,not included,77.09342560553634
2013-14,N3,Midlands,Kettering,BSU,50<71,A to D,not included,not included,79.42518248175182
2013-14,N3,Midlands,Leicestershire,BSU,50<71,A to D,not included,not included,82.08808763121863
2013-14,N3,Midlands,Lincolnshire,BSU,50<71,A to D,not included,not included,75.53141396475178
2013-14,N3,Midlands,North Derbyshire & Chesterfield,BSU,50<71,A to D,not included,not included,78.3587468810646
2013-14,N3,Midlands,North Midlands,BSU,50<71,A to D,not included,not included,74.06221866559967
2013-14,N3,Midlands,North Nottinghamshire,BSU,50<71,A to D,not included,not included,80.18489447060875
2013-14,N3,Midlands,Northampton,BSU,50<71,A to D,not included,not included,77.98365122615803
2013-14,N3,Midlands,Nottingham City,BSU,50<71,A to D,not included,not included,77.09457141966263
2013-14,N3,Midlands,Shropshire,BSU,50<71,A to D,not included,not included,78.23879372243307
2013-14,N3,Midlands,South Birmingham,BSU,50<71,A to D,not included,not included,68.52127172918573
2013-14,N3,Midlands,South Derbyshire & South East Staffordshire,BSU,50<71,A to D,not included,not included,77.44411831113118
2013-14,N3,Midlands,South Staffordshire,BSU,50<71,A to D,not included,not included,73.94061046326388
2013-14,N3,Midlands,"Warwickshire, Solihull & Coventry",BSU,50<71,A to D,not included,not included,72.23332364481907
2013-14,N4,East of England,Beds & Herts,BSU,50<71,A to D,not included,not included,74.26583549988183
2013-14,N4,East of England,Cambridge & Huntingdon,BSU,50<71,A to D,not included,not included,73.21156090117583
2013-14,N4,East of England,Chelmsford & Colchester,BSU,50<71,A to D,not included,not included,75.18583072743118
2013-14,N4,East of England,East Suffolk,BSU,50<71,A to D,not included,not included,78.49299309767831
2013-14,N4,East of England,Great Yarmouth & Waveney,BSU,50<71,A to D,not included,not included,73.9159739384408
2013-14,N4,East of England,King's Lynn,BSU,50<71,A to D,not included,not included,72.4535403434486
2013-14,N4,East of England,Milton Keynes,BSU,50<71,A to D,not included,not included,74.9112726043603
2013-14,N4,East of England,Norfolk & Norwich,BSU,50<71,A to D,not included,not included,77.69752059408351
2013-14,N4,East of England,Peterborough,BSU,50<71,A to D,not included,not included,73.44575887238862
2013-14,N4,East of England,South Essex,BSU,50<71,A to D,not included,not included,71.03856802523984
2013-14,N4,East of England,West Essex (Epping),BSU,50<71,A to D,not included,not included,75.81666666666666
2013-14,N4,East of England,West Suffolk,BSU,50<71,A to D,not included,not included,75.36116729268998
2013-14,N5,London,Central & East London,BSU,50<71,A to D,not included,not included,57.29298966504794
2013-14,N5,London,North London,BSU,50<71,A to D,not included,not included,66.39864972622401
2013-14,N5,London,Outer North East London,BSU,50<71,A to D,not included,not included,67.03185618272227
2013-14,N5,London,South East London,BSU,50<71,A to D,not included,not included,61.164216791414916
2013-14,N5,London,South West London,BSU,50<71,A to D,not included,not included,66.67553343086774
2013-14,N5,London,West of London,BSU,50<71,A to D,not included,not included,58.408018867924525
2013-14,N6,South East,Aylesbury & Wycombe,BSU,50<71,A to D,not included,not included,77.22275965174566
2013-14,N6,South East,Brighton,BSU,50<71,A to D,not included,not included,70.55103190454243
2013-14,N6,South East,Canterbury,BSU,50<71,A to D,not included,not included,75.67632343689145
2013-14,N6,South East,East Berkshire,BSU,50<71,A to D,not included,not included,74.27421542913991
2013-14,N6,South East,Guildford,BSU,50<71,A to D,not included,not included,71.03087423904476
2013-14,N6,South East,Isle of Wight,BSU,50<71,A to D,not included,not included,75.21123098921097
2013-14,N6,South East,Maidstone,BSU,50<71,A to D,not included,not included,75.8765261460493
2013-14,N6,South East,Medway,BSU,50<71,A to D,not included,not included,75.039637599094
2013-14,N6,South East,North & Mid Hampshire,BSU,50<71,A to D,not included,not included,76.95991243672185
2013-14,N6,South East,Oxfordshire,BSU,50<71,A to D,not included,not included,75.63188818968814
2013-14,N6,South East,Portsmouth,BSU,50<71,A to D,not included,not included,68.10740013097578
2013-14,N6,South East,Southampton & Salisbury,BSU,50<71,A to D,not included,not included,71.13571456515785
2013-14,N6,South East,West Berkshire,BSU,50<71,A to D,not included,not included,76.19651656339951
2013-14,N6,South East,Worthing,BSU,50<71,A to D,not included,not included,75.30360783618474
2013-14,N7,South West,Avon,BSU,50<71,A to D,not included,not included,74.6427378345273
2013-14,N7,South West,Cornwall,BSU,50<71,A to D,not included,not included,75.59533653051099
2013-14,N7,South West,Dorset,BSU,50<71,A to D,not included,not included,74.24505203019793
2013-14,N7,South West,Gloucestershire,BSU,50<71,A to D,not included,not included,76.74704292583623
2013-14,N7,South West,North & East Devon,BSU,50<71,A to D,not included,not included,76.10783550265138
2013-14,N7,South West,Somerset,BSU,50<71,A to D,not included,not included,76.58224852071007
2013-14,N7,South West,South Devon,BSU,50<71,A to D,not included,not included,73.34401024983984
2013-14,N7,South West,West Devon,BSU,50<71,A to D,not included,not included,77.70285559125674
2013-14,N7,South West,Wiltshire,BSU,50<71,A to D,not included,not included,78.84525563180398
2013-14,N1,North East and Yorkshire,Barnsley,BSU,50<71,B,not included,not included,16.957026713124275
2013-14,N1,North East and Yorkshire,Doncaster,BSU,50<71,B,not included,not included,16.10348468848997
2013-14,N1,North East and Yorkshire,Gateshead,BSU,50<71,B,not included,not included,23.318301390454714
2013-14,N1,North East and Yorkshire,Humberside,BSU,50<71,B,not included,not included,14.509940704569235
2013-14,N1,North East and Yorkshire,Leeds Wakefield,BSU,50<71,B,not included,not included,15.907059874888294
2013-14,N1,North East and Yorkshire,Newcastle,BSU,50<71,B,not included,not included,15.736961451247167
2013-14,N1,North East and Yorkshire,North Cumbria,BSU,50<71,B,not included,not included,21.54648132059079
2013-14,N1,North East and Yorkshire,North Tees,BSU,50<71,B,not included,not included,15.73394495412844
2013-14,N1,North East and Yorkshire,North Yorkshire,BSU,50<71,B,not included,not included,20.126182965299684
2013-14,N1,North East and Yorkshire,Pennine,BSU,50<71,B,not included,not included,14.649507119386637
2013-14,N1,North East and Yorkshire,Rotherham,BSU,50<71,B,not included,not included,13.725490196078432
2013-14,N1,North East and Yorkshire,Sheffield,BSU,50<71,B,not included,not included,18.244803695150118
2013-14,N2,North West,Bolton,BSU,50<71,B,not included,not included,18.237704918032787
2013-14,N2,North West,Cheshire & Stockport,BSU,50<71,B,not included,not included,17.292700212615166
2013-14,N2,North West,Chester,BSU,50<71,B,not included,not included,18.575063613231553
2013-14,N2,North West,Crewe,BSU,50<71,B,not included,not included,14.37125748502994
2013-14,N2,North West,East Lancashire,BSU,50<71,B,not included,not included,18.513172140021652
2013-14,N2,North West,Liverpool,BSU,50<71,B,not included,not included,14.068306494425764
2013-14,N2,North West,Manchester,BSU,50<71,B,not included,not included,17.032178725148597
2013-14,N2,North West,North Lancashire & South Cumbria,BSU,50<71,B,not included,not included,17.365894385305783
2013-14,N2,North West,South Lancashire,BSU,50<71,B,not included,not included,16.469038208168644
2013-14,N2,North West,"Warrington, Halton, St Helens & Knowsley",BSU,50<71,B,not included,not included,16.311369509043928
2013-14,N2,North West,Wirral,BSU,50<71,B,not included,not included,17.72930648769575
2013-14,N3,Midlands,"City, Sandwell & Walsall",BSU,50<71,B,not included,not included,17.432646592709986
2013-14,N3,Midlands,"Dudley, Wolverhampton & South West Staffordshire",BSU,50<71,B,not included,not included,13.586187376167564
2013-14,N3,Midlands,Hereford & Worcester,BSU,50<71,B,not included,not included,18.253012048192772
2013-14,N3,Midlands,Kettering,BSU,50<71,B,not included,not included,23.23733862959285
2013-14,N3,Midlands,Leicestershire,BSU,50<71,B,not included,not included,21.389396709323584
2013-14,N3,Midlands,Lincolnshire,BSU,50<71,B,not included,not included,19.019607843137255
2013-14,N3,Midlands,North Derbyshire & Chesterfield,BSU,50<71,B,not included,not included,24.87277353689567
2013-14,N3,Midlands,North Midlands,BSU,50<71,B,not included,not included,15.759774284562678
2013-14,N3,Midlands,North Nottinghamshire,BSU,50<71,B,not included,not included,24.418604651162788
2013-14,N3,Midlands,Northampton,BSU,50<71,B,not included,not included,22.789317507418396
2013-14,N3,Midlands,Nottingham City,BSU,50<71,B,not included,not included,22.018348623853214
2013-14,N3,Midlands,Shropshire,BSU,50<71,B,not included,not included,16.7989417989418
2013-14,N3,Midlands,South Birmingham,BSU,50<71,B,not included,not included,16.56414762741652
2013-14,N3,Midlands,South Derbyshire & South East Staffordshire,BSU,50<71,B,not included,not included,19.101123595505616
2013-14,N3,Midlands,South Staffordshire,BSU,50<71,B,not included,not included,17.61936785474109
2013-14,N3,Midlands,"Warwickshire, Solihull & Coventry",BSU,50<71,B,not included,not included,19.08009286128845
2013-14,N4,East of England,Beds & Herts,BSU,50<71,B,not included,not included,18.075539568345324
2013-14,N4,East of England,Cambridge & Huntingdon,BSU,50<71,B,not included,not included,19.36936936936937
2013-14,N4,East of England,Chelmsford & Colchester,BSU,50<71,B,not included,not included,15.22858007871632
2013-14,N4,East of England,East Suffolk,BSU,50<71,B,not included,not included,17.35106998264893
2013-14,N4,East of England,Great Yarmouth & Waveney,BSU,50<71,B,not included,not included,19.632414369256473
2013-14,N4,East of England,King's Lynn,BSU,50<71,B,not included,not included,16.61272923408846
2013-14,N4,East of England,Milton Keynes,BSU,50<71,B,not included,not included,20.522674865488085
2013-14,N4,East of England,Norfolk & Norwich,BSU,50<71,B,not included,not included,19.961759082217974
2013-14,N4,East of England,Peterborough,BSU,50<71,B,not included,not included,20.165289256198346
2013-14,N4,East of England,South Essex,BSU,50<71,B,not included,not included,18.176855895196507
2013-14,N4,East of England,West Essex (Epping),BSU,50<71,B,not included,not included,17.583497053045186
2013-14,N4,East of England,West Suffolk,BSU,50<71,B,not included,not included,14.86810551558753
2013-14,N5,London,Central & East London,BSU,50<71,B,not included,not included,18.712856935787794
2013-14,N5,London,North London,BSU,50<71,B,not included,not included,18.919834081097097
2013-14,N5,London,Outer North East London,BSU,50<71,B,not included,not included,17.058823529411764
2013-14,N5,London,South East London,BSU,50<71,B,not included,not included,18.566362715298883
2013-14,N5,London,South West London,BSU,50<71,B,not included,not included,17.54601226993865
2013-14,N5,London,West of London,BSU,50<71,B,not included,not included,15.269406392694062
2013-14,N6,South East,Aylesbury & Wycombe,BSU,50<71,B,not included,not included,20.1699716713881
2013-14,N6,South East,Brighton,BSU,50<71,B,not included,not included,20.045766590389018
2013-14,N6,South East,Canterbury,BSU,50<71,B,not included,not included,23.78640776699029
2013-14,N6,South East,East Berkshire,BSU,50<71,B,not included,not included,20.9478672985782
2013-14,N6,South East,Guildford,BSU,50<71,B,not included,not included,21.77822177822178
2013-14,N6,South East,Isle of Wight,BSU,50<71,B,not included,not included,18.00262812089356
2013-14,N6,South East,Maidstone,BSU,50<71,B,not included,not included,27.33578131374949
2013-14,N6,South East,Medway,BSU,50<71,B,not included,not included,24.788350829664747
2013-14,N6,South East,North & Mid Hampshire,BSU,50<71,B,not included,not included,19.41747572815534
2013-14,N6,South East,Oxfordshire,BSU,50<71,B,not included,not included,21.058091286307054
2013-14,N6,South East,Portsmouth,BSU,50<71,B,not included,not included,16.714240405962574
2013-14,N6,South East,Southampton & Salisbury,BSU,50<71,B,not included,not included,21.098670398880337
2013-14,N6,South East,West Berkshire,BSU,50<71,B,not included,not included,20.973782771535582
2013-14,N6,South East,Worthing,BSU,50<71,B,not included,not included,18.74617737003058
2013-14,N7,South West,Avon,BSU,50<71,B,not included,not included,17.678300455235206
2013-14,N7,South West,Cornwall,BSU,50<71,B,not included,not included,17.713097713097714
2013-14,N7,South West,Dorset,BSU,50<71,B,not included,not included,17.852238396045042
2013-14,N7,South West,Gloucestershire,BSU,50<71,B,not included,not included,19.781553398058254
2013-14,N7,South West,North & East Devon,BSU,50<71,B,not included,not included,20.080645161290324
2013-14,N7,South West,Somerset,BSU,50<71,B,not included,not included,19.154929577464788
2013-14,N7,South West,South Devon,BSU,50<71,B,not included,not included,14.095238095238095
2013-14,N7,South West,West Devon,BSU,50<71,B,not included,not included,20.328031809145127
2013-14,N7,South West,Wiltshire,BSU,50<71,B,not included,not included,21.8804920913884
2013-14,N1,North East and Yorkshire,Barnsley,BSU,50<71,C1,not included,not included,90.72654253377145
2013-14,N1,North East and Yorkshire,Doncaster,BSU,50<71,C1,not included,not included,86.18159848092526
2013-14,N1,North East and Yorkshire,Gateshead,BSU,50<71,C1,not included,not included,88.8280807699566
2013-14,N1,North East and Yorkshire,Humberside,BSU,50<71,C1,not included,not included,84.87924182207276
2013-14,N1,North East and Yorkshire,Leeds Wakefield,BSU,50<71,C1,not included,not included,85.2824757106873
2013-14,N1,North East and Yorkshire,Newcastle,BSU,50<71,C1,not included,not included,87.70440251572327
2013-14,N1,North East and Yorkshire,North Cumbria,BSU,50<71,C1,not included,not included,89.0487054855669
2013-14,N1,North East and Yorkshire,North Tees,BSU,50<71,C1,not included,not included,87.52496384546518
2013-14,N1,North East and Yorkshire,North Yorkshire,BSU,50<71,C1,not included,not included,88.71544829521538
2013-14,N1,North East and Yorkshire,Pennine,BSU,50<71,C1,not included,not included,83.69828093339434
2013-14,N1,North East and Yorkshire,Rotherham,BSU,50<71,C1,not included,not included,89.53020134228188
2013-14,N1,North East and Yorkshire,Sheffield,BSU,50<71,C1,not included,not included,88.45192590414584
2013-14,N2,North West,Bolton,BSU,50<71,C1,not included,not included,84.15556739477891
2013-14,N2,North West,Cheshire & Stockport,BSU,50<71,C1,not included,not included,85.95238095238096
2013-14,N2,North West,Chester,BSU,50<71,C1,not included,not included,90.0831838199315
2013-14,N2,North West,Crewe,BSU,50<71,C1,not included,not included,88.16733067729083
2013-14,N2,North West,East Lancashire,BSU,50<71,C1,not included,not included,85.73814992691585
2013-14,N2,North West,Liverpool,BSU,50<71,C1,not included,not included,83.40396090979849
2013-14,N2,North West,Manchester,BSU,50<71,C1,not included,not included,81.60855990633537
2013-14,N2,North West,North Lancashire & South Cumbria,BSU,50<71,C1,not included,not included,86.25046589638464
2013-14,N2,North West,South Lancashire,BSU,50<71,C1,not included,not included,87.32436030173051
2013-14,N2,North West,"Warrington, Halton, St Helens & Knowsley",BSU,50<71,C1,not included,not included,88.53268211576432
2013-14,N2,North West,Wirral,BSU,50<71,C1,not included,not included,87.94770278979837
2013-14,N3,Midlands,"City, Sandwell & Walsall",BSU,50<71,C1,not included,not included,86.70876422317806
2013-14,N3,Midlands,"Dudley, Wolverhampton & South West Staffordshire",BSU,50<71,C1,not included,not included,87.01655606944165
2013-14,N3,Midlands,Hereford & Worcester,BSU,50<71,C1,not included,not included,89.0640649923953
2013-14,N3,Midlands,Kettering,BSU,50<71,C1,not included,not included,89.36667866138899
2013-14,N3,Midlands,Leicestershire,BSU,50<71,C1,not included,not included,92.4773275918314
2013-14,N3,Midlands,Lincolnshire,BSU,50<71,C1,not included,not included,87.4160668566736
2013-14,N3,Midlands,North Derbyshire & Chesterfield,BSU,50<71,C1,not included,not included,90.95540402852889
2013-14,N3,Midlands,North Midlands,BSU,50<71,C1,not included,not included,89.36854705970373
2013-14,N3,Midlands,North Nottinghamshire,BSU,50<71,C1,not included,not included,91.9537339703294
2013-14,N3,Midlands,Northampton,BSU,50<71,C1,not included,not included,89.10946344574663
2013-14,N3,Midlands,Nottingham City,BSU,50<71,C1,not included,not included,89.6968866977084
2013-14,N3,Midlands,Shropshire,BSU,50<71,C1,not included,not included,89.15163848151006
2013-14,N3,Midlands,South Birmingham,BSU,50<71,C1,not included,not included,84.95049504950495
2013-14,N3,Midlands,South Derbyshire & South East Staffordshire,BSU,50<71,C1,not included,not included,88.88017155708981
2013-14,N3,Midlands,South Staffordshire,BSU,50<71,C1,not included,not included,87.69208674421944
2013-14,N3,Midlands,"Warwickshire, Solihull & Coventry",BSU,50<71,C1,not included,not included,87.11024204629531
2013-14,N4,East of England,Beds & Herts,BSU,50<71,C1,not included,not included,88.34425118590468
2013-14,N4,East of England,Cambridge & Huntingdon,BSU,50<71,C1,not included,not included,86.56916772643775
2013-14,N4,East of England,Chelmsford & Colchester,BSU,50<71,C1,not included,not included,86.87659330006105
2013-14,N4,East of England,East Suffolk,BSU,50<71,C1,not included,not included,89.87472555856904
2013-14,N4,East of England,Great Yarmouth & Waveney,BSU,50<71,C1,not included,not included,87.93893129770993
2013-14,N4,East of England,King's Lynn,BSU,50<71,C1,not included,not included,86.80075424261472
2013-14,N4,East of England,Milton Keynes,BSU,50<71,C1,not included,not included,88.15303430079156
2013-14,N4,East of England,Norfolk & Norwich,BSU,50<71,C1,not included,not included,90.05448870549648
2013-14,N4,East of England,Peterborough,BSU,50<71,C1,not included,not included,87.44537147397695
2013-14,N4,East of England,South Essex,BSU,50<71,C1,not included,not included,86.02550741898665
2013-14,N4,East of England,West Essex (Epping),BSU,50<71,C1,not included,not included,88.88047456771424
2013-14,N4,East of England,West Suffolk,BSU,50<71,C1,not included,not included,88.37302381428857
2013-14,N5,London,Central & East London,BSU,50<71,C1,not included,not included,75.04235929843843
2013-14,N5,London,North London,BSU,50<71,C1,not included,not included,83.91069560948539
2013-14,N5,London,Outer North East London,BSU,50<71,C1,not included,not included,83.12831144897488
2013-14,N5,London,South East London,BSU,50<71,C1,not included,not included,80.24402907580478
2013-14,N5,London,South West London,BSU,50<71,C1,not included,not included,80.35021158616664
2013-14,N5,London,West of London,BSU,50<71,C1,not included,not included,79.11210677436658
2013-14,N6,South East,Aylesbury & Wycombe,BSU,50<71,C1,not included,not included,88.2100814971325
2013-14,N6,South East,Brighton,BSU,50<71,C1,not included,not included,85.8829650976625
2013-14,N6,South East,Canterbury,BSU,50<71,C1,not included,not included,88.0596421471173
2013-14,N6,South East,East Berkshire,BSU,50<71,C1,not included,not included,87.13485799095999
2013-14,N6,South East,Guildford,BSU,50<71,C1,not included,not included,86.94362763577872
2013-14,N6,South East,Isle of Wight,BSU,50<71,C1,not included,not included,86.59557013945857
2013-14,N6,South East,Maidstone,BSU,50<71,C1,not included,not included,87.57875231624459
2013-14,N6,South East,Medway,BSU,50<71,C1,not included,not included,87.58443391470915
2013-14,N6,South East,North & Mid Hampshire,BSU,50<71,C1,not included,not included,88.381601362862
2013-14,N6,South East,Oxfordshire,BSU,50<71,C1,not included,not included,88.05103801704753
2013-14,N6,South East,Portsmouth,BSU,50<71,C1,not included,not included,84.11209222467501
2013-14,N6,South East,Southampton & Salisbury,BSU,50<71,C1,not included,not included,86.43867189933346
2013-14,N6,South East,West Berkshire,BSU,50<71,C1,not included,not included,88.6509324009324
2013-14,N6,South East,Worthing,BSU,50<71,C1,not included,not included,89.32851523190925
2013-14,N7,South West,Avon,BSU,50<71,C1,not included,not included,88.3938877590282
2013-14,N7,South West,Cornwall,BSU,50<71,C1,not included,not included,90.07176287051482
2013-14,N7,South West,Dorset,BSU,50<71,C1,not included,not included,87.45307480939665
2013-14,N7,South West,Gloucestershire,BSU,50<71,C1,not included,not included,88.52021357742181
2013-14,N7,South West,North & East Devon,BSU,50<71,C1,not included,not included,88.46846846846846
2013-14,N7,South West,Somerset,BSU,50<71,C1,not included,not included,89.80685182574369
2013-14,N7,South West,South Devon,BSU,50<71,C1,not included,not included,88.00995977782034
2013-14,N7,South West,West Devon,BSU,50<71,C1,not included,not included,90.02390644181689
2013-14,N7,South West,Wiltshire,BSU,50<71,C1,not included,not included,91.1927691397213
2013-14,N1,North East and Yorkshire,Barnsley,BSU,50<71,C2,not included,not included,46.812957157784744
2013-14,N1,North East and Yorkshire,Doncaster,BSU,50<71,C2,not included,not included,45.055624227441285
2013-14,N1,North East and Yorkshire,Gateshead,BSU,50<71,C2,not included,not included,44.74212993971869
2013-14,N1,North East and Yorkshire,Humberside,BSU,50<71,C2,not included,not included,37.5228102189781
2013-14,N1,North East and Yorkshire,Leeds Wakefield,BSU,50<71,C2,not included,not included,35.583254938852306
2013-14,N1,North East and Yorkshire,Newcastle,BSU,50<71,C2,not included,not included,42.63297872340426
2013-14,N1,North East and Yorkshire,North Cumbria,BSU,50<71,C2,not included,not included,47.25848563968668
2013-14,N1,North East and Yorkshire,North Tees,BSU,50<71,C2,not included,not included,43.00137677833869
2013-14,N1,North East and Yorkshire,North Yorkshire,BSU,50<71,C2,not included,not included,42.96354370834967
2013-14,N1,North East and Yorkshire,Pennine,BSU,50<71,C2,not included,not included,33.453043634404736
2013-14,N1,North East and Yorkshire,Rotherham,BSU,50<71,C2,not included,not included,40.46306504961411
2013-14,N1,North East and Yorkshire,Sheffield,BSU,50<71,C2,not included,not included,46.74329501915709
2013-14,N2,North West,Bolton,BSU,50<71,C2,not included,not included,40.37589112119248
2013-14,N2,North West,Cheshire & Stockport,BSU,50<71,C2,not included,not included,41.7479674796748
2013-14,N2,North West,Chester,BSU,50<71,C2,not included,not included,40.92178770949721
2013-14,N2,North West,Crewe,BSU,50<71,C2,not included,not included,41.19693806541406
2013-14,N2,North West,East Lancashire,BSU,50<71,C2,not included,not included,40.891768292682926
2013-14,N2,North West,Liverpool,BSU,50<71,C2,not included,not included,33.23279407732383
2013-14,N2,North West,Manchester,BSU,50<71,C2,not included,not included,39.17848590900718
2013-14,N2,North West,North Lancashire & South Cumbria,BSU,50<71,C2,not included,not included,44.63398833945153
2013-14,N2,North West,South Lancashire,BSU,50<71,C2,not included,not included,40.33888228299644
2013-14,N2,North West,"Warrington, Halton, St Helens & Knowsley",BSU,50<71,C2,not included,not included,38.60940695296524
2013-14,N2,North West,Wirral,BSU,50<71,C2,not included,not included,40.572390572390574
2013-14,N3,Midlands,"City, Sandwell & Walsall",BSU,50<71,C2,not included,not included,39.84263233190271
2013-14,N3,Midlands,"Dudley, Wolverhampton & South West Staffordshire",BSU,50<71,C2,not included,not included,42.22048475371384
2013-14,N3,Midlands,Hereford & Worcester,BSU,50<71,C2,not included,not included,44.87559241706161
2013-14,N3,Midlands,Kettering,BSU,50<71,C2,not included,not included,45.52845528455284
2013-14,N3,Midlands,Leicestershire,BSU,50<71,C2,not included,not included,50.76063334368208
2013-14,N3,Midlands,Lincolnshire,BSU,50<71,C2,not included,not included,44.68775344687753
2013-14,N3,Midlands,North Derbyshire & Chesterfield,BSU,50<71,C2,not included,not included,45.43094496365524
2013-14,N3,Midlands,North Midlands,BSU,50<71,C2,not included,not included,45.01424501424501
2013-14,N3,Midlands,North Nottinghamshire,BSU,50<71,C2,not included,not included,45.90301003344482
2013-14,N3,Midlands,Northampton,BSU,50<71,C2,not included,not included,45.27824620573356
2013-14,N3,Midlands,Nottingham City,BSU,50<71,C2,not included,not included,49.48770491803279
2013-14,N3,Midlands,Shropshire,BSU,50<71,C2,not included,not included,38.85245901639344
2013-14,N3,Midlands,South Birmingham,BSU,50<71,C2,not included,not included,44.11014788373279
2013-14,N3,Midlands,South Derbyshire & South East Staffordshire,BSU,50<71,C2,not included,not included,45.21584334668447
2013-14,N3,Midlands,South Staffordshire,BSU,50<71,C2,not included,not included,45.246206255806754
2013-14,N3,Midlands,"Warwickshire, Solihull & Coventry",BSU,50<71,C2,not included,not included,43.7727603787327
2013-14,N4,East of England,Beds & Herts,BSU,50<71,C2,not included,not included,40.41381611880527
2013-14,N4,East of England,Cambridge & Huntingdon,BSU,50<71,C2,not included,not included,51.20072496601722
2013-14,N4,East of England,Chelmsford & Colchester,BSU,50<71,C2,not included,not included,39.16033297140789
2013-14,N4,East of England,East Suffolk,BSU,50<71,C2,not included,not included,41.99869366427172
2013-14,N4,East of England,Great Yarmouth & Waveney,BSU,50<71,C2,not included,not included,54.83516483516484
2013-14,N4,East of England,King's Lynn,BSU,50<71,C2,not included,not included,42.04131227217497
2013-14,N4,East of England,Milton Keynes,BSU,50<71,C2,not included,not included,50.53763440860215
2013-14,N4,East of England,Norfolk & Norwich,BSU,50<71,C2,not included,not included,54.66213665534164
2013-14,N4,East of England,Peterborough,BSU,50<71,C2,not included,not included,51.227773073666384
2013-14,N4,East of England,South Essex,BSU,50<71,C2,not included,not included,40.873299928418035
2013-14,N4,East of England,West Essex (Epping),BSU,50<71,C2,not included,not included,52.38434163701068
2013-14,N4,East of England,West Suffolk,BSU,50<71,C2,not included,not included,51.98795180722892
2013-14,N5,London,Central & East London,BSU,50<71,C2,not included,not included,36.670581327069875
2013-14,N5,London,North London,BSU,50<71,C2,not included,not included,37.94817716179572
2013-14,N5,London,Outer North East London,BSU,50<71,C2,not included,not included,37.088011590003624
2013-14,N5,London,South East London,BSU,50<71,C2,not included,not included,33.258620689655174
2013-14,N5,London,South West London,BSU,50<71,C2,not included,not included,39.02389631429728
2013-14,N5,London,West of London,BSU,50<71,C2,not included,not included,38.7524240465417
2013-14,N6,South East,Aylesbury & Wycombe,BSU,50<71,C2,not included,not included,38.91687657430731
2013-14,N6,South East,Brighton,BSU,50<71,C2,not included,not included,39.12704598597038
2013-14,N6,South East,Canterbury,BSU,50<71,C2,not included,not included,45.36082474226804
2013-14,N6,South East,East Berkshire,BSU,50<71,C2,not included,not included,43.75
2013-14,N6,South East,Guildford,BSU,50<71,C2,not included,not included,43.98433970787532
2013-14,N6,South East,Isle of Wight,BSU,50<71,C2,not included,not included,42.0
2013-14,N6,South East,Maidstone,BSU,50<71,C2,not included,not included,48.909811694747276
2013-14,N6,South East,Medway,BSU,50<71,C2,not included,not included,42.396907216494846
2013-14,N6,South East,North & Mid Hampshire,BSU,50<71,C2,not included,not included,48.06277587052477
2013-14,N6,South East,Oxfordshire,BSU,50<71,C2,not included,not included,48.71987951807229
2013-14,N6,South East,Portsmouth,BSU,50<71,C2,not included,not included,37.71263119797322
2013-14,N6,South East,Southampton & Salisbury,BSU,50<71,C2,not included,not included,40.64818430300664
2013-14,N6,South East,West Berkshire,BSU,50<71,C2,not included,not included,41.14864864864865
2013-14,N6,South East,Worthing,BSU,50<71,C2,not included,not included,49.395161290322584
2013-14,N7,South West,Avon,BSU,50<71,C2,not included,not included,37.35747820254863
2013-14,N7,South West,Cornwall,BSU,50<71,C2,not included,not included,44.3111294993794
2013-14,N7,South West,Dorset,BSU,50<71,C2,not included,not included,49.34054054054054
2013-14,N7,South West,Gloucestershire,BSU,50<71,C2,not included,not included,37.98219584569733
2013-14,N7,South West,North & East Devon,BSU,50<71,C2,not included,not included,51.625239005736134
2013-14,N7,South West,Somerset,BSU,50<71,C2,not included,not included,45.925258892390815
2013-14,N7,South West,South Devon,BSU,50<71,C2,not included,not included,40.87069525666017
2013-14,N7,South West,West Devon,BSU,50<71,C2,not included,not included,44.02010050251256
2013-14,N7,South West,Wiltshire,BSU,50<71,C2,not included,not included,51.598788286772134
2013-14,N1,North East and Yorkshire,Barnsley,BSU,50<71,D,not included,not included,100.0
2013-14,N1,North East and Yorkshire,Doncaster,BSU,50<71,D,not included,not included,100.0
2013-14,N1,North East and Yorkshire,Gateshead,BSU,50<71,D,not included,not included,100.0
2013-14,N1,North East and Yorkshire,Humberside,BSU,50<71,D,not included,not included,100.0
2013-14,N1,North East and Yorkshire,Leeds Wakefield,BSU,50<71,D,not included,not included,100.0
2013-14,N1,North East and Yorkshire,Newcastle,BSU,50<71,D,not included,not included,100.0
2013-14,N1,North East and Yorkshire,North Cumbria,BSU,50<71,D,not included,not included,100.0
2013-14,N1,North East and Yorkshire,North Tees,BSU,50<71,D,not included,not included,100.0
2013-14,N1,North East and Yorkshire,North Yorkshire,BSU,50<71,D,not included,not included,100.0
2013-14,N1,North East and Yorkshire,Pennine,BSU,50<71,D,not included,not included,94.44444444444444
2013-14,N1,North East and Yorkshire,Rotherham,BSU,50<71,D,not included,not included,100.0
2013-14,N1,North East and Yorkshire,Sheffield,BSU,50<71,D,not included,not included,z
2013-14,N2,North West,Bolton,BSU,50<71,D,not included,not included,100.0
2013-14,N2,North West,Cheshire & Stockport,BSU,50<71,D,not included,not included,100.0
2013-14,N2,North West,Chester,BSU,50<71,D,not included,not included,z
2013-14,N2,North West,Crewe,BSU,50<71,D,not included,not included,100.0
2013-14,N2,North West,East Lancashire,BSU,50<71,D,not included,not included,100.0
2013-14,N2,North West,Liverpool,BSU,50<71,D,not included,not included,100.0
2013-14,N2,North West,Manchester,BSU,50<71,D,not included,not included,100.0
2013-14,N2,North West,North Lancashire & South Cumbria,BSU,50<71,D,not included,not included,100.0
2013-14,N2,North West,South Lancashire,BSU,50<71,D,not included,not included,100.0
2013-14,N2,North West,"Warrington, Halton, St Helens & Knowsley",BSU,50<71,D,not included,not included,100.0
2013-14,N2,North West,Wirral,BSU,50<71,D,not included,not included,100.0
2013-14,N3,Midlands,"City, Sandwell & Walsall",BSU,50<71,D,not included,not included,100.0
2013-14,N3,Midlands,"Dudley, Wolverhampton & South West Staffordshire",BSU,50<71,D,not included,not included,100.0
2013-14,N3,Midlands,Hereford & Worcester,BSU,50<71,D,not included,not included,100.0
2013-14,N3,Midlands,Kettering,BSU,50<71,D,not included,not included,100.0
2013-14,N3,Midlands,Leicestershire,BSU,50<71,D,not included,not included,100.0
2013-14,N3,Midlands,Lincolnshire,BSU,50<71,D,not included,not included,100.0
2013-14,N3,Midlands,North Derbyshire & Chesterfield,BSU,50<71,D,not included,not included,100.0
2013-14,N3,Midlands,North Midlands,BSU,50<71,D,not included,not included,100.0
2013-14,N3,Midlands,North Nottinghamshire,BSU,50<71,D,not included,not included,100.0
2013-14,N3,Midlands,Northampton,BSU,50<71,D,not included,not included,100.0
2013-14,N3,Midlands,Nottingham City,BSU,50<71,D,not included,not included,z
2013-14,N3,Midlands,Shropshire,BSU,50<71,D,not included,not included,100.0
2013-14,N3,Midlands,South Birmingham,BSU,50<71,D,not included,not included,100.0
2013-14,N3,Midlands,South Derbyshire & South East Staffordshire,BSU,50<71,D,not included,not included,100.0
2013-14,N3,Midlands,South Staffordshire,BSU,50<71,D,not included,not included,100.0
2013-14,N3,Midlands,"Warwickshire, Solihull & Coventry",BSU,50<71,D,not included,not included,100.0
2013-14,N4,East of England,Beds & Herts,BSU,50<71,D,not included,not included,100.0
2013-14,N4,East of England,Cambridge & Huntingdon,BSU,50<71,D,not included,not included,100.0
2013-14,N4,East of England,Chelmsford & Colchester,BSU,50<71,D,not included,not included,100.0
2013-14,N4,East of England,East Suffolk,BSU,50<71,D,not included,not included,100.0
2013-14,N4,East of England,Great Yarmouth & Waveney,BSU,50<71,D,not included,not included,100.0
2013-14,N4,East of England,King's Lynn,BSU,50<71,D,not included,not included,100.0
2013-14,N4,East of England,Milton Keynes,BSU,50<71,D,not included,not included,100.0
2013-14,N4,East of England,Norfolk & Norwich,BSU,50<71,D,not included,not included,100.0
2013-14,N4,East of England,Peterborough,BSU,50<71,D,not included,not included,100.0
2013-14,N4,East of England,South Essex,BSU,50<71,D,not included,not included,100.0
2013-14,N4,East of England,West Essex (Epping),BSU,50<71,D,not included,not included,z
2013-14,N4,East of England,West Suffolk,BSU,50<71,D,not included,not included,100.0
2013-14,N5,London,Central & East London,BSU,50<71,D,not included,not included,100.0
2013-14,N5,London,North London,BSU,50<71,D,not included,not included,100.0
2013-14,N5,London,Outer North East London,BSU,50<71,D,not included,not included,100.0
2013-14,N5,London,South East London,BSU,50<71,D,not included,not included,100.0
2013-14,N5,London,South West London,BSU,50<71,D,not included,not included,93.33333333333333
2013-14,N5,London,West of London,BSU,50<71,D,not included,not included,100.0
2013-14,N6,South East,Aylesbury & Wycombe,BSU,50<71,D,not included,not included,100.0
2013-14,N6,South East,Brighton,BSU,50<71,D,not included,not included,100.0
2013-14,N6,South East,Canterbury,BSU,50<71,D,not included,not included,100.0
2013-14,N6,South East,East Berkshire,BSU,50<71,D,not included,not included,100.0
2013-14,N6,South East,Guildford,BSU,50<71,D,not included,not included,100.0
2013-14,N6,South East,Isle of Wight,BSU,50<71,D,not included,not included,88.88888888888889
2013-14,N6,South East,Maidstone,BSU,50<71,D,not included,not included,100.0
2013-14,N6,South East,Medway,BSU,50<71,D,not included,not included,100.0
2013-14,N6,South East,North & Mid Hampshire,BSU,50<71,D,not included,not included,100.0
2013-14,N6,South East,Oxfordshire,BSU,50<71,D,not included,not included,100.0
2013-14,N6,South East,Portsmouth,BSU,50<71,D,not included,not included,100.0
2013-14,N6,South East,Southampton & Salisbury,BSU,50<71,D,not included,not included,100.0
2013-14,N6,South East,West Berkshire,BSU,50<71,D,not included,not included,100.0
2013-14,N6,South East,Worthing,BSU,50<71,D,not included,not included,100.0
2013-14,N7,South West,Avon,BSU,50<71,D,not included,not included,100.0
2013-14,N7,South West,Cornwall,BSU,50<71,D,not included,not included,100.0
2013-14,N7,South West,Dorset,BSU,50<71,D,not included,not included,100.0
2013-14,N7,South West,Gloucestershire,BSU,50<71,D,not included,not included,100.0
2013-14,N7,South West,North & East Devon,BSU,50<71,D,not included,not included,100.0
2013-14,N7,South West,Somerset,BSU,50<71,D,not included,not included,100.0
2013-14,N7,South West,South Devon,BSU,50<71,D,not included,not included,100.0
2013-14,N7,South West,West Devon,BSU,50<71,D,not included,not included,100.0
2013-14,N7,South West,Wiltshire,BSU,50<71,D,not included,not included,100.0
2014-15,N1,North East and Yorkshire,Barnsley,BSU,50<71,A,not included,not included,62.869660460021905
2014-15,N1,North East and Yorkshire,Doncaster,BSU,50<71,A,not included,not included,62.637362637362635
2014-15,N1,North East and Yorkshire,Gateshead,BSU,50<71,A,not included,not included,40.909090909090914
2014-15,N1,North East and Yorkshire,Humberside,BSU,50<71,A,not included,not included,63.125134148959006
2014-15,N1,North East and Yorkshire,Leeds Wakefield,BSU,50<71,A,not included,not included,57.819189121128176
2014-15,N1,North East and Yorkshire,Newcastle,BSU,50<71,A,not included,not included,73.667766012845
2014-15,N1,North East and Yorkshire,North Cumbria,BSU,50<71,A,not included,not included,77.78225806451613
2014-15,N1,North East and Yorkshire,North Tees,BSU,50<71,A,not included,not included,68.66527632950991
2014-15,N1,North East and Yorkshire,North Yorkshire,BSU,50<71,A,not included,not included,63.92801251956182
2014-15,N1,North East and Yorkshire,Pennine,BSU,50<71,A,not included,not included,63.78229796591533
2014-15,N1,North East and Yorkshire,Rotherham,BSU,50<71,A,not included,not included,68.0484693877551
2014-15,N1,North East and Yorkshire,Sheffield,BSU,50<71,A,not included,not included,68.82882882882882
2014-15,N2,North West,Bolton,BSU,50<71,A,not included,not included,60.6657290201594
2014-15,N2,North West,Cheshire & Stockport,BSU,50<71,A,not included,not included,62.33925290875689
2014-15,N2,North West,Chester,BSU,50<71,A,not included,not included,70.1063829787234
2014-15,N2,North West,Crewe,BSU,50<71,A,not included,not included,66.15497076023392
2014-15,N2,North West,East Lancashire,BSU,50<71,A,not included,not included,64.54646017699115
2014-15,N2,North West,Liverpool,BSU,50<71,A,not included,not included,63.01595132379543
2014-15,N2,North West,Manchester,BSU,50<71,A,not included,not included,60.424710424710426
2014-15,N2,North West,North Lancashire & South Cumbria,BSU,50<71,A,not included,not included,63.930403747490516
2014-15,N2,North West,South Lancashire,BSU,50<71,A,not included,not included,61.49149585695596
2014-15,N2,North West,"Warrington, Halton, St Helens & Knowsley",BSU,50<71,A,not included,not included,70.32189600282986
2014-15,N2,North West,Wirral,BSU,50<71,A,not included,not included,70.53497942386832
2014-15,N3,Midlands,"City, Sandwell & Walsall",BSU,50<71,A,not included,not included,53.87553358795776
2014-15,N3,Midlands,"Dudley, Wolverhampton & South West Staffordshire",BSU,50<71,A,not included,not included,62.922810060711186
2014-15,N3,Midlands,Hereford & Worcester,BSU,50<71,A,not included,not included,68.92644135188867
2014-15,N3,Midlands,Kettering,BSU,50<71,A,not included,not included,70.3548085901027
2014-15,N3,Midlands,Leicestershire,BSU,50<71,A,not included,not included,75.12100677637947
2014-15,N3,Midlands,Lincolnshire,BSU,50<71,A,not included,not included,62.65060240963856
2014-15,N3,Midlands,North Derbyshire & Chesterfield,BSU,50<71,A,not included,not included,64.91037479630636
2014-15,N3,Midlands,North Midlands,BSU,50<71,A,not included,not included,64.57654723127035
2014-15,N3,Midlands,North Nottinghamshire,BSU,50<71,A,not included,not included,70.19999999999999
2014-15,N3,Midlands,Northampton,BSU,50<71,A,not included,not included,64.98316498316498
2014-15,N3,Midlands,Nottingham City,BSU,50<71,A,not included,not included,69.52702702702702
2014-15,N3,Midlands,Shropshire,BSU,50<71,A,not included,not included,72.33422394947777
2014-15,N3,Midlands,South Birmingham,BSU,50<71,A,not included,not included,59.6646942800789
2014-15,N3,Midlands,South Derbyshire & South East Staffordshire,BSU,50<71,A,not included,not included,67.37989503431571
2014-15,N3,Midlands,South Staffordshire,BSU,50<71,A,not included,not included,66.1693725318122
2014-15,N3,Midlands,"Warwickshire, Solihull & Coventry",BSU,50<71,A,not included,not included,61.54385964912281
2014-15,N4,East of England,Beds & Herts,BSU,50<71,A,not included,not included,63.3370329263781
2014-15,N4,East of England,Cambridge & Huntingdon,BSU,50<71,A,not included,not included,61.554192229038854
2014-15,N4,East of England,Chelmsford & Colchester,BSU,50<71,A,not included,not included,67.56653264407429
2014-15,N4,East of England,East Suffolk,BSU,50<71,A,not included,not included,31.12391930835735
2014-15,N4,East of England,Great Yarmouth & Waveney,BSU,50<71,A,not included,not included,35.41666666666667
2014-15,N4,East of England,King's Lynn,BSU,50<71,A,not included,not included,30.270270270270274
2014-15,N4,East of England,Milton Keynes,BSU,50<71,A,not included,not included,69.8045267489712
2014-15,N4,East of England,Norfolk & Norwich,BSU,50<71,A,not included,not included,33.528265107212476
2014-15,N4,East of England,Peterborough,BSU,50<71,A,not included,not included,34.65160075329567
2014-15,N4,East of England,South Essex,BSU,50<71,A,not included,not included,62.98740251949611
2014-15,N4,East of England,West Essex (Epping),BSU,50<71,A,not included,not included,64.89015459723352
2014-15,N4,East of England,West Suffolk,BSU,50<71,A,not included,not included,29.550827423167846
2014-15,N5,London,Central & East London,BSU,50<71,A,not included,not included,52.17093682769411
2014-15,N5,London,North London,BSU,50<71,A,not included,not included,54.78723404255319
2014-15,N5,London,Outer North East London,BSU,50<71,A,not included,not included,60.393915756630264
2014-15,N5,London,South East London,BSU,50<71,A,not included,not included,57.87773359840954
2014-15,N5,London,South West London,BSU,50<71,A,not included,not included,57.711115976935986
2014-15,N5,London,West of London,BSU,50<71,A,not included,not included,53.06414347012872
2014-15,N6,South East,Aylesbury & Wycombe,BSU,50<71,A,not included,not included,63.208333333333336
2014-15,N6,South East,Brighton,BSU,50<71,A,not included,not included,55.41726178330953
2014-15,N6,South East,Canterbury,BSU,50<71,A,not included,not included,61.26674786845311
2014-15,N6,South East,East Berkshire,BSU,50<71,A,not included,not included,65.90976994323275
2014-15,N6,South East,Guildford,BSU,50<71,A,not included,not included,62.526079281014276
2014-15,N6,South East,Isle of Wight,BSU,50<71,A,not included,not included,32.432432432432435
2014-15,N6,South East,Maidstone,BSU,50<71,A,not included,not included,65.05175983436853
2014-15,N6,South East,Medway,BSU,50<71,A,not included,not included,62.901098901098905
2014-15,N6,South East,North & Mid Hampshire,BSU,50<71,A,not included,not included,67.7109028120375
2014-15,N6,South East,Oxfordshire,BSU,50<71,A,not included,not included,68.499837292548
2014-15,N6,South East,Portsmouth,BSU,50<71,A,not included,not included,68.04170444242973
2014-15,N6,South East,Southampton & Salisbury,BSU,50<71,A,not included,not included,66.31693989071039
2014-15,N6,South East,West Berkshire,BSU,50<71,A,not included,not included,69.45836315915057
2014-15,N6,South East,Worthing,BSU,50<71,A,not included,not included,67.06137424949966
2014-15,N7,South West,Avon,BSU,50<71,A,not included,not included,65.83506583506583
2014-15,N7,South West,Cornwall,BSU,50<71,A,not included,not included,69.68232044198895
2014-15,N7,South West,Dorset,BSU,50<71,A,not included,not included,67.94570135746606
2014-15,N7,South West,Gloucestershire,BSU,50<71,A,not included,not included,65.2332361516035
2014-15,N7,South West,North & East Devon,BSU,50<71,A,not included,not included,43.90862944162436
2014-15,N7,South West,Somerset,BSU,50<71,A,not included,not included,64.4672313865359
2014-15,N7,South West,South Devon,BSU,50<71,A,not included,not included,64.08952187182095
2014-15,N7,South West,West Devon,BSU,50<71,A,not included,not included,67.10114702815433
2014-15,N7,South West,Wiltshire,BSU,50<71,A,not included,not included,62.82208588957056
2014-15,N1,North East and Yorkshire,Barnsley,BSU,50<71,A and C1,not included,not included,87.47636525414303
2014-15,N1,North East and Yorkshire,Doncaster,BSU,50<71,A and C1,not included,not included,84.84056455828541
2014-15,N1,North East and Yorkshire,Gateshead,BSU,50<71,A and C1,not included,not included,87.60044424119684
2014-15,N1,North East and Yorkshire,Humberside,BSU,50<71,A and C1,not included,not included,81.73469975243249
2014-15,N1,North East and Yorkshire,Leeds Wakefield,BSU,50<71,A and C1,not included,not included,82.85811849069489
2014-15,N1,North East and Yorkshire,Newcastle,BSU,50<71,A and C1,not included,not included,86.54543239209235
2014-15,N1,North East and Yorkshire,North Cumbria,BSU,50<71,A and C1,not included,not included,87.95864585444963
2014-15,N1,North East and Yorkshire,North Tees,BSU,50<71,A and C1,not included,not included,83.28923264807653
2014-15,N1,North East and Yorkshire,North Yorkshire,BSU,50<71,A and C1,not included,not included,85.63381148802561
2014-15,N1,North East and Yorkshire,Pennine,BSU,50<71,A and C1,not included,not included,79.84557919190999
2014-15,N1,North East and Yorkshire,Rotherham,BSU,50<71,A and C1,not included,not included,85.42376087779039
2014-15,N1,North East and Yorkshire,Sheffield,BSU,50<71,A and C1,not included,not included,86.70292469060436
2014-15,N2,North West,Bolton,BSU,50<71,A and C1,not included,not included,83.65384615384616
2014-15,N2,North West,Cheshire & Stockport,BSU,50<71,A and C1,not included,not included,84.42659279778393
2014-15,N2,North West,Chester,BSU,50<71,A and C1,not included,not included,87.91978738825803
2014-15,N2,North West,Crewe,BSU,50<71,A and C1,not included,not included,85.2112041790507
2014-15,N2,North West,East Lancashire,BSU,50<71,A and C1,not included,not included,81.1988543371522
2014-15,N2,North West,Liverpool,BSU,50<71,A and C1,not included,not included,79.26498368538553
2014-15,N2,North West,Manchester,BSU,50<71,A and C1,not included,not included,79.0048607118591
2014-15,N2,North West,North Lancashire & South Cumbria,BSU,50<71,A and C1,not included,not included,82.83278585953386
2014-15,N2,North West,South Lancashire,BSU,50<71,A and C1,not included,not included,84.12554505029573
2014-15,N2,North West,"Warrington, Halton, St Helens & Knowsley",BSU,50<71,A and C1,not included,not included,86.4259277783335
2014-15,N2,North West,Wirral,BSU,50<71,A and C1,not included,not included,84.44213957623352
2014-15,N3,Midlands,"City, Sandwell & Walsall",BSU,50<71,A and C1,not included,not included,80.46602368587365
2014-15,N3,Midlands,"Dudley, Wolverhampton & South West Staffordshire",BSU,50<71,A and C1,not included,not included,85.26587279811227
2014-15,N3,Midlands,Hereford & Worcester,BSU,50<71,A and C1,not included,not included,84.36686096986233
2014-15,N3,Midlands,Kettering,BSU,50<71,A and C1,not included,not included,85.0113550340651
2014-15,N3,Midlands,Leicestershire,BSU,50<71,A and C1,not included,not included,87.81587971511475
2014-15,N3,Midlands,Lincolnshire,BSU,50<71,A and C1,not included,not included,82.71170051112033
2014-15,N3,Midlands,North Derbyshire & Chesterfield,BSU,50<71,A and C1,not included,not included,84.06742040646459
2014-15,N3,Midlands,North Midlands,BSU,50<71,A and C1,not included,not included,87.49853544229641
2014-15,N3,Midlands,North Nottinghamshire,BSU,50<71,A and C1,not included,not included,89.54333441804968
2014-15,N3,Midlands,Northampton,BSU,50<71,A and C1,not included,not included,85.37621359223301
2014-15,N3,Midlands,Nottingham City,BSU,50<71,A and C1,not included,not included,87.47616020343293
2014-15,N3,Midlands,Shropshire,BSU,50<71,A and C1,not included,not included,85.41104141569393
2014-15,N3,Midlands,South Birmingham,BSU,50<71,A and C1,not included,not included,82.4622139660559
2014-15,N3,Midlands,South Derbyshire & South East Staffordshire,BSU,50<71,A and C1,not included,not included,85.8066726626408
2014-15,N3,Midlands,South Staffordshire,BSU,50<71,A and C1,not included,not included,84.00209280798487
2014-15,N3,Midlands,"Warwickshire, Solihull & Coventry",BSU,50<71,A and C1,not included,not included,84.06410220491412
2014-15,N4,East of England,Beds & Herts,BSU,50<71,A and C1,not included,not included,82.52191503708698
2014-15,N4,East of England,Cambridge & Huntingdon,BSU,50<71,A and C1,not included,not included,82.50954660356048
2014-15,N4,East of England,Chelmsford & Colchester,BSU,50<71,A and C1,not included,not included,82.90314799179833
2014-15,N4,East of England,East Suffolk,BSU,50<71,A and C1,not included,not included,87.09037422179654
2014-15,N4,East of England,Great Yarmouth & Waveney,BSU,50<71,A and C1,not included,not included,87.25420516465292
2014-15,N4,East of England,King's Lynn,BSU,50<71,A and C1,not included,not included,84.83917230075804
2014-15,N4,East of England,Milton Keynes,BSU,50<71,A and C1,not included,not included,84.24875621890547
2014-15,N4,East of England,Norfolk & Norwich,BSU,50<71,A and C1,not included,not included,87.53509781357882
2014-15,N4,East of England,Peterborough,BSU,50<71,A and C1,not included,not included,86.41684402553967
2014-15,N4,East of England,South Essex,BSU,50<71,A and C1,not included,not included,80.17073960187733
2014-15,N4,East of England,West Essex (Epping),BSU,50<71,A and C1,not included,not included,81.23500092302012
2014-15,N4,East of England,West Suffolk,BSU,50<71,A and C1,not included,not included,85.04708097928437
2014-15,N5,London,Central & East London,BSU,50<71,A and C1,not included,not included,69.06458672352842
2014-15,N5,London,North London,BSU,50<71,A and C1,not included,not included,77.36999378296532
2014-15,N5,London,Outer North East London,BSU,50<71,A and C1,not included,not included,75.43387433713643
2014-15,N5,London,South East London,BSU,50<71,A and C1,not included,not included,79.47278548559231
2014-15,N5,London,South West London,BSU,50<71,A and C1,not included,not included,73.68265120413086
2014-15,N5,London,West of London,BSU,50<71,A and C1,not included,not included,75.94771241830065
2014-15,N6,South East,Aylesbury & Wycombe,BSU,50<71,A and C1,not included,not included,83.9281355270224
2014-15,N6,South East,Brighton,BSU,50<71,A and C1,not included,not included,81.55342616449065
2014-15,N6,South East,Canterbury,BSU,50<71,A and C1,not included,not included,84.74659467419315
2014-15,N6,South East,East Berkshire,BSU,50<71,A and C1,not included,not included,82.56577036994018
2014-15,N6,South East,Guildford,BSU,50<71,A and C1,not included,not included,83.97473592507895
2014-15,N6,South East,Isle of Wight,BSU,50<71,A and C1,not included,not included,84.15009801176141
2014-15,N6,South East,Maidstone,BSU,50<71,A and C1,not included,not included,84.01102687801516
2014-15,N6,South East,Medway,BSU,50<71,A and C1,not included,not included,83.42676779573185
2014-15,N6,South East,North & Mid Hampshire,BSU,50<71,A and C1,not included,not included,81.86810340361602
2014-15,N6,South East,Oxfordshire,BSU,50<71,A and C1,not included,not included,84.62915982689151
2014-15,N6,South East,Portsmouth,BSU,50<71,A and C1,not included,not included,83.17483841752089
2014-15,N6,South East,Southampton & Salisbury,BSU,50<71,A and C1,not included,not included,84.05636478784041
2014-15,N6,South East,West Berkshire,BSU,50<71,A and C1,not included,not included,84.53895607606887
2014-15,N6,South East,Worthing,BSU,50<71,A and C1,not included,not included,84.0945441620757
2014-15,N7,South West,Avon,BSU,50<71,A and C1,not included,not included,82.67475586067428
2014-15,N7,South West,Cornwall,BSU,50<71,A and C1,not included,not included,87.13030822807838
2014-15,N7,South West,Dorset,BSU,50<71,A and C1,not included,not included,83.84177713213485
2014-15,N7,South West,Gloucestershire,BSU,50<71,A and C1,not included,not included,84.2420734984085
2014-15,N7,South West,North & East Devon,BSU,50<71,A and C1,not included,not included,86.36549375709421
2014-15,N7,South West,Somerset,BSU,50<71,A and C1,not included,not included,87.09181319526323
2014-15,N7,South West,South Devon,BSU,50<71,A and C1,not included,not included,83.43085106382979
2014-15,N7,South West,West Devon,BSU,50<71,A and C1,not included,not included,87.23093406058244
2014-15,N7,South West,Wiltshire,BSU,50<71,A and C1,not included,not included,84.92845472099818
2014-15,N1,North East and Yorkshire,Barnsley,BSU,50<71,A to C2,not included,not included,76.24922887106725
2014-15,N1,North East and Yorkshire,Doncaster,BSU,50<71,A to C2,not included,not included,76.99260476581759
2014-15,N1,North East and Yorkshire,Gateshead,BSU,50<71,A to C2,not included,not included,75.21090035277878
2014-15,N1,North East and Yorkshire,Humberside,BSU,50<71,A to C2,not included,not included,69.3461067171661
2014-15,N1,North East and Yorkshire,Leeds Wakefield,BSU,50<71,A to C2,not included,not included,69.00427923612442
2014-15,N1,North East and Yorkshire,Newcastle,BSU,50<71,A to C2,not included,not included,77.30938783689008
2014-15,N1,North East and Yorkshire,North Cumbria,BSU,50<71,A to C2,not included,not included,78.81218103303236
2014-15,N1,North East and Yorkshire,North Tees,BSU,50<71,A to C2,not included,not included,70.19367448471925
2014-15,N1,North East and Yorkshire,North Yorkshire,BSU,50<71,A to C2,not included,not included,75.3234055354994
2014-15,N1,North East and Yorkshire,Pennine,BSU,50<71,A to C2,not included,not included,65.4310462419861
2014-15,N1,North East and Yorkshire,Rotherham,BSU,50<71,A to C2,not included,not included,72.93994151608307
2014-15,N1,North East and Yorkshire,Sheffield,BSU,50<71,A to C2,not included,not included,75.32718489240229
2014-15,N2,North West,Bolton,BSU,50<71,A to C2,not included,not included,70.16353569942714
2014-15,N2,North West,Cheshire & Stockport,BSU,50<71,A to C2,not included,not included,72.13724330262824
2014-15,N2,North West,Chester,BSU,50<71,A to C2,not included,not included,76.8111753371869
2014-15,N2,North West,Crewe,BSU,50<71,A to C2,not included,not included,73.61898016997166
2014-15,N2,North West,East Lancashire,BSU,50<71,A to C2,not included,not included,67.5946714563688
2014-15,N2,North West,Liverpool,BSU,50<71,A to C2,not included,not included,67.00364689477635
2014-15,N2,North West,Manchester,BSU,50<71,A to C2,not included,not included,65.85469507601368
2014-15,N2,North West,North Lancashire & South Cumbria,BSU,50<71,A to C2,not included,not included,71.09665151380099
2014-15,N2,North West,South Lancashire,BSU,50<71,A to C2,not included,not included,70.0521993761538
2014-15,N2,North West,"Warrington, Halton, St Helens & Knowsley",BSU,50<71,A to C2,not included,not included,74.11593289753485
2014-15,N2,North West,Wirral,BSU,50<71,A to C2,not included,not included,72.28929717118694
2014-15,N3,Midlands,"City, Sandwell & Walsall",BSU,50<71,A to C2,not included,not included,64.9706457925636
2014-15,N3,Midlands,"Dudley, Wolverhampton & South West Staffordshire",BSU,50<71,A to C2,not included,not included,71.99366446005767
2014-15,N3,Midlands,Hereford & Worcester,BSU,50<71,A to C2,not included,not included,74.77229721206004
2014-15,N3,Midlands,Kettering,BSU,50<71,A to C2,not included,not included,75.6459389294103
2014-15,N3,Midlands,Leicestershire,BSU,50<71,A to C2,not included,not included,78.73609923011121
2014-15,N3,Midlands,Lincolnshire,BSU,50<71,A to C2,not included,not included,72.88667665940778
2014-15,N3,Midlands,North Derbyshire & Chesterfield,BSU,50<71,A to C2,not included,not included,73.4615595375089
2014-15,N3,Midlands,North Midlands,BSU,50<71,A to C2,not included,not included,75.4774146162321
2014-15,N3,Midlands,North Nottinghamshire,BSU,50<71,A to C2,not included,not included,79.55739257728408
2014-15,N3,Midlands,Northampton,BSU,50<71,A to C2,not included,not included,73.64193490807402
2014-15,N3,Midlands,Nottingham City,BSU,50<71,A to C2,not included,not included,76.7598985071104
2014-15,N3,Midlands,Shropshire,BSU,50<71,A to C2,not included,not included,76.5279194961472
2014-15,N3,Midlands,South Birmingham,BSU,50<71,A to C2,not included,not included,70.4155430252513
2014-15,N3,Midlands,South Derbyshire & South East Staffordshire,BSU,50<71,A to C2,not included,not included,75.8534923339012
2014-15,N3,Midlands,South Staffordshire,BSU,50<71,A to C2,not included,not included,73.49548163814652
2014-15,N3,Midlands,"Warwickshire, Solihull & Coventry",BSU,50<71,A to C2,not included,not included,72.20621332267632
2014-15,N4,East of England,Beds & Herts,BSU,50<71,A to C2,not included,not included,70.29893587230468
2014-15,N4,East of England,Cambridge & Huntingdon,BSU,50<71,A to C2,not included,not included,72.35711305798915
2014-15,N4,East of England,Chelmsford & Colchester,BSU,50<71,A to C2,not included,not included,73.48711878919136
2014-15,N4,East of England,East Suffolk,BSU,50<71,A to C2,not included,not included,75.77233971874654
2014-15,N4,East of England,Great Yarmouth & Waveney,BSU,50<71,A to C2,not included,not included,74.9487800335258
2014-15,N4,East of England,King's Lynn,BSU,50<71,A to C2,not included,not included,72.75531999050709
2014-15,N4,East of England,Milton Keynes,BSU,50<71,A to C2,not included,not included,74.49533846777463
2014-15,N4,East of England,Norfolk & Norwich,BSU,50<71,A to C2,not included,not included,76.09148355593854
2014-15,N4,East of England,Peterborough,BSU,50<71,A to C2,not included,not included,74.66635031733792
2014-15,N4,East of England,South Essex,BSU,50<71,A to C2,not included,not included,67.69994756484994
2014-15,N4,East of England,West Essex (Epping),BSU,50<71,A to C2,not included,not included,69.78199718706047
2014-15,N4,East of England,West Suffolk,BSU,50<71,A to C2,not included,not included,73.46690518783542
2014-15,N5,London,Central & East London,BSU,50<71,A to C2,not included,not included,58.026978641908485
2014-15,N5,London,North London,BSU,50<71,A to C2,not included,not included,64.71691652647719
2014-15,N5,London,Outer North East London,BSU,50<71,A to C2,not included,not included,63.277675081063066
2014-15,N5,London,South East London,BSU,50<71,A to C2,not included,not included,65.7543614128274
2014-15,N5,London,South West London,BSU,50<71,A to C2,not included,not included,61.618982247043775
2014-15,N5,London,West of London,BSU,50<71,A to C2,not included,not included,61.469110001899864
2014-15,N6,South East,Aylesbury & Wycombe,BSU,50<71,A to C2,not included,not included,74.36692298401707
2014-15,N6,South East,Brighton,BSU,50<71,A to C2,not included,not included,70.1794080676494
2014-15,N6,South East,Canterbury,BSU,50<71,A to C2,not included,not included,73.27402021748142
2014-15,N6,South East,East Berkshire,BSU,50<71,A to C2,not included,not included,72.83369088704413
2014-15,N6,South East,Guildford,BSU,50<71,A to C2,not included,not included,72.15260326187786
2014-15,N6,South East,Isle of Wight,BSU,50<71,A to C2,not included,not included,73.17990705908387
2014-15,N6,South East,Maidstone,BSU,50<71,A to C2,not included,not included,74.51938895417156
2014-15,N6,South East,Medway,BSU,50<71,A to C2,not included,not included,72.20813129429318
2014-15,N6,South East,North & Mid Hampshire,BSU,50<71,A to C2,not included,not included,72.13561310870841
2014-15,N6,South East,Oxfordshire,BSU,50<71,A to C2,not included,not included,74.7189016451651
2014-15,N6,South East,Portsmouth,BSU,50<71,A to C2,not included,not included,73.1435518184581
2014-15,N6,South East,Southampton & Salisbury,BSU,50<71,A to C2,not included,not included,72.91272670903736
2014-15,N6,South East,West Berkshire,BSU,50<71,A to C2,not included,not included,75.6002356753572
2014-15,N6,South East,Worthing,BSU,50<71,A to C2,not included,not included,73.8009887303484
2014-15,N7,South West,Avon,BSU,50<71,A to C2,not included,not included,71.70069189373879
2014-15,N7,South West,Cornwall,BSU,50<71,A to C2,not included,not included,76.11592271818787
2014-15,N7,South West,Dorset,BSU,50<71,A to C2,not included,not included,73.33269952940059
2014-15,N7,South West,Gloucestershire,BSU,50<71,A to C2,not included,not included,73.21523708044752
2014-15,N7,South West,North & East Devon,BSU,50<71,A to C2,not included,not included,74.1254462009179
2014-15,N7,South West,Somerset,BSU,50<71,A to C2,not included,not included,76.25231910946196
2014-15,N7,South West,South Devon,BSU,50<71,A to C2,not included,not included,72.03003298014174
2014-15,N7,South West,West Devon,BSU,50<71,A to C2,not included,not included,77.49541942165219
2014-15,N7,South West,Wiltshire,BSU,50<71,A to C2,not included,not included,74.80537588597545
2014-15,N1,North East and Yorkshire,Barnsley,BSU,50<71,A to D,not included,not included,76.26178102704131
2014-15,N1,North East and Yorkshire,Doncaster,BSU,50<71,A to D,not included,not included,76.99890470974809
2014-15,N1,North East and Yorkshire,Gateshead,BSU,50<71,A to D,not included,not included,75.21596892092215
2014-15,N1,North East and Yorkshire,Humberside,BSU,50<71,A to D,not included,not included,69.35753256875627
2014-15,N1,North East and Yorkshire,Leeds Wakefield,BSU,50<71,A to D,not included,not included,69.01681208767823
2014-15,N1,North East and Yorkshire,Newcastle,BSU,50<71,A to D,not included,not included,77.3150698652777
2014-15,N1,North East and Yorkshire,North Cumbria,BSU,50<71,A to D,not included,not included,78.81930817962662
2014-15,N1,North East and Yorkshire,North Tees,BSU,50<71,A to D,not included,not included,70.20558589760668
2014-15,N1,North East and Yorkshire,North Yorkshire,BSU,50<71,A to D,not included,not included,75.33268175325163
2014-15,N1,North East and Yorkshire,Pennine,BSU,50<71,A to D,not included,not included,65.44695355773328
2014-15,N1,North East and Yorkshire,Rotherham,BSU,50<71,A to D,not included,not included,72.94602698650675
2014-15,N1,North East and Yorkshire,Sheffield,BSU,50<71,A to D,not included,not included,75.32935183558756
2014-15,N2,North West,Bolton,BSU,50<71,A to D,not included,not included,70.16510943299629
2014-15,N2,North West,Cheshire & Stockport,BSU,50<71,A to D,not included,not included,72.16077007514988
2014-15,N2,North West,Chester,BSU,50<71,A to D,not included,not included,76.8111753371869
2014-15,N2,North West,Crewe,BSU,50<71,A to D,not included,not included,73.63018547359479
2014-15,N2,North West,East Lancashire,BSU,50<71,A to D,not included,not included,67.59588400374182
2014-15,N2,North West,Liverpool,BSU,50<71,A to D,not included,not included,67.01249262774114
2014-15,N2,North West,Manchester,BSU,50<71,A to D,not included,not included,65.85799273738701
2014-15,N2,North West,North Lancashire & South Cumbria,BSU,50<71,A to D,not included,not included,71.10180316668152
2014-15,N2,North West,South Lancashire,BSU,50<71,A to D,not included,not included,70.06172839506173
2014-15,N2,North West,"Warrington, Halton, St Helens & Knowsley",BSU,50<71,A to D,not included,not included,74.13833805476865
2014-15,N2,North West,Wirral,BSU,50<71,A to D,not included,not included,72.29899131245992
2014-15,N3,Midlands,"City, Sandwell & Walsall",BSU,50<71,A to D,not included,not included,64.97424429980434
2014-15,N3,Midlands,"Dudley, Wolverhampton & South West Staffordshire",BSU,50<71,A to D,not included,not included,71.99480181936322
2014-15,N3,Midlands,Hereford & Worcester,BSU,50<71,A to D,not included,not included,74.77357014910311
2014-15,N3,Midlands,Kettering,BSU,50<71,A to D,not included,not included,75.6459389294103
2014-15,N3,Midlands,Leicestershire,BSU,50<71,A to D,not included,not included,78.73714371244681
2014-15,N3,Midlands,Lincolnshire,BSU,50<71,A to D,not included,not included,72.88821017505161
2014-15,N3,Midlands,North Derbyshire & Chesterfield,BSU,50<71,A to D,not included,not included,73.46301369863014
2014-15,N3,Midlands,North Midlands,BSU,50<71,A to D,not included,not included,75.47854028000917
2014-15,N3,Midlands,North Nottinghamshire,BSU,50<71,A to D,not included,not included,79.56091261300044
2014-15,N3,Midlands,Northampton,BSU,50<71,A to D,not included,not included,73.64977397097311
2014-15,N3,Midlands,Nottingham City,BSU,50<71,A to D,not included,not included,76.7598985071104
2014-15,N3,Midlands,Shropshire,BSU,50<71,A to D,not included,not included,76.53122251539138
2014-15,N3,Midlands,South Birmingham,BSU,50<71,A to D,not included,not included,70.42098167779889
2014-15,N3,Midlands,South Derbyshire & South East Staffordshire,BSU,50<71,A to D,not included,not included,75.85678272126457
2014-15,N3,Midlands,South Staffordshire,BSU,50<71,A to D,not included,not included,73.49718021020252
2014-15,N3,Midlands,"Warwickshire, Solihull & Coventry",BSU,50<71,A to D,not included,not included,72.21030494216613
2014-15,N4,East of England,Beds & Herts,BSU,50<71,A to D,not included,not included,70.33009301349745
2014-15,N4,East of England,Cambridge & Huntingdon,BSU,50<71,A to D,not included,not included,72.3617252023025
2014-15,N4,East of England,Chelmsford & Colchester,BSU,50<71,A to D,not included,not included,73.48593588678199
2014-15,N4,East of England,East Suffolk,BSU,50<71,A to D,not included,not included,75.7750221434898
2014-15,N4,East of England,Great Yarmouth & Waveney,BSU,50<71,A to D,not included,not included,74.96043935585963
2014-15,N4,East of England,King's Lynn,BSU,50<71,A to D,not included,not included,72.76824543369969
2014-15,N4,East of England,Milton Keynes,BSU,50<71,A to D,not included,not included,74.50360645109004
2014-15,N4,East of England,Norfolk & Norwich,BSU,50<71,A to D,not included,not included,76.0932002584907
2014-15,N4,East of England,Peterborough,BSU,50<71,A to D,not included,not included,74.66785290628707
2014-15,N4,East of England,South Essex,BSU,50<71,A to D,not included,not included,67.705924075616
2014-15,N4,East of England,West Essex (Epping),BSU,50<71,A to D,not included,not included,69.78624666010407
2014-15,N4,East of England,West Suffolk,BSU,50<71,A to D,not included,not included,73.46690518783542
2014-15,N5,London,Central & East London,BSU,50<71,A to D,not included,not included,58.0435732567576
2014-15,N5,London,North London,BSU,50<71,A to D,not included,not included,64.72059305129656
2014-15,N5,London,Outer North East London,BSU,50<71,A to D,not included,not included,63.28880002423581
2014-15,N5,London,South East London,BSU,50<71,A to D,not included,not included,65.76198425948009
2014-15,N5,London,South West London,BSU,50<71,A to D,not included,not included,61.62424355855013
2014-15,N5,London,West of London,BSU,50<71,A to D,not included,not included,61.471106352112194
2014-15,N6,South East,Aylesbury & Wycombe,BSU,50<71,A to D,not included,not included,74.37517607759489
2014-15,N6,South East,Brighton,BSU,50<71,A to D,not included,not included,70.23247325074715
2014-15,N6,South East,Canterbury,BSU,50<71,A to D,not included,not included,73.28424340951834
2014-15,N6,South East,East Berkshire,BSU,50<71,A to D,not included,not included,72.84255676255303
2014-15,N6,South East,Guildford,BSU,50<71,A to D,not included,not included,72.16809385746072
2014-15,N6,South East,Isle of Wight,BSU,50<71,A to D,not included,not included,73.20954907161804
2014-15,N6,South East,Maidstone,BSU,50<71,A to D,not included,not included,74.54092894378435
2014-15,N6,South East,Medway,BSU,50<71,A to D,not included,not included,72.21642180624953
2014-15,N6,South East,North & Mid Hampshire,BSU,50<71,A to D,not included,not included,72.14495182237117
2014-15,N6,South East,Oxfordshire,BSU,50<71,A to D,not included,not included,74.74082541684733
2014-15,N6,South East,Portsmouth,BSU,50<71,A to D,not included,not included,73.16892142640262
2014-15,N6,South East,Southampton & Salisbury,BSU,50<71,A to D,not included,not included,72.92363951902814
2014-15,N6,South East,West Berkshire,BSU,50<71,A to D,not included,not included,75.60831952880545
2014-15,N6,South East,Worthing,BSU,50<71,A to D,not included,not included,73.81448610167905
2014-15,N7,South West,Avon,BSU,50<71,A to D,not included,not included,71.70552566401913
2014-15,N7,South West,Cornwall,BSU,50<71,A to D,not included,not included,76.12089421755964
2014-15,N7,South West,Dorset,BSU,50<71,A to D,not included,not included,73.34473665455063
2014-15,N7,South West,Gloucestershire,BSU,50<71,A to D,not included,not included,73.2232615425585
2014-15,N7,South West,North & East Devon,BSU,50<71,A to D,not included,not included,74.1289642747884
2014-15,N7,South West,Somerset,BSU,50<71,A to D,not included,not included,76.25917071964389
2014-15,N7,South West,South Devon,BSU,50<71,A to D,not included,not included,72.04180402609245
2014-15,N7,South West,West Devon,BSU,50<71,A to D,not included,not included,77.49990044203734
2014-15,N7,South West,Wiltshire,BSU,50<71,A to D,not included,not included,74.8170802524099
2014-15,N1,North East and Yorkshire,Barnsley,BSU,50<71,B,not included,not included,19.18819188191882
2014-15,N1,North East and Yorkshire,Doncaster,BSU,50<71,B,not included,not included,20.31413612565445
2014-15,N1,North East and Yorkshire,Gateshead,BSU,50<71,B,not included,not included,21.84340931615461
2014-15,N1,North East and Yorkshire,Humberside,BSU,50<71,B,not included,not included,16.701497735980496
2014-15,N1,North East and Yorkshire,Leeds Wakefield,BSU,50<71,B,not included,not included,19.61424332344214
2014-15,N1,North East and Yorkshire,Newcastle,BSU,50<71,B,not included,not included,19.22054915854739
2014-15,N1,North East and Yorkshire,North Cumbria,BSU,50<71,B,not included,not included,20.054384772263766
2014-15,N1,North East and Yorkshire,North Tees,BSU,50<71,B,not included,not included,18.015102481121897
2014-15,N1,North East and Yorkshire,North Yorkshire,BSU,50<71,B,not included,not included,21.55688622754491
2014-15,N1,North East and Yorkshire,Pennine,BSU,50<71,B,not included,not included,14.560770156438027
2014-15,N1,North East and Yorkshire,Rotherham,BSU,50<71,B,not included,not included,15.907710989678204
2014-15,N1,North East and Yorkshire,Sheffield,BSU,50<71,B,not included,not included,19.788519637462233
2014-15,N2,North West,Bolton,BSU,50<71,B,not included,not included,18.458564870741725
2014-15,N2,North West,Cheshire & Stockport,BSU,50<71,B,not included,not included,19.820751465012066
2014-15,N2,North West,Chester,BSU,50<71,B,not included,not included,21.304347826086957
2014-15,N2,North West,Crewe,BSU,50<71,B,not included,not included,18.723994452149793
2014-15,N2,North West,East Lancashire,BSU,50<71,B,not included,not included,19.162766510660425
2014-15,N2,North West,Liverpool,BSU,50<71,B,not included,not included,14.245076586433262
2014-15,N2,North West,Manchester,BSU,50<71,B,not included,not included,17.79205454307067
2014-15,N2,North West,North Lancashire & South Cumbria,BSU,50<71,B,not included,not included,18.977187264978692
2014-15,N2,North West,South Lancashire,BSU,50<71,B,not included,not included,19.818799546998868
2014-15,N2,North West,"Warrington, Halton, St Helens & Knowsley",BSU,50<71,B,not included,not included,18.499831819710728
2014-15,N2,North West,Wirral,BSU,50<71,B,not included,not included,16.657936092194866
2014-15,N3,Midlands,"City, Sandwell & Walsall",BSU,50<71,B,not included,not included,18.39402427637722
2014-15,N3,Midlands,"Dudley, Wolverhampton & South West Staffordshire",BSU,50<71,B,not included,not included,19.15022761760243
2014-15,N3,Midlands,Hereford & Worcester,BSU,50<71,B,not included,not included,17.264705882352942
2014-15,N3,Midlands,Kettering,BSU,50<71,B,not included,not included,26.817917393833625
2014-15,N3,Midlands,Leicestershire,BSU,50<71,B,not included,not included,20.189045079980612
2014-15,N3,Midlands,Lincolnshire,BSU,50<71,B,not included,not included,17.437722419928825
2014-15,N3,Midlands,North Derbyshire & Chesterfield,BSU,50<71,B,not included,not included,18.500892325996432
2014-15,N3,Midlands,North Midlands,BSU,50<71,B,not included,not included,20.077369439071564
2014-15,N3,Midlands,North Nottinghamshire,BSU,50<71,B,not included,not included,27.36943907156673
2014-15,N3,Midlands,Northampton,BSU,50<71,B,not included,not included,20.272812793979302
2014-15,N3,Midlands,Nottingham City,BSU,50<71,B,not included,not included,22.479108635097493
2014-15,N3,Midlands,Shropshire,BSU,50<71,B,not included,not included,15.521739130434783
2014-15,N3,Midlands,South Birmingham,BSU,50<71,B,not included,not included,16.976127320954905
2014-15,N3,Midlands,South Derbyshire & South East Staffordshire,BSU,50<71,B,not included,not included,19.423929098966028
2014-15,N3,Midlands,South Staffordshire,BSU,50<71,B,not included,not included,17.392870003601008
2014-15,N3,Midlands,"Warwickshire, Solihull & Coventry",BSU,50<71,B,not included,not included,20.91222030981067
2014-15,N4,East of England,Beds & Herts,BSU,50<71,B,not included,not included,18.546437206656236
2014-15,N4,East of England,Cambridge & Huntingdon,BSU,50<71,B,not included,not included,24.2467718794835
2014-15,N4,East of England,Chelmsford & Colchester,BSU,50<71,B,not included,not included,14.661654135338345
2014-15,N4,East of England,East Suffolk,BSU,50<71,B,not included,not included,21.632124352331605
2014-15,N4,East of England,Great Yarmouth & Waveney,BSU,50<71,B,not included,not included,20.245398773006134
2014-15,N4,East of England,King's Lynn,BSU,50<71,B,not included,not included,21.33168927250308
2014-15,N4,East of England,Milton Keynes,BSU,50<71,B,not included,not included,19.27710843373494
2014-15,N4,East of England,Norfolk & Norwich,BSU,50<71,B,not included,not included,21.5698787492023
2014-15,N4,East of England,Peterborough,BSU,50<71,B,not included,not included,21.346704871060172
2014-15,N4,East of England,South Essex,BSU,50<71,B,not included,not included,18.044779428064732
2014-15,N4,East of England,West Essex (Epping),BSU,50<71,B,not included,not included,17.70956316410862
2014-15,N4,East of England,West Suffolk,BSU,50<71,B,not included,not included,19.068596601636248
2014-15,N5,London,Central & East London,BSU,50<71,B,not included,not included,17.56670496616877
2014-15,N5,London,North London,BSU,50<71,B,not included,not included,20.577488637376348
2014-15,N5,London,Outer North East London,BSU,50<71,B,not included,not included,18.467741935483872
2014-15,N5,London,South East London,BSU,50<71,B,not included,not included,18.59582542694497
2014-15,N5,London,South West London,BSU,50<71,B,not included,not included,19.013948082138707
2014-15,N5,London,West of London,BSU,50<71,B,not included,not included,17.69316909294513
2014-15,N6,South East,Aylesbury & Wycombe,BSU,50<71,B,not included,not included,21.03491796381994
2014-15,N6,South East,Brighton,BSU,50<71,B,not included,not included,20.58603956700261
2014-15,N6,South East,Canterbury,BSU,50<71,B,not included,not included,22.72608125819135
2014-15,N6,South East,East Berkshire,BSU,50<71,B,not included,not included,22.126306224443436
2014-15,N6,South East,Guildford,BSU,50<71,B,not included,not included,20.912171702908783
2014-15,N6,South East,Isle of Wight,BSU,50<71,B,not included,not included,17.56198347107438
2014-15,N6,South East,Maidstone,BSU,50<71,B,not included,not included,21.39253279515641
2014-15,N6,South East,Medway,BSU,50<71,B,not included,not included,20.332355816226784
2014-15,N6,South East,North & Mid Hampshire,BSU,50<71,B,not included,not included,16.46586345381526
2014-15,N6,South East,Oxfordshire,BSU,50<71,B,not included,not included,24.061810154525386
2014-15,N6,South East,Portsmouth,BSU,50<71,B,not included,not included,16.44100580270793
2014-15,N6,South East,Southampton & Salisbury,BSU,50<71,B,not included,not included,21.444444444444443
2014-15,N6,South East,West Berkshire,BSU,50<71,B,not included,not included,21.29196770080748
2014-15,N6,South East,Worthing,BSU,50<71,B,not included,not included,20.54245283018868
2014-15,N7,South West,Avon,BSU,50<71,B,not included,not included,18.539755351681958
2014-15,N7,South West,Cornwall,BSU,50<71,B,not included,not included,16.13896218117854
2014-15,N7,South West,Dorset,BSU,50<71,B,not included,not included,17.442143727161998
2014-15,N7,South West,Gloucestershire,BSU,50<71,B,not included,not included,18.424356559949782
2014-15,N7,South West,North & East Devon,BSU,50<71,B,not included,not included,21.4247598719317
2014-15,N7,South West,Somerset,BSU,50<71,B,not included,not included,19.37686726419121
2014-15,N7,South West,South Devon,BSU,50<71,B,not included,not included,16.03960396039604
2014-15,N7,South West,West Devon,BSU,50<71,B,not included,not included,21.847974510696407
2014-15,N7,South West,Wiltshire,BSU,50<71,B,not included,not included,21.8798751950078
2014-15,N1,North East and Yorkshire,Barnsley,BSU,50<71,C1,not included,not included,90.25748947759347
2014-15,N1,North East and Yorkshire,Doncaster,BSU,50<71,C1,not included,not included,86.70065859358402
2014-15,N1,North East and Yorkshire,Gateshead,BSU,50<71,C1,not included,not included,87.97247464770183
2014-15,N1,North East and Yorkshire,Humberside,BSU,50<71,C1,not included,not included,84.61717477309752
2014-15,N1,North East and Yorkshire,Leeds Wakefield,BSU,50<71,C1,not included,not included,86.04792916492895
2014-15,N1,North East and Yorkshire,Newcastle,BSU,50<71,C1,not included,not included,89.28624205704152
2014-15,N1,North East and Yorkshire,North Cumbria,BSU,50<71,C1,not included,not included,90.00730578780745
2014-15,N1,North East and Yorkshire,North Tees,BSU,50<71,C1,not included,not included,86.22760764046514
2014-15,N1,North East and Yorkshire,North Yorkshire,BSU,50<71,C1,not included,not included,87.48747076511862
2014-15,N1,North East and Yorkshire,Pennine,BSU,50<71,C1,not included,not included,84.04240039068111
2014-15,N1,North East and Yorkshire,Rotherham,BSU,50<71,C1,not included,not included,88.44957796534874
2014-15,N1,North East and Yorkshire,Sheffield,BSU,50<71,C1,not included,not included,89.21450724729412
2014-15,N2,North West,Bolton,BSU,50<71,C1,not included,not included,86.02916242794167
2014-15,N2,North West,Cheshire & Stockport,BSU,50<71,C1,not included,not included,86.6236218553938
2014-15,N2,North West,Chester,BSU,50<71,C1,not included,not included,90.20168983374217
2014-15,N2,North West,Crewe,BSU,50<71,C1,not included,not included,87.88906009244992
2014-15,N2,North West,East Lancashire,BSU,50<71,C1,not included,not included,84.9774096385542
2014-15,N2,North West,Liverpool,BSU,50<71,C1,not included,not included,83.55474515932968
2014-15,N2,North West,Manchester,BSU,50<71,C1,not included,not included,83.34945508480041
2014-15,N2,North West,North Lancashire & South Cumbria,BSU,50<71,C1,not included,not included,86.850964958035
2014-15,N2,North West,South Lancashire,BSU,50<71,C1,not included,not included,86.61236224245327
2014-15,N2,North West,"Warrington, Halton, St Helens & Knowsley",BSU,50<71,C1,not included,not included,89.07788198287412
2014-15,N2,North West,Wirral,BSU,50<71,C1,not included,not included,87.49548247199132
2014-15,N3,Midlands,"City, Sandwell & Walsall",BSU,50<71,C1,not included,not included,84.17131050028176
2014-15,N3,Midlands,"Dudley, Wolverhampton & South West Staffordshire",BSU,50<71,C1,not included,not included,88.50285857887793
2014-15,N3,Midlands,Hereford & Worcester,BSU,50<71,C1,not included,not included,87.21989567261772
2014-15,N3,Midlands,Kettering,BSU,50<71,C1,not included,not included,87.84784965666788
2014-15,N3,Midlands,Leicestershire,BSU,50<71,C1,not included,not included,90.80804459076242
2014-15,N3,Midlands,Lincolnshire,BSU,50<71,C1,not included,not included,85.68256611553863
2014-15,N3,Midlands,North Derbyshire & Chesterfield,BSU,50<71,C1,not included,not included,86.8718193384224
2014-15,N3,Midlands,North Midlands,BSU,50<71,C1,not included,not included,89.27534402221941
2014-15,N3,Midlands,North Nottinghamshire,BSU,50<71,C1,not included,not included,91.89682443119601
2014-15,N3,Midlands,Northampton,BSU,50<71,C1,not included,not included,87.39579859953318
2014-15,N3,Midlands,Nottingham City,BSU,50<71,C1,not included,not included,89.7102729069425
2014-15,N3,Midlands,Shropshire,BSU,50<71,C1,not included,not included,88.10883944678292
2014-15,N3,Midlands,South Birmingham,BSU,50<71,C1,not included,not included,87.17269485481405
2014-15,N3,Midlands,South Derbyshire & South East Staffordshire,BSU,50<71,C1,not included,not included,87.99348409352243
2014-15,N3,Midlands,South Staffordshire,BSU,50<71,C1,not included,not included,88.00828034895757
2014-15,N3,Midlands,"Warwickshire, Solihull & Coventry",BSU,50<71,C1,not included,not included,87.12839773378317
2014-15,N4,East of England,Beds & Herts,BSU,50<71,C1,not included,not included,86.79805392924878
2014-15,N4,East of England,Cambridge & Huntingdon,BSU,50<71,C1,not included,not included,86.43591544798518
2014-15,N4,East of England,Chelmsford & Colchester,BSU,50<71,C1,not included,not included,85.77001538957089
2014-15,N4,East of England,East Suffolk,BSU,50<71,C1,not included,not included,88.45129642606867
2014-15,N4,East of England,Great Yarmouth & Waveney,BSU,50<71,C1,not included,not included,88.46060606060607
2014-15,N4,East of England,King's Lynn,BSU,50<71,C1,not included,not included,86.98892674616695
2014-15,N4,East of England,Milton Keynes,BSU,50<71,C1,not included,not included,87.71280532938565
2014-15,N4,East of England,Norfolk & Norwich,BSU,50<71,C1,not included,not included,88.8412219498397
2014-15,N4,East of England,Peterborough,BSU,50<71,C1,not included,not included,88.5940594059406
2014-15,N4,East of England,South Essex,BSU,50<71,C1,not included,not included,84.5295460309409
2014-15,N4,East of England,West Essex (Epping),BSU,50<71,C1,not included,not included,86.03151862464183
2014-15,N4,East of England,West Suffolk,BSU,50<71,C1,not included,not included,87.34922035892909
2014-15,N5,London,Central & East London,BSU,50<71,C1,not included,not included,75.86166194523135
2014-15,N5,London,North London,BSU,50<71,C1,not included,not included,81.86146041210839
2014-15,N5,London,Outer North East London,BSU,50<71,C1,not included,not included,79.33616676786076
2014-15,N5,London,South East London,BSU,50<71,C1,not included,not included,83.95185815164167
2014-15,N5,London,South West London,BSU,50<71,C1,not included,not included,80.20445265699043
2014-15,N5,London,West of London,BSU,50<71,C1,not included,not included,82.55976602238047
2014-15,N6,South East,Aylesbury & Wycombe,BSU,50<71,C1,not included,not included,86.67809544876404
2014-15,N6,South East,Brighton,BSU,50<71,C1,not included,not included,85.87477228257202
2014-15,N6,South East,Canterbury,BSU,50<71,C1,not included,not included,87.37718340611353
2014-15,N6,South East,East Berkshire,BSU,50<71,C1,not included,not included,86.58448673587081
2014-15,N6,South East,Guildford,BSU,50<71,C1,not included,not included,87.34250579578672
2014-15,N6,South East,Isle of Wight,BSU,50<71,C1,not included,not included,86.38621092608822
2014-15,N6,South East,Maidstone,BSU,50<71,C1,not included,not included,87.06407948256319
2014-15,N6,South East,Medway,BSU,50<71,C1,not included,not included,85.89067116926974
2014-15,N6,South East,North & Mid Hampshire,BSU,50<71,C1,not included,not included,85.63184471112861
2014-15,N6,South East,Oxfordshire,BSU,50<71,C1,not included,not included,87.5396359365825
2014-15,N6,South East,Portsmouth,BSU,50<71,C1,not included,not included,86.5335278434529
2014-15,N6,South East,Southampton & Salisbury,BSU,50<71,C1,not included,not included,87.97911933877907
2014-15,N6,South East,West Berkshire,BSU,50<71,C1,not included,not included,88.04010635940615
2014-15,N6,South East,Worthing,BSU,50<71,C1,not included,not included,87.7728156738457
2014-15,N7,South West,Avon,BSU,50<71,C1,not included,not included,86.67588750576303
2014-15,N7,South West,Cornwall,BSU,50<71,C1,not included,not included,90.22211344306432
2014-15,N7,South West,Dorset,BSU,50<71,C1,not included,not included,87.03347021841043
2014-15,N7,South West,Gloucestershire,BSU,50<71,C1,not included,not included,86.6741269175176
2014-15,N7,South West,North & East Devon,BSU,50<71,C1,not included,not included,87.94085793662005
2014-15,N7,South West,Somerset,BSU,50<71,C1,not included,not included,90.03127896200185
2014-15,N7,South West,South Devon,BSU,50<71,C1,not included,not included,87.51342065707537
2014-15,N7,South West,West Devon,BSU,50<71,C1,not included,not included,89.30489901160293
2014-15,N7,South West,Wiltshire,BSU,50<71,C1,not included,not included,87.97318611987382
2014-15,N1,North East and Yorkshire,Barnsley,BSU,50<71,C2,not included,not included,45.5188679245283
2014-15,N1,North East and Yorkshire,Doncaster,BSU,50<71,C2,not included,not included,43.93787575150301
2014-15,N1,North East and Yorkshire,Gateshead,BSU,50<71,C2,not included,not included,43.394044521538014
2014-15,N1,North East and Yorkshire,Humberside,BSU,50<71,C2,not included,not included,40.272417707150964
2014-15,N1,North East and Yorkshire,Leeds Wakefield,BSU,50<71,C2,not included,not included,38.75024562782472
2014-15,N1,North East and Yorkshire,Newcastle,BSU,50<71,C2,not included,not included,48.59762675296656
2014-15,N1,North East and Yorkshire,North Cumbria,BSU,50<71,C2,not included,not included,47.46957078795644
2014-15,N1,North East and Yorkshire,North Tees,BSU,50<71,C2,not included,not included,43.219111969111964
2014-15,N1,North East and Yorkshire,North Yorkshire,BSU,50<71,C2,not included,not included,41.090796405330025
2014-15,N1,North East and Yorkshire,Pennine,BSU,50<71,C2,not included,not included,32.758084577114424
2014-15,N1,North East and Yorkshire,Rotherham,BSU,50<71,C2,not included,not included,38.9087656529517
2014-15,N1,North East and Yorkshire,Sheffield,BSU,50<71,C2,not included,not included,47.78887303851641
2014-15,N2,North West,Bolton,BSU,50<71,C2,not included,not included,48.63804247460757
2014-15,N2,North West,Cheshire & Stockport,BSU,50<71,C2,not included,not included,46.33517495395949
2014-15,N2,North West,Chester,BSU,50<71,C2,not included,not included,47.26890756302521
2014-15,N2,North West,Crewe,BSU,50<71,C2,not included,not included,42.15873015873016
2014-15,N2,North West,East Lancashire,BSU,50<71,C2,not included,not included,43.62597714972941
2014-15,N2,North West,Liverpool,BSU,50<71,C2,not included,not included,34.87662877737732
2014-15,N2,North West,Manchester,BSU,50<71,C2,not included,not included,42.59448416751788
2014-15,N2,North West,North Lancashire & South Cumbria,BSU,50<71,C2,not included,not included,48.583984375
2014-15,N2,North West,South Lancashire,BSU,50<71,C2,not included,not included,42.916666666666664
2014-15,N2,North West,"Warrington, Halton, St Helens & Knowsley",BSU,50<71,C2,not included,not included,40.832303255047385
2014-15,N2,North West,Wirral,BSU,50<71,C2,not included,not included,39.01035673187572
2014-15,N3,Midlands,"City, Sandwell & Walsall",BSU,50<71,C2,not included,not included,32.75356654289623
2014-15,N3,Midlands,"Dudley, Wolverhampton & South West Staffordshire",BSU,50<71,C2,not included,not included,50.17713365539452
2014-15,N3,Midlands,Hereford & Worcester,BSU,50<71,C2,not included,not included,46.17122771780065
2014-15,N3,Midlands,Kettering,BSU,50<71,C2,not included,not included,43.795036028823056
2014-15,N3,Midlands,Leicestershire,BSU,50<71,C2,not included,not included,57.00677392040644
2014-15,N3,Midlands,Lincolnshire,BSU,50<71,C2,not included,not included,40.71263609369845
2014-15,N3,Midlands,North Derbyshire & Chesterfield,BSU,50<71,C2,not included,not included,45.32775453277546
2014-15,N3,Midlands,North Midlands,BSU,50<71,C2,not included,not included,46.35979333020197
2014-15,N3,Midlands,North Nottinghamshire,BSU,50<71,C2,not included,not included,51.54411764705882
2014-15,N3,Midlands,Northampton,BSU,50<71,C2,not included,not included,46.09218436873748
2014-15,N3,Midlands,Nottingham City,BSU,50<71,C2,not included,not included,51.024417625596406
2014-15,N3,Midlands,Shropshire,BSU,50<71,C2,not included,not included,40.625
2014-15,N3,Midlands,South Birmingham,BSU,50<71,C2,not included,not included,54.21174652241113
2014-15,N3,Midlands,South Derbyshire & South East Staffordshire,BSU,50<71,C2,not included,not included,51.68539325842697
2014-15,N3,Midlands,South Staffordshire,BSU,50<71,C2,not included,not included,44.109436069235066
2014-15,N3,Midlands,"Warwickshire, Solihull & Coventry",BSU,50<71,C2,not included,not included,51.47350993377483
2014-15,N4,East of England,Beds & Herts,BSU,50<71,C2,not included,not included,38.254674977738205
2014-15,N4,East of England,Cambridge & Huntingdon,BSU,50<71,C2,not included,not included,51.25531093086134
2014-15,N4,East of England,Chelmsford & Colchester,BSU,50<71,C2,not included,not included,38.22481373501782
2014-15,N4,East of England,East Suffolk,BSU,50<71,C2,not included,not included,40.30115146147033
2014-15,N4,East of England,Great Yarmouth & Waveney,BSU,50<71,C2,not included,not included,42.13709677419355
2014-15,N4,East of England,King's Lynn,BSU,50<71,C2,not included,not included,45.26650755767701
2014-15,N4,East of England,Milton Keynes,BSU,50<71,C2,not included,not included,44.34550311665183
2014-15,N4,East of England,Norfolk & Norwich,BSU,50<71,C2,not included,not included,50.11693952555964
2014-15,N4,East of England,Peterborough,BSU,50<71,C2,not included,not included,47.98011187072716
2014-15,N4,East of England,South Essex,BSU,50<71,C2,not included,not included,41.32748904195366
2014-15,N4,East of England,West Essex (Epping),BSU,50<71,C2,not included,not included,48.58156028368794
2014-15,N4,East of England,West Suffolk,BSU,50<71,C2,not included,not included,52.774631936579844
2014-15,N5,London,Central & East London,BSU,50<71,C2,not included,not included,41.26671049747973
2014-15,N5,London,North London,BSU,50<71,C2,not included,not included,42.43469689502218
2014-15,N5,London,Outer North East London,BSU,50<71,C2,not included,not included,37.75023832221163
2014-15,N5,London,South East London,BSU,50<71,C2,not included,not included,39.22782735385176
2014-15,N5,London,South West London,BSU,50<71,C2,not included,not included,41.66155732679338
2014-15,N5,London,West of London,BSU,50<71,C2,not included,not included,43.702922567038264
2014-15,N6,South East,Aylesbury & Wycombe,BSU,50<71,C2,not included,not included,39.464375947448204
2014-15,N6,South East,Brighton,BSU,50<71,C2,not included,not included,37.18214841722885
2014-15,N6,South East,Canterbury,BSU,50<71,C2,not included,not included,44.97901194704553
2014-15,N6,South East,East Berkshire,BSU,50<71,C2,not included,not included,45.153313550939664
2014-15,N6,South East,Guildford,BSU,50<71,C2,not included,not included,43.56530028598665
2014-15,N6,South East,Isle of Wight,BSU,50<71,C2,not included,not included,46.76724137931034
2014-15,N6,South East,Maidstone,BSU,50<71,C2,not included,not included,42.63689526847422
2014-15,N6,South East,Medway,BSU,50<71,C2,not included,not included,40.81145584725537
2014-15,N6,South East,North & Mid Hampshire,BSU,50<71,C2,not included,not included,44.90940465918896
2014-15,N6,South East,Oxfordshire,BSU,50<71,C2,not included,not included,50.3562945368171
2014-15,N6,South East,Portsmouth,BSU,50<71,C2,not included,not included,37.66898063573255
2014-15,N6,South East,Southampton & Salisbury,BSU,50<71,C2,not included,not included,44.529637275140075
2014-15,N6,South East,West Berkshire,BSU,50<71,C2,not included,not included,47.8515625
2014-15,N6,South East,Worthing,BSU,50<71,C2,not included,not included,47.78798888651421
2014-15,N7,South West,Avon,BSU,50<71,C2,not included,not included,38.25653798256538
2014-15,N7,South West,Cornwall,BSU,50<71,C2,not included,not included,45.944866160607276
2014-15,N7,South West,Dorset,BSU,50<71,C2,not included,not included,49.42155469859955
2014-15,N7,South West,Gloucestershire,BSU,50<71,C2,not included,not included,38.49340866290019
2014-15,N7,South West,North & East Devon,BSU,50<71,C2,not included,not included,54.338275672707304
2014-15,N7,South West,Somerset,BSU,50<71,C2,not included,not included,43.74220374220374
2014-15,N7,South West,South Devon,BSU,50<71,C2,not included,not included,41.964285714285715
2014-15,N7,South West,West Devon,BSU,50<71,C2,not included,not included,44.800000000000004
2014-15,N7,South West,Wiltshire,BSU,50<71,C2,not included,not included,52.32177894048397
2014-15,N1,North East and Yorkshire,Barnsley,BSU,50<71,D,not included,not included,100.0
2014-15,N1,North East and Yorkshire,Doncaster,BSU,50<71,D,not included,not included,100.0
2014-15,N1,North East and Yorkshire,Gateshead,BSU,50<71,D,not included,not included,100.0
2014-15,N1,North East and Yorkshire,Humberside,BSU,50<71,D,not included,not included,95.0
2014-15,N1,North East and Yorkshire,Leeds Wakefield,BSU,50<71,D,not included,not included,100.0
2014-15,N1,North East and Yorkshire,Newcastle,BSU,50<71,D,not included,not included,100.0
2014-15,N1,North East and Yorkshire,North Cumbria,BSU,50<71,D,not included,not included,100.0
2014-15,N1,North East and Yorkshire,North Tees,BSU,50<71,D,not included,not included,100.0
2014-15,N1,North East and Yorkshire,North Yorkshire,BSU,50<71,D,not included,not included,100.0
2014-15,N1,North East and Yorkshire,Pennine,BSU,50<71,D,not included,not included,100.0
2014-15,N1,North East and Yorkshire,Rotherham,BSU,50<71,D,not included,not included,100.0
2014-15,N1,North East and Yorkshire,Sheffield,BSU,50<71,D,not included,not included,100.0
2014-15,N2,North West,Bolton,BSU,50<71,D,not included,not included,80.0
2014-15,N2,North West,Cheshire & Stockport,BSU,50<71,D,not included,not included,100.0
2014-15,N2,North West,Chester,BSU,50<71,D,not included,not included,z
2014-15,N2,North West,Crewe,BSU,50<71,D,not included,not included,100.0
2014-15,N2,North West,East Lancashire,BSU,50<71,D,not included,not included,100.0
2014-15,N2,North West,Liverpool,BSU,50<71,D,not included,not included,100.0
2014-15,N2,North West,Manchester,BSU,50<71,D,not included,not included,100.0
2014-15,N2,North West,North Lancashire & South Cumbria,BSU,50<71,D,not included,not included,100.0
2014-15,N2,North West,South Lancashire,BSU,50<71,D,not included,not included,100.0
2014-15,N2,North West,"Warrington, Halton, St Helens & Knowsley",BSU,50<71,D,not included,not included,100.0
2014-15,N2,North West,Wirral,BSU,50<71,D,not included,not included,100.0
2014-15,N3,Midlands,"City, Sandwell & Walsall",BSU,50<71,D,not included,not included,87.5
2014-15,N3,Midlands,"Dudley, Wolverhampton & South West Staffordshire",BSU,50<71,D,not included,not included,100.0
2014-15,N3,Midlands,Hereford & Worcester,BSU,50<71,D,not included,not included,100.0
2014-15,N3,Midlands,Kettering,BSU,50<71,D,not included,not included,z
2014-15,N3,Midlands,Leicestershire,BSU,50<71,D,not included,not included,85.71428571428571
2014-15,N3,Midlands,Lincolnshire,BSU,50<71,D,not included,not included,100.0
2014-15,N3,Midlands,North Derbyshire & Chesterfield,BSU,50<71,D,not included,not included,100.0
2014-15,N3,Midlands,North Midlands,BSU,50<71,D,not included,not included,100.0
2014-15,N3,Midlands,North Nottinghamshire,BSU,50<71,D,not included,not included,100.0
2014-15,N3,Midlands,Northampton,BSU,50<71,D,not included,not included,100.0
2014-15,N3,Midlands,Nottingham City,BSU,50<71,D,not included,not included,z
2014-15,N3,Midlands,Shropshire,BSU,50<71,D,not included,not included,100.0
2014-15,N3,Midlands,South Birmingham,BSU,50<71,D,not included,not included,100.0
2014-15,N3,Midlands,South Derbyshire & South East Staffordshire,BSU,50<71,D,not included,not included,100.0
2014-15,N3,Midlands,South Staffordshire,BSU,50<71,D,not included,not included,100.0
2014-15,N3,Midlands,"Warwickshire, Solihull & Coventry",BSU,50<71,D,not included,not included,100.0
2014-15,N4,East of England,Beds & Herts,BSU,50<71,D,not included,not included,100.0
2014-15,N4,East of England,Cambridge & Huntingdon,BSU,50<71,D,not included,not included,100.0
2014-15,N4,East of England,Chelmsford & Colchester,BSU,50<71,D,not included,not included,50.0
2014-15,N4,East of England,East Suffolk,BSU,50<71,D,not included,not included,100.0
2014-15,N4,East of England,Great Yarmouth & Waveney,BSU,50<71,D,not included,not included,100.0
2014-15,N4,East of England,King's Lynn,BSU,50<71,D,not included,not included,100.0
2014-15,N4,East of England,Milton Keynes,BSU,50<71,D,not included,not included,100.0
2014-15,N4,East of England,Norfolk & Norwich,BSU,50<71,D,not included,not included,100.0
2014-15,N4,East of England,Peterborough,BSU,50<71,D,not included,not included,100.0
2014-15,N4,East of England,South Essex,BSU,50<71,D,not included,not included,100.0
2014-15,N4,East of England,West Essex (Epping),BSU,50<71,D,not included,not included,100.0
2014-15,N4,East of England,West Suffolk,BSU,50<71,D,not included,not included,z
2014-15,N5,London,Central & East London,BSU,50<71,D,not included,not included,100.0
2014-15,N5,London,North London,BSU,50<71,D,not included,not included,100.0
2014-15,N5,London,Outer North East London,BSU,50<71,D,not included,not included,100.0
2014-15,N5,London,South East London,BSU,50<71,D,not included,not included,100.0
2014-15,N5,London,South West London,BSU,50<71,D,not included,not included,85.71428571428571
2014-15,N5,London,West of London,BSU,50<71,D,not included,not included,100.0
2014-15,N6,South East,Aylesbury & Wycombe,BSU,50<71,D,not included,not included,100.0
2014-15,N6,South East,Brighton,BSU,50<71,D,not included,not included,100.0
2014-15,N6,South East,Canterbury,BSU,50<71,D,not included,not included,100.0
2014-15,N6,South East,East Berkshire,BSU,50<71,D,not included,not included,100.0
2014-15,N6,South East,Guildford,BSU,50<71,D,not included,not included,100.0
2014-15,N6,South East,Isle of Wight,BSU,50<71,D,not included,not included,100.0
2014-15,N6,South East,Maidstone,BSU,50<71,D,not included,not included,100.0
2014-15,N6,South East,Medway,BSU,50<71,D,not included,not included,100.0
2014-15,N6,South East,North & Mid Hampshire,BSU,50<71,D,not included,not included,100.0
2014-15,N6,South East,Oxfordshire,BSU,50<71,D,not included,not included,100.0
2014-15,N6,South East,Portsmouth,BSU,50<71,D,not included,not included,100.0
2014-15,N6,South East,Southampton & Salisbury,BSU,50<71,D,not included,not included,100.0
2014-15,N6,South East,West Berkshire,BSU,50<71,D,not included,not included,100.0
2014-15,N6,South East,Worthing,BSU,50<71,D,not included,not included,100.0
2014-15,N7,South West,Avon,BSU,50<71,D,not included,not included,100.0
2014-15,N7,South West,Cornwall,BSU,50<71,D,not included,not included,100.0
2014-15,N7,South West,Dorset,BSU,50<71,D,not included,not included,100.0
2014-15,N7,South West,Gloucestershire,BSU,50<71,D,not included,not included,100.0
2014-15,N7,South West,North & East Devon,BSU,50<71,D,not included,not included,100.0
2014-15,N7,South West,Somerset,BSU,50<71,D,not included,not included,100.0
2014-15,N7,South West,South Devon,BSU,50<71,D,not included,not included,100.0
2014-15,N7,South West,West Devon,BSU,50<71,D,not included,not included,100.0
2014-15,N7,South West,Wiltshire,BSU,50<71,D,not included,not included,100.0
2015-16,N1,North East and Yorkshire,Barnsley,BSU,50<71,A,not included,not included,64.28571428571429
2015-16,N1,North East and Yorkshire,Doncaster,BSU,50<71,A,not included,not included,61.919642857142854
2015-16,N1,North East and Yorkshire,Gateshead,BSU,50<71,A,not included,not included,35.12747875354108
2015-16,N1,North East and Yorkshire,Humberside,BSU,50<71,A,not included,not included,67.29559748427673
2015-16,N1,North East and Yorkshire,Leeds Wakefield,BSU,50<71,A,not included,not included,59.83742841307962
2015-16,N1,North East and Yorkshire,Newcastle,BSU,50<71,A,not included,not included,67.1916890080429
2015-16,N1,North East and Yorkshire,North Cumbria,BSU,50<71,A,not included,not included,72.40437158469946
2015-16,N1,North East and Yorkshire,North Tees,BSU,50<71,A,not included,not included,66.1512510542592
2015-16,N1,North East and Yorkshire,North Yorkshire,BSU,50<71,A,not included,not included,65.34502478078537
2015-16,N1,North East and Yorkshire,Pennine,BSU,50<71,A,not included,not included,63.41338127648645
2015-16,N1,North East and Yorkshire,Rotherham,BSU,50<71,A,not included,not included,62.857142857142854
2015-16,N1,North East and Yorkshire,Sheffield,BSU,50<71,A,not included,not included,68.54838709677419
2015-16,N2,North West,Bolton,BSU,50<71,A,not included,not included,61.15207373271889
2015-16,N2,North West,Cheshire & Stockport,BSU,50<71,A,not included,not included,59.30644019815995
2015-16,N2,North West,Chester,BSU,50<71,A,not included,not included,70.74401008827238
2015-16,N2,North West,Crewe,BSU,50<71,A,not included,not included,68.10810810810811
2015-16,N2,North West,East Lancashire,BSU,50<71,A,not included,not included,58.48915482423336
2015-16,N2,North West,Liverpool,BSU,50<71,A,not included,not included,60.555069930069926
2015-16,N2,North West,Manchester,BSU,50<71,A,not included,not included,59.496753246753244
2015-16,N2,North West,North Lancashire & South Cumbria,BSU,50<71,A,not included,not included,62.428062482872015
2015-16,N2,North West,South Lancashire,BSU,50<71,A,not included,not included,62.44918699186992
2015-16,N2,North West,"Warrington, Halton, St Helens & Knowsley",BSU,50<71,A,not included,not included,66.57912015758372
2015-16,N2,North West,Wirral,BSU,50<71,A,not included,not included,76.53012048192771
2015-16,N3,Midlands,"City, Sandwell & Walsall",BSU,50<71,A,not included,not included,53.01021517061508
2015-16,N3,Midlands,"Dudley, Wolverhampton & South West Staffordshire",BSU,50<71,A,not included,not included,63.144841269841265
2015-16,N3,Midlands,Hereford & Worcester,BSU,50<71,A,not included,not included,70.92945503176196
2015-16,N3,Midlands,Kettering,BSU,50<71,A,not included,not included,64.480111653873
2015-16,N3,Midlands,Leicestershire,BSU,50<71,A,not included,not included,71.21107266435986
2015-16,N3,Midlands,Lincolnshire,BSU,50<71,A,not included,not included,61.02963184675247
2015-16,N3,Midlands,North Derbyshire & Chesterfield,BSU,50<71,A,not included,not included,63.63031914893617
2015-16,N3,Midlands,North Midlands,BSU,50<71,A,not included,not included,67.6456191874694
2015-16,N3,Midlands,North Nottinghamshire,BSU,50<71,A,not included,not included,72.27533460803059
2015-16,N3,Midlands,Northampton,BSU,50<71,A,not included,not included,68.92218463025617
2015-16,N3,Midlands,Nottingham City,BSU,50<71,A,not included,not included,66.15957777087861
2015-16,N3,Midlands,Shropshire,BSU,50<71,A,not included,not included,72.7247191011236
2015-16,N3,Midlands,South Birmingham,BSU,50<71,A,not included,not included,58.47047434656341
2015-16,N3,Midlands,South Derbyshire & South East Staffordshire,BSU,50<71,A,not included,not included,63.59649122807017
2015-16,N3,Midlands,South Staffordshire,BSU,50<71,A,not included,not included,69.89380093850333
2015-16,N3,Midlands,"Warwickshire, Solihull & Coventry",BSU,50<71,A,not included,not included,60.187861271676304
2015-16,N4,East of England,Beds & Herts,BSU,50<71,A,not included,not included,57.68427335123844
2015-16,N4,East of England,Cambridge & Huntingdon,BSU,50<71,A,not included,not included,33.38088445078459
2015-16,N4,East of England,Chelmsford & Colchester,BSU,50<71,A,not included,not included,66.22565233370085
2015-16,N4,East of England,East Suffolk,BSU,50<71,A,not included,not included,40.93567251461988
2015-16,N4,East of England,Great Yarmouth & Waveney,BSU,50<71,A,not included,not included,28.96174863387978
2015-16,N4,East of England,King's Lynn,BSU,50<71,A,not included,not included,31.360946745562128
2015-16,N4,East of England,Milton Keynes,BSU,50<71,A,not included,not included,64.30288461538461
2015-16,N4,East of England,Norfolk & Norwich,BSU,50<71,A,not included,not included,36.66061705989111
2015-16,N4,East of England,Peterborough,BSU,50<71,A,not included,not included,32.327586206896555
2015-16,N4,East of England,South Essex,BSU,50<71,A,not included,not included,63.34607600629638
2015-16,N4,East of England,West Essex (Epping),BSU,50<71,A,not included,not included,65.73007830492861
2015-16,N4,East of England,West Suffolk,BSU,50<71,A,not included,not included,32.01058201058201
2015-16,N5,London,Central & East London,BSU,50<71,A,not included,not included,55.110958786736354
2015-16,N5,London,North London,BSU,50<71,A,not included,not included,55.6825264907542
2015-16,N5,London,Outer North East London,BSU,50<71,A,not included,not included,59.27565392354125
2015-16,N5,London,South East London,BSU,50<71,A,not included,not included,58.88467785598267
2015-16,N5,London,South West London,BSU,50<71,A,not included,not included,57.73742731816791
2015-16,N5,London,West of London,BSU,50<71,A,not included,not included,46.50503331915497
2015-16,N6,South East,Aylesbury & Wycombe,BSU,50<71,A,not included,not included,66.10752688172043
2015-16,N6,South East,Brighton,BSU,50<71,A,not included,not included,56.03353991979585
2015-16,N6,South East,Canterbury,BSU,50<71,A,not included,not included,65.40222367560497
2015-16,N6,South East,East Berkshire,BSU,50<71,A,not included,not included,60.716981132075475
2015-16,N6,South East,Guildford,BSU,50<71,A,not included,not included,60.948843491473916
2015-16,N6,South East,Isle of Wight,BSU,50<71,A,not included,not included,67.22068328716529
2015-16,N6,South East,Maidstone,BSU,50<71,A,not included,not included,61.7311072056239
2015-16,N6,South East,Medway,BSU,50<71,A,not included,not included,60.83796494228303
2015-16,N6,South East,North & Mid Hampshire,BSU,50<71,A,not included,not included,68.51718336938237
2015-16,N6,South East,Oxfordshire,BSU,50<71,A,not included,not included,63.32556332556333
2015-16,N6,South East,Portsmouth,BSU,50<71,A,not included,not included,66.90744920993228
2015-16,N6,South East,Southampton & Salisbury,BSU,50<71,A,not included,not included,69.36660268714012
2015-16,N6,South East,West Berkshire,BSU,50<71,A,not included,not included,64.13670661340434
2015-16,N6,South East,Worthing,BSU,50<71,A,not included,not included,66.85187892966809
2015-16,N7,South West,Avon,BSU,50<71,A,not included,not included,64.20471067170689
2015-16,N7,South West,Cornwall,BSU,50<71,A,not included,not included,64.96083550913838
2015-16,N7,South West,Dorset,BSU,50<71,A,not included,not included,60.53351573187415
2015-16,N7,South West,Gloucestershire,BSU,50<71,A,not included,not included,69.71128608923884
2015-16,N7,South West,North & East Devon,BSU,50<71,A,not included,not included,46.618705035971225
2015-16,N7,South West,Somerset,BSU,50<71,A,not included,not included,63.745292707976716
2015-16,N7,South West,South Devon,BSU,50<71,A,not included,not included,64.07272727272726
2015-16,N7,South West,West Devon,BSU,50<71,A,not included,not included,65.76695194206715
2015-16,N7,South West,Wiltshire,BSU,50<71,A,not included,not included,66.44268774703558
2015-16,N1,North East and Yorkshire,Barnsley,BSU,50<71,A and C1,not included,not included,85.79706412567603
2015-16,N1,North East and Yorkshire,Doncaster,BSU,50<71,A and C1,not included,not included,82.78161610093122
2015-16,N1,North East and Yorkshire,Gateshead,BSU,50<71,A and C1,not included,not included,88.01359953703704
2015-16,N1,North East and Yorkshire,Humberside,BSU,50<71,A and C1,not included,not included,86.27167175356345
2015-16,N1,North East and Yorkshire,Leeds Wakefield,BSU,50<71,A and C1,not included,not included,82.7740714925819
2015-16,N1,North East and Yorkshire,Newcastle,BSU,50<71,A and C1,not included,not included,86.48461283419236
2015-16,N1,North East and Yorkshire,North Cumbria,BSU,50<71,A and C1,not included,not included,86.36561954624781
2015-16,N1,North East and Yorkshire,North Tees,BSU,50<71,A and C1,not included,not included,86.57284239650951
2015-16,N1,North East and Yorkshire,North Yorkshire,BSU,50<71,A and C1,not included,not included,87.16119329905922
2015-16,N1,North East and Yorkshire,Pennine,BSU,50<71,A and C1,not included,not included,81.8397522353764
2015-16,N1,North East and Yorkshire,Rotherham,BSU,50<71,A and C1,not included,not included,87.66105629715612
2015-16,N1,North East and Yorkshire,Sheffield,BSU,50<71,A and C1,not included,not included,85.06596008569174
2015-16,N2,North West,Bolton,BSU,50<71,A and C1,not included,not included,85.26198261424356
2015-16,N2,North West,Cheshire & Stockport,BSU,50<71,A and C1,not included,not included,84.36253087592628
2015-16,N2,North West,Chester,BSU,50<71,A and C1,not included,not included,88.36317135549872
2015-16,N2,North West,Crewe,BSU,50<71,A and C1,not included,not included,86.78782371649251
2015-16,N2,North West,East Lancashire,BSU,50<71,A and C1,not included,not included,82.87030853479365
2015-16,N2,North West,Liverpool,BSU,50<71,A and C1,not included,not included,79.94736842105263
2015-16,N2,North West,Manchester,BSU,50<71,A and C1,not included,not included,79.83422431016794
2015-16,N2,North West,North Lancashire & South Cumbria,BSU,50<71,A and C1,not included,not included,83.36557839580814
2015-16,N2,North West,South Lancashire,BSU,50<71,A and C1,not included,not included,86.15615334145656
2015-16,N2,North West,"Warrington, Halton, St Helens & Knowsley",BSU,50<71,A and C1,not included,not included,84.88113805000236
2015-16,N2,North West,Wirral,BSU,50<71,A and C1,not included,not included,88.28581013082858
2015-16,N3,Midlands,"City, Sandwell & Walsall",BSU,50<71,A and C1,not included,not included,81.03327446528186
2015-16,N3,Midlands,"Dudley, Wolverhampton & South West Staffordshire",BSU,50<71,A and C1,not included,not included,86.23431199954568
2015-16,N3,Midlands,Hereford & Worcester,BSU,50<71,A and C1,not included,not included,85.880247601725
2015-16,N3,Midlands,Kettering,BSU,50<71,A and C1,not included,not included,86.49543132599467
2015-16,N3,Midlands,Leicestershire,BSU,50<71,A and C1,not included,not included,86.57616058838168
2015-16,N3,Midlands,Lincolnshire,BSU,50<71,A and C1,not included,not included,82.82349000781511
2015-16,N3,Midlands,North Derbyshire & Chesterfield,BSU,50<71,A and C1,not included,not included,85.50258632741507
2015-16,N3,Midlands,North Midlands,BSU,50<71,A and C1,not included,not included,85.70884768067867
2015-16,N3,Midlands,North Nottinghamshire,BSU,50<71,A and C1,not included,not included,89.92414924149242
2015-16,N3,Midlands,Northampton,BSU,50<71,A and C1,not included,not included,85.18867924528301
2015-16,N3,Midlands,Nottingham City,BSU,50<71,A and C1,not included,not included,86.43441431715317
2015-16,N3,Midlands,Shropshire,BSU,50<71,A and C1,not included,not included,87.14101802337096
2015-16,N3,Midlands,South Birmingham,BSU,50<71,A and C1,not included,not included,77.74326176336227
2015-16,N3,Midlands,South Derbyshire & South East Staffordshire,BSU,50<71,A and C1,not included,not included,85.99619691527572
2015-16,N3,Midlands,South Staffordshire,BSU,50<71,A and C1,not included,not included,85.06700701978302
2015-16,N3,Midlands,"Warwickshire, Solihull & Coventry",BSU,50<71,A and C1,not included,not included,84.13065183283412
2015-16,N4,East of England,Beds & Herts,BSU,50<71,A and C1,not included,not included,82.74965358844409
2015-16,N4,East of England,Cambridge & Huntingdon,BSU,50<71,A and C1,not included,not included,84.80123703369628
2015-16,N4,East of England,Chelmsford & Colchester,BSU,50<71,A and C1,not included,not included,86.95087080842214
2015-16,N4,East of England,East Suffolk,BSU,50<71,A and C1,not included,not included,87.90311418685121
2015-16,N4,East of England,Great Yarmouth & Waveney,BSU,50<71,A and C1,not included,not included,87.88702928870293
2015-16,N4,East of England,King's Lynn,BSU,50<71,A and C1,not included,not included,87.93276972624798
2015-16,N4,East of England,Milton Keynes,BSU,50<71,A and C1,not included,not included,85.9072348445189
2015-16,N4,East of England,Norfolk & Norwich,BSU,50<71,A and C1,not included,not included,88.81516975877463
2015-16,N4,East of England,Peterborough,BSU,50<71,A and C1,not included,not included,87.71481323675614
2015-16,N4,East of England,South Essex,BSU,50<71,A and C1,not included,not included,81.77111716621253
2015-16,N4,East of England,West Essex (Epping),BSU,50<71,A and C1,not included,not included,82.96977403893182
2015-16,N4,East of England,West Suffolk,BSU,50<71,A and C1,not included,not included,85.97972972972973
2015-16,N5,London,Central & East London,BSU,50<71,A and C1,not included,not included,73.00751334766748
2015-16,N5,London,North London,BSU,50<71,A and C1,not included,not included,78.81648545401117
2015-16,N5,London,Outer North East London,BSU,50<71,A and C1,not included,not included,75.85118214759802
2015-16,N5,London,South East London,BSU,50<71,A and C1,not included,not included,81.5382788847775
2015-16,N5,London,South West London,BSU,50<71,A and C1,not included,not included,76.32507896063912
2015-16,N5,London,West of London,BSU,50<71,A and C1,not included,not included,75.97179078163042
2015-16,N6,South East,Aylesbury & Wycombe,BSU,50<71,A and C1,not included,not included,85.22310842854064
2015-16,N6,South East,Brighton,BSU,50<71,A and C1,not included,not included,84.91212717858966
2015-16,N6,South East,Canterbury,BSU,50<71,A and C1,not included,not included,85.74254469450976
2015-16,N6,South East,East Berkshire,BSU,50<71,A and C1,not included,not included,80.25326942422627
2015-16,N6,South East,Guildford,BSU,50<71,A and C1,not included,not included,83.53999566442663
2015-16,N6,South East,Isle of Wight,BSU,50<71,A and C1,not included,not included,84.53136011275546
2015-16,N6,South East,Maidstone,BSU,50<71,A and C1,not included,not included,82.08864602307226
2015-16,N6,South East,Medway,BSU,50<71,A and C1,not included,not included,84.46718328552468
2015-16,N6,South East,North & Mid Hampshire,BSU,50<71,A and C1,not included,not included,83.61504424778761
2015-16,N6,South East,Oxfordshire,BSU,50<71,A and C1,not included,not included,84.38994695190885
2015-16,N6,South East,Portsmouth,BSU,50<71,A and C1,not included,not included,81.17540473470673
2015-16,N6,South East,Southampton & Salisbury,BSU,50<71,A and C1,not included,not included,84.82119551031062
2015-16,N6,South East,West Berkshire,BSU,50<71,A and C1,not included,not included,84.05452436194895
2015-16,N6,South East,Worthing,BSU,50<71,A and C1,not included,not included,84.4091164884637
2015-16,N7,South West,Avon,BSU,50<71,A and C1,not included,not included,86.21607614021862
2015-16,N7,South West,Cornwall,BSU,50<71,A and C1,not included,not included,86.8860103626943
2015-16,N7,South West,Dorset,BSU,50<71,A and C1,not included,not included,83.63929588580447
2015-16,N7,South West,Gloucestershire,BSU,50<71,A and C1,not included,not included,84.81322006284185
2015-16,N7,South West,North & East Devon,BSU,50<71,A and C1,not included,not included,87.68154634771466
2015-16,N7,South West,Somerset,BSU,50<71,A and C1,not included,not included,85.47688541568591
2015-16,N7,South West,South Devon,BSU,50<71,A and C1,not included,not included,85.55919214496687
2015-16,N7,South West,West Devon,BSU,50<71,A and C1,not included,not included,86.87659668999223
2015-16,N7,South West,Wiltshire,BSU,50<71,A and C1,not included,not included,85.65905096660809
2015-16,N1,North East and Yorkshire,Barnsley,BSU,50<71,A to C2,not included,not included,72.52140818268316
2015-16,N1,North East and Yorkshire,Doncaster,BSU,50<71,A to C2,not included,not included,69.6512468377304
2015-16,N1,North East and Yorkshire,Gateshead,BSU,50<71,A to C2,not included,not included,75.40087463556851
2015-16,N1,North East and Yorkshire,Humberside,BSU,50<71,A to C2,not included,not included,74.09462130050716
2015-16,N1,North East and Yorkshire,Leeds Wakefield,BSU,50<71,A to C2,not included,not included,69.38019145528365
2015-16,N1,North East and Yorkshire,Newcastle,BSU,50<71,A to C2,not included,not included,75.49470175020836
2015-16,N1,North East and Yorkshire,North Cumbria,BSU,50<71,A to C2,not included,not included,77.50330568577954
2015-16,N1,North East and Yorkshire,North Tees,BSU,50<71,A to C2,not included,not included,74.49795482107253
2015-16,N1,North East and Yorkshire,North Yorkshire,BSU,50<71,A to C2,not included,not included,77.12262815066553
2015-16,N1,North East and Yorkshire,Pennine,BSU,50<71,A to C2,not included,not included,70.23938223938224
2015-16,N1,North East and Yorkshire,Rotherham,BSU,50<71,A to C2,not included,not included,78.42363583870657
2015-16,N1,North East and Yorkshire,Sheffield,BSU,50<71,A to C2,not included,not included,73.83315450643777
2015-16,N2,North West,Bolton,BSU,50<71,A to C2,not included,not included,71.57955198161976
2015-16,N2,North West,Cheshire & Stockport,BSU,50<71,A to C2,not included,not included,70.59727916511368
2015-16,N2,North West,Chester,BSU,50<71,A to C2,not included,not included,77.69354133255577
2015-16,N2,North West,Crewe,BSU,50<71,A to C2,not included,not included,75.73399363282631
2015-16,N2,North West,East Lancashire,BSU,50<71,A to C2,not included,not included,67.51188589540412
2015-16,N2,North West,Liverpool,BSU,50<71,A to C2,not included,not included,64.84539536664752
2015-16,N2,North West,Manchester,BSU,50<71,A to C2,not included,not included,66.28682547399126
2015-16,N2,North West,North Lancashire & South Cumbria,BSU,50<71,A to C2,not included,not included,71.04170427875067
2015-16,N2,North West,South Lancashire,BSU,50<71,A to C2,not included,not included,71.61079090071962
2015-16,N2,North West,"Warrington, Halton, St Helens & Knowsley",BSU,50<71,A to C2,not included,not included,72.2884012539185
2015-16,N2,North West,Wirral,BSU,50<71,A to C2,not included,not included,78.52058694699956
2015-16,N3,Midlands,"City, Sandwell & Walsall",BSU,50<71,A to C2,not included,not included,65.73662518183288
2015-16,N3,Midlands,"Dudley, Wolverhampton & South West Staffordshire",BSU,50<71,A to C2,not included,not included,72.77600870651779
2015-16,N3,Midlands,Hereford & Worcester,BSU,50<71,A to C2,not included,not included,75.99619833561279
2015-16,N3,Midlands,Kettering,BSU,50<71,A to C2,not included,not included,77.1494689372812
2015-16,N3,Midlands,Leicestershire,BSU,50<71,A to C2,not included,not included,76.8300769162762
2015-16,N3,Midlands,Lincolnshire,BSU,50<71,A to C2,not included,not included,73.3718619366334
2015-16,N3,Midlands,North Derbyshire & Chesterfield,BSU,50<71,A to C2,not included,not included,73.88518441341945
2015-16,N3,Midlands,North Midlands,BSU,50<71,A to C2,not included,not included,74.61979664552013
2015-16,N3,Midlands,North Nottinghamshire,BSU,50<71,A to C2,not included,not included,80.74265256847889
2015-16,N3,Midlands,Northampton,BSU,50<71,A to C2,not included,not included,75.78920175665202
2015-16,N3,Midlands,Nottingham City,BSU,50<71,A to C2,not included,not included,76.42726190859092
2015-16,N3,Midlands,Shropshire,BSU,50<71,A to C2,not included,not included,77.39706186633562
2015-16,N3,Midlands,South Birmingham,BSU,50<71,A to C2,not included,not included,62.90117860380779
2015-16,N3,Midlands,South Derbyshire & South East Staffordshire,BSU,50<71,A to C2,not included,not included,76.16660112727749
2015-16,N3,Midlands,South Staffordshire,BSU,50<71,A to C2,not included,not included,73.87656228057857
2015-16,N3,Midlands,"Warwickshire, Solihull & Coventry",BSU,50<71,A to C2,not included,not included,73.25824035431394
2015-16,N4,East of England,Beds & Herts,BSU,50<71,A to C2,not included,not included,69.56023163809415
2015-16,N4,East of England,Cambridge & Huntingdon,BSU,50<71,A to C2,not included,not included,72.85680915673908
2015-16,N4,East of England,Chelmsford & Colchester,BSU,50<71,A to C2,not included,not included,76.54324707016539
2015-16,N4,East of England,East Suffolk,BSU,50<71,A to C2,not included,not included,77.15351571331675
2015-16,N4,East of England,Great Yarmouth & Waveney,BSU,50<71,A to C2,not included,not included,76.58455114822547
2015-16,N4,East of England,King's Lynn,BSU,50<71,A to C2,not included,not included,75.35141706557252
2015-16,N4,East of England,Milton Keynes,BSU,50<71,A to C2,not included,not included,76.49206214449444
2015-16,N4,East of England,Norfolk & Norwich,BSU,50<71,A to C2,not included,not included,77.41052035130797
2015-16,N4,East of England,Peterborough,BSU,50<71,A to C2,not included,not included,76.73795328994147
2015-16,N4,East of England,South Essex,BSU,50<71,A to C2,not included,not included,69.4421401907922
2015-16,N4,East of England,West Essex (Epping),BSU,50<71,A to C2,not included,not included,72.90673420738975
2015-16,N4,East of England,West Suffolk,BSU,50<71,A to C2,not included,not included,74.2211894561034
2015-16,N5,London,Central & East London,BSU,50<71,A to C2,not included,not included,60.99853410364749
2015-16,N5,London,North London,BSU,50<71,A to C2,not included,not included,66.514050719671
2015-16,N5,London,Outer North East London,BSU,50<71,A to C2,not included,not included,65.55595697968485
2015-16,N5,London,South East London,BSU,50<71,A to C2,not included,not included,68.28097092495535
2015-16,N5,London,South West London,BSU,50<71,A to C2,not included,not included,65.69840666919895
2015-16,N5,London,West of London,BSU,50<71,A to C2,not included,not included,61.25123452100585
2015-16,N6,South East,Aylesbury & Wycombe,BSU,50<71,A to C2,not included,not included,75.88482834994463
2015-16,N6,South East,Brighton,BSU,50<71,A to C2,not included,not included,73.37007206443408
2015-16,N6,South East,Canterbury,BSU,50<71,A to C2,not included,not included,74.1073256324024
2015-16,N6,South East,East Berkshire,BSU,50<71,A to C2,not included,not included,68.70051442630285
2015-16,N6,South East,Guildford,BSU,50<71,A to C2,not included,not included,71.84407494851057
2015-16,N6,South East,Isle of Wight,BSU,50<71,A to C2,not included,not included,74.41400734255859
2015-16,N6,South East,Maidstone,BSU,50<71,A to C2,not included,not included,71.00366439822967
2015-16,N6,South East,Medway,BSU,50<71,A to C2,not included,not included,72.82539469714744
2015-16,N6,South East,North & Mid Hampshire,BSU,50<71,A to C2,not included,not included,75.25
2015-16,N6,South East,Oxfordshire,BSU,50<71,A to C2,not included,not included,74.29077410346355
2015-16,N6,South East,Portsmouth,BSU,50<71,A to C2,not included,not included,71.38092061374249
2015-16,N6,South East,Southampton & Salisbury,BSU,50<71,A to C2,not included,not included,75.04481231547871
2015-16,N6,South East,West Berkshire,BSU,50<71,A to C2,not included,not included,72.84654361201592
2015-16,N6,South East,Worthing,BSU,50<71,A to C2,not included,not included,74.01078335264236
2015-16,N7,South West,Avon,BSU,50<71,A to C2,not included,not included,74.13563583921902
2015-16,N7,South West,Cornwall,BSU,50<71,A to C2,not included,not included,74.88219044523888
2015-16,N7,South West,Dorset,BSU,50<71,A to C2,not included,not included,73.12546203400571
2015-16,N7,South West,Gloucestershire,BSU,50<71,A to C2,not included,not included,74.61570156254952
2015-16,N7,South West,North & East Devon,BSU,50<71,A to C2,not included,not included,76.76013472385668
2015-16,N7,South West,Somerset,BSU,50<71,A to C2,not included,not included,75.18161159333904
2015-16,N7,South West,South Devon,BSU,50<71,A to C2,not included,not included,74.7237923946557
2015-16,N7,South West,West Devon,BSU,50<71,A to C2,not included,not included,76.74345361288582
2015-16,N7,South West,Wiltshire,BSU,50<71,A to C2,not included,not included,75.21724137931034
2015-16,N1,North East and Yorkshire,Barnsley,BSU,50<71,A to D,not included,not included,72.52140818268316
2015-16,N1,North East and Yorkshire,Doncaster,BSU,50<71,A to D,not included,not included,69.65810035680413
2015-16,N1,North East and Yorkshire,Gateshead,BSU,50<71,A to D,not included,not included,75.40845780904071
2015-16,N1,North East and Yorkshire,Humberside,BSU,50<71,A to D,not included,not included,74.10571911369207
2015-16,N1,North East and Yorkshire,Leeds Wakefield,BSU,50<71,A to D,not included,not included,69.38703310617063
2015-16,N1,North East and Yorkshire,Newcastle,BSU,50<71,A to D,not included,not included,75.50286843295484
2015-16,N1,North East and Yorkshire,North Cumbria,BSU,50<71,A to D,not included,not included,77.51006429129363
2015-16,N1,North East and Yorkshire,North Tees,BSU,50<71,A to D,not included,not included,74.50109953346897
2015-16,N1,North East and Yorkshire,North Yorkshire,BSU,50<71,A to D,not included,not included,77.12457168748054
2015-16,N1,North East and Yorkshire,Pennine,BSU,50<71,A to D,not included,not included,70.24627499420984
2015-16,N1,North East and Yorkshire,Rotherham,BSU,50<71,A to D,not included,not included,78.42778793418648
2015-16,N1,North East and Yorkshire,Sheffield,BSU,50<71,A to D,not included,not included,73.83666353761566
2015-16,N2,North West,Bolton,BSU,50<71,A to D,not included,not included,71.58608016538417
2015-16,N2,North West,Cheshire & Stockport,BSU,50<71,A to D,not included,not included,70.61370832557273
2015-16,N2,North West,Chester,BSU,50<71,A to D,not included,not included,77.69354133255577
2015-16,N2,North West,Crewe,BSU,50<71,A to D,not included,not included,75.74600480837222
2015-16,N2,North West,East Lancashire,BSU,50<71,A to D,not included,not included,67.51340013982755
2015-16,N2,North West,Liverpool,BSU,50<71,A to D,not included,not included,64.84791920932348
2015-16,N2,North West,Manchester,BSU,50<71,A to D,not included,not included,66.28944758793676
2015-16,N2,North West,North Lancashire & South Cumbria,BSU,50<71,A to D,not included,not included,71.0538979788258
2015-16,N2,North West,South Lancashire,BSU,50<71,A to D,not included,not included,71.61853455624126
2015-16,N2,North West,"Warrington, Halton, St Helens & Knowsley",BSU,50<71,A to D,not included,not included,72.30616155660378
2015-16,N2,North West,Wirral,BSU,50<71,A to D,not included,not included,78.53351573187415
2015-16,N3,Midlands,"City, Sandwell & Walsall",BSU,50<71,A to D,not included,not included,65.74077815037776
2015-16,N3,Midlands,"Dudley, Wolverhampton & South West Staffordshire",BSU,50<71,A to D,not included,not included,72.77930033854587
2015-16,N3,Midlands,Hereford & Worcester,BSU,50<71,A to D,not included,not included,75.99953644686522
2015-16,N3,Midlands,Kettering,BSU,50<71,A to D,not included,not included,77.1494689372812
2015-16,N3,Midlands,Leicestershire,BSU,50<71,A to D,not included,not included,76.83366113456056
2015-16,N3,Midlands,Lincolnshire,BSU,50<71,A to D,not included,not included,73.37247019050665
2015-16,N3,Midlands,North Derbyshire & Chesterfield,BSU,50<71,A to D,not included,not included,73.88654477262072
2015-16,N3,Midlands,North Midlands,BSU,50<71,A to D,not included,not included,74.62310466177173
2015-16,N3,Midlands,North Nottinghamshire,BSU,50<71,A to D,not included,not included,80.74585865312578
2015-16,N3,Midlands,Northampton,BSU,50<71,A to D,not included,not included,75.79795475674001
2015-16,N3,Midlands,Nottingham City,BSU,50<71,A to D,not included,not included,76.42726190859092
2015-16,N3,Midlands,Shropshire,BSU,50<71,A to D,not included,not included,77.4017376913529
2015-16,N3,Midlands,South Birmingham,BSU,50<71,A to D,not included,not included,62.90342076634836
2015-16,N3,Midlands,South Derbyshire & South East Staffordshire,BSU,50<71,A to D,not included,not included,76.1697247706422
2015-16,N3,Midlands,South Staffordshire,BSU,50<71,A to D,not included,not included,73.88206388206389
2015-16,N3,Midlands,"Warwickshire, Solihull & Coventry",BSU,50<71,A to D,not included,not included,73.26222562857933
2015-16,N4,East of England,Beds & Herts,BSU,50<71,A to D,not included,not included,69.57505945729105
2015-16,N4,East of England,Cambridge & Huntingdon,BSU,50<71,A to D,not included,not included,72.86188051753936
2015-16,N4,East of England,Chelmsford & Colchester,BSU,50<71,A to D,not included,not included,76.54607344037112
2015-16,N4,East of England,East Suffolk,BSU,50<71,A to D,not included,not included,77.15609811235447
2015-16,N4,East of England,Great Yarmouth & Waveney,BSU,50<71,A to D,not included,not included,76.58650634602539
2015-16,N4,East of England,King's Lynn,BSU,50<71,A to D,not included,not included,75.35890619065705
2015-16,N4,East of England,Milton Keynes,BSU,50<71,A to D,not included,not included,76.5000424340151
2015-16,N4,East of England,Norfolk & Norwich,BSU,50<71,A to D,not included,not included,77.41336438890812
2015-16,N4,East of England,Peterborough,BSU,50<71,A to D,not included,not included,76.74431321084865
2015-16,N4,East of England,South Essex,BSU,50<71,A to D,not included,not included,69.45269850044917
2015-16,N4,East of England,West Essex (Epping),BSU,50<71,A to D,not included,not included,72.91278766664185
2015-16,N4,East of England,West Suffolk,BSU,50<71,A to D,not included,not included,74.2211894561034
2015-16,N5,London,Central & East London,BSU,50<71,A to D,not included,not included,61.0052590740581
2015-16,N5,London,North London,BSU,50<71,A to D,not included,not included,66.5163456925502
2015-16,N5,London,Outer North East London,BSU,50<71,A to D,not included,not included,65.56265629341483
2015-16,N5,London,South East London,BSU,50<71,A to D,not included,not included,68.28607813574952
2015-16,N5,London,South West London,BSU,50<71,A to D,not included,not included,65.71086022579678
2015-16,N5,London,West of London,BSU,50<71,A to D,not included,not included,61.254913876597605
2015-16,N6,South East,Aylesbury & Wycombe,BSU,50<71,A to D,not included,not included,75.89123599486294
2015-16,N6,South East,Brighton,BSU,50<71,A to D,not included,not included,73.39939024390245
2015-16,N6,South East,Canterbury,BSU,50<71,A to D,not included,not included,74.12094817759332
2015-16,N6,South East,East Berkshire,BSU,50<71,A to D,not included,not included,68.70891283931846
2015-16,N6,South East,Guildford,BSU,50<71,A to D,not included,not included,71.85632751435219
2015-16,N6,South East,Isle of Wight,BSU,50<71,A to D,not included,not included,74.41882352941175
2015-16,N6,South East,Maidstone,BSU,50<71,A to D,not included,not included,71.03674478300138
2015-16,N6,South East,Medway,BSU,50<71,A to D,not included,not included,72.8335902419409
2015-16,N6,South East,North & Mid Hampshire,BSU,50<71,A to D,not included,not included,75.26254798290722
2015-16,N6,South East,Oxfordshire,BSU,50<71,A to D,not included,not included,74.30739908787693
2015-16,N6,South East,Portsmouth,BSU,50<71,A to D,not included,not included,71.41905396402399
2015-16,N6,South East,Southampton & Salisbury,BSU,50<71,A to D,not included,not included,75.04941622960757
2015-16,N6,South East,West Berkshire,BSU,50<71,A to D,not included,not included,72.85145648633979
2015-16,N6,South East,Worthing,BSU,50<71,A to D,not included,not included,74.02351578853606
2015-16,N7,South West,Avon,BSU,50<71,A to D,not included,not included,74.1385684708666
2015-16,N7,South West,Cornwall,BSU,50<71,A to D,not included,not included,74.88525122872578
2015-16,N7,South West,Dorset,BSU,50<71,A to D,not included,not included,73.13184637719414
2015-16,N7,South West,Gloucestershire,BSU,50<71,A to D,not included,not included,74.62535246966384
2015-16,N7,South West,North & East Devon,BSU,50<71,A to D,not included,not included,76.7695615138117
2015-16,N7,South West,Somerset,BSU,50<71,A to D,not included,not included,75.1853093455507
2015-16,N7,South West,South Devon,BSU,50<71,A to D,not included,not included,74.7335302427122
2015-16,N7,South West,West Devon,BSU,50<71,A to D,not included,not included,76.75150643043439
2015-16,N7,South West,Wiltshire,BSU,50<71,A to D,not included,not included,75.22145245234894
2015-16,N1,North East and Yorkshire,Barnsley,BSU,50<71,B,not included,not included,20.823798627002287
2015-16,N1,North East and Yorkshire,Doncaster,BSU,50<71,B,not included,not included,20.079099482811074
2015-16,N1,North East and Yorkshire,Gateshead,BSU,50<71,B,not included,not included,22.095032397408207
2015-16,N1,North East and Yorkshire,Humberside,BSU,50<71,B,not included,not included,22.97096053611318
2015-16,N1,North East and Yorkshire,Leeds Wakefield,BSU,50<71,B,not included,not included,21.363160648874935
2015-16,N1,North East and Yorkshire,Newcastle,BSU,50<71,B,not included,not included,22.32312565997888
2015-16,N1,North East and Yorkshire,North Cumbria,BSU,50<71,B,not included,not included,19.56027293404094
2015-16,N1,North East and Yorkshire,North Tees,BSU,50<71,B,not included,not included,22.22403924775143
2015-16,N1,North East and Yorkshire,North Yorkshire,BSU,50<71,B,not included,not included,21.98324022346369
2015-16,N1,North East and Yorkshire,Pennine,BSU,50<71,B,not included,not included,20.682989690721648
2015-16,N1,North East and Yorkshire,Rotherham,BSU,50<71,B,not included,not included,26.310679611650485
2015-16,N1,North East and Yorkshire,Sheffield,BSU,50<71,B,not included,not included,18.928571428571427
2015-16,N2,North West,Bolton,BSU,50<71,B,not included,not included,21.837708830548927
2015-16,N2,North West,Cheshire & Stockport,BSU,50<71,B,not included,not included,20.623095157466985
2015-16,N2,North West,Chester,BSU,50<71,B,not included,not included,24.686192468619247
2015-16,N2,North West,Crewe,BSU,50<71,B,not included,not included,22.995461422087747
2015-16,N2,North West,East Lancashire,BSU,50<71,B,not included,not included,22.780983786754604
2015-16,N2,North West,Liverpool,BSU,50<71,B,not included,not included,16.124760923937032
2015-16,N2,North West,Manchester,BSU,50<71,B,not included,not included,20.275730924649395
2015-16,N2,North West,North Lancashire & South Cumbria,BSU,50<71,B,not included,not included,21.457393781153574
2015-16,N2,North West,South Lancashire,BSU,50<71,B,not included,not included,21.481310567604982
2015-16,N2,North West,"Warrington, Halton, St Helens & Knowsley",BSU,50<71,B,not included,not included,19.080459770114942
2015-16,N2,North West,Wirral,BSU,50<71,B,not included,not included,21.58403869407497
2015-16,N3,Midlands,"City, Sandwell & Walsall",BSU,50<71,B,not included,not included,19.250205664590432
2015-16,N3,Midlands,"Dudley, Wolverhampton & South West Staffordshire",BSU,50<71,B,not included,not included,20.60463751100675
2015-16,N3,Midlands,Hereford & Worcester,BSU,50<71,B,not included,not included,17.50342935528121
2015-16,N3,Midlands,Kettering,BSU,50<71,B,not included,not included,25.03105590062112
2015-16,N3,Midlands,Leicestershire,BSU,50<71,B,not included,not included,22.43604256282545
2015-16,N3,Midlands,Lincolnshire,BSU,50<71,B,not included,not included,20.819636204251587
2015-16,N3,Midlands,North Derbyshire & Chesterfield,BSU,50<71,B,not included,not included,22.30392156862745
2015-16,N3,Midlands,North Midlands,BSU,50<71,B,not included,not included,18.937644341801384
2015-16,N3,Midlands,North Nottinghamshire,BSU,50<71,B,not included,not included,29.062500000000004
2015-16,N3,Midlands,Northampton,BSU,50<71,B,not included,not included,21.922077922077925
2015-16,N3,Midlands,Nottingham City,BSU,50<71,B,not included,not included,25.190392501464558
2015-16,N3,Midlands,Shropshire,BSU,50<71,B,not included,not included,16.34078212290503
2015-16,N3,Midlands,South Birmingham,BSU,50<71,B,not included,not included,20.327272727272728
2015-16,N3,Midlands,South Derbyshire & South East Staffordshire,BSU,50<71,B,not included,not included,21.074523396880416
2015-16,N3,Midlands,South Staffordshire,BSU,50<71,B,not included,not included,20.576283708902846
2015-16,N3,Midlands,"Warwickshire, Solihull & Coventry",BSU,50<71,B,not included,not included,22.76194299478121
2015-16,N4,East of England,Beds & Herts,BSU,50<71,B,not included,not included,20.23894618605126
2015-16,N4,East of England,Cambridge & Huntingdon,BSU,50<71,B,not included,not included,28.002489110143124
2015-16,N4,East of England,Chelmsford & Colchester,BSU,50<71,B,not included,not included,22.245322245322246
2015-16,N4,East of England,East Suffolk,BSU,50<71,B,not included,not included,21.443624868282402
2015-16,N4,East of England,Great Yarmouth & Waveney,BSU,50<71,B,not included,not included,20.54263565891473
2015-16,N4,East of England,King's Lynn,BSU,50<71,B,not included,not included,24.777183600713013
2015-16,N4,East of England,Milton Keynes,BSU,50<71,B,not included,not included,25.841750841750844
2015-16,N4,East of England,Norfolk & Norwich,BSU,50<71,B,not included,not included,24.014713610089334
2015-16,N4,East of England,Peterborough,BSU,50<71,B,not included,not included,28.19974821653378
2015-16,N4,East of England,South Essex,BSU,50<71,B,not included,not included,21.513240857503153
2015-16,N4,East of England,West Essex (Epping),BSU,50<71,B,not included,not included,19.52
2015-16,N4,East of England,West Suffolk,BSU,50<71,B,not included,not included,26.467505241090144
2015-16,N5,London,Central & East London,BSU,50<71,B,not included,not included,21.394611727416798
2015-16,N5,London,North London,BSU,50<71,B,not included,not included,22.21646367798221
2015-16,N5,London,Outer North East London,BSU,50<71,B,not included,not included,19.602204648933622
2015-16,N5,London,South East London,BSU,50<71,B,not included,not included,21.31942538201116
2015-16,N5,London,South West London,BSU,50<71,B,not included,not included,23.69274136715997
2015-16,N5,London,West of London,BSU,50<71,B,not included,not included,21.945367294204505
2015-16,N6,South East,Aylesbury & Wycombe,BSU,50<71,B,not included,not included,25.825825825825827
2015-16,N6,South East,Brighton,BSU,50<71,B,not included,not included,26.56894182317911
2015-16,N6,South East,Canterbury,BSU,50<71,B,not included,not included,22.777646781419477
2015-16,N6,South East,East Berkshire,BSU,50<71,B,not included,not included,21.479791395045634
2015-16,N6,South East,Guildford,BSU,50<71,B,not included,not included,20.028328611898015
2015-16,N6,South East,Isle of Wight,BSU,50<71,B,not included,not included,19.756554307116104
2015-16,N6,South East,Maidstone,BSU,50<71,B,not included,not included,23.92463562033416
2015-16,N6,South East,Medway,BSU,50<71,B,not included,not included,21.762848119437265
2015-16,N6,South East,North & Mid Hampshire,BSU,50<71,B,not included,not included,20.543144984669297
2015-16,N6,South East,Oxfordshire,BSU,50<71,B,not included,not included,25.908667287977632
2015-16,N6,South East,Portsmouth,BSU,50<71,B,not included,not included,20.14254725751472
2015-16,N6,South East,Southampton & Salisbury,BSU,50<71,B,not included,not included,22.88392610973256
2015-16,N6,South East,West Berkshire,BSU,50<71,B,not included,not included,22.162162162162165
2015-16,N6,South East,Worthing,BSU,50<71,B,not included,not included,21.1593609176567
2015-16,N7,South West,Avon,BSU,50<71,B,not included,not included,22.10599721059972
2015-16,N7,South West,Cornwall,BSU,50<71,B,not included,not included,16.170525542080117
2015-16,N7,South West,Dorset,BSU,50<71,B,not included,not included,20.450427129174216
2015-16,N7,South West,Gloucestershire,BSU,50<71,B,not included,not included,20.154258886653253
2015-16,N7,South West,North & East Devon,BSU,50<71,B,not included,not included,22.628304821150856
2015-16,N7,South West,Somerset,BSU,50<71,B,not included,not included,22.294455066921607
2015-16,N7,South West,South Devon,BSU,50<71,B,not included,not included,19.665809768637533
2015-16,N7,South West,West Devon,BSU,50<71,B,not included,not included,24.04274265360641
2015-16,N7,South West,Wiltshire,BSU,50<71,B,not included,not included,23.01829268292683
2015-16,N1,North East and Yorkshire,Barnsley,BSU,50<71,C1,not included,not included,89.7439804937519
2015-16,N1,North East and Yorkshire,Doncaster,BSU,50<71,C1,not included,not included,86.02568552585907
2015-16,N1,North East and Yorkshire,Gateshead,BSU,50<71,C1,not included,not included,88.69756365634731
2015-16,N1,North East and Yorkshire,Humberside,BSU,50<71,C1,not included,not included,88.4994022923845
2015-16,N1,North East and Yorkshire,Leeds Wakefield,BSU,50<71,C1,not included,not included,86.34598233551023
2015-16,N1,North East and Yorkshire,Newcastle,BSU,50<71,C1,not included,not included,88.39134898817606
2015-16,N1,North East and Yorkshire,North Cumbria,BSU,50<71,C1,not included,not included,89.01869158878505
2015-16,N1,North East and Yorkshire,North Tees,BSU,50<71,C1,not included,not included,88.70735505862302
2015-16,N1,North East and Yorkshire,North Yorkshire,BSU,50<71,C1,not included,not included,89.36465152098575
2015-16,N1,North East and Yorkshire,Pennine,BSU,50<71,C1,not included,not included,86.288797246597
2015-16,N1,North East and Yorkshire,Rotherham,BSU,50<71,C1,not included,not included,89.61803381340012
2015-16,N1,North East and Yorkshire,Sheffield,BSU,50<71,C1,not included,not included,87.14612161990605
2015-16,N2,North West,Bolton,BSU,50<71,C1,not included,not included,87.54583551597696
2015-16,N2,North West,Cheshire & Stockport,BSU,50<71,C1,not included,not included,86.82526432943796
2015-16,N2,North West,Chester,BSU,50<71,C1,not included,not included,91.3480025635548
2015-16,N2,North West,Crewe,BSU,50<71,C1,not included,not included,88.50198412698413
2015-16,N2,North West,East Lancashire,BSU,50<71,C1,not included,not included,85.26068783456772
2015-16,N2,North West,Liverpool,BSU,50<71,C1,not included,not included,83.38367410161091
2015-16,N2,North West,Manchester,BSU,50<71,C1,not included,not included,83.89144374635663
2015-16,N2,North West,North Lancashire & South Cumbria,BSU,50<71,C1,not included,not included,86.97604082982846
2015-16,N2,North West,South Lancashire,BSU,50<71,C1,not included,not included,88.5647909137842
2015-16,N2,North West,"Warrington, Halton, St Helens & Knowsley",BSU,50<71,C1,not included,not included,87.95892452934356
2015-16,N2,North West,Wirral,BSU,50<71,C1,not included,not included,90.18706157443492
2015-16,N3,Midlands,"City, Sandwell & Walsall",BSU,50<71,C1,not included,not included,85.18280123583935
2015-16,N3,Midlands,"Dudley, Wolverhampton & South West Staffordshire",BSU,50<71,C1,not included,not included,89.21952158019624
2015-16,N3,Midlands,Hereford & Worcester,BSU,50<71,C1,not included,not included,89.06244440491015
2015-16,N3,Midlands,Kettering,BSU,50<71,C1,not included,not included,89.02615113107653
2015-16,N3,Midlands,Leicestershire,BSU,50<71,C1,not included,not included,89.49879882844638
2015-16,N3,Midlands,Lincolnshire,BSU,50<71,C1,not included,not included,85.06479514882876
2015-16,N3,Midlands,North Derbyshire & Chesterfield,BSU,50<71,C1,not included,not included,88.07217622246523
2015-16,N3,Midlands,North Midlands,BSU,50<71,C1,not included,not included,87.96647497858804
2015-16,N3,Midlands,North Nottinghamshire,BSU,50<71,C1,not included,not included,92.04362801377727
2015-16,N3,Midlands,Northampton,BSU,50<71,C1,not included,not included,87.62200853155953
2015-16,N3,Midlands,Nottingham City,BSU,50<71,C1,not included,not included,89.56475889176492
2015-16,N3,Midlands,Shropshire,BSU,50<71,C1,not included,not included,90.22601586919933
2015-16,N3,Midlands,South Birmingham,BSU,50<71,C1,not included,not included,82.22772834778691
2015-16,N3,Midlands,South Derbyshire & South East Staffordshire,BSU,50<71,C1,not included,not included,88.38438157587095
2015-16,N3,Midlands,South Staffordshire,BSU,50<71,C1,not included,not included,88.50131365643692
2015-16,N3,Midlands,"Warwickshire, Solihull & Coventry",BSU,50<71,C1,not included,not included,87.34750671455845
2015-16,N4,East of England,Beds & Herts,BSU,50<71,C1,not included,not included,86.40307953285053
2015-16,N4,East of England,Cambridge & Huntingdon,BSU,50<71,C1,not included,not included,87.23346828609986
2015-16,N4,East of England,Chelmsford & Colchester,BSU,50<71,C1,not included,not included,89.28040317250495
2015-16,N4,East of England,East Suffolk,BSU,50<71,C1,not included,not included,89.04167848029488
2015-16,N4,East of England,Great Yarmouth & Waveney,BSU,50<71,C1,not included,not included,89.03700543883971
2015-16,N4,East of England,King's Lynn,BSU,50<71,C1,not included,not included,89.92498437174412
2015-16,N4,East of England,Milton Keynes,BSU,50<71,C1,not included,not included,87.96880376189931
2015-16,N4,East of England,Norfolk & Norwich,BSU,50<71,C1,not included,not included,90.0192742814045
2015-16,N4,East of England,Peterborough,BSU,50<71,C1,not included,not included,89.60199735644001
2015-16,N4,East of England,South Essex,BSU,50<71,C1,not included,not included,86.43373356854265
2015-16,N4,East of England,West Essex (Epping),BSU,50<71,C1,not included,not included,87.6179831097864
2015-16,N4,East of England,West Suffolk,BSU,50<71,C1,not included,not included,88.08589717117489
2015-16,N5,London,Central & East London,BSU,50<71,C1,not included,not included,80.03499091581993
2015-16,N5,London,North London,BSU,50<71,C1,not included,not included,83.78474856097452
2015-16,N5,London,Outer North East London,BSU,50<71,C1,not included,not included,79.44810723486006
2015-16,N5,London,South East London,BSU,50<71,C1,not included,not included,86.60355430729747
2015-16,N5,London,South West London,BSU,50<71,C1,not included,not included,82.86216545885054
2015-16,N5,London,West of London,BSU,50<71,C1,not included,not included,83.21827057182706
2015-16,N6,South East,Aylesbury & Wycombe,BSU,50<71,C1,not included,not included,87.96130860698663
2015-16,N6,South East,Brighton,BSU,50<71,C1,not included,not included,88.12137908682088
2015-16,N6,South East,Canterbury,BSU,50<71,C1,not included,not included,88.36317674320624
2015-16,N6,South East,East Berkshire,BSU,50<71,C1,not included,not included,83.88658853252859
2015-16,N6,South East,Guildford,BSU,50<71,C1,not included,not included,86.86795831571617
2015-16,N6,South East,Isle of Wight,BSU,50<71,C1,not included,not included,87.05423227021936
2015-16,N6,South East,Maidstone,BSU,50<71,C1,not included,not included,85.35296604198957
2015-16,N6,South East,Medway,BSU,50<71,C1,not included,not included,87.09677419354838
2015-16,N6,South East,North & Mid Hampshire,BSU,50<71,C1,not included,not included,87.02207278051955
2015-16,N6,South East,Oxfordshire,BSU,50<71,C1,not included,not included,87.04465334900118
2015-16,N6,South East,Portsmouth,BSU,50<71,C1,not included,not included,84.19143961444864
2015-16,N6,South East,Southampton & Salisbury,BSU,50<71,C1,not included,not included,87.9864769242865
2015-16,N6,South East,West Berkshire,BSU,50<71,C1,not included,not included,87.04877560552478
2015-16,N6,South East,Worthing,BSU,50<71,C1,not included,not included,88.59273196055887
2015-16,N7,South West,Avon,BSU,50<71,C1,not included,not included,88.15657925094209
2015-16,N7,South West,Cornwall,BSU,50<71,C1,not included,not included,89.30112165660051
2015-16,N7,South West,Dorset,BSU,50<71,C1,not included,not included,86.21610282619474
2015-16,N7,South West,Gloucestershire,BSU,50<71,C1,not included,not included,87.43229095543721
2015-16,N7,South West,North & East Devon,BSU,50<71,C1,not included,not included,89.26412687850053
2015-16,N7,South West,Somerset,BSU,50<71,C1,not included,not included,88.94165165656896
2015-16,N7,South West,South Devon,BSU,50<71,C1,not included,not included,88.2083931133429
2015-16,N7,South West,West Devon,BSU,50<71,C1,not included,not included,88.82149572390368
2015-16,N7,South West,Wiltshire,BSU,50<71,C1,not included,not included,88.06228373702422
2015-16,N1,North East and Yorkshire,Barnsley,BSU,50<71,C2,not included,not included,47.87159804605722
2015-16,N1,North East and Yorkshire,Doncaster,BSU,50<71,C2,not included,not included,44.419237749546284
2015-16,N1,North East and Yorkshire,Gateshead,BSU,50<71,C2,not included,not included,45.37418974661166
2015-16,N1,North East and Yorkshire,Humberside,BSU,50<71,C2,not included,not included,50.90796533223278
2015-16,N1,North East and Yorkshire,Leeds Wakefield,BSU,50<71,C2,not included,not included,40.28581150051038
2015-16,N1,North East and Yorkshire,Newcastle,BSU,50<71,C2,not included,not included,47.85696791574822
2015-16,N1,North East and Yorkshire,North Cumbria,BSU,50<71,C2,not included,not included,48.500319081046584
2015-16,N1,North East and Yorkshire,North Tees,BSU,50<71,C2,not included,not included,47.37267582861762
2015-16,N1,North East and Yorkshire,North Yorkshire,BSU,50<71,C2,not included,not included,48.54956965253427
2015-16,N1,North East and Yorkshire,Pennine,BSU,50<71,C2,not included,not included,42.005761613251714
2015-16,N1,North East and Yorkshire,Rotherham,BSU,50<71,C2,not included,not included,43.69973190348526
2015-16,N1,North East and Yorkshire,Sheffield,BSU,50<71,C2,not included,not included,44.976303317535546
2015-16,N2,North West,Bolton,BSU,50<71,C2,not included,not included,51.845566397963516
2015-16,N2,North West,Cheshire & Stockport,BSU,50<71,C2,not included,not included,44.9669360764144
2015-16,N2,North West,Chester,BSU,50<71,C2,not included,not included,47.1556886227545
2015-16,N2,North West,Crewe,BSU,50<71,C2,not included,not included,47.01327433628318
2015-16,N2,North West,East Lancashire,BSU,50<71,C2,not included,not included,43.857796550510386
2015-16,N2,North West,Liverpool,BSU,50<71,C2,not included,not included,36.95225637671681
2015-16,N2,North West,Manchester,BSU,50<71,C2,not included,not included,47.095262012389085
2015-16,N2,North West,North Lancashire & South Cumbria,BSU,50<71,C2,not included,not included,48.040845404891954
2015-16,N2,North West,South Lancashire,BSU,50<71,C2,not included,not included,46.094820498766786
2015-16,N2,North West,"Warrington, Halton, St Helens & Knowsley",BSU,50<71,C2,not included,not included,39.45880452342488
2015-16,N2,North West,Wirral,BSU,50<71,C2,not included,not included,48.38709677419355
2015-16,N3,Midlands,"City, Sandwell & Walsall",BSU,50<71,C2,not included,not included,37.48588633797516
2015-16,N3,Midlands,"Dudley, Wolverhampton & South West Staffordshire",BSU,50<71,C2,not included,not included,57.15792248879515
2015-16,N3,Midlands,Hereford & Worcester,BSU,50<71,C2,not included,not included,53.11633068244868
2015-16,N3,Midlands,Kettering,BSU,50<71,C2,not included,not included,42.93154761904761
2015-16,N3,Midlands,Leicestershire,BSU,50<71,C2,not included,not included,52.74678111587983
2015-16,N3,Midlands,Lincolnshire,BSU,50<71,C2,not included,not included,44.18192557590076
2015-16,N3,Midlands,North Derbyshire & Chesterfield,BSU,50<71,C2,not included,not included,52.491228070175445
2015-16,N3,Midlands,North Midlands,BSU,50<71,C2,not included,not included,45.38727183029107
2015-16,N3,Midlands,North Nottinghamshire,BSU,50<71,C2,not included,not included,49.88416988416988
2015-16,N3,Midlands,Northampton,BSU,50<71,C2,not included,not included,45.88235294117647
2015-16,N3,Midlands,Nottingham City,BSU,50<71,C2,not included,not included,58.04117974401781
2015-16,N3,Midlands,Shropshire,BSU,50<71,C2,not included,not included,41.35090609555189
2015-16,N3,Midlands,South Birmingham,BSU,50<71,C2,not included,not included,46.98245614035088
2015-16,N3,Midlands,South Derbyshire & South East Staffordshire,BSU,50<71,C2,not included,not included,57.58951084215834
2015-16,N3,Midlands,South Staffordshire,BSU,50<71,C2,not included,not included,47.51237301380568
2015-16,N3,Midlands,"Warwickshire, Solihull & Coventry",BSU,50<71,C2,not included,not included,54.55464125884221
2015-16,N4,East of England,Beds & Herts,BSU,50<71,C2,not included,not included,40.491218441273325
2015-16,N4,East of England,Cambridge & Huntingdon,BSU,50<71,C2,not included,not included,57.41573033707865
2015-16,N4,East of England,Chelmsford & Colchester,BSU,50<71,C2,not included,not included,42.90645495340007
2015-16,N4,East of England,East Suffolk,BSU,50<71,C2,not included,not included,40.25297619047619
2015-16,N4,East of England,Great Yarmouth & Waveney,BSU,50<71,C2,not included,not included,44.800000000000004
2015-16,N4,East of England,King's Lynn,BSU,50<71,C2,not included,not included,49.48119325551232
2015-16,N4,East of England,Milton Keynes,BSU,50<71,C2,not included,not included,47.88461538461539
2015-16,N4,East of England,Norfolk & Norwich,BSU,50<71,C2,not included,not included,56.17945823927766
2015-16,N4,East of England,Peterborough,BSU,50<71,C2,not included,not included,55.33553355335533
2015-16,N4,East of England,South Essex,BSU,50<71,C2,not included,not included,41.80522565320665
2015-16,N4,East of England,West Essex (Epping),BSU,50<71,C2,not included,not included,54.38236801640185
2015-16,N4,East of England,West Suffolk,BSU,50<71,C2,not included,not included,59.08838243468594
2015-16,N5,London,Central & East London,BSU,50<71,C2,not included,not included,46.028325123152705
2015-16,N5,London,North London,BSU,50<71,C2,not included,not included,43.841155234657045
2015-16,N5,London,Outer North East London,BSU,50<71,C2,not included,not included,41.37668275336551
2015-16,N5,London,South East London,BSU,50<71,C2,not included,not included,45.365497076023395
2015-16,N5,London,South West London,BSU,50<71,C2,not included,not included,46.199276052581446
2015-16,N5,London,West of London,BSU,50<71,C2,not included,not included,44.796975176722015
2015-16,N6,South East,Aylesbury & Wycombe,BSU,50<71,C2,not included,not included,42.35781990521327
2015-16,N6,South East,Brighton,BSU,50<71,C2,not included,not included,42.137489563039246
2015-16,N6,South East,Canterbury,BSU,50<71,C2,not included,not included,44.35305283138247
2015-16,N6,South East,East Berkshire,BSU,50<71,C2,not included,not included,47.61306532663316
2015-16,N6,South East,Guildford,BSU,50<71,C2,not included,not included,45.245751033532386
2015-16,N6,South East,Isle of Wight,BSU,50<71,C2,not included,not included,47.74255523535062
2015-16,N6,South East,Maidstone,BSU,50<71,C2,not included,not included,42.02312138728323
2015-16,N6,South East,Medway,BSU,50<71,C2,not included,not included,41.39659204811226
2015-16,N6,South East,North & Mid Hampshire,BSU,50<71,C2,not included,not included,51.637835848362165
2015-16,N6,South East,Oxfordshire,BSU,50<71,C2,not included,not included,49.96821360457724
2015-16,N6,South East,Portsmouth,BSU,50<71,C2,not included,not included,42.303664921465966
2015-16,N6,South East,Southampton & Salisbury,BSU,50<71,C2,not included,not included,44.8784485113357
2015-16,N6,South East,West Berkshire,BSU,50<71,C2,not included,not included,47.67831498324557
2015-16,N6,South East,Worthing,BSU,50<71,C2,not included,not included,49.01389511429852
2015-16,N7,South West,Avon,BSU,50<71,C2,not included,not included,42.86034019695613
2015-16,N7,South West,Cornwall,BSU,50<71,C2,not included,not included,47.167630057803464
2015-16,N7,South West,Dorset,BSU,50<71,C2,not included,not included,51.9917864476386
2015-16,N7,South West,Gloucestershire,BSU,50<71,C2,not included,not included,38.60215053763441
2015-16,N7,South West,North & East Devon,BSU,50<71,C2,not included,not included,57.224050254262636
2015-16,N7,South West,Somerset,BSU,50<71,C2,not included,not included,48.25853985264568
2015-16,N7,South West,South Devon,BSU,50<71,C2,not included,not included,41.01010101010101
2015-16,N7,South West,West Devon,BSU,50<71,C2,not included,not included,44.27558257345491
2015-16,N7,South West,Wiltshire,BSU,50<71,C2,not included,not included,52.77027027027027
2015-16,N1,North East and Yorkshire,Barnsley,BSU,50<71,D,not included,not included,z
2015-16,N1,North East and Yorkshire,Doncaster,BSU,50<71,D,not included,not included,100.0
2015-16,N1,North East and Yorkshire,Gateshead,BSU,50<71,D,not included,not included,100.0
2015-16,N1,North East and Yorkshire,Humberside,BSU,50<71,D,not included,not included,100.0
2015-16,N1,North East and Yorkshire,Leeds Wakefield,BSU,50<71,D,not included,not included,100.0
2015-16,N1,North East and Yorkshire,Newcastle,BSU,50<71,D,not included,not included,100.0
2015-16,N1,North East and Yorkshire,North Cumbria,BSU,50<71,D,not included,not included,100.0
2015-16,N1,North East and Yorkshire,North Tees,BSU,50<71,D,not included,not included,100.0
2015-16,N1,North East and Yorkshire,North Yorkshire,BSU,50<71,D,not included,not included,100.0
2015-16,N1,North East and Yorkshire,Pennine,BSU,50<71,D,not included,not included,100.0
2015-16,N1,North East and Yorkshire,Rotherham,BSU,50<71,D,not included,not included,100.0
2015-16,N1,North East and Yorkshire,Sheffield,BSU,50<71,D,not included,not included,100.0
2015-16,N2,North West,Bolton,BSU,50<71,D,not included,not included,100.0
2015-16,N2,North West,Cheshire & Stockport,BSU,50<71,D,not included,not included,100.0
2015-16,N2,North West,Chester,BSU,50<71,D,not included,not included,z
2015-16,N2,North West,Crewe,BSU,50<71,D,not included,not included,100.0
2015-16,N2,North West,East Lancashire,BSU,50<71,D,not included,not included,100.0
2015-16,N2,North West,Liverpool,BSU,50<71,D,not included,not included,100.0
2015-16,N2,North West,Manchester,BSU,50<71,D,not included,not included,100.0
2015-16,N2,North West,North Lancashire & South Cumbria,BSU,50<71,D,not included,not included,100.0
2015-16,N2,North West,South Lancashire,BSU,50<71,D,not included,not included,100.0
2015-16,N2,North West,"Warrington, Halton, St Helens & Knowsley",BSU,50<71,D,not included,not included,95.23809523809523
2015-16,N2,North West,Wirral,BSU,50<71,D,not included,not included,100.0
2015-16,N3,Midlands,"City, Sandwell & Walsall",BSU,50<71,D,not included,not included,100.0
2015-16,N3,Midlands,"Dudley, Wolverhampton & South West Staffordshire",BSU,50<71,D,not included,not included,100.0
2015-16,N3,Midlands,Hereford & Worcester,BSU,50<71,D,not included,not included,100.0
2015-16,N3,Midlands,Kettering,BSU,50<71,D,not included,not included,z
2015-16,N3,Midlands,Leicestershire,BSU,50<71,D,not included,not included,100.0
2015-16,N3,Midlands,Lincolnshire,BSU,50<71,D,not included,not included,100.0
2015-16,N3,Midlands,North Derbyshire & Chesterfield,BSU,50<71,D,not included,not included,100.0
2015-16,N3,Midlands,North Midlands,BSU,50<71,D,not included,not included,100.0
2015-16,N3,Midlands,North Nottinghamshire,BSU,50<71,D,not included,not included,100.0
2015-16,N3,Midlands,Northampton,BSU,50<71,D,not included,not included,100.0
2015-16,N3,Midlands,Nottingham City,BSU,50<71,D,not included,not included,z
2015-16,N3,Midlands,Shropshire,BSU,50<71,D,not included,not included,100.0
2015-16,N3,Midlands,South Birmingham,BSU,50<71,D,not included,not included,100.0
2015-16,N3,Midlands,South Derbyshire & South East Staffordshire,BSU,50<71,D,not included,not included,100.0
2015-16,N3,Midlands,South Staffordshire,BSU,50<71,D,not included,not included,100.0
2015-16,N3,Midlands,"Warwickshire, Solihull & Coventry",BSU,50<71,D,not included,not included,100.0
2015-16,N4,East of England,Beds & Herts,BSU,50<71,D,not included,not included,100.0
2015-16,N4,East of England,Cambridge & Huntingdon,BSU,50<71,D,not included,not included,100.0
2015-16,N4,East of England,Chelmsford & Colchester,BSU,50<71,D,not included,not included,100.0
2015-16,N4,East of England,East Suffolk,BSU,50<71,D,not included,not included,100.0
2015-16,N4,East of England,Great Yarmouth & Waveney,BSU,50<71,D,not included,not included,100.0
2015-16,N4,East of England,King's Lynn,BSU,50<71,D,not included,not included,100.0
2015-16,N4,East of England,Milton Keynes,BSU,50<71,D,not included,not included,100.0
2015-16,N4,East of England,Norfolk & Norwich,BSU,50<71,D,not included,not included,100.0
2015-16,N4,East of England,Peterborough,BSU,50<71,D,not included,not included,100.0
2015-16,N4,East of England,South Essex,BSU,50<71,D,not included,not included,100.0
2015-16,N4,East of England,West Essex (Epping),BSU,50<71,D,not included,not included,100.0
2015-16,N4,East of England,West Suffolk,BSU,50<71,D,not included,not included,z
2015-16,N5,London,Central & East London,BSU,50<71,D,not included,not included,100.0
2015-16,N5,London,North London,BSU,50<71,D,not included,not included,100.0
2015-16,N5,London,Outer North East London,BSU,50<71,D,not included,not included,100.0
2015-16,N5,London,South East London,BSU,50<71,D,not included,not included,100.0
2015-16,N5,London,South West London,BSU,50<71,D,not included,not included,91.66666666666666
2015-16,N5,London,West of London,BSU,50<71,D,not included,not included,100.0
2015-16,N6,South East,Aylesbury & Wycombe,BSU,50<71,D,not included,not included,100.0
2015-16,N6,South East,Brighton,BSU,50<71,D,not included,not included,100.0
2015-16,N6,South East,Canterbury,BSU,50<71,D,not included,not included,100.0
2015-16,N6,South East,East Berkshire,BSU,50<71,D,not included,not included,100.0
2015-16,N6,South East,Guildford,BSU,50<71,D,not included,not included,100.0
2015-16,N6,South East,Isle of Wight,BSU,50<71,D,not included,not included,100.0
2015-16,N6,South East,Maidstone,BSU,50<71,D,not included,not included,100.0
2015-16,N6,South East,Medway,BSU,50<71,D,not included,not included,100.0
2015-16,N6,South East,North & Mid Hampshire,BSU,50<71,D,not included,not included,100.0
2015-16,N6,South East,Oxfordshire,BSU,50<71,D,not included,not included,100.0
2015-16,N6,South East,Portsmouth,BSU,50<71,D,not included,not included,100.0
2015-16,N6,South East,Southampton & Salisbury,BSU,50<71,D,not included,not included,100.0
2015-16,N6,South East,West Berkshire,BSU,50<71,D,not included,not included,100.0
2015-16,N6,South East,Worthing,BSU,50<71,D,not included,not included,100.0
2015-16,N7,South West,Avon,BSU,50<71,D,not included,not included,90.0
2015-16,N7,South West,Cornwall,BSU,50<71,D,not included,not included,100.0
2015-16,N7,South West,Dorset,BSU,50<71,D,not included,not included,100.0
2015-16,N7,South West,Gloucestershire,BSU,50<71,D,not included,not included,100.0
2015-16,N7,South West,North & East Devon,BSU,50<71,D,not included,not included,100.0
2015-16,N7,South West,Somerset,BSU,50<71,D,not included,not included,100.0
2015-16,N7,South West,South Devon,BSU,50<71,D,not included,not included,100.0
2015-16,N7,South West,West Devon,BSU,50<71,D,not included,not included,91.66666666666666
2015-16,N7,South West,Wiltshire,BSU,50<71,D,not included,not included,84.61538461538461
2016-17,N1,North East and Yorkshire,Barnsley,BSU,50<71,A,not included,not included,68.52589641434263
2016-17,N1,North East and Yorkshire,Doncaster,BSU,50<71,A,not included,not included,59.89544436146378
2016-17,N1,North East and Yorkshire,Gateshead,BSU,50<71,A,not included,not included,40.32258064516129
2016-17,N1,North East and Yorkshire,Humberside,BSU,50<71,A,not included,not included,65.02057613168725
2016-17,N1,North East and Yorkshire,Leeds Wakefield,BSU,50<71,A,not included,not included,58.63234529381175
2016-17,N1,North East and Yorkshire,Newcastle,BSU,50<71,A,not included,not included,66.5153807362582
2016-17,N1,North East and Yorkshire,North Cumbria,BSU,50<71,A,not included,not included,74.96922445629873
2016-17,N1,North East and Yorkshire,North Tees,BSU,50<71,A,not included,not included,62.712452306625046
2016-17,N1,North East and Yorkshire,North Yorkshire,BSU,50<71,A,not included,not included,65.08810572687224
2016-17,N1,North East and Yorkshire,Pennine,BSU,50<71,A,not included,not included,52.80172413793104
2016-17,N1,North East and Yorkshire,Rotherham,BSU,50<71,A,not included,not included,67.78846153846155
2016-17,N1,North East and Yorkshire,Sheffield,BSU,50<71,A,not included,not included,64.45264452644527
2016-17,N2,North West,Bolton,BSU,50<71,A,not included,not included,62.8875110717449
2016-17,N2,North West,Cheshire & Stockport,BSU,50<71,A,not included,not included,61.09523809523809
2016-17,N2,North West,Chester,BSU,50<71,A,not included,not included,69.48941469489415
2016-17,N2,North West,Crewe,BSU,50<71,A,not included,not included,64.9923896499239
2016-17,N2,North West,East Lancashire,BSU,50<71,A,not included,not included,63.26647564469914
2016-17,N2,North West,Liverpool,BSU,50<71,A,not included,not included,55.26998961578401
2016-17,N2,North West,Manchester,BSU,50<71,A,not included,not included,56.02463942307693
2016-17,N2,North West,North Lancashire & South Cumbria,BSU,50<71,A,not included,not included,62.29219143576826
2016-17,N2,North West,South Lancashire,BSU,50<71,A,not included,not included,68.45771144278608
2016-17,N2,North West,"Warrington, Halton, St Helens & Knowsley",BSU,50<71,A,not included,not included,65.41279921836835
2016-17,N2,North West,Wirral,BSU,50<71,A,not included,not included,66.8131868131868
2016-17,N3,Midlands,"City, Sandwell & Walsall",BSU,50<71,A,not included,not included,54.945277665180384
2016-17,N3,Midlands,"Dudley, Wolverhampton & South West Staffordshire",BSU,50<71,A,not included,not included,61.77739430543572
2016-17,N3,Midlands,Hereford & Worcester,BSU,50<71,A,not included,not included,69.80062959076601
2016-17,N3,Midlands,Kettering,BSU,50<71,A,not included,not included,57.674943566591416
2016-17,N3,Midlands,Leicestershire,BSU,50<71,A,not included,not included,65.45317599799147
2016-17,N3,Midlands,Lincolnshire,BSU,50<71,A,not included,not included,59.97846374730796
2016-17,N3,Midlands,North Derbyshire & Chesterfield,BSU,50<71,A,not included,not included,67.59149940968123
2016-17,N3,Midlands,North Midlands,BSU,50<71,A,not included,not included,64.94644595910418
2016-17,N3,Midlands,North Nottinghamshire,BSU,50<71,A,not included,not included,73.14960629921259
2016-17,N3,Midlands,Northampton,BSU,50<71,A,not included,not included,62.160278745644604
2016-17,N3,Midlands,Nottingham City,BSU,50<71,A,not included,not included,66.078697421981
2016-17,N3,Midlands,Shropshire,BSU,50<71,A,not included,not included,71.84361549497848
2016-17,N3,Midlands,South Birmingham,BSU,50<71,A,not included,not included,62.88308740068105
2016-17,N3,Midlands,South Derbyshire & South East Staffordshire,BSU,50<71,A,not included,not included,66.90359840071079
2016-17,N3,Midlands,South Staffordshire,BSU,50<71,A,not included,not included,69.35690494491416
2016-17,N3,Midlands,"Warwickshire, Solihull & Coventry",BSU,50<71,A,not included,not included,55.52710200597525
2016-17,N4,East of England,Beds & Herts,BSU,50<71,A,not included,not included,57.36128625472888
2016-17,N4,East of England,Cambridge & Huntingdon,BSU,50<71,A,not included,not included,32.517006802721085
2016-17,N4,East of England,Chelmsford & Colchester,BSU,50<71,A,not included,not included,58.97435897435898
2016-17,N4,East of England,East Suffolk,BSU,50<71,A,not included,not included,39.10891089108911
2016-17,N4,East of England,Great Yarmouth & Waveney,BSU,50<71,A,not included,not included,31.15264797507788
2016-17,N4,East of England,King's Lynn,BSU,50<71,A,not included,not included,33.04093567251462
2016-17,N4,East of England,Milton Keynes,BSU,50<71,A,not included,not included,64.7940074906367
2016-17,N4,East of England,Norfolk & Norwich,BSU,50<71,A,not included,not included,38.74538745387454
2016-17,N4,East of England,Peterborough,BSU,50<71,A,not included,not included,35.876288659793815
2016-17,N4,East of England,South Essex,BSU,50<71,A,not included,not included,64.71059804393138
2016-17,N4,East of England,West Essex (Epping),BSU,50<71,A,not included,not included,68.60725481415136
2016-17,N4,East of England,West Suffolk,BSU,50<71,A,not included,not included,35.924932975871315
2016-17,N5,London,Central & East London,BSU,50<71,A,not included,not included,56.47164112316814
2016-17,N5,London,North London,BSU,50<71,A,not included,not included,49.06898011002963
2016-17,N5,London,Outer North East London,BSU,50<71,A,not included,not included,61.79324894514768
2016-17,N5,London,South East London,BSU,50<71,A,not included,not included,57.48213304013194
2016-17,N5,London,South West London,BSU,50<71,A,not included,not included,58.30265095729013
2016-17,N5,London,West of London,BSU,50<71,A,not included,not included,46.620511616991315
2016-17,N6,South East,Aylesbury & Wycombe,BSU,50<71,A,not included,not included,66.99526813880126
2016-17,N6,South East,Brighton,BSU,50<71,A,not included,not included,56.6993006993007
2016-17,N6,South East,Canterbury,BSU,50<71,A,not included,not included,59.750240153698364
2016-17,N6,South East,East Berkshire,BSU,50<71,A,not included,not included,59.025032938076414
2016-17,N6,South East,Guildford,BSU,50<71,A,not included,not included,58.9421088904204
2016-17,N6,South East,Isle of Wight,BSU,50<71,A,not included,not included,68.65037194473965
2016-17,N6,South East,Maidstone,BSU,50<71,A,not included,not included,67.12553261225828
2016-17,N6,South East,Medway,BSU,50<71,A,not included,not included,65.3061224489796
2016-17,N6,South East,North & Mid Hampshire,BSU,50<71,A,not included,not included,62.49405045216564
2016-17,N6,South East,Oxfordshire,BSU,50<71,A,not included,not included,63.67461430575035
2016-17,N6,South East,Portsmouth,BSU,50<71,A,not included,not included,57.16963448922212
2016-17,N6,South East,Southampton & Salisbury,BSU,50<71,A,not included,not included,61.39240506329114
2016-17,N6,South East,West Berkshire,BSU,50<71,A,not included,not included,63.16533207724918
2016-17,N6,South East,Worthing,BSU,50<71,A,not included,not included,66.66666666666666
2016-17,N7,South West,Avon,BSU,50<71,A,not included,not included,59.42684766214178
2016-17,N7,South West,Cornwall,BSU,50<71,A,not included,not included,62.71186440677966
2016-17,N7,South West,Dorset,BSU,50<71,A,not included,not included,61.40529531568228
2016-17,N7,South West,Gloucestershire,BSU,50<71,A,not included,not included,63.873517786561266
2016-17,N7,South West,North & East Devon,BSU,50<71,A,not included,not included,39.05852417302799
2016-17,N7,South West,Somerset,BSU,50<71,A,not included,not included,55.242125058768224
2016-17,N7,South West,South Devon,BSU,50<71,A,not included,not included,60.94091903719912
2016-17,N7,South West,West Devon,BSU,50<71,A,not included,not included,65.2542372881356
2016-17,N7,South West,Wiltshire,BSU,50<71,A,not included,not included,61.32567849686848
2016-17,N1,North East and Yorkshire,Barnsley,BSU,50<71,A and C1,not included,not included,89.40863281992775
2016-17,N1,North East and Yorkshire,Doncaster,BSU,50<71,A and C1,not included,not included,83.64141765114664
2016-17,N1,North East and Yorkshire,Gateshead,BSU,50<71,A and C1,not included,not included,85.83687110468793
2016-17,N1,North East and Yorkshire,Humberside,BSU,50<71,A and C1,not included,not included,84.88143289606458
2016-17,N1,North East and Yorkshire,Leeds Wakefield,BSU,50<71,A and C1,not included,not included,85.11925383077948
2016-17,N1,North East and Yorkshire,Newcastle,BSU,50<71,A and C1,not included,not included,85.52970859788726
2016-17,N1,North East and Yorkshire,North Cumbria,BSU,50<71,A and C1,not included,not included,87.38251403069849
2016-17,N1,North East and Yorkshire,North Tees,BSU,50<71,A and C1,not included,not included,86.92486979541336
2016-17,N1,North East and Yorkshire,North Yorkshire,BSU,50<71,A and C1,not included,not included,87.03536441325645
2016-17,N1,North East and Yorkshire,Pennine,BSU,50<71,A and C1,not included,not included,80.67768595041322
2016-17,N1,North East and Yorkshire,Rotherham,BSU,50<71,A and C1,not included,not included,87.31566361100039
2016-17,N1,North East and Yorkshire,Sheffield,BSU,50<71,A and C1,not included,not included,84.13594470046083
2016-17,N2,North West,Bolton,BSU,50<71,A and C1,not included,not included,84.65948363488513
2016-17,N2,North West,Cheshire & Stockport,BSU,50<71,A and C1,not included,not included,82.26286686516376
2016-17,N2,North West,Chester,BSU,50<71,A and C1,not included,not included,87.79479326186829
2016-17,N2,North West,Crewe,BSU,50<71,A and C1,not included,not included,83.97594623275558
2016-17,N2,North West,East Lancashire,BSU,50<71,A and C1,not included,not included,85.07430424209673
2016-17,N2,North West,Liverpool,BSU,50<71,A and C1,not included,not included,79.34490416082282
2016-17,N2,North West,Manchester,BSU,50<71,A and C1,not included,not included,79.67276817670519
2016-17,N2,North West,North Lancashire & South Cumbria,BSU,50<71,A and C1,not included,not included,83.31216739235607
2016-17,N2,North West,South Lancashire,BSU,50<71,A and C1,not included,not included,86.56832298136646
2016-17,N2,North West,"Warrington, Halton, St Helens & Knowsley",BSU,50<71,A and C1,not included,not included,85.78242524307467
2016-17,N2,North West,Wirral,BSU,50<71,A and C1,not included,not included,84.78418308227114
2016-17,N3,Midlands,"City, Sandwell & Walsall",BSU,50<71,A and C1,not included,not included,83.20835131635735
2016-17,N3,Midlands,"Dudley, Wolverhampton & South West Staffordshire",BSU,50<71,A and C1,not included,not included,83.44098970878038
2016-17,N3,Midlands,Hereford & Worcester,BSU,50<71,A and C1,not included,not included,85.4822399191
2016-17,N3,Midlands,Kettering,BSU,50<71,A and C1,not included,not included,86.00597263698869
2016-17,N3,Midlands,Leicestershire,BSU,50<71,A and C1,not included,not included,85.28907631614746
2016-17,N3,Midlands,Lincolnshire,BSU,50<71,A and C1,not included,not included,83.21800623526728
2016-17,N3,Midlands,North Derbyshire & Chesterfield,BSU,50<71,A and C1,not included,not included,85.31514396274676
2016-17,N3,Midlands,North Midlands,BSU,50<71,A and C1,not included,not included,83.71592162630667
2016-17,N3,Midlands,North Nottinghamshire,BSU,50<71,A and C1,not included,not included,89.00694298337892
2016-17,N3,Midlands,Northampton,BSU,50<71,A and C1,not included,not included,84.61171986660314
2016-17,N3,Midlands,Nottingham City,BSU,50<71,A and C1,not included,not included,85.77147298872912
2016-17,N3,Midlands,Shropshire,BSU,50<71,A and C1,not included,not included,87.89347536617844
2016-17,N3,Midlands,South Birmingham,BSU,50<71,A and C1,not included,not included,82.08230637090148
2016-17,N3,Midlands,South Derbyshire & South East Staffordshire,BSU,50<71,A and C1,not included,not included,86.83785156791207
2016-17,N3,Midlands,South Staffordshire,BSU,50<71,A and C1,not included,not included,83.61719025767738
2016-17,N3,Midlands,"Warwickshire, Solihull & Coventry",BSU,50<71,A and C1,not included,not included,80.50678468946063
2016-17,N4,East of England,Beds & Herts,BSU,50<71,A and C1,not included,not included,83.95147871826526
2016-17,N4,East of England,Cambridge & Huntingdon,BSU,50<71,A and C1,not included,not included,87.21168790798882
2016-17,N4,East of England,Chelmsford & Colchester,BSU,50<71,A and C1,not included,not included,82.25273145485912
2016-17,N4,East of England,East Suffolk,BSU,50<71,A and C1,not included,not included,89.6982372273678
2016-17,N4,East of England,Great Yarmouth & Waveney,BSU,50<71,A and C1,not included,not included,85.97684898824777
2016-17,N4,East of England,King's Lynn,BSU,50<71,A and C1,not included,not included,85.64102564102564
2016-17,N4,East of England,Milton Keynes,BSU,50<71,A and C1,not included,not included,83.8253509496284
2016-17,N4,East of England,Norfolk & Norwich,BSU,50<71,A and C1,not included,not included,88.71086217978147
2016-17,N4,East of England,Peterborough,BSU,50<71,A and C1,not included,not included,86.49328859060402
2016-17,N4,East of England,South Essex,BSU,50<71,A and C1,not included,not included,81.16458022280924
2016-17,N4,East of England,West Essex (Epping),BSU,50<71,A and C1,not included,not included,84.21906306650129
2016-17,N4,East of England,West Suffolk,BSU,50<71,A and C1,not included,not included,87.37135879993023
2016-17,N5,London,Central & East London,BSU,50<71,A and C1,not included,not included,74.39045679371546
2016-17,N5,London,North London,BSU,50<71,A and C1,not included,not included,76.25285854295981
2016-17,N5,London,Outer North East London,BSU,50<71,A and C1,not included,not included,79.82747179827471
2016-17,N5,London,South East London,BSU,50<71,A and C1,not included,not included,79.63269054178144
2016-17,N5,London,South West London,BSU,50<71,A and C1,not included,not included,76.72975217448314
2016-17,N5,London,West of London,BSU,50<71,A and C1,not included,not included,75.76516173973616
2016-17,N6,South East,Aylesbury & Wycombe,BSU,50<71,A and C1,not included,not included,85.11341007334013
2016-17,N6,South East,Brighton,BSU,50<71,A and C1,not included,not included,82.47679497679498
2016-17,N6,South East,Canterbury,BSU,50<71,A and C1,not included,not included,85.28645833333334
2016-17,N6,South East,East Berkshire,BSU,50<71,A and C1,not included,not included,81.93529411764706
2016-17,N6,South East,Guildford,BSU,50<71,A and C1,not included,not included,82.33619400692297
2016-17,N6,South East,Isle of Wight,BSU,50<71,A and C1,not included,not included,84.73859559200409
2016-17,N6,South East,Maidstone,BSU,50<71,A and C1,not included,not included,84.78648568314674
2016-17,N6,South East,Medway,BSU,50<71,A and C1,not included,not included,84.29665152279993
2016-17,N6,South East,North & Mid Hampshire,BSU,50<71,A and C1,not included,not included,83.88226013213686
2016-17,N6,South East,Oxfordshire,BSU,50<71,A and C1,not included,not included,82.63457884737176
2016-17,N6,South East,Portsmouth,BSU,50<71,A and C1,not included,not included,82.88149952345653
2016-17,N6,South East,Southampton & Salisbury,BSU,50<71,A and C1,not included,not included,83.65938346883469
2016-17,N6,South East,West Berkshire,BSU,50<71,A and C1,not included,not included,84.62449656479507
2016-17,N6,South East,Worthing,BSU,50<71,A and C1,not included,not included,85.00700171152948
2016-17,N7,South West,Avon,BSU,50<71,A and C1,not included,not included,84.96444795575746
2016-17,N7,South West,Cornwall,BSU,50<71,A and C1,not included,not included,86.19400805933539
2016-17,N7,South West,Dorset,BSU,50<71,A and C1,not included,not included,84.59199805423812
2016-17,N7,South West,Gloucestershire,BSU,50<71,A and C1,not included,not included,84.31746289236759
2016-17,N7,South West,North & East Devon,BSU,50<71,A and C1,not included,not included,84.64452087596325
2016-17,N7,South West,Somerset,BSU,50<71,A and C1,not included,not included,84.2535281010151
2016-17,N7,South West,South Devon,BSU,50<71,A and C1,not included,not included,82.79924599434496
2016-17,N7,South West,West Devon,BSU,50<71,A and C1,not included,not included,87.22412684808228
2016-17,N7,South West,Wiltshire,BSU,50<71,A and C1,not included,not included,86.78042209250111
2016-17,N1,North East and Yorkshire,Barnsley,BSU,50<71,A to C2,not included,not included,79.1857273559012
2016-17,N1,North East and Yorkshire,Doncaster,BSU,50<71,A to C2,not included,not included,71.02249488752557
2016-17,N1,North East and Yorkshire,Gateshead,BSU,50<71,A to C2,not included,not included,73.73160501433684
2016-17,N1,North East and Yorkshire,Humberside,BSU,50<71,A to C2,not included,not included,72.16547113831825
2016-17,N1,North East and Yorkshire,Leeds Wakefield,BSU,50<71,A to C2,not included,not included,70.77468216420381
2016-17,N1,North East and Yorkshire,Newcastle,BSU,50<71,A to C2,not included,not included,73.21695973987079
2016-17,N1,North East and Yorkshire,North Cumbria,BSU,50<71,A to C2,not included,not included,78.37489492855141
2016-17,N1,North East and Yorkshire,North Tees,BSU,50<71,A to C2,not included,not included,73.0821539376939
2016-17,N1,North East and Yorkshire,North Yorkshire,BSU,50<71,A to C2,not included,not included,76.63266147881322
2016-17,N1,North East and Yorkshire,Pennine,BSU,50<71,A to C2,not included,not included,67.88955357506205
2016-17,N1,North East and Yorkshire,Rotherham,BSU,50<71,A to C2,not included,not included,76.15309920699143
2016-17,N1,North East and Yorkshire,Sheffield,BSU,50<71,A to C2,not included,not included,71.96191319751993
2016-17,N2,North West,Bolton,BSU,50<71,A to C2,not included,not included,70.40068553867975
2016-17,N2,North West,Cheshire & Stockport,BSU,50<71,A to C2,not included,not included,68.90512642078404
2016-17,N2,North West,Chester,BSU,50<71,A to C2,not included,not included,77.2412998386725
2016-17,N2,North West,Crewe,BSU,50<71,A to C2,not included,not included,72.74782261817698
2016-17,N2,North West,East Lancashire,BSU,50<71,A to C2,not included,not included,70.7378434686898
2016-17,N2,North West,Liverpool,BSU,50<71,A to C2,not included,not included,62.59630041610019
2016-17,N2,North West,Manchester,BSU,50<71,A to C2,not included,not included,64.3136979568911
2016-17,N2,North West,North Lancashire & South Cumbria,BSU,50<71,A to C2,not included,not included,69.75736181241342
2016-17,N2,North West,South Lancashire,BSU,50<71,A to C2,not included,not included,73.69972691161867
2016-17,N2,North West,"Warrington, Halton, St Helens & Knowsley",BSU,50<71,A to C2,not included,not included,73.64959067672399
2016-17,N2,North West,Wirral,BSU,50<71,A to C2,not included,not included,71.40436232438637
2016-17,N3,Midlands,"City, Sandwell & Walsall",BSU,50<71,A to C2,not included,not included,69.28775274758637
2016-17,N3,Midlands,"Dudley, Wolverhampton & South West Staffordshire",BSU,50<71,A to C2,not included,not included,68.16602316602317
2016-17,N3,Midlands,Hereford & Worcester,BSU,50<71,A to C2,not included,not included,75.2584527793038
2016-17,N3,Midlands,Kettering,BSU,50<71,A to C2,not included,not included,76.42515418756123
2016-17,N3,Midlands,Leicestershire,BSU,50<71,A to C2,not included,not included,76.44498024244861
2016-17,N3,Midlands,Lincolnshire,BSU,50<71,A to C2,not included,not included,72.58251479470441
2016-17,N3,Midlands,North Derbyshire & Chesterfield,BSU,50<71,A to C2,not included,not included,74.42126025121976
2016-17,N3,Midlands,North Midlands,BSU,50<71,A to C2,not included,not included,70.8578431372549
2016-17,N3,Midlands,North Nottinghamshire,BSU,50<71,A to C2,not included,not included,79.94130847574658
2016-17,N3,Midlands,Northampton,BSU,50<71,A to C2,not included,not included,74.99860545545825
2016-17,N3,Midlands,Nottingham City,BSU,50<71,A to C2,not included,not included,74.73427000610874
2016-17,N3,Midlands,Shropshire,BSU,50<71,A to C2,not included,not included,78.63217258974129
2016-17,N3,Midlands,South Birmingham,BSU,50<71,A to C2,not included,not included,68.57957974433533
2016-17,N3,Midlands,South Derbyshire & South East Staffordshire,BSU,50<71,A to C2,not included,not included,76.4003175978057
2016-17,N3,Midlands,South Staffordshire,BSU,50<71,A to C2,not included,not included,73.48532604888982
2016-17,N3,Midlands,"Warwickshire, Solihull & Coventry",BSU,50<71,A to C2,not included,not included,68.09822548843879
2016-17,N4,East of England,Beds & Herts,BSU,50<71,A to C2,not included,not included,71.70794228304462
2016-17,N4,East of England,Cambridge & Huntingdon,BSU,50<71,A to C2,not included,not included,74.91322616002924
2016-17,N4,East of England,Chelmsford & Colchester,BSU,50<71,A to C2,not included,not included,71.50632386481443
2016-17,N4,East of England,East Suffolk,BSU,50<71,A to C2,not included,not included,78.62580707333527
2016-17,N4,East of England,Great Yarmouth & Waveney,BSU,50<71,A to C2,not included,not included,73.60865423867193
2016-17,N4,East of England,King's Lynn,BSU,50<71,A to C2,not included,not included,72.33309695066356
2016-17,N4,East of England,Milton Keynes,BSU,50<71,A to C2,not included,not included,71.59349721196891
2016-17,N4,East of England,Norfolk & Norwich,BSU,50<71,A to C2,not included,not included,76.83724509426703
2016-17,N4,East of England,Peterborough,BSU,50<71,A to C2,not included,not included,74.10193429536383
2016-17,N4,East of England,South Essex,BSU,50<71,A to C2,not included,not included,70.03722829350306
2016-17,N4,East of England,West Essex (Epping),BSU,50<71,A to C2,not included,not included,74.15878601275566
2016-17,N4,East of England,West Suffolk,BSU,50<71,A to C2,not included,not included,75.60520173391131
2016-17,N5,London,Central & East London,BSU,50<71,A to C2,not included,not included,62.27406430672482
2016-17,N5,London,North London,BSU,50<71,A to C2,not included,not included,63.170873395061
2016-17,N5,London,Outer North East London,BSU,50<71,A to C2,not included,not included,68.31914116291487
2016-17,N5,London,South East London,BSU,50<71,A to C2,not included,not included,65.80098655235187
2016-17,N5,London,South West London,BSU,50<71,A to C2,not included,not included,65.37737074564822
2016-17,N5,London,West of London,BSU,50<71,A to C2,not included,not included,60.75328305622689
2016-17,N6,South East,Aylesbury & Wycombe,BSU,50<71,A to C2,not included,not included,75.58957550563593
2016-17,N6,South East,Brighton,BSU,50<71,A to C2,not included,not included,69.19348634440313
2016-17,N6,South East,Canterbury,BSU,50<71,A to C2,not included,not included,73.93004503654163
2016-17,N6,South East,East Berkshire,BSU,50<71,A to C2,not included,not included,71.9338061465721
2016-17,N6,South East,Guildford,BSU,50<71,A to C2,not included,not included,68.5992188098338
2016-17,N6,South East,Isle of Wight,BSU,50<71,A to C2,not included,not included,74.31843518800041
2016-17,N6,South East,Maidstone,BSU,50<71,A to C2,not included,not included,74.07071622846782
2016-17,N6,South East,Medway,BSU,50<71,A to C2,not included,not included,71.9136102733729
2016-17,N6,South East,North & Mid Hampshire,BSU,50<71,A to C2,not included,not included,73.38335821481888
2016-17,N6,South East,Oxfordshire,BSU,50<71,A to C2,not included,not included,72.78057506293891
2016-17,N6,South East,Portsmouth,BSU,50<71,A to C2,not included,not included,69.76257794647353
2016-17,N6,South East,Southampton & Salisbury,BSU,50<71,A to C2,not included,not included,71.9318887472628
2016-17,N6,South East,West Berkshire,BSU,50<71,A to C2,not included,not included,74.12063850826388
2016-17,N6,South East,Worthing,BSU,50<71,A to C2,not included,not included,74.94326824767462
2016-17,N7,South West,Avon,BSU,50<71,A to C2,not included,not included,73.07140919834167
2016-17,N7,South West,Cornwall,BSU,50<71,A to C2,not included,not included,74.45334782018199
2016-17,N7,South West,Dorset,BSU,50<71,A to C2,not included,not included,73.29951848908419
2016-17,N7,South West,Gloucestershire,BSU,50<71,A to C2,not included,not included,73.54953295618998
2016-17,N7,South West,North & East Devon,BSU,50<71,A to C2,not included,not included,73.43280625887168
2016-17,N7,South West,Somerset,BSU,50<71,A to C2,not included,not included,73.2950875726606
2016-17,N7,South West,South Devon,BSU,50<71,A to C2,not included,not included,71.25460563292324
2016-17,N7,South West,West Devon,BSU,50<71,A to C2,not included,not included,76.64034021871203
2016-17,N7,South West,Wiltshire,BSU,50<71,A to C2,not included,not included,77.06314556490257
2016-17,N1,North East and Yorkshire,Barnsley,BSU,50<71,A to D,not included,not included,79.1889007470651
2016-17,N1,North East and Yorkshire,Doncaster,BSU,50<71,A to D,not included,not included,71.02693860859787
2016-17,N1,North East and Yorkshire,Gateshead,BSU,50<71,A to D,not included,not included,73.7396948734957
2016-17,N1,North East and Yorkshire,Humberside,BSU,50<71,A to D,not included,not included,72.17069690597778
2016-17,N1,North East and Yorkshire,Leeds Wakefield,BSU,50<71,A to D,not included,not included,70.78207723450637
2016-17,N1,North East and Yorkshire,Newcastle,BSU,50<71,A to D,not included,not included,73.22039698836413
2016-17,N1,North East and Yorkshire,North Cumbria,BSU,50<71,A to D,not included,not included,78.37974116196986
2016-17,N1,North East and Yorkshire,North Tees,BSU,50<71,A to D,not included,not included,73.08901635861483
2016-17,N1,North East and Yorkshire,North Yorkshire,BSU,50<71,A to D,not included,not included,76.63330400351957
2016-17,N1,North East and Yorkshire,Pennine,BSU,50<71,A to D,not included,not included,67.89601090339511
2016-17,N1,North East and Yorkshire,Rotherham,BSU,50<71,A to D,not included,not included,76.1627436706301
2016-17,N1,North East and Yorkshire,Sheffield,BSU,50<71,A to D,not included,not included,71.96563786919364
2016-17,N2,North West,Bolton,BSU,50<71,A to D,not included,not included,70.40734942250317
2016-17,N2,North West,Cheshire & Stockport,BSU,50<71,A to D,not included,not included,68.91714329880972
2016-17,N2,North West,Chester,BSU,50<71,A to D,not included,not included,77.2412998386725
2016-17,N2,North West,Crewe,BSU,50<71,A to D,not included,not included,72.7641196013289
2016-17,N2,North West,East Lancashire,BSU,50<71,A to D,not included,not included,70.74474356455099
2016-17,N2,North West,Liverpool,BSU,50<71,A to D,not included,not included,62.600922722029985
2016-17,N2,North West,Manchester,BSU,50<71,A to D,not included,not included,64.31520121317644
2016-17,N2,North West,North Lancashire & South Cumbria,BSU,50<71,A to D,not included,not included,69.76006434028864
2016-17,N2,North West,South Lancashire,BSU,50<71,A to D,not included,not included,73.70625465376024
2016-17,N2,North West,"Warrington, Halton, St Helens & Knowsley",BSU,50<71,A to D,not included,not included,73.66371301986567
2016-17,N2,North West,Wirral,BSU,50<71,A to D,not included,not included,71.41998579467847
2016-17,N3,Midlands,"City, Sandwell & Walsall",BSU,50<71,A to D,not included,not included,69.2896174863388
2016-17,N3,Midlands,"Dudley, Wolverhampton & South West Staffordshire",BSU,50<71,A to D,not included,not included,68.16971007219242
2016-17,N3,Midlands,Hereford & Worcester,BSU,50<71,A to D,not included,not included,75.2609238451935
2016-17,N3,Midlands,Kettering,BSU,50<71,A to D,not included,not included,76.42923005993545
2016-17,N3,Midlands,Leicestershire,BSU,50<71,A to D,not included,not included,76.44603192320571
2016-17,N3,Midlands,Lincolnshire,BSU,50<71,A to D,not included,not included,72.58418740849196
2016-17,N3,Midlands,North Derbyshire & Chesterfield,BSU,50<71,A to D,not included,not included,74.42126025121976
2016-17,N3,Midlands,North Midlands,BSU,50<71,A to D,not included,not included,70.87212150906417
2016-17,N3,Midlands,North Nottinghamshire,BSU,50<71,A to D,not included,not included,79.94477045219193
2016-17,N3,Midlands,Northampton,BSU,50<71,A to D,not included,not included,75.00139438897875
2016-17,N3,Midlands,Nottingham City,BSU,50<71,A to D,not included,not included,74.73427000610874
2016-17,N3,Midlands,Shropshire,BSU,50<71,A to D,not included,not included,78.63504139628552
2016-17,N3,Midlands,South Birmingham,BSU,50<71,A to D,not included,not included,68.59336440910337
2016-17,N3,Midlands,South Derbyshire & South East Staffordshire,BSU,50<71,A to D,not included,not included,76.4003175978057
2016-17,N3,Midlands,South Staffordshire,BSU,50<71,A to D,not included,not included,73.4890398487289
2016-17,N3,Midlands,"Warwickshire, Solihull & Coventry",BSU,50<71,A to D,not included,not included,68.10165603269051
2016-17,N4,East of England,Beds & Herts,BSU,50<71,A to D,not included,not included,71.72002424509589
2016-17,N4,East of England,Cambridge & Huntingdon,BSU,50<71,A to D,not included,not included,74.91437183175778
2016-17,N4,East of England,Chelmsford & Colchester,BSU,50<71,A to D,not included,not included,71.50780075675115
2016-17,N4,East of England,East Suffolk,BSU,50<71,A to D,not included,not included,78.62786664097129
2016-17,N4,East of England,Great Yarmouth & Waveney,BSU,50<71,A to D,not included,not included,73.61044969045514
2016-17,N4,East of England,King's Lynn,BSU,50<71,A to D,not included,not included,72.34430379746836
2016-17,N4,East of England,Milton Keynes,BSU,50<71,A to D,not included,not included,71.60464751138326
2016-17,N4,East of England,Norfolk & Norwich,BSU,50<71,A to D,not included,not included,76.83805526407835
2016-17,N4,East of England,Peterborough,BSU,50<71,A to D,not included,not included,74.11385606874329
2016-17,N4,East of England,South Essex,BSU,50<71,A to D,not included,not included,70.04352393816599
2016-17,N4,East of England,West Essex (Epping),BSU,50<71,A to D,not included,not included,74.15878601275566
2016-17,N4,East of England,West Suffolk,BSU,50<71,A to D,not included,not included,75.60845502433821
2016-17,N5,London,Central & East London,BSU,50<71,A to D,not included,not included,62.27942071315565
2016-17,N5,London,North London,BSU,50<71,A to D,not included,not included,63.1739295367253
2016-17,N5,London,Outer North East London,BSU,50<71,A to D,not included,not included,68.32359222209735
2016-17,N5,London,South East London,BSU,50<71,A to D,not included,not included,65.80751221946602
2016-17,N5,London,South West London,BSU,50<71,A to D,not included,not included,65.39996754827195
2016-17,N5,London,West of London,BSU,50<71,A to D,not included,not included,60.75613981453174
2016-17,N6,South East,Aylesbury & Wycombe,BSU,50<71,A to D,not included,not included,75.59640359640359
2016-17,N6,South East,Brighton,BSU,50<71,A to D,not included,not included,69.20454254146479
2016-17,N6,South East,Canterbury,BSU,50<71,A to D,not included,not included,73.94901368977041
2016-17,N6,South East,East Berkshire,BSU,50<71,A to D,not included,not included,71.94706994328922
2016-17,N6,South East,Guildford,BSU,50<71,A to D,not included,not included,68.61171931221386
2016-17,N6,South East,Isle of Wight,BSU,50<71,A to D,not included,not included,74.35482238639814
2016-17,N6,South East,Maidstone,BSU,50<71,A to D,not included,not included,74.08501753141866
2016-17,N6,South East,Medway,BSU,50<71,A to D,not included,not included,71.91634241245136
2016-17,N6,South East,North & Mid Hampshire,BSU,50<71,A to D,not included,not included,73.40007852375344
2016-17,N6,South East,Oxfordshire,BSU,50<71,A to D,not included,not included,72.78688524590164
2016-17,N6,South East,Portsmouth,BSU,50<71,A to D,not included,not included,69.78715170278637
2016-17,N6,South East,Southampton & Salisbury,BSU,50<71,A to D,not included,not included,71.94839131144863
2016-17,N6,South East,West Berkshire,BSU,50<71,A to D,not included,not included,74.1340361445783
2016-17,N6,South East,Worthing,BSU,50<71,A to D,not included,not included,74.96698971075513
2016-17,N7,South West,Avon,BSU,50<71,A to D,not included,not included,73.07714656491507
2016-17,N7,South West,Cornwall,BSU,50<71,A to D,not included,not included,74.45681694731124
2016-17,N7,South West,Dorset,BSU,50<71,A to D,not included,not included,73.30513425720362
2016-17,N7,South West,Gloucestershire,BSU,50<71,A to D,not included,not included,73.55822976260933
2016-17,N7,South West,North & East Devon,BSU,50<71,A to D,not included,not included,73.43631382645145
2016-17,N7,South West,Somerset,BSU,50<71,A to D,not included,not included,73.29711659005433
2016-17,N7,South West,South Devon,BSU,50<71,A to D,not included,not included,71.26178435412375
2016-17,N7,South West,West Devon,BSU,50<71,A to D,not included,not included,76.64382373351839
2016-17,N7,South West,Wiltshire,BSU,50<71,A to D,not included,not included,77.06884315117104
2016-17,N1,North East and Yorkshire,Barnsley,BSU,50<71,B,not included,not included,23.187311178247736
2016-17,N1,North East and Yorkshire,Doncaster,BSU,50<71,B,not included,not included,23.44801795063575
2016-17,N1,North East and Yorkshire,Gateshead,BSU,50<71,B,not included,not included,19.767219996183936
2016-17,N1,North East and Yorkshire,Humberside,BSU,50<71,B,not included,not included,22.48968363136176
2016-17,N1,North East and Yorkshire,Leeds Wakefield,BSU,50<71,B,not included,not included,22.08637873754153
2016-17,N1,North East and Yorkshire,Newcastle,BSU,50<71,B,not included,not included,20.235690235690235
2016-17,N1,North East and Yorkshire,North Cumbria,BSU,50<71,B,not included,not included,20.83609820836098
2016-17,N1,North East and Yorkshire,North Tees,BSU,50<71,B,not included,not included,23.465653153153156
2016-17,N1,North East and Yorkshire,North Yorkshire,BSU,50<71,B,not included,not included,23.27741935483871
2016-17,N1,North East and Yorkshire,Pennine,BSU,50<71,B,not included,not included,24.142982713155583
2016-17,N1,North East and Yorkshire,Rotherham,BSU,50<71,B,not included,not included,19.362186788154897
2016-17,N1,North East and Yorkshire,Sheffield,BSU,50<71,B,not included,not included,18.756660746003554
2016-17,N2,North West,Bolton,BSU,50<71,B,not included,not included,20.336269015212167
2016-17,N2,North West,Cheshire & Stockport,BSU,50<71,B,not included,not included,21.269924222628692
2016-17,N2,North West,Chester,BSU,50<71,B,not included,not included,24.0
2016-17,N2,North West,Crewe,BSU,50<71,B,not included,not included,22.890818858560795
2016-17,N2,North West,East Lancashire,BSU,50<71,B,not included,not included,21.72665623369849
2016-17,N2,North West,Liverpool,BSU,50<71,B,not included,not included,14.856945880730782
2016-17,N2,North West,Manchester,BSU,50<71,B,not included,not included,20.539663815983484
2016-17,N2,North West,North Lancashire & South Cumbria,BSU,50<71,B,not included,not included,18.79173290937997
2016-17,N2,North West,South Lancashire,BSU,50<71,B,not included,not included,22.52364360378298
2016-17,N2,North West,"Warrington, Halton, St Helens & Knowsley",BSU,50<71,B,not included,not included,22.023983620941795
2016-17,N2,North West,Wirral,BSU,50<71,B,not included,not included,18.10992487149071
2016-17,N3,Midlands,"City, Sandwell & Walsall",BSU,50<71,B,not included,not included,18.96358543417367
2016-17,N3,Midlands,"Dudley, Wolverhampton & South West Staffordshire",BSU,50<71,B,not included,not included,17.568171658471165
2016-17,N3,Midlands,Hereford & Worcester,BSU,50<71,B,not included,not included,20.619946091644206
2016-17,N3,Midlands,Kettering,BSU,50<71,B,not included,not included,20.602327173169062
2016-17,N3,Midlands,Leicestershire,BSU,50<71,B,not included,not included,19.65155008967461
2016-17,N3,Midlands,Lincolnshire,BSU,50<71,B,not included,not included,19.268558951965066
2016-17,N3,Midlands,North Derbyshire & Chesterfield,BSU,50<71,B,not included,not included,18.923418423973363
2016-17,N3,Midlands,North Midlands,BSU,50<71,B,not included,not included,16.754250386398763
2016-17,N3,Midlands,North Nottinghamshire,BSU,50<71,B,not included,not included,24.307036247334754
2016-17,N3,Midlands,Northampton,BSU,50<71,B,not included,not included,20.35048049745619
2016-17,N3,Midlands,Nottingham City,BSU,50<71,B,not included,not included,20.493107104984094
2016-17,N3,Midlands,Shropshire,BSU,50<71,B,not included,not included,20.17213555675094
2016-17,N3,Midlands,South Birmingham,BSU,50<71,B,not included,not included,20.175104682146934
2016-17,N3,Midlands,South Derbyshire & South East Staffordshire,BSU,50<71,B,not included,not included,23.877327491785323
2016-17,N3,Midlands,South Staffordshire,BSU,50<71,B,not included,not included,19.69068276122218
2016-17,N3,Midlands,"Warwickshire, Solihull & Coventry",BSU,50<71,B,not included,not included,18.138907619689817
2016-17,N4,East of England,Beds & Herts,BSU,50<71,B,not included,not included,21.60224438902743
2016-17,N4,East of England,Cambridge & Huntingdon,BSU,50<71,B,not included,not included,29.85257985257985
2016-17,N4,East of England,Chelmsford & Colchester,BSU,50<71,B,not included,not included,19.922817173178966
2016-17,N4,East of England,East Suffolk,BSU,50<71,B,not included,not included,21.31747483989021
2016-17,N4,East of England,Great Yarmouth & Waveney,BSU,50<71,B,not included,not included,18.882257189365166
2016-17,N4,East of England,King's Lynn,BSU,50<71,B,not included,not included,21.599402092675636
2016-17,N4,East of England,Milton Keynes,BSU,50<71,B,not included,not included,22.043309272626317
2016-17,N4,East of England,Norfolk & Norwich,BSU,50<71,B,not included,not included,21.384388807069218
2016-17,N4,East of England,Peterborough,BSU,50<71,B,not included,not included,25.414078674948243
2016-17,N4,East of England,South Essex,BSU,50<71,B,not included,not included,21.096513390601313
2016-17,N4,East of England,West Essex (Epping),BSU,50<71,B,not included,not included,20.087655222790357
2016-17,N4,East of England,West Suffolk,BSU,50<71,B,not included,not included,20.86903304773562
2016-17,N5,London,Central & East London,BSU,50<71,B,not included,not included,24.697142857142858
2016-17,N5,London,North London,BSU,50<71,B,not included,not included,19.677606738309613
2016-17,N5,London,Outer North East London,BSU,50<71,B,not included,not included,23.28548644338118
2016-17,N5,London,South East London,BSU,50<71,B,not included,not included,22.262833008447043
2016-17,N5,London,South West London,BSU,50<71,B,not included,not included,21.369580178940122
2016-17,N5,London,West of London,BSU,50<71,B,not included,not included,19.63324115849221
2016-17,N6,South East,Aylesbury & Wycombe,BSU,50<71,B,not included,not included,23.15126050420168
2016-17,N6,South East,Brighton,BSU,50<71,B,not included,not included,21.4421580494553
2016-17,N6,South East,Canterbury,BSU,50<71,B,not included,not included,21.202757309246493
2016-17,N6,South East,East Berkshire,BSU,50<71,B,not included,not included,19.930222416048846
2016-17,N6,South East,Guildford,BSU,50<71,B,not included,not included,17.243237417825195
2016-17,N6,South East,Isle of Wight,BSU,50<71,B,not included,not included,14.89607390300231
2016-17,N6,South East,Maidstone,BSU,50<71,B,not included,not included,20.08562254727078
2016-17,N6,South East,Medway,BSU,50<71,B,not included,not included,20.511571254567603
2016-17,N6,South East,North & Mid Hampshire,BSU,50<71,B,not included,not included,24.06801831262263
2016-17,N6,South East,Oxfordshire,BSU,50<71,B,not included,not included,20.637425055222465
2016-17,N6,South East,Portsmouth,BSU,50<71,B,not included,not included,23.655378486055778
2016-17,N6,South East,Southampton & Salisbury,BSU,50<71,B,not included,not included,23.178629249865086
2016-17,N6,South East,West Berkshire,BSU,50<71,B,not included,not included,21.668742216687424
2016-17,N6,South East,Worthing,BSU,50<71,B,not included,not included,21.41414141414141
2016-17,N7,South West,Avon,BSU,50<71,B,not included,not included,21.98022860673463
2016-17,N7,South West,Cornwall,BSU,50<71,B,not included,not included,17.83202316921804
2016-17,N7,South West,Dorset,BSU,50<71,B,not included,not included,19.037612943895777
2016-17,N7,South West,Gloucestershire,BSU,50<71,B,not included,not included,18.707250341997263
2016-17,N7,South West,North & East Devon,BSU,50<71,B,not included,not included,20.454545454545457
2016-17,N7,South West,Somerset,BSU,50<71,B,not included,not included,19.642162582652663
2016-17,N7,South West,South Devon,BSU,50<71,B,not included,not included,16.07773851590106
2016-17,N7,South West,West Devon,BSU,50<71,B,not included,not included,21.355498721227622
2016-17,N7,South West,Wiltshire,BSU,50<71,B,not included,not included,22.68230120923415
2016-17,N1,North East and Yorkshire,Barnsley,BSU,50<71,C1,not included,not included,91.01894521249359
2016-17,N1,North East and Yorkshire,Doncaster,BSU,50<71,C1,not included,not included,86.07769519577045
2016-17,N1,North East and Yorkshire,Gateshead,BSU,50<71,C1,not included,not included,86.61460725769408
2016-17,N1,North East and Yorkshire,Humberside,BSU,50<71,C1,not included,not included,87.34475131855044
2016-17,N1,North East and Yorkshire,Leeds Wakefield,BSU,50<71,C1,not included,not included,88.14394726684284
2016-17,N1,North East and Yorkshire,Newcastle,BSU,50<71,C1,not included,not included,87.87888227781066
2016-17,N1,North East and Yorkshire,North Cumbria,BSU,50<71,C1,not included,not included,89.83160621761658
2016-17,N1,North East and Yorkshire,North Tees,BSU,50<71,C1,not included,not included,89.11515531848133
2016-17,N1,North East and Yorkshire,North Yorkshire,BSU,50<71,C1,not included,not included,89.3292916890492
2016-17,N1,North East and Yorkshire,Pennine,BSU,50<71,C1,not included,not included,84.30145685468808
2016-17,N1,North East and Yorkshire,Rotherham,BSU,50<71,C1,not included,not included,88.61028474288143
2016-17,N1,North East and Yorkshire,Sheffield,BSU,50<71,C1,not included,not included,86.17007753908733
2016-17,N2,North West,Bolton,BSU,50<71,C1,not included,not included,86.86036620853292
2016-17,N2,North West,Cheshire & Stockport,BSU,50<71,C1,not included,not included,84.92338999281782
2016-17,N2,North West,Chester,BSU,50<71,C1,not included,not included,90.36144578313254
2016-17,N2,North West,Crewe,BSU,50<71,C1,not included,not included,86.47188312987792
2016-17,N2,North West,East Lancashire,BSU,50<71,C1,not included,not included,87.34486873508354
2016-17,N2,North West,Liverpool,BSU,50<71,C1,not included,not included,82.39826155669697
2016-17,N2,North West,Manchester,BSU,50<71,C1,not included,not included,83.39922820142522
2016-17,N2,North West,North Lancashire & South Cumbria,BSU,50<71,C1,not included,not included,86.1796440107209
2016-17,N2,North West,South Lancashire,BSU,50<71,C1,not included,not included,89.11310994081185
2016-17,N2,North West,"Warrington, Halton, St Helens & Knowsley",BSU,50<71,C1,not included,not included,87.89289871944122
2016-17,N2,North West,Wirral,BSU,50<71,C1,not included,not included,86.7556055613598
2016-17,N3,Midlands,"City, Sandwell & Walsall",BSU,50<71,C1,not included,not included,87.5474516149107
2016-17,N3,Midlands,"Dudley, Wolverhampton & South West Staffordshire",BSU,50<71,C1,not included,not included,86.58934169278997
2016-17,N3,Midlands,Hereford & Worcester,BSU,50<71,C1,not included,not included,88.26221213586814
2016-17,N3,Midlands,Kettering,BSU,50<71,C1,not included,not included,87.86353881447495
2016-17,N3,Midlands,Leicestershire,BSU,50<71,C1,not included,not included,87.69986573904552
2016-17,N3,Midlands,Lincolnshire,BSU,50<71,C1,not included,not included,85.9712536145603
2016-17,N3,Midlands,North Derbyshire & Chesterfield,BSU,50<71,C1,not included,not included,87.53043606581569
2016-17,N3,Midlands,North Midlands,BSU,50<71,C1,not included,not included,85.98598598598599
2016-17,N3,Midlands,North Nottinghamshire,BSU,50<71,C1,not included,not included,91.45216124332201
2016-17,N3,Midlands,Northampton,BSU,50<71,C1,not included,not included,87.04178609141651
2016-17,N3,Midlands,Nottingham City,BSU,50<71,C1,not included,not included,88.31972609955227
2016-17,N3,Midlands,Shropshire,BSU,50<71,C1,not included,not included,90.69243760555452
2016-17,N3,Midlands,South Birmingham,BSU,50<71,C1,not included,not included,84.99182936269028
2016-17,N3,Midlands,South Derbyshire & South East Staffordshire,BSU,50<71,C1,not included,not included,89.1506030306154
2016-17,N3,Midlands,South Staffordshire,BSU,50<71,C1,not included,not included,86.5838707957998
2016-17,N3,Midlands,"Warwickshire, Solihull & Coventry",BSU,50<71,C1,not included,not included,83.7193983971896
2016-17,N4,East of England,Beds & Herts,BSU,50<71,C1,not included,not included,87.3559506750893
2016-17,N4,East of England,Cambridge & Huntingdon,BSU,50<71,C1,not included,not included,89.83061889250814
2016-17,N4,East of England,Chelmsford & Colchester,BSU,50<71,C1,not included,not included,85.65602471678682
2016-17,N4,East of England,East Suffolk,BSU,50<71,C1,not included,not included,90.94972751209356
2016-17,N4,East of England,Great Yarmouth & Waveney,BSU,50<71,C1,not included,not included,87.57730083666789
2016-17,N4,East of England,King's Lynn,BSU,50<71,C1,not included,not included,88.25840244434745
2016-17,N4,East of England,Milton Keynes,BSU,50<71,C1,not included,not included,86.18329466357308
2016-17,N4,East of England,Norfolk & Norwich,BSU,50<71,C1,not included,not included,89.98587570621469
2016-17,N4,East of England,Peterborough,BSU,50<71,C1,not included,not included,89.20561263948736
2016-17,N4,East of England,South Essex,BSU,50<71,C1,not included,not included,86.32568899617783
2016-17,N4,East of England,West Essex (Epping),BSU,50<71,C1,not included,not included,88.44568380213384
2016-17,N4,East of England,West Suffolk,BSU,50<71,C1,not included,not included,89.10123501307132
2016-17,N5,London,Central & East London,BSU,50<71,C1,not included,not included,80.68892296803114
2016-17,N5,London,North London,BSU,50<71,C1,not included,not included,81.21619533302426
2016-17,N5,London,Outer North East London,BSU,50<71,C1,not included,not included,83.64602876797998
2016-17,N5,London,South East London,BSU,50<71,C1,not included,not included,84.68053119518918
2016-17,N5,London,South West London,BSU,50<71,C1,not included,not included,82.4668997535393
2016-17,N5,London,West of London,BSU,50<71,C1,not included,not included,82.40324994654694
2016-17,N6,South East,Aylesbury & Wycombe,BSU,50<71,C1,not included,not included,87.65856090400487
2016-17,N6,South East,Brighton,BSU,50<71,C1,not included,not included,86.05853317268452
2016-17,N6,South East,Canterbury,BSU,50<71,C1,not included,not included,87.24817356652646
2016-17,N6,South East,East Berkshire,BSU,50<71,C1,not included,not included,85.47850302248183
2016-17,N6,South East,Guildford,BSU,50<71,C1,not included,not included,85.49245682140449
2016-17,N6,South East,Isle of Wight,BSU,50<71,C1,not included,not included,86.94448491913157
2016-17,N6,South East,Maidstone,BSU,50<71,C1,not included,not included,87.93113510358914
2016-17,N6,South East,Medway,BSU,50<71,C1,not included,not included,86.87529861442906
2016-17,N6,South East,North & Mid Hampshire,BSU,50<71,C1,not included,not included,86.35388592486662
2016-17,N6,South East,Oxfordshire,BSU,50<71,C1,not included,not included,85.99403578528828
2016-17,N6,South East,Portsmouth,BSU,50<71,C1,not included,not included,86.15687679083095
2016-17,N6,South East,Southampton & Salisbury,BSU,50<71,C1,not included,not included,87.09913961673837
2016-17,N6,South East,West Berkshire,BSU,50<71,C1,not included,not included,87.71085969785246
2016-17,N6,South East,Worthing,BSU,50<71,C1,not included,not included,88.74611321320197
2016-17,N7,South West,Avon,BSU,50<71,C1,not included,not included,87.24085078921186
2016-17,N7,South West,Cornwall,BSU,50<71,C1,not included,not included,88.7014414065025
2016-17,N7,South West,Dorset,BSU,50<71,C1,not included,not included,86.87303813531022
2016-17,N7,South West,Gloucestershire,BSU,50<71,C1,not included,not included,86.65491684743311
2016-17,N7,South West,North & East Devon,BSU,50<71,C1,not included,not included,86.25974845602488
2016-17,N7,South West,Somerset,BSU,50<71,C1,not included,not included,87.66880673013063
2016-17,N7,South West,South Devon,BSU,50<71,C1,not included,not included,86.46368305209097
2016-17,N7,South West,West Devon,BSU,50<71,C1,not included,not included,88.86586067933219
2016-17,N7,South West,Wiltshire,BSU,50<71,C1,not included,not included,89.17657462906554
2016-17,N1,North East and Yorkshire,Barnsley,BSU,50<71,C2,not included,not included,52.982731554160125
2016-17,N1,North East and Yorkshire,Doncaster,BSU,50<71,C2,not included,not included,49.23878205128205
2016-17,N1,North East and Yorkshire,Gateshead,BSU,50<71,C2,not included,not included,41.895861148197596
2016-17,N1,North East and Yorkshire,Humberside,BSU,50<71,C2,not included,not included,49.637452711223204
2016-17,N1,North East and Yorkshire,Leeds Wakefield,BSU,50<71,C2,not included,not included,43.54506573736734
2016-17,N1,North East and Yorkshire,Newcastle,BSU,50<71,C2,not included,not included,45.916860097066895
2016-17,N1,North East and Yorkshire,North Cumbria,BSU,50<71,C2,not included,not included,48.35377663008393
2016-17,N1,North East and Yorkshire,North Tees,BSU,50<71,C2,not included,not included,48.35608536819843
2016-17,N1,North East and Yorkshire,North Yorkshire,BSU,50<71,C2,not included,not included,51.61899622234215
2016-17,N1,North East and Yorkshire,Pennine,BSU,50<71,C2,not included,not included,40.38205980066445
2016-17,N1,North East and Yorkshire,Rotherham,BSU,50<71,C2,not included,not included,39.1044776119403
2016-17,N1,North East and Yorkshire,Sheffield,BSU,50<71,C2,not included,not included,46.36174636174636
2016-17,N2,North West,Bolton,BSU,50<71,C2,not included,not included,46.7419430722183
2016-17,N2,North West,Cheshire & Stockport,BSU,50<71,C2,not included,not included,47.570411637264
2016-17,N2,North West,Chester,BSU,50<71,C2,not included,not included,62.745098039215684
2016-17,N2,North West,Crewe,BSU,50<71,C2,not included,not included,50.777934936350775
2016-17,N2,North West,East Lancashire,BSU,50<71,C2,not included,not included,45.774193548387096
2016-17,N2,North West,Liverpool,BSU,50<71,C2,not included,not included,34.52571631962983
2016-17,N2,North West,Manchester,BSU,50<71,C2,not included,not included,46.35678391959799
2016-17,N2,North West,North Lancashire & South Cumbria,BSU,50<71,C2,not included,not included,46.08969607116383
2016-17,N2,North West,South Lancashire,BSU,50<71,C2,not included,not included,44.42956614890198
2016-17,N2,North West,"Warrington, Halton, St Helens & Knowsley",BSU,50<71,C2,not included,not included,41.63636363636364
2016-17,N2,North West,Wirral,BSU,50<71,C2,not included,not included,45.858895705521476
2016-17,N3,Midlands,"City, Sandwell & Walsall",BSU,50<71,C2,not included,not included,39.11453320500481
2016-17,N3,Midlands,"Dudley, Wolverhampton & South West Staffordshire",BSU,50<71,C2,not included,not included,51.488283723875874
2016-17,N3,Midlands,Hereford & Worcester,BSU,50<71,C2,not included,not included,49.50980392156863
2016-17,N3,Midlands,Kettering,BSU,50<71,C2,not included,not included,38.549361987911354
2016-17,N3,Midlands,Leicestershire,BSU,50<71,C2,not included,not included,51.438935912938334
2016-17,N3,Midlands,Lincolnshire,BSU,50<71,C2,not included,not included,42.61363636363637
2016-17,N3,Midlands,North Derbyshire & Chesterfield,BSU,50<71,C2,not included,not included,44.60983310780334
2016-17,N3,Midlands,North Midlands,BSU,50<71,C2,not included,not included,39.266304347826086
2016-17,N3,Midlands,North Nottinghamshire,BSU,50<71,C2,not included,not included,50.17513134851138
2016-17,N3,Midlands,Northampton,BSU,50<71,C2,not included,not included,44.57337883959045
2016-17,N3,Midlands,Nottingham City,BSU,50<71,C2,not included,not included,50.21618282890673
2016-17,N3,Midlands,Shropshire,BSU,50<71,C2,not included,not included,40.45667447306791
2016-17,N3,Midlands,South Birmingham,BSU,50<71,C2,not included,not included,44.32383536861148
2016-17,N3,Midlands,South Derbyshire & South East Staffordshire,BSU,50<71,C2,not included,not included,51.62846803377563
2016-17,N3,Midlands,South Staffordshire,BSU,50<71,C2,not included,not included,46.619326952763195
2016-17,N3,Midlands,"Warwickshire, Solihull & Coventry",BSU,50<71,C2,not included,not included,48.821177443816346
2016-17,N4,East of England,Beds & Herts,BSU,50<71,C2,not included,not included,43.01533219761499
2016-17,N4,East of England,Cambridge & Huntingdon,BSU,50<71,C2,not included,not included,54.9119373776908
2016-17,N4,East of England,Chelmsford & Colchester,BSU,50<71,C2,not included,not included,58.63320229815543
2016-17,N4,East of England,East Suffolk,BSU,50<71,C2,not included,not included,45.88106928532461
2016-17,N4,East of England,Great Yarmouth & Waveney,BSU,50<71,C2,not included,not included,48.17945383615084
2016-17,N4,East of England,King's Lynn,BSU,50<71,C2,not included,not included,50.986342943854325
2016-17,N4,East of England,Milton Keynes,BSU,50<71,C2,not included,not included,48.07073954983923
2016-17,N4,East of England,Norfolk & Norwich,BSU,50<71,C2,not included,not included,56.21336459554514
2016-17,N4,East of England,Peterborough,BSU,50<71,C2,not included,not included,58.65384615384615
2016-17,N4,East of England,South Essex,BSU,50<71,C2,not included,not included,40.01238773614122
2016-17,N4,East of England,West Essex (Epping),BSU,50<71,C2,not included,not included,56.61641541038526
2016-17,N4,East of England,West Suffolk,BSU,50<71,C2,not included,not included,51.60949868073879
2016-17,N5,London,Central & East London,BSU,50<71,C2,not included,not included,48.08097165991903
2016-17,N5,London,North London,BSU,50<71,C2,not included,not included,41.59452816073528
2016-17,N5,London,Outer North East London,BSU,50<71,C2,not included,not included,43.24324324324324
2016-17,N5,London,South East London,BSU,50<71,C2,not included,not included,44.94778643918223
2016-17,N5,London,South West London,BSU,50<71,C2,not included,not included,46.2718064153067
2016-17,N5,London,West of London,BSU,50<71,C2,not included,not included,46.924272707084164
2016-17,N6,South East,Aylesbury & Wycombe,BSU,50<71,C2,not included,not included,40.80039043435823
2016-17,N6,South East,Brighton,BSU,50<71,C2,not included,not included,40.25076765609007
2016-17,N6,South East,Canterbury,BSU,50<71,C2,not included,not included,44.22764227642276
2016-17,N6,South East,East Berkshire,BSU,50<71,C2,not included,not included,44.58804523424879
2016-17,N6,South East,Guildford,BSU,50<71,C2,not included,not included,41.57037449533621
2016-17,N6,South East,Isle of Wight,BSU,50<71,C2,not included,not included,49.373433583959894
2016-17,N6,South East,Maidstone,BSU,50<71,C2,not included,not included,46.76470588235294
2016-17,N6,South East,Medway,BSU,50<71,C2,not included,not included,43.75
2016-17,N6,South East,North & Mid Hampshire,BSU,50<71,C2,not included,not included,43.99243140964995
2016-17,N6,South East,Oxfordshire,BSU,50<71,C2,not included,not included,52.33953209358128
2016-17,N6,South East,Portsmouth,BSU,50<71,C2,not included,not included,48.30305107987659
2016-17,N6,South East,Southampton & Salisbury,BSU,50<71,C2,not included,not included,42.534351145038165
2016-17,N6,South East,West Berkshire,BSU,50<71,C2,not included,not included,47.890946502057616
2016-17,N6,South East,Worthing,BSU,50<71,C2,not included,not included,47.12930604093859
2016-17,N7,South West,Avon,BSU,50<71,C2,not included,not included,40.53879310344828
2016-17,N7,South West,Cornwall,BSU,50<71,C2,not included,not included,49.274225186347586
2016-17,N7,South West,Dorset,BSU,50<71,C2,not included,not included,51.23757552134087
2016-17,N7,South West,Gloucestershire,BSU,50<71,C2,not included,not included,36.28632175761871
2016-17,N7,South West,North & East Devon,BSU,50<71,C2,not included,not included,52.88270377733598
2016-17,N7,South West,Somerset,BSU,50<71,C2,not included,not included,49.84528832630099
2016-17,N7,South West,South Devon,BSU,50<71,C2,not included,not included,37.5868603916614
2016-17,N7,South West,West Devon,BSU,50<71,C2,not included,not included,43.20197044334975
2016-17,N7,South West,Wiltshire,BSU,50<71,C2,not included,not included,55.639571518588525
2016-17,N1,North East and Yorkshire,Barnsley,BSU,50<71,D,not included,not included,100.0
2016-17,N1,North East and Yorkshire,Doncaster,BSU,50<71,D,not included,not included,100.0
2016-17,N1,North East and Yorkshire,Gateshead,BSU,50<71,D,not included,not included,100.0
2016-17,N1,North East and Yorkshire,Humberside,BSU,50<71,D,not included,not included,100.0
2016-17,N1,North East and Yorkshire,Leeds Wakefield,BSU,50<71,D,not included,not included,100.0
2016-17,N1,North East and Yorkshire,Newcastle,BSU,50<71,D,not included,not included,100.0
2016-17,N1,North East and Yorkshire,North Cumbria,BSU,50<71,D,not included,not included,100.0
2016-17,N1,North East and Yorkshire,North Tees,BSU,50<71,D,not included,not included,100.0
2016-17,N1,North East and Yorkshire,North Yorkshire,BSU,50<71,D,not included,not included,100.0
2016-17,N1,North East and Yorkshire,Pennine,BSU,50<71,D,not included,not included,92.3076923076923
2016-17,N1,North East and Yorkshire,Rotherham,BSU,50<71,D,not included,not included,100.0
2016-17,N1,North East and Yorkshire,Sheffield,BSU,50<71,D,not included,not included,100.0
2016-17,N2,North West,Bolton,BSU,50<71,D,not included,not included,90.9090909090909
2016-17,N2,North West,Cheshire & Stockport,BSU,50<71,D,not included,not included,100.0
2016-17,N2,North West,Chester,BSU,50<71,D,not included,not included,z
2016-17,N2,North West,Crewe,BSU,50<71,D,not included,not included,100.0
2016-17,N2,North West,East Lancashire,BSU,50<71,D,not included,not included,100.0
2016-17,N2,North West,Liverpool,BSU,50<71,D,not included,not included,100.0
2016-17,N2,North West,Manchester,BSU,50<71,D,not included,not included,100.0
2016-17,N2,North West,North Lancashire & South Cumbria,BSU,50<71,D,not included,not included,100.0
2016-17,N2,North West,South Lancashire,BSU,50<71,D,not included,not included,100.0
2016-17,N2,North West,"Warrington, Halton, St Helens & Knowsley",BSU,50<71,D,not included,not included,100.0
2016-17,N2,North West,Wirral,BSU,50<71,D,not included,not included,100.0
2016-17,N3,Midlands,"City, Sandwell & Walsall",BSU,50<71,D,not included,not included,100.0
2016-17,N3,Midlands,"Dudley, Wolverhampton & South West Staffordshire",BSU,50<71,D,not included,not included,100.0
2016-17,N3,Midlands,Hereford & Worcester,BSU,50<71,D,not included,not included,100.0
2016-17,N3,Midlands,Kettering,BSU,50<71,D,not included,not included,100.0
2016-17,N3,Midlands,Leicestershire,BSU,50<71,D,not included,not included,100.0
2016-17,N3,Midlands,Lincolnshire,BSU,50<71,D,not included,not included,100.0
2016-17,N3,Midlands,North Derbyshire & Chesterfield,BSU,50<71,D,not included,not included,z
2016-17,N3,Midlands,North Midlands,BSU,50<71,D,not included,not included,100.0
2016-17,N3,Midlands,North Nottinghamshire,BSU,50<71,D,not included,not included,100.0
2016-17,N3,Midlands,Northampton,BSU,50<71,D,not included,not included,100.0
2016-17,N3,Midlands,Nottingham City,BSU,50<71,D,not included,not included,z
2016-17,N3,Midlands,Shropshire,BSU,50<71,D,not included,not included,100.0
2016-17,N3,Midlands,South Birmingham,BSU,50<71,D,not included,not included,100.0
2016-17,N3,Midlands,South Derbyshire & South East Staffordshire,BSU,50<71,D,not included,not included,z
2016-17,N3,Midlands,South Staffordshire,BSU,50<71,D,not included,not included,100.0
2016-17,N3,Midlands,"Warwickshire, Solihull & Coventry",BSU,50<71,D,not included,not included,100.0
2016-17,N4,East of England,Beds & Herts,BSU,50<71,D,not included,not included,100.0
2016-17,N4,East of England,Cambridge & Huntingdon,BSU,50<71,D,not included,not included,100.0
2016-17,N4,East of England,Chelmsford & Colchester,BSU,50<71,D,not included,not included,100.0
2016-17,N4,East of England,East Suffolk,BSU,50<71,D,not included,not included,100.0
2016-17,N4,East of England,Great Yarmouth & Waveney,BSU,50<71,D,not included,not included,100.0
2016-17,N4,East of England,King's Lynn,BSU,50<71,D,not included,not included,100.0
2016-17,N4,East of England,Milton Keynes,BSU,50<71,D,not included,not included,100.0
2016-17,N4,East of England,Norfolk & Norwich,BSU,50<71,D,not included,not included,100.0
2016-17,N4,East of England,Peterborough,BSU,50<71,D,not included,not included,100.0
2016-17,N4,East of England,South Essex,BSU,50<71,D,not included,not included,100.0
2016-17,N4,East of England,West Essex (Epping),BSU,50<71,D,not included,not included,z
2016-17,N4,East of England,West Suffolk,BSU,50<71,D,not included,not included,100.0
2016-17,N5,London,Central & East London,BSU,50<71,D,not included,not included,100.0
2016-17,N5,London,North London,BSU,50<71,D,not included,not included,100.0
2016-17,N5,London,Outer North East London,BSU,50<71,D,not included,not included,100.0
2016-17,N5,London,South East London,BSU,50<71,D,not included,not included,100.0
2016-17,N5,London,South West London,BSU,50<71,D,not included,not included,95.65217391304348
2016-17,N5,London,West of London,BSU,50<71,D,not included,not included,100.0
2016-17,N6,South East,Aylesbury & Wycombe,BSU,50<71,D,not included,not included,100.0
2016-17,N6,South East,Brighton,BSU,50<71,D,not included,not included,100.0
2016-17,N6,South East,Canterbury,BSU,50<71,D,not included,not included,100.0
2016-17,N6,South East,East Berkshire,BSU,50<71,D,not included,not included,100.0
2016-17,N6,South East,Guildford,BSU,50<71,D,not included,not included,100.0
2016-17,N6,South East,Isle of Wight,BSU,50<71,D,not included,not included,100.0
2016-17,N6,South East,Maidstone,BSU,50<71,D,not included,not included,100.0
2016-17,N6,South East,Medway,BSU,50<71,D,not included,not included,100.0
2016-17,N6,South East,North & Mid Hampshire,BSU,50<71,D,not included,not included,100.0
2016-17,N6,South East,Oxfordshire,BSU,50<71,D,not included,not included,100.0
2016-17,N6,South East,Portsmouth,BSU,50<71,D,not included,not included,100.0
2016-17,N6,South East,Southampton & Salisbury,BSU,50<71,D,not included,not included,100.0
2016-17,N6,South East,West Berkshire,BSU,50<71,D,not included,not included,100.0
2016-17,N6,South East,Worthing,BSU,50<71,D,not included,not included,100.0
2016-17,N7,South West,Avon,BSU,50<71,D,not included,not included,100.0
2016-17,N7,South West,Cornwall,BSU,50<71,D,not included,not included,100.0
2016-17,N7,South West,Dorset,BSU,50<71,D,not included,not included,100.0
2016-17,N7,South West,Gloucestershire,BSU,50<71,D,not included,not included,100.0
2016-17,N7,South West,North & East Devon,BSU,50<71,D,not included,not included,100.0
2016-17,N7,South West,Somerset,BSU,50<71,D,not included,not included,100.0
2016-17,N7,South West,South Devon,BSU,50<71,D,not included,not included,100.0
2016-17,N7,South West,West Devon,BSU,50<71,D,not included,not included,83.33333333333334
2016-17,N7,South West,Wiltshire,BSU,50<71,D,not included,not included,100.0
2017-18,N1,North East and Yorkshire,Barnsley,BSU,50<71,A,not included,not included,67.55186721991701
2017-18,N1,North East and Yorkshire,Doncaster,BSU,50<71,A,not included,not included,66.43700787401575
2017-18,N1,North East and Yorkshire,Gateshead,BSU,50<71,A,not included,not included,40.27504911591356
2017-18,N1,North East and Yorkshire,Humberside,BSU,50<71,A,not included,not included,61.60096298525429
2017-18,N1,North East and Yorkshire,Leeds Wakefield,BSU,50<71,A,not included,not included,58.72405841660261
2017-18,N1,North East and Yorkshire,Newcastle,BSU,50<71,A,not included,not included,65.76923076923077
2017-18,N1,North East and Yorkshire,North Cumbria,BSU,50<71,A,not included,not included,73.73515178178619
2017-18,N1,North East and Yorkshire,North Tees,BSU,50<71,A,not included,not included,67.6980778246601
2017-18,N1,North East and Yorkshire,North Yorkshire,BSU,50<71,A,not included,not included,64.8868778280543
2017-18,N1,North East and Yorkshire,Pennine,BSU,50<71,A,not included,not included,53.38194619059593
2017-18,N1,North East and Yorkshire,Rotherham,BSU,50<71,A,not included,not included,66.52323580034424
2017-18,N1,North East and Yorkshire,Sheffield,BSU,50<71,A,not included,not included,67.25254394079556
2017-18,N2,North West,Bolton,BSU,50<71,A,not included,not included,63.75278396436526
2017-18,N2,North West,Cheshire & Stockport,BSU,50<71,A,not included,not included,62.06313416009019
2017-18,N2,North West,Chester,BSU,50<71,A,not included,not included,59.25925925925925
2017-18,N2,North West,Crewe,BSU,50<71,A,not included,not included,60.42065009560229
2017-18,N2,North West,East Lancashire,BSU,50<71,A,not included,not included,57.018633540372676
2017-18,N2,North West,Liverpool,BSU,50<71,A,not included,not included,58.3910700538876
2017-18,N2,North West,Manchester,BSU,50<71,A,not included,not included,61.857585139318886
2017-18,N2,North West,North Lancashire & South Cumbria,BSU,50<71,A,not included,not included,60.89171974522293
2017-18,N2,North West,South Lancashire,BSU,50<71,A,not included,not included,61.24811273276296
2017-18,N2,North West,"Warrington, Halton, St Helens & Knowsley",BSU,50<71,A,not included,not included,64.3211100099108
2017-18,N2,North West,Wirral,BSU,50<71,A,not included,not included,68.82494004796163
2017-18,N3,Midlands,"City, Sandwell & Walsall",BSU,50<71,A,not included,not included,55.17524082803853
2017-18,N3,Midlands,"Dudley, Wolverhampton & South West Staffordshire",BSU,50<71,A,not included,not included,71.18736383442265
2017-18,N3,Midlands,Hereford & Worcester,BSU,50<71,A,not included,not included,68.05365453052286
2017-18,N3,Midlands,Kettering,BSU,50<71,A,not included,not included,62.064825930372145
2017-18,N3,Midlands,Leicestershire,BSU,50<71,A,not included,not included,65.89924777752451
2017-18,N3,Midlands,Lincolnshire,BSU,50<71,A,not included,not included,56.72492401215805
2017-18,N3,Midlands,North Derbyshire & Chesterfield,BSU,50<71,A,not included,not included,65.14886164623468
2017-18,N3,Midlands,North Midlands,BSU,50<71,A,not included,not included,67.60619293370385
2017-18,N3,Midlands,North Nottinghamshire,BSU,50<71,A,not included,not included,71.46254458977408
2017-18,N3,Midlands,Northampton,BSU,50<71,A,not included,not included,63.46615458473356
2017-18,N3,Midlands,Nottingham City,BSU,50<71,A,not included,not included,67.54015215553677
2017-18,N3,Midlands,Shropshire,BSU,50<71,A,not included,not included,68.57252494244052
2017-18,N3,Midlands,South Birmingham,BSU,50<71,A,not included,not included,53.49008082292433
2017-18,N3,Midlands,South Derbyshire & South East Staffordshire,BSU,50<71,A,not included,not included,67.51217012554446
2017-18,N3,Midlands,"Warwickshire, Solihull & Coventry",BSU,50<71,A,not included,not included,60.596508244422886
2017-18,N4,East of England,Beds & Herts,BSU,50<71,A,not included,not included,58.0701414454563
2017-18,N4,East of England,Cambridge & Huntingdon,BSU,50<71,A,not included,not included,37.51387347391787
2017-18,N4,East of England,Chelmsford & Colchester,BSU,50<71,A,not included,not included,62.83320639756283
2017-18,N4,East of England,East Suffolk,BSU,50<71,A,not included,not included,43.391521197007485
2017-18,N4,East of England,Great Yarmouth & Waveney,BSU,50<71,A,not included,not included,34.04255319148936
2017-18,N4,East of England,King's Lynn,BSU,50<71,A,not included,not included,34.38395415472779
2017-18,N4,East of England,Milton Keynes,BSU,50<71,A,not included,not included,60.665362035225044
2017-18,N4,East of England,Norfolk & Norwich,BSU,50<71,A,not included,not included,35.98673300165838
2017-18,N4,East of England,Peterborough,BSU,50<71,A,not included,not included,38.46153846153847
2017-18,N4,East of England,South Essex,BSU,50<71,A,not included,not included,58.989822842065585
2017-18,N4,East of England,West Essex (Epping),BSU,50<71,A,not included,not included,61.69522927281149
2017-18,N4,East of England,West Suffolk,BSU,50<71,A,not included,not included,37.280701754385966
2017-18,N5,London,Central & East London,BSU,50<71,A,not included,not included,48.42117901308681
2017-18,N5,London,North London,BSU,50<71,A,not included,not included,53.073229291716686
2017-18,N5,London,Outer North East London,BSU,50<71,A,not included,not included,60.09218825812712
2017-18,N5,London,South East London,BSU,50<71,A,not included,not included,54.7697152604645
2017-18,N5,London,South West London,BSU,50<71,A,not included,not included,59.98081381405388
2017-18,N5,London,West of London,BSU,50<71,A,not included,not included,48.064952638700944
2017-18,N6,South East,Aylesbury & Wycombe,BSU,50<71,A,not included,not included,53.944402704733285
2017-18,N6,South East,Brighton,BSU,50<71,A,not included,not included,54.91967871485943
2017-18,N6,South East,Canterbury,BSU,50<71,A,not included,not included,62.21466731423021
2017-18,N6,South East,East Berkshire,BSU,50<71,A,not included,not included,54.32692307692307
2017-18,N6,South East,Guildford,BSU,50<71,A,not included,not included,60.15649952091984
2017-18,N6,South East,Isle of Wight,BSU,50<71,A,not included,not included,53.21100917431193
2017-18,N6,South East,Maidstone,BSU,50<71,A,not included,not included,65.57722720084344
2017-18,N6,South East,Medway,BSU,50<71,A,not included,not included,64.47925486875529
2017-18,N6,South East,North & Mid Hampshire,BSU,50<71,A,not included,not included,64.61748633879782
2017-18,N6,South East,Oxfordshire,BSU,50<71,A,not included,not included,58.26251180358829
2017-18,N6,South East,Portsmouth,BSU,50<71,A,not included,not included,59.76047904191617
2017-18,N6,South East,Southampton & Salisbury,BSU,50<71,A,not included,not included,54.961832061068705
2017-18,N6,South East,West Berkshire,BSU,50<71,A,not included,not included,60.15706806282722
2017-18,N6,South East,Worthing,BSU,50<71,A,not included,not included,66.89708141321044
2017-18,N7,South West,Avon,BSU,50<71,A,not included,not included,60.758513931888544
2017-18,N7,South West,Cornwall,BSU,50<71,A,not included,not included,62.05691462805791
2017-18,N7,South West,Dorset,BSU,50<71,A,not included,not included,61.218693519235735
2017-18,N7,South West,Gloucestershire,BSU,50<71,A,not included,not included,62.22826086956522
2017-18,N7,South West,North & East Devon,BSU,50<71,A,not included,not included,40.84014002333723
2017-18,N7,South West,Somerset,BSU,50<71,A,not included,not included,57.64917003140422
2017-18,N7,South West,South Devon,BSU,50<71,A,not included,not included,60.57347670250897
2017-18,N7,South West,West Devon,BSU,50<71,A,not included,not included,67.57291151754819
2017-18,N7,South West,Wiltshire,BSU,50<71,A,not included,not included,63.561756257693894
2017-18,N1,North East and Yorkshire,Barnsley,BSU,50<71,A and C1,not included,not included,86.70234248788368
2017-18,N1,North East and Yorkshire,Doncaster,BSU,50<71,A and C1,not included,not included,87.69118233807687
2017-18,N1,North East and Yorkshire,Gateshead,BSU,50<71,A and C1,not included,not included,87.21110864534128
2017-18,N1,North East and Yorkshire,Humberside,BSU,50<71,A and C1,not included,not included,84.6061266011405
2017-18,N1,North East and Yorkshire,Leeds Wakefield,BSU,50<71,A and C1,not included,not included,84.50100166473858
2017-18,N1,North East and Yorkshire,Newcastle,BSU,50<71,A and C1,not included,not included,86.35091496232508
2017-18,N1,North East and Yorkshire,North Cumbria,BSU,50<71,A and C1,not included,not included,86.36363636363636
2017-18,N1,North East and Yorkshire,North Tees,BSU,50<71,A and C1,not included,not included,86.01568029618338
2017-18,N1,North East and Yorkshire,North Yorkshire,BSU,50<71,A and C1,not included,not included,86.2866675059801
2017-18,N1,North East and Yorkshire,Pennine,BSU,50<71,A and C1,not included,not included,81.1763140385895
2017-18,N1,North East and Yorkshire,Rotherham,BSU,50<71,A and C1,not included,not included,81.68429786351379
2017-18,N1,North East and Yorkshire,Sheffield,BSU,50<71,A and C1,not included,not included,84.30304664330008
2017-18,N2,North West,Bolton,BSU,50<71,A and C1,not included,not included,84.84453456933178
2017-18,N2,North West,Cheshire & Stockport,BSU,50<71,A and C1,not included,not included,83.48166203729947
2017-18,N2,North West,Chester,BSU,50<71,A and C1,not included,not included,88.10281806390756
2017-18,N2,North West,Crewe,BSU,50<71,A and C1,not included,not included,81.65319112334423
2017-18,N2,North West,East Lancashire,BSU,50<71,A and C1,not included,not included,83.7496507404303
2017-18,N2,North West,Liverpool,BSU,50<71,A and C1,not included,not included,83.99480912728453
2017-18,N2,North West,Manchester,BSU,50<71,A and C1,not included,not included,81.97753893162508
2017-18,N2,North West,North Lancashire & South Cumbria,BSU,50<71,A and C1,not included,not included,84.1789316512783
2017-18,N2,North West,South Lancashire,BSU,50<71,A and C1,not included,not included,85.2491554054054
2017-18,N2,North West,"Warrington, Halton, St Helens & Knowsley",BSU,50<71,A and C1,not included,not included,84.81256761205964
2017-18,N2,North West,Wirral,BSU,50<71,A and C1,not included,not included,85.64326604398916
2017-18,N3,Midlands,"City, Sandwell & Walsall",BSU,50<71,A and C1,not included,not included,80.8563829787234
2017-18,N3,Midlands,"Dudley, Wolverhampton & South West Staffordshire",BSU,50<71,A and C1,not included,not included,84.19654231119199
2017-18,N3,Midlands,Hereford & Worcester,BSU,50<71,A and C1,not included,not included,85.56125721616421
2017-18,N3,Midlands,Kettering,BSU,50<71,A and C1,not included,not included,83.01133528195622
2017-18,N3,Midlands,Leicestershire,BSU,50<71,A and C1,not included,not included,84.06433482210068
2017-18,N3,Midlands,Lincolnshire,BSU,50<71,A and C1,not included,not included,83.18001616565952
2017-18,N3,Midlands,North Derbyshire & Chesterfield,BSU,50<71,A and C1,not included,not included,85.58145894578519
2017-18,N3,Midlands,North Midlands,BSU,50<71,A and C1,not included,not included,86.08422271862331
2017-18,N3,Midlands,North Nottinghamshire,BSU,50<71,A and C1,not included,not included,88.28799654576856
2017-18,N3,Midlands,Northampton,BSU,50<71,A and C1,not included,not included,82.38659864883496
2017-18,N3,Midlands,Nottingham City,BSU,50<71,A and C1,not included,not included,87.04947391985672
2017-18,N3,Midlands,Shropshire,BSU,50<71,A and C1,not included,not included,87.10533182569365
2017-18,N3,Midlands,South Birmingham,BSU,50<71,A and C1,not included,not included,79.36395759717314
2017-18,N3,Midlands,South Derbyshire & South East Staffordshire,BSU,50<71,A and C1,not included,not included,85.10370440310956
2017-18,N3,Midlands,"Warwickshire, Solihull & Coventry",BSU,50<71,A and C1,not included,not included,83.07518229821473
2017-18,N4,East of England,Beds & Herts,BSU,50<71,A and C1,not included,not included,84.84618002041593
2017-18,N4,East of England,Cambridge & Huntingdon,BSU,50<71,A and C1,not included,not included,84.5155413867699
2017-18,N4,East of England,Chelmsford & Colchester,BSU,50<71,A and C1,not included,not included,83.52957569846026
2017-18,N4,East of England,East Suffolk,BSU,50<71,A and C1,not included,not included,89.11076861220934
2017-18,N4,East of England,Great Yarmouth & Waveney,BSU,50<71,A and C1,not included,not included,86.90923216366697
2017-18,N4,East of England,King's Lynn,BSU,50<71,A and C1,not included,not included,86.58749563395041
2017-18,N4,East of England,Milton Keynes,BSU,50<71,A and C1,not included,not included,82.93094883258819
2017-18,N4,East of England,Norfolk & Norwich,BSU,50<71,A and C1,not included,not included,88.28224289563316
2017-18,N4,East of England,Peterborough,BSU,50<71,A and C1,not included,not included,86.82404835811141
2017-18,N4,East of England,South Essex,BSU,50<71,A and C1,not included,not included,79.1723253357477
2017-18,N4,East of England,West Essex (Epping),BSU,50<71,A and C1,not included,not included,79.95267392333176
2017-18,N4,East of England,West Suffolk,BSU,50<71,A and C1,not included,not included,86.16640675167416
2017-18,N5,London,Central & East London,BSU,50<71,A and C1,not included,not included,65.64633030750826
2017-18,N5,London,North London,BSU,50<71,A and C1,not included,not included,78.65576748410535
2017-18,N5,London,Outer North East London,BSU,50<71,A and C1,not included,not included,79.92997915109555
2017-18,N5,London,South East London,BSU,50<71,A and C1,not included,not included,80.15590450848855
2017-18,N5,London,South West London,BSU,50<71,A and C1,not included,not included,77.70793318200337
2017-18,N5,London,West of London,BSU,50<71,A and C1,not included,not included,76.00280177445715
2017-18,N6,South East,Aylesbury & Wycombe,BSU,50<71,A and C1,not included,not included,83.7592788971368
2017-18,N6,South East,Brighton,BSU,50<71,A and C1,not included,not included,80.96468850698174
2017-18,N6,South East,Canterbury,BSU,50<71,A and C1,not included,not included,85.15200648561006
2017-18,N6,South East,East Berkshire,BSU,50<71,A and C1,not included,not included,79.08229721728833
2017-18,N6,South East,Guildford,BSU,50<71,A and C1,not included,not included,82.54941205904429
2017-18,N6,South East,Isle of Wight,BSU,50<71,A and C1,not included,not included,85.71174060217352
2017-18,N6,South East,Maidstone,BSU,50<71,A and C1,not included,not included,86.26227123984972
2017-18,N6,South East,Medway,BSU,50<71,A and C1,not included,not included,83.03093531706432
2017-18,N6,South East,North & Mid Hampshire,BSU,50<71,A and C1,not included,not included,84.48007125361835
2017-18,N6,South East,Oxfordshire,BSU,50<71,A and C1,not included,not included,82.87026080371089
2017-18,N6,South East,Portsmouth,BSU,50<71,A and C1,not included,not included,83.43042071197411
2017-18,N6,South East,Southampton & Salisbury,BSU,50<71,A and C1,not included,not included,83.25062981907016
2017-18,N6,South East,West Berkshire,BSU,50<71,A and C1,not included,not included,84.58571208146891
2017-18,N6,South East,Worthing,BSU,50<71,A and C1,not included,not included,83.87096774193549
2017-18,N7,South West,Avon,BSU,50<71,A and C1,not included,not included,82.12993591068845
2017-18,N7,South West,Cornwall,BSU,50<71,A and C1,not included,not included,86.24126474968496
2017-18,N7,South West,Dorset,BSU,50<71,A and C1,not included,not included,83.11986466892219
2017-18,N7,South West,Gloucestershire,BSU,50<71,A and C1,not included,not included,85.93599197004208
2017-18,N7,South West,North & East Devon,BSU,50<71,A and C1,not included,not included,84.993908806126
2017-18,N7,South West,Somerset,BSU,50<71,A and C1,not included,not included,84.66796332314533
2017-18,N7,South West,South Devon,BSU,50<71,A and C1,not included,not included,83.39724594735924
2017-18,N7,South West,West Devon,BSU,50<71,A and C1,not included,not included,86.31108150544797
2017-18,N7,South West,Wiltshire,BSU,50<71,A and C1,not included,not included,85.95513381546824
2017-18,N1,North East and Yorkshire,Barnsley,BSU,50<71,A to C2,not included,not included,73.39449541284404
2017-18,N1,North East and Yorkshire,Doncaster,BSU,50<71,A to C2,not included,not included,76.3394704178734
2017-18,N1,North East and Yorkshire,Gateshead,BSU,50<71,A to C2,not included,not included,73.90452876376989
2017-18,N1,North East and Yorkshire,Humberside,BSU,50<71,A to C2,not included,not included,71.42643412840899
2017-18,N1,North East and Yorkshire,Leeds Wakefield,BSU,50<71,A to C2,not included,not included,70.29650955092778
2017-18,N1,North East and Yorkshire,Newcastle,BSU,50<71,A to C2,not included,not included,75.61374401885114
2017-18,N1,North East and Yorkshire,North Cumbria,BSU,50<71,A to C2,not included,not included,76.68508287292818
2017-18,N1,North East and Yorkshire,North Tees,BSU,50<71,A to C2,not included,not included,72.42680811996328
2017-18,N1,North East and Yorkshire,North Yorkshire,BSU,50<71,A to C2,not included,not included,74.73576791311321
2017-18,N1,North East and Yorkshire,Pennine,BSU,50<71,A to C2,not included,not included,64.65268530847759
2017-18,N1,North East and Yorkshire,Rotherham,BSU,50<71,A to C2,not included,not included,68.67921453597327
2017-18,N1,North East and Yorkshire,Sheffield,BSU,50<71,A to C2,not included,not included,72.4324785595426
2017-18,N2,North West,Bolton,BSU,50<71,A to C2,not included,not included,71.3000963563042
2017-18,N2,North West,Cheshire & Stockport,BSU,50<71,A to C2,not included,not included,70.811540408301
2017-18,N2,North West,Chester,BSU,50<71,A to C2,not included,not included,77.31593662628146
2017-18,N2,North West,Crewe,BSU,50<71,A to C2,not included,not included,70.78629300039846
2017-18,N2,North West,East Lancashire,BSU,50<71,A to C2,not included,not included,67.02278928557703
2017-18,N2,North West,Liverpool,BSU,50<71,A to C2,not included,not included,67.85146579804561
2017-18,N2,North West,Manchester,BSU,50<71,A to C2,not included,not included,66.54634091881734
2017-18,N2,North West,North Lancashire & South Cumbria,BSU,50<71,A to C2,not included,not included,70.38005812653701
2017-18,N2,North West,South Lancashire,BSU,50<71,A to C2,not included,not included,70.38387890945565
2017-18,N2,North West,"Warrington, Halton, St Helens & Knowsley",BSU,50<71,A to C2,not included,not included,72.55178035495943
2017-18,N2,North West,Wirral,BSU,50<71,A to C2,not included,not included,71.56713472057746
2017-18,N3,Midlands,"City, Sandwell & Walsall",BSU,50<71,A to C2,not included,not included,63.47211166441438
2017-18,N3,Midlands,"Dudley, Wolverhampton & South West Staffordshire",BSU,50<71,A to C2,not included,not included,70.88262807461619
2017-18,N3,Midlands,Hereford & Worcester,BSU,50<71,A to C2,not included,not included,74.35299372224014
2017-18,N3,Midlands,Kettering,BSU,50<71,A to C2,not included,not included,72.08266727563371
2017-18,N3,Midlands,Leicestershire,BSU,50<71,A to C2,not included,not included,73.43690564375663
2017-18,N3,Midlands,Lincolnshire,BSU,50<71,A to C2,not included,not included,72.1009070641053
2017-18,N3,Midlands,North Derbyshire & Chesterfield,BSU,50<71,A to C2,not included,not included,73.91393864525428
2017-18,N3,Midlands,North Midlands,BSU,50<71,A to C2,not included,not included,75.27487084382038
2017-18,N3,Midlands,North Nottinghamshire,BSU,50<71,A to C2,not included,not included,77.7023498694517
2017-18,N3,Midlands,Northampton,BSU,50<71,A to C2,not included,not included,71.50603076242116
2017-18,N3,Midlands,Nottingham City,BSU,50<71,A to C2,not included,not included,75.72835453426345
2017-18,N3,Midlands,Shropshire,BSU,50<71,A to C2,not included,not included,75.81973030518098
2017-18,N3,Midlands,South Birmingham,BSU,50<71,A to C2,not included,not included,65.3471444568869
2017-18,N3,Midlands,South Derbyshire & South East Staffordshire,BSU,50<71,A to C2,not included,not included,73.95074322354999
2017-18,N3,Midlands,"Warwickshire, Solihull & Coventry",BSU,50<71,A to C2,not included,not included,70.83858884684479
2017-18,N4,East of England,Beds & Herts,BSU,50<71,A to C2,not included,not included,71.23393392502003
2017-18,N4,East of England,Cambridge & Huntingdon,BSU,50<71,A to C2,not included,not included,71.738952201361
2017-18,N4,East of England,Chelmsford & Colchester,BSU,50<71,A to C2,not included,not included,72.86828044924218
2017-18,N4,East of England,East Suffolk,BSU,50<71,A to C2,not included,not included,77.43687068374716
2017-18,N4,East of England,Great Yarmouth & Waveney,BSU,50<71,A to C2,not included,not included,73.09408149102805
2017-18,N4,East of England,King's Lynn,BSU,50<71,A to C2,not included,not included,73.4336055006446
2017-18,N4,East of England,Milton Keynes,BSU,50<71,A to C2,not included,not included,72.36500825277056
2017-18,N4,East of England,Norfolk & Norwich,BSU,50<71,A to C2,not included,not included,75.594205085641
2017-18,N4,East of England,Peterborough,BSU,50<71,A to C2,not included,not included,73.7347505737408
2017-18,N4,East of England,South Essex,BSU,50<71,A to C2,not included,not included,66.58330017620645
2017-18,N4,East of England,West Essex (Epping),BSU,50<71,A to C2,not included,not included,67.77228067730472
2017-18,N4,East of England,West Suffolk,BSU,50<71,A to C2,not included,not included,73.13787085514835
2017-18,N5,London,Central & East London,BSU,50<71,A to C2,not included,not included,54.043146828757905
2017-18,N5,London,North London,BSU,50<71,A to C2,not included,not included,64.42632282661937
2017-18,N5,London,Outer North East London,BSU,50<71,A to C2,not included,not included,66.77329300918925
2017-18,N5,London,South East London,BSU,50<71,A to C2,not included,not included,66.43165606589496
2017-18,N5,London,South West London,BSU,50<71,A to C2,not included,not included,65.66395237345621
2017-18,N5,London,West of London,BSU,50<71,A to C2,not included,not included,60.03334749028676
2017-18,N6,South East,Aylesbury & Wycombe,BSU,50<71,A to C2,not included,not included,71.79529508873298
2017-18,N6,South East,Brighton,BSU,50<71,A to C2,not included,not included,66.7878395538182
2017-18,N6,South East,Canterbury,BSU,50<71,A to C2,not included,not included,72.65872891206685
2017-18,N6,South East,East Berkshire,BSU,50<71,A to C2,not included,not included,67.00748912507287
2017-18,N6,South East,Guildford,BSU,50<71,A to C2,not included,not included,70.00857987225524
2017-18,N6,South East,Isle of Wight,BSU,50<71,A to C2,not included,not included,75.18339100346022
2017-18,N6,South East,Maidstone,BSU,50<71,A to C2,not included,not included,75.002357378595
2017-18,N6,South East,Medway,BSU,50<71,A to C2,not included,not included,70.09861388869734
2017-18,N6,South East,North & Mid Hampshire,BSU,50<71,A to C2,not included,not included,73.46383199377755
2017-18,N6,South East,Oxfordshire,BSU,50<71,A to C2,not included,not included,72.00381749440223
2017-18,N6,South East,Portsmouth,BSU,50<71,A to C2,not included,not included,72.51940828859449
2017-18,N6,South East,Southampton & Salisbury,BSU,50<71,A to C2,not included,not included,70.46102456302012
2017-18,N6,South East,West Berkshire,BSU,50<71,A to C2,not included,not included,73.46781394593717
2017-18,N6,South East,Worthing,BSU,50<71,A to C2,not included,not included,72.84512789887529
2017-18,N7,South West,Avon,BSU,50<71,A to C2,not included,not included,69.6134665799381
2017-18,N7,South West,Cornwall,BSU,50<71,A to C2,not included,not included,74.05035529432406
2017-18,N7,South West,Dorset,BSU,50<71,A to C2,not included,not included,72.88489144087565
2017-18,N7,South West,Gloucestershire,BSU,50<71,A to C2,not included,not included,74.07067742724382
2017-18,N7,South West,North & East Devon,BSU,50<71,A to C2,not included,not included,72.69372693726937
2017-18,N7,South West,Somerset,BSU,50<71,A to C2,not included,not included,72.56117724867724
2017-18,N7,South West,South Devon,BSU,50<71,A to C2,not included,not included,70.32292148187281
2017-18,N7,South West,West Devon,BSU,50<71,A to C2,not included,not included,76.08401346072023
2017-18,N7,South West,Wiltshire,BSU,50<71,A to C2,not included,not included,75.0840666809759
2017-18,N1,North East and Yorkshire,Barnsley,BSU,50<71,A to D,not included,not included,73.40249586528341
2017-18,N1,North East and Yorkshire,Doncaster,BSU,50<71,A to D,not included,not included,76.34191746819732
2017-18,N1,North East and Yorkshire,Gateshead,BSU,50<71,A to D,not included,not included,73.91283067811956
2017-18,N1,North East and Yorkshire,Humberside,BSU,50<71,A to D,not included,not included,71.43070840901807
2017-18,N1,North East and Yorkshire,Leeds Wakefield,BSU,50<71,A to D,not included,not included,70.30337409134837
2017-18,N1,North East and Yorkshire,Newcastle,BSU,50<71,A to D,not included,not included,75.61902014519929
2017-18,N1,North East and Yorkshire,North Cumbria,BSU,50<71,A to D,not included,not included,76.6891499011513
2017-18,N1,North East and Yorkshire,North Tees,BSU,50<71,A to D,not included,not included,72.43130775350346
2017-18,N1,North East and Yorkshire,North Yorkshire,BSU,50<71,A to D,not included,not included,74.74067776023321
2017-18,N1,North East and Yorkshire,Pennine,BSU,50<71,A to D,not included,not included,64.65856770399955
2017-18,N1,North East and Yorkshire,Rotherham,BSU,50<71,A to D,not included,not included,68.68686868686868
2017-18,N1,North East and Yorkshire,Sheffield,BSU,50<71,A to D,not included,not included,72.44306065000427
2017-18,N2,North West,Bolton,BSU,50<71,A to D,not included,not included,71.30316871253211
2017-18,N2,North West,Cheshire & Stockport,BSU,50<71,A to D,not included,not included,70.82384686735811
2017-18,N2,North West,Chester,BSU,50<71,A to D,not included,not included,77.31593662628146
2017-18,N2,North West,Crewe,BSU,50<71,A to D,not included,not included,70.7959901746
2017-18,N2,North West,East Lancashire,BSU,50<71,A to D,not included,not included,67.02659083922534
2017-18,N2,North West,Liverpool,BSU,50<71,A to D,not included,not included,67.85481643607181
2017-18,N2,North West,Manchester,BSU,50<71,A to D,not included,not included,66.55007535023908
2017-18,N2,North West,North Lancashire & South Cumbria,BSU,50<71,A to D,not included,not included,70.38270666607055
2017-18,N2,North West,South Lancashire,BSU,50<71,A to D,not included,not included,70.38837901902389
2017-18,N2,North West,"Warrington, Halton, St Helens & Knowsley",BSU,50<71,A to D,not included,not included,72.57921231862599
2017-18,N2,North West,Wirral,BSU,50<71,A to D,not included,not included,71.58636235559312
2017-18,N3,Midlands,"City, Sandwell & Walsall",BSU,50<71,A to D,not included,not included,63.473464023250216
2017-18,N3,Midlands,"Dudley, Wolverhampton & South West Staffordshire",BSU,50<71,A to D,not included,not included,70.88503122506809
2017-18,N3,Midlands,Hereford & Worcester,BSU,50<71,A to D,not included,not included,74.35426643177927
2017-18,N3,Midlands,Kettering,BSU,50<71,A to D,not included,not included,72.08585454960613
2017-18,N3,Midlands,Leicestershire,BSU,50<71,A to D,not included,not included,73.44009608647784
2017-18,N3,Midlands,Lincolnshire,BSU,50<71,A to D,not included,not included,72.1009070641053
2017-18,N3,Midlands,North Derbyshire & Chesterfield,BSU,50<71,A to D,not included,not included,73.91393864525428
2017-18,N3,Midlands,North Midlands,BSU,50<71,A to D,not included,not included,75.2822380400596
2017-18,N3,Midlands,North Nottinghamshire,BSU,50<71,A to D,not included,not included,77.7023498694517
2017-18,N3,Midlands,Northampton,BSU,50<71,A to D,not included,not included,71.51075952868285
2017-18,N3,Midlands,Nottingham City,BSU,50<71,A to D,not included,not included,75.73048855543507
2017-18,N3,Midlands,Shropshire,BSU,50<71,A to D,not included,not included,75.8214463132496
2017-18,N3,Midlands,South Birmingham,BSU,50<71,A to D,not included,not included,65.3510245213302
2017-18,N3,Midlands,South Derbyshire & South East Staffordshire,BSU,50<71,A to D,not included,not included,73.95264116575592
2017-18,N3,Midlands,"Warwickshire, Solihull & Coventry",BSU,50<71,A to D,not included,not included,70.84081788648959
2017-18,N4,East of England,Beds & Herts,BSU,50<71,A to D,not included,not included,71.24801590244915
2017-18,N4,East of England,Cambridge & Huntingdon,BSU,50<71,A to D,not included,not included,71.74358553979835
2017-18,N4,East of England,Chelmsford & Colchester,BSU,50<71,A to D,not included,not included,72.86975958131168
2017-18,N4,East of England,East Suffolk,BSU,50<71,A to D,not included,not included,77.43687068374716
2017-18,N4,East of England,Great Yarmouth & Waveney,BSU,50<71,A to D,not included,not included,73.10208126858275
2017-18,N4,East of England,King's Lynn,BSU,50<71,A to D,not included,not included,73.44045368620039
2017-18,N4,East of England,Milton Keynes,BSU,50<71,A to D,not included,not included,72.37803440961584
2017-18,N4,East of England,Norfolk & Norwich,BSU,50<71,A to D,not included,not included,75.59880804194485
2017-18,N4,East of England,Peterborough,BSU,50<71,A to D,not included,not included,73.7363367353101
2017-18,N4,East of England,South Essex,BSU,50<71,A to D,not included,not included,66.58709860755897
2017-18,N4,East of England,West Essex (Epping),BSU,50<71,A to D,not included,not included,67.77677140667457
2017-18,N4,East of England,West Suffolk,BSU,50<71,A to D,not included,not included,73.14162071613039
2017-18,N5,London,Central & East London,BSU,50<71,A to D,not included,not included,54.04543642885612
2017-18,N5,London,North London,BSU,50<71,A to D,not included,not included,64.42914818982064
2017-18,N5,London,Outer North East London,BSU,50<71,A to D,not included,not included,66.7752253562082
2017-18,N5,London,South East London,BSU,50<71,A to D,not included,not included,66.4390647630871
2017-18,N5,London,South West London,BSU,50<71,A to D,not included,not included,65.66801156036284
2017-18,N5,London,West of London,BSU,50<71,A to D,not included,not included,60.035862025575284
2017-18,N6,South East,Aylesbury & Wycombe,BSU,50<71,A to D,not included,not included,71.7976229778805
2017-18,N6,South East,Brighton,BSU,50<71,A to D,not included,not included,66.81675705258968
2017-18,N6,South East,Canterbury,BSU,50<71,A to D,not included,not included,72.67332328560663
2017-18,N6,South East,East Berkshire,BSU,50<71,A to D,not included,not included,67.02375616315554
2017-18,N6,South East,Guildford,BSU,50<71,A to D,not included,not included,70.01572601782283
2017-18,N6,South East,Isle of Wight,BSU,50<71,A to D,not included,not included,75.20375742505871
2017-18,N6,South East,Maidstone,BSU,50<71,A to D,not included,not included,75.01060470377527
2017-18,N6,South East,Medway,BSU,50<71,A to D,not included,not included,70.10170660230995
2017-18,N6,South East,North & Mid Hampshire,BSU,50<71,A to D,not included,not included,73.48102085762405
2017-18,N6,South East,Oxfordshire,BSU,50<71,A to D,not included,not included,72.00792747825449
2017-18,N6,South East,Portsmouth,BSU,50<71,A to D,not included,not included,72.53001814601753
2017-18,N6,South East,Southampton & Salisbury,BSU,50<71,A to D,not included,not included,70.47037826011861
2017-18,N6,South East,West Berkshire,BSU,50<71,A to D,not included,not included,73.47319725682749
2017-18,N6,South East,Worthing,BSU,50<71,A to D,not included,not included,72.85120780157723
2017-18,N7,South West,Avon,BSU,50<71,A to D,not included,not included,69.61885617437231
2017-18,N7,South West,Cornwall,BSU,50<71,A to D,not included,not included,74.06514400946912
2017-18,N7,South West,Dorset,BSU,50<71,A to D,not included,not included,72.8879320011662
2017-18,N7,South West,Gloucestershire,BSU,50<71,A to D,not included,not included,74.07701711491443
2017-18,N7,South West,North & East Devon,BSU,50<71,A to D,not included,not included,72.7018214156319
2017-18,N7,South West,Somerset,BSU,50<71,A to D,not included,not included,72.56117724867724
2017-18,N7,South West,South Devon,BSU,50<71,A to D,not included,not included,70.32684054143282
2017-18,N7,South West,West Devon,BSU,50<71,A to D,not included,not included,76.09048723897912
2017-18,N7,South West,Wiltshire,BSU,50<71,A to D,not included,not included,75.08674035125371
2017-18,N1,North East and Yorkshire,Barnsley,BSU,50<71,B,not included,not included,19.769673704414586
2017-18,N1,North East and Yorkshire,Doncaster,BSU,50<71,B,not included,not included,22.62734584450402
2017-18,N1,North East and Yorkshire,Gateshead,BSU,50<71,B,not included,not included,18.069405664140405
2017-18,N1,North East and Yorkshire,Humberside,BSU,50<71,B,not included,not included,19.50760545711149
2017-18,N1,North East and Yorkshire,Leeds Wakefield,BSU,50<71,B,not included,not included,20.282394469774967
2017-18,N1,North East and Yorkshire,Newcastle,BSU,50<71,B,not included,not included,22.07735767057801
2017-18,N1,North East and Yorkshire,North Cumbria,BSU,50<71,B,not included,not included,19.38296445338699
2017-18,N1,North East and Yorkshire,North Tees,BSU,50<71,B,not included,not included,18.43711843711844
2017-18,N1,North East and Yorkshire,North Yorkshire,BSU,50<71,B,not included,not included,20.28397565922921
2017-18,N1,North East and Yorkshire,Pennine,BSU,50<71,B,not included,not included,20.898709497725374
2017-18,N1,North East and Yorkshire,Rotherham,BSU,50<71,B,not included,not included,15.437500000000002
2017-18,N1,North East and Yorkshire,Sheffield,BSU,50<71,B,not included,not included,16.381507098653074
2017-18,N2,North West,Bolton,BSU,50<71,B,not included,not included,19.27927927927928
2017-18,N2,North West,Cheshire & Stockport,BSU,50<71,B,not included,not included,20.73129822207313
2017-18,N2,North West,Chester,BSU,50<71,B,not included,not included,23.805601317957166
2017-18,N2,North West,Crewe,BSU,50<71,B,not included,not included,20.014044943820224
2017-18,N2,North West,East Lancashire,BSU,50<71,B,not included,not included,20.536828963795255
2017-18,N2,North West,Liverpool,BSU,50<71,B,not included,not included,18.095238095238095
2017-18,N2,North West,Manchester,BSU,50<71,B,not included,not included,20.456905503634477
2017-18,N2,North West,North Lancashire & South Cumbria,BSU,50<71,B,not included,not included,19.94630448515477
2017-18,N2,North West,South Lancashire,BSU,50<71,B,not included,not included,19.329631914456098
2017-18,N2,North West,"Warrington, Halton, St Helens & Knowsley",BSU,50<71,B,not included,not included,18.1981981981982
2017-18,N2,North West,Wirral,BSU,50<71,B,not included,not included,18.01909307875895
2017-18,N3,Midlands,"City, Sandwell & Walsall",BSU,50<71,B,not included,not included,15.999197029007329
2017-18,N3,Midlands,"Dudley, Wolverhampton & South West Staffordshire",BSU,50<71,B,not included,not included,15.450095765056396
2017-18,N3,Midlands,Hereford & Worcester,BSU,50<71,B,not included,not included,19.952550415183868
2017-18,N3,Midlands,Kettering,BSU,50<71,B,not included,not included,20.374015748031496
2017-18,N3,Midlands,Leicestershire,BSU,50<71,B,not included,not included,17.751047931474396
2017-18,N3,Midlands,Lincolnshire,BSU,50<71,B,not included,not included,18.319559228650135
2017-18,N3,Midlands,North Derbyshire & Chesterfield,BSU,50<71,B,not included,not included,24.06563354603464
2017-18,N3,Midlands,North Midlands,BSU,50<71,B,not included,not included,18.169848584595126
2017-18,N3,Midlands,North Nottinghamshire,BSU,50<71,B,not included,not included,19.11764705882353
2017-18,N3,Midlands,Northampton,BSU,50<71,B,not included,not included,16.216216216216218
2017-18,N3,Midlands,Nottingham City,BSU,50<71,B,not included,not included,20.47447137699845
2017-18,N3,Midlands,Shropshire,BSU,50<71,B,not included,not included,17.278025368529313
2017-18,N3,Midlands,South Birmingham,BSU,50<71,B,not included,not included,17.36263736263736
2017-18,N3,Midlands,South Derbyshire & South East Staffordshire,BSU,50<71,B,not included,not included,21.35683999107342
2017-18,N3,Midlands,"Warwickshire, Solihull & Coventry",BSU,50<71,B,not included,not included,19.649122807017545
2017-18,N4,East of England,Beds & Herts,BSU,50<71,B,not included,not included,21.43666907142121
2017-18,N4,East of England,Cambridge & Huntingdon,BSU,50<71,B,not included,not included,27.418126428027417
2017-18,N4,East of England,Chelmsford & Colchester,BSU,50<71,B,not included,not included,21.29812438302073
2017-18,N4,East of England,East Suffolk,BSU,50<71,B,not included,not included,22.799664710813076
2017-18,N4,East of England,Great Yarmouth & Waveney,BSU,50<71,B,not included,not included,17.900302114803626
2017-18,N4,East of England,King's Lynn,BSU,50<71,B,not included,not included,20.226969292389853
2017-18,N4,East of England,Milton Keynes,BSU,50<71,B,not included,not included,20.875912408759124
2017-18,N4,East of England,Norfolk & Norwich,BSU,50<71,B,not included,not included,19.083969465648856
2017-18,N4,East of England,Peterborough,BSU,50<71,B,not included,not included,21.72579938677179
2017-18,N4,East of England,South Essex,BSU,50<71,B,not included,not included,19.048608226007477
2017-18,N4,East of England,West Essex (Epping),BSU,50<71,B,not included,not included,18.508583690987123
2017-18,N4,East of England,West Suffolk,BSU,50<71,B,not included,not included,21.87659357470678
2017-18,N5,London,Central & East London,BSU,50<71,B,not included,not included,17.00607902735562
2017-18,N5,London,North London,BSU,50<71,B,not included,not included,19.03997554077811
2017-18,N5,London,Outer North East London,BSU,50<71,B,not included,not included,21.74823843077509
2017-18,N5,London,South East London,BSU,50<71,B,not included,not included,20.617365467150876
2017-18,N5,London,South West London,BSU,50<71,B,not included,not included,20.260561356451767
2017-18,N5,London,West of London,BSU,50<71,B,not included,not included,17.52504696305573
2017-18,N6,South East,Aylesbury & Wycombe,BSU,50<71,B,not included,not included,21.93011647254576
2017-18,N6,South East,Brighton,BSU,50<71,B,not included,not included,18.63049517895081
2017-18,N6,South East,Canterbury,BSU,50<71,B,not included,not included,19.94142055162314
2017-18,N6,South East,East Berkshire,BSU,50<71,B,not included,not included,20.077450104259757
2017-18,N6,South East,Guildford,BSU,50<71,B,not included,not included,19.165109034267914
2017-18,N6,South East,Isle of Wight,BSU,50<71,B,not included,not included,15.937499999999998
2017-18,N6,South East,Maidstone,BSU,50<71,B,not included,not included,25.87101556708673
2017-18,N6,South East,Medway,BSU,50<71,B,not included,not included,19.69111969111969
2017-18,N6,South East,North & Mid Hampshire,BSU,50<71,B,not included,not included,23.45340642129992
2017-18,N6,South East,Oxfordshire,BSU,50<71,B,not included,not included,21.32375897596004
2017-18,N6,South East,Portsmouth,BSU,50<71,B,not included,not included,24.032714690154137
2017-18,N6,South East,Southampton & Salisbury,BSU,50<71,B,not included,not included,20.7824989482541
2017-18,N6,South East,West Berkshire,BSU,50<71,B,not included,not included,23.160762942779293
2017-18,N6,South East,Worthing,BSU,50<71,B,not included,not included,21.634924031671304
2017-18,N7,South West,Avon,BSU,50<71,B,not included,not included,19.521503008953474
2017-18,N7,South West,Cornwall,BSU,50<71,B,not included,not included,16.97117336581405
2017-18,N7,South West,Dorset,BSU,50<71,B,not included,not included,20.398422909317286
2017-18,N7,South West,Gloucestershire,BSU,50<71,B,not included,not included,20.314582777925885
2017-18,N7,South West,North & East Devon,BSU,50<71,B,not included,not included,18.409029830690674
2017-18,N7,South West,Somerset,BSU,50<71,B,not included,not included,17.727272727272727
2017-18,N7,South West,South Devon,BSU,50<71,B,not included,not included,20.268256333830102
2017-18,N7,South West,West Devon,BSU,50<71,B,not included,not included,20.165289256198346
2017-18,N7,South West,Wiltshire,BSU,50<71,B,not included,not included,19.82288828337875
2017-18,N1,North East and Yorkshire,Barnsley,BSU,50<71,C1,not included,not included,89.35509828715944
2017-18,N1,North East and Yorkshire,Doncaster,BSU,50<71,C1,not included,not included,89.2312081015547
2017-18,N1,North East and Yorkshire,Gateshead,BSU,50<71,C1,not included,not included,87.98092414770896
2017-18,N1,North East and Yorkshire,Humberside,BSU,50<71,C1,not included,not included,87.02730094381454
2017-18,N1,North East and Yorkshire,Leeds Wakefield,BSU,50<71,C1,not included,not included,87.69103938106412
2017-18,N1,North East and Yorkshire,Newcastle,BSU,50<71,C1,not included,not included,88.53546521517265
2017-18,N1,North East and Yorkshire,North Cumbria,BSU,50<71,C1,not included,not included,88.81303865517536
2017-18,N1,North East and Yorkshire,North Tees,BSU,50<71,C1,not included,not included,88.42244671676728
2017-18,N1,North East and Yorkshire,North Yorkshire,BSU,50<71,C1,not included,not included,88.77956214639632
2017-18,N1,North East and Yorkshire,Pennine,BSU,50<71,C1,not included,not included,84.46633728198107
2017-18,N1,North East and Yorkshire,Rotherham,BSU,50<71,C1,not included,not included,83.76179245283019
2017-18,N1,North East and Yorkshire,Sheffield,BSU,50<71,C1,not included,not included,86.55313434657877
2017-18,N2,North West,Bolton,BSU,50<71,C1,not included,not included,86.84711355466273
2017-18,N2,North West,Cheshire & Stockport,BSU,50<71,C1,not included,not included,85.87634713556437
2017-18,N2,North West,Chester,BSU,50<71,C1,not included,not included,89.5492818226845
2017-18,N2,North West,Crewe,BSU,50<71,C1,not included,not included,83.7523629489603
2017-18,N2,North West,East Lancashire,BSU,50<71,C1,not included,not included,86.39238563094872
2017-18,N2,North West,Liverpool,BSU,50<71,C1,not included,not included,86.64041681581355
2017-18,N2,North West,Manchester,BSU,50<71,C1,not included,not included,84.98028585510103
2017-18,N2,North West,North Lancashire & South Cumbria,BSU,50<71,C1,not included,not included,86.64285473599084
2017-18,N2,North West,South Lancashire,BSU,50<71,C1,not included,not included,87.44756373023556
2017-18,N2,North West,"Warrington, Halton, St Helens & Knowsley",BSU,50<71,C1,not included,not included,86.96149249077587
2017-18,N2,North West,Wirral,BSU,50<71,C1,not included,not included,87.39293139293139
2017-18,N3,Midlands,"City, Sandwell & Walsall",BSU,50<71,C1,not included,not included,84.68567586565203
2017-18,N3,Midlands,"Dudley, Wolverhampton & South West Staffordshire",BSU,50<71,C1,not included,not included,86.20341973700793
2017-18,N3,Midlands,Hereford & Worcester,BSU,50<71,C1,not included,not included,87.88462237076325
2017-18,N3,Midlands,Kettering,BSU,50<71,C1,not included,not included,85.83447941105089
2017-18,N3,Midlands,Leicestershire,BSU,50<71,C1,not included,not included,86.31121887952182
2017-18,N3,Midlands,Lincolnshire,BSU,50<71,C1,not included,not included,86.1621482718746
2017-18,N3,Midlands,North Derbyshire & Chesterfield,BSU,50<71,C1,not included,not included,88.29177636673377
2017-18,N3,Midlands,North Midlands,BSU,50<71,C1,not included,not included,88.23366428076656
2017-18,N3,Midlands,North Nottinghamshire,BSU,50<71,C1,not included,not included,89.96794491273893
2017-18,N3,Midlands,Northampton,BSU,50<71,C1,not included,not included,85.55904370924897
2017-18,N3,Midlands,Nottingham City,BSU,50<71,C1,not included,not included,88.93845146505156
2017-18,N3,Midlands,Shropshire,BSU,50<71,C1,not included,not included,89.47420051010398
2017-18,N3,Midlands,South Birmingham,BSU,50<71,C1,not included,not included,82.4599964832073
2017-18,N3,Midlands,South Derbyshire & South East Staffordshire,BSU,50<71,C1,not included,not included,87.56727664155005
2017-18,N3,Midlands,"Warwickshire, Solihull & Coventry",BSU,50<71,C1,not included,not included,85.67581215283623
2017-18,N4,East of England,Beds & Herts,BSU,50<71,C1,not included,not included,87.93080357142857
2017-18,N4,East of England,Cambridge & Huntingdon,BSU,50<71,C1,not included,not included,87.05670567056706
2017-18,N4,East of England,Chelmsford & Colchester,BSU,50<71,C1,not included,not included,85.61349693251535
2017-18,N4,East of England,East Suffolk,BSU,50<71,C1,not included,not included,90.37322682826057
2017-18,N4,East of England,Great Yarmouth & Waveney,BSU,50<71,C1,not included,not included,88.56837606837607
2017-18,N4,East of England,King's Lynn,BSU,50<71,C1,not included,not included,88.79854368932038
2017-18,N4,East of England,Milton Keynes,BSU,50<71,C1,not included,not included,85.44730730952118
2017-18,N4,East of England,Norfolk & Norwich,BSU,50<71,C1,not included,not included,89.93601846024754
2017-18,N4,East of England,Peterborough,BSU,50<71,C1,not included,not included,88.63559322033898
2017-18,N4,East of England,South Essex,BSU,50<71,C1,not included,not included,84.2231864918404
2017-18,N4,East of England,West Essex (Epping),BSU,50<71,C1,not included,not included,84.64192243635499
2017-18,N4,East of England,West Suffolk,BSU,50<71,C1,not included,not included,88.30062230732409
2017-18,N5,London,Central & East London,BSU,50<71,C1,not included,not included,72.78654257701686
2017-18,N5,London,North London,BSU,50<71,C1,not included,not included,83.32712247090028
2017-18,N5,London,Outer North East London,BSU,50<71,C1,not included,not included,83.76919104183294
2017-18,N5,London,South East London,BSU,50<71,C1,not included,not included,84.38517870805553
2017-18,N5,London,South West London,BSU,50<71,C1,not included,not included,83.38884049802736
2017-18,N5,London,West of London,BSU,50<71,C1,not included,not included,81.82844243792326
2017-18,N6,South East,Aylesbury & Wycombe,BSU,50<71,C1,not included,not included,86.02316161789035
2017-18,N6,South East,Brighton,BSU,50<71,C1,not included,not included,83.86807939113565
2017-18,N6,South East,Canterbury,BSU,50<71,C1,not included,not included,87.24072354163901
2017-18,N6,South East,East Berkshire,BSU,50<71,C1,not included,not included,82.16806498868024
2017-18,N6,South East,Guildford,BSU,50<71,C1,not included,not included,85.91194666922449
2017-18,N6,South East,Isle of Wight,BSU,50<71,C1,not included,not included,87.72228528187665
2017-18,N6,South East,Maidstone,BSU,50<71,C1,not included,not included,88.94899007189319
2017-18,N6,South East,Medway,BSU,50<71,C1,not included,not included,85.25706157285104
2017-18,N6,South East,North & Mid Hampshire,BSU,50<71,C1,not included,not included,87.24632166412988
2017-18,N6,South East,Oxfordshire,BSU,50<71,C1,not included,not included,85.61207848913672
2017-18,N6,South East,Portsmouth,BSU,50<71,C1,not included,not included,85.57697529188162
2017-18,N6,South East,Southampton & Salisbury,BSU,50<71,C1,not included,not included,86.22042262431988
2017-18,N6,South East,West Berkshire,BSU,50<71,C1,not included,not included,87.24690583471168
2017-18,N6,South East,Worthing,BSU,50<71,C1,not included,not included,87.23371880706026
2017-18,N7,South West,Avon,BSU,50<71,C1,not included,not included,85.42412312097352
2017-18,N7,South West,Cornwall,BSU,50<71,C1,not included,not included,89.37560659980589
2017-18,N7,South West,Dorset,BSU,50<71,C1,not included,not included,86.02168930245287
2017-18,N7,South West,Gloucestershire,BSU,50<71,C1,not included,not included,87.74882599842081
2017-18,N7,South West,North & East Devon,BSU,50<71,C1,not included,not included,86.70402675464365
2017-18,N7,South West,Somerset,BSU,50<71,C1,not included,not included,88.48788532284662
2017-18,N7,South West,South Devon,BSU,50<71,C1,not included,not included,87.29591836734694
2017-18,N7,South West,West Devon,BSU,50<71,C1,not included,not included,88.30683373696957
2017-18,N7,South West,Wiltshire,BSU,50<71,C1,not included,not included,88.78684101286841
2017-18,N1,North East and Yorkshire,Barnsley,BSU,50<71,C2,not included,not included,47.18732932823594
2017-18,N1,North East and Yorkshire,Doncaster,BSU,50<71,C2,not included,not included,47.348951911220716
2017-18,N1,North East and Yorkshire,Gateshead,BSU,50<71,C2,not included,not included,41.34637782436524
2017-18,N1,North East and Yorkshire,Humberside,BSU,50<71,C2,not included,not included,48.0594849474066
2017-18,N1,North East and Yorkshire,Leeds Wakefield,BSU,50<71,C2,not included,not included,39.741911352160095
2017-18,N1,North East and Yorkshire,Newcastle,BSU,50<71,C2,not included,not included,52.6386404293381
2017-18,N1,North East and Yorkshire,North Cumbria,BSU,50<71,C2,not included,not included,47.48831775700935
2017-18,N1,North East and Yorkshire,North Tees,BSU,50<71,C2,not included,not included,47.04136847617385
2017-18,N1,North East and Yorkshire,North Yorkshire,BSU,50<71,C2,not included,not included,49.393694421988684
2017-18,N1,North East and Yorkshire,Pennine,BSU,50<71,C2,not included,not included,38.52602165560601
2017-18,N1,North East and Yorkshire,Rotherham,BSU,50<71,C2,not included,not included,29.67992240543162
2017-18,N1,North East and Yorkshire,Sheffield,BSU,50<71,C2,not included,not included,41.58508158508158
2017-18,N2,North West,Bolton,BSU,50<71,C2,not included,not included,48.393691588785046
2017-18,N2,North West,Cheshire & Stockport,BSU,50<71,C2,not included,not included,46.75955930006481
2017-18,N2,North West,Chester,BSU,50<71,C2,not included,not included,51.690821256038646
2017-18,N2,North West,Crewe,BSU,50<71,C2,not included,not included,43.874501992031874
2017-18,N2,North West,East Lancashire,BSU,50<71,C2,not included,not included,44.1566265060241
2017-18,N2,North West,Liverpool,BSU,50<71,C2,not included,not included,36.848177203507156
2017-18,N2,North West,Manchester,BSU,50<71,C2,not included,not included,47.16343327454439
2017-18,N2,North West,North Lancashire & South Cumbria,BSU,50<71,C2,not included,not included,46.46120766887655
2017-18,N2,North West,South Lancashire,BSU,50<71,C2,not included,not included,46.58100045892611
2017-18,N2,North West,"Warrington, Halton, St Helens & Knowsley",BSU,50<71,C2,not included,not included,39.32443703085905
2017-18,N2,North West,Wirral,BSU,50<71,C2,not included,not included,44.67318579516212
2017-18,N3,Midlands,"City, Sandwell & Walsall",BSU,50<71,C2,not included,not included,35.48636926889715
2017-18,N3,Midlands,"Dudley, Wolverhampton & South West Staffordshire",BSU,50<71,C2,not included,not included,45.63758389261745
2017-18,N3,Midlands,Hereford & Worcester,BSU,50<71,C2,not included,not included,49.85731757032206
2017-18,N3,Midlands,Kettering,BSU,50<71,C2,not included,not included,38.98421413864104
2017-18,N3,Midlands,Leicestershire,BSU,50<71,C2,not included,not included,47.82986111111111
2017-18,N3,Midlands,Lincolnshire,BSU,50<71,C2,not included,not included,42.5287356321839
2017-18,N3,Midlands,North Derbyshire & Chesterfield,BSU,50<71,C2,not included,not included,50.40276179516686
2017-18,N3,Midlands,North Midlands,BSU,50<71,C2,not included,not included,45.84450402144772
2017-18,N3,Midlands,North Nottinghamshire,BSU,50<71,C2,not included,not included,49.34579439252336
2017-18,N3,Midlands,Northampton,BSU,50<71,C2,not included,not included,41.943900848010436
2017-18,N3,Midlands,Nottingham City,BSU,50<71,C2,not included,not included,49.796393251890635
2017-18,N3,Midlands,Shropshire,BSU,50<71,C2,not included,not included,36.712208021154694
2017-18,N3,Midlands,South Birmingham,BSU,50<71,C2,not included,not included,45.51148225469729
2017-18,N3,Midlands,South Derbyshire & South East Staffordshire,BSU,50<71,C2,not included,not included,49.81699877999187
2017-18,N3,Midlands,"Warwickshire, Solihull & Coventry",BSU,50<71,C2,not included,not included,46.955913226032195
2017-18,N4,East of England,Beds & Herts,BSU,50<71,C2,not included,not included,45.70910033704952
2017-18,N4,East of England,Cambridge & Huntingdon,BSU,50<71,C2,not included,not included,54.48251990308065
2017-18,N4,East of England,Chelmsford & Colchester,BSU,50<71,C2,not included,not included,48.14060112073357
2017-18,N4,East of England,East Suffolk,BSU,50<71,C2,not included,not included,51.02409638554217
2017-18,N4,East of England,Great Yarmouth & Waveney,BSU,50<71,C2,not included,not included,40.76923076923077
2017-18,N4,East of England,King's Lynn,BSU,50<71,C2,not included,not included,51.93798449612403
2017-18,N4,East of England,Milton Keynes,BSU,50<71,C2,not included,not included,44.565217391304344
2017-18,N4,East of England,Norfolk & Norwich,BSU,50<71,C2,not included,not included,56.109455432132215
2017-18,N4,East of England,Peterborough,BSU,50<71,C2,not included,not included,53.32021642892278
2017-18,N4,East of England,South Essex,BSU,50<71,C2,not included,not included,39.44099378881988
2017-18,N4,East of England,West Essex (Epping),BSU,50<71,C2,not included,not included,48.5952133194589
2017-18,N4,East of England,West Suffolk,BSU,50<71,C2,not included,not included,44.77101845522898
2017-18,N5,London,Central & East London,BSU,50<71,C2,not included,not included,37.295719844357976
2017-18,N5,London,North London,BSU,50<71,C2,not included,not included,43.98730457270483
2017-18,N5,London,Outer North East London,BSU,50<71,C2,not included,not included,40.392895586652315
2017-18,N5,London,South East London,BSU,50<71,C2,not included,not included,41.089038159211086
2017-18,N5,London,South West London,BSU,50<71,C2,not included,not included,47.06776440785307
2017-18,N5,London,West of London,BSU,50<71,C2,not included,not included,42.34969248148613
2017-18,N6,South East,Aylesbury & Wycombe,BSU,50<71,C2,not included,not included,39.74630021141649
2017-18,N6,South East,Brighton,BSU,50<71,C2,not included,not included,36.75917215428034
2017-18,N6,South East,Canterbury,BSU,50<71,C2,not included,not included,42.55874673629243
2017-18,N6,South East,East Berkshire,BSU,50<71,C2,not included,not included,44.39571150097466
2017-18,N6,South East,Guildford,BSU,50<71,C2,not included,not included,42.1643401928335
2017-18,N6,South East,Isle of Wight,BSU,50<71,C2,not included,not included,53.39506172839506
2017-18,N6,South East,Maidstone,BSU,50<71,C2,not included,not included,48.507462686567166
2017-18,N6,South East,Medway,BSU,50<71,C2,not included,not included,41.02898078801693
2017-18,N6,South East,North & Mid Hampshire,BSU,50<71,C2,not included,not included,46.72256097560975
2017-18,N6,South East,Oxfordshire,BSU,50<71,C2,not included,not included,48.918640576725025
2017-18,N6,South East,Portsmouth,BSU,50<71,C2,not included,not included,47.77312523791397
2017-18,N6,South East,Southampton & Salisbury,BSU,50<71,C2,not included,not included,44.264900662251655
2017-18,N6,South East,West Berkshire,BSU,50<71,C2,not included,not included,43.16069057104914
2017-18,N6,South East,Worthing,BSU,50<71,C2,not included,not included,45.98158745956706
2017-18,N7,South West,Avon,BSU,50<71,C2,not included,not included,42.2281776416539
2017-18,N7,South West,Cornwall,BSU,50<71,C2,not included,not included,48.93986791797011
2017-18,N7,South West,Dorset,BSU,50<71,C2,not included,not included,59.99099234349197
2017-18,N7,South West,Gloucestershire,BSU,50<71,C2,not included,not included,39.5029431000654
2017-18,N7,South West,North & East Devon,BSU,50<71,C2,not included,not included,50.562105840416784
2017-18,N7,South West,Somerset,BSU,50<71,C2,not included,not included,52.01012088838909
2017-18,N7,South West,South Devon,BSU,50<71,C2,not included,not included,40.57971014492754
2017-18,N7,South West,West Devon,BSU,50<71,C2,not included,not included,43.129139072847686
2017-18,N7,South West,Wiltshire,BSU,50<71,C2,not included,not included,52.79540646721064
2017-18,N1,North East and Yorkshire,Barnsley,BSU,50<71,D,not included,not included,100.0
2017-18,N1,North East and Yorkshire,Doncaster,BSU,50<71,D,not included,not included,100.0
2017-18,N1,North East and Yorkshire,Gateshead,BSU,50<71,D,not included,not included,100.0
2017-18,N1,North East and Yorkshire,Humberside,BSU,50<71,D,not included,not included,100.0
2017-18,N1,North East and Yorkshire,Leeds Wakefield,BSU,50<71,D,not included,not included,100.0
2017-18,N1,North East and Yorkshire,Newcastle,BSU,50<71,D,not included,not included,100.0
2017-18,N1,North East and Yorkshire,North Cumbria,BSU,50<71,D,not included,not included,100.0
2017-18,N1,North East and Yorkshire,North Tees,BSU,50<71,D,not included,not included,100.0
2017-18,N1,North East and Yorkshire,North Yorkshire,BSU,50<71,D,not included,not included,100.0
2017-18,N1,North East and Yorkshire,Pennine,BSU,50<71,D,not included,not included,100.0
2017-18,N1,North East and Yorkshire,Rotherham,BSU,50<71,D,not included,not included,100.0
2017-18,N1,North East and Yorkshire,Sheffield,BSU,50<71,D,not included,not included,100.0
2017-18,N2,North West,Bolton,BSU,50<71,D,not included,not included,100.0
2017-18,N2,North West,Cheshire & Stockport,BSU,50<71,D,not included,not included,100.0
2017-18,N2,North West,Chester,BSU,50<71,D,not included,not included,z
2017-18,N2,North West,Crewe,BSU,50<71,D,not included,not included,100.0
2017-18,N2,North West,East Lancashire,BSU,50<71,D,not included,not included,100.0
2017-18,N2,North West,Liverpool,BSU,50<71,D,not included,not included,100.0
2017-18,N2,North West,Manchester,BSU,50<71,D,not included,not included,100.0
2017-18,N2,North West,North Lancashire & South Cumbria,BSU,50<71,D,not included,not included,100.0
2017-18,N2,North West,South Lancashire,BSU,50<71,D,not included,not included,100.0
2017-18,N2,North West,"Warrington, Halton, St Helens & Knowsley",BSU,50<71,D,not included,not included,100.0
2017-18,N2,North West,Wirral,BSU,50<71,D,not included,not included,100.0
2017-18,N3,Midlands,"City, Sandwell & Walsall",BSU,50<71,D,not included,not included,100.0
2017-18,N3,Midlands,"Dudley, Wolverhampton & South West Staffordshire",BSU,50<71,D,not included,not included,100.0
2017-18,N3,Midlands,Hereford & Worcester,BSU,50<71,D,not included,not included,100.0
2017-18,N3,Midlands,Kettering,BSU,50<71,D,not included,not included,100.0
2017-18,N3,Midlands,Leicestershire,BSU,50<71,D,not included,not included,100.0
2017-18,N3,Midlands,Lincolnshire,BSU,50<71,D,not included,not included,z
2017-18,N3,Midlands,North Derbyshire & Chesterfield,BSU,50<71,D,not included,not included,z
2017-18,N3,Midlands,North Midlands,BSU,50<71,D,not included,not included,100.0
2017-18,N3,Midlands,North Nottinghamshire,BSU,50<71,D,not included,not included,z
2017-18,N3,Midlands,Northampton,BSU,50<71,D,not included,not included,100.0
2017-18,N3,Midlands,Nottingham City,BSU,50<71,D,not included,not included,100.0
2017-18,N3,Midlands,Shropshire,BSU,50<71,D,not included,not included,100.0
2017-18,N3,Midlands,South Birmingham,BSU,50<71,D,not included,not included,100.0
2017-18,N3,Midlands,South Derbyshire & South East Staffordshire,BSU,50<71,D,not included,not included,100.0
2017-18,N3,Midlands,"Warwickshire, Solihull & Coventry",BSU,50<71,D,not included,not included,100.0
2017-18,N4,East of England,Beds & Herts,BSU,50<71,D,not included,not included,100.0
2017-18,N4,East of England,Cambridge & Huntingdon,BSU,50<71,D,not included,not included,100.0
2017-18,N4,East of England,Chelmsford & Colchester,BSU,50<71,D,not included,not included,100.0
2017-18,N4,East of England,East Suffolk,BSU,50<71,D,not included,not included,z
2017-18,N4,East of England,Great Yarmouth & Waveney,BSU,50<71,D,not included,not included,100.0
2017-18,N4,East of England,King's Lynn,BSU,50<71,D,not included,not included,100.0
2017-18,N4,East of England,Milton Keynes,BSU,50<71,D,not included,not included,100.0
2017-18,N4,East of England,Norfolk & Norwich,BSU,50<71,D,not included,not included,100.0
2017-18,N4,East of England,Peterborough,BSU,50<71,D,not included,not included,100.0
2017-18,N4,East of England,South Essex,BSU,50<71,D,not included,not included,100.0
2017-18,N4,East of England,West Essex (Epping),BSU,50<71,D,not included,not included,100.0
2017-18,N4,East of England,West Suffolk,BSU,50<71,D,not included,not included,100.0
2017-18,N5,London,Central & East London,BSU,50<71,D,not included,not included,100.0
2017-18,N5,London,North London,BSU,50<71,D,not included,not included,100.0
2017-18,N5,London,Outer North East London,BSU,50<71,D,not included,not included,100.0
2017-18,N5,London,South East London,BSU,50<71,D,not included,not included,100.0
2017-18,N5,London,South West London,BSU,50<71,D,not included,not included,82.35294117647058
2017-18,N5,London,West of London,BSU,50<71,D,not included,not included,100.0
2017-18,N6,South East,Aylesbury & Wycombe,BSU,50<71,D,not included,not included,100.0
2017-18,N6,South East,Brighton,BSU,50<71,D,not included,not included,100.0
2017-18,N6,South East,Canterbury,BSU,50<71,D,not included,not included,100.0
2017-18,N6,South East,East Berkshire,BSU,50<71,D,not included,not included,100.0
2017-18,N6,South East,Guildford,BSU,50<71,D,not included,not included,100.0
2017-18,N6,South East,Isle of Wight,BSU,50<71,D,not included,not included,85.71428571428571
2017-18,N6,South East,Maidstone,BSU,50<71,D,not included,not included,100.0
2017-18,N6,South East,Medway,BSU,50<71,D,not included,not included,100.0
2017-18,N6,South East,North & Mid Hampshire,BSU,50<71,D,not included,not included,100.0
2017-18,N6,South East,Oxfordshire,BSU,50<71,D,not included,not included,100.0
2017-18,N6,South East,Portsmouth,BSU,50<71,D,not included,not included,100.0
2017-18,N6,South East,Southampton & Salisbury,BSU,50<71,D,not included,not included,100.0
2017-18,N6,South East,West Berkshire,BSU,50<71,D,not included,not included,100.0
2017-18,N6,South East,Worthing,BSU,50<71,D,not included,not included,100.0
2017-18,N7,South West,Avon,BSU,50<71,D,not included,not included,100.0
2017-18,N7,South West,Cornwall,BSU,50<71,D,not included,not included,100.0
2017-18,N7,South West,Dorset,BSU,50<71,D,not included,not included,100.0
2017-18,N7,South West,Gloucestershire,BSU,50<71,D,not included,not included,100.0
2017-18,N7,South West,North & East Devon,BSU,50<71,D,not included,not included,100.0
2017-18,N7,South West,Somerset,BSU,50<71,D,not included,not included,z
2017-18,N7,South West,South Devon,BSU,50<71,D,not included,not included,100.0
2017-18,N7,South West,West Devon,BSU,50<71,D,not included,not included,100.0
2017-18,N7,South West,Wiltshire,BSU,50<71,D,not included,not included,100.0
2018-19,N1,North East and Yorkshire,Barnsley,BSU,50<71,A,not included,not included,57.74647887323944
2018-19,N1,North East and Yorkshire,Doncaster,BSU,50<71,A,not included,not included,66.37466307277629
2018-19,N1,North East and Yorkshire,Gateshead,BSU,50<71,A,not included,not included,42.439862542955325
2018-19,N1,North East and Yorkshire,Humberside,BSU,50<71,A,not included,not included,63.62960208255857
2018-19,N1,North East and Yorkshire,Leeds Wakefield,BSU,50<71,A,not included,not included,58.95216400911162
2018-19,N1,North East and Yorkshire,Newcastle,BSU,50<71,A,not included,not included,68.59504132231406
2018-19,N1,North East and Yorkshire,North Cumbria,BSU,50<71,A,not included,not included,72.61567516525024
2018-19,N1,North East and Yorkshire,North Tees,BSU,50<71,A,not included,not included,65.55555555555556
2018-19,N1,North East and Yorkshire,North Yorkshire,BSU,50<71,A,not included,not included,66.66666666666666
2018-19,N1,North East and Yorkshire,Pennine,BSU,50<71,A,not included,not included,61.38681169272604
2018-19,N1,North East and Yorkshire,Rotherham,BSU,50<71,A,not included,not included,71.89119170984456
2018-19,N1,North East and Yorkshire,Sheffield,BSU,50<71,A,not included,not included,67.4759736975215
2018-19,N2,North West,Bolton,BSU,50<71,A,not included,not included,65.01626310083122
2018-19,N2,North West,Cheshire & Stockport,BSU,50<71,A,not included,not included,61.14971572962729
2018-19,N2,North West,Crewe,BSU,50<71,A,not included,not included,66.18004866180048
2018-19,N2,North West,East Lancashire,BSU,50<71,A,not included,not included,61.22942884801549
2018-19,N2,North West,Liverpool,BSU,50<71,A,not included,not included,60.57588805166846
2018-19,N2,North West,Manchester,BSU,50<71,A,not included,not included,56.06166783461808
2018-19,N2,North West,North Lancashire & South Cumbria,BSU,50<71,A,not included,not included,62.019867549668874
2018-19,N2,North West,South Lancashire,BSU,50<71,A,not included,not included,66.07495069033531
2018-19,N2,North West,"Warrington, Halton, St Helens & Knowsley",BSU,50<71,A,not included,not included,66.42304385210662
2018-19,N2,North West,Wirral & Chester,BSU,50<71,A,not included,not included,72.66797129810828
2018-19,N3,Midlands,"City, Sandwell & Walsall",BSU,50<71,A,not included,not included,54.8641745994892
2018-19,N3,Midlands,"Dudley, Wolverhampton & South West Staffordshire",BSU,50<71,A,not included,not included,63.03967327887982
2018-19,N3,Midlands,Hereford & Worcester,BSU,50<71,A,not included,not included,61.98406951484432
2018-19,N3,Midlands,Kettering,BSU,50<71,A,not included,not included,59.79049153908138
2018-19,N3,Midlands,Leicestershire,BSU,50<71,A,not included,not included,63.71861569780592
2018-19,N3,Midlands,Lincolnshire,BSU,50<71,A,not included,not included,61.396368190356924
2018-19,N3,Midlands,North Derbyshire & Chesterfield,BSU,50<71,A,not included,not included,66.15776081424937
2018-19,N3,Midlands,North Midlands,BSU,50<71,A,not included,not included,70.53140096618358
2018-19,N3,Midlands,North Nottinghamshire,BSU,50<71,A,not included,not included,74.46153846153845
2018-19,N3,Midlands,Northampton,BSU,50<71,A,not included,not included,65.0081124932396
2018-19,N3,Midlands,Nottingham City,BSU,50<71,A,not included,not included,65.65013404825737
2018-19,N3,Midlands,Shropshire,BSU,50<71,A,not included,not included,67.90484140233723
2018-19,N3,Midlands,South Birmingham,BSU,50<71,A,not included,not included,47.01455092824887
2018-19,N3,Midlands,South Derbyshire & South East Staffordshire,BSU,50<71,A,not included,not included,62.18653761548614
2018-19,N3,Midlands,"Warwickshire, Solihull & Coventry",BSU,50<71,A,not included,not included,62.558139534883715
2018-19,N4,East of England,Beds & Herts,BSU,50<71,A,not included,not included,61.34935304990757
2018-19,N4,East of England,Cambridge & Huntingdon,BSU,50<71,A,not included,not included,48.28256642903435
2018-19,N4,East of England,Chelmsford & Colchester,BSU,50<71,A,not included,not included,59.13421706710853
2018-19,N4,East of England,East Suffolk,BSU,50<71,A,not included,not included,57.24533715925395
2018-19,N4,East of England,Great Yarmouth & Waveney,BSU,50<71,A,not included,not included,34.494773519163765
2018-19,N4,East of England,King's Lynn,BSU,50<71,A,not included,not included,39.743589743589745
2018-19,N4,East of England,Milton Keynes,BSU,50<71,A,not included,not included,63.25396825396825
2018-19,N4,East of England,Norfolk & Norwich,BSU,50<71,A,not included,not included,42.944785276073624
2018-19,N4,East of England,Peterborough,BSU,50<71,A,not included,not included,36.734693877551024
2018-19,N4,East of England,South Essex,BSU,50<71,A,not included,not included,61.62409954158481
2018-19,N4,East of England,West Essex (Epping),BSU,50<71,A,not included,not included,59.530026109660575
2018-19,N4,East of England,West Suffolk,BSU,50<71,A,not included,not included,63.85780118499012
2018-19,N5,London,Central & East London,BSU,50<71,A,not included,not included,44.50410141685309
2018-19,N5,London,North London,BSU,50<71,A,not included,not included,53.93915238474823
2018-19,N5,London,Outer North East London,BSU,50<71,A,not included,not included,60.71641791044776
2018-19,N5,London,South East London,BSU,50<71,A,not included,not included,56.58744808491002
2018-19,N5,London,South West London,BSU,50<71,A,not included,not included,58.0668710760695
2018-19,N5,London,West of London,BSU,50<71,A,not included,not included,52.123296732372005
2018-19,N6,South East,Aylesbury & Wycombe,BSU,50<71,A,not included,not included,67.1280276816609
2018-19,N6,South East,Brighton,BSU,50<71,A,not included,not included,60.99271648233072
2018-19,N6,South East,Canterbury,BSU,50<71,A,not included,not included,61.67664670658682
2018-19,N6,South East,East Berkshire,BSU,50<71,A,not included,not included,61.96557468073293
2018-19,N6,South East,Guildford,BSU,50<71,A,not included,not included,63.33277112497891
2018-19,N6,South East,Isle of Wight,BSU,50<71,A,not included,not included,62.808641975308646
2018-19,N6,South East,Maidstone,BSU,50<71,A,not included,not included,62.07759699624531
2018-19,N6,South East,Medway,BSU,50<71,A,not included,not included,63.6159880463205
2018-19,N6,South East,North & Mid Hampshire,BSU,50<71,A,not included,not included,68.14997939843428
2018-19,N6,South East,Oxfordshire,BSU,50<71,A,not included,not included,67.83532536520585
2018-19,N6,South East,Portsmouth,BSU,50<71,A,not included,not included,56.9437531110005
2018-19,N6,South East,Southampton & Salisbury,BSU,50<71,A,not included,not included,65.3639846743295
2018-19,N6,South East,West Berkshire,BSU,50<71,A,not included,not included,63.62799263351749
2018-19,N6,South East,Worthing,BSU,50<71,A,not included,not included,67.29102167182663
2018-19,N7,South West,Avon,BSU,50<71,A,not included,not included,61.36415137094947
2018-19,N7,South West,Cornwall,BSU,50<71,A,not included,not included,64.4573322286661
2018-19,N7,South West,Dorset,BSU,50<71,A,not included,not included,61.45762711864406
2018-19,N7,South West,Gloucestershire,BSU,50<71,A,not included,not included,71.1092715231788
2018-19,N7,South West,North & East Devon,BSU,50<71,A,not included,not included,41.49888143176734
2018-19,N7,South West,Somerset,BSU,50<71,A,not included,not included,59.92524916943521
2018-19,N7,South West,South Devon,BSU,50<71,A,not included,not included,61.44814090019569
2018-19,N7,South West,West Devon,BSU,50<71,A,not included,not included,64.30278884462152
2018-19,N7,South West,Wiltshire,BSU,50<71,A,not included,not included,65.43657331136738
2018-19,N1,North East and Yorkshire,Barnsley,BSU,50<71,A and C1,not included,not included,86.3853796148657
2018-19,N1,North East and Yorkshire,Doncaster,BSU,50<71,A and C1,not included,not included,86.19903929055303
2018-19,N1,North East and Yorkshire,Gateshead,BSU,50<71,A and C1,not included,not included,88.20240929091827
2018-19,N1,North East and Yorkshire,Humberside,BSU,50<71,A and C1,not included,not included,85.49471132657558
2018-19,N1,North East and Yorkshire,Leeds Wakefield,BSU,50<71,A and C1,not included,not included,83.34500376047097
2018-19,N1,North East and Yorkshire,Newcastle,BSU,50<71,A and C1,not included,not included,87.68050144986967
2018-19,N1,North East and Yorkshire,North Cumbria,BSU,50<71,A and C1,not included,not included,86.93094270906289
2018-19,N1,North East and Yorkshire,North Tees,BSU,50<71,A and C1,not included,not included,87.47805060594722
2018-19,N1,North East and Yorkshire,North Yorkshire,BSU,50<71,A and C1,not included,not included,87.39018256638035
2018-19,N1,North East and Yorkshire,Pennine,BSU,50<71,A and C1,not included,not included,84.79161840039127
2018-19,N1,North East and Yorkshire,Rotherham,BSU,50<71,A and C1,not included,not included,88.16340013212948
2018-19,N1,North East and Yorkshire,Sheffield,BSU,50<71,A and C1,not included,not included,85.3039156791
2018-19,N2,North West,Bolton,BSU,50<71,A and C1,not included,not included,84.01764637591424
2018-19,N2,North West,Cheshire & Stockport,BSU,50<71,A and C1,not included,not included,82.43559718969556
2018-19,N2,North West,Crewe,BSU,50<71,A and C1,not included,not included,83.54419180748474
2018-19,N2,North West,East Lancashire,BSU,50<71,A and C1,not included,not included,84.0766104337175
2018-19,N2,North West,Liverpool,BSU,50<71,A and C1,not included,not included,82.80968581148689
2018-19,N2,North West,Manchester,BSU,50<71,A and C1,not included,not included,80.66590492387002
2018-19,N2,North West,North Lancashire & South Cumbria,BSU,50<71,A and C1,not included,not included,84.08023561251294
2018-19,N2,North West,South Lancashire,BSU,50<71,A and C1,not included,not included,85.70280407215574
2018-19,N2,North West,"Warrington, Halton, St Helens & Knowsley",BSU,50<71,A and C1,not included,not included,86.03985887289024
2018-19,N2,North West,Wirral & Chester,BSU,50<71,A and C1,not included,not included,88.97634106348092
2018-19,N3,Midlands,"City, Sandwell & Walsall",BSU,50<71,A and C1,not included,not included,82.43301064341873
2018-19,N3,Midlands,"Dudley, Wolverhampton & South West Staffordshire",BSU,50<71,A and C1,not included,not included,82.97764227642277
2018-19,N3,Midlands,Hereford & Worcester,BSU,50<71,A and C1,not included,not included,84.91133862449473
2018-19,N3,Midlands,Kettering,BSU,50<71,A and C1,not included,not included,85.76681043625823
2018-19,N3,Midlands,Leicestershire,BSU,50<71,A and C1,not included,not included,83.3904268123322
2018-19,N3,Midlands,Lincolnshire,BSU,50<71,A and C1,not included,not included,84.50392305745382
2018-19,N3,Midlands,North Derbyshire & Chesterfield,BSU,50<71,A and C1,not included,not included,84.57046979865773
2018-19,N3,Midlands,North Midlands,BSU,50<71,A and C1,not included,not included,87.81015892261725
2018-19,N3,Midlands,North Nottinghamshire,BSU,50<71,A and C1,not included,not included,89.82170846394985
2018-19,N3,Midlands,Northampton,BSU,50<71,A and C1,not included,not included,84.84999377567533
2018-19,N3,Midlands,Nottingham City,BSU,50<71,A and C1,not included,not included,85.23102310231023
2018-19,N3,Midlands,Shropshire,BSU,50<71,A and C1,not included,not included,87.21391815731438
2018-19,N3,Midlands,South Birmingham,BSU,50<71,A and C1,not included,not included,71.92569335426478
2018-19,N3,Midlands,South Derbyshire & South East Staffordshire,BSU,50<71,A and C1,not included,not included,80.08491813281806
2018-19,N3,Midlands,"Warwickshire, Solihull & Coventry",BSU,50<71,A and C1,not included,not included,84.1007455393293
2018-19,N4,East of England,Beds & Herts,BSU,50<71,A and C1,not included,not included,85.79415791875856
2018-19,N4,East of England,Cambridge & Huntingdon,BSU,50<71,A and C1,not included,not included,84.1359929468812
2018-19,N4,East of England,Chelmsford & Colchester,BSU,50<71,A and C1,not included,not included,83.11447702008711
2018-19,N4,East of England,East Suffolk,BSU,50<71,A and C1,not included,not included,89.46918933123112
2018-19,N4,East of England,Great Yarmouth & Waveney,BSU,50<71,A and C1,not included,not included,88.09890321339235
2018-19,N4,East of England,King's Lynn,BSU,50<71,A and C1,not included,not included,87.41682974559687
2018-19,N4,East of England,Milton Keynes,BSU,50<71,A and C1,not included,not included,82.47205230963932
2018-19,N4,East of England,Norfolk & Norwich,BSU,50<71,A and C1,not included,not included,89.33512017983746
2018-19,N4,East of England,Peterborough,BSU,50<71,A and C1,not included,not included,86.1618617575547
2018-19,N4,East of England,South Essex,BSU,50<71,A and C1,not included,not included,82.93631502187651
2018-19,N4,East of England,West Essex (Epping),BSU,50<71,A and C1,not included,not included,80.80473160677481
2018-19,N4,East of England,West Suffolk,BSU,50<71,A and C1,not included,not included,85.70836785418393
2018-19,N5,London,Central & East London,BSU,50<71,A and C1,not included,not included,63.635302812244745
2018-19,N5,London,North London,BSU,50<71,A and C1,not included,not included,79.54454957431881
2018-19,N5,London,Outer North East London,BSU,50<71,A and C1,not included,not included,82.45809594583436
2018-19,N5,London,South East London,BSU,50<71,A and C1,not included,not included,79.83339549919184
2018-19,N5,London,South West London,BSU,50<71,A and C1,not included,not included,80.78050931540074
2018-19,N5,London,West of London,BSU,50<71,A and C1,not included,not included,77.63370770709747
2018-19,N6,South East,Aylesbury & Wycombe,BSU,50<71,A and C1,not included,not included,85.85291887793784
2018-19,N6,South East,Brighton,BSU,50<71,A and C1,not included,not included,81.80421192330527
2018-19,N6,South East,Canterbury,BSU,50<71,A and C1,not included,not included,86.1036729147516
2018-19,N6,South East,East Berkshire,BSU,50<71,A and C1,not included,not included,82.70408466615137
2018-19,N6,South East,Guildford,BSU,50<71,A and C1,not included,not included,84.4920231599117
2018-19,N6,South East,Isle of Wight,BSU,50<71,A and C1,not included,not included,83.98847499485491
2018-19,N6,South East,Maidstone,BSU,50<71,A and C1,not included,not included,85.32591106220467
2018-19,N6,South East,Medway,BSU,50<71,A and C1,not included,not included,82.82787437660062
2018-19,N6,South East,North & Mid Hampshire,BSU,50<71,A and C1,not included,not included,86.05382881925252
2018-19,N6,South East,Oxfordshire,BSU,50<71,A and C1,not included,not included,82.4989741485433
2018-19,N6,South East,Portsmouth,BSU,50<71,A and C1,not included,not included,81.4605600032511
2018-19,N6,South East,Southampton & Salisbury,BSU,50<71,A and C1,not included,not included,85.71899736147758
2018-19,N6,South East,West Berkshire,BSU,50<71,A and C1,not included,not included,83.65750298815604
2018-19,N6,South East,Worthing,BSU,50<71,A and C1,not included,not included,83.58106366526334
2018-19,N7,South West,Avon,BSU,50<71,A and C1,not included,not included,83.02667570663736
2018-19,N7,South West,Cornwall,BSU,50<71,A and C1,not included,not included,84.65013456362938
2018-19,N7,South West,Dorset,BSU,50<71,A and C1,not included,not included,83.42522748029631
2018-19,N7,South West,Gloucestershire,BSU,50<71,A and C1,not included,not included,86.55171040579826
2018-19,N7,South West,North & East Devon,BSU,50<71,A and C1,not included,not included,84.02525349148651
2018-19,N7,South West,Somerset,BSU,50<71,A and C1,not included,not included,85.05427792354787
2018-19,N7,South West,South Devon,BSU,50<71,A and C1,not included,not included,87.15714502197302
2018-19,N7,South West,West Devon,BSU,50<71,A and C1,not included,not included,87.18944949108023
2018-19,N7,South West,Wiltshire,BSU,50<71,A and C1,not included,not included,85.13201394864363
2018-19,N1,North East and Yorkshire,Barnsley,BSU,50<71,A to C2,not included,not included,71.67401277323019
2018-19,N1,North East and Yorkshire,Doncaster,BSU,50<71,A to C2,not included,not included,73.68494488628436
2018-19,N1,North East and Yorkshire,Gateshead,BSU,50<71,A to C2,not included,not included,74.78371080619385
2018-19,N1,North East and Yorkshire,Humberside,BSU,50<71,A to C2,not included,not included,73.39236279875743
2018-19,N1,North East and Yorkshire,Leeds Wakefield,BSU,50<71,A to C2,not included,not included,68.94100515414536
2018-19,N1,North East and Yorkshire,Newcastle,BSU,50<71,A to C2,not included,not included,75.89269571506057
2018-19,N1,North East and Yorkshire,North Cumbria,BSU,50<71,A to C2,not included,not included,77.05001701258931
2018-19,N1,North East and Yorkshire,North Tees,BSU,50<71,A to C2,not included,not included,74.4876447960359
2018-19,N1,North East and Yorkshire,North Yorkshire,BSU,50<71,A to C2,not included,not included,76.23137868259788
2018-19,N1,North East and Yorkshire,Pennine,BSU,50<71,A to C2,not included,not included,71.61286590304292
2018-19,N1,North East and Yorkshire,Rotherham,BSU,50<71,A to C2,not included,not included,77.03259312320917
2018-19,N1,North East and Yorkshire,Sheffield,BSU,50<71,A to C2,not included,not included,73.34850957821493
2018-19,N2,North West,Bolton,BSU,50<71,A to C2,not included,not included,70.53278924076096
2018-19,N2,North West,Cheshire & Stockport,BSU,50<71,A to C2,not included,not included,69.17787995106931
2018-19,N2,North West,Crewe,BSU,50<71,A to C2,not included,not included,72.3747016706444
2018-19,N2,North West,East Lancashire,BSU,50<71,A to C2,not included,not included,68.86613426108958
2018-19,N2,North West,Liverpool,BSU,50<71,A to C2,not included,not included,64.87766017981109
2018-19,N2,North West,Manchester,BSU,50<71,A to C2,not included,not included,65.31202771941464
2018-19,N2,North West,North Lancashire & South Cumbria,BSU,50<71,A to C2,not included,not included,69.08084289023219
2018-19,N2,North West,South Lancashire,BSU,50<71,A to C2,not included,not included,71.44850412096827
2018-19,N2,North West,"Warrington, Halton, St Helens & Knowsley",BSU,50<71,A to C2,not included,not included,72.60913632085716
2018-19,N2,North West,Wirral & Chester,BSU,50<71,A to C2,not included,not included,78.31831831831832
2018-19,N3,Midlands,"City, Sandwell & Walsall",BSU,50<71,A to C2,not included,not included,66.32356571775833
2018-19,N3,Midlands,"Dudley, Wolverhampton & South West Staffordshire",BSU,50<71,A to C2,not included,not included,70.94076028300755
2018-19,N3,Midlands,Hereford & Worcester,BSU,50<71,A to C2,not included,not included,72.7022079595019
2018-19,N3,Midlands,Kettering,BSU,50<71,A to C2,not included,not included,74.38970261873058
2018-19,N3,Midlands,Leicestershire,BSU,50<71,A to C2,not included,not included,72.35640790299985
2018-19,N3,Midlands,Lincolnshire,BSU,50<71,A to C2,not included,not included,73.46475924633636
2018-19,N3,Midlands,North Derbyshire & Chesterfield,BSU,50<71,A to C2,not included,not included,73.53259469208967
2018-19,N3,Midlands,North Midlands,BSU,50<71,A to C2,not included,not included,74.89495798319328
2018-19,N3,Midlands,North Nottinghamshire,BSU,50<71,A to C2,not included,not included,80.88069554017066
2018-19,N3,Midlands,Northampton,BSU,50<71,A to C2,not included,not included,74.47214960788257
2018-19,N3,Midlands,Nottingham City,BSU,50<71,A to C2,not included,not included,74.03716008367172
2018-19,N3,Midlands,Shropshire,BSU,50<71,A to C2,not included,not included,76.35735240927542
2018-19,N3,Midlands,South Birmingham,BSU,50<71,A to C2,not included,not included,56.85348136774346
2018-19,N3,Midlands,South Derbyshire & South East Staffordshire,BSU,50<71,A to C2,not included,not included,69.14056382145654
2018-19,N3,Midlands,"Warwickshire, Solihull & Coventry",BSU,50<71,A to C2,not included,not included,71.9304150276615
2018-19,N4,East of England,Beds & Herts,BSU,50<71,A to C2,not included,not included,72.33155790395728
2018-19,N4,East of England,Cambridge & Huntingdon,BSU,50<71,A to C2,not included,not included,72.2235405790223
2018-19,N4,East of England,Chelmsford & Colchester,BSU,50<71,A to C2,not included,not included,72.79304008002046
2018-19,N4,East of England,East Suffolk,BSU,50<71,A to C2,not included,not included,78.30866807610994
2018-19,N4,East of England,Great Yarmouth & Waveney,BSU,50<71,A to C2,not included,not included,75.21764792681127
2018-19,N4,East of England,King's Lynn,BSU,50<71,A to C2,not included,not included,73.45355269775128
2018-19,N4,East of England,Milton Keynes,BSU,50<71,A to C2,not included,not included,72.15336308048256
2018-19,N4,East of England,Norfolk & Norwich,BSU,50<71,A to C2,not included,not included,77.14780562726709
2018-19,N4,East of England,Peterborough,BSU,50<71,A to C2,not included,not included,73.39940223375805
2018-19,N4,East of England,South Essex,BSU,50<71,A to C2,not included,not included,68.88398262232035
2018-19,N4,East of England,West Essex (Epping),BSU,50<71,A to C2,not included,not included,68.38633840527656
2018-19,N4,East of England,West Suffolk,BSU,50<71,A to C2,not included,not included,74.91980360065466
2018-19,N5,London,Central & East London,BSU,50<71,A to C2,not included,not included,50.43803074277115
2018-19,N5,London,North London,BSU,50<71,A to C2,not included,not included,65.42792792792793
2018-19,N5,London,Outer North East London,BSU,50<71,A to C2,not included,not included,70.0310462589258
2018-19,N5,London,South East London,BSU,50<71,A to C2,not included,not included,65.62858612638993
2018-19,N5,London,South West London,BSU,50<71,A to C2,not included,not included,67.43103753683634
2018-19,N5,London,West of London,BSU,50<71,A to C2,not included,not included,61.86446205524574
2018-19,N6,South East,Aylesbury & Wycombe,BSU,50<71,A to C2,not included,not included,75.51145914476652
2018-19,N6,South East,Brighton,BSU,50<71,A to C2,not included,not included,69.61901925211882
2018-19,N6,South East,Canterbury,BSU,50<71,A to C2,not included,not included,74.09375768001965
2018-19,N6,South East,East Berkshire,BSU,50<71,A to C2,not included,not included,70.15097690941386
2018-19,N6,South East,Guildford,BSU,50<71,A to C2,not included,not included,71.807042719947
2018-19,N6,South East,Isle of Wight,BSU,50<71,A to C2,not included,not included,73.17297380113375
2018-19,N6,South East,Maidstone,BSU,50<71,A to C2,not included,not included,73.4445980643887
2018-19,N6,South East,Medway,BSU,50<71,A to C2,not included,not included,69.96746504222622
2018-19,N6,South East,North & Mid Hampshire,BSU,50<71,A to C2,not included,not included,75.59758250713024
2018-19,N6,South East,Oxfordshire,BSU,50<71,A to C2,not included,not included,72.24718369473204
2018-19,N6,South East,Portsmouth,BSU,50<71,A to C2,not included,not included,69.04068458189461
2018-19,N6,South East,Southampton & Salisbury,BSU,50<71,A to C2,not included,not included,74.58386277001271
2018-19,N6,South East,West Berkshire,BSU,50<71,A to C2,not included,not included,71.28750315152533
2018-19,N6,South East,Worthing,BSU,50<71,A to C2,not included,not included,72.53837556736538
2018-19,N7,South West,Avon,BSU,50<71,A to C2,not included,not included,70.96739011887882
2018-19,N7,South West,Cornwall,BSU,50<71,A to C2,not included,not included,71.82428045877516
2018-19,N7,South West,Dorset,BSU,50<71,A to C2,not included,not included,71.8293513636249
2018-19,N7,South West,Gloucestershire,BSU,50<71,A to C2,not included,not included,74.87983809764735
2018-19,N7,South West,North & East Devon,BSU,50<71,A to C2,not included,not included,73.13106154949244
2018-19,N7,South West,Somerset,BSU,50<71,A to C2,not included,not included,72.10053725062929
2018-19,N7,South West,South Devon,BSU,50<71,A to C2,not included,not included,75.27970165157166
2018-19,N7,South West,West Devon,BSU,50<71,A to C2,not included,not included,76.65678821457715
2018-19,N7,South West,Wiltshire,BSU,50<71,A to C2,not included,not included,73.62975778546713
2018-19,N1,North East and Yorkshire,Barnsley,BSU,50<71,A to D,not included,not included,71.67910783343827
2018-19,N1,North East and Yorkshire,Doncaster,BSU,50<71,A to D,not included,not included,73.69350939185419
2018-19,N1,North East and Yorkshire,Gateshead,BSU,50<71,A to D,not included,not included,74.7878787878788
2018-19,N1,North East and Yorkshire,Humberside,BSU,50<71,A to D,not included,not included,73.39686027594075
2018-19,N1,North East and Yorkshire,Leeds Wakefield,BSU,50<71,A to D,not included,not included,68.94814474263931
2018-19,N1,North East and Yorkshire,Newcastle,BSU,50<71,A to D,not included,not included,75.89868727264512
2018-19,N1,North East and Yorkshire,North Cumbria,BSU,50<71,A to D,not included,not included,77.05392073481885
2018-19,N1,North East and Yorkshire,North Tees,BSU,50<71,A to D,not included,not included,74.4909711206241
2018-19,N1,North East and Yorkshire,North Yorkshire,BSU,50<71,A to D,not included,not included,76.2319881031742
2018-19,N1,North East and Yorkshire,Pennine,BSU,50<71,A to D,not included,not included,71.61669719463994
2018-19,N1,North East and Yorkshire,Rotherham,BSU,50<71,A to D,not included,not included,77.03259312320917
2018-19,N1,North East and Yorkshire,Sheffield,BSU,50<71,A to D,not included,not included,73.35194331114452
2018-19,N2,North West,Bolton,BSU,50<71,A to D,not included,not included,70.5353294445562
2018-19,N2,North West,Cheshire & Stockport,BSU,50<71,A to D,not included,not included,69.18047998650302
2018-19,N2,North West,Crewe,BSU,50<71,A to D,not included,not included,72.37836404613549
2018-19,N2,North West,East Lancashire,BSU,50<71,A to D,not included,not included,68.87474803367456
2018-19,N2,North West,Liverpool,BSU,50<71,A to D,not included,not included,64.88485344984525
2018-19,N2,North West,Manchester,BSU,50<71,A to D,not included,not included,65.31522400162173
2018-19,N2,North West,North Lancashire & South Cumbria,BSU,50<71,A to D,not included,not included,69.08608224130141
2018-19,N2,North West,South Lancashire,BSU,50<71,A to D,not included,not included,71.45498783454988
2018-19,N2,North West,"Warrington, Halton, St Helens & Knowsley",BSU,50<71,A to D,not included,not included,72.6289517470882
2018-19,N2,North West,Wirral & Chester,BSU,50<71,A to D,not included,not included,78.32157333733673
2018-19,N3,Midlands,"City, Sandwell & Walsall",BSU,50<71,A to D,not included,not included,66.32356571775833
2018-19,N3,Midlands,"Dudley, Wolverhampton & South West Staffordshire",BSU,50<71,A to D,not included,not included,70.9433736023262
2018-19,N3,Midlands,Hereford & Worcester,BSU,50<71,A to D,not included,not included,72.70405857362378
2018-19,N3,Midlands,Kettering,BSU,50<71,A to D,not included,not included,74.39254410296239
2018-19,N3,Midlands,Leicestershire,BSU,50<71,A to D,not included,not included,72.35841081994928
2018-19,N3,Midlands,Lincolnshire,BSU,50<71,A to D,not included,not included,73.46674309068707
2018-19,N3,Midlands,North Derbyshire & Chesterfield,BSU,50<71,A to D,not included,not included,73.53259469208967
2018-19,N3,Midlands,North Midlands,BSU,50<71,A to D,not included,not included,74.90261170014566
2018-19,N3,Midlands,North Nottinghamshire,BSU,50<71,A to D,not included,not included,80.88223456491991
2018-19,N3,Midlands,Northampton,BSU,50<71,A to D,not included,not included,74.47599899472229
2018-19,N3,Midlands,Nottingham City,BSU,50<71,A to D,not included,not included,74.03955584263787
2018-19,N3,Midlands,Shropshire,BSU,50<71,A to D,not included,not included,76.3602025235072
2018-19,N3,Midlands,South Birmingham,BSU,50<71,A to D,not included,not included,56.86876438986953
2018-19,N3,Midlands,South Derbyshire & South East Staffordshire,BSU,50<71,A to D,not included,not included,69.14358422237447
2018-19,N3,Midlands,"Warwickshire, Solihull & Coventry",BSU,50<71,A to D,not included,not included,71.93100546907867
2018-19,N4,East of England,Beds & Herts,BSU,50<71,A to D,not included,not included,72.34093637454983
2018-19,N4,East of England,Cambridge & Huntingdon,BSU,50<71,A to D,not included,not included,72.23013048635825
2018-19,N4,East of England,Chelmsford & Colchester,BSU,50<71,A to D,not included,not included,72.79493859322665
2018-19,N4,East of England,East Suffolk,BSU,50<71,A to D,not included,not included,78.31096078638622
2018-19,N4,East of England,Great Yarmouth & Waveney,BSU,50<71,A to D,not included,not included,75.21947620804131
2018-19,N4,East of England,King's Lynn,BSU,50<71,A to D,not included,not included,73.45355269775128
2018-19,N4,East of England,Milton Keynes,BSU,50<71,A to D,not included,not included,72.1602643535729
2018-19,N4,East of England,Norfolk & Norwich,BSU,50<71,A to D,not included,not included,77.15004574565415
2018-19,N4,East of England,Peterborough,BSU,50<71,A to D,not included,not included,73.40113231285385
2018-19,N4,East of England,South Essex,BSU,50<71,A to D,not included,not included,68.88730639131208
2018-19,N4,East of England,West Essex (Epping),BSU,50<71,A to D,not included,not included,68.38633840527656
2018-19,N4,East of England,West Suffolk,BSU,50<71,A to D,not included,not included,74.92472836758738
2018-19,N5,London,Central & East London,BSU,50<71,A to D,not included,not included,50.44069436233676
2018-19,N5,London,North London,BSU,50<71,A to D,not included,not included,65.43168005209465
2018-19,N5,London,Outer North East London,BSU,50<71,A to D,not included,not included,70.03476749239461
2018-19,N5,London,South East London,BSU,50<71,A to D,not included,not included,65.6349321481794
2018-19,N5,London,South West London,BSU,50<71,A to D,not included,not included,67.43882807469413
2018-19,N5,London,West of London,BSU,50<71,A to D,not included,not included,61.86570571354031
2018-19,N6,South East,Aylesbury & Wycombe,BSU,50<71,A to D,not included,not included,75.51748165758086
2018-19,N6,South East,Brighton,BSU,50<71,A to D,not included,not included,69.63957138218422
2018-19,N6,South East,Canterbury,BSU,50<71,A to D,not included,not included,74.1128438113949
2018-19,N6,South East,East Berkshire,BSU,50<71,A to D,not included,not included,70.16687377951358
2018-19,N6,South East,Guildford,BSU,50<71,A to D,not included,not included,71.8097100238099
2018-19,N6,South East,Isle of Wight,BSU,50<71,A to D,not included,not included,73.20281431630468
2018-19,N6,South East,Maidstone,BSU,50<71,A to D,not included,not included,73.45115268795972
2018-19,N6,South East,Medway,BSU,50<71,A to D,not included,not included,69.96850448205447
2018-19,N6,South East,North & Mid Hampshire,BSU,50<71,A to D,not included,not included,75.60338097016192
2018-19,N6,South East,Oxfordshire,BSU,50<71,A to D,not included,not included,72.25531360869707
2018-19,N6,South East,Portsmouth,BSU,50<71,A to D,not included,not included,69.04347303951003
2018-19,N6,South East,Southampton & Salisbury,BSU,50<71,A to D,not included,not included,74.59838719918726
2018-19,N6,South East,West Berkshire,BSU,50<71,A to D,not included,not included,71.29835762590835
2018-19,N6,South East,Worthing,BSU,50<71,A to D,not included,not included,72.54150702426566
2018-19,N7,South West,Avon,BSU,50<71,A to D,not included,not included,70.9742490050339
2018-19,N7,South West,Cornwall,BSU,50<71,A to D,not included,not included,71.8263127524524
2018-19,N7,South West,Dorset,BSU,50<71,A to D,not included,not included,71.83929787395022
2018-19,N7,South West,Gloucestershire,BSU,50<71,A to D,not included,not included,74.88301504995573
2018-19,N7,South West,North & East Devon,BSU,50<71,A to D,not included,not included,73.13613039541201
2018-19,N7,South West,Somerset,BSU,50<71,A to D,not included,not included,72.10830704521555
2018-19,N7,South West,South Devon,BSU,50<71,A to D,not included,not included,75.2840909090909
2018-19,N7,South West,West Devon,BSU,50<71,A to D,not included,not included,76.65850830864358
2018-19,N7,South West,Wiltshire,BSU,50<71,A to D,not included,not included,73.63067021902356
2018-19,N1,North East and Yorkshire,Barnsley,BSU,50<71,B,not included,not included,19.853836784409257
2018-19,N1,North East and Yorkshire,Doncaster,BSU,50<71,B,not included,not included,21.99710564399421
2018-19,N1,North East and Yorkshire,Gateshead,BSU,50<71,B,not included,not included,21.627064035441
2018-19,N1,North East and Yorkshire,Humberside,BSU,50<71,B,not included,not included,20.497729947872877
2018-19,N1,North East and Yorkshire,Leeds Wakefield,BSU,50<71,B,not included,not included,20.116264987283515
2018-19,N1,North East and Yorkshire,Newcastle,BSU,50<71,B,not included,not included,20.78770413064361
2018-19,N1,North East and Yorkshire,North Cumbria,BSU,50<71,B,not included,not included,18.447837150127228
2018-19,N1,North East and Yorkshire,North Tees,BSU,50<71,B,not included,not included,19.81132075471698
2018-19,N1,North East and Yorkshire,North Yorkshire,BSU,50<71,B,not included,not included,20.55019985892311
2018-19,N1,North East and Yorkshire,Pennine,BSU,50<71,B,not included,not included,24.30084170513169
2018-19,N1,North East and Yorkshire,Rotherham,BSU,50<71,B,not included,not included,21.939194741166805
2018-19,N1,North East and Yorkshire,Sheffield,BSU,50<71,B,not included,not included,17.963171739947388
2018-19,N2,North West,Bolton,BSU,50<71,B,not included,not included,19.544554455445546
2018-19,N2,North West,Cheshire & Stockport,BSU,50<71,B,not included,not included,19.843184559710494
2018-19,N2,North West,Crewe,BSU,50<71,B,not included,not included,22.662721893491124
2018-19,N2,North West,East Lancashire,BSU,50<71,B,not included,not included,20.630033159639982
2018-19,N2,North West,Liverpool,BSU,50<71,B,not included,not included,17.202133965619442
2018-19,N2,North West,Manchester,BSU,50<71,B,not included,not included,20.549428909019298
2018-19,N2,North West,North Lancashire & South Cumbria,BSU,50<71,B,not included,not included,19.810159957813326
2018-19,N2,North West,South Lancashire,BSU,50<71,B,not included,not included,19.238613188307273
2018-19,N2,North West,"Warrington, Halton, St Helens & Knowsley",BSU,50<71,B,not included,not included,21.291108404384897
2018-19,N2,North West,Wirral & Chester,BSU,50<71,B,not included,not included,22.292545710267227
2018-19,N3,Midlands,"City, Sandwell & Walsall",BSU,50<71,B,not included,not included,18.907779495105615
2018-19,N3,Midlands,"Dudley, Wolverhampton & South West Staffordshire",BSU,50<71,B,not included,not included,17.688846791380534
2018-19,N3,Midlands,Hereford & Worcester,BSU,50<71,B,not included,not included,20.852058241955778
2018-19,N3,Midlands,Kettering,BSU,50<71,B,not included,not included,23.214285714285715
2018-19,N3,Midlands,Leicestershire,BSU,50<71,B,not included,not included,19.785434289251082
2018-19,N3,Midlands,Lincolnshire,BSU,50<71,B,not included,not included,21.39137679650073
2018-19,N3,Midlands,North Derbyshire & Chesterfield,BSU,50<71,B,not included,not included,18.045862412761714
2018-19,N3,Midlands,North Midlands,BSU,50<71,B,not included,not included,18.628990057561488
2018-19,N3,Midlands,North Nottinghamshire,BSU,50<71,B,not included,not included,19.7592778335005
2018-19,N3,Midlands,Northampton,BSU,50<71,B,not included,not included,20.534458509142052
2018-19,N3,Midlands,Nottingham City,BSU,50<71,B,not included,not included,19.833203023195203
2018-19,N3,Midlands,Shropshire,BSU,50<71,B,not included,not included,18.857589984350547
2018-19,N3,Midlands,South Birmingham,BSU,50<71,B,not included,not included,15.616797900262466
2018-19,N3,Midlands,South Derbyshire & South East Staffordshire,BSU,50<71,B,not included,not included,19.02107646751437
2018-19,N3,Midlands,"Warwickshire, Solihull & Coventry",BSU,50<71,B,not included,not included,20.750160978750806
2018-19,N4,East of England,Beds & Herts,BSU,50<71,B,not included,not included,22.191092648053328
2018-19,N4,East of England,Cambridge & Huntingdon,BSU,50<71,B,not included,not included,22.5769669327252
2018-19,N4,East of England,Chelmsford & Colchester,BSU,50<71,B,not included,not included,19.995571302037202
2018-19,N4,East of England,East Suffolk,BSU,50<71,B,not included,not included,21.909547738693465
2018-19,N4,East of England,Great Yarmouth & Waveney,BSU,50<71,B,not included,not included,22.235225277940316
2018-19,N4,East of England,King's Lynn,BSU,50<71,B,not included,not included,17.597022860180754
2018-19,N4,East of England,Milton Keynes,BSU,50<71,B,not included,not included,21.640625
2018-19,N4,East of England,Norfolk & Norwich,BSU,50<71,B,not included,not included,19.38092582264361
2018-19,N4,East of England,Peterborough,BSU,50<71,B,not included,not included,21.14587259705993
2018-19,N4,East of England,South Essex,BSU,50<71,B,not included,not included,21.268403171007925
2018-19,N4,East of England,West Essex (Epping),BSU,50<71,B,not included,not included,22.61682242990654
2018-19,N4,East of England,West Suffolk,BSU,50<71,B,not included,not included,23.490304709141274
2018-19,N5,London,Central & East London,BSU,50<71,B,not included,not included,13.784530386740332
2018-19,N5,London,North London,BSU,50<71,B,not included,not included,20.911961796195026
2018-19,N5,London,Outer North East London,BSU,50<71,B,not included,not included,21.85068349106204
2018-19,N5,London,South East London,BSU,50<71,B,not included,not included,18.66282595512432
2018-19,N5,London,South West London,BSU,50<71,B,not included,not included,22.9168619364514
2018-19,N5,London,West of London,BSU,50<71,B,not included,not included,17.470813943995427
2018-19,N6,South East,Aylesbury & Wycombe,BSU,50<71,B,not included,not included,24.029574861367838
2018-19,N6,South East,Brighton,BSU,50<71,B,not included,not included,18.726114649681527
2018-19,N6,South East,Canterbury,BSU,50<71,B,not included,not included,23.403738771546493
2018-19,N6,South East,East Berkshire,BSU,50<71,B,not included,not included,21.796443899448192
2018-19,N6,South East,Guildford,BSU,50<71,B,not included,not included,20.756046020192535
2018-19,N6,South East,Isle of Wight,BSU,50<71,B,not included,not included,16.90340909090909
2018-19,N6,South East,Maidstone,BSU,50<71,B,not included,not included,27.155172413793103
2018-19,N6,South East,Medway,BSU,50<71,B,not included,not included,19.62138654387311
2018-19,N6,South East,North & Mid Hampshire,BSU,50<71,B,not included,not included,23.323170731707318
2018-19,N6,South East,Oxfordshire,BSU,50<71,B,not included,not included,19.215070643642072
2018-19,N6,South East,Portsmouth,BSU,50<71,B,not included,not included,21.84717332781114
2018-19,N6,South East,Southampton & Salisbury,BSU,50<71,B,not included,not included,23.251259093452713
2018-19,N6,South East,West Berkshire,BSU,50<71,B,not included,not included,22.33940556088207
2018-19,N6,South East,Worthing,BSU,50<71,B,not included,not included,19.919939001143728
2018-19,N7,South West,Avon,BSU,50<71,B,not included,not included,17.592732778198332
2018-19,N7,South West,Cornwall,BSU,50<71,B,not included,not included,17.501473187978785
2018-19,N7,South West,Dorset,BSU,50<71,B,not included,not included,19.121114683815648
2018-19,N7,South West,Gloucestershire,BSU,50<71,B,not included,not included,21.526258205689278
2018-19,N7,South West,North & East Devon,BSU,50<71,B,not included,not included,19.784172661870503
2018-19,N7,South West,Somerset,BSU,50<71,B,not included,not included,19.831223628691983
2018-19,N7,South West,South Devon,BSU,50<71,B,not included,not included,20.985010706638114
2018-19,N7,South West,West Devon,BSU,50<71,B,not included,not included,25.388198757763973
2018-19,N7,South West,Wiltshire,BSU,50<71,B,not included,not included,21.30005803830528
2018-19,N1,North East and Yorkshire,Barnsley,BSU,50<71,C1,not included,not included,87.96428109227385
2018-19,N1,North East and Yorkshire,Doncaster,BSU,50<71,C1,not included,not included,88.19303239799376
2018-19,N1,North East and Yorkshire,Gateshead,BSU,50<71,C1,not included,not included,89.18361332154436
2018-19,N1,North East and Yorkshire,Humberside,BSU,50<71,C1,not included,not included,87.24378997471366
2018-19,N1,North East and Yorkshire,Leeds Wakefield,BSU,50<71,C1,not included,not included,86.47897216775439
2018-19,N1,North East and Yorkshire,Newcastle,BSU,50<71,C1,not included,not included,89.29445026843293
2018-19,N1,North East and Yorkshire,North Cumbria,BSU,50<71,C1,not included,not included,89.42434210526315
2018-19,N1,North East and Yorkshire,North Tees,BSU,50<71,C1,not included,not included,89.25892495876
2018-19,N1,North East and Yorkshire,North Yorkshire,BSU,50<71,C1,not included,not included,90.1097277127129
2018-19,N1,North East and Yorkshire,Pennine,BSU,50<71,C1,not included,not included,87.79113666724749
2018-19,N1,North East and Yorkshire,Rotherham,BSU,50<71,C1,not included,not included,89.67509025270758
2018-19,N1,North East and Yorkshire,Sheffield,BSU,50<71,C1,not included,not included,87.46173625566304
2018-19,N2,North West,Bolton,BSU,50<71,C1,not included,not included,86.2962641934645
2018-19,N2,North West,Cheshire & Stockport,BSU,50<71,C1,not included,not included,84.55162019593067
2018-19,N2,North West,Crewe,BSU,50<71,C1,not included,not included,85.67030784508441
2018-19,N2,North West,East Lancashire,BSU,50<71,C1,not included,not included,87.04624095627555
2018-19,N2,North West,Liverpool,BSU,50<71,C1,not included,not included,85.95522729003274
2018-19,N2,North West,Manchester,BSU,50<71,C1,not included,not included,83.82405852722475
2018-19,N2,North West,North Lancashire & South Cumbria,BSU,50<71,C1,not included,not included,87.09400162851715
2018-19,N2,North West,South Lancashire,BSU,50<71,C1,not included,not included,88.20804591913802
2018-19,N2,North West,"Warrington, Halton, St Helens & Knowsley",BSU,50<71,C1,not included,not included,88.48670098670098
2018-19,N2,North West,Wirral & Chester,BSU,50<71,C1,not included,not included,90.23823945083788
2018-19,N3,Midlands,"City, Sandwell & Walsall",BSU,50<71,C1,not included,not included,86.02170036570254
2018-19,N3,Midlands,"Dudley, Wolverhampton & South West Staffordshire",BSU,50<71,C1,not included,not included,86.06246614912439
2018-19,N3,Midlands,Hereford & Worcester,BSU,50<71,C1,not included,not included,86.945488419903
2018-19,N3,Midlands,Kettering,BSU,50<71,C1,not included,not included,88.2653852115951
2018-19,N3,Midlands,Leicestershire,BSU,50<71,C1,not included,not included,86.49846329783432
2018-19,N3,Midlands,Lincolnshire,BSU,50<71,C1,not included,not included,87.10142887309073
2018-19,N3,Midlands,North Derbyshire & Chesterfield,BSU,50<71,C1,not included,not included,87.36760726710475
2018-19,N3,Midlands,North Midlands,BSU,50<71,C1,not included,not included,89.89276529671503
2018-19,N3,Midlands,North Nottinghamshire,BSU,50<71,C1,not included,not included,91.44373443084588
2018-19,N3,Midlands,Northampton,BSU,50<71,C1,not included,not included,87.43054090173736
2018-19,N3,Midlands,Nottingham City,BSU,50<71,C1,not included,not included,87.831582695389
2018-19,N3,Midlands,Shropshire,BSU,50<71,C1,not included,not included,89.78288633461047
2018-19,N3,Midlands,South Birmingham,BSU,50<71,C1,not included,not included,77.16668426052993
2018-19,N3,Midlands,South Derbyshire & South East Staffordshire,BSU,50<71,C1,not included,not included,82.4239636635428
2018-19,N3,Midlands,"Warwickshire, Solihull & Coventry",BSU,50<71,C1,not included,not included,86.7107034405034
2018-19,N4,East of England,Beds & Herts,BSU,50<71,C1,not included,not included,88.59753253911052
2018-19,N4,East of England,Cambridge & Huntingdon,BSU,50<71,C1,not included,not included,87.46763023185787
2018-19,N4,East of England,Chelmsford & Colchester,BSU,50<71,C1,not included,not included,87.57807078417765
2018-19,N4,East of England,East Suffolk,BSU,50<71,C1,not included,not included,91.01549053356283
2018-19,N4,East of England,Great Yarmouth & Waveney,BSU,50<71,C1,not included,not included,89.62105471455428
2018-19,N4,East of England,King's Lynn,BSU,50<71,C1,not included,not included,89.30824008138352
2018-19,N4,East of England,Milton Keynes,BSU,50<71,C1,not included,not included,85.41717343711991
2018-19,N4,East of England,Norfolk & Norwich,BSU,50<71,C1,not included,not included,90.33696948284238
2018-19,N4,East of England,Peterborough,BSU,50<71,C1,not included,not included,88.45035615641808
2018-19,N4,East of England,South Essex,BSU,50<71,C1,not included,not included,86.65220369947477
2018-19,N4,East of England,West Essex (Epping),BSU,50<71,C1,not included,not included,84.1902981198712
2018-19,N4,East of England,West Suffolk,BSU,50<71,C1,not included,not included,88.85413704862098
2018-19,N5,London,Central & East London,BSU,50<71,C1,not included,not included,70.38518206693327
2018-19,N5,London,North London,BSU,50<71,C1,not included,not included,83.80739626647792
2018-19,N5,London,Outer North East London,BSU,50<71,C1,not included,not included,85.9476811038712
2018-19,N5,London,South East London,BSU,50<71,C1,not included,not included,84.06356937417337
2018-19,N5,London,South West London,BSU,50<71,C1,not included,not included,84.8205474471511
2018-19,N5,London,West of London,BSU,50<71,C1,not included,not included,83.12909660872043
2018-19,N6,South East,Aylesbury & Wycombe,BSU,50<71,C1,not included,not included,87.98558720864767
2018-19,N6,South East,Brighton,BSU,50<71,C1,not included,not included,84.89930193372382
2018-19,N6,South East,Canterbury,BSU,50<71,C1,not included,not included,87.85062738212496
2018-19,N6,South East,East Berkshire,BSU,50<71,C1,not included,not included,85.19110400852311
2018-19,N6,South East,Guildford,BSU,50<71,C1,not included,not included,87.47297136747059
2018-19,N6,South East,Isle of Wight,BSU,50<71,C1,not included,not included,87.2476846354785
2018-19,N6,South East,Maidstone,BSU,50<71,C1,not included,not included,88.00808605876831
2018-19,N6,South East,Medway,BSU,50<71,C1,not included,not included,85.45454545454545
2018-19,N6,South East,North & Mid Hampshire,BSU,50<71,C1,not included,not included,88.11397686326569
2018-19,N6,South East,Oxfordshire,BSU,50<71,C1,not included,not included,85.17835476826014
2018-19,N6,South East,Portsmouth,BSU,50<71,C1,not included,not included,83.64014514558811
2018-19,N6,South East,Southampton & Salisbury,BSU,50<71,C1,not included,not included,88.17333456527766
2018-19,N6,South East,West Berkshire,BSU,50<71,C1,not included,not included,86.3373167426389
2018-19,N6,South East,Worthing,BSU,50<71,C1,not included,not included,87.27905260568576
2018-19,N7,South West,Avon,BSU,50<71,C1,not included,not included,85.51876955161627
2018-19,N7,South West,Cornwall,BSU,50<71,C1,not included,not included,87.30020658910514
2018-19,N7,South West,Dorset,BSU,50<71,C1,not included,not included,85.86029384135573
2018-19,N7,South West,Gloucestershire,BSU,50<71,C1,not included,not included,88.19563780568407
2018-19,N7,South West,North & East Devon,BSU,50<71,C1,not included,not included,85.92485260317777
2018-19,N7,South West,Somerset,BSU,50<71,C1,not included,not included,88.60766927006871
2018-19,N7,South West,South Devon,BSU,50<71,C1,not included,not included,89.31504599211564
2018-19,N7,South West,West Devon,BSU,50<71,C1,not included,not included,88.87713731711617
2018-19,N7,South West,Wiltshire,BSU,50<71,C1,not included,not included,88.27050299275439
2018-19,N1,North East and Yorkshire,Barnsley,BSU,50<71,C2,not included,not included,45.31013615733737
2018-19,N1,North East and Yorkshire,Doncaster,BSU,50<71,C2,not included,not included,49.53981592637055
2018-19,N1,North East and Yorkshire,Gateshead,BSU,50<71,C2,not included,not included,44.78067740144364
2018-19,N1,North East and Yorkshire,Humberside,BSU,50<71,C2,not included,not included,48.777120315581854
2018-19,N1,North East and Yorkshire,Leeds Wakefield,BSU,50<71,C2,not included,not included,40.6139534883721
2018-19,N1,North East and Yorkshire,Newcastle,BSU,50<71,C2,not included,not included,52.30518155854753
2018-19,N1,North East and Yorkshire,North Cumbria,BSU,50<71,C2,not included,not included,49.60762331838565
2018-19,N1,North East and Yorkshire,North Tees,BSU,50<71,C2,not included,not included,50.14695077149155
2018-19,N1,North East and Yorkshire,North Yorkshire,BSU,50<71,C2,not included,not included,50.83555340276096
2018-19,N1,North East and Yorkshire,Pennine,BSU,50<71,C2,not included,not included,42.65721877767936
2018-19,N1,North East and Yorkshire,Rotherham,BSU,50<71,C2,not included,not included,37.859608745684696
2018-19,N1,North East and Yorkshire,Sheffield,BSU,50<71,C2,not included,not included,42.38095238095238
2018-19,N2,North West,Bolton,BSU,50<71,C2,not included,not included,47.248528282569744
2018-19,N2,North West,Cheshire & Stockport,BSU,50<71,C2,not included,not included,45.423023578363384
2018-19,N2,North West,Crewe,BSU,50<71,C2,not included,not included,52.17599234815877
2018-19,N2,North West,East Lancashire,BSU,50<71,C2,not included,not included,46.51237544198007
2018-19,N2,North West,Liverpool,BSU,50<71,C2,not included,not included,40.32258064516129
2018-19,N2,North West,Manchester,BSU,50<71,C2,not included,not included,46.26681094450456
2018-19,N2,North West,North Lancashire & South Cumbria,BSU,50<71,C2,not included,not included,48.02703291911925
2018-19,N2,North West,South Lancashire,BSU,50<71,C2,not included,not included,49.28909952606635
2018-19,N2,North West,"Warrington, Halton, St Helens & Knowsley",BSU,50<71,C2,not included,not included,44.71927758146839
2018-19,N2,North West,Wirral & Chester,BSU,50<71,C2,not included,not included,50.50999592003264
2018-19,N3,Midlands,"City, Sandwell & Walsall",BSU,50<71,C2,not included,not included,40.73407700611731
2018-19,N3,Midlands,"Dudley, Wolverhampton & South West Staffordshire",BSU,50<71,C2,not included,not included,47.53451676528599
2018-19,N3,Midlands,Hereford & Worcester,BSU,50<71,C2,not included,not included,46.5470477780096
2018-19,N3,Midlands,Kettering,BSU,50<71,C2,not included,not included,42.84226965122332
2018-19,N3,Midlands,Leicestershire,BSU,50<71,C2,not included,not included,47.615606936416185
2018-19,N3,Midlands,Lincolnshire,BSU,50<71,C2,not included,not included,46.837146702557206
2018-19,N3,Midlands,North Derbyshire & Chesterfield,BSU,50<71,C2,not included,not included,52.2609043617447
2018-19,N3,Midlands,North Midlands,BSU,50<71,C2,not included,not included,42.857142857142854
2018-19,N3,Midlands,North Nottinghamshire,BSU,50<71,C2,not included,not included,55.95727198027938
2018-19,N3,Midlands,Northampton,BSU,50<71,C2,not included,not included,43.94565859421146
2018-19,N3,Midlands,Nottingham City,BSU,50<71,C2,not included,not included,50.13979496738118
2018-19,N3,Midlands,Shropshire,BSU,50<71,C2,not included,not included,37.56503642039542
2018-19,N3,Midlands,South Birmingham,BSU,50<71,C2,not included,not included,37.37081438610996
2018-19,N3,Midlands,South Derbyshire & South East Staffordshire,BSU,50<71,C2,not included,not included,45.380389545530214
2018-19,N3,Midlands,"Warwickshire, Solihull & Coventry",BSU,50<71,C2,not included,not included,50.54406964091404
2018-19,N4,East of England,Beds & Herts,BSU,50<71,C2,not included,not included,48.25388733112414
2018-19,N4,East of England,Cambridge & Huntingdon,BSU,50<71,C2,not included,not included,60.639470782800444
2018-19,N4,East of England,Chelmsford & Colchester,BSU,50<71,C2,not included,not included,62.52757233683665
2018-19,N4,East of England,East Suffolk,BSU,50<71,C2,not included,not included,44.55503512880562
2018-19,N4,East of England,Great Yarmouth & Waveney,BSU,50<71,C2,not included,not included,45.34803583735355
2018-19,N4,East of England,King's Lynn,BSU,50<71,C2,not included,not included,52.750275027502745
2018-19,N4,East of England,Milton Keynes,BSU,50<71,C2,not included,not included,47.38805970149254
2018-19,N4,East of England,Norfolk & Norwich,BSU,50<71,C2,not included,not included,57.893381406129286
2018-19,N4,East of England,Peterborough,BSU,50<71,C2,not included,not included,51.11220958971824
2018-19,N4,East of England,South Essex,BSU,50<71,C2,not included,not included,43.42912495963836
2018-19,N4,East of England,West Essex (Epping),BSU,50<71,C2,not included,not included,48.21251241310824
2018-19,N4,East of England,West Suffolk,BSU,50<71,C2,not included,not included,48.214285714285715
2018-19,N5,London,Central & East London,BSU,50<71,C2,not included,not included,33.09875674407694
2018-19,N5,London,North London,BSU,50<71,C2,not included,not included,44.56276622400401
2018-19,N5,London,Outer North East London,BSU,50<71,C2,not included,not included,47.788431797092485
2018-19,N5,London,South East London,BSU,50<71,C2,not included,not included,37.12025316455696
2018-19,N5,London,South West London,BSU,50<71,C2,not included,not included,45.94238683127572
2018-19,N5,London,West of London,BSU,50<71,C2,not included,not included,41.83260734287492
2018-19,N6,South East,Aylesbury & Wycombe,BSU,50<71,C2,not included,not included,41.13624408206207
2018-19,N6,South East,Brighton,BSU,50<71,C2,not included,not included,39.18617614269788
2018-19,N6,South East,Canterbury,BSU,50<71,C2,not included,not included,47.21570926143024
2018-19,N6,South East,East Berkshire,BSU,50<71,C2,not included,not included,48.25748257482575
2018-19,N6,South East,Guildford,BSU,50<71,C2,not included,not included,46.490335707019334
2018-19,N6,South East,Isle of Wight,BSU,50<71,C2,not included,not included,59.75103734439834
2018-19,N6,South East,Maidstone,BSU,50<71,C2,not included,not included,46.35958395245171
2018-19,N6,South East,Medway,BSU,50<71,C2,not included,not included,37.16067498165811
2018-19,N6,South East,North & Mid Hampshire,BSU,50<71,C2,not included,not included,47.53109687146627
2018-19,N6,South East,Oxfordshire,BSU,50<71,C2,not included,not included,46.628679962013294
2018-19,N6,South East,Portsmouth,BSU,50<71,C2,not included,not included,48.95321788575859
2018-19,N6,South East,Southampton & Salisbury,BSU,50<71,C2,not included,not included,50.84931506849315
2018-19,N6,South East,West Berkshire,BSU,50<71,C2,not included,not included,38.35616438356164
2018-19,N6,South East,Worthing,BSU,50<71,C2,not included,not included,42.77173913043478
2018-19,N7,South West,Avon,BSU,50<71,C2,not included,not included,41.99787083037616
2018-19,N7,South West,Cornwall,BSU,50<71,C2,not included,not included,48.41089670828604
2018-19,N7,South West,Dorset,BSU,50<71,C2,not included,not included,53.91014975041597
2018-19,N7,South West,Gloucestershire,BSU,50<71,C2,not included,not included,40.56702835141757
2018-19,N7,South West,North & East Devon,BSU,50<71,C2,not included,not included,44.85948061188189
2018-19,N7,South West,Somerset,BSU,50<71,C2,not included,not included,51.8125323666494
2018-19,N7,South West,South Devon,BSU,50<71,C2,not included,not included,44.991789819376024
2018-19,N7,South West,West Devon,BSU,50<71,C2,not included,not included,51.82901767365392
2018-19,N7,South West,Wiltshire,BSU,50<71,C2,not included,not included,51.79365549955529
2018-19,N1,North East and Yorkshire,Barnsley,BSU,50<71,D,not included,not included,100.0
2018-19,N1,North East and Yorkshire,Doncaster,BSU,50<71,D,not included,not included,100.0
2018-19,N1,North East and Yorkshire,Gateshead,BSU,50<71,D,not included,not included,100.0
2018-19,N1,North East and Yorkshire,Humberside,BSU,50<71,D,not included,not included,100.0
2018-19,N1,North East and Yorkshire,Leeds Wakefield,BSU,50<71,D,not included,not included,100.0
2018-19,N1,North East and Yorkshire,Newcastle,BSU,50<71,D,not included,not included,100.0
2018-19,N1,North East and Yorkshire,North Cumbria,BSU,50<71,D,not included,not included,100.0
2018-19,N1,North East and Yorkshire,North Tees,BSU,50<71,D,not included,not included,100.0
2018-19,N1,North East and Yorkshire,North Yorkshire,BSU,50<71,D,not included,not included,100.0
2018-19,N1,North East and Yorkshire,Pennine,BSU,50<71,D,not included,not included,100.0
2018-19,N1,North East and Yorkshire,Rotherham,BSU,50<71,D,not included,not included,z
2018-19,N1,North East and Yorkshire,Sheffield,BSU,50<71,D,not included,not included,100.0
2018-19,N2,North West,Bolton,BSU,50<71,D,not included,not included,100.0
2018-19,N2,North West,Cheshire & Stockport,BSU,50<71,D,not included,not included,100.0
2018-19,N2,North West,Crewe,BSU,50<71,D,not included,not included,100.0
2018-19,N2,North West,East Lancashire,BSU,50<71,D,not included,not included,100.0
2018-19,N2,North West,Liverpool,BSU,50<71,D,not included,not included,100.0
2018-19,N2,North West,Manchester,BSU,50<71,D,not included,not included,100.0
2018-19,N2,North West,North Lancashire & South Cumbria,BSU,50<71,D,not included,not included,100.0
2018-19,N2,North West,South Lancashire,BSU,50<71,D,not included,not included,100.0
2018-19,N2,North West,"Warrington, Halton, St Helens & Knowsley",BSU,50<71,D,not included,not included,100.0
2018-19,N2,North West,Wirral & Chester,BSU,50<71,D,not included,not included,100.0
2018-19,N3,Midlands,"City, Sandwell & Walsall",BSU,50<71,D,not included,not included,z
2018-19,N3,Midlands,"Dudley, Wolverhampton & South West Staffordshire",BSU,50<71,D,not included,not included,100.0
2018-19,N3,Midlands,Hereford & Worcester,BSU,50<71,D,not included,not included,100.0
2018-19,N3,Midlands,Kettering,BSU,50<71,D,not included,not included,100.0
2018-19,N3,Midlands,Leicestershire,BSU,50<71,D,not included,not included,100.0
2018-19,N3,Midlands,Lincolnshire,BSU,50<71,D,not included,not included,100.0
2018-19,N3,Midlands,North Derbyshire & Chesterfield,BSU,50<71,D,not included,not included,z
2018-19,N3,Midlands,North Midlands,BSU,50<71,D,not included,not included,100.0
2018-19,N3,Midlands,North Nottinghamshire,BSU,50<71,D,not included,not included,100.0
2018-19,N3,Midlands,Northampton,BSU,50<71,D,not included,not included,100.0
2018-19,N3,Midlands,Nottingham City,BSU,50<71,D,not included,not included,100.0
2018-19,N3,Midlands,Shropshire,BSU,50<71,D,not included,not included,100.0
2018-19,N3,Midlands,South Birmingham,BSU,50<71,D,not included,not included,100.0
2018-19,N3,Midlands,South Derbyshire & South East Staffordshire,BSU,50<71,D,not included,not included,100.0
2018-19,N3,Midlands,"Warwickshire, Solihull & Coventry",BSU,50<71,D,not included,not included,100.0
2018-19,N4,East of England,Beds & Herts,BSU,50<71,D,not included,not included,100.0
2018-19,N4,East of England,Cambridge & Huntingdon,BSU,50<71,D,not included,not included,100.0
2018-19,N4,East of England,Chelmsford & Colchester,BSU,50<71,D,not included,not included,100.0
2018-19,N4,East of England,East Suffolk,BSU,50<71,D,not included,not included,100.0
2018-19,N4,East of England,Great Yarmouth & Waveney,BSU,50<71,D,not included,not included,100.0
2018-19,N4,East of England,King's Lynn,BSU,50<71,D,not included,not included,z
2018-19,N4,East of England,Milton Keynes,BSU,50<71,D,not included,not included,100.0
2018-19,N4,East of England,Norfolk & Norwich,BSU,50<71,D,not included,not included,100.0
2018-19,N4,East of England,Peterborough,BSU,50<71,D,not included,not included,80.0
2018-19,N4,East of England,South Essex,BSU,50<71,D,not included,not included,100.0
2018-19,N4,East of England,West Essex (Epping),BSU,50<71,D,not included,not included,z
2018-19,N4,East of England,West Suffolk,BSU,50<71,D,not included,not included,100.0
2018-19,N5,London,Central & East London,BSU,50<71,D,not included,not included,100.0
2018-19,N5,London,North London,BSU,50<71,D,not included,not included,100.0
2018-19,N5,London,Outer North East London,BSU,50<71,D,not included,not included,100.0
2018-19,N5,London,South East London,BSU,50<71,D,not included,not included,100.0
2018-19,N5,London,South West London,BSU,50<71,D,not included,not included,90.47619047619048
2018-19,N5,London,West of London,BSU,50<71,D,not included,not included,100.0
2018-19,N6,South East,Aylesbury & Wycombe,BSU,50<71,D,not included,not included,100.0
2018-19,N6,South East,Brighton,BSU,50<71,D,not included,not included,100.0
2018-19,N6,South East,Canterbury,BSU,50<71,D,not included,not included,100.0
2018-19,N6,South East,East Berkshire,BSU,50<71,D,not included,not included,100.0
2018-19,N6,South East,Guildford,BSU,50<71,D,not included,not included,100.0
2018-19,N6,South East,Isle of Wight,BSU,50<71,D,not included,not included,90.9090909090909
2018-19,N6,South East,Maidstone,BSU,50<71,D,not included,not included,100.0
2018-19,N6,South East,Medway,BSU,50<71,D,not included,not included,100.0
2018-19,N6,South East,North & Mid Hampshire,BSU,50<71,D,not included,not included,100.0
2018-19,N6,South East,Oxfordshire,BSU,50<71,D,not included,not included,100.0
2018-19,N6,South East,Portsmouth,BSU,50<71,D,not included,not included,100.0
2018-19,N6,South East,Southampton & Salisbury,BSU,50<71,D,not included,not included,100.0
2018-19,N6,South East,West Berkshire,BSU,50<71,D,not included,not included,100.0
2018-19,N6,South East,Worthing,BSU,50<71,D,not included,not included,100.0
2018-19,N7,South West,Avon,BSU,50<71,D,not included,not included,100.0
2018-19,N7,South West,Cornwall,BSU,50<71,D,not included,not included,100.0
2018-19,N7,South West,Dorset,BSU,50<71,D,not included,not included,100.0
2018-19,N7,South West,Gloucestershire,BSU,50<71,D,not included,not included,100.0
2018-19,N7,South West,North & East Devon,BSU,50<71,D,not included,not included,100.0
2018-19,N7,South West,Somerset,BSU,50<71,D,not included,not included,90.9090909090909
2018-19,N7,South West,South Devon,BSU,50<71,D,not included,not included,100.0
2018-19,N7,South West,West Devon,BSU,50<71,D,not included,not included,83.33333333333334
2018-19,N7,South West,Wiltshire,BSU,50<71,D,not included,not included,100.0
2019-20,N1,North East and Yorkshire,Barnsley,BSU,50<71,A,not included,not included,67.48466257668711
2019-20,N1,North East and Yorkshire,Doncaster,BSU,50<71,A,not included,not included,67.48905690409869
2019-20,N1,North East and Yorkshire,Gateshead,BSU,50<71,A,not included,not included,69.6007696007696
2019-20,N1,North East and Yorkshire,Humberside,BSU,50<71,A,not included,not included,57.04647676161919
2019-20,N1,North East and Yorkshire,Leeds Wakefield,BSU,50<71,A,not included,not included,62.89320777399319
2019-20,N1,North East and Yorkshire,Newcastle,BSU,50<71,A,not included,not included,64.80280929227445
2019-20,N1,North East and Yorkshire,North Cumbria,BSU,50<71,A,not included,not included,74.91055456171736
2019-20,N1,North East and Yorkshire,North Tees,BSU,50<71,A,not included,not included,65.62050100777425
2019-20,N1,North East and Yorkshire,North Yorkshire,BSU,50<71,A,not included,not included,66.44790812141099
2019-20,N1,North East and Yorkshire,Pennine,BSU,50<71,A,not included,not included,58.450840254973926
2019-20,N1,North East and Yorkshire,Rotherham,BSU,50<71,A,not included,not included,68.8039457459926
2019-20,N1,North East and Yorkshire,Sheffield,BSU,50<71,A,not included,not included,64.49638286032277
2019-20,N2,North West,Bolton,BSU,50<71,A,not included,not included,65.26422080107707
2019-20,N2,North West,Cheshire & Stockport,BSU,50<71,A,not included,not included,66.09224531170806
2019-20,N2,North West,Crewe,BSU,50<71,A,not included,not included,63.68754398311049
2019-20,N2,North West,East Lancashire,BSU,50<71,A,not included,not included,67.16932356742782
2019-20,N2,North West,Liverpool,BSU,50<71,A,not included,not included,60.18320610687022
2019-20,N2,North West,Manchester,BSU,50<71,A,not included,not included,59.1421143847487
2019-20,N2,North West,North Lancashire & South Cumbria,BSU,50<71,A,not included,not included,59.74075486084636
2019-20,N2,North West,South Lancashire,BSU,50<71,A,not included,not included,64.9488926746167
2019-20,N2,North West,"Warrington, Halton, St Helens & Knowsley",BSU,50<71,A,not included,not included,68.83194278903456
2019-20,N2,North West,Wirral & Chester,BSU,50<71,A,not included,not included,68.88489208633094
2019-20,N3,Midlands,"City, Sandwell & Walsall",BSU,50<71,A,not included,not included,55.45327754532775
2019-20,N3,Midlands,"Dudley, Wolverhampton & South West Staffordshire",BSU,50<71,A,not included,not included,58.98922949461475
2019-20,N3,Midlands,Hereford & Worcester,BSU,50<71,A,not included,not included,63.39248865043334
2019-20,N3,Midlands,Kettering,BSU,50<71,A,not included,not included,65.81727781230578
2019-20,N3,Midlands,Leicestershire,BSU,50<71,A,not included,not included,66.79035250463822
2019-20,N3,Midlands,Lincolnshire,BSU,50<71,A,not included,not included,62.77253498210218
2019-20,N3,Midlands,North Derbyshire & Chesterfield,BSU,50<71,A,not included,not included,67.51152073732719
2019-20,N3,Midlands,North Midlands,BSU,50<71,A,not included,not included,65.8458244111349
2019-20,N3,Midlands,North Nottinghamshire,BSU,50<71,A,not included,not included,72.73622047244095
2019-20,N3,Midlands,Northampton,BSU,50<71,A,not included,not included,61.283306144643824
2019-20,N3,Midlands,Nottingham City,BSU,50<71,A,not included,not included,60.86369770580296
2019-20,N3,Midlands,Shropshire,BSU,50<71,A,not included,not included,70.32520325203252
2019-20,N3,Midlands,South Birmingham,BSU,50<71,A,not included,not included,51.26782884310618
2019-20,N3,Midlands,South Derbyshire & South East Staffordshire,BSU,50<71,A,not included,not included,66.91888619854721
2019-20,N3,Midlands,"Warwickshire, Solihull & Coventry",BSU,50<71,A,not included,not included,58.29934747145188
2019-20,N4,East of England,Beds & Herts,BSU,50<71,A,not included,not included,59.56397612250195
2019-20,N4,East of England,Cambridge & Huntingdon,BSU,50<71,A,not included,not included,60.5427974947808
2019-20,N4,East of England,Chelmsford & Colchester,BSU,50<71,A,not included,not included,62.54375729288215
2019-20,N4,East of England,East Suffolk,BSU,50<71,A,not included,not included,73.05475504322767
2019-20,N4,East of England,Great Yarmouth & Waveney,BSU,50<71,A,not included,not included,64.16988416988417
2019-20,N4,East of England,King's Lynn,BSU,50<71,A,not included,not included,67.02898550724638
2019-20,N4,East of England,Milton Keynes,BSU,50<71,A,not included,not included,62.39855725879171
2019-20,N4,East of England,Norfolk & Norwich,BSU,50<71,A,not included,not included,66.0377358490566
2019-20,N4,East of England,Peterborough,BSU,50<71,A,not included,not included,64.56335184250379
2019-20,N4,East of England,South Essex,BSU,50<71,A,not included,not included,66.92180388911875
2019-20,N4,East of England,West Essex (Epping),BSU,50<71,A,not included,not included,57.26062143310082
2019-20,N4,East of England,West Suffolk,BSU,50<71,A,not included,not included,64.99678869621066
2019-20,N5,London,Central & East London,BSU,50<71,A,not included,not included,46.898381533563274
2019-20,N5,London,North London,BSU,50<71,A,not included,not included,50.0
2019-20,N5,London,Outer North East London,BSU,50<71,A,not included,not included,58.16554809843401
2019-20,N5,London,South East London,BSU,50<71,A,not included,not included,51.89012782159369
2019-20,N5,London,South West London,BSU,50<71,A,not included,not included,53.29270357203318
2019-20,N5,London,West of London,BSU,50<71,A,not included,not included,47.751463544438536
2019-20,N6,South East,Aylesbury & Wycombe,BSU,50<71,A,not included,not included,63.78504672897196
2019-20,N6,South East,Brighton,BSU,50<71,A,not included,not included,61.956276763579
2019-20,N6,South East,Canterbury,BSU,50<71,A,not included,not included,61.1699164345404
2019-20,N6,South East,East Berkshire,BSU,50<71,A,not included,not included,60.68376068376068
2019-20,N6,South East,Guildford,BSU,50<71,A,not included,not included,61.955667347901276
2019-20,N6,South East,Isle of Wight,BSU,50<71,A,not included,not included,48.509485094850945
2019-20,N6,South East,Maidstone,BSU,50<71,A,not included,not included,59.03903903903904
2019-20,N6,South East,Medway,BSU,50<71,A,not included,not included,62.78782894736842
2019-20,N6,South East,North & Mid Hampshire,BSU,50<71,A,not included,not included,64.56891126494651
2019-20,N6,South East,Oxfordshire,BSU,50<71,A,not included,not included,61.44109055501461
2019-20,N6,South East,Portsmouth,BSU,50<71,A,not included,not included,56.526674233825204
2019-20,N6,South East,Southampton & Salisbury,BSU,50<71,A,not included,not included,59.623992837958816
2019-20,N6,South East,West Berkshire,BSU,50<71,A,not included,not included,65.77815993121237
2019-20,N6,South East,Worthing,BSU,50<71,A,not included,not included,68.55703607409815
2019-20,N7,South West,Avon,BSU,50<71,A,not included,not included,64.8269040553907
2019-20,N7,South West,Cornwall,BSU,50<71,A,not included,not included,58.9142091152815
2019-20,N7,South West,Dorset,BSU,50<71,A,not included,not included,63.43147946201382
2019-20,N7,South West,Gloucestershire,BSU,50<71,A,not included,not included,67.01754385964912
2019-20,N7,South West,North & East Devon,BSU,50<71,A,not included,not included,65.6082474226804
2019-20,N7,South West,Somerset,BSU,50<71,A,not included,not included,59.13381454747363
2019-20,N7,South West,South Devon,BSU,50<71,A,not included,not included,63.13497822931785
2019-20,N7,South West,West Devon,BSU,50<71,A,not included,not included,67.00507614213198
2019-20,N7,South West,Wiltshire,BSU,50<71,A,not included,not included,67.65393608729539
2019-20,N1,North East and Yorkshire,Barnsley,BSU,50<71,A and C1,not included,not included,88.656823910695
2019-20,N1,North East and Yorkshire,Doncaster,BSU,50<71,A and C1,not included,not included,81.16779348494161
2019-20,N1,North East and Yorkshire,Gateshead,BSU,50<71,A and C1,not included,not included,85.91160220994475
2019-20,N1,North East and Yorkshire,Humberside,BSU,50<71,A and C1,not included,not included,82.19487971750166
2019-20,N1,North East and Yorkshire,Leeds Wakefield,BSU,50<71,A and C1,not included,not included,82.67426671416696
2019-20,N1,North East and Yorkshire,Newcastle,BSU,50<71,A and C1,not included,not included,82.30274080330877
2019-20,N1,North East and Yorkshire,North Cumbria,BSU,50<71,A and C1,not included,not included,86.58246757656006
2019-20,N1,North East and Yorkshire,North Tees,BSU,50<71,A and C1,not included,not included,82.98765281917159
2019-20,N1,North East and Yorkshire,North Yorkshire,BSU,50<71,A and C1,not included,not included,87.7771822871307
2019-20,N1,North East and Yorkshire,Pennine,BSU,50<71,A and C1,not included,not included,80.2532001688001
2019-20,N1,North East and Yorkshire,Rotherham,BSU,50<71,A and C1,not included,not included,85.84460522176785
2019-20,N1,North East and Yorkshire,Sheffield,BSU,50<71,A and C1,not included,not included,83.97077022806295
2019-20,N2,North West,Bolton,BSU,50<71,A and C1,not included,not included,82.62625553136195
2019-20,N2,North West,Cheshire & Stockport,BSU,50<71,A and C1,not included,not included,82.2866344605475
2019-20,N2,North West,Crewe,BSU,50<71,A and C1,not included,not included,81.16877376005658
2019-20,N2,North West,East Lancashire,BSU,50<71,A and C1,not included,not included,84.6233681105588
2019-20,N2,North West,Liverpool,BSU,50<71,A and C1,not included,not included,81.76864643097535
2019-20,N2,North West,Manchester,BSU,50<71,A and C1,not included,not included,76.53419899098502
2019-20,N2,North West,North Lancashire & South Cumbria,BSU,50<71,A and C1,not included,not included,81.93432087154166
2019-20,N2,North West,South Lancashire,BSU,50<71,A and C1,not included,not included,85.7930113138229
2019-20,N2,North West,"Warrington, Halton, St Helens & Knowsley",BSU,50<71,A and C1,not included,not included,87.62626262626263
2019-20,N2,North West,Wirral & Chester,BSU,50<71,A and C1,not included,not included,86.49191572758451
2019-20,N3,Midlands,"City, Sandwell & Walsall",BSU,50<71,A and C1,not included,not included,82.71786901061206
2019-20,N3,Midlands,"Dudley, Wolverhampton & South West Staffordshire",BSU,50<71,A and C1,not included,not included,80.1692743458322
2019-20,N3,Midlands,Hereford & Worcester,BSU,50<71,A and C1,not included,not included,84.60843033111087
2019-20,N3,Midlands,Kettering,BSU,50<71,A and C1,not included,not included,83.65980482940381
2019-20,N3,Midlands,Leicestershire,BSU,50<71,A and C1,not included,not included,84.26454416924123
2019-20,N3,Midlands,Lincolnshire,BSU,50<71,A and C1,not included,not included,84.38034041971426
2019-20,N3,Midlands,North Derbyshire & Chesterfield,BSU,50<71,A and C1,not included,not included,86.45026178010471
2019-20,N3,Midlands,North Midlands,BSU,50<71,A and C1,not included,not included,85.32781228433403
2019-20,N3,Midlands,North Nottinghamshire,BSU,50<71,A and C1,not included,not included,88.08478749598544
2019-20,N3,Midlands,Northampton,BSU,50<71,A and C1,not included,not included,81.46109412164458
2019-20,N3,Midlands,Nottingham City,BSU,50<71,A and C1,not included,not included,83.29080615580895
2019-20,N3,Midlands,Shropshire,BSU,50<71,A and C1,not included,not included,86.5043582807334
2019-20,N3,Midlands,South Birmingham,BSU,50<71,A and C1,not included,not included,78.94014487228364
2019-20,N3,Midlands,South Derbyshire & South East Staffordshire,BSU,50<71,A and C1,not included,not included,84.09810126582279
2019-20,N3,Midlands,"Warwickshire, Solihull & Coventry",BSU,50<71,A and C1,not included,not included,78.74829188302816
2019-20,N4,East of England,Beds & Herts,BSU,50<71,A and C1,not included,not included,85.30779805284071
2019-20,N4,East of England,Cambridge & Huntingdon,BSU,50<71,A and C1,not included,not included,79.21714818266543
2019-20,N4,East of England,Chelmsford & Colchester,BSU,50<71,A and C1,not included,not included,84.78373944704516
2019-20,N4,East of England,East Suffolk,BSU,50<71,A and C1,not included,not included,88.19122595390769
2019-20,N4,East of England,Great Yarmouth & Waveney,BSU,50<71,A and C1,not included,not included,85.13255769597559
2019-20,N4,East of England,King's Lynn,BSU,50<71,A and C1,not included,not included,84.96723946099641
2019-20,N4,East of England,Milton Keynes,BSU,50<71,A and C1,not included,not included,80.74430273886682
2019-20,N4,East of England,Norfolk & Norwich,BSU,50<71,A and C1,not included,not included,86.49529839814771
2019-20,N4,East of England,Peterborough,BSU,50<71,A and C1,not included,not included,84.25364854484937
2019-20,N4,East of England,South Essex,BSU,50<71,A and C1,not included,not included,83.94163550642172
2019-20,N4,East of England,West Essex (Epping),BSU,50<71,A and C1,not included,not included,83.42906129447064
2019-20,N4,East of England,West Suffolk,BSU,50<71,A and C1,not included,not included,85.9622438937103
2019-20,N5,London,Central & East London,BSU,50<71,A and C1,not included,not included,62.80190900003224
2019-20,N5,London,North London,BSU,50<71,A and C1,not included,not included,76.02065571497886
2019-20,N5,London,Outer North East London,BSU,50<71,A and C1,not included,not included,80.62135255750086
2019-20,N5,London,South East London,BSU,50<71,A and C1,not included,not included,75.48327212559022
2019-20,N5,London,South West London,BSU,50<71,A and C1,not included,not included,77.80105504934501
2019-20,N5,London,West of London,BSU,50<71,A and C1,not included,not included,75.40320727840832
2019-20,N6,South East,Aylesbury & Wycombe,BSU,50<71,A and C1,not included,not included,85.48763922847053
2019-20,N6,South East,Brighton,BSU,50<71,A and C1,not included,not included,80.53073197353162
2019-20,N6,South East,Canterbury,BSU,50<71,A and C1,not included,not included,85.95218710680187
2019-20,N6,South East,East Berkshire,BSU,50<71,A and C1,not included,not included,82.31314227356864
2019-20,N6,South East,Guildford,BSU,50<71,A and C1,not included,not included,83.69565217391305
2019-20,N6,South East,Isle of Wight,BSU,50<71,A and C1,not included,not included,82.87933094384708
2019-20,N6,South East,Maidstone,BSU,50<71,A and C1,not included,not included,82.10581732034747
2019-20,N6,South East,Medway,BSU,50<71,A and C1,not included,not included,83.24659125123661
2019-20,N6,South East,North & Mid Hampshire,BSU,50<71,A and C1,not included,not included,86.45478820880675
2019-20,N6,South East,Oxfordshire,BSU,50<71,A and C1,not included,not included,81.88551893408135
2019-20,N6,South East,Portsmouth,BSU,50<71,A and C1,not included,not included,80.2668707255249
2019-20,N6,South East,Southampton & Salisbury,BSU,50<71,A and C1,not included,not included,84.02056658937393
2019-20,N6,South East,West Berkshire,BSU,50<71,A and C1,not included,not included,84.67652681356273
2019-20,N6,South East,Worthing,BSU,50<71,A and C1,not included,not included,84.84114546231658
2019-20,N7,South West,Avon,BSU,50<71,A and C1,not included,not included,82.90608586710356
2019-20,N7,South West,Cornwall,BSU,50<71,A and C1,not included,not included,83.89607542205657
2019-20,N7,South West,Dorset,BSU,50<71,A and C1,not included,not included,84.48021885521885
2019-20,N7,South West,Gloucestershire,BSU,50<71,A and C1,not included,not included,84.79993808528752
2019-20,N7,South West,North & East Devon,BSU,50<71,A and C1,not included,not included,84.97666157214259
2019-20,N7,South West,Somerset,BSU,50<71,A and C1,not included,not included,84.03262781894759
2019-20,N7,South West,South Devon,BSU,50<71,A and C1,not included,not included,85.91855068123971
2019-20,N7,South West,West Devon,BSU,50<71,A and C1,not included,not included,84.05172413793103
2019-20,N7,South West,Wiltshire,BSU,50<71,A and C1,not included,not included,86.03705377315862
2019-20,N1,North East and Yorkshire,Barnsley,BSU,50<71,A to C2,not included,not included,78.27649859127563
2019-20,N1,North East and Yorkshire,Doncaster,BSU,50<71,A to C2,not included,not included,67.5990042996153
2019-20,N1,North East and Yorkshire,Gateshead,BSU,50<71,A to C2,not included,not included,74.35442220787604
2019-20,N1,North East and Yorkshire,Humberside,BSU,50<71,A to C2,not included,not included,68.05966519395241
2019-20,N1,North East and Yorkshire,Leeds Wakefield,BSU,50<71,A to C2,not included,not included,68.4460472755838
2019-20,N1,North East and Yorkshire,Newcastle,BSU,50<71,A to C2,not included,not included,68.82645428143977
2019-20,N1,North East and Yorkshire,North Cumbria,BSU,50<71,A to C2,not included,not included,76.59692239566036
2019-20,N1,North East and Yorkshire,North Tees,BSU,50<71,A to C2,not included,not included,68.87290276023815
2019-20,N1,North East and Yorkshire,North Yorkshire,BSU,50<71,A to C2,not included,not included,77.1819360300537
2019-20,N1,North East and Yorkshire,Pennine,BSU,50<71,A to C2,not included,not included,66.386588731937
2019-20,N1,North East and Yorkshire,Rotherham,BSU,50<71,A to C2,not included,not included,76.25722796565621
2019-20,N1,North East and Yorkshire,Sheffield,BSU,50<71,A to C2,not included,not included,70.23158643374671
2019-20,N2,North West,Bolton,BSU,50<71,A to C2,not included,not included,68.25021219681577
2019-20,N2,North West,Cheshire & Stockport,BSU,50<71,A to C2,not included,not included,68.28055048913944
2019-20,N2,North West,Crewe,BSU,50<71,A to C2,not included,not included,69.99000999001
2019-20,N2,North West,East Lancashire,BSU,50<71,A to C2,not included,not included,70.86249899428755
2019-20,N2,North West,Liverpool,BSU,50<71,A to C2,not included,not included,64.13336496366107
2019-20,N2,North West,Manchester,BSU,50<71,A to C2,not included,not included,61.1052929521653
2019-20,N2,North West,North Lancashire & South Cumbria,BSU,50<71,A to C2,not included,not included,67.92447528869658
2019-20,N2,North West,South Lancashire,BSU,50<71,A to C2,not included,not included,72.82337719713465
2019-20,N2,North West,"Warrington, Halton, St Helens & Knowsley",BSU,50<71,A to C2,not included,not included,75.26593617531793
2019-20,N2,North West,Wirral & Chester,BSU,50<71,A to C2,not included,not included,72.80156071704641
2019-20,N3,Midlands,"City, Sandwell & Walsall",BSU,50<71,A to C2,not included,not included,66.45735617880732
2019-20,N3,Midlands,"Dudley, Wolverhampton & South West Staffordshire",BSU,50<71,A to C2,not included,not included,65.63013463472055
2019-20,N3,Midlands,Hereford & Worcester,BSU,50<71,A to C2,not included,not included,73.10781141668593
2019-20,N3,Midlands,Kettering,BSU,50<71,A to C2,not included,not included,73.20141827747912
2019-20,N3,Midlands,Leicestershire,BSU,50<71,A to C2,not included,not included,74.02592007975409
2019-20,N3,Midlands,Lincolnshire,BSU,50<71,A to C2,not included,not included,72.73303573786947
2019-20,N3,Midlands,North Derbyshire & Chesterfield,BSU,50<71,A to C2,not included,not included,74.74628778976606
2019-20,N3,Midlands,North Midlands,BSU,50<71,A to C2,not included,not included,72.32344632768361
2019-20,N3,Midlands,North Nottinghamshire,BSU,50<71,A to C2,not included,not included,78.72414091577944
2019-20,N3,Midlands,Northampton,BSU,50<71,A to C2,not included,not included,70.61237541970901
2019-20,N3,Midlands,Nottingham City,BSU,50<71,A to C2,not included,not included,71.22600885826772
2019-20,N3,Midlands,Shropshire,BSU,50<71,A to C2,not included,not included,76.2782865826112
2019-20,N3,Midlands,South Birmingham,BSU,50<71,A to C2,not included,not included,63.78448136796258
2019-20,N3,Midlands,South Derbyshire & South East Staffordshire,BSU,50<71,A to C2,not included,not included,73.28108866590772
2019-20,N3,Midlands,"Warwickshire, Solihull & Coventry",BSU,50<71,A to C2,not included,not included,65.57988072818581
2019-20,N4,East of England,Beds & Herts,BSU,50<71,A to C2,not included,not included,71.40149371958809
2019-20,N4,East of England,Cambridge & Huntingdon,BSU,50<71,A to C2,not included,not included,69.34953836523916
2019-20,N4,East of England,Chelmsford & Colchester,BSU,50<71,A to C2,not included,not included,72.30847315937183
2019-20,N4,East of England,East Suffolk,BSU,50<71,A to C2,not included,not included,78.16897696726927
2019-20,N4,East of England,Great Yarmouth & Waveney,BSU,50<71,A to C2,not included,not included,73.42047930283225
2019-20,N4,East of England,King's Lynn,BSU,50<71,A to C2,not included,not included,73.67929811461639
2019-20,N4,East of England,Milton Keynes,BSU,50<71,A to C2,not included,not included,67.66847405112316
2019-20,N4,East of England,Norfolk & Norwich,BSU,50<71,A to C2,not included,not included,75.21925867109395
2019-20,N4,East of England,Peterborough,BSU,50<71,A to C2,not included,not included,73.03246753246754
2019-20,N4,East of England,South Essex,BSU,50<71,A to C2,not included,not included,72.32757278530282
2019-20,N4,East of England,West Essex (Epping),BSU,50<71,A to C2,not included,not included,72.4963803088803
2019-20,N4,East of England,West Suffolk,BSU,50<71,A to C2,not included,not included,75.0786701327131
2019-20,N5,London,Central & East London,BSU,50<71,A to C2,not included,not included,51.38063941705035
2019-20,N5,London,North London,BSU,50<71,A to C2,not included,not included,60.90755694829456
2019-20,N5,London,Outer North East London,BSU,50<71,A to C2,not included,not included,67.92873051224944
2019-20,N5,London,South East London,BSU,50<71,A to C2,not included,not included,60.686209577562124
2019-20,N5,London,South West London,BSU,50<71,A to C2,not included,not included,64.51642536929522
2019-20,N5,London,West of London,BSU,50<71,A to C2,not included,not included,57.96021834808168
2019-20,N6,South East,Aylesbury & Wycombe,BSU,50<71,A to C2,not included,not included,75.32478971242348
2019-20,N6,South East,Brighton,BSU,50<71,A to C2,not included,not included,66.07807868669724
2019-20,N6,South East,Canterbury,BSU,50<71,A to C2,not included,not included,73.94454230353998
2019-20,N6,South East,East Berkshire,BSU,50<71,A to C2,not included,not included,68.75326030255607
2019-20,N6,South East,Guildford,BSU,50<71,A to C2,not included,not included,70.52399355373711
2019-20,N6,South East,Isle of Wight,BSU,50<71,A to C2,not included,not included,70.56423611111111
2019-20,N6,South East,Maidstone,BSU,50<71,A to C2,not included,not included,70.81416365428854
2019-20,N6,South East,Medway,BSU,50<71,A to C2,not included,not included,71.12276393083535
2019-20,N6,South East,North & Mid Hampshire,BSU,50<71,A to C2,not included,not included,75.53109387058777
2019-20,N6,South East,Oxfordshire,BSU,50<71,A to C2,not included,not included,70.26531564562363
2019-20,N6,South East,Portsmouth,BSU,50<71,A to C2,not included,not included,66.5813553973986
2019-20,N6,South East,Southampton & Salisbury,BSU,50<71,A to C2,not included,not included,70.54899387576553
2019-20,N6,South East,West Berkshire,BSU,50<71,A to C2,not included,not included,72.40702965636278
2019-20,N6,South East,Worthing,BSU,50<71,A to C2,not included,not included,74.17860728301542
2019-20,N7,South West,Avon,BSU,50<71,A to C2,not included,not included,69.94182643055758
2019-20,N7,South West,Cornwall,BSU,50<71,A to C2,not included,not included,70.78855942473943
2019-20,N7,South West,Dorset,BSU,50<71,A to C2,not included,not included,72.40650014724386
2019-20,N7,South West,Gloucestershire,BSU,50<71,A to C2,not included,not included,73.89310611928738
2019-20,N7,South West,North & East Devon,BSU,50<71,A to C2,not included,not included,73.82513126569481
2019-20,N7,South West,Somerset,BSU,50<71,A to C2,not included,not included,72.62218377698267
2019-20,N7,South West,South Devon,BSU,50<71,A to C2,not included,not included,71.90904519805575
2019-20,N7,South West,West Devon,BSU,50<71,A to C2,not included,not included,73.40003526093088
2019-20,N7,South West,Wiltshire,BSU,50<71,A to C2,not included,not included,75.67221054880872
2019-20,N1,North East and Yorkshire,Barnsley,BSU,50<71,A to D,not included,not included,78.28915428682396
2019-20,N1,North East and Yorkshire,Doncaster,BSU,50<71,A to D,not included,not included,67.60486899859723
2019-20,N1,North East and Yorkshire,Gateshead,BSU,50<71,A to D,not included,not included,74.36328854265103
2019-20,N1,North East and Yorkshire,Humberside,BSU,50<71,A to D,not included,not included,68.06419582970274
2019-20,N1,North East and Yorkshire,Leeds Wakefield,BSU,50<71,A to D,not included,not included,68.45731010850943
2019-20,N1,North East and Yorkshire,Newcastle,BSU,50<71,A to D,not included,not included,68.83179728570485
2019-20,N1,North East and Yorkshire,North Cumbria,BSU,50<71,A to D,not included,not included,76.59821774506005
2019-20,N1,North East and Yorkshire,North Tees,BSU,50<71,A to D,not included,not included,68.8771138669673
2019-20,N1,North East and Yorkshire,North Yorkshire,BSU,50<71,A to D,not included,not included,77.18253968253968
2019-20,N1,North East and Yorkshire,Pennine,BSU,50<71,A to D,not included,not included,66.38999939119671
2019-20,N1,North East and Yorkshire,Rotherham,BSU,50<71,A to D,not included,not included,76.26138752627891
2019-20,N1,North East and Yorkshire,Sheffield,BSU,50<71,A to D,not included,not included,70.24216840702067
2019-20,N2,North West,Bolton,BSU,50<71,A to D,not included,not included,68.25417234551394
2019-20,N2,North West,Cheshire & Stockport,BSU,50<71,A to D,not included,not included,68.28166445623343
2019-20,N2,North West,Crewe,BSU,50<71,A to D,not included,not included,69.9960047942469
2019-20,N2,North West,East Lancashire,BSU,50<71,A to D,not included,not included,70.86484312148029
2019-20,N2,North West,Liverpool,BSU,50<71,A to D,not included,not included,64.13723206969422
2019-20,N2,North West,Manchester,BSU,50<71,A to D,not included,not included,61.106944228238255
2019-20,N2,North West,North Lancashire & South Cumbria,BSU,50<71,A to D,not included,not included,67.9298817316066
2019-20,N2,North West,South Lancashire,BSU,50<71,A to D,not included,not included,72.82594976650259
2019-20,N2,North West,"Warrington, Halton, St Helens & Knowsley",BSU,50<71,A to D,not included,not included,75.28076415810719
2019-20,N2,North West,Wirral & Chester,BSU,50<71,A to D,not included,not included,72.80356288416947
2019-20,N3,Midlands,"City, Sandwell & Walsall",BSU,50<71,A to D,not included,not included,66.45864042728334
2019-20,N3,Midlands,"Dudley, Wolverhampton & South West Staffordshire",BSU,50<71,A to D,not included,not included,65.6309774878611
2019-20,N3,Midlands,Hereford & Worcester,BSU,50<71,A to D,not included,not included,73.10858826588093
2019-20,N3,Midlands,Kettering,BSU,50<71,A to D,not included,not included,73.20907895489108
2019-20,N3,Midlands,Leicestershire,BSU,50<71,A to D,not included,not included,74.02600099684334
2019-20,N3,Midlands,Lincolnshire,BSU,50<71,A to D,not included,not included,72.73303573786947
2019-20,N3,Midlands,North Derbyshire & Chesterfield,BSU,50<71,A to D,not included,not included,74.74628778976606
2019-20,N3,Midlands,North Midlands,BSU,50<71,A to D,not included,not included,72.32735489337664
2019-20,N3,Midlands,North Nottinghamshire,BSU,50<71,A to D,not included,not included,78.72782345305063
2019-20,N3,Midlands,Northampton,BSU,50<71,A to D,not included,not included,70.6249001118747
2019-20,N3,Midlands,Nottingham City,BSU,50<71,A to D,not included,not included,71.22689385784147
2019-20,N3,Midlands,Shropshire,BSU,50<71,A to D,not included,not included,76.27926078028747
2019-20,N3,Midlands,South Birmingham,BSU,50<71,A to D,not included,not included,63.79032258064517
2019-20,N3,Midlands,South Derbyshire & South East Staffordshire,BSU,50<71,A to D,not included,not included,73.28250337542688
2019-20,N3,Midlands,"Warwickshire, Solihull & Coventry",BSU,50<71,A to D,not included,not included,65.58123111930637
2019-20,N4,East of England,Beds & Herts,BSU,50<71,A to D,not included,not included,71.41645342343743
2019-20,N4,East of England,Cambridge & Huntingdon,BSU,50<71,A to D,not included,not included,69.36232337452421
2019-20,N4,East of England,Chelmsford & Colchester,BSU,50<71,A to D,not included,not included,72.31012658227847
2019-20,N4,East of England,East Suffolk,BSU,50<71,A to D,not included,not included,78.16897696726927
2019-20,N4,East of England,Great Yarmouth & Waveney,BSU,50<71,A to D,not included,not included,73.42247596153845
2019-20,N4,East of England,King's Lynn,BSU,50<71,A to D,not included,not included,73.68175454969669
2019-20,N4,East of England,Milton Keynes,BSU,50<71,A to D,not included,not included,67.67848846213413
2019-20,N4,East of England,Norfolk & Norwich,BSU,50<71,A to D,not included,not included,75.22104731314735
2019-20,N4,East of England,Peterborough,BSU,50<71,A to D,not included,not included,73.0482185735609
2019-20,N4,East of England,South Essex,BSU,50<71,A to D,not included,not included,72.32929601145811
2019-20,N4,East of England,West Essex (Epping),BSU,50<71,A to D,not included,not included,72.4963803088803
2019-20,N4,East of England,West Suffolk,BSU,50<71,A to D,not included,not included,75.08207934336525
2019-20,N5,London,Central & East London,BSU,50<71,A to D,not included,not included,51.38291765753312
2019-20,N5,London,North London,BSU,50<71,A to D,not included,not included,60.91226801638949
2019-20,N5,London,Outer North East London,BSU,50<71,A to D,not included,not included,67.93398172708518
2019-20,N5,London,South East London,BSU,50<71,A to D,not included,not included,60.696395670198065
2019-20,N5,London,South West London,BSU,50<71,A to D,not included,not included,64.51743267570447
2019-20,N5,London,West of London,BSU,50<71,A to D,not included,not included,57.96479442682092
2019-20,N6,South East,Aylesbury & Wycombe,BSU,50<71,A to D,not included,not included,75.33022190912293
2019-20,N6,South East,Brighton,BSU,50<71,A to D,not included,not included,66.08838799544131
2019-20,N6,South East,Canterbury,BSU,50<71,A to D,not included,not included,73.9519427402863
2019-20,N6,South East,East Berkshire,BSU,50<71,A to D,not included,not included,68.76659082290482
2019-20,N6,South East,Guildford,BSU,50<71,A to D,not included,not included,70.53090977349518
2019-20,N6,South East,Isle of Wight,BSU,50<71,A to D,not included,not included,70.59741611029222
2019-20,N6,South East,Maidstone,BSU,50<71,A to D,not included,not included,70.82135523613962
2019-20,N6,South East,Medway,BSU,50<71,A to D,not included,not included,71.12276393083535
2019-20,N6,South East,North & Mid Hampshire,BSU,50<71,A to D,not included,not included,75.53606237816764
2019-20,N6,South East,Oxfordshire,BSU,50<71,A to D,not included,not included,70.26828861856357
2019-20,N6,South East,Portsmouth,BSU,50<71,A to D,not included,not included,66.5860412942125
2019-20,N6,South East,Southampton & Salisbury,BSU,50<71,A to D,not included,not included,70.57473776223776
2019-20,N6,South East,West Berkshire,BSU,50<71,A to D,not included,not included,72.41244067929561
2019-20,N6,South East,Worthing,BSU,50<71,A to D,not included,not included,74.1821417164758
2019-20,N7,South West,Avon,BSU,50<71,A to D,not included,not included,69.94897305997037
2019-20,N7,South West,Cornwall,BSU,50<71,A to D,not included,not included,70.79159935379644
2019-20,N7,South West,Dorset,BSU,50<71,A to D,not included,not included,72.40871613663134
2019-20,N7,South West,Gloucestershire,BSU,50<71,A to D,not included,not included,73.90038409119069
2019-20,N7,South West,North & East Devon,BSU,50<71,A to D,not included,not included,73.8293987217947
2019-20,N7,South West,Somerset,BSU,50<71,A to D,not included,not included,72.62864106293486
2019-20,N7,South West,South Devon,BSU,50<71,A to D,not included,not included,71.91218367688957
2019-20,N7,South West,West Devon,BSU,50<71,A to D,not included,not included,73.39356544733363
2019-20,N7,South West,Wiltshire,BSU,50<71,A to D,not included,not included,75.67298105682951
2019-20,N1,North East and Yorkshire,Barnsley,BSU,50<71,B,not included,not included,22.485207100591715
2019-20,N1,North East and Yorkshire,Doncaster,BSU,50<71,B,not included,not included,17.392601431980907
2019-20,N1,North East and Yorkshire,Gateshead,BSU,50<71,B,not included,not included,17.037037037037038
2019-20,N1,North East and Yorkshire,Humberside,BSU,50<71,B,not included,not included,16.888225718936518
2019-20,N1,North East and Yorkshire,Leeds Wakefield,BSU,50<71,B,not included,not included,18.006740491092923
2019-20,N1,North East and Yorkshire,Newcastle,BSU,50<71,B,not included,not included,16.108022239872916
2019-20,N1,North East and Yorkshire,North Cumbria,BSU,50<71,B,not included,not included,18.687167356593733
2019-20,N1,North East and Yorkshire,North Tees,BSU,50<71,B,not included,not included,17.44906997342781
2019-20,N1,North East and Yorkshire,North Yorkshire,BSU,50<71,B,not included,not included,23.81646030589949
2019-20,N1,North East and Yorkshire,Pennine,BSU,50<71,B,not included,not included,21.492839944240274
2019-20,N1,North East and Yorkshire,Rotherham,BSU,50<71,B,not included,not included,17.88617886178862
2019-20,N1,North East and Yorkshire,Sheffield,BSU,50<71,B,not included,not included,17.058468957203136
2019-20,N2,North West,Bolton,BSU,50<71,B,not included,not included,18.34319526627219
2019-20,N2,North West,Cheshire & Stockport,BSU,50<71,B,not included,not included,20.306513409961685
2019-20,N2,North West,Crewe,BSU,50<71,B,not included,not included,19.187358916478555
2019-20,N2,North West,East Lancashire,BSU,50<71,B,not included,not included,20.720236495565707
2019-20,N2,North West,Liverpool,BSU,50<71,B,not included,not included,18.077904783042946
2019-20,N2,North West,Manchester,BSU,50<71,B,not included,not included,18.499856032248776
2019-20,N2,North West,North Lancashire & South Cumbria,BSU,50<71,B,not included,not included,18.38455772113943
2019-20,N2,North West,South Lancashire,BSU,50<71,B,not included,not included,21.033910362817167
2019-20,N2,North West,"Warrington, Halton, St Helens & Knowsley",BSU,50<71,B,not included,not included,22.788461538461537
2019-20,N2,North West,Wirral & Chester,BSU,50<71,B,not included,not included,19.818417639429313
2019-20,N3,Midlands,"City, Sandwell & Walsall",BSU,50<71,B,not included,not included,18.45941057559315
2019-20,N3,Midlands,"Dudley, Wolverhampton & South West Staffordshire",BSU,50<71,B,not included,not included,16.443768996960486
2019-20,N3,Midlands,Hereford & Worcester,BSU,50<71,B,not included,not included,22.696245733788395
2019-20,N3,Midlands,Kettering,BSU,50<71,B,not included,not included,19.2071468453378
2019-20,N3,Midlands,Leicestershire,BSU,50<71,B,not included,not included,23.481781376518217
2019-20,N3,Midlands,Lincolnshire,BSU,50<71,B,not included,not included,21.120066129365572
2019-20,N3,Midlands,North Derbyshire & Chesterfield,BSU,50<71,B,not included,not included,21.846302561623972
2019-20,N3,Midlands,North Midlands,BSU,50<71,B,not included,not included,20.063694267515924
2019-20,N3,Midlands,North Nottinghamshire,BSU,50<71,B,not included,not included,22.51356238698011
2019-20,N3,Midlands,Northampton,BSU,50<71,B,not included,not included,20.026583961010193
2019-20,N3,Midlands,Nottingham City,BSU,50<71,B,not included,not included,17.305284247433008
2019-20,N3,Midlands,Shropshire,BSU,50<71,B,not included,not included,20.96908939014202
2019-20,N3,Midlands,South Birmingham,BSU,50<71,B,not included,not included,18.109230277866498
2019-20,N3,Midlands,South Derbyshire & South East Staffordshire,BSU,50<71,B,not included,not included,24.110582370269658
2019-20,N3,Midlands,"Warwickshire, Solihull & Coventry",BSU,50<71,B,not included,not included,18.99535123966942
2019-20,N4,East of England,Beds & Herts,BSU,50<71,B,not included,not included,20.604058518168948
2019-20,N4,East of England,Cambridge & Huntingdon,BSU,50<71,B,not included,not included,17.343526039178215
2019-20,N4,East of England,Chelmsford & Colchester,BSU,50<71,B,not included,not included,19.62229387379088
2019-20,N4,East of England,East Suffolk,BSU,50<71,B,not included,not included,17.0760934691432
2019-20,N4,East of England,Great Yarmouth & Waveney,BSU,50<71,B,not included,not included,16.23330990864371
2019-20,N4,East of England,King's Lynn,BSU,50<71,B,not included,not included,19.362950544844928
2019-20,N4,East of England,Milton Keynes,BSU,50<71,B,not included,not included,17.633928571428573
2019-20,N4,East of England,Norfolk & Norwich,BSU,50<71,B,not included,not included,18.632075471698112
2019-20,N4,East of England,Peterborough,BSU,50<71,B,not included,not included,21.888412017167383
2019-20,N4,East of England,South Essex,BSU,50<71,B,not included,not included,25.272124940842406
2019-20,N4,East of England,West Essex (Epping),BSU,50<71,B,not included,not included,25.81479565442318
2019-20,N4,East of England,West Suffolk,BSU,50<71,B,not included,not included,18.413793103448274
2019-20,N5,London,Central & East London,BSU,50<71,B,not included,not included,12.863486606503367
2019-20,N5,London,North London,BSU,50<71,B,not included,not included,17.49278614940686
2019-20,N5,London,Outer North East London,BSU,50<71,B,not included,not included,19.438787055895
2019-20,N5,London,South East London,BSU,50<71,B,not included,not included,18.059379418111465
2019-20,N5,London,South West London,BSU,50<71,B,not included,not included,20.19417475728155
2019-20,N5,London,West of London,BSU,50<71,B,not included,not included,14.651704425153502
2019-20,N6,South East,Aylesbury & Wycombe,BSU,50<71,B,not included,not included,24.258872651356995
2019-20,N6,South East,Brighton,BSU,50<71,B,not included,not included,15.71868416788203
2019-20,N6,South East,Canterbury,BSU,50<71,B,not included,not included,22.022919780767314
2019-20,N6,South East,East Berkshire,BSU,50<71,B,not included,not included,17.864271457085827
2019-20,N6,South East,Guildford,BSU,50<71,B,not included,not included,19.760343658150575
2019-20,N6,South East,Isle of Wight,BSU,50<71,B,not included,not included,19.626168224299064
2019-20,N6,South East,Maidstone,BSU,50<71,B,not included,not included,23.600260416666664
2019-20,N6,South East,Medway,BSU,50<71,B,not included,not included,20.229591836734695
2019-20,N6,South East,North & Mid Hampshire,BSU,50<71,B,not included,not included,29.509221631759925
2019-20,N6,South East,Oxfordshire,BSU,50<71,B,not included,not included,19.618599791013583
2019-20,N6,South East,Portsmouth,BSU,50<71,B,not included,not included,19.863616366036076
2019-20,N6,South East,Southampton & Salisbury,BSU,50<71,B,not included,not included,23.55491329479769
2019-20,N6,South East,West Berkshire,BSU,50<71,B,not included,not included,20.32618544246451
2019-20,N6,South East,Worthing,BSU,50<71,B,not included,not included,21.378165213781653
2019-20,N7,South West,Avon,BSU,50<71,B,not included,not included,19.14235784379621
2019-20,N7,South West,Cornwall,BSU,50<71,B,not included,not included,17.735965453423812
2019-20,N7,South West,Dorset,BSU,50<71,B,not included,not included,18.313752591568765
2019-20,N7,South West,Gloucestershire,BSU,50<71,B,not included,not included,19.3848125600769
2019-20,N7,South West,North & East Devon,BSU,50<71,B,not included,not included,18.796526054590572
2019-20,N7,South West,Somerset,BSU,50<71,B,not included,not included,23.06885704299196
2019-20,N7,South West,South Devon,BSU,50<71,B,not included,not included,22.92134831460674
2019-20,N7,South West,West Devon,BSU,50<71,B,not included,not included,18.95093062605753
2019-20,N7,South West,Wiltshire,BSU,50<71,B,not included,not included,21.192052980132452
2019-20,N1,North East and Yorkshire,Barnsley,BSU,50<71,C1,not included,not included,90.45448626123193
2019-20,N1,North East and Yorkshire,Doncaster,BSU,50<71,C1,not included,not included,83.6664970560442
2019-20,N1,North East and Yorkshire,Gateshead,BSU,50<71,C1,not included,not included,88.18212253096752
2019-20,N1,North East and Yorkshire,Humberside,BSU,50<71,C1,not included,not included,84.19297200714712
2019-20,N1,North East and Yorkshire,Leeds Wakefield,BSU,50<71,C1,not included,not included,85.33437516840007
2019-20,N1,North East and Yorkshire,Newcastle,BSU,50<71,C1,not included,not included,84.41774672717182
2019-20,N1,North East and Yorkshire,North Cumbria,BSU,50<71,C1,not included,not included,88.67184372748379
2019-20,N1,North East and Yorkshire,North Tees,BSU,50<71,C1,not included,not included,85.03859362780102
2019-20,N1,North East and Yorkshire,North Yorkshire,BSU,50<71,C1,not included,not included,89.67391304347827
2019-20,N1,North East and Yorkshire,Pennine,BSU,50<71,C1,not included,not included,83.9699683877766
2019-20,N1,North East and Yorkshire,Rotherham,BSU,50<71,C1,not included,not included,87.42837497134998
2019-20,N1,North East and Yorkshire,Sheffield,BSU,50<71,C1,not included,not included,86.2773530187187
2019-20,N2,North West,Bolton,BSU,50<71,C1,not included,not included,84.64886483943066
2019-20,N2,North West,Cheshire & Stockport,BSU,50<71,C1,not included,not included,84.35939020434643
2019-20,N2,North West,Crewe,BSU,50<71,C1,not included,not included,83.68048533872599
2019-20,N2,North West,East Lancashire,BSU,50<71,C1,not included,not included,87.15751282372075
2019-20,N2,North West,Liverpool,BSU,50<71,C1,not included,not included,84.30024351812061
2019-20,N2,North West,Manchester,BSU,50<71,C1,not included,not included,79.44015444015444
2019-20,N2,North West,North Lancashire & South Cumbria,BSU,50<71,C1,not included,not included,84.47696003494212
2019-20,N2,North West,South Lancashire,BSU,50<71,C1,not included,not included,88.0583198333719
2019-20,N2,North West,"Warrington, Halton, St Helens & Knowsley",BSU,50<71,C1,not included,not included,89.40539320771748
2019-20,N2,North West,Wirral & Chester,BSU,50<71,C1,not included,not included,88.0589051328567
2019-20,N3,Midlands,"City, Sandwell & Walsall",BSU,50<71,C1,not included,not included,85.61560582253713
2019-20,N3,Midlands,"Dudley, Wolverhampton & South West Staffordshire",BSU,50<71,C1,not included,not included,83.11503744958709
2019-20,N3,Midlands,Hereford & Worcester,BSU,50<71,C1,not included,not included,86.73934670867186
2019-20,N3,Midlands,Kettering,BSU,50<71,C1,not included,not included,85.96942880128721
2019-20,N3,Midlands,Leicestershire,BSU,50<71,C1,not included,not included,86.48840092084292
2019-20,N3,Midlands,Lincolnshire,BSU,50<71,C1,not included,not included,86.91617338170708
2019-20,N3,Midlands,North Derbyshire & Chesterfield,BSU,50<71,C1,not included,not included,88.34369960838517
2019-20,N3,Midlands,North Midlands,BSU,50<71,C1,not included,not included,87.15961141591583
2019-20,N3,Midlands,North Nottinghamshire,BSU,50<71,C1,not included,not included,89.95795795795796
2019-20,N3,Midlands,Northampton,BSU,50<71,C1,not included,not included,84.34296365330847
2019-20,N3,Midlands,Nottingham City,BSU,50<71,C1,not included,not included,85.47180541580997
2019-20,N3,Midlands,Shropshire,BSU,50<71,C1,not included,not included,88.52265043948614
2019-20,N3,Midlands,South Birmingham,BSU,50<71,C1,not included,not included,81.88644225090694
2019-20,N3,Midlands,South Derbyshire & South East Staffordshire,BSU,50<71,C1,not included,not included,86.300838248991
2019-20,N3,Midlands,"Warwickshire, Solihull & Coventry",BSU,50<71,C1,not included,not included,81.91314776241873
2019-20,N4,East of England,Beds & Herts,BSU,50<71,C1,not included,not included,87.3218274111675
2019-20,N4,East of England,Cambridge & Huntingdon,BSU,50<71,C1,not included,not included,85.61215370866846
2019-20,N4,East of England,Chelmsford & Colchester,BSU,50<71,C1,not included,not included,87.33386852198734
2019-20,N4,East of England,East Suffolk,BSU,50<71,C1,not included,not included,90.49674445826322
2019-20,N4,East of England,Great Yarmouth & Waveney,BSU,50<71,C1,not included,not included,88.0861712544881
2019-20,N4,East of England,King's Lynn,BSU,50<71,C1,not included,not included,87.80243378668575
2019-20,N4,East of England,Milton Keynes,BSU,50<71,C1,not included,not included,83.1500532103583
2019-20,N4,East of England,Norfolk & Norwich,BSU,50<71,C1,not included,not included,89.09362019384386
2019-20,N4,East of England,Peterborough,BSU,50<71,C1,not included,not included,88.26006573541495
2019-20,N4,East of England,South Essex,BSU,50<71,C1,not included,not included,88.103186646434
2019-20,N4,East of England,West Essex (Epping),BSU,50<71,C1,not included,not included,87.51982553528946
2019-20,N4,East of England,West Suffolk,BSU,50<71,C1,not included,not included,89.35550935550935
2019-20,N5,London,Central & East London,BSU,50<71,C1,not included,not included,69.74315028834796
2019-20,N5,London,North London,BSU,50<71,C1,not included,not included,80.67369367161008
2019-20,N5,London,Outer North East London,BSU,50<71,C1,not included,not included,84.10408921933086
2019-20,N5,London,South East London,BSU,50<71,C1,not included,not included,79.59435124632736
2019-20,N5,London,South West London,BSU,50<71,C1,not included,not included,82.0953962980541
2019-20,N5,London,West of London,BSU,50<71,C1,not included,not included,81.17467370174951
2019-20,N6,South East,Aylesbury & Wycombe,BSU,50<71,C1,not included,not included,87.71341280776373
2019-20,N6,South East,Brighton,BSU,50<71,C1,not included,not included,83.84309312326675
2019-20,N6,South East,Canterbury,BSU,50<71,C1,not included,not included,87.71554287073374
2019-20,N6,South East,East Berkshire,BSU,50<71,C1,not included,not included,85.67214807167613
2019-20,N6,South East,Guildford,BSU,50<71,C1,not included,not included,87.0669689656013
2019-20,N6,South East,Isle of Wight,BSU,50<71,C1,not included,not included,84.46444194475691
2019-20,N6,South East,Maidstone,BSU,50<71,C1,not included,not included,84.32198499711482
2019-20,N6,South East,Medway,BSU,50<71,C1,not included,not included,85.63673920353557
2019-20,N6,South East,North & Mid Hampshire,BSU,50<71,C1,not included,not included,88.4408909194746
2019-20,N6,South East,Oxfordshire,BSU,50<71,C1,not included,not included,85.07727387889537
2019-20,N6,South East,Portsmouth,BSU,50<71,C1,not included,not included,82.45155899096464
2019-20,N6,South East,Southampton & Salisbury,BSU,50<71,C1,not included,not included,87.11656441717791
2019-20,N6,South East,West Berkshire,BSU,50<71,C1,not included,not included,87.18094804010939
2019-20,N6,South East,Worthing,BSU,50<71,C1,not included,not included,88.3037904702671
2019-20,N7,South West,Avon,BSU,50<71,C1,not included,not included,85.41329455982003
2019-20,N7,South West,Cornwall,BSU,50<71,C1,not included,not included,86.12106017191977
2019-20,N7,South West,Dorset,BSU,50<71,C1,not included,not included,86.72799968945306
2019-20,N7,South West,Gloucestershire,BSU,50<71,C1,not included,not included,86.75946212999956
2019-20,N7,South West,North & East Devon,BSU,50<71,C1,not included,not included,87.13275798751377
2019-20,N7,South West,Somerset,BSU,50<71,C1,not included,not included,86.67728237791931
2019-20,N7,South West,South Devon,BSU,50<71,C1,not included,not included,88.53923205342237
2019-20,N7,South West,West Devon,BSU,50<71,C1,not included,not included,85.93002299422037
2019-20,N7,South West,Wiltshire,BSU,50<71,C1,not included,not included,88.4481701083623
2019-20,N1,North East and Yorkshire,Barnsley,BSU,50<71,C2,not included,not included,46.729957805907176
2019-20,N1,North East and Yorkshire,Doncaster,BSU,50<71,C2,not included,not included,46.38091386979377
2019-20,N1,North East and Yorkshire,Gateshead,BSU,50<71,C2,not included,not included,46.97097181320993
2019-20,N1,North East and Yorkshire,Humberside,BSU,50<71,C2,not included,not included,44.442502621461024
2019-20,N1,North East and Yorkshire,Leeds Wakefield,BSU,50<71,C2,not included,not included,36.29219503482764
2019-20,N1,North East and Yorkshire,Newcastle,BSU,50<71,C2,not included,not included,41.708126036484245
2019-20,N1,North East and Yorkshire,North Cumbria,BSU,50<71,C2,not included,not included,46.78398058252427
2019-20,N1,North East and Yorkshire,North Tees,BSU,50<71,C2,not included,not included,44.17662116040956
2019-20,N1,North East and Yorkshire,North Yorkshire,BSU,50<71,C2,not included,not included,51.96027182435965
2019-20,N1,North East and Yorkshire,Pennine,BSU,50<71,C2,not included,not included,42.63193968471556
2019-20,N1,North East and Yorkshire,Rotherham,BSU,50<71,C2,not included,not included,38.18589025755879
2019-20,N1,North East and Yorkshire,Sheffield,BSU,50<71,C2,not included,not included,44.57013574660634
2019-20,N2,North West,Bolton,BSU,50<71,C2,not included,not included,43.78616061096968
2019-20,N2,North West,Cheshire & Stockport,BSU,50<71,C2,not included,not included,46.13887086307592
2019-20,N2,North West,Crewe,BSU,50<71,C2,not included,not included,51.13871635610766
2019-20,N2,North West,East Lancashire,BSU,50<71,C2,not included,not included,47.773851590106005
2019-20,N2,North West,Liverpool,BSU,50<71,C2,not included,not included,42.18217243058938
2019-20,N2,North West,Manchester,BSU,50<71,C2,not included,not included,42.7415516420752
2019-20,N2,North West,North Lancashire & South Cumbria,BSU,50<71,C2,not included,not included,48.25839138695377
2019-20,N2,North West,South Lancashire,BSU,50<71,C2,not included,not included,46.604148905939184
2019-20,N2,North West,"Warrington, Halton, St Helens & Knowsley",BSU,50<71,C2,not included,not included,44.60112812248187
2019-20,N2,North West,Wirral & Chester,BSU,50<71,C2,not included,not included,46.8986905582357
2019-20,N3,Midlands,"City, Sandwell & Walsall",BSU,50<71,C2,not included,not included,38.26086956521739
2019-20,N3,Midlands,"Dudley, Wolverhampton & South West Staffordshire",BSU,50<71,C2,not included,not included,41.95111208984805
2019-20,N3,Midlands,Hereford & Worcester,BSU,50<71,C2,not included,not included,48.27325434837408
2019-20,N3,Midlands,Kettering,BSU,50<71,C2,not included,not included,42.934782608695656
2019-20,N3,Midlands,Leicestershire,BSU,50<71,C2,not included,not included,45.83167132030315
2019-20,N3,Midlands,Lincolnshire,BSU,50<71,C2,not included,not included,48.53801169590643
2019-20,N3,Midlands,North Derbyshire & Chesterfield,BSU,50<71,C2,not included,not included,49.74226804123711
2019-20,N3,Midlands,North Midlands,BSU,50<71,C2,not included,not included,41.88853390131345
2019-20,N3,Midlands,North Nottinghamshire,BSU,50<71,C2,not included,not included,55.87703435804702
2019-20,N3,Midlands,Northampton,BSU,50<71,C2,not included,not included,45.22613065326633
2019-20,N3,Midlands,Nottingham City,BSU,50<71,C2,not included,not included,45.824847250509166
2019-20,N3,Midlands,Shropshire,BSU,50<71,C2,not included,not included,40.29101856497742
2019-20,N3,Midlands,South Birmingham,BSU,50<71,C2,not included,not included,40.068056146320714
2019-20,N3,Midlands,South Derbyshire & South East Staffordshire,BSU,50<71,C2,not included,not included,50.536630891273916
2019-20,N3,Midlands,"Warwickshire, Solihull & Coventry",BSU,50<71,C2,not included,not included,47.350195724179464
2019-20,N4,East of England,Beds & Herts,BSU,50<71,C2,not included,not included,42.7836524721349
2019-20,N4,East of England,Cambridge & Huntingdon,BSU,50<71,C2,not included,not included,50.19455252918288
2019-20,N4,East of England,Chelmsford & Colchester,BSU,50<71,C2,not included,not included,52.34431353690792
2019-20,N4,East of England,East Suffolk,BSU,50<71,C2,not included,not included,42.17643271088216
2019-20,N4,East of England,Great Yarmouth & Waveney,BSU,50<71,C2,not included,not included,43.86590584878745
2019-20,N4,East of England,King's Lynn,BSU,50<71,C2,not included,not included,55.167597765363126
2019-20,N4,East of England,Milton Keynes,BSU,50<71,C2,not included,not included,44.84536082474227
2019-20,N4,East of England,Norfolk & Norwich,BSU,50<71,C2,not included,not included,55.45302013422819
2019-20,N4,East of England,Peterborough,BSU,50<71,C2,not included,not included,53.161077515118194
2019-20,N4,East of England,South Essex,BSU,50<71,C2,not included,not included,45.8751902587519
2019-20,N4,East of England,West Essex (Epping),BSU,50<71,C2,not included,not included,59.973136333109466
2019-20,N4,East of England,West Suffolk,BSU,50<71,C2,not included,not included,55.24861878453039
2019-20,N5,London,Central & East London,BSU,50<71,C2,not included,not included,33.184000000000005
2019-20,N5,London,North London,BSU,50<71,C2,not included,not included,40.726181855798075
2019-20,N5,London,Outer North East London,BSU,50<71,C2,not included,not included,38.91064435742257
2019-20,N5,London,South East London,BSU,50<71,C2,not included,not included,35.83707604150534
2019-20,N5,London,South West London,BSU,50<71,C2,not included,not included,43.67214298609857
2019-20,N5,London,West of London,BSU,50<71,C2,not included,not included,35.921889191643956
2019-20,N6,South East,Aylesbury & Wycombe,BSU,50<71,C2,not included,not included,41.373885684320925
2019-20,N6,South East,Brighton,BSU,50<71,C2,not included,not included,37.72590361445783
2019-20,N6,South East,Canterbury,BSU,50<71,C2,not included,not included,46.0595867371456
2019-20,N6,South East,East Berkshire,BSU,50<71,C2,not included,not included,44.11764705882353
2019-20,N6,South East,Guildford,BSU,50<71,C2,not included,not included,47.75595160660856
2019-20,N6,South East,Isle of Wight,BSU,50<71,C2,not included,not included,54.35835351089588
2019-20,N6,South East,Maidstone,BSU,50<71,C2,not included,not included,40.316205533596836
2019-20,N6,South East,Medway,BSU,50<71,C2,not included,not included,43.31532748143147
2019-20,N6,South East,North & Mid Hampshire,BSU,50<71,C2,not included,not included,49.073675140025856
2019-20,N6,South East,Oxfordshire,BSU,50<71,C2,not included,not included,49.04705181655748
2019-20,N6,South East,Portsmouth,BSU,50<71,C2,not included,not included,42.53585397653194
2019-20,N6,South East,Southampton & Salisbury,BSU,50<71,C2,not included,not included,49.59325973271354
2019-20,N6,South East,West Berkshire,BSU,50<71,C2,not included,not included,41.380807642205816
2019-20,N6,South East,Worthing,BSU,50<71,C2,not included,not included,43.57598978288633
2019-20,N7,South West,Avon,BSU,50<71,C2,not included,not included,41.93040741388355
2019-20,N7,South West,Cornwall,BSU,50<71,C2,not included,not included,50.24479804161567
2019-20,N7,South West,Dorset,BSU,50<71,C2,not included,not included,48.08888888888889
2019-20,N7,South West,Gloucestershire,BSU,50<71,C2,not included,not included,40.15700483091788
2019-20,N7,South West,North & East Devon,BSU,50<71,C2,not included,not included,45.1702786377709
2019-20,N7,South West,Somerset,BSU,50<71,C2,not included,not included,53.68283093053735
2019-20,N7,South West,South Devon,BSU,50<71,C2,not included,not included,41.79583110636024
2019-20,N7,South West,West Devon,BSU,50<71,C2,not included,not included,48.3739837398374
2019-20,N7,South West,Wiltshire,BSU,50<71,C2,not included,not included,50.51067780872794
2019-20,N1,North East and Yorkshire,Barnsley,BSU,50<71,D,not included,not included,100.0
2019-20,N1,North East and Yorkshire,Doncaster,BSU,50<71,D,not included,not included,100.0
2019-20,N1,North East and Yorkshire,Gateshead,BSU,50<71,D,not included,not included,100.0
2019-20,N1,North East and Yorkshire,Humberside,BSU,50<71,D,not included,not included,100.0
2019-20,N1,North East and Yorkshire,Leeds Wakefield,BSU,50<71,D,not included,not included,100.0
2019-20,N1,North East and Yorkshire,Newcastle,BSU,50<71,D,not included,not included,90.9090909090909
2019-20,N1,North East and Yorkshire,North Cumbria,BSU,50<71,D,not included,not included,100.0
2019-20,N1,North East and Yorkshire,North Tees,BSU,50<71,D,not included,not included,100.0
2019-20,N1,North East and Yorkshire,North Yorkshire,BSU,50<71,D,not included,not included,100.0
2019-20,N1,North East and Yorkshire,Pennine,BSU,50<71,D,not included,not included,100.0
2019-20,N1,North East and Yorkshire,Rotherham,BSU,50<71,D,not included,not included,100.0
2019-20,N1,North East and Yorkshire,Sheffield,BSU,50<71,D,not included,not included,100.0
2019-20,N2,North West,Bolton,BSU,50<71,D,not included,not included,87.5
2019-20,N2,North West,Cheshire & Stockport,BSU,50<71,D,not included,not included,75.0
2019-20,N2,North West,Crewe,BSU,50<71,D,not included,not included,100.0
2019-20,N2,North West,East Lancashire,BSU,50<71,D,not included,not included,100.0
2019-20,N2,North West,Liverpool,BSU,50<71,D,not included,not included,100.0
2019-20,N2,North West,Manchester,BSU,50<71,D,not included,not included,100.0
2019-20,N2,North West,North Lancashire & South Cumbria,BSU,50<71,D,not included,not included,100.0
2019-20,N2,North West,South Lancashire,BSU,50<71,D,not included,not included,100.0
2019-20,N2,North West,"Warrington, Halton, St Helens & Knowsley",BSU,50<71,D,not included,not included,100.0
2019-20,N2,North West,Wirral & Chester,BSU,50<71,D,not included,not included,100.0
2019-20,N3,Midlands,"City, Sandwell & Walsall",BSU,50<71,D,not included,not included,100.0
2019-20,N3,Midlands,"Dudley, Wolverhampton & South West Staffordshire",BSU,50<71,D,not included,not included,100.0
2019-20,N3,Midlands,Hereford & Worcester,BSU,50<71,D,not included,not included,100.0
2019-20,N3,Midlands,Kettering,BSU,50<71,D,not included,not included,100.0
2019-20,N3,Midlands,Leicestershire,BSU,50<71,D,not included,not included,75.0
2019-20,N3,Midlands,Lincolnshire,BSU,50<71,D,not included,not included,z
2019-20,N3,Midlands,North Derbyshire & Chesterfield,BSU,50<71,D,not included,not included,z
2019-20,N3,Midlands,North Midlands,BSU,50<71,D,not included,not included,100.0
2019-20,N3,Midlands,North Nottinghamshire,BSU,50<71,D,not included,not included,100.0
2019-20,N3,Midlands,Northampton,BSU,50<71,D,not included,not included,100.0
2019-20,N3,Midlands,Nottingham City,BSU,50<71,D,not included,not included,100.0
2019-20,N3,Midlands,Shropshire,BSU,50<71,D,not included,not included,100.0
2019-20,N3,Midlands,South Birmingham,BSU,50<71,D,not included,not included,100.0
2019-20,N3,Midlands,South Derbyshire & South East Staffordshire,BSU,50<71,D,not included,not included,100.0
2019-20,N3,Midlands,"Warwickshire, Solihull & Coventry",BSU,50<71,D,not included,not included,100.0
2019-20,N4,East of England,Beds & Herts,BSU,50<71,D,not included,not included,100.0
2019-20,N4,East of England,Cambridge & Huntingdon,BSU,50<71,D,not included,not included,100.0
2019-20,N4,East of England,Chelmsford & Colchester,BSU,50<71,D,not included,not included,100.0
2019-20,N4,East of England,East Suffolk,BSU,50<71,D,not included,not included,z
2019-20,N4,East of England,Great Yarmouth & Waveney,BSU,50<71,D,not included,not included,100.0
2019-20,N4,East of England,King's Lynn,BSU,50<71,D,not included,not included,100.0
2019-20,N4,East of England,Milton Keynes,BSU,50<71,D,not included,not included,100.0
2019-20,N4,East of England,Norfolk & Norwich,BSU,50<71,D,not included,not included,100.0
2019-20,N4,East of England,Peterborough,BSU,50<71,D,not included,not included,100.0
2019-20,N4,East of England,South Essex,BSU,50<71,D,not included,not included,100.0
2019-20,N4,East of England,West Essex (Epping),BSU,50<71,D,not included,not included,z
2019-20,N4,East of England,West Suffolk,BSU,50<71,D,not included,not included,100.0
2019-20,N5,London,Central & East London,BSU,50<71,D,not included,not included,100.0
2019-20,N5,London,North London,BSU,50<71,D,not included,not included,100.0
2019-20,N5,London,Outer North East London,BSU,50<71,D,not included,not included,100.0
2019-20,N5,London,South East London,BSU,50<71,D,not included,not included,100.0
2019-20,N5,London,South West London,BSU,50<71,D,not included,not included,70.0
2019-20,N5,London,West of London,BSU,50<71,D,not included,not included,100.0
2019-20,N6,South East,Aylesbury & Wycombe,BSU,50<71,D,not included,not included,100.0
2019-20,N6,South East,Brighton,BSU,50<71,D,not included,not included,100.0
2019-20,N6,South East,Canterbury,BSU,50<71,D,not included,not included,100.0
2019-20,N6,South East,East Berkshire,BSU,50<71,D,not included,not included,100.0
2019-20,N6,South East,Guildford,BSU,50<71,D,not included,not included,100.0
2019-20,N6,South East,Isle of Wight,BSU,50<71,D,not included,not included,100.0
2019-20,N6,South East,Maidstone,BSU,50<71,D,not included,not included,100.0
2019-20,N6,South East,Medway,BSU,50<71,D,not included,not included,z
2019-20,N6,South East,North & Mid Hampshire,BSU,50<71,D,not included,not included,100.0
2019-20,N6,South East,Oxfordshire,BSU,50<71,D,not included,not included,100.0
2019-20,N6,South East,Portsmouth,BSU,50<71,D,not included,not included,100.0
2019-20,N6,South East,Southampton & Salisbury,BSU,50<71,D,not included,not included,100.0
2019-20,N6,South East,West Berkshire,BSU,50<71,D,not included,not included,100.0
2019-20,N6,South East,Worthing,BSU,50<71,D,not included,not included,100.0
2019-20,N7,South West,Avon,BSU,50<71,D,not included,not included,100.0
2019-20,N7,South West,Cornwall,BSU,50<71,D,not included,not included,83.33333333333334
2019-20,N7,South West,Dorset,BSU,50<71,D,not included,not included,100.0
2019-20,N7,South West,Gloucestershire,BSU,50<71,D,not included,not included,100.0
2019-20,N7,South West,North & East Devon,BSU,50<71,D,not included,not included,100.0
2019-20,N7,South West,Somerset,BSU,50<71,D,not included,not included,100.0
2019-20,N7,South West,South Devon,BSU,50<71,D,not included,not included,100.0
2019-20,N7,South West,West Devon,BSU,50<71,D,not included,not included,0.0
2019-20,N7,South West,Wiltshire,BSU,50<71,D,not included,not included,80.0
2020-21,N1,North East and Yorkshire,Barnsley,BSU,50<71,A,not included,not included,51.382488479262676
2020-21,N1,North East and Yorkshire,Doncaster,BSU,50<71,A,not included,not included,55.30850472484714
2020-21,N1,North East and Yorkshire,Gateshead,BSU,50<71,A,not included,not included,60.449735449735456
2020-21,N1,North East and Yorkshire,Humberside,BSU,50<71,A,not included,not included,56.0880195599022
2020-21,N1,North East and Yorkshire,Leeds Wakefield,BSU,50<71,A,not included,not included,54.591513616212794
2020-21,N1,North East and Yorkshire,Newcastle,BSU,50<71,A,not included,not included,57.615894039735096
2020-21,N1,North East and Yorkshire,North Cumbria,BSU,50<71,A,not included,not included,61.03603603603604
2020-21,N1,North East and Yorkshire,North Tees,BSU,50<71,A,not included,not included,53.57887421820708
2020-21,N1,North East and Yorkshire,North Yorkshire,BSU,50<71,A,not included,not included,57.75690293196698
2020-21,N1,North East and Yorkshire,Pennine,BSU,50<71,A,not included,not included,44.395604395604394
2020-21,N1,North East and Yorkshire,Rotherham,BSU,50<71,A,not included,not included,55.40275049115914
2020-21,N1,North East and Yorkshire,Sheffield,BSU,50<71,A,not included,not included,55.91259640102828
2020-21,N2,North West,Bolton,BSU,50<71,A,not included,not included,58.23946599916562
2020-21,N2,North West,Cheshire & Stockport,BSU,50<71,A,not included,not included,50.3985828166519
2020-21,N2,North West,Crewe,BSU,50<71,A,not included,not included,50.476190476190474
2020-21,N2,North West,East Lancashire,BSU,50<71,A,not included,not included,47.49635391346621
2020-21,N2,North West,Liverpool,BSU,50<71,A,not included,not included,49.81132075471698
2020-21,N2,North West,Manchester,BSU,50<71,A,not included,not included,45.23995317986734
2020-21,N2,North West,North Lancashire & South Cumbria,BSU,50<71,A,not included,not included,48.72591671845867
2020-21,N2,North West,South Lancashire,BSU,50<71,A,not included,not included,52.38319962246343
2020-21,N2,North West,"Warrington, Halton, St Helens & Knowsley",BSU,50<71,A,not included,not included,54.29262394195889
2020-21,N2,North West,Wirral & Chester,BSU,50<71,A,not included,not included,57.28929384965832
2020-21,N3,Midlands,"City, Sandwell & Walsall",BSU,50<71,A,not included,not included,47.803379416282645
2020-21,N3,Midlands,"Dudley, Wolverhampton & South West Staffordshire",BSU,50<71,A,not included,not included,48.64864864864865
2020-21,N3,Midlands,Hereford & Worcester,BSU,50<71,A,not included,not included,57.78289810547875
2020-21,N3,Midlands,Kettering,BSU,50<71,A,not included,not included,61.88315371525809
2020-21,N3,Midlands,Leicestershire,BSU,50<71,A,not included,not included,56.14902736564458
2020-21,N3,Midlands,Lincolnshire,BSU,50<71,A,not included,not included,46.55955291652113
2020-21,N3,Midlands,North Derbyshire & Chesterfield,BSU,50<71,A,not included,not included,55.242227042660886
2020-21,N3,Midlands,North Midlands,BSU,50<71,A,not included,not included,57.34417344173441
2020-21,N3,Midlands,North Nottinghamshire,BSU,50<71,A,not included,not included,66.74107142857143
2020-21,N3,Midlands,Northampton,BSU,50<71,A,not included,not included,41.622760800843
2020-21,N3,Midlands,Nottingham City,BSU,50<71,A,not included,not included,57.1063829787234
2020-21,N3,Midlands,Shropshire,BSU,50<71,A,not included,not included,59.09259947936035
2020-21,N3,Midlands,South Birmingham,BSU,50<71,A,not included,not included,50.716648291069454
2020-21,N3,Midlands,South Derbyshire & South East Staffordshire,BSU,50<71,A,not included,not included,65.56897182583242
2020-21,N3,Midlands,"Warwickshire, Solihull & Coventry",BSU,50<71,A,not included,not included,47.16378662659654
2020-21,N4,East of England,Beds & Herts,BSU,50<71,A,not included,not included,46.706586826347305
2020-21,N4,East of England,Cambridge & Huntingdon,BSU,50<71,A,not included,not included,60.38266741699494
2020-21,N4,East of England,Chelmsford & Colchester,BSU,50<71,A,not included,not included,56.22920517560074
2020-21,N4,East of England,East Suffolk,BSU,50<71,A,not included,not included,65.89364254298282
2020-21,N4,East of England,Great Yarmouth & Waveney,BSU,50<71,A,not included,not included,58.50773430391265
2020-21,N4,East of England,King's Lynn,BSU,50<71,A,not included,not included,65.71107363687464
2020-21,N4,East of England,Milton Keynes,BSU,50<71,A,not included,not included,59.11789652247668
2020-21,N4,East of England,Norfolk & Norwich,BSU,50<71,A,not included,not included,63.33780160857909
2020-21,N4,East of England,Peterborough,BSU,50<71,A,not included,not included,52.35109717868338
2020-21,N4,East of England,South Essex,BSU,50<71,A,not included,not included,54.68873128447596
2020-21,N4,East of England,West Essex (Epping),BSU,50<71,A,not included,not included,41.926182237600926
2020-21,N4,East of England,West Suffolk,BSU,50<71,A,not included,not included,59.628543499511245
2020-21,N5,London,Central & East London,BSU,50<71,A,not included,not included,44.63375368929434
2020-21,N5,London,North London,BSU,50<71,A,not included,not included,45.08044554455445
2020-21,N5,London,Outer North East London,BSU,50<71,A,not included,not included,54.265640682502514
2020-21,N5,London,South East London,BSU,50<71,A,not included,not included,48.83253828772282
2020-21,N5,London,South West London,BSU,50<71,A,not included,not included,42.1771523178808
2020-21,N5,London,West of London,BSU,50<71,A,not included,not included,38.616920152091254
2020-21,N6,South East,Aylesbury & Wycombe,BSU,50<71,A,not included,not included,63.4508348794063
2020-21,N6,South East,Brighton,BSU,50<71,A,not included,not included,57.12948517940718
2020-21,N6,South East,Canterbury,BSU,50<71,A,not included,not included,50.369506028782574
2020-21,N6,South East,East Berkshire,BSU,50<71,A,not included,not included,58.43454790823211
2020-21,N6,South East,Guildford,BSU,50<71,A,not included,not included,49.80202375714914
2020-21,N6,South East,Isle of Wight,BSU,50<71,A,not included,not included,66.62883087400681
2020-21,N6,South East,Maidstone,BSU,50<71,A,not included,not included,52.18157778757162
2020-21,N6,South East,Medway,BSU,50<71,A,not included,not included,47.91940429259746
2020-21,N6,South East,North & Mid Hampshire,BSU,50<71,A,not included,not included,55.16539440203563
2020-21,N6,South East,Oxfordshire,BSU,50<71,A,not included,not included,63.49280074314909
2020-21,N6,South East,Portsmouth,BSU,50<71,A,not included,not included,56.41025641025641
2020-21,N6,South East,Southampton & Salisbury,BSU,50<71,A,not included,not included,46.53515427415276
2020-21,N6,South East,West Berkshire,BSU,50<71,A,not included,not included,65.71008094186902
2020-21,N6,South East,Worthing,BSU,50<71,A,not included,not included,61.24301675977654
2020-21,N7,South West,Avon,BSU,50<71,A,not included,not included,51.048821236309635
2020-21,N7,South West,Cornwall,BSU,50<71,A,not included,not included,47.105471847739885
2020-21,N7,South West,Dorset,BSU,50<71,A,not included,not included,44.64794464794465
2020-21,N7,South West,Gloucestershire,BSU,50<71,A,not included,not included,59.93817619783617
2020-21,N7,South West,North & East Devon,BSU,50<71,A,not included,not included,54.77128142986973
2020-21,N7,South West,Somerset,BSU,50<71,A,not included,not included,44.41558441558441
2020-21,N7,South West,South Devon,BSU,50<71,A,not included,not included,56.40423031727379
2020-21,N7,South West,West Devon,BSU,50<71,A,not included,not included,66.2111801242236
2020-21,N7,South West,Wiltshire,BSU,50<71,A,not included,not included,54.335839598997495
2020-21,N1,North East and Yorkshire,Barnsley,BSU,50<71,A and C1,not included,not included,76.38814016172508
2020-21,N1,North East and Yorkshire,Doncaster,BSU,50<71,A and C1,not included,not included,72.51401287108159
2020-21,N1,North East and Yorkshire,Gateshead,BSU,50<71,A and C1,not included,not included,72.48611736455051
2020-21,N1,North East and Yorkshire,Humberside,BSU,50<71,A and C1,not included,not included,77.66222021252544
2020-21,N1,North East and Yorkshire,Leeds Wakefield,BSU,50<71,A and C1,not included,not included,76.30947429046812
2020-21,N1,North East and Yorkshire,Newcastle,BSU,50<71,A and C1,not included,not included,76.66278844289316
2020-21,N1,North East and Yorkshire,North Cumbria,BSU,50<71,A and C1,not included,not included,73.8009592326139
2020-21,N1,North East and Yorkshire,North Tees,BSU,50<71,A and C1,not included,not included,75.82025969770204
2020-21,N1,North East and Yorkshire,North Yorkshire,BSU,50<71,A and C1,not included,not included,74.69762718123903
2020-21,N1,North East and Yorkshire,Pennine,BSU,50<71,A and C1,not included,not included,66.52638762511374
2020-21,N1,North East and Yorkshire,Rotherham,BSU,50<71,A and C1,not included,not included,72.5838658146965
2020-21,N1,North East and Yorkshire,Sheffield,BSU,50<71,A and C1,not included,not included,74.66037582363947
2020-21,N2,North West,Bolton,BSU,50<71,A and C1,not included,not included,75.4067710965134
2020-21,N2,North West,Cheshire & Stockport,BSU,50<71,A and C1,not included,not included,68.96920237054309
2020-21,N2,North West,Crewe,BSU,50<71,A and C1,not included,not included,68.68242624152465
2020-21,N2,North West,East Lancashire,BSU,50<71,A and C1,not included,not included,67.28356725872563
2020-21,N2,North West,Liverpool,BSU,50<71,A and C1,not included,not included,74.40468846391116
2020-21,N2,North West,Manchester,BSU,50<71,A and C1,not included,not included,64.50025352700808
2020-21,N2,North West,North Lancashire & South Cumbria,BSU,50<71,A and C1,not included,not included,70.69459216231694
2020-21,N2,North West,South Lancashire,BSU,50<71,A and C1,not included,not included,73.08174209392071
2020-21,N2,North West,"Warrington, Halton, St Helens & Knowsley",BSU,50<71,A and C1,not included,not included,75.33456005352961
2020-21,N2,North West,Wirral & Chester,BSU,50<71,A and C1,not included,not included,75.24100994644223
2020-21,N3,Midlands,"City, Sandwell & Walsall",BSU,50<71,A and C1,not included,not included,75.31051964512041
2020-21,N3,Midlands,"Dudley, Wolverhampton & South West Staffordshire",BSU,50<71,A and C1,not included,not included,70.99223946784923
2020-21,N3,Midlands,Hereford & Worcester,BSU,50<71,A and C1,not included,not included,73.85122503197876
2020-21,N3,Midlands,Kettering,BSU,50<71,A and C1,not included,not included,77.84049079754601
2020-21,N3,Midlands,Leicestershire,BSU,50<71,A and C1,not included,not included,75.92713077423552
2020-21,N3,Midlands,Lincolnshire,BSU,50<71,A and C1,not included,not included,64.38103746719527
2020-21,N3,Midlands,North Derbyshire & Chesterfield,BSU,50<71,A and C1,not included,not included,75.55078416728902
2020-21,N3,Midlands,North Midlands,BSU,50<71,A and C1,not included,not included,76.43090195210972
2020-21,N3,Midlands,North Nottinghamshire,BSU,50<71,A and C1,not included,not included,82.18361653563277
2020-21,N3,Midlands,Northampton,BSU,50<71,A and C1,not included,not included,73.09756867698137
2020-21,N3,Midlands,Nottingham City,BSU,50<71,A and C1,not included,not included,78.21801598587751
2020-21,N3,Midlands,Shropshire,BSU,50<71,A and C1,not included,not included,73.57561991292826
2020-21,N3,Midlands,South Birmingham,BSU,50<71,A and C1,not included,not included,68.85666623893238
2020-21,N3,Midlands,South Derbyshire & South East Staffordshire,BSU,50<71,A and C1,not included,not included,81.14499679755629
2020-21,N3,Midlands,"Warwickshire, Solihull & Coventry",BSU,50<71,A and C1,not included,not included,67.29219714674387
2020-21,N4,East of England,Beds & Herts,BSU,50<71,A and C1,not included,not included,70.40034479455991
2020-21,N4,East of England,Cambridge & Huntingdon,BSU,50<71,A and C1,not included,not included,74.12728701313279
2020-21,N4,East of England,Chelmsford & Colchester,BSU,50<71,A and C1,not included,not included,75.42520423195394
2020-21,N4,East of England,East Suffolk,BSU,50<71,A and C1,not included,not included,81.49691358024691
2020-21,N4,East of England,Great Yarmouth & Waveney,BSU,50<71,A and C1,not included,not included,75.51240560949299
2020-21,N4,East of England,King's Lynn,BSU,50<71,A and C1,not included,not included,81.69745958429561
2020-21,N4,East of England,Milton Keynes,BSU,50<71,A and C1,not included,not included,73.77448139993047
2020-21,N4,East of England,Norfolk & Norwich,BSU,50<71,A and C1,not included,not included,78.67681077468771
2020-21,N4,East of England,Peterborough,BSU,50<71,A and C1,not included,not included,70.1580210143129
2020-21,N4,East of England,South Essex,BSU,50<71,A and C1,not included,not included,72.00102092904544
2020-21,N4,East of England,West Essex (Epping),BSU,50<71,A and C1,not included,not included,63.359553412839375
2020-21,N4,East of England,West Suffolk,BSU,50<71,A and C1,not included,not included,77.1801051709027
2020-21,N5,London,Central & East London,BSU,50<71,A and C1,not included,not included,60.2245212414704
2020-21,N5,London,North London,BSU,50<71,A and C1,not included,not included,66.67972904887198
2020-21,N5,London,Outer North East London,BSU,50<71,A and C1,not included,not included,74.35026990928822
2020-21,N5,London,South East London,BSU,50<71,A and C1,not included,not included,72.21102705559777
2020-21,N5,London,South West London,BSU,50<71,A and C1,not included,not included,69.83671943163405
2020-21,N5,London,West of London,BSU,50<71,A and C1,not included,not included,62.5409429280397
2020-21,N6,South East,Aylesbury & Wycombe,BSU,50<71,A and C1,not included,not included,83.65505804311775
2020-21,N6,South East,Brighton,BSU,50<71,A and C1,not included,not included,75.77124377686056
2020-21,N6,South East,Canterbury,BSU,50<71,A and C1,not included,not included,70.1773887267843
2020-21,N6,South East,East Berkshire,BSU,50<71,A and C1,not included,not included,78.30968910353154
2020-21,N6,South East,Guildford,BSU,50<71,A and C1,not included,not included,74.22167620531567
2020-21,N6,South East,Isle of Wight,BSU,50<71,A and C1,not included,not included,82.74907749077491
2020-21,N6,South East,Maidstone,BSU,50<71,A and C1,not included,not included,72.30436081242533
2020-21,N6,South East,Medway,BSU,50<71,A and C1,not included,not included,68.56301531213192
2020-21,N6,South East,North & Mid Hampshire,BSU,50<71,A and C1,not included,not included,78.7614900822448
2020-21,N6,South East,Oxfordshire,BSU,50<71,A and C1,not included,not included,82.23137876386689
2020-21,N6,South East,Portsmouth,BSU,50<71,A and C1,not included,not included,80.9456096693921
2020-21,N6,South East,Southampton & Salisbury,BSU,50<71,A and C1,not included,not included,74.8423851120395
2020-21,N6,South East,West Berkshire,BSU,50<71,A and C1,not included,not included,83.54567960871928
2020-21,N6,South East,Worthing,BSU,50<71,A and C1,not included,not included,77.80046012766923
2020-21,N7,South West,Avon,BSU,50<71,A and C1,not included,not included,72.52247801600632
2020-21,N7,South West,Cornwall,BSU,50<71,A and C1,not included,not included,76.89823566477631
2020-21,N7,South West,Dorset,BSU,50<71,A and C1,not included,not included,68.82794307891332
2020-21,N7,South West,Gloucestershire,BSU,50<71,A and C1,not included,not included,74.81283702423957
2020-21,N7,South West,North & East Devon,BSU,50<71,A and C1,not included,not included,76.25369659598566
2020-21,N7,South West,Somerset,BSU,50<71,A and C1,not included,not included,73.45966054405952
2020-21,N7,South West,South Devon,BSU,50<71,A and C1,not included,not included,78.91797174460629
2020-21,N7,South West,West Devon,BSU,50<71,A and C1,not included,not included,82.91342472520687
2020-21,N7,South West,Wiltshire,BSU,50<71,A and C1,not included,not included,77.77155306567072
2020-21,N1,North East and Yorkshire,Barnsley,BSU,50<71,A to C2,not included,not included,66.83673469387756
2020-21,N1,North East and Yorkshire,Doncaster,BSU,50<71,A to C2,not included,not included,64.60901801879473
2020-21,N1,North East and Yorkshire,Gateshead,BSU,50<71,A to C2,not included,not included,63.5734673616282
2020-21,N1,North East and Yorkshire,Humberside,BSU,50<71,A to C2,not included,not included,65.62177058215639
2020-21,N1,North East and Yorkshire,Leeds Wakefield,BSU,50<71,A to C2,not included,not included,63.87854411837728
2020-21,N1,North East and Yorkshire,Newcastle,BSU,50<71,A to C2,not included,not included,66.88647778246367
2020-21,N1,North East and Yorkshire,North Cumbria,BSU,50<71,A to C2,not included,not included,65.68451896467525
2020-21,N1,North East and Yorkshire,North Tees,BSU,50<71,A to C2,not included,not included,63.820694388121154
2020-21,N1,North East and Yorkshire,North Yorkshire,BSU,50<71,A to C2,not included,not included,65.05244365097077
2020-21,N1,North East and Yorkshire,Pennine,BSU,50<71,A to C2,not included,not included,51.591787376113984
2020-21,N1,North East and Yorkshire,Rotherham,BSU,50<71,A to C2,not included,not included,57.750261077129636
2020-21,N1,North East and Yorkshire,Sheffield,BSU,50<71,A to C2,not included,not included,64.4386761842959
2020-21,N2,North West,Bolton,BSU,50<71,A to C2,not included,not included,63.32233650300796
2020-21,N2,North West,Cheshire & Stockport,BSU,50<71,A to C2,not included,not included,58.06357961968356
2020-21,N2,North West,Crewe,BSU,50<71,A to C2,not included,not included,57.29152944276117
2020-21,N2,North West,East Lancashire,BSU,50<71,A to C2,not included,not included,53.87755102040816
2020-21,N2,North West,Liverpool,BSU,50<71,A to C2,not included,not included,59.83378256963162
2020-21,N2,North West,Manchester,BSU,50<71,A to C2,not included,not included,51.79646491697911
2020-21,N2,North West,North Lancashire & South Cumbria,BSU,50<71,A to C2,not included,not included,58.972008311942304
2020-21,N2,North West,South Lancashire,BSU,50<71,A to C2,not included,not included,59.37465635423922
2020-21,N2,North West,"Warrington, Halton, St Helens & Knowsley",BSU,50<71,A to C2,not included,not included,63.13358141922238
2020-21,N2,North West,Wirral & Chester,BSU,50<71,A to C2,not included,not included,64.130759576884
2020-21,N3,Midlands,"City, Sandwell & Walsall",BSU,50<71,A to C2,not included,not included,60.12333936734882
2020-21,N3,Midlands,"Dudley, Wolverhampton & South West Staffordshire",BSU,50<71,A to C2,not included,not included,59.36418137296293
2020-21,N3,Midlands,Hereford & Worcester,BSU,50<71,A to C2,not included,not included,65.20849724626278
2020-21,N3,Midlands,Kettering,BSU,50<71,A to C2,not included,not included,66.25381097560977
2020-21,N3,Midlands,Leicestershire,BSU,50<71,A to C2,not included,not included,65.10064293818549
2020-21,N3,Midlands,Lincolnshire,BSU,50<71,A to C2,not included,not included,55.31292210715893
2020-21,N3,Midlands,North Derbyshire & Chesterfield,BSU,50<71,A to C2,not included,not included,64.43163214463664
2020-21,N3,Midlands,North Midlands,BSU,50<71,A to C2,not included,not included,64.25519057279752
2020-21,N3,Midlands,North Nottinghamshire,BSU,50<71,A to C2,not included,not included,70.72997153314356
2020-21,N3,Midlands,Northampton,BSU,50<71,A to C2,not included,not included,60.73629202090321
2020-21,N3,Midlands,Nottingham City,BSU,50<71,A to C2,not included,not included,67.66035711548778
2020-21,N3,Midlands,Shropshire,BSU,50<71,A to C2,not included,not included,64.87301587301587
2020-21,N3,Midlands,South Birmingham,BSU,50<71,A to C2,not included,not included,55.1651376146789
2020-21,N3,Midlands,South Derbyshire & South East Staffordshire,BSU,50<71,A to C2,not included,not included,71.00011669973159
2020-21,N3,Midlands,"Warwickshire, Solihull & Coventry",BSU,50<71,A to C2,not included,not included,56.860927152317885
2020-21,N4,East of England,Beds & Herts,BSU,50<71,A to C2,not included,not included,57.227980661159975
2020-21,N4,East of England,Cambridge & Huntingdon,BSU,50<71,A to C2,not included,not included,64.70483324415909
2020-21,N4,East of England,Chelmsford & Colchester,BSU,50<71,A to C2,not included,not included,66.4024682163945
2020-21,N4,East of England,East Suffolk,BSU,50<71,A to C2,not included,not included,72.85574092247302
2020-21,N4,East of England,Great Yarmouth & Waveney,BSU,50<71,A to C2,not included,not included,64.23502696565427
2020-21,N4,East of England,King's Lynn,BSU,50<71,A to C2,not included,not included,72.04598110853681
2020-21,N4,East of England,Milton Keynes,BSU,50<71,A to C2,not included,not included,63.428519790348815
2020-21,N4,East of England,Norfolk & Norwich,BSU,50<71,A to C2,not included,not included,68.88387824126269
2020-21,N4,East of England,Peterborough,BSU,50<71,A to C2,not included,not included,59.857390634033536
2020-21,N4,East of England,South Essex,BSU,50<71,A to C2,not included,not included,60.12455180222683
2020-21,N4,East of England,West Essex (Epping),BSU,50<71,A to C2,not included,not included,67.46571757563069
2020-21,N4,East of England,West Suffolk,BSU,50<71,A to C2,not included,not included,67.09661102680829
2020-21,N5,London,Central & East London,BSU,50<71,A to C2,not included,not included,48.30542203716744
2020-21,N5,London,North London,BSU,50<71,A to C2,not included,not included,51.847503945190724
2020-21,N5,London,Outer North East London,BSU,50<71,A to C2,not included,not included,61.33992991135848
2020-21,N5,London,South East London,BSU,50<71,A to C2,not included,not included,58.001717721156595
2020-21,N5,London,South West London,BSU,50<71,A to C2,not included,not included,58.233056923748364
2020-21,N5,London,West of London,BSU,50<71,A to C2,not included,not included,48.49807357905145
2020-21,N6,South East,Aylesbury & Wycombe,BSU,50<71,A to C2,not included,not included,69.88053758088601
2020-21,N6,South East,Brighton,BSU,50<71,A to C2,not included,not included,62.67745235963679
2020-21,N6,South East,Canterbury,BSU,50<71,A to C2,not included,not included,58.95119455129336
2020-21,N6,South East,East Berkshire,BSU,50<71,A to C2,not included,not included,65.97750211195589
2020-21,N6,South East,Guildford,BSU,50<71,A to C2,not included,not included,60.44596092408667
2020-21,N6,South East,Isle of Wight,BSU,50<71,A to C2,not included,not included,73.61232199941877
2020-21,N6,South East,Maidstone,BSU,50<71,A to C2,not included,not included,61.96170839469809
2020-21,N6,South East,Medway,BSU,50<71,A to C2,not included,not included,58.02021129995406
2020-21,N6,South East,North & Mid Hampshire,BSU,50<71,A to C2,not included,not included,67.0362295310108
2020-21,N6,South East,Oxfordshire,BSU,50<71,A to C2,not included,not included,71.84903047091413
2020-21,N6,South East,Portsmouth,BSU,50<71,A to C2,not included,not included,70.43162199000454
2020-21,N6,South East,Southampton & Salisbury,BSU,50<71,A to C2,not included,not included,62.5
2020-21,N6,South East,West Berkshire,BSU,50<71,A to C2,not included,not included,72.79207731317577
2020-21,N6,South East,Worthing,BSU,50<71,A to C2,not included,not included,66.90457241149136
2020-21,N7,South West,Avon,BSU,50<71,A to C2,not included,not included,60.14515620069423
2020-21,N7,South West,Cornwall,BSU,50<71,A to C2,not included,not included,65.48542548189938
2020-21,N7,South West,Dorset,BSU,50<71,A to C2,not included,not included,58.05486676900067
2020-21,N7,South West,Gloucestershire,BSU,50<71,A to C2,not included,not included,63.39784070075372
2020-21,N7,South West,North & East Devon,BSU,50<71,A to C2,not included,not included,65.59880239520957
2020-21,N7,South West,Somerset,BSU,50<71,A to C2,not included,not included,63.4583000974918
2020-21,N7,South West,South Devon,BSU,50<71,A to C2,not included,not included,69.4140659731484
2020-21,N7,South West,West Devon,BSU,50<71,A to C2,not included,not included,71.57112111132851
2020-21,N7,South West,Wiltshire,BSU,50<71,A to C2,not included,not included,66.11362259402526
2020-21,N1,North East and Yorkshire,Barnsley,BSU,50<71,A to D,not included,not included,66.84408959858061
2020-21,N1,North East and Yorkshire,Doncaster,BSU,50<71,A to D,not included,not included,64.6151193862598
2020-21,N1,North East and Yorkshire,Gateshead,BSU,50<71,A to D,not included,not included,63.58476521307611
2020-21,N1,North East and Yorkshire,Humberside,BSU,50<71,A to D,not included,not included,65.62769071809885
2020-21,N1,North East and Yorkshire,Leeds Wakefield,BSU,50<71,A to D,not included,not included,63.881234328839895
2020-21,N1,North East and Yorkshire,Newcastle,BSU,50<71,A to D,not included,not included,66.89536220774242
2020-21,N1,North East and Yorkshire,North Cumbria,BSU,50<71,A to D,not included,not included,65.68451896467525
2020-21,N1,North East and Yorkshire,North Tees,BSU,50<71,A to D,not included,not included,63.83197679857798
2020-21,N1,North East and Yorkshire,North Yorkshire,BSU,50<71,A to D,not included,not included,65.05244365097077
2020-21,N1,North East and Yorkshire,Pennine,BSU,50<71,A to D,not included,not included,51.59560485778876
2020-21,N1,North East and Yorkshire,Rotherham,BSU,50<71,A to D,not included,not included,57.76916194452729
2020-21,N1,North East and Yorkshire,Sheffield,BSU,50<71,A to D,not included,not included,64.44329094212303
2020-21,N2,North West,Bolton,BSU,50<71,A to D,not included,not included,63.32350430666563
2020-21,N2,North West,Cheshire & Stockport,BSU,50<71,A to D,not included,not included,58.08487486398259
2020-21,N2,North West,Crewe,BSU,50<71,A to D,not included,not included,57.29715489989463
2020-21,N2,North West,East Lancashire,BSU,50<71,A to D,not included,not included,53.88582447643392
2020-21,N2,North West,Liverpool,BSU,50<71,A to D,not included,not included,59.839195077033644
2020-21,N2,North West,Manchester,BSU,50<71,A to D,not included,not included,51.79646491697911
2020-21,N2,North West,North Lancashire & South Cumbria,BSU,50<71,A to D,not included,not included,58.97952948365413
2020-21,N2,North West,South Lancashire,BSU,50<71,A to D,not included,not included,59.37614544388241
2020-21,N2,North West,"Warrington, Halton, St Helens & Knowsley",BSU,50<71,A to D,not included,not included,63.145404399974346
2020-21,N2,North West,Wirral & Chester,BSU,50<71,A to D,not included,not included,64.13290307159077
2020-21,N3,Midlands,"City, Sandwell & Walsall",BSU,50<71,A to D,not included,not included,60.12823265944719
2020-21,N3,Midlands,"Dudley, Wolverhampton & South West Staffordshire",BSU,50<71,A to D,not included,not included,59.36932753598717
2020-21,N3,Midlands,Hereford & Worcester,BSU,50<71,A to D,not included,not included,65.21397105097546
2020-21,N3,Midlands,Kettering,BSU,50<71,A to D,not included,not included,66.26666666666667
2020-21,N3,Midlands,Leicestershire,BSU,50<71,A to D,not included,not included,65.10210942095974
2020-21,N3,Midlands,Lincolnshire,BSU,50<71,A to D,not included,not included,55.31292210715893
2020-21,N3,Midlands,North Derbyshire & Chesterfield,BSU,50<71,A to D,not included,not included,64.43163214463664
2020-21,N3,Midlands,North Midlands,BSU,50<71,A to D,not included,not included,64.25981873111782
2020-21,N3,Midlands,North Nottinghamshire,BSU,50<71,A to D,not included,not included,70.7388962292916
2020-21,N3,Midlands,Northampton,BSU,50<71,A to D,not included,not included,60.739354234908745
2020-21,N3,Midlands,Nottingham City,BSU,50<71,A to D,not included,not included,67.66283524904215
2020-21,N3,Midlands,Shropshire,BSU,50<71,A to D,not included,not included,64.88137744981354
2020-21,N3,Midlands,South Birmingham,BSU,50<71,A to D,not included,not included,55.17336268574573
2020-21,N3,Midlands,South Derbyshire & South East Staffordshire,BSU,50<71,A to D,not included,not included,71.00124474871635
2020-21,N3,Midlands,"Warwickshire, Solihull & Coventry",BSU,50<71,A to D,not included,not included,56.86321254503073
2020-21,N4,East of England,Beds & Herts,BSU,50<71,A to D,not included,not included,57.25695744415326
2020-21,N4,East of England,Cambridge & Huntingdon,BSU,50<71,A to D,not included,not included,64.72685143926566
2020-21,N4,East of England,Chelmsford & Colchester,BSU,50<71,A to D,not included,not included,66.40425531914894
2020-21,N4,East of England,East Suffolk,BSU,50<71,A to D,not included,not included,72.86106750392464
2020-21,N4,East of England,Great Yarmouth & Waveney,BSU,50<71,A to D,not included,not included,64.24517593643587
2020-21,N4,East of England,King's Lynn,BSU,50<71,A to D,not included,not included,72.05345211581292
2020-21,N4,East of England,Milton Keynes,BSU,50<71,A to D,not included,not included,63.43512829779545
2020-21,N4,East of England,Norfolk & Norwich,BSU,50<71,A to D,not included,not included,68.88638376680892
2020-21,N4,East of England,Peterborough,BSU,50<71,A to D,not included,not included,59.857390634033536
2020-21,N4,East of England,South Essex,BSU,50<71,A to D,not included,not included,60.12906634462978
2020-21,N4,East of England,West Essex (Epping),BSU,50<71,A to D,not included,not included,67.46912288046892
2020-21,N4,East of England,West Suffolk,BSU,50<71,A to D,not included,not included,67.09938464132176
2020-21,N5,London,Central & East London,BSU,50<71,A to D,not included,not included,48.3212438404799
2020-21,N5,London,North London,BSU,50<71,A to D,not included,not included,51.85306342364532
2020-21,N5,London,Outer North East London,BSU,50<71,A to D,not included,not included,61.34471102316762
2020-21,N5,London,South East London,BSU,50<71,A to D,not included,not included,58.02875330806094
2020-21,N5,London,South West London,BSU,50<71,A to D,not included,not included,58.24504549420416
2020-21,N5,London,West of London,BSU,50<71,A to D,not included,not included,48.501585353380385
2020-21,N6,South East,Aylesbury & Wycombe,BSU,50<71,A to D,not included,not included,69.8850345891604
2020-21,N6,South East,Brighton,BSU,50<71,A to D,not included,not included,62.686996547756046
2020-21,N6,South East,Canterbury,BSU,50<71,A to D,not included,not included,58.96857031994074
2020-21,N6,South East,East Berkshire,BSU,50<71,A to D,not included,not included,65.99111111111111
2020-21,N6,South East,Guildford,BSU,50<71,A to D,not included,not included,60.45283674844093
2020-21,N6,South East,Isle of Wight,BSU,50<71,A to D,not included,not included,73.64678566245829
2020-21,N6,South East,Maidstone,BSU,50<71,A to D,not included,not included,61.98186528497409
2020-21,N6,South East,Medway,BSU,50<71,A to D,not included,not included,58.02021129995406
2020-21,N6,South East,North & Mid Hampshire,BSU,50<71,A to D,not included,not included,67.05151388695693
2020-21,N6,South East,Oxfordshire,BSU,50<71,A to D,not included,not included,71.85042291141119
2020-21,N6,South East,Portsmouth,BSU,50<71,A to D,not included,not included,70.44773408409772
2020-21,N6,South East,Southampton & Salisbury,BSU,50<71,A to D,not included,not included,62.53174558383656
2020-21,N6,South East,West Berkshire,BSU,50<71,A to D,not included,not included,72.80118609211344
2020-21,N6,South East,Worthing,BSU,50<71,A to D,not included,not included,66.91221765913757
2020-21,N7,South West,Avon,BSU,50<71,A to D,not included,not included,60.15723575657576
2020-21,N7,South West,Cornwall,BSU,50<71,A to D,not included,not included,65.49759135236752
2020-21,N7,South West,Dorset,BSU,50<71,A to D,not included,not included,58.073019120308444
2020-21,N7,South West,Gloucestershire,BSU,50<71,A to D,not included,not included,63.403804635626706
2020-21,N7,South West,North & East Devon,BSU,50<71,A to D,not included,not included,65.60051893618083
2020-21,N7,South West,Somerset,BSU,50<71,A to D,not included,not included,63.46153846153846
2020-21,N7,South West,South Devon,BSU,50<71,A to D,not included,not included,69.4140659731484
2020-21,N7,South West,West Devon,BSU,50<71,A to D,not included,not included,71.57246235087032
2020-21,N7,South West,Wiltshire,BSU,50<71,A to D,not included,not included,66.11520178954237
2020-21,N1,North East and Yorkshire,Barnsley,BSU,50<71,B,not included,not included,16.666666666666664
2020-21,N1,North East and Yorkshire,Doncaster,BSU,50<71,B,not included,not included,11.254851228978008
2020-21,N1,North East and Yorkshire,Gateshead,BSU,50<71,B,not included,not included,7.12
2020-21,N1,North East and Yorkshire,Humberside,BSU,50<71,B,not included,not included,16.554054054054053
2020-21,N1,North East and Yorkshire,Leeds Wakefield,BSU,50<71,B,not included,not included,13.073263558515698
2020-21,N1,North East and Yorkshire,Newcastle,BSU,50<71,B,not included,not included,16.116799393249906
2020-21,N1,North East and Yorkshire,North Cumbria,BSU,50<71,B,not included,not included,14.090431125131442
2020-21,N1,North East and Yorkshire,North Tees,BSU,50<71,B,not included,not included,13.825338253382533
2020-21,N1,North East and Yorkshire,North Yorkshire,BSU,50<71,B,not included,not included,12.787169484178587
2020-21,N1,North East and Yorkshire,Pennine,BSU,50<71,B,not included,not included,12.001140250855189
2020-21,N1,North East and Yorkshire,Rotherham,BSU,50<71,B,not included,not included,7.872539831302718
2020-21,N1,North East and Yorkshire,Sheffield,BSU,50<71,B,not included,not included,15.080789946140035
2020-21,N2,North West,Bolton,BSU,50<71,B,not included,not included,12.234385061171924
2020-21,N2,North West,Cheshire & Stockport,BSU,50<71,B,not included,not included,13.329551900170165
2020-21,N2,North West,Crewe,BSU,50<71,B,not included,not included,14.620535714285715
2020-21,N2,North West,East Lancashire,BSU,50<71,B,not included,not included,11.409764125068568
2020-21,N2,North West,Liverpool,BSU,50<71,B,not included,not included,14.021615472127419
2020-21,N2,North West,Manchester,BSU,50<71,B,not included,not included,12.052896725440807
2020-21,N2,North West,North Lancashire & South Cumbria,BSU,50<71,B,not included,not included,13.307618129218902
2020-21,N2,North West,South Lancashire,BSU,50<71,B,not included,not included,11.073170731707318
2020-21,N2,North West,"Warrington, Halton, St Helens & Knowsley",BSU,50<71,B,not included,not included,16.03128054740958
2020-21,N2,North West,Wirral & Chester,BSU,50<71,B,not included,not included,13.375796178343949
2020-21,N3,Midlands,"City, Sandwell & Walsall",BSU,50<71,B,not included,not included,13.563090605892162
2020-21,N3,Midlands,"Dudley, Wolverhampton & South West Staffordshire",BSU,50<71,B,not included,not included,11.946902654867257
2020-21,N3,Midlands,Hereford & Worcester,BSU,50<71,B,not included,not included,15.857011915673693
2020-21,N3,Midlands,Kettering,BSU,50<71,B,not included,not included,17.95252225519288
2020-21,N3,Midlands,Leicestershire,BSU,50<71,B,not included,not included,15.734265734265735
2020-21,N3,Midlands,Lincolnshire,BSU,50<71,B,not included,not included,9.134826526130874
2020-21,N3,Midlands,North Derbyshire & Chesterfield,BSU,50<71,B,not included,not included,14.57345971563981
2020-21,N3,Midlands,North Midlands,BSU,50<71,B,not included,not included,13.73144399460189
2020-21,N3,Midlands,North Nottinghamshire,BSU,50<71,B,not included,not included,13.636363636363635
2020-21,N3,Midlands,Northampton,BSU,50<71,B,not included,not included,14.630044843049328
2020-21,N3,Midlands,Nottingham City,BSU,50<71,B,not included,not included,17.602125539687812
2020-21,N3,Midlands,Shropshire,BSU,50<71,B,not included,not included,12.618841832324978
2020-21,N3,Midlands,South Birmingham,BSU,50<71,B,not included,not included,14.075749010740532
2020-21,N3,Midlands,South Derbyshire & South East Staffordshire,BSU,50<71,B,not included,not included,20.27972027972028
2020-21,N3,Midlands,"Warwickshire, Solihull & Coventry",BSU,50<71,B,not included,not included,13.936084142394822
2020-21,N4,East of England,Beds & Herts,BSU,50<71,B,not included,not included,12.034985422740526
2020-21,N4,East of England,Cambridge & Huntingdon,BSU,50<71,B,not included,not included,13.873873873873874
2020-21,N4,East of England,Chelmsford & Colchester,BSU,50<71,B,not included,not included,16.676056338028168
2020-21,N4,East of England,East Suffolk,BSU,50<71,B,not included,not included,10.843373493975903
2020-21,N4,East of England,Great Yarmouth & Waveney,BSU,50<71,B,not included,not included,6.075697211155378
2020-21,N4,East of England,King's Lynn,BSU,50<71,B,not included,not included,12.413108242303874
2020-21,N4,East of England,Milton Keynes,BSU,50<71,B,not included,not included,16.636690647482013
2020-21,N4,East of England,Norfolk & Norwich,BSU,50<71,B,not included,not included,9.49667616334283
2020-21,N4,East of England,Peterborough,BSU,50<71,B,not included,not included,8.61850443599493
2020-21,N4,East of England,South Essex,BSU,50<71,B,not included,not included,17.396809318814892
2020-21,N4,East of England,West Essex (Epping),BSU,50<71,B,not included,not included,18.038528896672503
2020-21,N4,East of England,West Suffolk,BSU,50<71,B,not included,not included,9.893048128342247
2020-21,N5,London,Central & East London,BSU,50<71,B,not included,not included,13.706793802145413
2020-21,N5,London,North London,BSU,50<71,B,not included,not included,13.673836823652042
2020-21,N5,London,Outer North East London,BSU,50<71,B,not included,not included,17.820479073440378
2020-21,N5,London,South East London,BSU,50<71,B,not included,not included,15.374743326488707
2020-21,N5,London,South West London,BSU,50<71,B,not included,not included,15.654574132492113
2020-21,N5,London,West of London,BSU,50<71,B,not included,not included,12.524525833878354
2020-21,N6,South East,Aylesbury & Wycombe,BSU,50<71,B,not included,not included,20.999664542099968
2020-21,N6,South East,Brighton,BSU,50<71,B,not included,not included,15.356237030205211
2020-21,N6,South East,Canterbury,BSU,50<71,B,not included,not included,14.915966386554622
2020-21,N6,South East,East Berkshire,BSU,50<71,B,not included,not included,20.394331484904498
2020-21,N6,South East,Guildford,BSU,50<71,B,not included,not included,15.217391304347828
2020-21,N6,South East,Isle of Wight,BSU,50<71,B,not included,not included,16.415410385259634
2020-21,N6,South East,Maidstone,BSU,50<71,B,not included,not included,19.083255378858745
2020-21,N6,South East,Medway,BSU,50<71,B,not included,not included,14.171974522292993
2020-21,N6,South East,North & Mid Hampshire,BSU,50<71,B,not included,not included,20.5414551607445
2020-21,N6,South East,Oxfordshire,BSU,50<71,B,not included,not included,22.574877067501117
2020-21,N6,South East,Portsmouth,BSU,50<71,B,not included,not included,24.876325088339225
2020-21,N6,South East,Southampton & Salisbury,BSU,50<71,B,not included,not included,14.339464882943142
2020-21,N6,South East,West Berkshire,BSU,50<71,B,not included,not included,22.959406372762984
2020-21,N6,South East,Worthing,BSU,50<71,B,not included,not included,15.584714548802946
2020-21,N7,South West,Avon,BSU,50<71,B,not included,not included,15.354795213214226
2020-21,N7,South West,Cornwall,BSU,50<71,B,not included,not included,14.596734289955467
2020-21,N7,South West,Dorset,BSU,50<71,B,not included,not included,11.882998171846435
2020-21,N7,South West,Gloucestershire,BSU,50<71,B,not included,not included,14.409122322045611
2020-21,N7,South West,North & East Devon,BSU,50<71,B,not included,not included,9.801876955161628
2020-21,N7,South West,Somerset,BSU,50<71,B,not included,not included,19.095869056897897
2020-21,N7,South West,South Devon,BSU,50<71,B,not included,not included,17.966436327739387
2020-21,N7,South West,West Devon,BSU,50<71,B,not included,not included,17.67676767676768
2020-21,N7,South West,Wiltshire,BSU,50<71,B,not included,not included,18.9588462891312
2020-21,N1,North East and Yorkshire,Barnsley,BSU,50<71,C1,not included,not included,79.7008547008547
2020-21,N1,North East and Yorkshire,Doncaster,BSU,50<71,C1,not included,not included,76.46458200382898
2020-21,N1,North East and Yorkshire,Gateshead,BSU,50<71,C1,not included,not included,77.94502617801047
2020-21,N1,North East and Yorkshire,Humberside,BSU,50<71,C1,not included,not included,80.48188151083274
2020-21,N1,North East and Yorkshire,Leeds Wakefield,BSU,50<71,C1,not included,not included,78.75066737853712
2020-21,N1,North East and Yorkshire,Newcastle,BSU,50<71,C1,not included,not included,79.18954535471117
2020-21,N1,North East and Yorkshire,North Cumbria,BSU,50<71,C1,not included,not included,76.55490767735665
2020-21,N1,North East and Yorkshire,North Tees,BSU,50<71,C1,not included,not included,78.7926631065707
2020-21,N1,North East and Yorkshire,North Yorkshire,BSU,50<71,C1,not included,not included,77.9767480301945
2020-21,N1,North East and Yorkshire,Pennine,BSU,50<71,C1,not included,not included,70.59377945334589
2020-21,N1,North East and Yorkshire,Rotherham,BSU,50<71,C1,not included,not included,74.52767281618138
2020-21,N1,North East and Yorkshire,Sheffield,BSU,50<71,C1,not included,not included,77.37729347117444
2020-21,N2,North West,Bolton,BSU,50<71,C1,not included,not included,77.77266716495141
2020-21,N2,North West,Cheshire & Stockport,BSU,50<71,C1,not included,not included,71.25709297250108
2020-21,N2,North West,Crewe,BSU,50<71,C1,not included,not included,71.5163066497247
2020-21,N2,North West,East Lancashire,BSU,50<71,C1,not included,not included,70.1815592737629
2020-21,N2,North West,Liverpool,BSU,50<71,C1,not included,not included,77.58272378962035
2020-21,N2,North West,Manchester,BSU,50<71,C1,not included,not included,67.97647970141897
2020-21,N2,North West,North Lancashire & South Cumbria,BSU,50<71,C1,not included,not included,74.02487280949688
2020-21,N2,North West,South Lancashire,BSU,50<71,C1,not included,not included,75.54110126724235
2020-21,N2,North West,"Warrington, Halton, St Helens & Knowsley",BSU,50<71,C1,not included,not included,78.71287128712872
2020-21,N2,North West,Wirral & Chester,BSU,50<71,C1,not included,not included,78.02722290966943
2020-21,N3,Midlands,"City, Sandwell & Walsall",BSU,50<71,C1,not included,not included,79.69630173891747
2020-21,N3,Midlands,"Dudley, Wolverhampton & South West Staffordshire",BSU,50<71,C1,not included,not included,74.55176402544824
2020-21,N3,Midlands,Hereford & Worcester,BSU,50<71,C1,not included,not included,77.673568818514
2020-21,N3,Midlands,Kettering,BSU,50<71,C1,not included,not included,80.5295354616708
2020-21,N3,Midlands,Leicestershire,BSU,50<71,C1,not included,not included,79.81960936993056
2020-21,N3,Midlands,Lincolnshire,BSU,50<71,C1,not included,not included,67.77216535956401
2020-21,N3,Midlands,North Derbyshire & Chesterfield,BSU,50<71,C1,not included,not included,78.56147497052203
2020-21,N3,Midlands,North Midlands,BSU,50<71,C1,not included,not included,78.59958122921542
2020-21,N3,Midlands,North Nottinghamshire,BSU,50<71,C1,not included,not included,83.11374025275612
2020-21,N3,Midlands,Northampton,BSU,50<71,C1,not included,not included,76.59027128157156
2020-21,N3,Midlands,Nottingham City,BSU,50<71,C1,not included,not included,80.96768830017182
2020-21,N3,Midlands,Shropshire,BSU,50<71,C1,not included,not included,78.51974101815412
2020-21,N3,Midlands,South Birmingham,BSU,50<71,C1,not included,not included,71.24600638977637
2020-21,N3,Midlands,South Derbyshire & South East Staffordshire,BSU,50<71,C1,not included,not included,83.56866317467548
2020-21,N3,Midlands,"Warwickshire, Solihull & Coventry",BSU,50<71,C1,not included,not included,71.88263011351467
2020-21,N4,East of England,Beds & Herts,BSU,50<71,C1,not included,not included,73.63008107961039
2020-21,N4,East of England,Cambridge & Huntingdon,BSU,50<71,C1,not included,not included,77.5518788558609
2020-21,N4,East of England,Chelmsford & Colchester,BSU,50<71,C1,not included,not included,79.67127320304195
2020-21,N4,East of England,East Suffolk,BSU,50<71,C1,not included,not included,85.22803327277943
2020-21,N4,East of England,Great Yarmouth & Waveney,BSU,50<71,C1,not included,not included,78.09221424627277
2020-21,N4,East of England,King's Lynn,BSU,50<71,C1,not included,not included,85.83054788548175
2020-21,N4,East of England,Milton Keynes,BSU,50<71,C1,not included,not included,76.09395973154362
2020-21,N4,East of England,Norfolk & Norwich,BSU,50<71,C1,not included,not included,83.26100020030714
2020-21,N4,East of England,Peterborough,BSU,50<71,C1,not included,not included,74.92396434189827
2020-21,N4,East of England,South Essex,BSU,50<71,C1,not included,not included,78.05567038721234
2020-21,N4,East of England,West Essex (Epping),BSU,50<71,C1,not included,not included,80.19936565473493
2020-21,N4,East of England,West Suffolk,BSU,50<71,C1,not included,not included,82.25077661677493
2020-21,N5,London,Central & East London,BSU,50<71,C1,not included,not included,67.83959111460585
2020-21,N5,London,North London,BSU,50<71,C1,not included,not included,71.4510286378238
2020-21,N5,London,Outer North East London,BSU,50<71,C1,not included,not included,78.35781041388518
2020-21,N5,London,South East London,BSU,50<71,C1,not included,not included,75.75319537431527
2020-21,N5,London,South West London,BSU,50<71,C1,not included,not included,76.78432187971097
2020-21,N5,London,West of London,BSU,50<71,C1,not included,not included,68.8558524651863
2020-21,N6,South East,Aylesbury & Wycombe,BSU,50<71,C1,not included,not included,86.08262743349681
2020-21,N6,South East,Brighton,BSU,50<71,C1,not included,not included,78.71501773748521
2020-21,N6,South East,Canterbury,BSU,50<71,C1,not included,not included,72.85488958990535
2020-21,N6,South East,East Berkshire,BSU,50<71,C1,not included,not included,81.39032213080462
2020-21,N6,South East,Guildford,BSU,50<71,C1,not included,not included,78.07264023311478
2020-21,N6,South East,Isle of Wight,BSU,50<71,C1,not included,not included,85.8779466842917
2020-21,N6,South East,Maidstone,BSU,50<71,C1,not included,not included,76.40924211094129
2020-21,N6,South East,Medway,BSU,50<71,C1,not included,not included,71.76974892835273
2020-21,N6,South East,North & Mid Hampshire,BSU,50<71,C1,not included,not included,81.94358657607577
2020-21,N6,South East,Oxfordshire,BSU,50<71,C1,not included,not included,85.1930700337689
2020-21,N6,South East,Portsmouth,BSU,50<71,C1,not included,not included,83.72246405487402
2020-21,N6,South East,Southampton & Salisbury,BSU,50<71,C1,not included,not included,79.84447622452628
2020-21,N6,South East,West Berkshire,BSU,50<71,C1,not included,not included,87.04760528787112
2020-21,N6,South East,Worthing,BSU,50<71,C1,not included,not included,81.57402618071858
2020-21,N7,South West,Avon,BSU,50<71,C1,not included,not included,77.15406790518898
2020-21,N7,South West,Cornwall,BSU,50<71,C1,not included,not included,80.18364669873196
2020-21,N7,South West,Dorset,BSU,50<71,C1,not included,not included,72.35001185677021
2020-21,N7,South West,Gloucestershire,BSU,50<71,C1,not included,not included,77.84570780284886
2020-21,N7,South West,North & East Devon,BSU,50<71,C1,not included,not included,81.88532401524778
2020-21,N7,South West,Somerset,BSU,50<71,C1,not included,not included,76.31511746680286
2020-21,N7,South West,South Devon,BSU,50<71,C1,not included,not included,84.07591869699826
2020-21,N7,South West,West Devon,BSU,50<71,C1,not included,not included,84.75726823916621
2020-21,N7,South West,Wiltshire,BSU,50<71,C1,not included,not included,81.09452736318407
2020-21,N1,North East and Yorkshire,Barnsley,BSU,50<71,C2,not included,not included,32.0
2020-21,N1,North East and Yorkshire,Doncaster,BSU,50<71,C2,not included,not included,35.31879194630873
2020-21,N1,North East and Yorkshire,Gateshead,BSU,50<71,C2,not included,not included,32.27272727272727
2020-21,N1,North East and Yorkshire,Humberside,BSU,50<71,C2,not included,not included,42.2231985940246
2020-21,N1,North East and Yorkshire,Leeds Wakefield,BSU,50<71,C2,not included,not included,31.644562334217508
2020-21,N1,North East and Yorkshire,Newcastle,BSU,50<71,C2,not included,not included,42.83179559971611
2020-21,N1,North East and Yorkshire,North Cumbria,BSU,50<71,C2,not included,not included,41.446872645064055
2020-21,N1,North East and Yorkshire,North Tees,BSU,50<71,C2,not included,not included,38.753841855266835
2020-21,N1,North East and Yorkshire,North Yorkshire,BSU,50<71,C2,not included,not included,34.7617415152554
2020-21,N1,North East and Yorkshire,Pennine,BSU,50<71,C2,not included,not included,26.597805035506777
2020-21,N1,North East and Yorkshire,Rotherham,BSU,50<71,C2,not included,not included,24.203821656050955
2020-21,N1,North East and Yorkshire,Sheffield,BSU,50<71,C2,not included,not included,34.57814661134163
2020-21,N2,North West,Bolton,BSU,50<71,C2,not included,not included,35.273614499825726
2020-21,N2,North West,Cheshire & Stockport,BSU,50<71,C2,not included,not included,38.67595818815331
2020-21,N2,North West,Crewe,BSU,50<71,C2,not included,not included,37.964458804523424
2020-21,N2,North West,East Lancashire,BSU,50<71,C2,not included,not included,29.917550058892818
2020-21,N2,North West,Liverpool,BSU,50<71,C2,not included,not included,30.189423835832674
2020-21,N2,North West,Manchester,BSU,50<71,C2,not included,not included,30.606758832565284
2020-21,N2,North West,North Lancashire & South Cumbria,BSU,50<71,C2,not included,not included,35.44794188861985
2020-21,N2,North West,South Lancashire,BSU,50<71,C2,not included,not included,35.99752168525402
2020-21,N2,North West,"Warrington, Halton, St Helens & Knowsley",BSU,50<71,C2,not included,not included,31.88131313131313
2020-21,N2,North West,Wirral & Chester,BSU,50<71,C2,not included,not included,36.25632377740304
2020-21,N3,Midlands,"City, Sandwell & Walsall",BSU,50<71,C2,not included,not included,29.438457175269427
2020-21,N3,Midlands,"Dudley, Wolverhampton & South West Staffordshire",BSU,50<71,C2,not included,not included,35.294117647058826
2020-21,N3,Midlands,Hereford & Worcester,BSU,50<71,C2,not included,not included,41.86126373626374
2020-21,N3,Midlands,Kettering,BSU,50<71,C2,not included,not included,36.87374749498998
2020-21,N3,Midlands,Leicestershire,BSU,50<71,C2,not included,not included,41.63658243080626
2020-21,N3,Midlands,Lincolnshire,BSU,50<71,C2,not included,not included,27.025691699604742
2020-21,N3,Midlands,North Derbyshire & Chesterfield,BSU,50<71,C2,not included,not included,43.23832625833839
2020-21,N3,Midlands,North Midlands,BSU,50<71,C2,not included,not included,31.037735849056602
2020-21,N3,Midlands,North Nottinghamshire,BSU,50<71,C2,not included,not included,41.20734908136483
2020-21,N3,Midlands,Northampton,BSU,50<71,C2,not included,not included,37.82552083333333
2020-21,N3,Midlands,Nottingham City,BSU,50<71,C2,not included,not included,43.68968077208611
2020-21,N3,Midlands,Shropshire,BSU,50<71,C2,not included,not included,28.96237172177879
2020-21,N3,Midlands,South Birmingham,BSU,50<71,C2,not included,not included,29.74588938714499
2020-21,N3,Midlands,South Derbyshire & South East Staffordshire,BSU,50<71,C2,not included,not included,45.71110285926476
2020-21,N3,Midlands,"Warwickshire, Solihull & Coventry",BSU,50<71,C2,not included,not included,35.87140439932318
2020-21,N4,East of England,Beds & Herts,BSU,50<71,C2,not included,not included,28.7714385719286
2020-21,N4,East of England,Cambridge & Huntingdon,BSU,50<71,C2,not included,not included,41.67364016736402
2020-21,N4,East of England,Chelmsford & Colchester,BSU,50<71,C2,not included,not included,44.16267942583732
2020-21,N4,East of England,East Suffolk,BSU,50<71,C2,not included,not included,38.521066208082544
2020-21,N4,East of England,Great Yarmouth & Waveney,BSU,50<71,C2,not included,not included,35.02454991816694
2020-21,N4,East of England,King's Lynn,BSU,50<71,C2,not included,not included,56.91318327974276
2020-21,N4,East of England,Milton Keynes,BSU,50<71,C2,not included,not included,35.320754716981135
2020-21,N4,East of England,Norfolk & Norwich,BSU,50<71,C2,not included,not included,48.91669209642966
2020-21,N4,East of England,Peterborough,BSU,50<71,C2,not included,not included,36.90851735015773
2020-21,N4,East of England,South Essex,BSU,50<71,C2,not included,not included,38.49797023004059
2020-21,N4,East of England,West Essex (Epping),BSU,50<71,C2,not included,not included,76.27454870065463
2020-21,N4,East of England,West Suffolk,BSU,50<71,C2,not included,not included,49.81389578163772
2020-21,N5,London,Central & East London,BSU,50<71,C2,not included,not included,31.73006134969325
2020-21,N5,London,North London,BSU,50<71,C2,not included,not included,29.491465775118776
2020-21,N5,London,Outer North East London,BSU,50<71,C2,not included,not included,33.815842380377966
2020-21,N5,London,South East London,BSU,50<71,C2,not included,not included,32.57202180119387
2020-21,N5,London,South West London,BSU,50<71,C2,not included,not included,36.67007150153218
2020-21,N5,London,West of London,BSU,50<71,C2,not included,not included,27.946457721188377
2020-21,N6,South East,Aylesbury & Wycombe,BSU,50<71,C2,not included,not included,39.42969518190757
2020-21,N6,South East,Brighton,BSU,50<71,C2,not included,not included,32.867946480511925
2020-21,N6,South East,Canterbury,BSU,50<71,C2,not included,not included,33.526208304969366
2020-21,N6,South East,East Berkshire,BSU,50<71,C2,not included,not included,44.96268656716418
2020-21,N6,South East,Guildford,BSU,50<71,C2,not included,not included,36.42045454545455
2020-21,N6,South East,Isle of Wight,BSU,50<71,C2,not included,not included,55.83815028901734
2020-21,N6,South East,Maidstone,BSU,50<71,C2,not included,not included,29.55017301038062
2020-21,N6,South East,Medway,BSU,50<71,C2,not included,not included,27.78753292361721
2020-21,N6,South East,North & Mid Hampshire,BSU,50<71,C2,not included,not included,39.690222652468535
2020-21,N6,South East,Oxfordshire,BSU,50<71,C2,not included,not included,47.54990925589836
2020-21,N6,South East,Portsmouth,BSU,50<71,C2,not included,not included,49.348392701998264
2020-21,N6,South East,Southampton & Salisbury,BSU,50<71,C2,not included,not included,40.475081509082436
2020-21,N6,South East,West Berkshire,BSU,50<71,C2,not included,not included,41.609756097560975
2020-21,N6,South East,Worthing,BSU,50<71,C2,not included,not included,36.65242925787507
2020-21,N7,South West,Avon,BSU,50<71,C2,not included,not included,37.686186492552544
2020-21,N7,South West,Cornwall,BSU,50<71,C2,not included,not included,47.194432361896475
2020-21,N7,South West,Dorset,BSU,50<71,C2,not included,not included,37.82142857142857
2020-21,N7,South West,Gloucestershire,BSU,50<71,C2,not included,not included,33.490196078431374
2020-21,N7,South West,North & East Devon,BSU,50<71,C2,not included,not included,37.64019739793629
2020-21,N7,South West,Somerset,BSU,50<71,C2,not included,not included,42.63233190271817
2020-21,N7,South West,South Devon,BSU,50<71,C2,not included,not included,37.98730734360834
2020-21,N7,South West,West Devon,BSU,50<71,C2,not included,not included,39.575289575289574
2020-21,N7,South West,Wiltshire,BSU,50<71,C2,not included,not included,45.233424872499015
2020-21,N1,North East and Yorkshire,Barnsley,BSU,50<71,D,not included,not included,100.0
2020-21,N1,North East and Yorkshire,Doncaster,BSU,50<71,D,not included,not included,100.0
2020-21,N1,North East and Yorkshire,Gateshead,BSU,50<71,D,not included,not included,100.0
2020-21,N1,North East and Yorkshire,Humberside,BSU,50<71,D,not included,not included,100.0
2020-21,N1,North East and Yorkshire,Leeds Wakefield,BSU,50<71,D,not included,not included,100.0
2020-21,N1,North East and Yorkshire,Newcastle,BSU,50<71,D,not included,not included,100.0
2020-21,N1,North East and Yorkshire,North Cumbria,BSU,50<71,D,not included,not included,z
2020-21,N1,North East and Yorkshire,North Tees,BSU,50<71,D,not included,not included,100.0
2020-21,N1,North East and Yorkshire,North Yorkshire,BSU,50<71,D,not included,not included,z
2020-21,N1,North East and Yorkshire,Pennine,BSU,50<71,D,not included,not included,100.0
2020-21,N1,North East and Yorkshire,Rotherham,BSU,50<71,D,not included,not included,100.0
2020-21,N1,North East and Yorkshire,Sheffield,BSU,50<71,D,not included,not included,100.0
2020-21,N2,North West,Bolton,BSU,50<71,D,not included,not included,66.66666666666666
2020-21,N2,North West,Cheshire & Stockport,BSU,50<71,D,not included,not included,100.0
2020-21,N2,North West,Crewe,BSU,50<71,D,not included,not included,100.0
2020-21,N2,North West,East Lancashire,BSU,50<71,D,not included,not included,100.0
2020-21,N2,North West,Liverpool,BSU,50<71,D,not included,not included,100.0
2020-21,N2,North West,Manchester,BSU,50<71,D,not included,not included,z
2020-21,N2,North West,North Lancashire & South Cumbria,BSU,50<71,D,not included,not included,100.0
2020-21,N2,North West,South Lancashire,BSU,50<71,D,not included,not included,100.0
2020-21,N2,North West,"Warrington, Halton, St Helens & Knowsley",BSU,50<71,D,not included,not included,100.0
2020-21,N2,North West,Wirral & Chester,BSU,50<71,D,not included,not included,100.0
2020-21,N3,Midlands,"City, Sandwell & Walsall",BSU,50<71,D,not included,not included,100.0
2020-21,N3,Midlands,"Dudley, Wolverhampton & South West Staffordshire",BSU,50<71,D,not included,not included,100.0
2020-21,N3,Midlands,Hereford & Worcester,BSU,50<71,D,not included,not included,100.0
2020-21,N3,Midlands,Kettering,BSU,50<71,D,not included,not included,100.0
2020-21,N3,Midlands,Leicestershire,BSU,50<71,D,not included,not included,100.0
2020-21,N3,Midlands,Lincolnshire,BSU,50<71,D,not included,not included,z
2020-21,N3,Midlands,North Derbyshire & Chesterfield,BSU,50<71,D,not included,not included,z
2020-21,N3,Midlands,North Midlands,BSU,50<71,D,not included,not included,100.0
2020-21,N3,Midlands,North Nottinghamshire,BSU,50<71,D,not included,not included,100.0
2020-21,N3,Midlands,Northampton,BSU,50<71,D,not included,not included,100.0
2020-21,N3,Midlands,Nottingham City,BSU,50<71,D,not included,not included,100.0
2020-21,N3,Midlands,Shropshire,BSU,50<71,D,not included,not included,100.0
2020-21,N3,Midlands,South Birmingham,BSU,50<71,D,not included,not included,100.0
2020-21,N3,Midlands,South Derbyshire & South East Staffordshire,BSU,50<71,D,not included,not included,100.0
2020-21,N3,Midlands,"Warwickshire, Solihull & Coventry",BSU,50<71,D,not included,not included,100.0
2020-21,N4,East of England,Beds & Herts,BSU,50<71,D,not included,not included,100.0
2020-21,N4,East of England,Cambridge & Huntingdon,BSU,50<71,D,not included,not included,100.0
2020-21,N4,East of England,Chelmsford & Colchester,BSU,50<71,D,not included,not included,100.0
2020-21,N4,East of England,East Suffolk,BSU,50<71,D,not included,not included,100.0
2020-21,N4,East of England,Great Yarmouth & Waveney,BSU,50<71,D,not included,not included,100.0
2020-21,N4,East of England,King's Lynn,BSU,50<71,D,not included,not included,100.0
2020-21,N4,East of England,Milton Keynes,BSU,50<71,D,not included,not included,100.0
2020-21,N4,East of England,Norfolk & Norwich,BSU,50<71,D,not included,not included,100.0
2020-21,N4,East of England,Peterborough,BSU,50<71,D,not included,not included,z
2020-21,N4,East of England,South Essex,BSU,50<71,D,not included,not included,100.0
2020-21,N4,East of England,West Essex (Epping),BSU,50<71,D,not included,not included,100.0
2020-21,N4,East of England,West Suffolk,BSU,50<71,D,not included,not included,100.0
2020-21,N5,London,Central & East London,BSU,50<71,D,not included,not included,100.0
2020-21,N5,London,North London,BSU,50<71,D,not included,not included,100.0
2020-21,N5,London,Outer North East London,BSU,50<71,D,not included,not included,100.0
2020-21,N5,London,South East London,BSU,50<71,D,not included,not included,100.0
2020-21,N5,London,South West London,BSU,50<71,D,not included,not included,85.71428571428571
2020-21,N5,London,West of London,BSU,50<71,D,not included,not included,100.0
2020-21,N6,South East,Aylesbury & Wycombe,BSU,50<71,D,not included,not included,100.0
2020-21,N6,South East,Brighton,BSU,50<71,D,not included,not included,100.0
2020-21,N6,South East,Canterbury,BSU,50<71,D,not included,not included,100.0
2020-21,N6,South East,East Berkshire,BSU,50<71,D,not included,not included,100.0
2020-21,N6,South East,Guildford,BSU,50<71,D,not included,not included,100.0
2020-21,N6,South East,Isle of Wight,BSU,50<71,D,not included,not included,100.0
2020-21,N6,South East,Maidstone,BSU,50<71,D,not included,not included,100.0
2020-21,N6,South East,Medway,BSU,50<71,D,not included,not included,z
2020-21,N6,South East,North & Mid Hampshire,BSU,50<71,D,not included,not included,100.0
2020-21,N6,South East,Oxfordshire,BSU,50<71,D,not included,not included,100.0
2020-21,N6,South East,Portsmouth,BSU,50<71,D,not included,not included,100.0
2020-21,N6,South East,Southampton & Salisbury,BSU,50<71,D,not included,not included,100.0
2020-21,N6,South East,West Berkshire,BSU,50<71,D,not included,not included,100.0
2020-21,N6,South East,Worthing,BSU,50<71,D,not included,not included,100.0
2020-21,N7,South West,Avon,BSU,50<71,D,not included,not included,93.33333333333333
2020-21,N7,South West,Cornwall,BSU,50<71,D,not included,not included,100.0
2020-21,N7,South West,Dorset,BSU,50<71,D,not included,not included,100.0
2020-21,N7,South West,Gloucestershire,BSU,50<71,D,not included,not included,100.0
2020-21,N7,South West,North & East Devon,BSU,50<71,D,not included,not included,100.0
2020-21,N7,South West,Somerset,BSU,50<71,D,not included,not included,100.0
2020-21,N7,South West,South Devon,BSU,50<71,D,not included,not included,z
2020-21,N7,South West,West Devon,BSU,50<71,D,not included,not included,75.0
2020-21,N7,South West,Wiltshire,BSU,50<71,D,not included,not included,100.0
2021-22,N1,North East and Yorkshire,Barnsley,BSU,50<71,A,not included,not included,55.84664536741214
2021-22,N1,North East and Yorkshire,Doncaster,BSU,50<71,A,not included,not included,47.945976364659536
2021-22,N1,North East and Yorkshire,Gateshead,BSU,50<71,A,not included,not included,58.41661258922778
2021-22,N1,North East and Yorkshire,Humberside,BSU,50<71,A,not included,not included,62.40722813810907
2021-22,N1,North East and Yorkshire,Leeds Wakefield,BSU,50<71,A,not included,not included,51.609596063153575
2021-22,N1,North East and Yorkshire,Newcastle,BSU,50<71,A,not included,not included,56.607236497115885
2021-22,N1,North East and Yorkshire,North Cumbria,BSU,50<71,A,not included,not included,60.93793103448276
2021-22,N1,North East and Yorkshire,North Tees,BSU,50<71,A,not included,not included,55.72387943151648
2021-22,N1,North East and Yorkshire,North Yorkshire,BSU,50<71,A,not included,not included,55.78399122807017
2021-22,N1,North East and Yorkshire,Pennine,BSU,50<71,A,not included,not included,52.37004405286344
2021-22,N1,North East and Yorkshire,Rotherham,BSU,50<71,A,not included,not included,50.08103727714749
2021-22,N1,North East and Yorkshire,Sheffield,BSU,50<71,A,not included,not included,54.63117027176927
2021-22,N2,North West,Bolton,BSU,50<71,A,not included,not included,52.41040567582318
2021-22,N2,North West,Cheshire & Stockport,BSU,50<71,A,not included,not included,46.570319240724764
2021-22,N2,North West,East Lancashire,BSU,50<71,A,not included,not included,54.17879417879418
2021-22,N2,North West,Liverpool,BSU,50<71,A,not included,not included,47.47652582159624
2021-22,N2,North West,Manchester,BSU,50<71,A,not included,not included,40.3843436484386
2021-22,N2,North West,North Lancashire & South Cumbria,BSU,50<71,A,not included,not included,55.05651846269781
2021-22,N2,North West,South Lancashire,BSU,50<71,A,not included,not included,55.383057711778605
2021-22,N2,North West,"Warrington, Halton, St Helens & Knowsley",BSU,50<71,A,not included,not included,61.01980615254951
2021-22,N2,North West,Wirral & Chester,BSU,50<71,A,not included,not included,57.65488991295443
2021-22,N3,Midlands,"City, Sandwell & Walsall",BSU,50<71,A,not included,not included,44.082594235033255
2021-22,N3,Midlands,"Dudley, Wolverhampton & South West Staffordshire",BSU,50<71,A,not included,not included,49.116279069767444
2021-22,N3,Midlands,Hereford & Worcester,BSU,50<71,A,not included,not included,54.53844175880689
2021-22,N3,Midlands,Kettering,BSU,50<71,A,not included,not included,51.12994350282486
2021-22,N3,Midlands,Leicestershire,BSU,50<71,A,not included,not included,46.80960725698382
2021-22,N3,Midlands,Lincolnshire,BSU,50<71,A,not included,not included,46.39126305792973
2021-22,N3,Midlands,North Derbyshire & Chesterfield,BSU,50<71,A,not included,not included,63.40394448502556
2021-22,N3,Midlands,North Midlands,BSU,50<71,A,not included,not included,58.02207130730051
2021-22,N3,Midlands,North Nottinghamshire,BSU,50<71,A,not included,not included,58.08605341246291
2021-22,N3,Midlands,Northampton,BSU,50<71,A,not included,not included,45.3921568627451
2021-22,N3,Midlands,Nottingham City,BSU,50<71,A,not included,not included,57.81285231116122
2021-22,N3,Midlands,Shropshire,BSU,50<71,A,not included,not included,57.1611253196931
2021-22,N3,Midlands,South Birmingham,BSU,50<71,A,not included,not included,43.13312258517738
2021-22,N3,Midlands,South Derbyshire & South East Staffordshire,BSU,50<71,A,not included,not included,58.58295718779921
2021-22,N3,Midlands,"Warwickshire, Solihull & Coventry",BSU,50<71,A,not included,not included,50.33352668213457
2021-22,N4,East of England,Beds & Herts,BSU,50<71,A,not included,not included,45.10915197313182
2021-22,N4,East of England,Cambridge & Huntingdon,BSU,50<71,A,not included,not included,49.060369200066525
2021-22,N4,East of England,Chelmsford & Colchester,BSU,50<71,A,not included,not included,47.514619883040936
2021-22,N4,East of England,East Suffolk,BSU,50<71,A,not included,not included,67.75510204081633
2021-22,N4,East of England,Great Yarmouth & Waveney,BSU,50<71,A,not included,not included,49.13344887348354
2021-22,N4,East of England,King's Lynn,BSU,50<71,A,not included,not included,65.25223950966526
2021-22,N4,East of England,Milton Keynes,BSU,50<71,A,not included,not included,46.15002483854943
2021-22,N4,East of England,Norfolk & Norwich,BSU,50<71,A,not included,not included,60.62909014143973
2021-22,N4,East of England,Peterborough,BSU,50<71,A,not included,not included,52.57352941176471
2021-22,N4,East of England,South Essex,BSU,50<71,A,not included,not included,55.57689230276844
2021-22,N4,East of England,West Essex (Epping),BSU,50<71,A,not included,not included,45.53660982948847
2021-22,N4,East of England,West Suffolk,BSU,50<71,A,not included,not included,33.274956217162874
2021-22,N5,London,Central & East London,BSU,50<71,A,not included,not included,33.880346297971315
2021-22,N5,London,North London,BSU,50<71,A,not included,not included,36.95353313170195
2021-22,N5,London,Outer North East London,BSU,50<71,A,not included,not included,41.627336228053615
2021-22,N5,London,South East London,BSU,50<71,A,not included,not included,39.6232733361239
2021-22,N5,London,South West London,BSU,50<71,A,not included,not included,38.730330982094415
2021-22,N5,London,West of London,BSU,50<71,A,not included,not included,26.141134137402545
2021-22,N6,South East,Aylesbury & Wycombe,BSU,50<71,A,not included,not included,65.92797783933518
2021-22,N6,South East,Brighton,BSU,50<71,A,not included,not included,51.34133427462054
2021-22,N6,South East,Canterbury,BSU,50<71,A,not included,not included,51.78320696433586
2021-22,N6,South East,East Berkshire,BSU,50<71,A,not included,not included,57.98130841121495
2021-22,N6,South East,Guildford,BSU,50<71,A,not included,not included,48.91663079351413
2021-22,N6,South East,Isle of Wight,BSU,50<71,A,not included,not included,63.982102908277405
2021-22,N6,South East,Maidstone,BSU,50<71,A,not included,not included,56.868537666174305
2021-22,N6,South East,Medway,BSU,50<71,A,not included,not included,44.976635514018696
2021-22,N6,South East,North & Mid Hampshire,BSU,50<71,A,not included,not included,54.721753794266434
2021-22,N6,South East,Oxfordshire,BSU,50<71,A,not included,not included,61.32501613250161
2021-22,N6,South East,Portsmouth,BSU,50<71,A,not included,not included,67.39495798319328
2021-22,N6,South East,Southampton & Salisbury,BSU,50<71,A,not included,not included,53.23117921385743
2021-22,N6,South East,West Berkshire,BSU,50<71,A,not included,not included,52.61396905060644
2021-22,N6,South East,Worthing,BSU,50<71,A,not included,not included,56.821725571725565
2021-22,N7,South West,Avon,BSU,50<71,A,not included,not included,54.82070365358592
2021-22,N7,South West,Cornwall,BSU,50<71,A,not included,not included,52.28070175438596
2021-22,N7,South West,Dorset,BSU,50<71,A,not included,not included,53.256371160967106
2021-22,N7,South West,Gloucestershire,BSU,50<71,A,not included,not included,59.30027686886484
2021-22,N7,South West,North & East Devon,BSU,50<71,A,not included,not included,56.57728485188825
2021-22,N7,South West,Somerset,BSU,50<71,A,not included,not included,52.260842817594586
2021-22,N7,South West,South Devon,BSU,50<71,A,not included,not included,53.86206896551724
2021-22,N7,South West,West Devon,BSU,50<71,A,not included,not included,60.8662322729015
2021-22,N7,South West,Wiltshire,BSU,50<71,A,not included,not included,46.616809116809115
2021-22,N1,North East and Yorkshire,Barnsley,BSU,50<71,A and C1,not included,not included,76.95724954931754
2021-22,N1,North East and Yorkshire,Doncaster,BSU,50<71,A and C1,not included,not included,73.79300646854786
2021-22,N1,North East and Yorkshire,Gateshead,BSU,50<71,A and C1,not included,not included,76.20914101102242
2021-22,N1,North East and Yorkshire,Humberside,BSU,50<71,A and C1,not included,not included,80.02056986134389
2021-22,N1,North East and Yorkshire,Leeds Wakefield,BSU,50<71,A and C1,not included,not included,76.70256537086584
2021-22,N1,North East and Yorkshire,Newcastle,BSU,50<71,A and C1,not included,not included,75.97804304260696
2021-22,N1,North East and Yorkshire,North Cumbria,BSU,50<71,A and C1,not included,not included,75.44236236003945
2021-22,N1,North East and Yorkshire,North Tees,BSU,50<71,A and C1,not included,not included,76.75127692218058
2021-22,N1,North East and Yorkshire,North Yorkshire,BSU,50<71,A and C1,not included,not included,81.41369170308077
2021-22,N1,North East and Yorkshire,Pennine,BSU,50<71,A and C1,not included,not included,74.68710743032615
2021-22,N1,North East and Yorkshire,Rotherham,BSU,50<71,A and C1,not included,not included,78.19067925677734
2021-22,N1,North East and Yorkshire,Sheffield,BSU,50<71,A and C1,not included,not included,79.6792356253199
2021-22,N2,North West,Bolton,BSU,50<71,A and C1,not included,not included,73.09100825931121
2021-22,N2,North West,Cheshire & Stockport,BSU,50<71,A and C1,not included,not included,67.55584930601454
2021-22,N2,North West,East Lancashire,BSU,50<71,A and C1,not included,not included,78.34983498349834
2021-22,N2,North West,Liverpool,BSU,50<71,A and C1,not included,not included,73.54510997086352
2021-22,N2,North West,Manchester,BSU,50<71,A and C1,not included,not included,64.20425498446656
2021-22,N2,North West,North Lancashire & South Cumbria,BSU,50<71,A and C1,not included,not included,75.3545898105072
2021-22,N2,North West,South Lancashire,BSU,50<71,A and C1,not included,not included,77.79993124785149
2021-22,N2,North West,"Warrington, Halton, St Helens & Knowsley",BSU,50<71,A and C1,not included,not included,81.90403381751136
2021-22,N2,North West,Wirral & Chester,BSU,50<71,A and C1,not included,not included,78.16586128482092
2021-22,N3,Midlands,"City, Sandwell & Walsall",BSU,50<71,A and C1,not included,not included,72.45210146028164
2021-22,N3,Midlands,"Dudley, Wolverhampton & South West Staffordshire",BSU,50<71,A and C1,not included,not included,74.4530698659139
2021-22,N3,Midlands,Hereford & Worcester,BSU,50<71,A and C1,not included,not included,78.15263306110954
2021-22,N3,Midlands,Kettering,BSU,50<71,A and C1,not included,not included,79.65587044534414
2021-22,N3,Midlands,Leicestershire,BSU,50<71,A and C1,not included,not included,68.722751761293
2021-22,N3,Midlands,Lincolnshire,BSU,50<71,A and C1,not included,not included,73.24135047559318
2021-22,N3,Midlands,North Derbyshire & Chesterfield,BSU,50<71,A and C1,not included,not included,80.83561864816906
2021-22,N3,Midlands,North Midlands,BSU,50<71,A and C1,not included,not included,76.6480609974098
2021-22,N3,Midlands,North Nottinghamshire,BSU,50<71,A and C1,not included,not included,80.21364408837096
2021-22,N3,Midlands,Northampton,BSU,50<71,A and C1,not included,not included,73.52713378427221
2021-22,N3,Midlands,Nottingham City,BSU,50<71,A and C1,not included,not included,77.76045072689773
2021-22,N3,Midlands,Shropshire,BSU,50<71,A and C1,not included,not included,76.23179140600027
2021-22,N3,Midlands,South Birmingham,BSU,50<71,A and C1,not included,not included,60.88834885918726
2021-22,N3,Midlands,South Derbyshire & South East Staffordshire,BSU,50<71,A and C1,not included,not included,78.02844531633154
2021-22,N3,Midlands,"Warwickshire, Solihull & Coventry",BSU,50<71,A and C1,not included,not included,74.25507622736126
2021-22,N4,East of England,Beds & Herts,BSU,50<71,A and C1,not included,not included,71.88627341163293
2021-22,N4,East of England,Cambridge & Huntingdon,BSU,50<71,A and C1,not included,not included,71.9749562058003
2021-22,N4,East of England,Chelmsford & Colchester,BSU,50<71,A and C1,not included,not included,69.87755102040816
2021-22,N4,East of England,East Suffolk,BSU,50<71,A and C1,not included,not included,83.52859297065307
2021-22,N4,East of England,Great Yarmouth & Waveney,BSU,50<71,A and C1,not included,not included,74.55957982273772
2021-22,N4,East of England,King's Lynn,BSU,50<71,A and C1,not included,not included,83.00179033220608
2021-22,N4,East of England,Milton Keynes,BSU,50<71,A and C1,not included,not included,69.27792915531336
2021-22,N4,East of England,Norfolk & Norwich,BSU,50<71,A and C1,not included,not included,80.20268765312942
2021-22,N4,East of England,Peterborough,BSU,50<71,A and C1,not included,not included,71.65219595665124
2021-22,N4,East of England,South Essex,BSU,50<71,A and C1,not included,not included,75.35044545511184
2021-22,N4,East of England,West Essex (Epping),BSU,50<71,A and C1,not included,not included,74.32899616569237
2021-22,N4,East of England,West Suffolk,BSU,50<71,A and C1,not included,not included,81.30625248904819
2021-22,N5,London,Central & East London,BSU,50<71,A and C1,not included,not included,51.84048468421787
2021-22,N5,London,North London,BSU,50<71,A and C1,not included,not included,65.45888452778989
2021-22,N5,London,Outer North East London,BSU,50<71,A and C1,not included,not included,69.14900819172703
2021-22,N5,London,South East London,BSU,50<71,A and C1,not included,not included,66.27951821526047
2021-22,N5,London,South West London,BSU,50<71,A and C1,not included,not included,66.54419710395504
2021-22,N5,London,West of London,BSU,50<71,A and C1,not included,not included,52.49410150432556
2021-22,N6,South East,Aylesbury & Wycombe,BSU,50<71,A and C1,not included,not included,85.59189389570805
2021-22,N6,South East,Brighton,BSU,50<71,A and C1,not included,not included,76.2161570259246
2021-22,N6,South East,Canterbury,BSU,50<71,A and C1,not included,not included,74.75428055430139
2021-22,N6,South East,East Berkshire,BSU,50<71,A and C1,not included,not included,81.26085069444444
2021-22,N6,South East,Guildford,BSU,50<71,A and C1,not included,not included,76.24214624368808
2021-22,N6,South East,Isle of Wight,BSU,50<71,A and C1,not included,not included,83.59559402045633
2021-22,N6,South East,Maidstone,BSU,50<71,A and C1,not included,not included,75.34265604741618
2021-22,N6,South East,Medway,BSU,50<71,A and C1,not included,not included,72.28424461802247
2021-22,N6,South East,North & Mid Hampshire,BSU,50<71,A and C1,not included,not included,80.26105060858424
2021-22,N6,South East,Oxfordshire,BSU,50<71,A and C1,not included,not included,82.32183590239856
2021-22,N6,South East,Portsmouth,BSU,50<71,A and C1,not included,not included,85.02313840976021
2021-22,N6,South East,Southampton & Salisbury,BSU,50<71,A and C1,not included,not included,75.92351762679695
2021-22,N6,South East,West Berkshire,BSU,50<71,A and C1,not included,not included,83.45175228036486
2021-22,N6,South East,Worthing,BSU,50<71,A and C1,not included,not included,76.69500152702841
2021-22,N7,South West,Avon,BSU,50<71,A and C1,not included,not included,77.31209216144364
2021-22,N7,South West,Cornwall,BSU,50<71,A and C1,not included,not included,76.77213530285815
2021-22,N7,South West,Dorset,BSU,50<71,A and C1,not included,not included,75.56037410523015
2021-22,N7,South West,Gloucestershire,BSU,50<71,A and C1,not included,not included,79.48122697867335
2021-22,N7,South West,North & East Devon,BSU,50<71,A and C1,not included,not included,74.83426635238656
2021-22,N7,South West,Somerset,BSU,50<71,A and C1,not included,not included,78.24659333442784
2021-22,N7,South West,South Devon,BSU,50<71,A and C1,not included,not included,79.65301974448316
2021-22,N7,South West,West Devon,BSU,50<71,A and C1,not included,not included,82.02251808021039
2021-22,N7,South West,Wiltshire,BSU,50<71,A and C1,not included,not included,73.14031013559068
2021-22,N1,North East and Yorkshire,Barnsley,BSU,50<71,A to C2,not included,not included,65.55215800290742
2021-22,N1,North East and Yorkshire,Doncaster,BSU,50<71,A to C2,not included,not included,62.45404579041241
2021-22,N1,North East and Yorkshire,Gateshead,BSU,50<71,A to C2,not included,not included,66.19068839245926
2021-22,N1,North East and Yorkshire,Humberside,BSU,50<71,A to C2,not included,not included,69.09974597301147
2021-22,N1,North East and Yorkshire,Leeds Wakefield,BSU,50<71,A to C2,not included,not included,62.655412148789694
2021-22,N1,North East and Yorkshire,Newcastle,BSU,50<71,A to C2,not included,not included,65.9808777790577
2021-22,N1,North East and Yorkshire,North Cumbria,BSU,50<71,A to C2,not included,not included,64.92743138762039
2021-22,N1,North East and Yorkshire,North Tees,BSU,50<71,A to C2,not included,not included,65.4697476436607
2021-22,N1,North East and Yorkshire,North Yorkshire,BSU,50<71,A to C2,not included,not included,71.01048308656652
2021-22,N1,North East and Yorkshire,Pennine,BSU,50<71,A to C2,not included,not included,61.96936774603847
2021-22,N1,North East and Yorkshire,Rotherham,BSU,50<71,A to C2,not included,not included,65.48414023372288
2021-22,N1,North East and Yorkshire,Sheffield,BSU,50<71,A to C2,not included,not included,67.27906976744185
2021-22,N2,North West,Bolton,BSU,50<71,A to C2,not included,not included,62.15764863059452
2021-22,N2,North West,Cheshire & Stockport,BSU,50<71,A to C2,not included,not included,57.12518003123922
2021-22,N2,North West,East Lancashire,BSU,50<71,A to C2,not included,not included,65.6068586367306
2021-22,N2,North West,Liverpool,BSU,50<71,A to C2,not included,not included,59.33387922990497
2021-22,N2,North West,Manchester,BSU,50<71,A to C2,not included,not included,50.120338607945115
2021-22,N2,North West,North Lancashire & South Cumbria,BSU,50<71,A to C2,not included,not included,64.98479707398758
2021-22,N2,North West,South Lancashire,BSU,50<71,A to C2,not included,not included,66.04447762785985
2021-22,N2,North West,"Warrington, Halton, St Helens & Knowsley",BSU,50<71,A to C2,not included,not included,70.78526904062478
2021-22,N2,North West,Wirral & Chester,BSU,50<71,A to C2,not included,not included,67.74212083776251
2021-22,N3,Midlands,"City, Sandwell & Walsall",BSU,50<71,A to C2,not included,not included,56.418688341502765
2021-22,N3,Midlands,"Dudley, Wolverhampton & South West Staffordshire",BSU,50<71,A to C2,not included,not included,60.614282613414375
2021-22,N3,Midlands,Hereford & Worcester,BSU,50<71,A to C2,not included,not included,66.30707529971905
2021-22,N3,Midlands,Kettering,BSU,50<71,A to C2,not included,not included,68.63099050835613
2021-22,N3,Midlands,Leicestershire,BSU,50<71,A to C2,not included,not included,56.964667358238245
2021-22,N3,Midlands,Lincolnshire,BSU,50<71,A to C2,not included,not included,63.621630842715795
2021-22,N3,Midlands,North Derbyshire & Chesterfield,BSU,50<71,A to C2,not included,not included,70.18827147666347
2021-22,N3,Midlands,North Midlands,BSU,50<71,A to C2,not included,not included,67.18084945814591
2021-22,N3,Midlands,North Nottinghamshire,BSU,50<71,A to C2,not included,not included,71.41425612933395
2021-22,N3,Midlands,Northampton,BSU,50<71,A to C2,not included,not included,62.06910341518036
2021-22,N3,Midlands,Nottingham City,BSU,50<71,A to C2,not included,not included,66.18699363283329
2021-22,N3,Midlands,Shropshire,BSU,50<71,A to C2,not included,not included,66.76968303621905
2021-22,N3,Midlands,South Birmingham,BSU,50<71,A to C2,not included,not included,48.30607204436367
2021-22,N3,Midlands,South Derbyshire & South East Staffordshire,BSU,50<71,A to C2,not included,not included,67.04104975535363
2021-22,N3,Midlands,"Warwickshire, Solihull & Coventry",BSU,50<71,A to C2,not included,not included,63.26114169110208
2021-22,N4,East of England,Beds & Herts,BSU,50<71,A to C2,not included,not included,60.18911812297735
2021-22,N4,East of England,Cambridge & Huntingdon,BSU,50<71,A to C2,not included,not included,61.35399876007439
2021-22,N4,East of England,Chelmsford & Colchester,BSU,50<71,A to C2,not included,not included,59.614868491680085
2021-22,N4,East of England,East Suffolk,BSU,50<71,A to C2,not included,not included,74.20098039215686
2021-22,N4,East of England,Great Yarmouth & Waveney,BSU,50<71,A to C2,not included,not included,63.77012290115977
2021-22,N4,East of England,King's Lynn,BSU,50<71,A to C2,not included,not included,73.22163213404144
2021-22,N4,East of England,Milton Keynes,BSU,50<71,A to C2,not included,not included,57.240901649666284
2021-22,N4,East of England,Norfolk & Norwich,BSU,50<71,A to C2,not included,not included,70.53581862802383
2021-22,N4,East of England,Peterborough,BSU,50<71,A to C2,not included,not included,61.53769395799033
2021-22,N4,East of England,South Essex,BSU,50<71,A to C2,not included,not included,62.927198712486984
2021-22,N4,East of England,West Essex (Epping),BSU,50<71,A to C2,not included,not included,62.497157152604046
2021-22,N4,East of England,West Suffolk,BSU,50<71,A to C2,not included,not included,69.83436606291707
2021-22,N5,London,Central & East London,BSU,50<71,A to C2,not included,not included,42.36751314970873
2021-22,N5,London,North London,BSU,50<71,A to C2,not included,not included,54.46137254722758
2021-22,N5,London,Outer North East London,BSU,50<71,A to C2,not included,not included,57.86461314324367
2021-22,N5,London,South East London,BSU,50<71,A to C2,not included,not included,53.88618136613164
2021-22,N5,London,South West London,BSU,50<71,A to C2,not included,not included,53.94461172106655
2021-22,N5,London,West of London,BSU,50<71,A to C2,not included,not included,41.10458451028826
2021-22,N6,South East,Aylesbury & Wycombe,BSU,50<71,A to C2,not included,not included,76.32276931447225
2021-22,N6,South East,Brighton,BSU,50<71,A to C2,not included,not included,63.2927384946771
2021-22,N6,South East,Canterbury,BSU,50<71,A to C2,not included,not included,64.46567960221117
2021-22,N6,South East,East Berkshire,BSU,50<71,A to C2,not included,not included,70.30187882626134
2021-22,N6,South East,Guildford,BSU,50<71,A to C2,not included,not included,65.03180128967817
2021-22,N6,South East,Isle of Wight,BSU,50<71,A to C2,not included,not included,74.5982694684796
2021-22,N6,South East,Maidstone,BSU,50<71,A to C2,not included,not included,65.40043731238187
2021-22,N6,South East,Medway,BSU,50<71,A to C2,not included,not included,59.388948080744086
2021-22,N6,South East,North & Mid Hampshire,BSU,50<71,A to C2,not included,not included,69.73251691911054
2021-22,N6,South East,Oxfordshire,BSU,50<71,A to C2,not included,not included,72.26566684520621
2021-22,N6,South East,Portsmouth,BSU,50<71,A to C2,not included,not included,73.96614001032017
2021-22,N6,South East,Southampton & Salisbury,BSU,50<71,A to C2,not included,not included,64.54989532449406
2021-22,N6,South East,West Berkshire,BSU,50<71,A to C2,not included,not included,71.33002408934959
2021-22,N6,South East,Worthing,BSU,50<71,A to C2,not included,not included,65.82514436227332
2021-22,N7,South West,Avon,BSU,50<71,A to C2,not included,not included,64.48757338849512
2021-22,N7,South West,Cornwall,BSU,50<71,A to C2,not included,not included,65.10433809492463
2021-22,N7,South West,Dorset,BSU,50<71,A to C2,not included,not included,64.7665655280415
2021-22,N7,South West,Gloucestershire,BSU,50<71,A to C2,not included,not included,68.53450402012528
2021-22,N7,South West,North & East Devon,BSU,50<71,A to C2,not included,not included,66.93211527481444
2021-22,N7,South West,Somerset,BSU,50<71,A to C2,not included,not included,67.02679736578557
2021-22,N7,South West,South Devon,BSU,50<71,A to C2,not included,not included,68.45955753248273
2021-22,N7,South West,West Devon,BSU,50<71,A to C2,not included,not included,72.53387488763859
2021-22,N7,South West,Wiltshire,BSU,50<71,A to C2,not included,not included,60.731871083258724
2021-22,N1,North East and Yorkshire,Barnsley,BSU,50<71,A to D,not included,not included,65.57286709082712
2021-22,N1,North East and Yorkshire,Doncaster,BSU,50<71,A to D,not included,not included,62.455412389895905
2021-22,N1,North East and Yorkshire,Gateshead,BSU,50<71,A to D,not included,not included,66.19723766538172
2021-22,N1,North East and Yorkshire,Humberside,BSU,50<71,A to D,not included,not included,69.10382898754992
2021-22,N1,North East and Yorkshire,Leeds Wakefield,BSU,50<71,A to D,not included,not included,62.659833570123816
2021-22,N1,North East and Yorkshire,Newcastle,BSU,50<71,A to D,not included,not included,65.98322889789901
2021-22,N1,North East and Yorkshire,North Cumbria,BSU,50<71,A to D,not included,not included,64.92901709015283
2021-22,N1,North East and Yorkshire,North Tees,BSU,50<71,A to D,not included,not included,65.47604571984435
2021-22,N1,North East and Yorkshire,North Yorkshire,BSU,50<71,A to D,not included,not included,71.01048308656652
2021-22,N1,North East and Yorkshire,Pennine,BSU,50<71,A to D,not included,not included,61.96936774603847
2021-22,N1,North East and Yorkshire,Rotherham,BSU,50<71,A to D,not included,not included,65.48619805640017
2021-22,N1,North East and Yorkshire,Sheffield,BSU,50<71,A to D,not included,not included,67.27906976744185
2021-22,N2,North West,Bolton,BSU,50<71,A to D,not included,not included,62.162244216406584
2021-22,N2,North West,Cheshire & Stockport,BSU,50<71,A to D,not included,not included,57.13213670013183
2021-22,N2,North West,East Lancashire,BSU,50<71,A to D,not included,not included,65.60950294083727
2021-22,N2,North West,Liverpool,BSU,50<71,A to D,not included,not included,59.33775086636962
2021-22,N2,North West,Manchester,BSU,50<71,A to D,not included,not included,50.120338607945115
2021-22,N2,North West,North Lancashire & South Cumbria,BSU,50<71,A to D,not included,not included,64.9894254494184
2021-22,N2,North West,South Lancashire,BSU,50<71,A to D,not included,not included,66.05081447119358
2021-22,N2,North West,"Warrington, Halton, St Helens & Knowsley",BSU,50<71,A to D,not included,not included,70.79050109244601
2021-22,N2,North West,Wirral & Chester,BSU,50<71,A to D,not included,not included,67.74212083776251
2021-22,N3,Midlands,"City, Sandwell & Walsall",BSU,50<71,A to D,not included,not included,56.418688341502765
2021-22,N3,Midlands,"Dudley, Wolverhampton & South West Staffordshire",BSU,50<71,A to D,not included,not included,60.61513750515509
2021-22,N3,Midlands,Hereford & Worcester,BSU,50<71,A to D,not included,not included,66.30996547361198
2021-22,N3,Midlands,Kettering,BSU,50<71,A to D,not included,not included,68.6328170490276
2021-22,N3,Midlands,Leicestershire,BSU,50<71,A to D,not included,not included,56.96520521921712
2021-22,N3,Midlands,Lincolnshire,BSU,50<71,A to D,not included,not included,63.621630842715795
2021-22,N3,Midlands,North Derbyshire & Chesterfield,BSU,50<71,A to D,not included,not included,70.18827147666347
2021-22,N3,Midlands,North Midlands,BSU,50<71,A to D,not included,not included,67.1828307525129
2021-22,N3,Midlands,North Nottinghamshire,BSU,50<71,A to D,not included,not included,71.42761752136752
2021-22,N3,Midlands,Northampton,BSU,50<71,A to D,not included,not included,62.07820246281784
2021-22,N3,Midlands,Nottingham City,BSU,50<71,A to D,not included,not included,66.18899314042419
2021-22,N3,Midlands,Shropshire,BSU,50<71,A to D,not included,not included,66.77218767665347
2021-22,N3,Midlands,South Birmingham,BSU,50<71,A to D,not included,not included,48.30607204436367
2021-22,N3,Midlands,South Derbyshire & South East Staffordshire,BSU,50<71,A to D,not included,not included,67.04157333714595
2021-22,N3,Midlands,"Warwickshire, Solihull & Coventry",BSU,50<71,A to D,not included,not included,63.26492121461516
2021-22,N4,East of England,Beds & Herts,BSU,50<71,A to D,not included,not included,60.21024435852728
2021-22,N4,East of England,Cambridge & Huntingdon,BSU,50<71,A to D,not included,not included,61.361664145984676
2021-22,N4,East of England,Chelmsford & Colchester,BSU,50<71,A to D,not included,not included,59.614868491680085
2021-22,N4,East of England,East Suffolk,BSU,50<71,A to D,not included,not included,74.20350945985687
2021-22,N4,East of England,Great Yarmouth & Waveney,BSU,50<71,A to D,not included,not included,63.7826613600969
2021-22,N4,East of England,King's Lynn,BSU,50<71,A to D,not included,not included,73.22563757385386
2021-22,N4,East of England,Milton Keynes,BSU,50<71,A to D,not included,not included,57.24359377951269
2021-22,N4,East of England,Norfolk & Norwich,BSU,50<71,A to D,not included,not included,70.53840086471327
2021-22,N4,East of England,Peterborough,BSU,50<71,A to D,not included,not included,61.56454105798475
2021-22,N4,East of England,South Essex,BSU,50<71,A to D,not included,not included,62.92895347186065
2021-22,N4,East of England,West Essex (Epping),BSU,50<71,A to D,not included,not included,62.497157152604046
2021-22,N4,East of England,West Suffolk,BSU,50<71,A to D,not included,not included,69.83436606291707
2021-22,N5,London,Central & East London,BSU,50<71,A to D,not included,not included,42.37077253704332
2021-22,N5,London,North London,BSU,50<71,A to D,not included,not included,54.46220491870699
2021-22,N5,London,Outer North East London,BSU,50<71,A to D,not included,not included,57.86680541103018
2021-22,N5,London,South East London,BSU,50<71,A to D,not included,not included,53.89378973535429
2021-22,N5,London,South West London,BSU,50<71,A to D,not included,not included,53.947775119343355
2021-22,N5,London,West of London,BSU,50<71,A to D,not included,not included,41.10528057485936
2021-22,N6,South East,Aylesbury & Wycombe,BSU,50<71,A to D,not included,not included,76.32437946276777
2021-22,N6,South East,Brighton,BSU,50<71,A to D,not included,not included,63.29881963139366
2021-22,N6,South East,Canterbury,BSU,50<71,A to D,not included,not included,64.4745612086203
2021-22,N6,South East,East Berkshire,BSU,50<71,A to D,not included,not included,70.30940019416656
2021-22,N6,South East,Guildford,BSU,50<71,A to D,not included,not included,65.03436930850125
2021-22,N6,South East,Isle of Wight,BSU,50<71,A to D,not included,not included,74.62962962962963
2021-22,N6,South East,Maidstone,BSU,50<71,A to D,not included,not included,65.4094108929233
2021-22,N6,South East,Medway,BSU,50<71,A to D,not included,not included,59.388948080744086
2021-22,N6,South East,North & Mid Hampshire,BSU,50<71,A to D,not included,not included,69.73934336437155
2021-22,N6,South East,Oxfordshire,BSU,50<71,A to D,not included,not included,72.26715226822344
2021-22,N6,South East,Portsmouth,BSU,50<71,A to D,not included,not included,73.96869855777499
2021-22,N6,South East,Southampton & Salisbury,BSU,50<71,A to D,not included,not included,64.56226020230206
2021-22,N6,South East,West Berkshire,BSU,50<71,A to D,not included,not included,71.34362117398125
2021-22,N6,South East,Worthing,BSU,50<71,A to D,not included,not included,65.83206725412741
2021-22,N7,South West,Avon,BSU,50<71,A to D,not included,not included,64.49027391218385
2021-22,N7,South West,Cornwall,BSU,50<71,A to D,not included,not included,65.10778344577916
2021-22,N7,South West,Dorset,BSU,50<71,A to D,not included,not included,64.77070325497641
2021-22,N7,South West,Gloucestershire,BSU,50<71,A to D,not included,not included,68.53760789149199
2021-22,N7,South West,North & East Devon,BSU,50<71,A to D,not included,not included,66.93509615384615
2021-22,N7,South West,Somerset,BSU,50<71,A to D,not included,not included,67.02879859193396
2021-22,N7,South West,South Devon,BSU,50<71,A to D,not included,not included,68.47062953428504
2021-22,N7,South West,West Devon,BSU,50<71,A to D,not included,not included,72.53603168791399
2021-22,N7,South West,Wiltshire,BSU,50<71,A to D,not included,not included,60.73296964610435
2021-22,N1,North East and Yorkshire,Barnsley,BSU,50<71,B,not included,not included,13.18000884564352
2021-22,N1,North East and Yorkshire,Doncaster,BSU,50<71,B,not included,not included,8.62524785194977
2021-22,N1,North East and Yorkshire,Gateshead,BSU,50<71,B,not included,not included,7.741367934902134
2021-22,N1,North East and Yorkshire,Humberside,BSU,50<71,B,not included,not included,15.016059957173447
2021-22,N1,North East and Yorkshire,Leeds Wakefield,BSU,50<71,B,not included,not included,11.758667883211679
2021-22,N1,North East and Yorkshire,Newcastle,BSU,50<71,B,not included,not included,13.871723844023013
2021-22,N1,North East and Yorkshire,North Cumbria,BSU,50<71,B,not included,not included,12.11734693877551
2021-22,N1,North East and Yorkshire,North Tees,BSU,50<71,B,not included,not included,12.374625504754462
2021-22,N1,North East and Yorkshire,North Yorkshire,BSU,50<71,B,not included,not included,15.742924528301888
2021-22,N1,North East and Yorkshire,Pennine,BSU,50<71,B,not included,not included,13.774279548051288
2021-22,N1,North East and Yorkshire,Rotherham,BSU,50<71,B,not included,not included,13.15671306690615
2021-22,N1,North East and Yorkshire,Sheffield,BSU,50<71,B,not included,not included,11.838175400488732
2021-22,N2,North West,Bolton,BSU,50<71,B,not included,not included,12.654473554127533
2021-22,N2,North West,Cheshire & Stockport,BSU,50<71,B,not included,not included,11.37473831123517
2021-22,N2,North West,East Lancashire,BSU,50<71,B,not included,not included,14.06206318143696
2021-22,N2,North West,Liverpool,BSU,50<71,B,not included,not included,11.874409820585457
2021-22,N2,North West,Manchester,BSU,50<71,B,not included,not included,9.826502007727859
2021-22,N2,North West,North Lancashire & South Cumbria,BSU,50<71,B,not included,not included,14.2993145468393
2021-22,N2,North West,South Lancashire,BSU,50<71,B,not included,not included,13.69773519163763
2021-22,N2,North West,"Warrington, Halton, St Helens & Knowsley",BSU,50<71,B,not included,not included,16.316124920331422
2021-22,N2,North West,Wirral & Chester,BSU,50<71,B,not included,not included,13.035126234906697
2021-22,N3,Midlands,"City, Sandwell & Walsall",BSU,50<71,B,not included,not included,9.857697283311772
2021-22,N3,Midlands,"Dudley, Wolverhampton & South West Staffordshire",BSU,50<71,B,not included,not included,11.536767943637164
2021-22,N3,Midlands,Hereford & Worcester,BSU,50<71,B,not included,not included,13.078393881453154
2021-22,N3,Midlands,Kettering,BSU,50<71,B,not included,not included,13.987591652566273
2021-22,N3,Midlands,Leicestershire,BSU,50<71,B,not included,not included,10.263562908811082
2021-22,N3,Midlands,Lincolnshire,BSU,50<71,B,not included,not included,11.866859623733719
2021-22,N3,Midlands,North Derbyshire & Chesterfield,BSU,50<71,B,not included,not included,16.074249605055293
2021-22,N3,Midlands,North Midlands,BSU,50<71,B,not included,not included,12.836374884008661
2021-22,N3,Midlands,North Nottinghamshire,BSU,50<71,B,not included,not included,12.913640032284098
2021-22,N3,Midlands,Northampton,BSU,50<71,B,not included,not included,13.580998781973202
2021-22,N3,Midlands,Nottingham City,BSU,50<71,B,not included,not included,13.66175723717623
2021-22,N3,Midlands,Shropshire,BSU,50<71,B,not included,not included,13.927030207924677
2021-22,N3,Midlands,South Birmingham,BSU,50<71,B,not included,not included,11.673360107095048
2021-22,N3,Midlands,South Derbyshire & South East Staffordshire,BSU,50<71,B,not included,not included,14.710124026535908
2021-22,N3,Midlands,"Warwickshire, Solihull & Coventry",BSU,50<71,B,not included,not included,13.420758928571427
2021-22,N4,East of England,Beds & Herts,BSU,50<71,B,not included,not included,13.443611771157011
2021-22,N4,East of England,Cambridge & Huntingdon,BSU,50<71,B,not included,not included,10.095527572731221
2021-22,N4,East of England,Chelmsford & Colchester,BSU,50<71,B,not included,not included,11.914724048615263
2021-22,N4,East of England,East Suffolk,BSU,50<71,B,not included,not included,9.345200254291164
2021-22,N4,East of England,Great Yarmouth & Waveney,BSU,50<71,B,not included,not included,6.272401433691756
2021-22,N4,East of England,King's Lynn,BSU,50<71,B,not included,not included,15.85460170146945
2021-22,N4,East of England,Milton Keynes,BSU,50<71,B,not included,not included,11.907923860115096
2021-22,N4,East of England,Norfolk & Norwich,BSU,50<71,B,not included,not included,9.068366985476443
2021-22,N4,East of England,Peterborough,BSU,50<71,B,not included,not included,7.751147373788883
2021-22,N4,East of England,South Essex,BSU,50<71,B,not included,not included,14.429065743944635
2021-22,N4,East of England,West Essex (Epping),BSU,50<71,B,not included,not included,17.14192068174369
2021-22,N4,East of England,West Suffolk,BSU,50<71,B,not included,not included,14.404576183047322
2021-22,N5,London,Central & East London,BSU,50<71,B,not included,not included,10.732758620689657
2021-22,N5,London,North London,BSU,50<71,B,not included,not included,13.233176838810643
2021-22,N5,London,Outer North East London,BSU,50<71,B,not included,not included,11.679665208293704
2021-22,N5,London,South East London,BSU,50<71,B,not included,not included,11.293185852792572
2021-22,N5,London,South West London,BSU,50<71,B,not included,not included,10.59588898885736
2021-22,N5,London,West of London,BSU,50<71,B,not included,not included,8.1230577998757
2021-22,N6,South East,Aylesbury & Wycombe,BSU,50<71,B,not included,not included,24.11786104037832
2021-22,N6,South East,Brighton,BSU,50<71,B,not included,not included,14.631901840490796
2021-22,N6,South East,Canterbury,BSU,50<71,B,not included,not included,12.176386913229019
2021-22,N6,South East,East Berkshire,BSU,50<71,B,not included,not included,20.424221690044476
2021-22,N6,South East,Guildford,BSU,50<71,B,not included,not included,16.59569570721602
2021-22,N6,South East,Isle of Wight,BSU,50<71,B,not included,not included,10.344827586206897
2021-22,N6,South East,Maidstone,BSU,50<71,B,not included,not included,17.120106171201062
2021-22,N6,South East,Medway,BSU,50<71,B,not included,not included,13.50293542074364
2021-22,N6,South East,North & Mid Hampshire,BSU,50<71,B,not included,not included,16.563214635739953
2021-22,N6,South East,Oxfordshire,BSU,50<71,B,not included,not included,22.522092190112254
2021-22,N6,South East,Portsmouth,BSU,50<71,B,not included,not included,25.565565565565567
2021-22,N6,South East,Southampton & Salisbury,BSU,50<71,B,not included,not included,14.024117909781154
2021-22,N6,South East,West Berkshire,BSU,50<71,B,not included,not included,24.69456719521705
2021-22,N6,South East,Worthing,BSU,50<71,B,not included,not included,13.66813833701251
2021-22,N7,South West,Avon,BSU,50<71,B,not included,not included,14.474272930648768
2021-22,N7,South West,Cornwall,BSU,50<71,B,not included,not included,11.5990057995029
2021-22,N7,South West,Dorset,BSU,50<71,B,not included,not included,13.382453735435229
2021-22,N7,South West,Gloucestershire,BSU,50<71,B,not included,not included,15.41046567450792
2021-22,N7,South West,North & East Devon,BSU,50<71,B,not included,not included,10.136363636363637
2021-22,N7,South West,Somerset,BSU,50<71,B,not included,not included,16.1734693877551
2021-22,N7,South West,South Devon,BSU,50<71,B,not included,not included,12.59175607001694
2021-22,N7,South West,West Devon,BSU,50<71,B,not included,not included,15.787461773700306
2021-22,N7,South West,Wiltshire,BSU,50<71,B,not included,not included,12.94142085583714
2021-22,N1,North East and Yorkshire,Barnsley,BSU,50<71,C1,not included,not included,79.32268919596191
2021-22,N1,North East and Yorkshire,Doncaster,BSU,50<71,C1,not included,not included,76.14153500025567
2021-22,N1,North East and Yorkshire,Gateshead,BSU,50<71,C1,not included,not included,80.19539995929168
2021-22,N1,North East and Yorkshire,Humberside,BSU,50<71,C1,not included,not included,82.37809355159159
2021-22,N1,North East and Yorkshire,Leeds Wakefield,BSU,50<71,C1,not included,not included,79.79292929292929
2021-22,N1,North East and Yorkshire,Newcastle,BSU,50<71,C1,not included,not included,78.39108991736617
2021-22,N1,North East and Yorkshire,North Cumbria,BSU,50<71,C1,not included,not included,79.30502497796063
2021-22,N1,North East and Yorkshire,North Tees,BSU,50<71,C1,not included,not included,79.73740241305892
2021-22,N1,North East and Yorkshire,North Yorkshire,BSU,50<71,C1,not included,not included,84.26952564220043
2021-22,N1,North East and Yorkshire,Pennine,BSU,50<71,C1,not included,not included,78.0815309158157
2021-22,N1,North East and Yorkshire,Rotherham,BSU,50<71,C1,not included,not included,79.5765081901718
2021-22,N1,North East and Yorkshire,Sheffield,BSU,50<71,C1,not included,not included,81.76609213991959
2021-22,N2,North West,Bolton,BSU,50<71,C1,not included,not included,78.72688513212037
2021-22,N2,North West,Cheshire & Stockport,BSU,50<71,C1,not included,not included,70.4872096176444
2021-22,N2,North West,East Lancashire,BSU,50<71,C1,not included,not included,81.71197223828803
2021-22,N2,North West,Liverpool,BSU,50<71,C1,not included,not included,77.50289566689436
2021-22,N2,North West,Manchester,BSU,50<71,C1,not included,not included,68.05463557250863
2021-22,N2,North West,North Lancashire & South Cumbria,BSU,50<71,C1,not included,not included,80.0608030191844
2021-22,N2,North West,South Lancashire,BSU,50<71,C1,not included,not included,80.34217476174072
2021-22,N2,North West,"Warrington, Halton, St Helens & Knowsley",BSU,50<71,C1,not included,not included,84.39891260571889
2021-22,N2,North West,Wirral & Chester,BSU,50<71,C1,not included,not included,79.69531518460539
2021-22,N3,Midlands,"City, Sandwell & Walsall",BSU,50<71,C1,not included,not included,77.71860770240025
2021-22,N3,Midlands,"Dudley, Wolverhampton & South West Staffordshire",BSU,50<71,C1,not included,not included,78.12037161707283
2021-22,N3,Midlands,Hereford & Worcester,BSU,50<71,C1,not included,not included,81.05689257139242
2021-22,N3,Midlands,Kettering,BSU,50<71,C1,not included,not included,82.02819107282694
2021-22,N3,Midlands,Leicestershire,BSU,50<71,C1,not included,not included,72.92193426042984
2021-22,N3,Midlands,Lincolnshire,BSU,50<71,C1,not included,not included,75.36755029140816
2021-22,N3,Midlands,North Derbyshire & Chesterfield,BSU,50<71,C1,not included,not included,83.84513525442966
2021-22,N3,Midlands,North Midlands,BSU,50<71,C1,not included,not included,80.5145601127803
2021-22,N3,Midlands,North Nottinghamshire,BSU,50<71,C1,not included,not included,82.92306294849668
2021-22,N3,Midlands,Northampton,BSU,50<71,C1,not included,not included,76.83961447451954
2021-22,N3,Midlands,Nottingham City,BSU,50<71,C1,not included,not included,80.26498315545112
2021-22,N3,Midlands,Shropshire,BSU,50<71,C1,not included,not included,80.37689699260659
2021-22,N3,Midlands,South Birmingham,BSU,50<71,C1,not included,not included,65.11239241246763
2021-22,N3,Midlands,South Derbyshire & South East Staffordshire,BSU,50<71,C1,not included,not included,81.44384384384384
2021-22,N3,Midlands,"Warwickshire, Solihull & Coventry",BSU,50<71,C1,not included,not included,78.62229634924417
2021-22,N4,East of England,Beds & Herts,BSU,50<71,C1,not included,not included,76.87137302409191
2021-22,N4,East of England,Cambridge & Huntingdon,BSU,50<71,C1,not included,not included,77.52790875750615
2021-22,N4,East of England,Chelmsford & Colchester,BSU,50<71,C1,not included,not included,75.44792425345958
2021-22,N4,East of England,East Suffolk,BSU,50<71,C1,not included,not included,87.44569939183319
2021-22,N4,East of England,Great Yarmouth & Waveney,BSU,50<71,C1,not included,not included,78.23418910457107
2021-22,N4,East of England,King's Lynn,BSU,50<71,C1,not included,not included,87.74738434388
2021-22,N4,East of England,Milton Keynes,BSU,50<71,C1,not included,not included,74.06227520295961
2021-22,N4,East of England,Norfolk & Norwich,BSU,50<71,C1,not included,not included,84.37908202333229
2021-22,N4,East of England,Peterborough,BSU,50<71,C1,not included,not included,77.1624601813281
2021-22,N4,East of England,South Essex,BSU,50<71,C1,not included,not included,80.12996557459482
2021-22,N4,East of England,West Essex (Epping),BSU,50<71,C1,not included,not included,78.45490477901545
2021-22,N4,East of England,West Suffolk,BSU,50<71,C1,not included,not included,83.59479305740987
2021-22,N5,London,Central & East London,BSU,50<71,C1,not included,not included,67.30712166172107
2021-22,N5,London,North London,BSU,50<71,C1,not included,not included,73.51273247051877
2021-22,N5,London,Outer North East London,BSU,50<71,C1,not included,not included,75.1618890492885
2021-22,N5,London,South East London,BSU,50<71,C1,not included,not included,72.01961385228317
2021-22,N5,London,South West London,BSU,50<71,C1,not included,not included,71.15706495329626
2021-22,N5,London,West of London,BSU,50<71,C1,not included,not included,61.33083076373062
2021-22,N6,South East,Aylesbury & Wycombe,BSU,50<71,C1,not included,not included,87.87641947496667
2021-22,N6,South East,Brighton,BSU,50<71,C1,not included,not included,80.78281437319768
2021-22,N6,South East,Canterbury,BSU,50<71,C1,not included,not included,77.99619530754597
2021-22,N6,South East,East Berkshire,BSU,50<71,C1,not included,not included,85.21292124135304
2021-22,N6,South East,Guildford,BSU,50<71,C1,not included,not included,80.48177750072357
2021-22,N6,South East,Isle of Wight,BSU,50<71,C1,not included,not included,87.78042959427208
2021-22,N6,South East,Maidstone,BSU,50<71,C1,not included,not included,78.7765636153973
2021-22,N6,South East,Medway,BSU,50<71,C1,not included,not included,75.24601934366684
2021-22,N6,South East,North & Mid Hampshire,BSU,50<71,C1,not included,not included,82.94107237657052
2021-22,N6,South East,Oxfordshire,BSU,50<71,C1,not included,not included,86.34136298126415
2021-22,N6,South East,Portsmouth,BSU,50<71,C1,not included,not included,87.76929982046678
2021-22,N6,South East,Southampton & Salisbury,BSU,50<71,C1,not included,not included,80.19041256054786
2021-22,N6,South East,West Berkshire,BSU,50<71,C1,not included,not included,87.45051250067792
2021-22,N6,South East,Worthing,BSU,50<71,C1,not included,not included,81.53563742245854
2021-22,N7,South West,Avon,BSU,50<71,C1,not included,not included,80.35208047553726
2021-22,N7,South West,Cornwall,BSU,50<71,C1,not included,not included,80.25658945686901
2021-22,N7,South West,Dorset,BSU,50<71,C1,not included,not included,78.60005343307508
2021-22,N7,South West,Gloucestershire,BSU,50<71,C1,not included,not included,82.3110044469542
2021-22,N7,South West,North & East Devon,BSU,50<71,C1,not included,not included,81.32707574017675
2021-22,N7,South West,Somerset,BSU,50<71,C1,not included,not included,82.24790413489319
2021-22,N7,South West,South Devon,BSU,50<71,C1,not included,not included,82.68700308291417
2021-22,N7,South West,West Devon,BSU,50<71,C1,not included,not included,84.56298614626961
2021-22,N7,South West,Wiltshire,BSU,50<71,C1,not included,not included,76.25784847216408
2021-22,N1,North East and Yorkshire,Barnsley,BSU,50<71,C2,not included,not included,38.311688311688314
2021-22,N1,North East and Yorkshire,Doncaster,BSU,50<71,C2,not included,not included,37.07035014455509
2021-22,N1,North East and Yorkshire,Gateshead,BSU,50<71,C2,not included,not included,34.80885311871227
2021-22,N1,North East and Yorkshire,Humberside,BSU,50<71,C2,not included,not included,48.27119478282269
2021-22,N1,North East and Yorkshire,Leeds Wakefield,BSU,50<71,C2,not included,not included,32.25476839237057
2021-22,N1,North East and Yorkshire,Newcastle,BSU,50<71,C2,not included,not included,42.70030366736744
2021-22,N1,North East and Yorkshire,North Cumbria,BSU,50<71,C2,not included,not included,42.36550632911392
2021-22,N1,North East and Yorkshire,North Tees,BSU,50<71,C2,not included,not included,39.26194797338173
2021-22,N1,North East and Yorkshire,North Yorkshire,BSU,50<71,C2,not included,not included,50.68893528183715
2021-22,N1,North East and Yorkshire,Pennine,BSU,50<71,C2,not included,not included,32.886490250696376
2021-22,N1,North East and Yorkshire,Rotherham,BSU,50<71,C2,not included,not included,29.86553432413305
2021-22,N1,North East and Yorkshire,Sheffield,BSU,50<71,C2,not included,not included,38.176925664312144
2021-22,N2,North West,Bolton,BSU,50<71,C2,not included,not included,37.204968944099384
2021-22,N2,North West,Cheshire & Stockport,BSU,50<71,C2,not included,not included,34.07665505226481
2021-22,N2,North West,East Lancashire,BSU,50<71,C2,not included,not included,41.292442497261774
2021-22,N2,North West,Liverpool,BSU,50<71,C2,not included,not included,30.981361734499806
2021-22,N2,North West,Manchester,BSU,50<71,C2,not included,not included,27.73394829469596
2021-22,N2,North West,North Lancashire & South Cumbria,BSU,50<71,C2,not included,not included,44.63334698893896
2021-22,N2,North West,South Lancashire,BSU,50<71,C2,not included,not included,39.45026178010471
2021-22,N2,North West,"Warrington, Halton, St Helens & Knowsley",BSU,50<71,C2,not included,not included,40.72469476171721
2021-22,N2,North West,Wirral & Chester,BSU,50<71,C2,not included,not included,36.601523683338854
2021-22,N3,Midlands,"City, Sandwell & Walsall",BSU,50<71,C2,not included,not included,27.08517536103743
2021-22,N3,Midlands,"Dudley, Wolverhampton & South West Staffordshire",BSU,50<71,C2,not included,not included,34.65421985140026
2021-22,N3,Midlands,Hereford & Worcester,BSU,50<71,C2,not included,not included,42.143706471887214
2021-22,N3,Midlands,Kettering,BSU,50<71,C2,not included,not included,33.16326530612245
2021-22,N3,Midlands,Leicestershire,BSU,50<71,C2,not included,not included,32.8740581270183
2021-22,N3,Midlands,Lincolnshire,BSU,50<71,C2,not included,not included,31.366047745358088
2021-22,N3,Midlands,North Derbyshire & Chesterfield,BSU,50<71,C2,not included,not included,49.38608458390178
2021-22,N3,Midlands,North Midlands,BSU,50<71,C2,not included,not included,33.42730567861458
2021-22,N3,Midlands,North Nottinghamshire,BSU,50<71,C2,not included,not included,45.010924981791696
2021-22,N3,Midlands,Northampton,BSU,50<71,C2,not included,not included,35.45647558386412
2021-22,N3,Midlands,Nottingham City,BSU,50<71,C2,not included,not included,36.59162717219589
2021-22,N3,Midlands,Shropshire,BSU,50<71,C2,not included,not included,31.99040767386091
2021-22,N3,Midlands,South Birmingham,BSU,50<71,C2,not included,not included,31.27147766323024
2021-22,N3,Midlands,South Derbyshire & South East Staffordshire,BSU,50<71,C2,not included,not included,42.34246962418762
2021-22,N3,Midlands,"Warwickshire, Solihull & Coventry",BSU,50<71,C2,not included,not included,42.608024691358025
2021-22,N4,East of England,Beds & Herts,BSU,50<71,C2,not included,not included,33.54795439302482
2021-22,N4,East of England,Cambridge & Huntingdon,BSU,50<71,C2,not included,not included,42.693643981197624
2021-22,N4,East of England,Chelmsford & Colchester,BSU,50<71,C2,not included,not included,38.73539773780827
2021-22,N4,East of England,East Suffolk,BSU,50<71,C2,not included,not included,37.09779179810725
2021-22,N4,East of England,Great Yarmouth & Waveney,BSU,50<71,C2,not included,not included,37.259430331023864
2021-22,N4,East of England,King's Lynn,BSU,50<71,C2,not included,not included,61.275964391691396
2021-22,N4,East of England,Milton Keynes,BSU,50<71,C2,not included,not included,36.50878126663118
2021-22,N4,East of England,Norfolk & Norwich,BSU,50<71,C2,not included,not included,51.08573987015894
2021-22,N4,East of England,Peterborough,BSU,50<71,C2,not included,not included,38.03734259661311
2021-22,N4,East of England,South Essex,BSU,50<71,C2,not included,not included,35.81235697940504
2021-22,N4,East of England,West Essex (Epping),BSU,50<71,C2,not included,not included,46.01652892561984
2021-22,N4,East of England,West Suffolk,BSU,50<71,C2,not included,not included,53.59930615784909
2021-22,N5,London,Central & East London,BSU,50<71,C2,not included,not included,30.25595171565888
2021-22,N5,London,North London,BSU,50<71,C2,not included,not included,31.58619423535891
2021-22,N5,London,Outer North East London,BSU,50<71,C2,not included,not included,32.97609233305853
2021-22,N5,London,South East London,BSU,50<71,C2,not included,not included,29.93097204933801
2021-22,N5,London,South West London,BSU,50<71,C2,not included,not included,30.566502463054185
2021-22,N5,London,West of London,BSU,50<71,C2,not included,not included,23.98401826484018
2021-22,N6,South East,Aylesbury & Wycombe,BSU,50<71,C2,not included,not included,42.083158336833264
2021-22,N6,South East,Brighton,BSU,50<71,C2,not included,not included,33.709153449264285
2021-22,N6,South East,Canterbury,BSU,50<71,C2,not included,not included,34.00162557572474
2021-22,N6,South East,East Berkshire,BSU,50<71,C2,not included,not included,46.18025751072962
2021-22,N6,South East,Guildford,BSU,50<71,C2,not included,not included,43.60341151385928
2021-22,N6,South East,Isle of Wight,BSU,50<71,C2,not included,not included,57.35930735930735
2021-22,N6,South East,Maidstone,BSU,50<71,C2,not included,not included,36.24104509060261
2021-22,N6,South East,Medway,BSU,50<71,C2,not included,not included,28.558718861209965
2021-22,N6,South East,North & Mid Hampshire,BSU,50<71,C2,not included,not included,36.25125292348814
2021-22,N6,South East,Oxfordshire,BSU,50<71,C2,not included,not included,52.666508651339186
2021-22,N6,South East,Portsmouth,BSU,50<71,C2,not included,not included,53.15559258487815
2021-22,N6,South East,Southampton & Salisbury,BSU,50<71,C2,not included,not included,42.06514206514206
2021-22,N6,South East,West Berkshire,BSU,50<71,C2,not included,not included,44.46894524072032
2021-22,N6,South East,Worthing,BSU,50<71,C2,not included,not included,34.79576399394856
2021-22,N7,South West,Avon,BSU,50<71,C2,not included,not included,37.978753145093656
2021-22,N7,South West,Cornwall,BSU,50<71,C2,not included,not included,46.22325341582882
2021-22,N7,South West,Dorset,BSU,50<71,C2,not included,not included,48.51527757853966
2021-22,N7,South West,Gloucestershire,BSU,50<71,C2,not included,not included,36.04222931500123
2021-22,N7,South West,North & East Devon,BSU,50<71,C2,not included,not included,44.101910828025474
2021-22,N7,South West,Somerset,BSU,50<71,C2,not included,not included,51.16777373044783
2021-22,N7,South West,South Devon,BSU,50<71,C2,not included,not included,32.553606237816766
2021-22,N7,South West,West Devon,BSU,50<71,C2,not included,not included,45.80226904376013
2021-22,N7,South West,Wiltshire,BSU,50<71,C2,not included,not included,36.81474480151229
2021-22,N1,North East and Yorkshire,Barnsley,BSU,50<71,D,not included,not included,100.0
2021-22,N1,North East and Yorkshire,Doncaster,BSU,50<71,D,not included,not included,100.0
2021-22,N1,North East and Yorkshire,Gateshead,BSU,50<71,D,not included,not included,100.0
2021-22,N1,North East and Yorkshire,Humberside,BSU,50<71,D,not included,not included,100.0
2021-22,N1,North East and Yorkshire,Leeds Wakefield,BSU,50<71,D,not included,not included,100.0
2021-22,N1,North East and Yorkshire,Newcastle,BSU,50<71,D,not included,not included,100.0
2021-22,N1,North East and Yorkshire,North Cumbria,BSU,50<71,D,not included,not included,100.0
2021-22,N1,North East and Yorkshire,North Tees,BSU,50<71,D,not included,not included,100.0
2021-22,N1,North East and Yorkshire,North Yorkshire,BSU,50<71,D,not included,not included,z
2021-22,N1,North East and Yorkshire,Pennine,BSU,50<71,D,not included,not included,z
2021-22,N1,North East and Yorkshire,Rotherham,BSU,50<71,D,not included,not included,100.0
2021-22,N1,North East and Yorkshire,Sheffield,BSU,50<71,D,not included,not included,z
2021-22,N2,North West,Bolton,BSU,50<71,D,not included,not included,100.0
2021-22,N2,North West,Cheshire & Stockport,BSU,50<71,D,not included,not included,100.0
2021-22,N2,North West,East Lancashire,BSU,50<71,D,not included,not included,100.0
2021-22,N2,North West,Liverpool,BSU,50<71,D,not included,not included,100.0
2021-22,N2,North West,Manchester,BSU,50<71,D,not included,not included,z
2021-22,N2,North West,North Lancashire & South Cumbria,BSU,50<71,D,not included,not included,100.0
2021-22,N2,North West,South Lancashire,BSU,50<71,D,not included,not included,100.0
2021-22,N2,North West,"Warrington, Halton, St Helens & Knowsley",BSU,50<71,D,not included,not included,100.0
2021-22,N2,North West,Wirral & Chester,BSU,50<71,D,not included,not included,z
2021-22,N3,Midlands,"City, Sandwell & Walsall",BSU,50<71,D,not included,not included,z
2021-22,N3,Midlands,"Dudley, Wolverhampton & South West Staffordshire",BSU,50<71,D,not included,not included,100.0
2021-22,N3,Midlands,Hereford & Worcester,BSU,50<71,D,not included,not included,100.0
2021-22,N3,Midlands,Kettering,BSU,50<71,D,not included,not included,100.0
2021-22,N3,Midlands,Leicestershire,BSU,50<71,D,not included,not included,100.0
2021-22,N3,Midlands,Lincolnshire,BSU,50<71,D,not included,not included,z
2021-22,N3,Midlands,North Derbyshire & Chesterfield,BSU,50<71,D,not included,not included,z
2021-22,N3,Midlands,North Midlands,BSU,50<71,D,not included,not included,100.0
2021-22,N3,Midlands,North Nottinghamshire,BSU,50<71,D,not included,not included,100.0
2021-22,N3,Midlands,Northampton,BSU,50<71,D,not included,not included,100.0
2021-22,N3,Midlands,Nottingham City,BSU,50<71,D,not included,not included,100.0
2021-22,N3,Midlands,Shropshire,BSU,50<71,D,not included,not included,100.0
2021-22,N3,Midlands,South Birmingham,BSU,50<71,D,not included,not included,z
2021-22,N3,Midlands,South Derbyshire & South East Staffordshire,BSU,50<71,D,not included,not included,100.0
2021-22,N3,Midlands,"Warwickshire, Solihull & Coventry",BSU,50<71,D,not included,not included,100.0
2021-22,N4,East of England,Beds & Herts,BSU,50<71,D,not included,not included,100.0
2021-22,N4,East of England,Cambridge & Huntingdon,BSU,50<71,D,not included,not included,100.0
2021-22,N4,East of England,Chelmsford & Colchester,BSU,50<71,D,not included,not included,z
2021-22,N4,East of England,East Suffolk,BSU,50<71,D,not included,not included,100.0
2021-22,N4,East of England,Great Yarmouth & Waveney,BSU,50<71,D,not included,not included,100.0
2021-22,N4,East of England,King's Lynn,BSU,50<71,D,not included,not included,100.0
2021-22,N4,East of England,Milton Keynes,BSU,50<71,D,not included,not included,100.0
2021-22,N4,East of England,Norfolk & Norwich,BSU,50<71,D,not included,not included,100.0
2021-22,N4,East of England,Peterborough,BSU,50<71,D,not included,not included,100.0
2021-22,N4,East of England,South Essex,BSU,50<71,D,not included,not included,100.0
2021-22,N4,East of England,West Essex (Epping),BSU,50<71,D,not included,not included,z
2021-22,N4,East of England,West Suffolk,BSU,50<71,D,not included,not included,z
2021-22,N5,London,Central & East London,BSU,50<71,D,not included,not included,100.0
2021-22,N5,London,North London,BSU,50<71,D,not included,not included,100.0
2021-22,N5,London,Outer North East London,BSU,50<71,D,not included,not included,100.0
2021-22,N5,London,South East London,BSU,50<71,D,not included,not included,100.0
2021-22,N5,London,South West London,BSU,50<71,D,not included,not included,100.0
2021-22,N5,London,West of London,BSU,50<71,D,not included,not included,100.0
2021-22,N6,South East,Aylesbury & Wycombe,BSU,50<71,D,not included,not included,100.0
2021-22,N6,South East,Brighton,BSU,50<71,D,not included,not included,100.0
2021-22,N6,South East,Canterbury,BSU,50<71,D,not included,not included,100.0
2021-22,N6,South East,East Berkshire,BSU,50<71,D,not included,not included,100.0
2021-22,N6,South East,Guildford,BSU,50<71,D,not included,not included,100.0
2021-22,N6,South East,Isle of Wight,BSU,50<71,D,not included,not included,100.0
2021-22,N6,South East,Maidstone,BSU,50<71,D,not included,not included,100.0
2021-22,N6,South East,Medway,BSU,50<71,D,not included,not included,z
2021-22,N6,South East,North & Mid Hampshire,BSU,50<71,D,not included,not included,100.0
2021-22,N6,South East,Oxfordshire,BSU,50<71,D,not included,not included,100.0
2021-22,N6,South East,Portsmouth,BSU,50<71,D,not included,not included,100.0
2021-22,N6,South East,Southampton & Salisbury,BSU,50<71,D,not included,not included,100.0
2021-22,N6,South East,West Berkshire,BSU,50<71,D,not included,not included,100.0
2021-22,N6,South East,Worthing,BSU,50<71,D,not included,not included,100.0
2021-22,N7,South West,Avon,BSU,50<71,D,not included,not included,100.0
2021-22,N7,South West,Cornwall,BSU,50<71,D,not included,not included,100.0
2021-22,N7,South West,Dorset,BSU,50<71,D,not included,not included,100.0
2021-22,N7,South West,Gloucestershire,BSU,50<71,D,not included,not included,100.0
2021-22,N7,South West,North & East Devon,BSU,50<71,D,not included,not included,100.0
2021-22,N7,South West,Somerset,BSU,50<71,D,not included,not included,100.0
2021-22,N7,South West,South Devon,BSU,50<71,D,not included,not included,100.0
2021-22,N7,South West,West Devon,BSU,50<71,D,not included,not included,83.33333333333334
2021-22,N7,South West,Wiltshire,BSU,50<71,D,not included,not included,100.0
2022-23,N1,North East and Yorkshire,Barnsley,BSU,50<71,A,not included,not included,61.753424657534254
2022-23,N1,North East and Yorkshire,Doncaster,BSU,50<71,A,not included,not included,53.61201298701299
2022-23,N1,North East and Yorkshire,Gateshead,BSU,50<71,A,not included,not included,58.76034513118506
2022-23,N1,North East and Yorkshire,Humberside,BSU,50<71,A,not included,not included,61.822258459029754
2022-23,N1,North East and Yorkshire,Leeds Wakefield,BSU,50<71,A,not included,not included,52.12890624999999
2022-23,N1,North East and Yorkshire,Newcastle,BSU,50<71,A,not included,not included,63.310580204778155
2022-23,N1,North East and Yorkshire,North Cumbria,BSU,50<71,A,not included,not included,57.177363699102834
2022-23,N1,North East and Yorkshire,North Tees,BSU,50<71,A,not included,not included,63.14122862571247
2022-23,N1,North East and Yorkshire,North Yorkshire,BSU,50<71,A,not included,not included,63.79643962848297
2022-23,N1,North East and Yorkshire,Pennine,BSU,50<71,A,not included,not included,47.4247595408005
2022-23,N1,North East and Yorkshire,Rotherham,BSU,50<71,A,not included,not included,56.01224311324879
2022-23,N1,North East and Yorkshire,Sheffield,BSU,50<71,A,not included,not included,59.41230486685032
2022-23,N2,North West,Bolton,BSU,50<71,A,not included,not included,58.8664913818288
2022-23,N2,North West,Cheshire & Stockport,BSU,50<71,A,not included,not included,60.885486018641814
2022-23,N2,North West,East Lancashire,BSU,50<71,A,not included,not included,58.27372436814496
2022-23,N2,North West,Liverpool,BSU,50<71,A,not included,not included,51.3258012451003
2022-23,N2,North West,Manchester,BSU,50<71,A,not included,not included,52.303099232300255
2022-23,N2,North West,North Lancashire & South Cumbria,BSU,50<71,A,not included,not included,63.08476146364057
2022-23,N2,North West,South Lancashire,BSU,50<71,A,not included,not included,69.48051948051948
2022-23,N2,North West,"Warrington, Halton, St Helens & Knowsley",BSU,50<71,A,not included,not included,59.78218591987553
2022-23,N2,North West,Wirral & Chester,BSU,50<71,A,not included,not included,62.57217847769029
2022-23,N3,Midlands,"City, Sandwell & Walsall",BSU,50<71,A,not included,not included,48.278431957072584
2022-23,N3,Midlands,"Dudley, Wolverhampton & South West Staffordshire",BSU,50<71,A,not included,not included,55.94231725509696
2022-23,N3,Midlands,Hereford & Worcester,BSU,50<71,A,not included,not included,56.16155660377359
2022-23,N3,Midlands,Kettering,BSU,50<71,A,not included,not included,61.65176223040505
2022-23,N3,Midlands,Leicestershire,BSU,50<71,A,not included,not included,51.32293080054274
2022-23,N3,Midlands,Lincolnshire,BSU,50<71,A,not included,not included,40.74579354251932
2022-23,N3,Midlands,North Derbyshire & Chesterfield,BSU,50<71,A,not included,not included,66.42228739002933
2022-23,N3,Midlands,North Midlands,BSU,50<71,A,not included,not included,60.85985482970408
2022-23,N3,Midlands,North Nottinghamshire,BSU,50<71,A,not included,not included,63.907734056987785
2022-23,N3,Midlands,Northampton,BSU,50<71,A,not included,not included,44.23305588585018
2022-23,N3,Midlands,Nottingham City,BSU,50<71,A,not included,not included,41.38746551044541
2022-23,N3,Midlands,Shropshire,BSU,50<71,A,not included,not included,55.2212389380531
2022-23,N3,Midlands,South Birmingham,BSU,50<71,A,not included,not included,46.15097159940209
2022-23,N3,Midlands,South Derbyshire & South East Staffordshire,BSU,50<71,A,not included,not included,53.75338419886783
2022-23,N3,Midlands,"Warwickshire, Solihull & Coventry",BSU,50<71,A,not included,not included,43.98802594378846
2022-23,N4,East of England,Beds & Herts,BSU,50<71,A,not included,not included,51.135814403093285
2022-23,N4,East of England,Cambridge & Huntingdon,BSU,50<71,A,not included,not included,52.075826413911955
2022-23,N4,East of England,Chelmsford & Colchester,BSU,50<71,A,not included,not included,52.29495861550038
2022-23,N4,East of England,East Suffolk,BSU,50<71,A,not included,not included,73.27677624602333
2022-23,N4,East of England,Great Yarmouth & Waveney,BSU,50<71,A,not included,not included,60.773480662983424
2022-23,N4,East of England,King's Lynn,BSU,50<71,A,not included,not included,66.40671865626875
2022-23,N4,East of England,Milton Keynes,BSU,50<71,A,not included,not included,42.4507658643326
2022-23,N4,East of England,Norfolk & Norwich,BSU,50<71,A,not included,not included,59.13116828342472
2022-23,N4,East of England,Peterborough,BSU,50<71,A,not included,not included,52.07734517899137
2022-23,N4,East of England,South Essex,BSU,50<71,A,not included,not included,53.12331717824448
2022-23,N4,East of England,West Essex (Epping),BSU,50<71,A,not included,not included,52.72727272727272
2022-23,N4,East of England,West Suffolk,BSU,50<71,A,not included,not included,70.74408117249155
2022-23,N5,London,Central & East London,BSU,50<71,A,not included,not included,36.44524236983842
2022-23,N5,London,North London,BSU,50<71,A,not included,not included,45.240630323679724
2022-23,N5,London,Outer North East London,BSU,50<71,A,not included,not included,49.75708502024291
2022-23,N5,London,South East London,BSU,50<71,A,not included,not included,46.910893483254746
2022-23,N5,London,South West London,BSU,50<71,A,not included,not included,48.63393590797042
2022-23,N5,London,West of London,BSU,50<71,A,not included,not included,34.41717791411043
2022-23,N6,South East,Aylesbury & Wycombe,BSU,50<71,A,not included,not included,60.54862842892768
2022-23,N6,South East,Brighton,BSU,50<71,A,not included,not included,50.66451872734595
2022-23,N6,South East,Canterbury,BSU,50<71,A,not included,not included,59.74557019536574
2022-23,N6,South East,East Berkshire,BSU,50<71,A,not included,not included,51.28600823045267
2022-23,N6,South East,Guildford,BSU,50<71,A,not included,not included,53.841457209728304
2022-23,N6,South East,Isle of Wight,BSU,50<71,A,not included,not included,62.95454545454545
2022-23,N6,South East,Maidstone,BSU,50<71,A,not included,not included,60.98280098280098
2022-23,N6,South East,Medway,BSU,50<71,A,not included,not included,54.60572226099093
2022-23,N6,South East,North & Mid Hampshire,BSU,50<71,A,not included,not included,57.17107862504939
2022-23,N6,South East,Oxfordshire,BSU,50<71,A,not included,not included,57.42690058479533
2022-23,N6,South East,Portsmouth,BSU,50<71,A,not included,not included,64.05371642723297
2022-23,N6,South East,Southampton & Salisbury,BSU,50<71,A,not included,not included,63.84630312439356
2022-23,N6,South East,West Berkshire,BSU,50<71,A,not included,not included,60.58677978084128
2022-23,N6,South East,Worthing,BSU,50<71,A,not included,not included,55.12922994937384
2022-23,N7,South West,Avon,BSU,50<71,A,not included,not included,54.75367329299914
2022-23,N7,South West,Cornwall,BSU,50<71,A,not included,not included,52.965446106240336
2022-23,N7,South West,Dorset,BSU,50<71,A,not included,not included,55.81255028157683
2022-23,N7,South West,Gloucestershire,BSU,50<71,A,not included,not included,58.10760667903525
2022-23,N7,South West,North & East Devon,BSU,50<71,A,not included,not included,52.10996322885659
2022-23,N7,South West,Somerset,BSU,50<71,A,not included,not included,54.10993444276349
2022-23,N7,South West,South Devon,BSU,50<71,A,not included,not included,47.64976958525345
2022-23,N7,South West,West Devon,BSU,50<71,A,not included,not included,54.77272727272727
2022-23,N7,South West,Wiltshire,BSU,50<71,A,not included,not included,53.91229578675838
2022-23,N1,North East and Yorkshire,Barnsley,BSU,50<71,A and C1,not included,not included,79.82996188800938
2022-23,N1,North East and Yorkshire,Doncaster,BSU,50<71,A and C1,not included,not included,74.27167219327333
2022-23,N1,North East and Yorkshire,Gateshead,BSU,50<71,A and C1,not included,not included,79.17600566238056
2022-23,N1,North East and Yorkshire,Humberside,BSU,50<71,A and C1,not included,not included,81.9972429262366
2022-23,N1,North East and Yorkshire,Leeds Wakefield,BSU,50<71,A and C1,not included,not included,76.2664259203531
2022-23,N1,North East and Yorkshire,Newcastle,BSU,50<71,A and C1,not included,not included,80.57279702849323
2022-23,N1,North East and Yorkshire,North Cumbria,BSU,50<71,A and C1,not included,not included,75.71163703784491
2022-23,N1,North East and Yorkshire,North Tees,BSU,50<71,A and C1,not included,not included,82.12138266046621
2022-23,N1,North East and Yorkshire,North Yorkshire,BSU,50<71,A and C1,not included,not included,82.27592866068386
2022-23,N1,North East and Yorkshire,Pennine,BSU,50<71,A and C1,not included,not included,71.95951320394528
2022-23,N1,North East and Yorkshire,Rotherham,BSU,50<71,A and C1,not included,not included,73.59474772911233
2022-23,N1,North East and Yorkshire,Sheffield,BSU,50<71,A and C1,not included,not included,75.64405065729282
2022-23,N2,North West,Bolton,BSU,50<71,A and C1,not included,not included,81.0848940147427
2022-23,N2,North West,Cheshire & Stockport,BSU,50<71,A and C1,not included,not included,80.15516537362188
2022-23,N2,North West,East Lancashire,BSU,50<71,A and C1,not included,not included,82.92346234470065
2022-23,N2,North West,Liverpool,BSU,50<71,A and C1,not included,not included,76.3787438564097
2022-23,N2,North West,Manchester,BSU,50<71,A and C1,not included,not included,74.46813420093221
2022-23,N2,North West,North Lancashire & South Cumbria,BSU,50<71,A and C1,not included,not included,83.07631578947368
2022-23,N2,North West,South Lancashire,BSU,50<71,A and C1,not included,not included,83.91292154525696
2022-23,N2,North West,"Warrington, Halton, St Helens & Knowsley",BSU,50<71,A and C1,not included,not included,82.2200647249191
2022-23,N2,North West,Wirral & Chester,BSU,50<71,A and C1,not included,not included,80.66949113087202
2022-23,N3,Midlands,"City, Sandwell & Walsall",BSU,50<71,A and C1,not included,not included,73.9971403606323
2022-23,N3,Midlands,"Dudley, Wolverhampton & South West Staffordshire",BSU,50<71,A and C1,not included,not included,78.55116323056554
2022-23,N3,Midlands,Hereford & Worcester,BSU,50<71,A and C1,not included,not included,80.68726391159723
2022-23,N3,Midlands,Kettering,BSU,50<71,A and C1,not included,not included,78.22322855620672
2022-23,N3,Midlands,Leicestershire,BSU,50<71,A and C1,not included,not included,76.61075481006414
2022-23,N3,Midlands,Lincolnshire,BSU,50<71,A and C1,not included,not included,75.24621061293834
2022-23,N3,Midlands,North Derbyshire & Chesterfield,BSU,50<71,A and C1,not included,not included,86.22012578616352
2022-23,N3,Midlands,North Midlands,BSU,50<71,A and C1,not included,not included,82.12260941870134
2022-23,N3,Midlands,North Nottinghamshire,BSU,50<71,A and C1,not included,not included,88.16259534614271
2022-23,N3,Midlands,Northampton,BSU,50<71,A and C1,not included,not included,73.27532628962088
2022-23,N3,Midlands,Nottingham City,BSU,50<71,A and C1,not included,not included,72.996632996633
2022-23,N3,Midlands,Shropshire,BSU,50<71,A and C1,not included,not included,81.06685765889203
2022-23,N3,Midlands,South Birmingham,BSU,50<71,A and C1,not included,not included,67.20950965824666
2022-23,N3,Midlands,South Derbyshire & South East Staffordshire,BSU,50<71,A and C1,not included,not included,78.38215954559445
2022-23,N3,Midlands,"Warwickshire, Solihull & Coventry",BSU,50<71,A and C1,not included,not included,74.25116790327013
2022-23,N4,East of England,Beds & Herts,BSU,50<71,A and C1,not included,not included,79.38509600731484
2022-23,N4,East of England,Cambridge & Huntingdon,BSU,50<71,A and C1,not included,not included,71.73591501949711
2022-23,N4,East of England,Chelmsford & Colchester,BSU,50<71,A and C1,not included,not included,71.2622311723853
2022-23,N4,East of England,East Suffolk,BSU,50<71,A and C1,not included,not included,86.25277161862527
2022-23,N4,East of England,Great Yarmouth & Waveney,BSU,50<71,A and C1,not included,not included,78.21973550356053
2022-23,N4,East of England,King's Lynn,BSU,50<71,A and C1,not included,not included,83.47728889340515
2022-23,N4,East of England,Milton Keynes,BSU,50<71,A and C1,not included,not included,72.10703115950423
2022-23,N4,East of England,Norfolk & Norwich,BSU,50<71,A and C1,not included,not included,78.92694161299954
2022-23,N4,East of England,Peterborough,BSU,50<71,A and C1,not included,not included,70.40231968104386
2022-23,N4,East of England,South Essex,BSU,50<71,A and C1,not included,not included,75.9856308935788
2022-23,N4,East of England,West Essex (Epping),BSU,50<71,A and C1,not included,not included,75.49663694666042
2022-23,N4,East of England,West Suffolk,BSU,50<71,A and C1,not included,not included,87.01333572003938
2022-23,N5,London,Central & East London,BSU,50<71,A and C1,not included,not included,62.05469082651275
2022-23,N5,London,North London,BSU,50<71,A and C1,not included,not included,67.80313598571507
2022-23,N5,London,Outer North East London,BSU,50<71,A and C1,not included,not included,78.01983975581838
2022-23,N5,London,South East London,BSU,50<71,A and C1,not included,not included,67.55991611743559
2022-23,N5,London,South West London,BSU,50<71,A and C1,not included,not included,68.45896745302917
2022-23,N5,London,West of London,BSU,50<71,A and C1,not included,not included,68.82678751258811
2022-23,N6,South East,Aylesbury & Wycombe,BSU,50<71,A and C1,not included,not included,84.43346804370603
2022-23,N6,South East,Brighton,BSU,50<71,A and C1,not included,not included,74.14221629485937
2022-23,N6,South East,Canterbury,BSU,50<71,A and C1,not included,not included,80.89749001526123
2022-23,N6,South East,East Berkshire,BSU,50<71,A and C1,not included,not included,79.2599142915448
2022-23,N6,South East,Guildford,BSU,50<71,A and C1,not included,not included,77.07587158676436
2022-23,N6,South East,Isle of Wight,BSU,50<71,A and C1,not included,not included,82.81668580176043
2022-23,N6,South East,Maidstone,BSU,50<71,A and C1,not included,not included,84.23310490835144
2022-23,N6,South East,Medway,BSU,50<71,A and C1,not included,not included,77.13968650298239
2022-23,N6,South East,North & Mid Hampshire,BSU,50<71,A and C1,not included,not included,79.93055555555556
2022-23,N6,South East,Oxfordshire,BSU,50<71,A and C1,not included,not included,80.7670373538637
2022-23,N6,South East,Portsmouth,BSU,50<71,A and C1,not included,not included,84.3915533285612
2022-23,N6,South East,Southampton & Salisbury,BSU,50<71,A and C1,not included,not included,81.99458621004288
2022-23,N6,South East,West Berkshire,BSU,50<71,A and C1,not included,not included,84.06155937469657
2022-23,N6,South East,Worthing,BSU,50<71,A and C1,not included,not included,76.09068142875972
2022-23,N7,South West,Avon,BSU,50<71,A and C1,not included,not included,79.90651953934372
2022-23,N7,South West,Cornwall,BSU,50<71,A and C1,not included,not included,76.62455327930739
2022-23,N7,South West,Dorset,BSU,50<71,A and C1,not included,not included,78.87813610772383
2022-23,N7,South West,Gloucestershire,BSU,50<71,A and C1,not included,not included,80.64516129032258
2022-23,N7,South West,North & East Devon,BSU,50<71,A and C1,not included,not included,74.51623591782638
2022-23,N7,South West,Somerset,BSU,50<71,A and C1,not included,not included,78.54215775158659
2022-23,N7,South West,South Devon,BSU,50<71,A and C1,not included,not included,77.27910238429172
2022-23,N7,South West,West Devon,BSU,50<71,A and C1,not included,not included,82.62466907990708
2022-23,N7,South West,Wiltshire,BSU,50<71,A and C1,not included,not included,76.3127831396494
2022-23,N1,North East and Yorkshire,Barnsley,BSU,50<71,A to C2,not included,not included,69.12311220052186
2022-23,N1,North East and Yorkshire,Doncaster,BSU,50<71,A to C2,not included,not included,61.702221828804106
2022-23,N1,North East and Yorkshire,Gateshead,BSU,50<71,A to C2,not included,not included,68.76585762841687
2022-23,N1,North East and Yorkshire,Humberside,BSU,50<71,A to C2,not included,not included,66.86065791218995
2022-23,N1,North East and Yorkshire,Leeds Wakefield,BSU,50<71,A to C2,not included,not included,62.447043827091065
2022-23,N1,North East and Yorkshire,Newcastle,BSU,50<71,A to C2,not included,not included,70.07259912572937
2022-23,N1,North East and Yorkshire,North Cumbria,BSU,50<71,A to C2,not included,not included,66.53475032237984
2022-23,N1,North East and Yorkshire,North Tees,BSU,50<71,A to C2,not included,not included,67.8610159198369
2022-23,N1,North East and Yorkshire,North Yorkshire,BSU,50<71,A to C2,not included,not included,72.73773525296747
2022-23,N1,North East and Yorkshire,Pennine,BSU,50<71,A to C2,not included,not included,58.25888947276231
2022-23,N1,North East and Yorkshire,Rotherham,BSU,50<71,A to C2,not included,not included,65.04267693934587
2022-23,N1,North East and Yorkshire,Sheffield,BSU,50<71,A to C2,not included,not included,64.02383826191912
2022-23,N2,North West,Bolton,BSU,50<71,A to C2,not included,not included,67.00451034268235
2022-23,N2,North West,Cheshire & Stockport,BSU,50<71,A to C2,not included,not included,68.36763833666498
2022-23,N2,North West,East Lancashire,BSU,50<71,A to C2,not included,not included,68.8530762858649
2022-23,N2,North West,Liverpool,BSU,50<71,A to C2,not included,not included,61.382661125095126
2022-23,N2,North West,Manchester,BSU,50<71,A to C2,not included,not included,59.84901685393258
2022-23,N2,North West,North Lancashire & South Cumbria,BSU,50<71,A to C2,not included,not included,69.10242197628756
2022-23,N2,North West,South Lancashire,BSU,50<71,A to C2,not included,not included,73.98866523353527
2022-23,N2,North West,"Warrington, Halton, St Helens & Knowsley",BSU,50<71,A to C2,not included,not included,70.18877551020408
2022-23,N2,North West,Wirral & Chester,BSU,50<71,A to C2,not included,not included,68.30968295385496
2022-23,N3,Midlands,"City, Sandwell & Walsall",BSU,50<71,A to C2,not included,not included,58.640845569979426
2022-23,N3,Midlands,"Dudley, Wolverhampton & South West Staffordshire",BSU,50<71,A to C2,not included,not included,62.50639272452361
2022-23,N3,Midlands,Hereford & Worcester,BSU,50<71,A to C2,not included,not included,69.54883215874976
2022-23,N3,Midlands,Kettering,BSU,50<71,A to C2,not included,not included,67.22336011764088
2022-23,N3,Midlands,Leicestershire,BSU,50<71,A to C2,not included,not included,65.08493213012815
2022-23,N3,Midlands,Lincolnshire,BSU,50<71,A to C2,not included,not included,61.8289980636017
2022-23,N3,Midlands,North Derbyshire & Chesterfield,BSU,50<71,A to C2,not included,not included,75.39003276764318
2022-23,N3,Midlands,North Midlands,BSU,50<71,A to C2,not included,not included,70.4150209279019
2022-23,N3,Midlands,North Nottinghamshire,BSU,50<71,A to C2,not included,not included,79.40684046878738
2022-23,N3,Midlands,Northampton,BSU,50<71,A to C2,not included,not included,61.6653123655657
2022-23,N3,Midlands,Nottingham City,BSU,50<71,A to C2,not included,not included,61.06834796735389
2022-23,N3,Midlands,Shropshire,BSU,50<71,A to C2,not included,not included,70.15369860939353
2022-23,N3,Midlands,South Birmingham,BSU,50<71,A to C2,not included,not included,53.06617344841759
2022-23,N3,Midlands,South Derbyshire & South East Staffordshire,BSU,50<71,A to C2,not included,not included,67.73677132916391
2022-23,N3,Midlands,"Warwickshire, Solihull & Coventry",BSU,50<71,A to C2,not included,not included,59.851895431524014
2022-23,N4,East of England,Beds & Herts,BSU,50<71,A to C2,not included,not included,66.32407672487834
2022-23,N4,East of England,Cambridge & Huntingdon,BSU,50<71,A to C2,not included,not included,62.527491708849716
2022-23,N4,East of England,Chelmsford & Colchester,BSU,50<71,A to C2,not included,not included,60.71876224050137
2022-23,N4,East of England,East Suffolk,BSU,50<71,A to C2,not included,not included,77.12870361716048
2022-23,N4,East of England,Great Yarmouth & Waveney,BSU,50<71,A to C2,not included,not included,67.18884624422338
2022-23,N4,East of England,King's Lynn,BSU,50<71,A to C2,not included,not included,73.28073025450608
2022-23,N4,East of England,Milton Keynes,BSU,50<71,A to C2,not included,not included,61.23789764868604
2022-23,N4,East of England,Norfolk & Norwich,BSU,50<71,A to C2,not included,not included,68.57200362282379
2022-23,N4,East of England,Peterborough,BSU,50<71,A to C2,not included,not included,61.14872618774386
2022-23,N4,East of England,South Essex,BSU,50<71,A to C2,not included,not included,63.220178523126854
2022-23,N4,East of England,West Essex (Epping),BSU,50<71,A to C2,not included,not included,64.79124539074581
2022-23,N4,East of England,West Suffolk,BSU,50<71,A to C2,not included,not included,77.27019498607243
2022-23,N5,London,Central & East London,BSU,50<71,A to C2,not included,not included,46.61168877733955
2022-23,N5,London,North London,BSU,50<71,A to C2,not included,not included,55.63643841250258
2022-23,N5,London,Outer North East London,BSU,50<71,A to C2,not included,not included,65.95186366073193
2022-23,N5,London,South East London,BSU,50<71,A to C2,not included,not included,55.236017453391504
2022-23,N5,London,South West London,BSU,50<71,A to C2,not included,not included,58.67606737171954
2022-23,N5,London,West of London,BSU,50<71,A to C2,not included,not included,54.70590328434687
2022-23,N6,South East,Aylesbury & Wycombe,BSU,50<71,A to C2,not included,not included,73.86813009442336
2022-23,N6,South East,Brighton,BSU,50<71,A to C2,not included,not included,58.8559145445373
2022-23,N6,South East,Canterbury,BSU,50<71,A to C2,not included,not included,69.83915240758319
2022-23,N6,South East,East Berkshire,BSU,50<71,A to C2,not included,not included,66.34252827942052
2022-23,N6,South East,Guildford,BSU,50<71,A to C2,not included,not included,65.50099770149782
2022-23,N6,South East,Isle of Wight,BSU,50<71,A to C2,not included,not included,71.26327769347496
2022-23,N6,South East,Maidstone,BSU,50<71,A to C2,not included,not included,73.10152393217429
2022-23,N6,South East,Medway,BSU,50<71,A to C2,not included,not included,65.7272069464544
2022-23,N6,South East,North & Mid Hampshire,BSU,50<71,A to C2,not included,not included,68.6816192560175
2022-23,N6,South East,Oxfordshire,BSU,50<71,A to C2,not included,not included,70.0087805948853
2022-23,N6,South East,Portsmouth,BSU,50<71,A to C2,not included,not included,71.379301266356
2022-23,N6,South East,Southampton & Salisbury,BSU,50<71,A to C2,not included,not included,71.95762145652381
2022-23,N6,South East,West Berkshire,BSU,50<71,A to C2,not included,not included,72.61401389308367
2022-23,N6,South East,Worthing,BSU,50<71,A to C2,not included,not included,64.78359908883827
2022-23,N7,South West,Avon,BSU,50<71,A to C2,not included,not included,66.91165874045252
2022-23,N7,South West,Cornwall,BSU,50<71,A to C2,not included,not included,64.90270350564468
2022-23,N7,South West,Dorset,BSU,50<71,A to C2,not included,not included,66.74954575882184
2022-23,N7,South West,Gloucestershire,BSU,50<71,A to C2,not included,not included,68.72465558449929
2022-23,N7,South West,North & East Devon,BSU,50<71,A to C2,not included,not included,64.36897868359168
2022-23,N7,South West,Somerset,BSU,50<71,A to C2,not included,not included,67.73175217546459
2022-23,N7,South West,South Devon,BSU,50<71,A to C2,not included,not included,64.40511843179962
2022-23,N7,South West,West Devon,BSU,50<71,A to C2,not included,not included,71.24415662392246
2022-23,N7,South West,Wiltshire,BSU,50<71,A to C2,not included,not included,65.87660127483136
2022-23,N1,North East and Yorkshire,Barnsley,BSU,50<71,A to D,not included,not included,69.16824494949495
2022-23,N1,North East and Yorkshire,Doncaster,BSU,50<71,A to D,not included,not included,61.702221828804106
2022-23,N1,North East and Yorkshire,Gateshead,BSU,50<71,A to D,not included,not included,68.77183745752166
2022-23,N1,North East and Yorkshire,Humberside,BSU,50<71,A to D,not included,not included,66.86340501019613
2022-23,N1,North East and Yorkshire,Leeds Wakefield,BSU,50<71,A to D,not included,not included,62.45689655172414
2022-23,N1,North East and Yorkshire,Newcastle,BSU,50<71,A to D,not included,not included,70.07375170899847
2022-23,N1,North East and Yorkshire,North Cumbria,BSU,50<71,A to D,not included,not included,66.54070155159383
2022-23,N1,North East and Yorkshire,North Tees,BSU,50<71,A to D,not included,not included,67.86798508109983
2022-23,N1,North East and Yorkshire,North Yorkshire,BSU,50<71,A to D,not included,not included,72.73896561061468
2022-23,N1,North East and Yorkshire,Pennine,BSU,50<71,A to D,not included,not included,58.259498751988794
2022-23,N1,North East and Yorkshire,Rotherham,BSU,50<71,A to D,not included,not included,65.05323567167561
2022-23,N1,North East and Yorkshire,Sheffield,BSU,50<71,A to D,not included,not included,64.03062186521854
2022-23,N2,North West,Bolton,BSU,50<71,A to D,not included,not included,67.01562540488715
2022-23,N2,North West,Cheshire & Stockport,BSU,50<71,A to D,not included,not included,68.37528001054157
2022-23,N2,North West,East Lancashire,BSU,50<71,A to D,not included,not included,68.85659425473438
2022-23,N2,North West,Liverpool,BSU,50<71,A to D,not included,not included,61.3841681137929
2022-23,N2,North West,Manchester,BSU,50<71,A to D,not included,not included,59.850939210648114
2022-23,N2,North West,North Lancashire & South Cumbria,BSU,50<71,A to D,not included,not included,69.10706569727029
2022-23,N2,North West,South Lancashire,BSU,50<71,A to D,not included,not included,73.9908436156552
2022-23,N2,North West,"Warrington, Halton, St Helens & Knowsley",BSU,50<71,A to D,not included,not included,70.19333775442534
2022-23,N2,North West,Wirral & Chester,BSU,50<71,A to D,not included,not included,68.31081564086068
2022-23,N3,Midlands,"City, Sandwell & Walsall",BSU,50<71,A to D,not included,not included,58.64143234117414
2022-23,N3,Midlands,"Dudley, Wolverhampton & South West Staffordshire",BSU,50<71,A to D,not included,not included,62.50806003335187
2022-23,N3,Midlands,Hereford & Worcester,BSU,50<71,A to D,not included,not included,69.5527217763396
2022-23,N3,Midlands,Kettering,BSU,50<71,A to D,not included,not included,67.23024415857181
2022-23,N3,Midlands,Leicestershire,BSU,50<71,A to D,not included,not included,65.08559403969744
2022-23,N3,Midlands,Lincolnshire,BSU,50<71,A to D,not included,not included,61.82976005110392
2022-23,N3,Midlands,North Derbyshire & Chesterfield,BSU,50<71,A to D,not included,not included,75.39003276764318
2022-23,N3,Midlands,North Midlands,BSU,50<71,A to D,not included,not included,70.41850869437076
2022-23,N3,Midlands,North Nottinghamshire,BSU,50<71,A to D,not included,not included,79.41996653653095
2022-23,N3,Midlands,Northampton,BSU,50<71,A to D,not included,not included,61.676303340182535
2022-23,N3,Midlands,Nottingham City,BSU,50<71,A to D,not included,not included,61.07437057663302
2022-23,N3,Midlands,Shropshire,BSU,50<71,A to D,not included,not included,70.1582174670065
2022-23,N3,Midlands,South Birmingham,BSU,50<71,A to D,not included,not included,53.06810242078007
2022-23,N3,Midlands,South Derbyshire & South East Staffordshire,BSU,50<71,A to D,not included,not included,67.7402142826653
2022-23,N3,Midlands,"Warwickshire, Solihull & Coventry",BSU,50<71,A to D,not included,not included,59.85292236858933
2022-23,N4,East of England,Beds & Herts,BSU,50<71,A to D,not included,not included,66.35249359973685
2022-23,N4,East of England,Cambridge & Huntingdon,BSU,50<71,A to D,not included,not included,62.53010786469787
2022-23,N4,East of England,Chelmsford & Colchester,BSU,50<71,A to D,not included,not included,60.71876224050137
2022-23,N4,East of England,East Suffolk,BSU,50<71,A to D,not included,not included,77.12977241927193
2022-23,N4,East of England,Great Yarmouth & Waveney,BSU,50<71,A to D,not included,not included,67.20425898379393
2022-23,N4,East of England,King's Lynn,BSU,50<71,A to D,not included,not included,73.28899543732118
2022-23,N4,East of England,Milton Keynes,BSU,50<71,A to D,not included,not included,61.24124816319474
2022-23,N4,East of England,Norfolk & Norwich,BSU,50<71,A to D,not included,not included,68.5741119645792
2022-23,N4,East of England,Peterborough,BSU,50<71,A to D,not included,not included,61.16209705173799
2022-23,N4,East of England,South Essex,BSU,50<71,A to D,not included,not included,63.22515212981744
2022-23,N4,East of England,West Essex (Epping),BSU,50<71,A to D,not included,not included,64.79333928040441
2022-23,N4,East of England,West Suffolk,BSU,50<71,A to D,not included,not included,77.27019498607243
2022-23,N5,London,Central & East London,BSU,50<71,A to D,not included,not included,46.62125829001613
2022-23,N5,London,North London,BSU,50<71,A to D,not included,not included,55.63689454149146
2022-23,N5,London,Outer North East London,BSU,50<71,A to D,not included,not included,65.9528243327126
2022-23,N5,London,South East London,BSU,50<71,A to D,not included,not included,55.2434147470007
2022-23,N5,London,South West London,BSU,50<71,A to D,not included,not included,58.689419105480546
2022-23,N5,London,West of London,BSU,50<71,A to D,not included,not included,54.708320731555446
2022-23,N6,South East,Aylesbury & Wycombe,BSU,50<71,A to D,not included,not included,73.87129312083923
2022-23,N6,South East,Brighton,BSU,50<71,A to D,not included,not included,58.85913546943878
2022-23,N6,South East,Canterbury,BSU,50<71,A to D,not included,not included,69.85307315572194
2022-23,N6,South East,East Berkshire,BSU,50<71,A to D,not included,not included,66.35087545260652
2022-23,N6,South East,Guildford,BSU,50<71,A to D,not included,not included,65.50404727929384
2022-23,N6,South East,Isle of Wight,BSU,50<71,A to D,not included,not included,71.26872747961312
2022-23,N6,South East,Maidstone,BSU,50<71,A to D,not included,not included,73.11191211809131
2022-23,N6,South East,Medway,BSU,50<71,A to D,not included,not included,65.72844687239969
2022-23,N6,South East,North & Mid Hampshire,BSU,50<71,A to D,not included,not included,68.68529009572183
2022-23,N6,South East,Oxfordshire,BSU,50<71,A to D,not included,not included,70.00768259891346
2022-23,N6,South East,Portsmouth,BSU,50<71,A to D,not included,not included,71.38984656683422
2022-23,N6,South East,Southampton & Salisbury,BSU,50<71,A to D,not included,not included,71.9709979011639
2022-23,N6,South East,West Berkshire,BSU,50<71,A to D,not included,not included,72.62848086936835
2022-23,N6,South East,Worthing,BSU,50<71,A to D,not included,not included,64.78943227462834
2022-23,N7,South West,Avon,BSU,50<71,A to D,not included,not included,66.91522126762847
2022-23,N7,South West,Cornwall,BSU,50<71,A to D,not included,not included,64.90531006312662
2022-23,N7,South West,Dorset,BSU,50<71,A to D,not included,not included,66.76670744762197
2022-23,N7,South West,Gloucestershire,BSU,50<71,A to D,not included,not included,68.73137333870318
2022-23,N7,South West,North & East Devon,BSU,50<71,A to D,not included,not included,64.3716814159292
2022-23,N7,South West,Somerset,BSU,50<71,A to D,not included,not included,67.73352364744312
2022-23,N7,South West,South Devon,BSU,50<71,A to D,not included,not included,64.40705651747794
2022-23,N7,South West,West Devon,BSU,50<71,A to D,not included,not included,71.25525165051873
2022-23,N7,South West,Wiltshire,BSU,50<71,A to D,not included,not included,65.87765710572728
2022-23,N1,North East and Yorkshire,Barnsley,BSU,50<71,B,not included,not included,10.737179487179487
2022-23,N1,North East and Yorkshire,Doncaster,BSU,50<71,B,not included,not included,12.655007949125597
2022-23,N1,North East and Yorkshire,Gateshead,BSU,50<71,B,not included,not included,11.429329090426943
2022-23,N1,North East and Yorkshire,Humberside,BSU,50<71,B,not included,not included,15.50755939524838
2022-23,N1,North East and Yorkshire,Leeds Wakefield,BSU,50<71,B,not included,not included,12.159468438538205
2022-23,N1,North East and Yorkshire,Newcastle,BSU,50<71,B,not included,not included,17.820535874842655
2022-23,N1,North East and Yorkshire,North Cumbria,BSU,50<71,B,not included,not included,8.810325476992144
2022-23,N1,North East and Yorkshire,North Tees,BSU,50<71,B,not included,not included,15.410132689987938
2022-23,N1,North East and Yorkshire,North Yorkshire,BSU,50<71,B,not included,not included,18.289623717217786
2022-23,N1,North East and Yorkshire,Pennine,BSU,50<71,B,not included,not included,12.173249379889334
2022-23,N1,North East and Yorkshire,Rotherham,BSU,50<71,B,not included,not included,13.309024612579762
2022-23,N1,North East and Yorkshire,Sheffield,BSU,50<71,B,not included,not included,11.688720856962822
2022-23,N2,North West,Bolton,BSU,50<71,B,not included,not included,15.547703180212014
2022-23,N2,North West,Cheshire & Stockport,BSU,50<71,B,not included,not included,16.997116077865897
2022-23,N2,North West,East Lancashire,BSU,50<71,B,not included,not included,15.82769847232657
2022-23,N2,North West,Liverpool,BSU,50<71,B,not included,not included,13.571428571428571
2022-23,N2,North West,Manchester,BSU,50<71,B,not included,not included,15.955616721142269
2022-23,N2,North West,North Lancashire & South Cumbria,BSU,50<71,B,not included,not included,16.498185588387766
2022-23,N2,North West,South Lancashire,BSU,50<71,B,not included,not included,18.95734597156398
2022-23,N2,North West,"Warrington, Halton, St Helens & Knowsley",BSU,50<71,B,not included,not included,13.791640144281775
2022-23,N2,North West,Wirral & Chester,BSU,50<71,B,not included,not included,13.50703803533992
2022-23,N3,Midlands,"City, Sandwell & Walsall",BSU,50<71,B,not included,not included,10.38169287860046
2022-23,N3,Midlands,"Dudley, Wolverhampton & South West Staffordshire",BSU,50<71,B,not included,not included,12.333380103830503
2022-23,N3,Midlands,Hereford & Worcester,BSU,50<71,B,not included,not included,18.37848006019564
2022-23,N3,Midlands,Kettering,BSU,50<71,B,not included,not included,15.05277650298302
2022-23,N3,Midlands,Leicestershire,BSU,50<71,B,not included,not included,12.474144789180588
2022-23,N3,Midlands,Lincolnshire,BSU,50<71,B,not included,not included,11.119425321759952
2022-23,N3,Midlands,North Derbyshire & Chesterfield,BSU,50<71,B,not included,not included,18.709995076317085
2022-23,N3,Midlands,North Midlands,BSU,50<71,B,not included,not included,15.616008370389748
2022-23,N3,Midlands,North Nottinghamshire,BSU,50<71,B,not included,not included,17.19409282700422
2022-23,N3,Midlands,Northampton,BSU,50<71,B,not included,not included,12.54948535233571
2022-23,N3,Midlands,Nottingham City,BSU,50<71,B,not included,not included,10.76072821846554
2022-23,N3,Midlands,Shropshire,BSU,50<71,B,not included,not included,13.520408163265307
2022-23,N3,Midlands,South Birmingham,BSU,50<71,B,not included,not included,11.1002205341828
2022-23,N3,Midlands,South Derbyshire & South East Staffordshire,BSU,50<71,B,not included,not included,16.293929712460063
2022-23,N3,Midlands,"Warwickshire, Solihull & Coventry",BSU,50<71,B,not included,not included,13.420324238829576
2022-23,N4,East of England,Beds & Herts,BSU,50<71,B,not included,not included,17.310499172910383
2022-23,N4,East of England,Cambridge & Huntingdon,BSU,50<71,B,not included,not included,13.041945717307016
2022-23,N4,East of England,Chelmsford & Colchester,BSU,50<71,B,not included,not included,10.745418964597047
2022-23,N4,East of England,East Suffolk,BSU,50<71,B,not included,not included,14.619883040935672
2022-23,N4,East of England,Great Yarmouth & Waveney,BSU,50<71,B,not included,not included,10.214168039538714
2022-23,N4,East of England,King's Lynn,BSU,50<71,B,not included,not included,16.156202143950996
2022-23,N4,East of England,Milton Keynes,BSU,50<71,B,not included,not included,15.179968701095461
2022-23,N4,East of England,Norfolk & Norwich,BSU,50<71,B,not included,not included,10.786435786435787
2022-23,N4,East of England,Peterborough,BSU,50<71,B,not included,not included,10.502540937323545
2022-23,N4,East of England,South Essex,BSU,50<71,B,not included,not included,14.164376717461904
2022-23,N4,East of England,West Essex (Epping),BSU,50<71,B,not included,not included,15.764254911356012
2022-23,N4,East of England,West Suffolk,BSU,50<71,B,not included,not included,22.388059701492537
2022-23,N5,London,Central & East London,BSU,50<71,B,not included,not included,12.30055120394546
2022-23,N5,London,North London,BSU,50<71,B,not included,not included,12.60624148446117
2022-23,N5,London,Outer North East London,BSU,50<71,B,not included,not included,21.369914147069803
2022-23,N5,London,South East London,BSU,50<71,B,not included,not included,12.191229530946433
2022-23,N5,London,South West London,BSU,50<71,B,not included,not included,14.626282364435761
2022-23,N5,London,West of London,BSU,50<71,B,not included,not included,12.546762589928056
2022-23,N6,South East,Aylesbury & Wycombe,BSU,50<71,B,not included,not included,18.280433909200482
2022-23,N6,South East,Brighton,BSU,50<71,B,not included,not included,10.348722292813779
2022-23,N6,South East,Canterbury,BSU,50<71,B,not included,not included,14.700496991891185
2022-23,N6,South East,East Berkshire,BSU,50<71,B,not included,not included,19.29587000677048
2022-23,N6,South East,Guildford,BSU,50<71,B,not included,not included,14.026566217287867
2022-23,N6,South East,Isle of Wight,BSU,50<71,B,not included,not included,15.893470790378005
2022-23,N6,South East,Maidstone,BSU,50<71,B,not included,not included,23.20906432748538
2022-23,N6,South East,Medway,BSU,50<71,B,not included,not included,15.463917525773196
2022-23,N6,South East,North & Mid Hampshire,BSU,50<71,B,not included,not included,15.684882895670688
2022-23,N6,South East,Oxfordshire,BSU,50<71,B,not included,not included,18.40625763871914
2022-23,N6,South East,Portsmouth,BSU,50<71,B,not included,not included,20.254652301665036
2022-23,N6,South East,Southampton & Salisbury,BSU,50<71,B,not included,not included,18.864889705882355
2022-23,N6,South East,West Berkshire,BSU,50<71,B,not included,not included,22.044632086851628
2022-23,N6,South East,Worthing,BSU,50<71,B,not included,not included,11.451080982044704
2022-23,N7,South West,Avon,BSU,50<71,B,not included,not included,15.944606784398424
2022-23,N7,South West,Cornwall,BSU,50<71,B,not included,not included,13.844130220322262
2022-23,N7,South West,Dorset,BSU,50<71,B,not included,not included,13.11858076563959
2022-23,N7,South West,Gloucestershire,BSU,50<71,B,not included,not included,16.136576239476145
2022-23,N7,South West,North & East Devon,BSU,50<71,B,not included,not included,9.877944933295487
2022-23,N7,South West,Somerset,BSU,50<71,B,not included,not included,15.679879578524837
2022-23,N7,South West,South Devon,BSU,50<71,B,not included,not included,12.01188455008489
2022-23,N7,South West,West Devon,BSU,50<71,B,not included,not included,13.782474680757376
2022-23,N7,South West,Wiltshire,BSU,50<71,B,not included,not included,12.371445856019358
2022-23,N1,North East and Yorkshire,Barnsley,BSU,50<71,C1,not included,not included,83.75356803044718
2022-23,N1,North East and Yorkshire,Doncaster,BSU,50<71,C1,not included,not included,77.80088740987243
2022-23,N1,North East and Yorkshire,Gateshead,BSU,50<71,C1,not included,not included,83.2831485351943
2022-23,N1,North East and Yorkshire,Humberside,BSU,50<71,C1,not included,not included,84.60929459266883
2022-23,N1,North East and Yorkshire,Leeds Wakefield,BSU,50<71,C1,not included,not included,79.82218897456555
2022-23,N1,North East and Yorkshire,Newcastle,BSU,50<71,C1,not included,not included,83.45787462209799
2022-23,N1,North East and Yorkshire,North Cumbria,BSU,50<71,C1,not included,not included,79.19041450777202
2022-23,N1,North East and Yorkshire,North Tees,BSU,50<71,C1,not included,not included,85.21912899669239
2022-23,N1,North East and Yorkshire,North Yorkshire,BSU,50<71,C1,not included,not included,85.45466648914925
2022-23,N1,North East and Yorkshire,Pennine,BSU,50<71,C1,not included,not included,75.56680808357284
2022-23,N1,North East and Yorkshire,Rotherham,BSU,50<71,C1,not included,not included,78.14764492753623
2022-23,N1,North East and Yorkshire,Sheffield,BSU,50<71,C1,not included,not included,81.41234825740766
2022-23,N2,North West,Bolton,BSU,50<71,C1,not included,not included,84.13557962294425
2022-23,N2,North West,Cheshire & Stockport,BSU,50<71,C1,not included,not included,82.00562623873154
2022-23,N2,North West,East Lancashire,BSU,50<71,C1,not included,not included,85.88363303172603
2022-23,N2,North West,Liverpool,BSU,50<71,C1,not included,not included,79.72299168975069
2022-23,N2,North West,Manchester,BSU,50<71,C1,not included,not included,78.76267078007932
2022-23,N2,North West,North Lancashire & South Cumbria,BSU,50<71,C1,not included,not included,85.63921382340716
2022-23,N2,North West,South Lancashire,BSU,50<71,C1,not included,not included,88.54417484719393
2022-23,N2,North West,"Warrington, Halton, St Helens & Knowsley",BSU,50<71,C1,not included,not included,84.25641568710509
2022-23,N2,North West,Wirral & Chester,BSU,50<71,C1,not included,not included,82.430775518545
2022-23,N3,Midlands,"City, Sandwell & Walsall",BSU,50<71,C1,not included,not included,77.95037459619218
2022-23,N3,Midlands,"Dudley, Wolverhampton & South West Staffordshire",BSU,50<71,C1,not included,not included,81.83393501805054
2022-23,N3,Midlands,Hereford & Worcester,BSU,50<71,C1,not included,not included,83.28034411819712
2022-23,N3,Midlands,Kettering,BSU,50<71,C1,not included,not included,80.62523827678231
2022-23,N3,Midlands,Leicestershire,BSU,50<71,C1,not included,not included,80.91444405957742
2022-23,N3,Midlands,Lincolnshire,BSU,50<71,C1,not included,not included,77.3849797023004
2022-23,N3,Midlands,North Derbyshire & Chesterfield,BSU,50<71,C1,not included,not included,88.07787561915245
2022-23,N3,Midlands,North Midlands,BSU,50<71,C1,not included,not included,85.45200209826893
2022-23,N3,Midlands,North Nottinghamshire,BSU,50<71,C1,not included,not included,90.02079002079002
2022-23,N3,Midlands,Northampton,BSU,50<71,C1,not included,not included,76.6657412548584
2022-23,N3,Midlands,Nottingham City,BSU,50<71,C1,not included,not included,77.77910305343512
2022-23,N3,Midlands,Shropshire,BSU,50<71,C1,not included,not included,83.0234817271296
2022-23,N3,Midlands,South Birmingham,BSU,50<71,C1,not included,not included,71.19231041062972
2022-23,N3,Midlands,South Derbyshire & South East Staffordshire,BSU,50<71,C1,not included,not included,81.54122995327693
2022-23,N3,Midlands,"Warwickshire, Solihull & Coventry",BSU,50<71,C1,not included,not included,77.99761179280243
2022-23,N4,East of England,Beds & Herts,BSU,50<71,C1,not included,not included,81.80239050415649
2022-23,N4,East of England,Cambridge & Huntingdon,BSU,50<71,C1,not included,not included,79.6145153189352
2022-23,N4,East of England,Chelmsford & Colchester,BSU,50<71,C1,not included,not included,74.2795583086453
2022-23,N4,East of England,East Suffolk,BSU,50<71,C1,not included,not included,89.68320717689936
2022-23,N4,East of England,Great Yarmouth & Waveney,BSU,50<71,C1,not included,not included,82.15710723192021
2022-23,N4,East of England,King's Lynn,BSU,50<71,C1,not included,not included,86.95864937607047
2022-23,N4,East of England,Milton Keynes,BSU,50<71,C1,not included,not included,75.61860344604223
2022-23,N4,East of England,Norfolk & Norwich,BSU,50<71,C1,not included,not included,83.94546912590216
2022-23,N4,East of England,Peterborough,BSU,50<71,C1,not included,not included,77.43780096308186
2022-23,N4,East of England,South Essex,BSU,50<71,C1,not included,not included,80.56154343608536
2022-23,N4,East of England,West Essex (Epping),BSU,50<71,C1,not included,not included,79.00009024456277
2022-23,N4,East of England,West Suffolk,BSU,50<71,C1,not included,not included,90.08405149483988
2022-23,N5,London,Central & East London,BSU,50<71,C1,not included,not included,70.01674522451005
2022-23,N5,London,North London,BSU,50<71,C1,not included,not included,75.81474480151229
2022-23,N5,London,Outer North East London,BSU,50<71,C1,not included,not included,84.5839210155148
2022-23,N5,London,South East London,BSU,50<71,C1,not included,not included,74.36178262774304
2022-23,N5,London,South West London,BSU,50<71,C1,not included,not included,77.61491390351502
2022-23,N5,London,West of London,BSU,50<71,C1,not included,not included,73.65776629342521
2022-23,N6,South East,Aylesbury & Wycombe,BSU,50<71,C1,not included,not included,87.08836899878035
2022-23,N6,South East,Brighton,BSU,50<71,C1,not included,not included,78.30229073003639
2022-23,N6,South East,Canterbury,BSU,50<71,C1,not included,not included,84.42508050767191
2022-23,N6,South East,East Berkshire,BSU,50<71,C1,not included,not included,83.52277181155443
2022-23,N6,South East,Guildford,BSU,50<71,C1,not included,not included,81.54940339740199
2022-23,N6,South East,Isle of Wight,BSU,50<71,C1,not included,not included,85.32835177468027
2022-23,N6,South East,Maidstone,BSU,50<71,C1,not included,not included,87.20623350508986
2022-23,N6,South East,Medway,BSU,50<71,C1,not included,not included,80.58205852566495
2022-23,N6,South East,North & Mid Hampshire,BSU,50<71,C1,not included,not included,83.19813942934937
2022-23,N6,South East,Oxfordshire,BSU,50<71,C1,not included,not included,84.96278541692948
2022-23,N6,South East,Portsmouth,BSU,50<71,C1,not included,not included,87.02401164200825
2022-23,N6,South East,Southampton & Salisbury,BSU,50<71,C1,not included,not included,85.36752506672437
2022-23,N6,South East,West Berkshire,BSU,50<71,C1,not included,not included,87.79897574427373
2022-23,N6,South East,Worthing,BSU,50<71,C1,not included,not included,81.2612967892471
2022-23,N7,South West,Avon,BSU,50<71,C1,not included,not included,83.06307283475243
2022-23,N7,South West,Cornwall,BSU,50<71,C1,not included,not included,79.18340026773761
2022-23,N7,South West,Dorset,BSU,50<71,C1,not included,not included,82.29424205415388
2022-23,N7,South West,Gloucestershire,BSU,50<71,C1,not included,not included,82.96095775507092
2022-23,N7,South West,North & East Devon,BSU,50<71,C1,not included,not included,79.74580080918714
2022-23,N7,South West,Somerset,BSU,50<71,C1,not included,not included,82.64644838832649
2022-23,N7,South West,South Devon,BSU,50<71,C1,not included,not included,79.719165085389
2022-23,N7,South West,West Devon,BSU,50<71,C1,not included,not included,85.55137620156428
2022-23,N7,South West,Wiltshire,BSU,50<71,C1,not included,not included,79.88217025940811
2022-23,N1,North East and Yorkshire,Barnsley,BSU,50<71,C2,not included,not included,37.65008576329331
2022-23,N1,North East and Yorkshire,Doncaster,BSU,50<71,C2,not included,not included,39.04724716907458
2022-23,N1,North East and Yorkshire,Gateshead,BSU,50<71,C2,not included,not included,35.39887777506709
2022-23,N1,North East and Yorkshire,Humberside,BSU,50<71,C2,not included,not included,45.98327880770629
2022-23,N1,North East and Yorkshire,Leeds Wakefield,BSU,50<71,C2,not included,not included,33.40622371740959
2022-23,N1,North East and Yorkshire,Newcastle,BSU,50<71,C2,not included,not included,44.5280940139552
2022-23,N1,North East and Yorkshire,North Cumbria,BSU,50<71,C2,not included,not included,38.9193752638244
2022-23,N1,North East and Yorkshire,North Tees,BSU,50<71,C2,not included,not included,44.47750743917381
2022-23,N1,North East and Yorkshire,North Yorkshire,BSU,50<71,C2,not included,not included,52.151791392834426
2022-23,N1,North East and Yorkshire,Pennine,BSU,50<71,C2,not included,not included,31.64900491082967
2022-23,N1,North East and Yorkshire,Rotherham,BSU,50<71,C2,not included,not included,27.56598240469208
2022-23,N1,North East and Yorkshire,Sheffield,BSU,50<71,C2,not included,not included,34.77246207701283
2022-23,N2,North West,Bolton,BSU,50<71,C2,not included,not included,43.35158817086528
2022-23,N2,North West,Cheshire & Stockport,BSU,50<71,C2,not included,not included,47.42485498330111
2022-23,N2,North West,East Lancashire,BSU,50<71,C2,not included,not included,47.73785761809714
2022-23,N2,North West,Liverpool,BSU,50<71,C2,not included,not included,38.075687254551944
2022-23,N2,North West,Manchester,BSU,50<71,C2,not included,not included,43.824752990119606
2022-23,N2,North West,North Lancashire & South Cumbria,BSU,50<71,C2,not included,not included,52.43171219187208
2022-23,N2,North West,South Lancashire,BSU,50<71,C2,not included,not included,50.86346465191581
2022-23,N2,North West,"Warrington, Halton, St Helens & Knowsley",BSU,50<71,C2,not included,not included,40.64678003902983
2022-23,N2,North West,Wirral & Chester,BSU,50<71,C2,not included,not included,42.19689775245331
2022-23,N3,Midlands,"City, Sandwell & Walsall",BSU,50<71,C2,not included,not included,32.868005901713765
2022-23,N3,Midlands,"Dudley, Wolverhampton & South West Staffordshire",BSU,50<71,C2,not included,not included,37.78576094056172
2022-23,N3,Midlands,Hereford & Worcester,BSU,50<71,C2,not included,not included,49.61955641897361
2022-23,N3,Midlands,Kettering,BSU,50<71,C2,not included,not included,39.32827735644637
2022-23,N3,Midlands,Leicestershire,BSU,50<71,C2,not included,not included,42.02262367043728
2022-23,N3,Midlands,Lincolnshire,BSU,50<71,C2,not included,not included,32.80487804878049
2022-23,N3,Midlands,North Derbyshire & Chesterfield,BSU,50<71,C2,not included,not included,52.702702702702695
2022-23,N3,Midlands,North Midlands,BSU,50<71,C2,not included,not included,42.908093278463646
2022-23,N3,Midlands,North Nottinghamshire,BSU,50<71,C2,not included,not included,53.79644588045234
2022-23,N3,Midlands,Northampton,BSU,50<71,C2,not included,not included,34.4468546637744
2022-23,N3,Midlands,Nottingham City,BSU,50<71,C2,not included,not included,39.314516129032256
2022-23,N3,Midlands,Shropshire,BSU,50<71,C2,not included,not included,34.373259052924794
2022-23,N3,Midlands,South Birmingham,BSU,50<71,C2,not included,not included,33.58644859813084
2022-23,N3,Midlands,South Derbyshire & South East Staffordshire,BSU,50<71,C2,not included,not included,47.60734185512946
2022-23,N3,Midlands,"Warwickshire, Solihull & Coventry",BSU,50<71,C2,not included,not included,41.704690636977546
2022-23,N4,East of England,Beds & Herts,BSU,50<71,C2,not included,not included,40.65189784111754
2022-23,N4,East of England,Cambridge & Huntingdon,BSU,50<71,C2,not included,not included,43.92336288247069
2022-23,N4,East of England,Chelmsford & Colchester,BSU,50<71,C2,not included,not included,41.70891738741426
2022-23,N4,East of England,East Suffolk,BSU,50<71,C2,not included,not included,42.11165048543689
2022-23,N4,East of England,Great Yarmouth & Waveney,BSU,50<71,C2,not included,not included,44.39930354033662
2022-23,N4,East of England,King's Lynn,BSU,50<71,C2,not included,not included,58.82022471910112
2022-23,N4,East of England,Milton Keynes,BSU,50<71,C2,not included,not included,40.132770066385035
2022-23,N4,East of England,Norfolk & Norwich,BSU,50<71,C2,not included,not included,45.573496659242764
2022-23,N4,East of England,Peterborough,BSU,50<71,C2,not included,not included,40.762620837808804
2022-23,N4,East of England,South Essex,BSU,50<71,C2,not included,not included,36.6030881017257
2022-23,N4,East of England,West Essex (Epping),BSU,50<71,C2,not included,not included,46.986089644513136
2022-23,N4,East of England,West Suffolk,BSU,50<71,C2,not included,not included,60.94570928196147
2022-23,N5,London,Central & East London,BSU,50<71,C2,not included,not included,30.08092698179143
2022-23,N5,London,North London,BSU,50<71,C2,not included,not included,35.078224933582604
2022-23,N5,London,Outer North East London,BSU,50<71,C2,not included,not included,45.95920475083914
2022-23,N5,London,South East London,BSU,50<71,C2,not included,not included,34.11936560934892
2022-23,N5,London,South West London,BSU,50<71,C2,not included,not included,37.76464118779214
2022-23,N5,London,West of London,BSU,50<71,C2,not included,not included,34.680745751526146
2022-23,N6,South East,Aylesbury & Wycombe,BSU,50<71,C2,not included,not included,41.24444444444445
2022-23,N6,South East,Brighton,BSU,50<71,C2,not included,not included,29.713560551124
2022-23,N6,South East,Canterbury,BSU,50<71,C2,not included,not included,40.08254987388214
2022-23,N6,South East,East Berkshire,BSU,50<71,C2,not included,not included,45.98160735705717
2022-23,N6,South East,Guildford,BSU,50<71,C2,not included,not included,42.987360233349534
2022-23,N6,South East,Isle of Wight,BSU,50<71,C2,not included,not included,54.31537962362103
2022-23,N6,South East,Maidstone,BSU,50<71,C2,not included,not included,48.85057471264368
2022-23,N6,South East,Medway,BSU,50<71,C2,not included,not included,35.17069701280228
2022-23,N6,South East,North & Mid Hampshire,BSU,50<71,C2,not included,not included,39.05891354246366
2022-23,N6,South East,Oxfordshire,BSU,50<71,C2,not included,not included,48.89457761228764
2022-23,N6,South East,Portsmouth,BSU,50<71,C2,not included,not included,50.607533414337794
2022-23,N6,South East,Southampton & Salisbury,BSU,50<71,C2,not included,not included,50.801796023091725
2022-23,N6,South East,West Berkshire,BSU,50<71,C2,not included,not included,46.15384615384615
2022-23,N6,South East,Worthing,BSU,50<71,C2,not included,not included,36.63467429038187
2022-23,N7,South West,Avon,BSU,50<71,C2,not included,not included,44.38467807660962
2022-23,N7,South West,Cornwall,BSU,50<71,C2,not included,not included,45.59701492537314
2022-23,N7,South West,Dorset,BSU,50<71,C2,not included,not included,49.95899398578458
2022-23,N7,South West,Gloucestershire,BSU,50<71,C2,not included,not included,39.02922238732046
2022-23,N7,South West,North & East Devon,BSU,50<71,C2,not included,not included,44.81519507186859
2022-23,N7,South West,Somerset,BSU,50<71,C2,not included,not included,49.11668036154479
2022-23,N7,South West,South Devon,BSU,50<71,C2,not included,not included,30.017152658662095
2022-23,N7,South West,West Devon,BSU,50<71,C2,not included,not included,39.65313362238865
2022-23,N7,South West,Wiltshire,BSU,50<71,C2,not included,not included,41.60463192721257
2022-23,N1,North East and Yorkshire,Barnsley,BSU,50<71,D,not included,not included,92.0
2022-23,N1,North East and Yorkshire,Doncaster,BSU,50<71,D,not included,not included,z
2022-23,N1,North East and Yorkshire,Gateshead,BSU,50<71,D,not included,not included,100.0
2022-23,N1,North East and Yorkshire,Humberside,BSU,50<71,D,not included,not included,100.0
2022-23,N1,North East and Yorkshire,Leeds Wakefield,BSU,50<71,D,not included,not included,100.0
2022-23,N1,North East and Yorkshire,Newcastle,BSU,50<71,D,not included,not included,100.0
2022-23,N1,North East and Yorkshire,North Cumbria,BSU,50<71,D,not included,not included,100.0
2022-23,N1,North East and Yorkshire,North Tees,BSU,50<71,D,not included,not included,100.0
2022-23,N1,North East and Yorkshire,North Yorkshire,BSU,50<71,D,not included,not included,100.0
2022-23,N1,North East and Yorkshire,Pennine,BSU,50<71,D,not included,not included,100.0
2022-23,N1,North East and Yorkshire,Rotherham,BSU,50<71,D,not included,not included,100.0
2022-23,N1,North East and Yorkshire,Sheffield,BSU,50<71,D,not included,not included,100.0
2022-23,N2,North West,Bolton,BSU,50<71,D,not included,not included,100.0
2022-23,N2,North West,Cheshire & Stockport,BSU,50<71,D,not included,not included,100.0
2022-23,N2,North West,East Lancashire,BSU,50<71,D,not included,not included,100.0
2022-23,N2,North West,Liverpool,BSU,50<71,D,not included,not included,100.0
2022-23,N2,North West,Manchester,BSU,50<71,D,not included,not included,100.0
2022-23,N2,North West,North Lancashire & South Cumbria,BSU,50<71,D,not included,not included,100.0
2022-23,N2,North West,South Lancashire,BSU,50<71,D,not included,not included,100.0
2022-23,N2,North West,"Warrington, Halton, St Helens & Knowsley",BSU,50<71,D,not included,not included,100.0
2022-23,N2,North West,Wirral & Chester,BSU,50<71,D,not included,not included,100.0
2022-23,N3,Midlands,"City, Sandwell & Walsall",BSU,50<71,D,not included,not included,100.0
2022-23,N3,Midlands,"Dudley, Wolverhampton & South West Staffordshire",BSU,50<71,D,not included,not included,100.0
2022-23,N3,Midlands,Hereford & Worcester,BSU,50<71,D,not included,not included,100.0
2022-23,N3,Midlands,Kettering,BSU,50<71,D,not included,not included,100.0
2022-23,N3,Midlands,Leicestershire,BSU,50<71,D,not included,not included,100.0
2022-23,N3,Midlands,Lincolnshire,BSU,50<71,D,not included,not included,100.0
2022-23,N3,Midlands,North Derbyshire & Chesterfield,BSU,50<71,D,not included,not included,z
2022-23,N3,Midlands,North Midlands,BSU,50<71,D,not included,not included,100.0
2022-23,N3,Midlands,North Nottinghamshire,BSU,50<71,D,not included,not included,100.0
2022-23,N3,Midlands,Northampton,BSU,50<71,D,not included,not included,100.0
2022-23,N3,Midlands,Nottingham City,BSU,50<71,D,not included,not included,100.0
2022-23,N3,Midlands,Shropshire,BSU,50<71,D,not included,not included,100.0
2022-23,N3,Midlands,South Birmingham,BSU,50<71,D,not included,not included,100.0
2022-23,N3,Midlands,South Derbyshire & South East Staffordshire,BSU,50<71,D,not included,not included,100.0
2022-23,N3,Midlands,"Warwickshire, Solihull & Coventry",BSU,50<71,D,not included,not included,100.0
2022-23,N4,East of England,Beds & Herts,BSU,50<71,D,not included,not included,100.0
2022-23,N4,East of England,Cambridge & Huntingdon,BSU,50<71,D,not included,not included,100.0
2022-23,N4,East of England,Chelmsford & Colchester,BSU,50<71,D,not included,not included,z
2022-23,N4,East of England,East Suffolk,BSU,50<71,D,not included,not included,100.0
2022-23,N4,East of England,Great Yarmouth & Waveney,BSU,50<71,D,not included,not included,100.0
2022-23,N4,East of England,King's Lynn,BSU,50<71,D,not included,not included,100.0
2022-23,N4,East of England,Milton Keynes,BSU,50<71,D,not included,not included,100.0
2022-23,N4,East of England,Norfolk & Norwich,BSU,50<71,D,not included,not included,100.0
2022-23,N4,East of England,Peterborough,BSU,50<71,D,not included,not included,100.0
2022-23,N4,East of England,South Essex,BSU,50<71,D,not included,not included,100.0
2022-23,N4,East of England,West Essex (Epping),BSU,50<71,D,not included,not included,100.0
2022-23,N4,East of England,West Suffolk,BSU,50<71,D,not included,not included,z
2022-23,N5,London,Central & East London,BSU,50<71,D,not included,not included,100.0
2022-23,N5,London,North London,BSU,50<71,D,not included,not included,100.0
2022-23,N5,London,Outer North East London,BSU,50<71,D,not included,not included,100.0
2022-23,N5,London,South East London,BSU,50<71,D,not included,not included,100.0
2022-23,N5,London,South West London,BSU,50<71,D,not included,not included,96.42857142857143
2022-23,N5,London,West of London,BSU,50<71,D,not included,not included,100.0
2022-23,N6,South East,Aylesbury & Wycombe,BSU,50<71,D,not included,not included,100.0
2022-23,N6,South East,Brighton,BSU,50<71,D,not included,not included,83.33333333333334
2022-23,N6,South East,Canterbury,BSU,50<71,D,not included,not included,100.0
2022-23,N6,South East,East Berkshire,BSU,50<71,D,not included,not included,100.0
2022-23,N6,South East,Guildford,BSU,50<71,D,not included,not included,100.0
2022-23,N6,South East,Isle of Wight,BSU,50<71,D,not included,not included,100.0
2022-23,N6,South East,Maidstone,BSU,50<71,D,not included,not included,100.0
2022-23,N6,South East,Medway,BSU,50<71,D,not included,not included,100.0
2022-23,N6,South East,North & Mid Hampshire,BSU,50<71,D,not included,not included,100.0
2022-23,N6,South East,Oxfordshire,BSU,50<71,D,not included,not included,50.0
2022-23,N6,South East,Portsmouth,BSU,50<71,D,not included,not included,100.0
2022-23,N6,South East,Southampton & Salisbury,BSU,50<71,D,not included,not included,100.0
2022-23,N6,South East,West Berkshire,BSU,50<71,D,not included,not included,100.0
2022-23,N6,South East,Worthing,BSU,50<71,D,not included,not included,100.0
2022-23,N7,South West,Avon,BSU,50<71,D,not included,not included,88.88888888888889
2022-23,N7,South West,Cornwall,BSU,50<71,D,not included,not included,100.0
2022-23,N7,South West,Dorset,BSU,50<71,D,not included,not included,100.0
2022-23,N7,South West,Gloucestershire,BSU,50<71,D,not included,not included,100.0
2022-23,N7,South West,North & East Devon,BSU,50<71,D,not included,not included,100.0
2022-23,N7,South West,Somerset,BSU,50<71,D,not included,not included,100.0
2022-23,N7,South West,South Devon,BSU,50<71,D,not included,not included,100.0
2022-23,N7,South West,West Devon,BSU,50<71,D,not included,not included,100.0
2022-23,N7,South West,Wiltshire,BSU,50<71,D,not included,not included,100.0
