CollectionYearRange,Parent_Org_Code,Parent_Org_Name,Org_Name,Org_Type,Age_Band,Table_Code,Rate_benign_biopsy,Rate_benign_biopsy_warning,Non-op_diag_rate_invasive,Non-op_diag_rate_non-invasive,Rate_non_op_diagnosis,Rate_non_op_diagnosis_warning,Rate_small_invasive,Rate_small_invasive_warning,SDR,SDR_warning
2012-13,E92000001,England,England,National,50<71,A to F2,0.6708119103005272,,:,:,96.70938940092167,,not included,not included,not included,not included
2013-14,E92000001,England,England,National,50<71,A to F2,0.6032415762227927,,:,:,96.99075635922001,,not included,not included,not included,not included
2014-15,E92000001,England,England,National,50<71,A to F2,0.5247013463435501,,:,:,97.32508905168358,,not included,not included,not included,not included
2015-16,E92000001,England,England,National,50<71,A to F2,0.46380950564228896,,:,:,97.5052938062467,,not included,not included,not included,not included
2016-17,E92000001,England,England,National,50<71,A to F2,0.4020098370428199,,:,:,97.84593156892363,,not included,not included,not included,not included
2017-18,E92000001,England,England,National,50<71,A to F2,0.3609647683118736,,:,:,98.00751375285121,,not included,not included,not included,not included
2018-19,E92000001,England,England,National,50<71,A to F2,0.30410987361236486,,:,:,98.24664703958129,,not included,not included,not included,not included
2019-20,E92000001,England,England,National,50<71,A to F2,0.2697072940294433,,:,:,98.8623203215478,,not included,not included,not included,not included
2020-21,E92000001,England,England,National,50<71,A to F2,0.27867957852177955,,:,:,98.70733185215109,,not included,not included,not included,not included
2021-22,E92000001,England,England,National,50<71,A to F2,0.29940860734235314,,:,:,98.47902390105298,,not included,not included,not included,not included
2022-23,E92000001,England,England,National,50<71,A to F2,0.2589741178509481,,:,:,98.74564878165887,,not included,not included,not included,not included
2012-13,E92000001,England,England,National,50<71,A and B,1.6889831025437687,,not included,not included,93.51230425055928,,2.7221984993594828,,1.5171594753774638,
2013-14,E92000001,England,England,National,50<71,A and B,1.5891965945787259,,not included,not included,93.87326898866975,,2.9513651042176337,,1.6216213438410336,
2014-15,E92000001,England,England,National,50<71,A and B,1.506074640891395,,not included,not included,94.47004608294931,,3.104443549469728,,1.609001979352958,
2015-16,E92000001,England,England,National,50<71,A and B,1.2564325335828377,,not included,not included,95.54759467758444,,3.0876161197620795,,1.5131170598557888,
2016-17,E92000001,England,England,National,50<71,A and B,1.066113036037426,,not included,not included,95.89249492900609,,3.1515797644264265,,1.5944937419840033,
2017-18,E92000001,England,England,National,50<71,A and B,0.9314390733683541,,not included,not included,95.97826086956522,,3.084765963413474,,1.588082658409745,
2018-19,E92000001,England,England,National,50<71,A and B,0.8037285161897387,,not included,not included,97.01333333333334,,3.0335850702527334,,1.5289290983790773,
2019-20,E92000001,England,England,National,50<71,A and B,0.6308036252655405,,not included,not included,98.2409381663113,,2.708744979081439,,1.4695876735951763,
2020-21,E92000001,England,England,National,50<71,A and B,0.6230917814194031,,not included,not included,97.72893772893772,,2.8731454365450255,,1.6467110176429642,
2021-22,E92000001,England,England,National,50<71,A and B,0.6585292280762873,,not included,not included,97.7294228949858,,2.7105912742752993,,1.289571811299977,
2022-23,E92000001,England,England,National,50<71,A and B,0.5577574769079954,,not included,not included,97.5598086124402,,2.4465271146191614,,1.2356339004177928,
2012-13,E92000001,England,England,National,50<71,C1 and C2,0.4608135092682975,,not included,not included,97.33024828690931,,3.41044468149717,,1.5426380131591908,
2013-14,E92000001,England,England,National,50<71,C1 and C2,0.41770244667851963,,not included,not included,97.58071243847502,,3.4155312076618563,,1.5737382934559843,
2014-15,E92000001,England,England,National,50<71,C1 and C2,0.36006633148565353,,not included,not included,97.89301755818701,,3.4136930913511407,,1.5605360601289247,
2015-16,E92000001,England,England,National,50<71,C1 and C2,0.34470608061526203,,not included,not included,97.86159551803046,,3.4694028669332395,,1.586487948157954,
2016-17,E92000001,England,England,National,50<71,C1 and C2,0.306226273600595,,not included,not included,98.19004524886877,,3.4274022806800066,,1.5494900222115988,
2017-18,E92000001,England,England,National,50<71,C1 and C2,0.2795526403903937,,not included,not included,98.31946095917559,,3.3056314465938237,,1.5491077876151529,
2018-19,E92000001,England,England,National,50<71,C1 and C2,0.23005939997283933,,not included,not included,98.43992548897857,,3.3739978308685146,,1.5629732047424671,
2019-20,E92000001,England,England,National,50<71,C1 and C2,0.21735052873842908,,not included,not included,99.01326431575542,,3.2374456306840647,,1.530532006478156,
2020-21,E92000001,England,England,National,50<71,C1 and C2,0.22185388788272462,,not included,not included,98.94018759897673,,3.47393323477901,,1.7037042689558095,
2021-22,E92000001,England,England,National,50<71,C1 and C2,0.2414706250984568,,not included,not included,98.59475374732334,,3.3259703957013627,,1.3841952979112955,
2022-23,E92000001,England,England,National,50<71,C1 and C2,0.20400741522604907,,not included,not included,98.95416110369382,,3.1428968461636257,,1.294377674812575,
2012-13,N1,North East and Yorkshire,North East and Yorkshire,Region,50<71,A to F2,0.4602134513817361,,:,:,97.2960372960373,,not included,not included,not included,not included
2012-13,N2,North West,North West,Region,50<71,A to F2,0.6483816679618408,,:,:,97.42840444184687,,not included,not included,not included,not included
2012-13,N3,Midlands,Midlands,Region,50<71,A to F2,0.5950732647133338,,:,:,96.9219494320264,,not included,not included,not included,not included
2012-13,N4,East of England,East of England,Region,50<71,A to F2,0.6258706668551008,,:,:,95.55273189326556,,not included,not included,not included,not included
2012-13,N5,London,London,Region,50<71,A to F2,0.825228411435308,,:,:,97.38919247115967,,not included,not included,not included,not included
2012-13,N6,South East,South East,Region,50<71,A to F2,0.8670461268539487,,:,:,95.61957379636937,,not included,not included,not included,not included
2012-13,N7,South West,South West,Region,50<71,A to F2,0.7114665558786871,,:,:,96.9638242894057,,not included,not included,not included,not included
2013-14,N1,North East and Yorkshire,North East and Yorkshire,Region,50<71,A to F2,0.3226220500029487,,:,:,97.8750531236719,,not included,not included,not included,not included
2013-14,N2,North West,North West,Region,50<71,A to F2,0.6079578966471576,,:,:,97.39795918367346,,not included,not included,not included,not included
2013-14,N3,Midlands,Midlands,Region,50<71,A to F2,0.5649717514124294,,:,:,97.05985299264964,,not included,not included,not included,not included
2013-14,N4,East of England,East of England,Region,50<71,A to F2,0.4080740362894411,,:,:,96.25,,not included,not included,not included,not included
2013-14,N5,London,London,Region,50<71,A to F2,0.7877352840914326,,:,:,97.2800925925926,,not included,not included,not included,not included
2013-14,N6,South East,South East,Region,50<71,A to F2,0.8978284840353806,,:,:,96.13323124042878,,not included,not included,not included,not included
2013-14,N7,South West,South West,Region,50<71,A to F2,0.6375772066148635,,:,:,96.90239625949737,,not included,not included,not included,not included
2014-15,N1,North East and Yorkshire,North East and Yorkshire,Region,50<71,A to F2,0.207473819184866,,:,:,98.94644424934152,,not included,not included,not included,not included
2014-15,N2,North West,North West,Region,50<71,A to F2,0.49342408647372404,,:,:,97.9539641943734,,not included,not included,not included,not included
2014-15,N3,Midlands,Midlands,Region,50<71,A to F2,0.44429254955570746,,:,:,97.40714786264891,,not included,not included,not included,not included
2014-15,N4,East of England,East of England,Region,50<71,A to F2,0.4678847749329526,,:,:,97.09158415841584,,not included,not included,not included,not included
2014-15,N5,London,London,Region,50<71,A to F2,0.6065814082798362,,:,:,97.33924611973393,,not included,not included,not included,not included
2014-15,N6,South East,South East,Region,50<71,A to F2,0.803993490558727,,:,:,96.00439882697948,,not included,not included,not included,not included
2014-15,N7,South West,South West,Region,50<71,A to F2,0.7046187760771859,,:,:,96.59367396593674,,not included,not included,not included,not included
2015-16,N1,North East and Yorkshire,North East and Yorkshire,Region,50<71,A to F2,0.2210365594469325,,:,:,98.08778791829639,,not included,not included,not included,not included
2015-16,N2,North West,North West,Region,50<71,A to F2,0.43191127706411797,,:,:,98.0477223427332,,not included,not included,not included,not included
2015-16,N3,Midlands,Midlands,Region,50<71,A to F2,0.4144508945698532,,:,:,98.22564445932373,,not included,not included,not included,not included
2015-16,N4,East of England,East of England,Region,50<71,A to F2,0.46585080662067163,,:,:,97.84217016029592,,not included,not included,not included,not included
2015-16,N5,London,London,Region,50<71,A to F2,0.5347077953383998,,:,:,98.18078453666857,,not included,not included,not included,not included
2015-16,N6,South East,South East,Region,50<71,A to F2,0.6848824648297289,,:,:,95.83333333333334,,not included,not included,not included,not included
2015-16,N7,South West,South West,Region,50<71,A to F2,0.5042370599552551,,:,:,96.66100735710243,,not included,not included,not included,not included
2016-17,N1,North East and Yorkshire,North East and Yorkshire,Region,50<71,A to F2,0.22507535131326573,,:,:,98.52881078872088,,not included,not included,not included,not included
2016-17,N2,North West,North West,Region,50<71,A to F2,0.29543890889959123,,:,:,98.50818094321463,,not included,not included,not included,not included
2016-17,N3,Midlands,Midlands,Region,50<71,A to F2,0.31213846347693613,,:,:,98.29726853494148,,not included,not included,not included,not included
2016-17,N4,East of England,East of England,Region,50<71,A to F2,0.22693129881859567,,:,:,98.03318992009834,,not included,not included,not included,not included
2016-17,N5,London,London,Region,50<71,A to F2,0.5185526619036644,,:,:,97.69560557341907,,not included,not included,not included,not included
2016-17,N6,South East,South East,Region,50<71,A to F2,0.7022605799846201,,:,:,96.7061435973353,,not included,not included,not included,not included
2016-17,N7,South West,South West,Region,50<71,A to F2,0.5374899220639613,,:,:,97.09715639810426,,not included,not included,not included,not included
2017-18,N1,North East and Yorkshire,North East and Yorkshire,Region,50<71,A to F2,0.19047300796979166,,:,:,98.65275966970883,,not included,not included,not included,not included
2017-18,N2,North West,North West,Region,50<71,A to F2,0.2948593256963301,,:,:,97.93541556379036,,not included,not included,not included,not included
2017-18,N3,Midlands,Midlands,Region,50<71,A to F2,0.3414722250443067,,:,:,98.16124469589816,,not included,not included,not included,not included
2017-18,N4,East of England,East of England,Region,50<71,A to F2,0.23924118325874638,,:,:,98.15384615384616,,not included,not included,not included,not included
2017-18,N5,London,London,Region,50<71,A to F2,0.4482543694128295,,:,:,99.10432033719705,,not included,not included,not included,not included
2017-18,N6,South East,South East,Region,50<71,A to F2,0.5410716538203643,,:,:,97.14064914992272,,not included,not included,not included,not included
2017-18,N7,South West,South West,Region,50<71,A to F2,0.47927853908076334,,:,:,96.96117051209905,,not included,not included,not included,not included
2018-19,N1,North East and Yorkshire,North East and Yorkshire,Region,50<71,A to F2,0.1550172827779097,,:,:,98.76897825194911,,not included,not included,not included,not included
2018-19,N2,North West,North West,Region,50<71,A to F2,0.32632038488166476,,:,:,98.19866186309831,,not included,not included,not included,not included
2018-19,N3,Midlands,Midlands,Region,50<71,A to F2,0.28682140025082814,,:,:,98.5959985959986,,not included,not included,not included,not included
2018-19,N4,East of England,East of England,Region,50<71,A to F2,0.27396426288393044,,:,:,98.42608206857786,,not included,not included,not included,not included
2018-19,N5,London,London,Region,50<71,A to F2,0.3249947298151922,,:,:,98.66146123814835,,not included,not included,not included,not included
2018-19,N6,South East,South East,Region,50<71,A to F2,0.4448974053961953,,:,:,97.37620103473762,,not included,not included,not included,not included
2018-19,N7,South West,South West,Region,50<71,A to F2,0.32276557103010395,,:,:,97.75028121484814,,not included,not included,not included,not included
2019-20,N1,North East and Yorkshire,North East and Yorkshire,Region,50<71,A to F2,0.1995629908742212,,:,:,99.3455497382199,,not included,not included,not included,not included
2019-20,N2,North West,North West,Region,50<71,A to F2,0.22195947532194796,,:,:,98.91363389462249,,not included,not included,not included,not included
2019-20,N3,Midlands,Midlands,Region,50<71,A to F2,0.24298348590549407,,:,:,99.14224446032881,,not included,not included,not included,not included
2019-20,N4,East of England,East of England,Region,50<71,A to F2,0.2689034400769913,,:,:,98.93283113622097,,not included,not included,not included,not included
2019-20,N5,London,London,Region,50<71,A to F2,0.35874817988055796,,:,:,98.09523809523809,,not included,not included,not included,not included
2019-20,N6,South East,South East,Region,50<71,A to F2,0.33476466687696754,,:,:,98.72754491017965,,not included,not included,not included,not included
2019-20,N7,South West,South West,Region,50<71,A to F2,0.26929103016059536,,:,:,98.64546525323911,,not included,not included,not included,not included
2020-21,N1,North East and Yorkshire,North East and Yorkshire,Region,50<71,A to F2,0.16483454022531177,,:,:,98.80239520958084,,not included,not included,not included,not included
2020-21,N2,North West,North West,Region,50<71,A to F2,0.25509415293280974,,:,:,98.63130881094952,,not included,not included,not included,not included
2020-21,N3,Midlands,Midlands,Region,50<71,A to F2,0.2856706611305663,,:,:,99.33701657458563,,not included,not included,not included,not included
2020-21,N4,East of England,East of England,Region,50<71,A to F2,0.268098357725701,,:,:,98.77450980392157,,not included,not included,not included,not included
2020-21,N5,London,London,Region,50<71,A to F2,0.30851587189086876,,:,:,98.75,,not included,not included,not included,not included
2020-21,N6,South East,South East,Region,50<71,A to F2,0.336034051450547,,:,:,98.53785900783289,,not included,not included,not included,not included
2020-21,N7,South West,South West,Region,50<71,A to F2,0.33597424718328567,,:,:,97.90491539081387,,not included,not included,not included,not included
2021-22,N1,North East and Yorkshire,North East and Yorkshire,Region,50<71,A to F2,0.22492062897035373,,:,:,98.53780313837375,,not included,not included,not included,not included
2021-22,N2,North West,North West,Region,50<71,A to F2,0.23790967636080235,,:,:,98.149005090236,,not included,not included,not included,not included
2021-22,N3,Midlands,Midlands,Region,50<71,A to F2,0.33704761494464053,,:,:,99.11731207289294,,not included,not included,not included,not included
2021-22,N4,East of England,East of England,Region,50<71,A to F2,0.24291057121677254,,:,:,97.90136411332634,,not included,not included,not included,not included
2021-22,N5,London,London,Region,50<71,A to F2,0.3032966007450209,,:,:,98.77772747849706,,not included,not included,not included,not included
2021-22,N6,South East,South East,Region,50<71,A to F2,0.40024878773568606,,:,:,98.07692307692307,,not included,not included,not included,not included
2021-22,N7,South West,South West,Region,50<71,A to F2,0.3142244681858487,,:,:,98.49976558837318,,not included,not included,not included,not included
2022-23,N1,North East and Yorkshire,North East and Yorkshire,Region,50<71,A to F2,0.22625003142361547,,:,:,98.96702423520064,,not included,not included,not included,not included
2022-23,N2,North West,North West,Region,50<71,A to F2,0.28757525508298604,,:,:,98.93333333333332,,not included,not included,not included,not included
2022-23,N3,Midlands,Midlands,Region,50<71,A to F2,0.29203011719295574,,:,:,98.99655064283475,,not included,not included,not included,not included
2022-23,N4,East of England,East of England,Region,50<71,A to F2,0.23600426623096646,,:,:,98.4375,,not included,not included,not included,not included
2022-23,N5,London,London,Region,50<71,A to F2,0.22560329763193016,,:,:,98.86025768087215,,not included,not included,not included,not included
2022-23,N6,South East,South East,Region,50<71,A to F2,0.2817670570738055,,:,:,98.27136333985649,,not included,not included,not included,not included
2022-23,N7,South West,South West,Region,50<71,A to F2,0.2397911152951207,,:,:,98.72318692543412,,not included,not included,not included,not included
2012-13,N1,North East and Yorkshire,North East and Yorkshire,Region,50<71,A and B,1.2799919686778436,,not included,not included,95.23809523809523,,2.9866479269149684,,1.5660267174261389,
2012-13,N2,North West,North West,Region,50<71,A and B,1.3436240352466957,,not included,not included,94.02390438247012,,2.3435302940349345,,1.414906589877186,
2012-13,N3,Midlands,Midlands,Region,50<71,A and B,1.6127031385684159,,not included,not included,92.87410926365796,,2.8325683331265763,,1.5489344002531167,
2012-13,N4,East of England,East of England,Region,50<71,A and B,1.6619923132855512,,not included,not included,90.0,,2.0428655517468233,,1.4842217787668774,
2012-13,N5,London,London,Region,50<71,A and B,1.9411947406563825,,not included,not included,95.38904899135446,,2.9247334092556163,,1.513639488205378,
2012-13,N6,South East,South East,Region,50<71,A and B,2.099691607795105,,not included,not included,92.28855721393035,,2.7558452352310754,,1.5279005321795083,
2012-13,N7,South West,South West,Region,50<71,A and B,1.803238894475847,,not included,not included,94.53781512605042,,2.947602039047058,,1.5322765445821025,
2013-14,N1,North East and Yorkshire,North East and Yorkshire,Region,50<71,A and B,0.7603257137251055,,not included,not included,96.1340206185567,,3.678995388992446,,1.6808062197898002,
2013-14,N2,North West,North West,Region,50<71,A and B,1.5933534399362659,,not included,not included,94.44444444444444,,2.7030102998918797,,1.701482880841583,
2013-14,N3,Midlands,Midlands,Region,50<71,A and B,1.5915119363395225,,not included,not included,92.7437641723356,,2.9920424403183024,,1.6320865486575378,
2013-14,N4,East of England,East of England,Region,50<71,A and B,1.029002629673387,,not included,not included,92.95154185022027,,2.248561301878883,,1.476035167752331,
2013-14,N5,London,London,Region,50<71,A and B,2.1212121212121215,,not included,not included,96.65738161559888,,2.4747474747474745,,1.5259472535154228,
2013-14,N6,South East,South East,Region,50<71,A and B,2.1140013921472582,,not included,not included,91.0,,3.428807136043724,,1.727457542795293,
2013-14,N7,South West,South West,Region,50<71,A and B,1.8342684505826499,,not included,not included,93.0327868852459,,2.8053517479499352,,1.5489439584954234,
2014-15,N1,North East and Yorkshire,North East and Yorkshire,Region,50<71,A and B,0.6179601696581557,!,not included,not included,98.47094801223241,,3.454959130361507,,1.615243757321416,
2014-15,N2,North West,North West,Region,50<71,A and B,1.3897833971729772,,not included,not included,94.68085106382979,,3.2541269787464833,,1.788229349437241,
2014-15,N3,Midlands,Midlands,Region,50<71,A and B,1.3318942751509864,,not included,not included,93.28358208955224,,3.3986267710749307,,1.6334551233013321,
2014-15,N4,East of England,East of England,Region,50<71,A and B,1.47654404319946,,not included,not included,94.3820224719101,,2.1937225784677694,,1.3573317693629963,
2014-15,N5,London,London,Region,50<71,A and B,1.4961247915235947,,not included,not included,96.27507163323781,,2.403610320808398,,1.394125809245598,
2014-15,N6,South East,South East,Region,50<71,A and B,2.292537313432836,,not included,not included,91.2718204488778,,3.271641791044776,,1.708929016479237,
2014-15,N7,South West,South West,Region,50<71,A and B,1.968503937007874,,not included,not included,93.5064935064935,,3.6802464909277646,,1.8044578150758632,
2015-16,N1,North East and Yorkshire,North East and Yorkshire,Region,50<71,A and B,0.5856425114816756,!,not included,not included,97.1830985915493,,3.174798878032241,,1.5602859322862277,
2015-16,N2,North West,North West,Region,50<71,A and B,0.9100561201274078,!,not included,not included,96.66666666666667,,3.374791445472471,,1.591619995539887,
2015-16,N3,Midlands,Midlands,Region,50<71,A and B,1.08542527886192,,not included,not included,97.1576227390181,,3.094616752499942,,1.5720704632980222,
2015-16,N4,East of England,East of England,Region,50<71,A and B,1.5761643278421802,,not included,not included,95.42857142857143,,3.304860687411023,,1.570437153449055,
2015-16,N5,London,London,Region,50<71,A and B,1.217878455730118,,not included,not included,97.97979797979798,,2.1678236511996105,,1.1762708824502865,
2015-16,N6,South East,South East,Region,50<71,A and B,1.9856934376420488,,not included,not included,90.72164948453609,,3.3493624249383953,,1.6507169216750137,
2015-16,N7,South West,South West,Region,50<71,A and B,1.4136416418437925,,not included,not included,94.53551912568307,,3.685565709092745,,1.6003283497225782,
2016-17,N1,North East and Yorkshire,North East and Yorkshire,Region,50<71,A and B,0.5970743357548015,!,not included,not included,98.39357429718876,,3.3502504395130526,,1.4708441721457537,
2016-17,N2,North West,North West,Region,50<71,A and B,0.45601234741125296,!,not included,not included,97.83393501805054,,3.7182545250456016,,1.7951236678484292,
2016-17,N3,Midlands,Midlands,Region,50<71,A and B,0.8509321574998066,,not included,not included,95.3623188405797,,3.223227869317449,,1.6846643958615821,
2016-17,N4,East of England,East of England,Region,50<71,A and B,0.7087172218284905,!,not included,not included,96.08938547486034,,2.5513819985825656,,1.4681212159175658,
2016-17,N5,London,London,Region,50<71,A and B,1.4219951314742956,,not included,not included,96.7479674796748,,2.241449953001856,,1.3621080347174097,
2016-17,N6,South East,South East,Region,50<71,A and B,1.764386536373507,,not included,not included,93.80053908355795,,3.3387622149837135,,1.6872258733677359,
2016-17,N7,South West,South West,Region,50<71,A and B,1.476755862720775,,not included,not included,92.85714285714286,,4.253056884635832,,1.8246991273883286,
2017-18,N1,North East and Yorkshire,North East and Yorkshire,Region,50<71,A and B,0.3023076147929193,!,not included,not included,94.69964664310953,,3.526922172584058,,1.5703865302293911,
2017-18,N2,North West,North West,Region,50<71,A and B,0.8211599965424842,!,not included,not included,96.3302752293578,,2.8524505143054713,,1.60927507652888,
2017-18,N3,Midlands,Midlands,Region,50<71,A and B,0.9182254637038593,,not included,not included,96.1218836565097,,3.5417267885720283,,1.706872581774202,
2017-18,N4,East of England,East of England,Region,50<71,A and B,0.6778600479716341,!,not included,not included,95.27027027027027,,2.7635832724997393,,1.409392189551169,
2017-18,N5,London,London,Region,50<71,A and B,0.9797690922571762,,not included,not included,99.37304075235109,,2.4626628535112807,,1.3915565281968105,
2017-18,N6,South East,South East,Region,50<71,A and B,1.400342305896997,,not included,not included,94.38943894389439,,2.9251594834292827,,1.6531230369163934,
2017-18,N7,South West,South West,Region,50<71,A and B,1.4294465999591588,,not included,not included,94.71153846153845,,3.5736164998978963,,1.8352246542880564,
2018-19,N1,North East and Yorkshire,North East and Yorkshire,Region,50<71,A and B,0.5237064450806508,!,not included,not included,96.32352941176471,,3.246979959500035,,1.5977333489556147,
2018-19,N2,North West,North West,Region,50<71,A and B,1.0145549615639755,,not included,not included,98.14814814814815,,2.926600850665314,,1.4287197517399766,
2018-19,N3,Midlands,Midlands,Region,50<71,A and B,0.7792410192472532,,not included,not included,97.98270893371757,,3.0650146757058625,,1.5626550494309746,
2018-19,N4,East of England,East of England,Region,50<71,A and B,0.5688282138794084,!,not included,not included,97.77777777777777,,3.0337504740235115,,1.535069417568718,
2018-19,N5,London,London,Region,50<71,A and B,0.8308851894714977,,not included,not included,98.0,,2.433306626309386,,1.3269394084850274,
2018-19,N6,South East,South East,Region,50<71,A and B,1.0261118461912349,,not included,not included,95.43010752688173,,3.2133502551778146,,1.678786113939592,
2018-19,N7,South West,South West,Region,50<71,A and B,0.7710892921400299,!,not included,not included,95.74468085106383,,3.495604791034802,,1.5814450126812865,
2019-20,N1,North East and Yorkshire,North East and Yorkshire,Region,50<71,A and B,0.5203232125367288,!,not included,not included,99.0506329113924,,3.3361900097943193,,1.7044669980668323,
2019-20,N2,North West,North West,Region,50<71,A and B,0.43352601156069365,!,not included,not included,98.27586206896551,,2.6734104046242773,,1.399365707160158,
2019-20,N3,Midlands,Midlands,Region,50<71,A and B,0.4916958041958042,!,not included,not included,98.37662337662337,,2.267263986013986,,1.4463109785866395,
2019-20,N4,East of England,East of England,Region,50<71,A and B,0.712391657102149,!,not included,not included,98.99497487437185,,2.8891439426920487,,1.4162706423790945,
2019-20,N5,London,London,Region,50<71,A and B,0.6694157339474107,,not included,not included,98.42271293375394,,2.0350238312001285,,1.3201756217416525,
2019-20,N6,South East,South East,Region,50<71,A and B,0.9255623492455265,,not included,not included,96.55172413793103,,2.888876423402704,,1.443304548857792,
2019-20,N7,South West,South West,Region,50<71,A and B,0.6381620931716656,!,not included,not included,98.37837837837839,,3.239899857640764,,1.6425369622145776,
2020-21,N1,North East and Yorkshire,North East and Yorkshire,Region,50<71,A and B,0.3587283081476167,!,not included,not included,98.40425531914893,,2.6007802340702213,,1.5243329938562753,
2020-21,N2,North West,North West,Region,50<71,A and B,0.7705239562902774,!,not included,not included,96.09375,,2.7318576632109832,,1.538412691970173,
2020-21,N3,Midlands,Midlands,Region,50<71,A and B,0.7976389885937625,!,not included,not included,98.88888888888889,,2.9113823083672328,,1.8129235550567617,
2020-21,N4,East of England,East of England,Region,50<71,A and B,0.7546813829536343,!,not included,not included,97.71428571428571,,2.924390358945333,,1.6088176262991785,
2020-21,N5,London,London,Region,50<71,A and B,0.5742925759632453,!,not included,not included,98.7878787878788,,2.4015871358462983,,1.3958549074440822,
2020-21,N6,South East,South East,Region,50<71,A and B,0.44048012333443454,!,not included,not included,97.84946236559139,,2.9365341555628968,,1.7369518798978603,
2020-21,N7,South West,South West,Region,50<71,A and B,0.7898894154818326,!,not included,not included,95.0,,3.7519747235387046,,1.8689569084500095,
2021-22,N1,North East and Yorkshire,North East and Yorkshire,Region,50<71,A and B,0.4649270645667461,!,not included,not included,98.91304347826086,,2.7895623874004767,,1.2815952552081409,
2021-22,N2,North West,North West,Region,50<71,A and B,0.4258119459605931,!,not included,not included,95.6140350877193,,2.709712383385592,,1.2689091725264146,
2021-22,N3,Midlands,Midlands,Region,50<71,A and B,0.7479956055258176,,not included,not included,98.68421052631578,,3.108856735466679,,1.3141406310595207,
2021-22,N4,East of England,East of England,Region,50<71,A and B,0.5285586865316639,!,not included,not included,97.46835443037975,,2.64279343265832,,1.2221867817576932,
2021-22,N5,London,London,Region,50<71,A and B,0.5869640617913076,!,not included,not included,98.26086956521739,,1.7608921853739228,,1.1095789186101004,
2021-22,N6,South East,South East,Region,50<71,A and B,1.1138338159946537,,not included,not included,97.10843373493975,,2.7227048835424865,,1.3874710883923977,
2021-22,N7,South West,South West,Region,50<71,A and B,0.5373677248677249,!,not included,not included,97.42489270386267,,3.4308862433862433,,1.5050405287676158,
2022-23,N1,North East and Yorkshire,North East and Yorkshire,Region,50<71,A and B,0.5155436407691911,!,not included,not included,97.45222929936305,,2.6550497499613344,,1.157595403199083,
2022-23,N2,North West,North West,Region,50<71,A and B,0.5704697986577181,!,not included,not included,97.2508591065292,,2.449664429530201,,1.3018943376296472,
2022-23,N3,Midlands,Midlands,Region,50<71,A and B,0.679482460858979,!,not included,not included,97.50778816199377,,2.7745533818408314,,1.3594078960801448,
2022-23,N4,East of England,East of England,Region,50<71,A and B,0.6847833922006775,!,not included,not included,99.02439024390245,,2.4868449506235133,,1.150513729547731,
2022-23,N5,London,London,Region,50<71,A and B,0.3499031934498122,!,not included,not included,98.17708333333334,,2.262707317642119,,1.1366048333314898,
2022-23,N6,South East,South East,Region,50<71,A and B,0.6656968860178998,,not included,not included,96.49595687331536,,1.8491580167163886,,1.2200875016372672,
2022-23,N7,South West,South West,Region,50<71,A and B,0.4635423909516525,!,not included,not included,97.54901960784314,,2.9666713020905764,,1.410898120765101,
2012-13,N1,North East and Yorkshire,North East and Yorkshire,Region,50<71,C1 and C2,0.32383844837621273,,not included,not included,97.76119402985076,,3.4309370746885244,,1.4674368934208726,
2012-13,N2,North West,North West,Region,50<71,C1 and C2,0.5060554130677309,,not included,not included,97.94762915782023,,3.4273752975950864,,1.5733353797851677,
2012-13,N3,Midlands,Midlands,Region,50<71,C1 and C2,0.40686621817850205,,not included,not included,97.63603925066904,,3.5004524632943537,,1.526651501588406,
2012-13,N4,East of England,East of England,Region,50<71,C1 and C2,0.4096879142065309,,not included,not included,96.60493827160494,,3.391974936739366,,1.531557413244036,
2012-13,N5,London,London,Region,50<71,C1 and C2,0.520489514040522,,not included,not included,98.0115990057995,,2.8373025948306503,,1.4666562681513262,
2012-13,N6,South East,South East,Region,50<71,C1 and C2,0.6027901753458819,,not included,not included,96.22093023255815,,3.567196654101657,,1.6706048591953202,
2012-13,N7,South West,South West,Region,50<71,C1 and C2,0.482822189755391,,not included,not included,97.4076983503535,,3.549056615604562,,1.5374729088429593,
2013-14,N1,North East and Yorkshire,North East and Yorkshire,Region,50<71,C1 and C2,0.2236469360369763,,not included,not included,98.26224328593996,,3.557642926958567,,1.5338986567358392,
2013-14,N2,North West,North West,Region,50<71,C1 and C2,0.4040001549589635,,not included,not included,97.97979797979798,,3.525316420669312,,1.706618956053543,
2013-14,N3,Midlands,Midlands,Region,50<71,C1 and C2,0.40084142439171455,,not included,not included,97.83898305084746,,3.487662991715944,,1.5746769454168725,
2013-14,N4,East of England,East of England,Region,50<71,C1 and C2,0.29024932986551777,,not included,not included,96.91497366440933,,3.1016840152295533,,1.4782981627647058,
2013-14,N5,London,London,Region,50<71,C1 and C2,0.4515638368666223,,not included,not included,97.48031496062993,,2.6321418385778115,,1.4028356236836568,
2013-14,N6,South East,South East,Region,50<71,C1 and C2,0.7061548456345508,,not included,not included,96.9368520263902,,3.7406030965898776,,1.6760667138570597,
2013-14,N7,South West,South West,Region,50<71,C1 and C2,0.4145274091444746,,not included,not included,97.47013352073085,,3.600466639426294,,1.6045488602988034,
2014-15,N1,North East and Yorkshire,North East and Yorkshire,Region,50<71,C1 and C2,0.15483194778590315,,not included,not included,99.04610492845786,,3.469823650381522,,1.4896921733821804,
2014-15,N2,North West,North West,Region,50<71,C1 and C2,0.3348741202692168,,not included,not included,98.56160100062539,,3.6945948023144743,,1.6780384412533782,
2014-15,N3,Midlands,Midlands,Region,50<71,C1 and C2,0.29858074618646036,,not included,not included,98.16053511705685,,3.36732730421397,,1.5253473853243635,
2014-15,N4,East of England,East of England,Region,50<71,C1 and C2,0.29604473068308135,,not included,not included,97.54512635379061,,3.317935283504723,,1.5202120199987041,
2014-15,N5,London,London,Region,50<71,C1 and C2,0.3931121977949979,,not included,not included,97.66423357664233,,3.061510146464075,,1.557479126116777,
2014-15,N6,South East,South East,Region,50<71,C1 and C2,0.5641738115889745,,not included,not included,96.98447893569845,,3.4963424650173858,,1.6431166184674912,
2014-15,N7,South West,South West,Region,50<71,C1 and C2,0.5214925233206769,,not included,not included,97.12601326455416,,3.433647400740637,,1.5202155790952367,
2015-16,N1,North East and Yorkshire,North East and Yorkshire,Region,50<71,C1 and C2,0.16863472541952793,,not included,not included,98.35981547924142,,3.4354423131978242,,1.5053007322059246,
2015-16,N2,North West,North West,Region,50<71,C1 and C2,0.3424750618357751,,not included,not included,98.18417639429312,,3.6150145415998476,,1.6629079572584153,
2015-16,N3,Midlands,Midlands,Region,50<71,C1 and C2,0.3222194737732877,,not included,not included,98.53465346534654,,3.700641835153819,,1.6125631326815515,
2015-16,N4,East of England,East of England,Region,50<71,C1 and C2,0.3467661430147639,,not included,not included,98.14418272662384,,3.394104975568749,,1.4892685574031768,
2015-16,N5,London,London,Region,50<71,C1 and C2,0.3704140218544273,,not included,not included,98.18049490538574,,2.7837174975726655,,1.437944302646006,
2015-16,N6,South East,South East,Region,50<71,C1 and C2,0.47742688941691486,,not included,not included,96.85774946921444,,3.6027367578307192,,1.6877985596537055,
2015-16,N7,South West,South West,Region,50<71,C1 and C2,0.4065448146044263,,not included,not included,96.78688524590164,,3.530813869304196,,1.6736015736870145,
2016-17,N1,North East and Yorkshire,North East and Yorkshire,Region,50<71,C1 and C2,0.17809108617011407,,not included,not included,98.59154929577466,,3.5840831091735463,,1.5883252879216776,
2016-17,N2,North West,North West,Region,50<71,C1 and C2,0.2762120559540084,,not included,not included,98.62700228832952,,3.548622684968446,,1.626062165598562,
2016-17,N3,Midlands,Midlands,Region,50<71,C1 and C2,0.23055818135706543,,not included,not included,98.71315898713159,,3.4946032917120924,,1.5622499219964419,
2016-17,N4,East of England,East of England,Region,50<71,C1 and C2,0.17466800236315533,,not included,not included,98.35714285714286,,3.3032801623384964,,1.4646553968252103,
2016-17,N5,London,London,Region,50<71,C1 and C2,0.30473160376627606,,not included,not included,97.8902953586498,,2.876872937251114,,1.4022632426474653,
2016-17,N6,South East,South East,Region,50<71,C1 and C2,0.5419734469879918,,not included,not included,97.2864768683274,,3.5762873712813064,,1.6046055069229783,
2016-17,N7,South West,South West,Region,50<71,C1 and C2,0.4474150866184695,,not included,not included,97.74127310061603,,3.4374573728004365,,1.5448041787647928,
2017-18,N1,North East and Yorkshire,North East and Yorkshire,Region,50<71,C1 and C2,0.17486039678104817,,not included,not included,99.1790661877886,,3.2387186534228922,,1.445837796077992,
2017-18,N2,North West,North West,Region,50<71,C1 and C2,0.24152644714596247,,not included,not included,98.15157116451016,,3.326020449239192,,1.556150942039723,
2017-18,N3,Midlands,Midlands,Region,50<71,C1 and C2,0.25794552835305007,,not included,not included,98.46281678437889,,3.253337976352844,,1.5312496583092399,
2017-18,N4,East of England,East of England,Region,50<71,C1 and C2,0.1907395927709694,,not included,not included,98.44961240310077,,3.3909260937061236,,1.5262501865726221,
2017-18,N5,London,London,Region,50<71,C1 and C2,0.3142359539191615,,not included,not included,99.06166219839142,,2.8441016846242753,,1.5443031748608824,
2017-18,N6,South East,South East,Region,50<71,C1 and C2,0.42945368171021375,,not included,not included,97.68497503404448,,3.4204275534441804,,1.6027381192974024,
2017-18,N7,South West,South West,Region,50<71,C1 and C2,0.3494912960024853,,not included,not included,97.24047306176085,,3.694622272026273,,1.6730235900267518,
2018-19,N1,North East and Yorkshire,North East and Yorkshire,Region,50<71,C1 and C2,0.10111905082917622,,not included,not included,99.09047391096219,,3.4530283283148324,,1.5325721423358383,
2018-19,N2,North West,North West,Region,50<71,C1 and C2,0.2205218675637975,,not included,not included,98.12462189957652,,3.553991958644457,,1.6503272709924748,
2018-19,N3,Midlands,Midlands,Region,50<71,C1 and C2,0.2236338886368056,,not included,not included,98.72164948453607,,3.4711868801452,,1.5595984059567491,
2018-19,N4,East of England,East of England,Region,50<71,C1 and C2,0.23211252024811346,,not included,not included,98.4323971260614,,3.2890837975583738,,1.5409108161568954,
2018-19,N5,London,London,Region,50<71,C1 and C2,0.22651522505905575,,not included,not included,98.86363636363636,,2.5455996720922456,,1.4014964692519365,
2018-19,N6,South East,South East,Region,50<71,C1 and C2,0.3491247992532404,,not included,not included,97.86286731967942,,3.4434730200030135,,1.5980447291457123,
2018-19,N7,South West,South West,Region,50<71,C1 and C2,0.26363776171540304,,not included,not included,97.911227154047,,3.7348682909682096,,1.6543298047689081,
2019-20,N1,North East and Yorkshire,North East and Yorkshire,Region,50<71,C1 and C2,0.16371715911748655,,not included,not included,99.4258872651357,,3.243158961565448,,1.4841161937739467,
2019-20,N2,North West,North West,Region,50<71,C1 and C2,0.1978073060128476,,not included,not included,99.04458598726114,,3.1500813482545977,,1.525253506855571,
2019-20,N3,Midlands,Midlands,Region,50<71,C1 and C2,0.2082815428959197,,not included,not included,99.29519071310115,,3.513911191437613,,1.6117446587128623,
2019-20,N4,East of England,East of England,Region,50<71,C1 and C2,0.19751244054052572,,not included,not included,99.02840059790734,,3.1876313320568177,,1.484604389539642,
2019-20,N5,London,London,Region,50<71,C1 and C2,0.27558236272878534,,not included,not included,98.05194805194806,,2.6362312811980035,,1.3449016191571037,
2019-20,N6,South East,South East,Region,50<71,C1 and C2,0.26030142905484555,,not included,not included,99.08256880733946,,3.2835165979346943,,1.6320089481892075,
2019-20,N7,South West,South West,Region,50<71,C1 and C2,0.22451854803854984,,not included,not included,98.7611837577426,,3.4968763857004137,,1.5596034558014347,
2020-21,N1,North East and Yorkshire,North East and Yorkshire,Region,50<71,C1 and C2,0.14328895924452603,!,not included,not included,99.12490055688147,,3.6641033863957366,,1.695454127138867,
2020-21,N2,North West,North West,Region,50<71,C1 and C2,0.19943252381858892,!,not included,not included,98.89447236180905,,3.1909203810974227,,1.7323927980344713,
2020-21,N3,Midlands,Midlands,Region,50<71,C1 and C2,0.21888014008328965,,not included,not included,99.46416610850636,,3.542402267137451,,1.6802000834739201,
2020-21,N4,East of England,East of England,Region,50<71,C1 and C2,0.17441136165441634,!,not included,not included,99.11591355599214,,3.7623022299738387,,1.7260285778065423,
2020-21,N5,London,London,Region,50<71,C1 and C2,0.20907598866808141,!,not included,not included,98.79518072289156,,2.7807106492854827,,1.6185492037409088,
2020-21,N6,South East,South East,Region,50<71,C1 and C2,0.3059473989007747,,not included,not included,98.6137366099559,,3.3162512702280402,,1.6662361217980264,
2020-21,N7,South West,South West,Region,50<71,C1 and C2,0.2778523862889109,,not included,not included,98.44509232264335,,3.9547656315121653,,1.836295562263864,
2021-22,N1,North East and Yorkshire,North East and Yorkshire,Region,50<71,C1 and C2,0.19377643544906017,,not included,not included,98.49937473947477,,3.300881348683991,,1.2985198618969795,
2021-22,N2,North West,North West,Region,50<71,C1 and C2,0.20990251736577223,,not included,not included,98.37988826815642,,3.290099923361174,,1.394188385919147,
2021-22,N3,Midlands,Midlands,Region,50<71,C1 and C2,0.27787713691952504,,not included,not included,99.12956143287579,,3.5739729631458057,,1.4459814948696414,
2021-22,N4,East of England,East of England,Region,50<71,C1 and C2,0.20136120172365188,,not included,not included,98.026734563972,,3.0657242962426,,1.2993034904601506,
2021-22,N5,London,London,Region,50<71,C1 and C2,0.22905041545846633,,not included,not included,98.84393063583815,,2.772972050975901,,1.3421434794015805,
2021-22,N6,South East,South East,Region,50<71,C1 and C2,0.2783076181619479,,not included,not included,98.35082458770614,,3.489027213054664,,1.4277790067735276,
2021-22,N7,South West,South West,Region,50<71,C1 and C2,0.28224241599508093,,not included,not included,98.66592551417455,,3.568350545080666,,1.4613891632229745,
2022-23,N1,North East and Yorkshire,North East and Yorkshire,Region,50<71,C1 and C2,0.16502578527894984,,not included,not included,99.22742636407533,,3.424285044538209,,1.2835249186612736,
2022-23,N2,North West,North West,Region,50<71,C1 and C2,0.23181273097686778,,not included,not included,99.28649835345774,,3.17405123952942,,1.3178699026261258,
2022-23,N3,Midlands,Midlands,Region,50<71,C1 and C2,0.23970790714534193,,not included,not included,99.21671018276761,,3.2097473420193343,,1.2933593430082613,
2022-23,N4,East of England,East of England,Region,50<71,C1 and C2,0.14370357269189954,,not included,not included,98.35943325876212,,3.02330208701804,,1.216786849531389,
2022-23,N5,London,London,Region,50<71,C1 and C2,0.17086670843408427,,not included,not included,99.1304347826087,,2.304111674338409,,1.1353704524911767,
2022-23,N6,South East,South East,Region,50<71,C1 and C2,0.22365360529611739,,not included,not included,98.5062893081761,,3.2274935656578165,,1.395276698393732,
2022-23,N7,South West,South West,Region,50<71,C1 and C2,0.222338274758401,,not included,not included,98.84357881923312,,3.4229752997688716,,1.3626904583629145,
2012-13,N1,North East and Yorkshire,Barnsley,BSU,50<71,A to F2,0.35211267605633806,!,100.0,100.0,100.0,,not included,not included,not included,not included
2012-13,N1,North East and Yorkshire,Doncaster,BSU,50<71,A to F2,0.7626178591236827,!,98.86,84.62,95.6140350877193,,not included,not included,not included,not included
2012-13,N1,North East and Yorkshire,Gateshead,BSU,50<71,A to F2,0.15845977102563086,!,99.36,100.0,99.47916666666666,,not included,not included,not included,not included
2012-13,N1,North East and Yorkshire,Humberside,BSU,50<71,A to F2,0.10235414534288638,!,98.45,87.5,96.58119658119658,,not included,not included,not included,not included
2012-13,N1,North East and Yorkshire,Leeds Wakefield,BSU,50<71,A to F2,0.29483502640113646,!,99.49,91.18,97.33840304182509,,not included,not included,not included,not included
2012-13,N1,North East and Yorkshire,Newcastle,BSU,50<71,A to F2,0.6620637472808095,!,99.51,93.22,98.10606060606061,,not included,not included,not included,not included
2012-13,N1,North East and Yorkshire,North Cumbria,BSU,50<71,A to F2,0.5487721223761833,!,100.0,86.96,97.6923076923077,,not included,not included,not included,not included
2012-13,N1,North East and Yorkshire,North Tees,BSU,50<71,A to F2,0.8457209771330059,,97.63,92.86,96.44444444444444,,not included,not included,not included,not included
2012-13,N1,North East and Yorkshire,North Yorkshire,BSU,50<71,A to F2,0.16386055466797755,!,98.1,90.24,96.4824120603015,,not included,not included,not included,not included
2012-13,N1,North East and Yorkshire,Pennine,BSU,50<71,A to F2,0.772010005249668,,97.47,88.46,95.6,,not included,not included,not included,not included
2012-13,N1,North East and Yorkshire,Rotherham,BSU,50<71,A to F2,0.6757517738484065,!,94.44,100.0,96.15384615384616,,not included,not included,not included,not included
2012-13,N1,North East and Yorkshire,Sheffield,BSU,50<71,A to F2,0.24589660047949838,!,100.0,97.14,99.3421052631579,,not included,not included,not included,not included
2012-13,N2,North West,Bolton,BSU,50<71,A to F2,0.0,!,100.0,95.35,98.80952380952381,,not included,not included,not included,not included
2012-13,N2,North West,Cheshire & Stockport,BSU,50<71,A to F2,0.33774655498513917,!,98.26,100.0,98.57142857142858,,not included,not included,not included,not included
2012-13,N2,North West,Chester,BSU,50<71,A to F2,0.20842017507294708,!,100.0,100.0,100.0,,not included,not included,not included,not included
2012-13,N2,North West,Crewe,BSU,50<71,A to F2,0.732667826724059,!,100.0,100.0,100.0,,not included,not included,not included,not included
2012-13,N2,North West,East Lancashire,BSU,50<71,A to F2,0.14143271338660632,!,98.73,100.0,98.9795918367347,,not included,not included,not included,not included
2012-13,N2,North West,Liverpool,BSU,50<71,A to F2,0.7857174036404906,!,98.77,83.72,95.60975609756098,,not included,not included,not included,not included
2012-13,N2,North West,Manchester,BSU,50<71,A to F2,0.5966290458907174,!,99.62,90.28,97.61194029850746,,not included,not included,not included,not included
2012-13,N2,North West,North Lancashire & South Cumbria,BSU,50<71,A to F2,0.9345147445659698,,100.0,79.07,95.77464788732394,,not included,not included,not included,not included
2012-13,N2,North West,South Lancashire,BSU,50<71,A to F2,0.44811790479984065,!,100.0,96.3,99.27007299270073,,not included,not included,not included,not included
2012-13,N2,North West,"Warrington, Halton, St Helens & Knowsley",BSU,50<71,A to F2,0.5314061005420342,!,98.4,85.71,96.07843137254902,,not included,not included,not included,not included
2012-13,N2,North West,Wirral,BSU,50<71,A to F2,2.352595206587267,,100.0,80.0,95.1219512195122,,not included,not included,not included,not included
2012-13,N3,Midlands,"City, Sandwell & Walsall",BSU,50<71,A to F2,0.8780402142418123,,98.95,86.21,96.0,,not included,not included,not included,not included
2012-13,N3,Midlands,"Dudley, Wolverhampton & South West Staffordshire",BSU,50<71,A to F2,0.6416082981339892,!,99.08,90.63,97.16312056737588,,not included,not included,not included,not included
2012-13,N3,Midlands,Hereford & Worcester,BSU,50<71,A to F2,0.6692768463675,!,98.9,81.82,95.55555555555556,,not included,not included,not included,not included
2012-13,N3,Midlands,Kettering,BSU,50<71,A to F2,0.5405892422740788,!,97.01,95.0,96.55172413793103,,not included,not included,not included,not included
2012-13,N3,Midlands,Leicestershire,BSU,50<71,A to F2,1.1080978625375442,,97.9,81.82,94.0251572327044,,not included,not included,not included,not included
2012-13,N3,Midlands,Lincolnshire,BSU,50<71,A to F2,0.15006565372350403,!,99.4,86.05,96.6824644549763,,not included,not included,not included,not included
2012-13,N3,Midlands,North Derbyshire & Chesterfield,BSU,50<71,A to F2,0.22143489813994685,!,97.37,100.0,98.01980198019803,,not included,not included,not included,not included
2012-13,N3,Midlands,North Midlands,BSU,50<71,A to F2,0.3820752142350308,!,100.0,93.1,98.54014598540147,,not included,not included,not included,not included
2012-13,N3,Midlands,North Nottinghamshire,BSU,50<71,A to F2,0.9097111667045713,!,98.11,88.89,95.77464788732394,,not included,not included,not included,not included
2012-13,N3,Midlands,Northampton,BSU,50<71,A to F2,0.43143740562306754,!,100.0,85.0,97.41379310344827,,not included,not included,not included,not included
2012-13,N3,Midlands,Nottingham City,BSU,50<71,A to F2,0.5133672945543577,!,98.79,97.44,98.54368932038835,,not included,not included,not included,not included
2012-13,N3,Midlands,Shropshire,BSU,50<71,A to F2,0.719208870242733,!,98.25,86.21,95.8041958041958,,not included,not included,not included,not included
2012-13,N3,Midlands,South Birmingham,BSU,50<71,A to F2,0.7674597083653109,!,98.44,95.65,97.70114942528735,,not included,not included,not included,not included
2012-13,N3,Midlands,South Derbyshire & South East Staffordshire,BSU,50<71,A to F2,0.1997602876548142,!,99.21,96.67,98.75,,not included,not included,not included,not included
2012-13,N3,Midlands,South Staffordshire,BSU,50<71,A to F2,0.44054804176395435,!,98.54,90.0,97.45222929936305,,not included,not included,not included,not included
2012-13,N3,Midlands,"Warwickshire, Solihull & Coventry",BSU,50<71,A to F2,0.6012196169372155,!,99.61,95.16,98.7460815047022,,not included,not included,not included,not included
2012-13,N4,East of England,Beds & Herts,BSU,50<71,A to F2,0.614911606456572,,99.32,75.56,93.76623376623377,,not included,not included,not included,not included
2012-13,N4,East of England,Cambridge & Huntingdon,BSU,50<71,A to F2,0.9375837128315028,!,100.0,80.0,95.7983193277311,,not included,not included,not included,not included
2012-13,N4,East of England,Chelmsford & Colchester,BSU,50<71,A to F2,0.26518164942985945,!,100.0,84.38,97.44897959183673,,not included,not included,not included,not included
2012-13,N4,East of England,East Suffolk,BSU,50<71,A to F2,0.22439973072032313,!,100.0,94.44,98.91304347826086,,not included,not included,not included,not included
2012-13,N4,East of England,Great Yarmouth & Waveney,BSU,50<71,A to F2,0.10877841836179702,!,100.0,100.0,100.0,,not included,not included,not included,not included
2012-13,N4,East of England,King's Lynn,BSU,50<71,A to F2,1.1650485436893205,!,100.0,71.43,94.28571428571428,,not included,not included,not included,not included
2012-13,N4,East of England,Milton Keynes,BSU,50<71,A to F2,0.9420631182289214,!,98.46,84.62,96.15384615384616,,not included,not included,not included,not included
2012-13,N4,East of England,Norfolk & Norwich,BSU,50<71,A to F2,0.565116876444901,!,99.16,89.66,97.2972972972973,,not included,not included,not included,not included
2012-13,N4,East of England,Peterborough,BSU,50<71,A to F2,1.321003963011889,!,100.0,60.87,92.17391304347827,,not included,not included,not included,not included
2012-13,N4,East of England,South Essex,BSU,50<71,A to F2,0.8665952999949024,!,96.26,69.23,90.97744360902256,,not included,not included,not included,not included
2012-13,N4,East of England,West Essex (Epping),BSU,50<71,A to F2,0.40592652729855894,!,98.21,100.0,98.55072463768117,,not included,not included,not included,not included
2012-13,N4,East of England,West Suffolk,BSU,50<71,A to F2,0.46834020232296736,!,98.65,93.75,97.77777777777777,,not included,not included,not included,not included
2012-13,N5,London,Central & East London,BSU,50<71,A to F2,0.858193706579485,!,100.0,100.0,100.0,,not included,not included,not included,not included
2012-13,N5,London,North London,BSU,50<71,A to F2,0.4946539324987634,,98.48,93.75,97.42990654205607,,not included,not included,not included,not included
2012-13,N5,London,Outer North East London,BSU,50<71,A to F2,1.0311694398875089,!,99.24,96.77,98.77300613496932,,not included,not included,not included,not included
2012-13,N5,London,South East London,BSU,50<71,A to F2,0.5043833313318122,!,98.21,88.0,96.37462235649546,,not included,not included,not included,not included
2012-13,N5,London,South West London,BSU,50<71,A to F2,0.4913401302051345,!,99.48,97.73,98.57142857142858,,not included,not included,not included,not included
2012-13,N5,London,West of London,BSU,50<71,A to F2,1.9990971819178436,,98.91,82.09,94.39999999999999,,not included,not included,not included,not included
2012-13,N6,South East,Aylesbury & Wycombe,BSU,50<71,A to F2,0.7556382236689142,!,98.91,68.42,93.69369369369369,,not included,not included,not included,not included
2012-13,N6,South East,Brighton,BSU,50<71,A to F2,0.6024822267743102,!,98.98,86.84,97.02127659574468,,not included,not included,not included,not included
2012-13,N6,South East,Canterbury,BSU,50<71,A to F2,0.999042584190151,!,96.97,89.74,95.58823529411765,,not included,not included,not included,not included
2012-13,N6,South East,East Berkshire,BSU,50<71,A to F2,0.48907727420932506,!,100.0,100.0,100.0,,not included,not included,not included,not included
2012-13,N6,South East,Guildford,BSU,50<71,A to F2,0.9630064591896653,,99.0,83.95,95.8005249343832,,not included,not included,not included,not included
2012-13,N6,South East,Isle of Wight,BSU,50<71,A to F2,0.37883571157974494,!,98.57,93.33,97.6470588235294,,not included,not included,not included,not included
2012-13,N6,South East,Maidstone,BSU,50<71,A to F2,1.1370476891177848,!,100.0,84.0,96.89922480620154,,not included,not included,not included,not included
2012-13,N6,South East,Medway,BSU,50<71,A to F2,0.5875440658049353,!,99.21,87.5,97.33333333333334,,not included,not included,not included,not included
2012-13,N6,South East,North & Mid Hampshire,BSU,50<71,A to F2,0.8313934153641503,!,92.47,91.3,92.24137931034483,,not included,not included,not included,not included
2012-13,N6,South East,Oxfordshire,BSU,50<71,A to F2,0.8309301529889046,!,100.0,92.68,98.42931937172776,,not included,not included,not included,not included
2012-13,N6,South East,Portsmouth,BSU,50<71,A to F2,0.8120838070488875,!,98.56,77.55,93.08510638297872,,not included,not included,not included,not included
2012-13,N6,South East,Southampton & Salisbury,BSU,50<71,A to F2,1.0024676125848242,,97.89,76.6,93.67088607594937,,not included,not included,not included,not included
2012-13,N6,South East,West Berkshire,BSU,50<71,A to F2,1.0582010582010584,!,99.05,81.63,93.5064935064935,,not included,not included,not included,not included
2012-13,N6,South East,Worthing,BSU,50<71,A to F2,1.102830598536243,,98.08,86.54,95.40229885057471,,not included,not included,not included,not included
2012-13,N7,South West,Avon,BSU,50<71,A to F2,0.8737678508041395,,99.08,85.71,96.91119691119691,,not included,not included,not included,not included
2012-13,N7,South West,Cornwall,BSU,50<71,A to F2,0.34011677342554275,!,99.19,88.89,96.85534591194968,,not included,not included,not included,not included
2012-13,N7,South West,Dorset,BSU,50<71,A to F2,0.6505475441830207,!,97.99,97.96,97.98387096774194,,not included,not included,not included,not included
2012-13,N7,South West,Gloucestershire,BSU,50<71,A to F2,0.5660048763497039,!,98.79,97.44,98.52941176470588,,not included,not included,not included,not included
2012-13,N7,South West,North & East Devon,BSU,50<71,A to F2,0.9316287976812794,!,99.06,80.0,94.32624113475178,,not included,not included,not included,not included
2012-13,N7,South West,Somerset,BSU,50<71,A to F2,0.3501050315094528,!,98.52,88.89,96.51162790697676,,not included,not included,not included,not included
2012-13,N7,South West,South Devon,BSU,50<71,A to F2,0.648403306856865,!,100.0,87.5,96.73913043478261,,not included,not included,not included,not included
2012-13,N7,South West,West Devon,BSU,50<71,A to F2,1.1682242990654206,!,99.01,87.1,96.21212121212122,,not included,not included,not included,not included
2012-13,N7,South West,Wiltshire,BSU,50<71,A to F2,0.8104548677945497,!,99.07,90.91,97.16312056737588,,not included,not included,not included,not included
2013-14,N1,North East and Yorkshire,Barnsley,BSU,50<71,A to F2,0.8399832003359933,!,100.0,92.86,98.59154929577466,,not included,not included,not included,not included
2013-14,N1,North East and Yorkshire,Doncaster,BSU,50<71,A to F2,0.9611119325743014,!,99.1,83.33,95.74468085106383,,not included,not included,not included,not included
2013-14,N1,North East and Yorkshire,Gateshead,BSU,50<71,A to F2,0.06322911068255825,!,99.45,97.56,99.09909909909909,,not included,not included,not included,not included
2013-14,N1,North East and Yorkshire,Humberside,BSU,50<71,A to F2,0.10944211879941995,!,99.03,100.0,99.23076923076923,,not included,not included,not included,not included
2013-14,N1,North East and Yorkshire,Leeds Wakefield,BSU,50<71,A to F2,0.43673990458912854,!,99.52,96.92,98.89705882352942,,not included,not included,not included,not included
2013-14,N1,North East and Yorkshire,Newcastle,BSU,50<71,A to F2,0.09233326151857438,!,100.0,92.42,98.37133550488599,,not included,not included,not included,not included
2013-14,N1,North East and Yorkshire,North Cumbria,BSU,50<71,A to F2,0.4331254331254331,!,100.0,77.78,96.07843137254902,,not included,not included,not included,not included
2013-14,N1,North East and Yorkshire,North Tees,BSU,50<71,A to F2,0.49105361691679716,!,99.53,92.73,98.14126394052045,,not included,not included,not included,not included
2013-14,N1,North East and Yorkshire,North Yorkshire,BSU,50<71,A to F2,0.45231325924011373,!,99.42,90.16,96.99570815450643,,not included,not included,not included,not included
2013-14,N1,North East and Yorkshire,Pennine,BSU,50<71,A to F2,0.3223915592028136,!,98.61,85.29,95.4225352112676,,not included,not included,not included,not included
2013-14,N1,North East and Yorkshire,Rotherham,BSU,50<71,A to F2,0.2055076037813399,!,100.0,92.31,98.48484848484848,,not included,not included,not included,not included
2013-14,N1,North East and Yorkshire,Sheffield,BSU,50<71,A to F2,0.12622278321236982,!,100.0,95.0,99.20634920634922,,not included,not included,not included,not included
2013-14,N2,North West,Bolton,BSU,50<71,A to F2,0.19834382902761938,!,100.0,98.18,99.4186046511628,,not included,not included,not included,not included
2013-14,N2,North West,Cheshire & Stockport,BSU,50<71,A to F2,0.499001996007984,!,97.6,84.85,94.33962264150944,,not included,not included,not included,not included
2013-14,N2,North West,Chester,BSU,50<71,A to F2,0.0,!,100.0,90.0,98.27586206896551,,not included,not included,not included,not included
2013-14,N2,North West,Crewe,BSU,50<71,A to F2,0.5351886540005352,!,98.82,94.12,98.0392156862745,,not included,not included,not included,not included
2013-14,N2,North West,East Lancashire,BSU,50<71,A to F2,0.24773937817416078,!,99.07,100.0,99.23664122137404,,not included,not included,not included,not included
2013-14,N2,North West,Liverpool,BSU,50<71,A to F2,0.846446846985495,!,99.44,85.71,96.47577092511013,,not included,not included,not included,not included
2013-14,N2,North West,Manchester,BSU,50<71,A to F2,0.2327001948864132,!,100.0,92.86,98.79154078549848,,not included,not included,not included,not included
2013-14,N2,North West,North Lancashire & South Cumbria,BSU,50<71,A to F2,1.0571173730633279,,99.01,83.05,95.40229885057471,,not included,not included,not included,not included
2013-14,N2,North West,South Lancashire,BSU,50<71,A to F2,0.7823025772523795,!,100.0,90.32,98.47715736040608,,not included,not included,not included,not included
2013-14,N2,North West,"Warrington, Halton, St Helens & Knowsley",BSU,50<71,A to F2,0.4596221905593602,!,97.44,91.43,96.33507853403141,,not included,not included,not included,not included
2013-14,N2,North West,Wirral,BSU,50<71,A to F2,1.6810758885686838,!,100.0,90.32,97.70992366412213,,not included,not included,not included,not included
2013-14,N3,Midlands,"City, Sandwell & Walsall",BSU,50<71,A to F2,0.5079866794604052,!,97.87,85.48,95.28619528619528,,not included,not included,not included,not included
2013-14,N3,Midlands,"Dudley, Wolverhampton & South West Staffordshire",BSU,50<71,A to F2,1.206480523957256,!,99.3,85.71,96.21621621621622,,not included,not included,not included,not included
2013-14,N3,Midlands,Hereford & Worcester,BSU,50<71,A to F2,0.5264023688106597,!,100.0,86.36,97.37991266375546,,not included,not included,not included,not included
2013-14,N3,Midlands,Kettering,BSU,50<71,A to F2,0.4847309743092584,!,100.0,88.46,97.32142857142857,,not included,not included,not included,not included
2013-14,N3,Midlands,Leicestershire,BSU,50<71,A to F2,0.6871529877411907,,99.58,78.33,95.34883720930233,,not included,not included,not included,not included
2013-14,N3,Midlands,Lincolnshire,BSU,50<71,A to F2,0.304891328019513,!,100.0,97.37,99.45652173913044,,not included,not included,not included,not included
2013-14,N3,Midlands,North Derbyshire & Chesterfield,BSU,50<71,A to F2,0.2079866888519135,!,100.0,85.0,97.19626168224299,,not included,not included,not included,not included
2013-14,N3,Midlands,North Midlands,BSU,50<71,A to F2,0.920870880747221,!,100.0,90.32,97.43589743589743,,not included,not included,not included,not included
2013-14,N3,Midlands,North Nottinghamshire,BSU,50<71,A to F2,0.429000429000429,!,100.0,75.0,96.92307692307692,,not included,not included,not included,not included
2013-14,N3,Midlands,Northampton,BSU,50<71,A to F2,0.5297411835931588,!,98.72,94.74,97.95918367346938,,not included,not included,not included,not included
2013-14,N3,Midlands,Nottingham City,BSU,50<71,A to F2,0.43866645397990106,!,100.0,91.49,97.84946236559139,,not included,not included,not included,not included
2013-14,N3,Midlands,Shropshire,BSU,50<71,A to F2,1.0267599306937047,!,98.98,83.33,95.3125,,not included,not included,not included,not included
2013-14,N3,Midlands,South Birmingham,BSU,50<71,A to F2,0.16301247045398973,!,98.82,77.27,94.39252336448598,,not included,not included,not included,not included
2013-14,N3,Midlands,South Derbyshire & South East Staffordshire,BSU,50<71,A to F2,0.33379428734919653,!,100.0,95.45,98.84393063583815,,not included,not included,not included,not included
2013-14,N3,Midlands,South Staffordshire,BSU,50<71,A to F2,0.589498505200219,!,100.0,90.48,98.18181818181819,,not included,not included,not included,not included
2013-14,N3,Midlands,"Warwickshire, Solihull & Coventry",BSU,50<71,A to F2,0.5943094866651809,!,99.29,92.65,97.98850574712644,,not included,not included,not included,not included
2013-14,N4,East of England,Beds & Herts,BSU,50<71,A to F2,0.5093245572794233,,97.67,85.98,94.5945945945946,,not included,not included,not included,not included
2013-14,N4,East of England,Cambridge & Huntingdon,BSU,50<71,A to F2,0.05988741166606779,!,98.98,87.1,96.12403100775194,,not included,not included,not included,not included
2013-14,N4,East of England,Chelmsford & Colchester,BSU,50<71,A to F2,0.3343475208131332,!,98.35,96.97,98.13953488372093,,not included,not included,not included,not included
2013-14,N4,East of England,East Suffolk,BSU,50<71,A to F2,0.39408866995073893,!,100.0,94.74,99.1869918699187,,not included,not included,not included,not included
2013-14,N4,East of England,Great Yarmouth & Waveney,BSU,50<71,A to F2,0.29433406916850624,!,100.0,90.91,98.14814814814815,,not included,not included,not included,not included
2013-14,N4,East of England,King's Lynn,BSU,50<71,A to F2,1.1053213327017213,!,100.0,63.64,92.5925925925926,,not included,not included,not included,not included
2013-14,N4,East of England,Milton Keynes,BSU,50<71,A to F2,0.6669630947087594,!,96.72,87.5,94.8051948051948,,not included,not included,not included,not included
2013-14,N4,East of England,Norfolk & Norwich,BSU,50<71,A to F2,0.35978618421052627,!,99.09,88.0,97.03703703703704,,not included,not included,not included,not included
2013-14,N4,East of England,Peterborough,BSU,50<71,A to F2,0.4497919712133138,!,96.55,71.43,91.66666666666666,,not included,not included,not included,not included
2013-14,N4,East of England,South Essex,BSU,50<71,A to F2,0.22216297876121924,!,100.0,91.18,98.06451612903226,,not included,not included,not included,not included
2013-14,N4,East of England,West Essex (Epping),BSU,50<71,A to F2,0.10800302408467438,!,98.41,100.0,98.64864864864865,,not included,not included,not included,not included
2013-14,N4,East of England,West Suffolk,BSU,50<71,A to F2,0.8390043814673255,!,100.0,77.27,95.23809523809523,,not included,not included,not included,not included
2013-14,N5,London,Central & East London,BSU,50<71,A to F2,0.8329862557267805,!,100.0,87.88,97.74011299435028,,not included,not included,not included,not included
2013-14,N5,London,North London,BSU,50<71,A to F2,0.389347453667653,!,99.32,93.33,97.57281553398059,,not included,not included,not included,not included
2013-14,N5,London,Outer North East London,BSU,50<71,A to F2,1.2301099162731637,,99.31,91.3,97.36842105263158,,not included,not included,not included,not included
2013-14,N5,London,South East London,BSU,50<71,A to F2,0.4456014446867891,!,100.0,98.51,99.672131147541,,not included,not included,not included,not included
2013-14,N5,London,South West London,BSU,50<71,A to F2,0.6648936170212766,,99.25,97.85,98.88888888888889,,not included,not included,not included,not included
2013-14,N5,London,West of London,BSU,50<71,A to F2,1.5444015444015444,,97.67,73.91,91.90140845070422,,not included,not included,not included,not included
2013-14,N6,South East,Aylesbury & Wycombe,BSU,50<71,A to F2,0.724233983286908,!,100.0,84.62,97.12230215827337,,not included,not included,not included,not included
2013-14,N6,South East,Brighton,BSU,50<71,A to F2,0.6395679363274588,!,100.0,85.71,97.61904761904762,,not included,not included,not included,not included
2013-14,N6,South East,Canterbury,BSU,50<71,A to F2,0.7434362405603161,!,99.45,97.44,99.09502262443439,,not included,not included,not included,not included
2013-14,N6,South East,East Berkshire,BSU,50<71,A to F2,1.0169288747981096,!,100.0,82.76,96.57534246575342,,not included,not included,not included,not included
2013-14,N6,South East,Guildford,BSU,50<71,A to F2,1.4443909484833894,,98.48,80.41,94.35294117647058,,not included,not included,not included,not included
2013-14,N6,South East,Isle of Wight,BSU,50<71,A to F2,0.0,!,100.0,100.0,100.0,,not included,not included,not included,not included
2013-14,N6,South East,Maidstone,BSU,50<71,A to F2,1.1983223487118035,!,98.08,82.14,94.6969696969697,,not included,not included,not included,not included
2013-14,N6,South East,Medway,BSU,50<71,A to F2,0.49217442661679295,!,99.16,80.0,95.83333333333334,,not included,not included,not included,not included
2013-14,N6,South East,North & Mid Hampshire,BSU,50<71,A to F2,0.8747375787263821,!,97.37,61.54,90.71428571428571,,not included,not included,not included,not included
2013-14,N6,South East,Oxfordshire,BSU,50<71,A to F2,0.5317499002968936,!,99.38,92.86,97.68518518518519,,not included,not included,not included,not included
2013-14,N6,South East,Portsmouth,BSU,50<71,A to F2,1.502755050926699,,99.33,78.57,94.79166666666666,,not included,not included,not included,not included
2013-14,N6,South East,Southampton & Salisbury,BSU,50<71,A to F2,0.9218089144344431,!,99.14,88.24,96.66666666666667,,not included,not included,not included,not included
2013-14,N6,South East,West Berkshire,BSU,50<71,A to F2,0.5015045135406219,!,99.12,87.23,95.65217391304348,,not included,not included,not included,not included
2013-14,N6,South East,Worthing,BSU,50<71,A to F2,0.9246417013407304,!,100.0,86.79,97.0954356846473,,not included,not included,not included,not included
2013-14,N7,South West,Avon,BSU,50<71,A to F2,0.8778988953105568,,98.36,80.77,94.76439790575915,,not included,not included,not included,not included
2013-14,N7,South West,Cornwall,BSU,50<71,A to F2,0.21460378775685393,!,100.0,81.82,96.3855421686747,,not included,not included,not included,not included
2013-14,N7,South West,Dorset,BSU,50<71,A to F2,0.7020828457758015,!,98.47,92.06,96.91119691119691,,not included,not included,not included,not included
2013-14,N7,South West,Gloucestershire,BSU,50<71,A to F2,0.4409171075837742,!,100.0,95.24,98.88268156424581,,not included,not included,not included,not included
2013-14,N7,South West,North & East Devon,BSU,50<71,A to F2,0.7199769607372565,!,99.07,90.74,96.29629629629629,,not included,not included,not included,not included
2013-14,N7,South West,Somerset,BSU,50<71,A to F2,0.6126700159294204,!,99.12,88.89,97.16312056737588,,not included,not included,not included,not included
2013-14,N7,South West,South Devon,BSU,50<71,A to F2,0.5136986301369862,!,100.0,93.75,98.96907216494846,,not included,not included,not included,not included
2013-14,N7,South West,West Devon,BSU,50<71,A to F2,0.6303002521201008,!,99.2,90.32,97.43589743589743,,not included,not included,not included,not included
2013-14,N7,South West,Wiltshire,BSU,50<71,A to F2,0.6746120980436249,!,100.0,94.44,98.81656804733728,,not included,not included,not included,not included
2014-15,N1,North East and Yorkshire,Barnsley,BSU,50<71,A to F2,0.33791394458211305,!,100.0,100.0,100.0,,not included,not included,not included,not included
2014-15,N1,North East and Yorkshire,Doncaster,BSU,50<71,A to F2,0.20376282007742985,!,100.0,100.0,100.0,,not included,not included,not included,not included
2014-15,N1,North East and Yorkshire,Gateshead,BSU,50<71,A to F2,0.03323584153150758,!,99.44,100.0,99.53271028037383,,not included,not included,not included,not included
2014-15,N1,North East and Yorkshire,Humberside,BSU,50<71,A to F2,0.2495087795901818,!,100.0,97.83,99.55947136563876,,not included,not included,not included,not included
2014-15,N1,North East and Yorkshire,Leeds Wakefield,BSU,50<71,A to F2,0.3635151919057284,!,100.0,97.96,99.61832061068702,,not included,not included,not included,not included
2014-15,N1,North East and Yorkshire,Newcastle,BSU,50<71,A to F2,0.1901200925251117,!,99.55,97.22,98.98648648648648,,not included,not included,not included,not included
2014-15,N1,North East and Yorkshire,North Cumbria,BSU,50<71,A to F2,0.13986992097349465,!,100.0,94.44,99.07407407407408,,not included,not included,not included,not included
2014-15,N1,North East and Yorkshire,North Tees,BSU,50<71,A to F2,0.21782424695046054,!,100.0,96.3,99.17355371900827,,not included,not included,not included,not included
2014-15,N1,North East and Yorkshire,North Yorkshire,BSU,50<71,A to F2,0.2615575753612764,!,99.01,92.86,97.95081967213115,,not included,not included,not included,not included
2014-15,N1,North East and Yorkshire,Pennine,BSU,50<71,A to F2,0.23073964876297912,!,99.56,94.44,98.32775919732441,,not included,not included,not included,not included
2014-15,N1,North East and Yorkshire,Rotherham,BSU,50<71,A to F2,0.10057326762546515,!,100.0,100.0,100.0,,not included,not included,not included,not included
2014-15,N1,North East and Yorkshire,Sheffield,BSU,50<71,A to F2,0.056427039837490124,!,98.0,88.89,96.06299212598425,,not included,not included,not included,not included
2014-15,N2,North West,Bolton,BSU,50<71,A to F2,0.40196516301920504,!,100.0,97.44,99.52153110047847,,not included,not included,not included,not included
2014-15,N2,North West,Cheshire & Stockport,BSU,50<71,A to F2,0.5658348893792791,!,98.46,91.67,96.98795180722891,,not included,not included,not included,not included
2014-15,N2,North West,Chester,BSU,50<71,A to F2,0.36284470246734396,!,100.0,82.35,96.25,,not included,not included,not included,not included
2014-15,N2,North West,Crewe,BSU,50<71,A to F2,0.18744142455482662,!,98.44,100.0,98.73417721518987,,not included,not included,not included,not included
2014-15,N2,North West,East Lancashire,BSU,50<71,A to F2,0.2186628765101405,!,100.0,100.0,100.0,,not included,not included,not included,not included
2014-15,N2,North West,Liverpool,BSU,50<71,A to F2,1.2725590004627487,,97.21,92.86,96.38009049773756,,not included,not included,not included,not included
2014-15,N2,North West,Manchester,BSU,50<71,A to F2,0.14313933182559904,!,100.0,96.1,99.10979228486647,,not included,not included,not included,not included
2014-15,N2,North West,North Lancashire & South Cumbria,BSU,50<71,A to F2,0.7389162561576356,!,100.0,90.0,97.3913043478261,,not included,not included,not included,not included
2014-15,N2,North West,South Lancashire,BSU,50<71,A to F2,0.4448398576512455,!,99.4,93.18,98.09523809523809,,not included,not included,not included,not included
2014-15,N2,North West,"Warrington, Halton, St Helens & Knowsley",BSU,50<71,A to F2,0.20766275568476794,!,99.15,89.29,97.24137931034483,,not included,not included,not included,not included
2014-15,N2,North West,Wirral,BSU,50<71,A to F2,0.7146827602636385,!,100.0,87.5,96.40287769784173,,not included,not included,not included,not included
2014-15,N3,Midlands,"City, Sandwell & Walsall",BSU,50<71,A to F2,0.42352371732817035,!,100.0,95.83,98.88888888888889,,not included,not included,not included,not included
2014-15,N3,Midlands,"Dudley, Wolverhampton & South West Staffordshire",BSU,50<71,A to F2,0.9998889012331964,!,98.58,77.5,93.92265193370166,,not included,not included,not included,not included
2014-15,N3,Midlands,Hereford & Worcester,BSU,50<71,A to F2,0.3978911767631553,!,99.48,93.02,98.29059829059828,,not included,not included,not included,not included
2014-15,N3,Midlands,Kettering,BSU,50<71,A to F2,0.16121231662098984,!,98.82,77.27,94.39252336448598,,not included,not included,not included,not included
2014-15,N3,Midlands,Leicestershire,BSU,50<71,A to F2,0.35000807710947174,!,99.18,87.93,97.05882352941177,,not included,not included,not included,not included
2014-15,N3,Midlands,Lincolnshire,BSU,50<71,A to F2,0.34071550255536626,!,100.0,97.22,99.48186528497409,,not included,not included,not included,not included
2014-15,N3,Midlands,North Derbyshire & Chesterfield,BSU,50<71,A to F2,0.2926115581565472,!,100.0,85.71,95.65217391304348,,not included,not included,not included,not included
2014-15,N3,Midlands,North Midlands,BSU,50<71,A to F2,0.2381944857976538,!,100.0,91.89,97.47899159663865,,not included,not included,not included,not included
2014-15,N3,Midlands,North Nottinghamshire,BSU,50<71,A to F2,0.5356760231412042,!,100.0,92.86,98.76543209876543,,not included,not included,not included,not included
2014-15,N3,Midlands,Northampton,BSU,50<71,A to F2,0.39635354736424894,!,98.63,92.59,97.0,,not included,not included,not included,not included
2014-15,N3,Midlands,Nottingham City,BSU,50<71,A to F2,0.7220216606498194,!,98.31,92.5,97.24770642201835,,not included,not included,not included,not included
2014-15,N3,Midlands,Shropshire,BSU,50<71,A to F2,0.3572864097181903,!,99.31,88.37,96.79144385026738,,not included,not included,not included,not included
2014-15,N3,Midlands,South Birmingham,BSU,50<71,A to F2,0.5948334466349423,!,100.0,84.21,96.5909090909091,,not included,not included,not included,not included
2014-15,N3,Midlands,South Derbyshire & South East Staffordshire,BSU,50<71,A to F2,0.30926924096492003,!,100.0,94.29,98.89502762430939,,not included,not included,not included,not included
2014-15,N3,Midlands,South Staffordshire,BSU,50<71,A to F2,0.17056114617090226,!,99.37,94.87,98.47715736040608,,not included,not included,not included,not included
2014-15,N3,Midlands,"Warwickshire, Solihull & Coventry",BSU,50<71,A to F2,0.7149393731411576,,99.13,89.86,97.0,,not included,not included,not included,not included
2014-15,N4,East of England,Beds & Herts,BSU,50<71,A to F2,0.6058109385223059,,98.74,87.06,95.67901234567901,,not included,not included,not included,not included
2014-15,N4,East of England,Cambridge & Huntingdon,BSU,50<71,A to F2,0.3354391457483088,!,99.07,82.14,95.58823529411765,,not included,not included,not included,not included
2014-15,N4,East of England,Chelmsford & Colchester,BSU,50<71,A to F2,0.5363008647851445,!,98.91,97.67,98.6784140969163,,not included,not included,not included,not included
2014-15,N4,East of England,East Suffolk,BSU,50<71,A to F2,0.28616397195593074,!,97.78,94.44,97.22222222222221,,not included,not included,not included,not included
2014-15,N4,East of England,Great Yarmouth & Waveney,BSU,50<71,A to F2,0.12071463061323032,!,100.0,91.67,98.61111111111111,,not included,not included,not included,not included
2014-15,N4,East of England,King's Lynn,BSU,50<71,A to F2,0.4271222637479979,!,100.0,91.3,97.5609756097561,,not included,not included,not included,not included
2014-15,N4,East of England,Milton Keynes,BSU,50<71,A to F2,0.7519604683639488,!,100.0,100.0,100.0,,not included,not included,not included,not included
2014-15,N4,East of England,Norfolk & Norwich,BSU,50<71,A to F2,0.2776877863655297,!,100.0,100.0,100.0,,not included,not included,not included,not included
2014-15,N4,East of England,Peterborough,BSU,50<71,A to F2,0.2351834430856068,!,100.0,90.0,97.97979797979798,,not included,not included,not included,not included
2014-15,N4,East of England,South Essex,BSU,50<71,A to F2,0.49305244285073957,!,98.4,91.18,96.85534591194968,,not included,not included,not included,not included
2014-15,N4,East of England,West Essex (Epping),BSU,50<71,A to F2,0.49101443582441323,!,100.0,88.89,97.87234042553192,,not included,not included,not included,not included
2014-15,N4,East of England,West Suffolk,BSU,50<71,A to F2,0.8542141230068337,!,95.77,71.43,90.21739130434783,,not included,not included,not included,not included
2014-15,N5,London,Central & East London,BSU,50<71,A to F2,0.6612145467200279,!,98.75,98.08,98.59154929577466,,not included,not included,not included,not included
2014-15,N5,London,North London,BSU,50<71,A to F2,0.3992547245142401,!,100.0,95.96,98.9247311827957,,not included,not included,not included,not included
2014-15,N5,London,Outer North East London,BSU,50<71,A to F2,0.782040666114638,!,100.0,89.58,97.5,,not included,not included,not included,not included
2014-15,N5,London,South East London,BSU,50<71,A to F2,0.23246623427947088,!,99.61,85.71,97.13375796178345,,not included,not included,not included,not included
2014-15,N5,London,South West London,BSU,50<71,A to F2,0.4993698428173971,!,99.33,95.61,98.07692307692307,,not included,not included,not included,not included
2014-15,N5,London,West of London,BSU,50<71,A to F2,1.2707510950089222,,96.96,79.66,93.42560553633218,,not included,not included,not included,not included
2014-15,N6,South East,Aylesbury & Wycombe,BSU,50<71,A to F2,0.8484462827447237,!,97.71,86.49,95.23809523809523,,not included,not included,not included,not included
2014-15,N6,South East,Brighton,BSU,50<71,A to F2,0.5093919134033748,!,98.61,80.0,94.56521739130434,,not included,not included,not included,not included
2014-15,N6,South East,Canterbury,BSU,50<71,A to F2,1.3315579227696406,,98.06,90.48,96.44670050761421,,not included,not included,not included,not included
2014-15,N6,South East,East Berkshire,BSU,50<71,A to F2,0.9404388714733543,!,99.29,93.75,98.25581395348837,,not included,not included,not included,not included
2014-15,N6,South East,Guildford,BSU,50<71,A to F2,1.0891021713974542,,99.03,91.18,97.08029197080292,,not included,not included,not included,not included
2014-15,N6,South East,Isle of Wight,BSU,50<71,A to F2,0.0,!,100.0,100.0,100.0,,not included,not included,not included,not included
2014-15,N6,South East,Maidstone,BSU,50<71,A to F2,0.8035107237777366,!,99.13,93.33,97.93103448275862,,not included,not included,not included,not included
2014-15,N6,South East,Medway,BSU,50<71,A to F2,1.2107759055594793,!,100.0,70.27,93.16770186335404,,not included,not included,not included,not included
2014-15,N6,South East,North & Mid Hampshire,BSU,50<71,A to F2,0.3441945846718678,!,94.9,89.66,93.7007874015748,,not included,not included,not included,not included
2014-15,N6,South East,Oxfordshire,BSU,50<71,A to F2,0.255271353448716,!,97.84,100.0,98.26589595375722,,not included,not included,not included,not included
2014-15,N6,South East,Portsmouth,BSU,50<71,A to F2,0.9494100094941,!,97.21,77.78,91.63346613545816,,not included,not included,not included,not included
2014-15,N6,South East,Southampton & Salisbury,BSU,50<71,A to F2,0.8797285409073772,!,99.38,92.86,98.0295566502463,,not included,not included,not included,not included
2014-15,N6,South East,West Berkshire,BSU,50<71,A to F2,0.5288715803644406,!,100.0,80.65,96.15384615384616,,not included,not included,not included,not included
2014-15,N6,South East,Worthing,BSU,50<71,A to F2,0.6885112508997591,!,100.0,85.96,96.81274900398407,,not included,not included,not included,not included
2014-15,N7,South West,Avon,BSU,50<71,A to F2,1.1018005740960886,,98.81,85.0,96.1661341853035,,not included,not included,not included,not included
2014-15,N7,South West,Cornwall,BSU,50<71,A to F2,0.053890924768269025,!,100.0,90.91,98.57142857142858,,not included,not included,not included,not included
2014-15,N7,South West,Dorset,BSU,50<71,A to F2,0.9171990638244039,,98.68,92.86,97.53521126760563,,not included,not included,not included,not included
2014-15,N7,South West,Gloucestershire,BSU,50<71,A to F2,0.9578961118126007,!,98.17,91.84,96.71361502347418,,not included,not included,not included,not included
2014-15,N7,South West,North & East Devon,BSU,50<71,A to F2,0.49449314452685994,!,99.24,85.71,95.18716577540107,,not included,not included,not included,not included
2014-15,N7,South West,Somerset,BSU,50<71,A to F2,0.47946300143838905,!,98.92,92.59,97.5,,not included,not included,not included,not included
2014-15,N7,South West,South Devon,BSU,50<71,A to F2,0.38138825324180015,!,100.0,100.0,98.68421052631578,,not included,not included,not included,not included
2014-15,N7,South West,West Devon,BSU,50<71,A to F2,0.6552089108411874,!,99.17,87.8,96.27329192546584,,not included,not included,not included,not included
2014-15,N7,South West,Wiltshire,BSU,50<71,A to F2,0.659429846809374,!,97.5,79.31,94.0,,not included,not included,not included,not included
2015-16,N1,North East and Yorkshire,Barnsley,BSU,50<71,A to F2,0.0,!,97.92,90.91,96.61016949152543,,not included,not included,not included,not included
2015-16,N1,North East and Yorkshire,Doncaster,BSU,50<71,A to F2,0.06200396825396825,!,99.09,95.24,98.47328244274809,,not included,not included,not included,not included
2015-16,N1,North East and Yorkshire,Gateshead,BSU,50<71,A to F2,0.10919812179230518,!,99.46,94.59,98.64253393665159,,not included,not included,not included,not included
2015-16,N1,North East and Yorkshire,Humberside,BSU,50<71,A to F2,0.3130576339104029,!,100.0,87.5,97.86324786324786,,not included,not included,not included,not included
2015-16,N1,North East and Yorkshire,Leeds Wakefield,BSU,50<71,A to F2,0.44714484862831744,!,99.11,92.65,97.61092150170649,,not included,not included,not included,not included
2015-16,N1,North East and Yorkshire,Newcastle,BSU,50<71,A to F2,0.18488275352047576,!,100.0,100.0,99.61089494163424,,not included,not included,not included,not included
2015-16,N1,North East and Yorkshire,North Cumbria,BSU,50<71,A to F2,0.2273588480485032,!,100.0,92.0,98.09523809523809,,not included,not included,not included,not included
2015-16,N1,North East and Yorkshire,North Tees,BSU,50<71,A to F2,0.16332308027329395,!,99.54,94.83,98.55595667870037,,not included,not included,not included,not included
2015-16,N1,North East and Yorkshire,North Yorkshire,BSU,50<71,A to F2,0.3598934715324264,!,99.45,91.3,97.81659388646288,,not included,not included,not included,not included
2015-16,N1,North East and Yorkshire,Pennine,BSU,50<71,A to F2,0.21626882214592738,!,99.58,89.41,96.8944099378882,,not included,not included,not included,not included
2015-16,N1,North East and Yorkshire,Rotherham,BSU,50<71,A to F2,0.11853959222380275,!,100.0,71.43,95.65217391304348,,not included,not included,not included,not included
2015-16,N1,North East and Yorkshire,Sheffield,BSU,50<71,A to F2,0.0,!,99.01,100.0,99.21259842519686,,not included,not included,not included,not included
2015-16,N2,North West,Bolton,BSU,50<71,A to F2,0.23636005515067954,!,100.0,96.15,99.02439024390245,,not included,not included,not included,not included
2015-16,N2,North West,Cheshire & Stockport,BSU,50<71,A to F2,0.3184916236702975,!,99.02,96.88,98.50746268656717,,not included,not included,not included,not included
2015-16,N2,North West,Chester,BSU,50<71,A to F2,0.17988846914912754,!,100.0,100.0,100.0,,not included,not included,not included,not included
2015-16,N2,North West,Crewe,BSU,50<71,A to F2,0.5450086293032973,!,98.18,100.0,98.55072463768117,,not included,not included,not included,not included
2015-16,N2,North West,East Lancashire,BSU,50<71,A to F2,0.2717391304347826,!,99.1,91.3,97.76119402985076,,not included,not included,not included,not included
2015-16,N2,North West,Liverpool,BSU,50<71,A to F2,0.5400345622119817,!,100.0,93.48,98.72340425531915,,not included,not included,not included,not included
2015-16,N2,North West,Manchester,BSU,50<71,A to F2,0.17204301075268816,!,97.9,98.33,97.97687861271676,,not included,not included,not included,not included
2015-16,N2,North West,North Lancashire & South Cumbria,BSU,50<71,A to F2,0.5812505189736776,!,100.0,91.49,98.04878048780488,,not included,not included,not included,not included
2015-16,N2,North West,South Lancashire,BSU,50<71,A to F2,0.4645329121568263,!,98.66,87.5,97.57575757575758,,not included,not included,not included,not included
2015-16,N2,North West,"Warrington, Halton, St Helens & Knowsley",BSU,50<71,A to F2,0.2976928801786157,!,97.64,88.24,95.65217391304348,,not included,not included,not included,not included
2015-16,N2,North West,Wirral,BSU,50<71,A to F2,1.3763677654669328,!,99.05,94.59,97.9020979020979,,not included,not included,not included,not included
2015-16,N3,Midlands,"City, Sandwell & Walsall",BSU,50<71,A to F2,0.3937365599539631,!,99.49,97.5,99.15966386554622,,not included,not included,not included,not included
2015-16,N3,Midlands,"Dudley, Wolverhampton & South West Staffordshire",BSU,50<71,A to F2,1.1408083441981747,!,99.28,71.43,94.57831325301204,,not included,not included,not included,not included
2015-16,N3,Midlands,Hereford & Worcester,BSU,50<71,A to F2,0.3299340131973605,!,100.0,92.31,98.4313725490196,,not included,not included,not included,not included
2015-16,N3,Midlands,Kettering,BSU,50<71,A to F2,0.4549245583440746,!,100.0,88.46,97.47899159663865,,not included,not included,not included,not included
2015-16,N3,Midlands,Leicestershire,BSU,50<71,A to F2,0.5412642794063186,!,99.59,94.44,98.64864864864865,,not included,not included,not included,not included
2015-16,N3,Midlands,Lincolnshire,BSU,50<71,A to F2,0.21404764088921505,!,100.0,88.46,97.74436090225564,,not included,not included,not included,not included
2015-16,N3,Midlands,North Derbyshire & Chesterfield,BSU,50<71,A to F2,0.20752628666297732,!,100.0,92.0,98.18181818181819,,not included,not included,not included,not included
2015-16,N3,Midlands,North Midlands,BSU,50<71,A to F2,0.5705157462345961,!,100.0,94.74,98.7012987012987,,not included,not included,not included,not included
2015-16,N3,Midlands,North Nottinghamshire,BSU,50<71,A to F2,0.20466639377814164,!,100.0,91.67,98.4375,,not included,not included,not included,not included
2015-16,N3,Midlands,Northampton,BSU,50<71,A to F2,0.33435870001337437,!,100.0,100.0,100.0,,not included,not included,not included,not included
2015-16,N3,Midlands,Nottingham City,BSU,50<71,A to F2,0.49566294919454773,!,99.38,97.67,99.01960784313727,,not included,not included,not included,not included
2015-16,N3,Midlands,Shropshire,BSU,50<71,A to F2,0.25998336106489184,!,98.67,90.63,97.25274725274726,,not included,not included,not included,not included
2015-16,N3,Midlands,South Birmingham,BSU,50<71,A to F2,0.8408071748878925,!,100.0,95.83,98.9010989010989,,not included,not included,not included,not included
2015-16,N3,Midlands,South Derbyshire & South East Staffordshire,BSU,50<71,A to F2,0.1686838443048117,!,100.0,96.0,99.04761904761905,,not included,not included,not included,not included
2015-16,N3,Midlands,South Staffordshire,BSU,50<71,A to F2,0.32458499489937864,!,99.32,96.97,98.89502762430939,,not included,not included,not included,not included
2015-16,N3,Midlands,"Warwickshire, Solihull & Coventry",BSU,50<71,A to F2,0.3976820815816385,!,99.6,90.28,97.52321981424149,,not included,not included,not included,not included
2015-16,N4,East of England,Beds & Herts,BSU,50<71,A to F2,0.6643180674383493,,98.28,85.9,95.65217391304348,,not included,not included,not included,not included
2015-16,N4,East of England,Cambridge & Huntingdon,BSU,50<71,A to F2,0.43491767629698663,!,98.98,93.33,97.65625,,not included,not included,not included,not included
2015-16,N4,East of England,Chelmsford & Colchester,BSU,50<71,A to F2,0.11471397981033955,!,100.0,95.45,99.00497512437812,,not included,not included,not included,not included
2015-16,N4,East of England,East Suffolk,BSU,50<71,A to F2,0.35893754486719315,!,100.0,96.3,99.02912621359224,,not included,not included,not included,not included
2015-16,N4,East of England,Great Yarmouth & Waveney,BSU,50<71,A to F2,0.4282655246252676,!,100.0,100.0,100.0,,not included,not included,not included,not included
2015-16,N4,East of England,King's Lynn,BSU,50<71,A to F2,0.693000693000693,!,100.0,100.0,100.0,,not included,not included,not included,not included
2015-16,N4,East of England,Milton Keynes,BSU,50<71,A to F2,0.7648601398601399,!,98.44,80.0,97.10144927536231,,not included,not included,not included,not included
2015-16,N4,East of England,Norfolk & Norwich,BSU,50<71,A to F2,0.4011875150445318,!,100.0,91.3,98.75776397515527,,not included,not included,not included,not included
2015-16,N4,East of England,Peterborough,BSU,50<71,A to F2,0.282326369282891,!,100.0,89.47,98.26086956521739,,not included,not included,not included,not included
2015-16,N4,East of England,South Essex,BSU,50<71,A to F2,0.3422480809661175,!,98.45,96.3,98.07692307692307,,not included,not included,not included,not included
2015-16,N4,East of England,West Essex (Epping),BSU,50<71,A to F2,0.09829942003342179,!,98.67,100.0,98.83720930232558,,not included,not included,not included,not included
2015-16,N4,East of England,West Suffolk,BSU,50<71,A to F2,1.1432926829268293,!,98.46,87.5,96.29629629629629,,not included,not included,not included,not included
2015-16,N5,London,Central & East London,BSU,50<71,A to F2,0.6287588846364134,!,99.55,92.0,98.14814814814815,,not included,not included,not included,not included
2015-16,N5,London,North London,BSU,50<71,A to F2,0.20092425155716295,!,99.66,96.58,98.77149877149877,,not included,not included,not included,not included
2015-16,N5,London,Outer North East London,BSU,50<71,A to F2,0.6600932381698915,!,100.0,89.13,97.39583333333334,,not included,not included,not included,not included
2015-16,N5,London,South East London,BSU,50<71,A to F2,0.20671834625322996,!,99.59,96.34,98.77675840978594,,not included,not included,not included,not included
2015-16,N5,London,South West London,BSU,50<71,A to F2,0.6769334912844813,!,99.58,93.83,98.10725552050474,,not included,not included,not included,not included
2015-16,N5,London,West of London,BSU,50<71,A to F2,1.1557610241820768,,99.46,90.16,97.15447154471545,,not included,not included,not included,not included
2015-16,N6,South East,Aylesbury & Wycombe,BSU,50<71,A to F2,0.7421785795843799,!,98.58,78.57,93.98907103825137,,not included,not included,not included,not included
2015-16,N6,South East,Brighton,BSU,50<71,A to F2,0.5999250093738283,!,98.94,73.58,93.3609958506224,,not included,not included,not included,not included
2015-16,N6,South East,Canterbury,BSU,50<71,A to F2,0.467635711780523,!,100.0,97.14,99.55555555555556,,not included,not included,not included,not included
2015-16,N6,South East,East Berkshire,BSU,50<71,A to F2,0.7655502392344498,!,100.0,86.36,97.76119402985076,,not included,not included,not included,not included
2015-16,N6,South East,Guildford,BSU,50<71,A to F2,0.8797852421665275,,98.54,82.24,94.66666666666667,,not included,not included,not included,not included
2015-16,N6,South East,Isle of Wight,BSU,50<71,A to F2,0.2493143854400399,!,94.34,78.57,91.04477611940298,,not included,not included,not included,not included
2015-16,N6,South East,Maidstone,BSU,50<71,A to F2,0.9761811792268644,!,98.11,85.71,95.52238805970148,,not included,not included,not included,not included
2015-16,N6,South East,Medway,BSU,50<71,A to F2,0.5433552184740774,!,100.0,85.19,97.90575916230367,,not included,not included,not included,not included
2015-16,N6,South East,North & Mid Hampshire,BSU,50<71,A to F2,0.6641366223908918,!,100.0,88.1,96.93251533742331,,not included,not included,not included,not included
2015-16,N6,South East,Oxfordshire,BSU,50<71,A to F2,0.3540292959242377,!,99.21,87.5,95.97701149425288,,not included,not included,not included,not included
2015-16,N6,South East,Portsmouth,BSU,50<71,A to F2,0.9527934170636639,!,99.33,78.57,94.79166666666666,,not included,not included,not included,not included
2015-16,N6,South East,Southampton & Salisbury,BSU,50<71,A to F2,1.0383137784238397,,99.56,94.34,98.58657243816255,,not included,not included,not included,not included
2015-16,N6,South East,West Berkshire,BSU,50<71,A to F2,0.6672328035909256,!,99.0,89.29,96.875,,not included,not included,not included,not included
2015-16,N6,South East,Worthing,BSU,50<71,A to F2,0.4147779456640891,!,98.16,74.0,93.63295880149812,,not included,not included,not included,not included
2015-16,N7,South West,Avon,BSU,50<71,A to F2,0.4879834085641088,!,98.4,88.0,96.38242894056847,,not included,not included,not included,not included
2015-16,N7,South West,Cornwall,BSU,50<71,A to F2,0.10698619878035734,!,100.0,87.88,97.33333333333334,,not included,not included,not included,not included
2015-16,N7,South West,Dorset,BSU,50<71,A to F2,0.3106876553438277,!,100.0,93.18,98.81889763779527,,not included,not included,not included,not included
2015-16,N7,South West,Gloucestershire,BSU,50<71,A to F2,0.7377351530800443,!,98.24,97.56,98.10426540284361,,not included,not included,not included,not included
2015-16,N7,South West,North & East Devon,BSU,50<71,A to F2,0.5707762557077625,!,97.44,73.33,92.51700680272108,,not included,not included,not included,not included
2015-16,N7,South West,Somerset,BSU,50<71,A to F2,0.5841974587410544,!,100.0,86.36,96.40718562874252,,not included,not included,not included,not included
2015-16,N7,South West,South Devon,BSU,50<71,A to F2,0.16810960746406656,!,100.0,91.3,98.30508474576271,,not included,not included,not included,not included
2015-16,N7,South West,West Devon,BSU,50<71,A to F2,0.8027062668424976,!,98.37,96.77,98.05194805194806,,not included,not included,not included,not included
2015-16,N7,South West,Wiltshire,BSU,50<71,A to F2,0.6795940558173251,!,97.26,75.76,93.29608938547486,,not included,not included,not included,not included
2016-17,N1,North East and Yorkshire,Barnsley,BSU,50<71,A to F2,0.0,!,100.0,92.86,98.55072463768117,,not included,not included,not included,not included
2016-17,N1,North East and Yorkshire,Doncaster,BSU,50<71,A to F2,0.0,!,100.0,93.33,99.08256880733946,,not included,not included,not included,not included
2016-17,N1,North East and Yorkshire,Gateshead,BSU,50<71,A to F2,0.0946073793755913,!,99.47,100.0,99.54954954954955,,not included,not included,not included,not included
2016-17,N1,North East and Yorkshire,Humberside,BSU,50<71,A to F2,0.1522919945174882,!,99.58,95.35,98.93992932862191,,not included,not included,not included,not included
2016-17,N1,North East and Yorkshire,Leeds Wakefield,BSU,50<71,A to F2,0.5948357442206299,!,99.61,91.04,97.82608695652173,,not included,not included,not included,not included
2016-17,N1,North East and Yorkshire,Newcastle,BSU,50<71,A to F2,0.2292854890946089,!,99.14,96.61,98.63013698630137,,not included,not included,not included,not included
2016-17,N1,North East and Yorkshire,North Cumbria,BSU,50<71,A to F2,0.0,!,100.0,100.0,100.0,,not included,not included,not included,not included
2016-17,N1,North East and Yorkshire,North Tees,BSU,50<71,A to F2,0.20108008732620936,!,100.0,95.16,98.95104895104895,,not included,not included,not included,not included
2016-17,N1,North East and Yorkshire,North Yorkshire,BSU,50<71,A to F2,0.2113718030014796,!,100.0,93.88,98.72881355932203,,not included,not included,not included,not included
2016-17,N1,North East and Yorkshire,Pennine,BSU,50<71,A to F2,0.4112446024145933,!,98.21,91.53,96.80851063829788,,not included,not included,not included,not included
2016-17,N1,North East and Yorkshire,Rotherham,BSU,50<71,A to F2,0.20242914979757085,!,97.62,87.5,96.73913043478261,,not included,not included,not included,not included
2016-17,N1,North East and Yorkshire,Sheffield,BSU,50<71,A to F2,0.05838734162433584,!,100.0,96.0,99.35064935064936,,not included,not included,not included,not included
2016-17,N2,North West,Bolton,BSU,50<71,A to F2,0.24703557312252963,!,100.0,96.23,99.11504424778761,,not included,not included,not included,not included
2016-17,N2,North West,Cheshire & Stockport,BSU,50<71,A to F2,0.27344818156959255,!,99.25,96.15,98.74213836477988,,not included,not included,not included,not included
2016-17,N2,North West,Chester,BSU,50<71,A to F2,0.0,!,100.0,100.0,100.0,,not included,not included,not included,not included
2016-17,N2,North West,Crewe,BSU,50<71,A to F2,0.0885112409275978,!,94.92,100.0,95.8904109589041,,not included,not included,not included,not included
2016-17,N2,North West,East Lancashire,BSU,50<71,A to F2,0.10989614814000769,!,99.29,96.67,98.83040935672514,,not included,not included,not included,not included
2016-17,N2,North West,Liverpool,BSU,50<71,A to F2,0.35431295497004445,!,99.45,97.62,99.10714285714286,,not included,not included,not included,not included
2016-17,N2,North West,Manchester,BSU,50<71,A to F2,0.10732838191731423,!,98.75,98.15,98.66666666666667,,not included,not included,not included,not included
2016-17,N2,North West,North Lancashire & South Cumbria,BSU,50<71,A to F2,0.3156266767667203,!,100.0,96.36,99.29824561403508,,not included,not included,not included,not included
2016-17,N2,North West,South Lancashire,BSU,50<71,A to F2,0.4540763673890609,!,99.28,97.14,98.84393063583815,,not included,not included,not included,not included
2016-17,N2,North West,"Warrington, Halton, St Helens & Knowsley",BSU,50<71,A to F2,0.5662246968338602,!,98.57,90.91,96.41025641025641,,not included,not included,not included,not included
2016-17,N2,North West,Wirral,BSU,50<71,A to F2,0.7539203860072377,!,100.0,83.33,96.8503937007874,,not included,not included,not included,not included
2016-17,N3,Midlands,"City, Sandwell & Walsall",BSU,50<71,A to F2,0.20201437187959945,!,100.0,100.0,100.0,,not included,not included,not included,not included
2016-17,N3,Midlands,"Dudley, Wolverhampton & South West Staffordshire",BSU,50<71,A to F2,0.9343739694404749,!,100.0,83.78,96.25,,not included,not included,not included,not included
2016-17,N3,Midlands,Hereford & Worcester,BSU,50<71,A to F2,0.45727724065847924,!,99.07,94.12,98.38709677419355,,not included,not included,not included,not included
2016-17,N3,Midlands,Kettering,BSU,50<71,A to F2,0.22311468094600623,!,100.0,87.5,97.97979797979798,,not included,not included,not included,not included
2016-17,N3,Midlands,Leicestershire,BSU,50<71,A to F2,0.1443168042486867,!,99.53,94.55,98.51851851851852,,not included,not included,not included,not included
2016-17,N3,Midlands,Lincolnshire,BSU,50<71,A to F2,0.08165931732810713,!,99.37,93.75,98.42105263157895,,not included,not included,not included,not included
2016-17,N3,Midlands,North Derbyshire & Chesterfield,BSU,50<71,A to F2,0.3402517863218782,!,100.0,88.89,98.26086956521739,,not included,not included,not included,not included
2016-17,N3,Midlands,North Midlands,BSU,50<71,A to F2,0.33702185024995784,!,99.16,93.18,97.54601226993866,,not included,not included,not included,not included
2016-17,N3,Midlands,North Nottinghamshire,BSU,50<71,A to F2,0.21388086835632553,!,100.0,75.0,94.91525423728814,,not included,not included,not included,not included
2016-17,N3,Midlands,Northampton,BSU,50<71,A to F2,0.363901018922853,!,100.0,91.3,98.4,,not included,not included,not included,not included
2016-17,N3,Midlands,Nottingham City,BSU,50<71,A to F2,0.43742792380800893,!,100.0,96.55,99.46236559139786,,not included,not included,not included,not included
2016-17,N3,Midlands,Shropshire,BSU,50<71,A to F2,0.1677008217340265,!,100.0,90.0,98.51851851851852,,not included,not included,not included,not included
2016-17,N3,Midlands,South Birmingham,BSU,50<71,A to F2,0.155448468832582,!,97.67,100.0,98.1651376146789,,not included,not included,not included,not included
2016-17,N3,Midlands,South Derbyshire & South East Staffordshire,BSU,50<71,A to F2,0.46472720513058835,!,100.0,89.13,97.14285714285714,,not included,not included,not included,not included
2016-17,N3,Midlands,South Staffordshire,BSU,50<71,A to F2,0.1867936863734006,!,100.0,89.66,98.23529411764706,,not included,not included,not included,not included
2016-17,N3,Midlands,"Warwickshire, Solihull & Coventry",BSU,50<71,A to F2,0.33560512185047503,!,100.0,92.96,98.47094801223241,,not included,not included,not included,not included
2016-17,N4,East of England,Beds & Herts,BSU,50<71,A to F2,0.24442982043809344,!,99.09,97.47,98.77149877149877,,not included,not included,not included,not included
2016-17,N4,East of England,Cambridge & Huntingdon,BSU,50<71,A to F2,0.17756732761171945,!,100.0,90.91,98.46153846153847,,not included,not included,not included,not included
2016-17,N4,East of England,Chelmsford & Colchester,BSU,50<71,A to F2,0.21196170558519095,!,100.0,97.37,99.46808510638297,,not included,not included,not included,not included
2016-17,N4,East of England,East Suffolk,BSU,50<71,A to F2,0.12061998673180145,!,99.03,83.33,96.69421487603306,,not included,not included,not included,not included
2016-17,N4,East of England,Great Yarmouth & Waveney,BSU,50<71,A to F2,0.0,!,100.0,90.0,98.50746268656717,,not included,not included,not included,not included
2016-17,N4,East of England,King's Lynn,BSU,50<71,A to F2,0.823045267489712,!,100.0,87.5,96.61016949152543,,not included,not included,not included,not included
2016-17,N4,East of England,Milton Keynes,BSU,50<71,A to F2,0.10803802938634399,!,98.44,92.86,97.43589743589743,,not included,not included,not included,not included
2016-17,N4,East of England,Norfolk & Norwich,BSU,50<71,A to F2,0.13452311555535626,!,99.26,94.44,98.7012987012987,,not included,not included,not included,not included
2016-17,N4,East of England,Peterborough,BSU,50<71,A to F2,0.2035416242621616,!,100.0,100.0,100.0,,not included,not included,not included,not included
2016-17,N4,East of England,South Essex,BSU,50<71,A to F2,0.33755274261603374,!,98.7,87.5,97.19101123595506,,not included,not included,not included,not included
2016-17,N4,East of England,West Essex (Epping),BSU,50<71,A to F2,0.09674922600619196,!,100.0,100.0,100.0,,not included,not included,not included,not included
2016-17,N4,East of England,West Suffolk,BSU,50<71,A to F2,0.4324511330219685,!,97.4,66.67,91.57894736842105,,not included,not included,not included,not included
2016-17,N5,London,Central & East London,BSU,50<71,A to F2,0.37758409112362734,!,98.98,96.97,98.47908745247148,,not included,not included,not included,not included
2016-17,N5,London,North London,BSU,50<71,A to F2,0.2743634767339772,!,99.68,92.0,97.83653846153845,,not included,not included,not included,not included
2016-17,N5,London,Outer North East London,BSU,50<71,A to F2,0.8015068328457501,!,99.17,90.0,96.8944099378882,,not included,not included,not included,not included
2016-17,N5,London,South East London,BSU,50<71,A to F2,0.21520185934406472,!,100.0,95.52,99.1044776119403,,not included,not included,not included,not included
2016-17,N5,London,South West London,BSU,50<71,A to F2,0.7837548984681154,,99.62,88.99,96.50537634408603,,not included,not included,not included,not included
2016-17,N5,London,West of London,BSU,50<71,A to F2,0.8371119637251483,,100.0,87.5,97.17868338557993,,not included,not included,not included,not included
2016-17,N6,South East,Aylesbury & Wycombe,BSU,50<71,A to F2,0.5186184005808526,!,100.0,82.22,95.06172839506173,,not included,not included,not included,not included
2016-17,N6,South East,Brighton,BSU,50<71,A to F2,0.46972105795635205,!,100.0,87.23,97.0873786407767,,not included,not included,not included,not included
2016-17,N6,South East,Canterbury,BSU,50<71,A to F2,1.190648001154568,,99.56,86.36,97.41697416974169,,not included,not included,not included,not included
2016-17,N6,South East,East Berkshire,BSU,50<71,A to F2,0.7044057377049181,!,100.0,100.0,100.0,,not included,not included,not included,not included
2016-17,N6,South East,Guildford,BSU,50<71,A to F2,0.8894674042737825,,99.41,89.08,96.72489082969432,,not included,not included,not included,not included
2016-17,N6,South East,Isle of Wight,BSU,50<71,A to F2,0.13264358668258389,!,100.0,91.67,98.30508474576271,,not included,not included,not included,not included
2016-17,N6,South East,Maidstone,BSU,50<71,A to F2,1.3093118257044098,,100.0,90.63,98.26589595375722,,not included,not included,not included,not included
2016-17,N6,South East,Medway,BSU,50<71,A to F2,0.3559352197899982,!,99.3,81.82,96.0,,not included,not included,not included,not included
2016-17,N6,South East,North & Mid Hampshire,BSU,50<71,A to F2,0.7910557958021306,!,98.35,84.09,94.54545454545455,,not included,not included,not included,not included
2016-17,N6,South East,Oxfordshire,BSU,50<71,A to F2,0.13244448368725442,!,100.0,92.11,98.13664596273291,,not included,not included,not included,not included
2016-17,N6,South East,Portsmouth,BSU,50<71,A to F2,1.6782156777825898,,99.17,76.19,93.25153374233128,,not included,not included,not included,not included
2016-17,N6,South East,Southampton & Salisbury,BSU,50<71,A to F2,0.6667555674089879,!,97.89,84.21,95.6140350877193,,not included,not included,not included,not included
2016-17,N6,South East,West Berkshire,BSU,50<71,A to F2,0.5612372162634074,!,98.94,91.3,96.61016949152543,,not included,not included,not included,not included
2016-17,N6,South East,Worthing,BSU,50<71,A to F2,0.1961681815209573,!,99.47,90.7,97.82608695652173,,not included,not included,not included,not included
2016-17,N7,South West,Avon,BSU,50<71,A to F2,0.649772579597141,,100.0,89.23,97.85932721712538,,not included,not included,not included,not included
2016-17,N7,South West,Cornwall,BSU,50<71,A to F2,0.17975912277548084,!,100.0,93.94,98.56115107913669,,not included,not included,not included,not included
2016-17,N7,South West,Dorset,BSU,50<71,A to F2,0.3727749992233854,!,100.0,92.19,98.2078853046595,,not included,not included,not included,not included
2016-17,N7,South West,Gloucestershire,BSU,50<71,A to F2,0.734563366892797,!,100.0,90.24,98.01980198019803,,not included,not included,not included,not included
2016-17,N7,South West,North & East Devon,BSU,50<71,A to F2,0.21944261575597981,!,98.35,76.74,92.6829268292683,,not included,not included,not included,not included
2016-17,N7,South West,Somerset,BSU,50<71,A to F2,0.2538071065989848,!,99.33,84.62,97.14285714285714,,not included,not included,not included,not included
2016-17,N7,South West,South Devon,BSU,50<71,A to F2,0.5163955589981926,!,100.0,89.47,97.72727272727273,,not included,not included,not included,not included
2016-17,N7,South West,West Devon,BSU,50<71,A to F2,1.6105742530267688,,98.06,84.62,94.36619718309859,,not included,not included,not included,not included
2016-17,N7,South West,Wiltshire,BSU,50<71,A to F2,0.3628611602485599,!,99.28,90.63,97.67441860465115,,not included,not included,not included,not included
2017-18,N1,North East and Yorkshire,Barnsley,BSU,50<71,A to F2,0.0,!,98.08,100.0,98.21428571428571,,not included,not included,not included,not included
2017-18,N1,North East and Yorkshire,Doncaster,BSU,50<71,A to F2,0.06608511763150939,!,99.12,100.0,99.24242424242425,,not included,not included,not included,not included
2017-18,N1,North East and Yorkshire,Gateshead,BSU,50<71,A to F2,0.16163444753345835,!,98.8,98.04,98.1651376146789,,not included,not included,not included,not included
2017-18,N1,North East and Yorkshire,Humberside,BSU,50<71,A to F2,0.1169248757673195,!,100.0,97.5,99.53271028037383,,not included,not included,not included,not included
2017-18,N1,North East and Yorkshire,Leeds Wakefield,BSU,50<71,A to F2,0.4398311048557354,!,98.72,98.44,98.65771812080537,,not included,not included,not included,not included
2017-18,N1,North East and Yorkshire,Newcastle,BSU,50<71,A to F2,0.12435490891002922,!,100.0,96.83,99.31972789115646,,not included,not included,not included,not included
2017-18,N1,North East and Yorkshire,North Cumbria,BSU,50<71,A to F2,0.2968460111317254,!,100.0,100.0,100.0,,not included,not included,not included,not included
2017-18,N1,North East and Yorkshire,North Tees,BSU,50<71,A to F2,0.13918271907359983,!,100.0,93.85,98.36065573770492,,not included,not included,not included,not included
2017-18,N1,North East and Yorkshire,North Yorkshire,BSU,50<71,A to F2,0.2559590465525516,!,98.96,95.92,98.34710743801654,,not included,not included,not included,not included
2017-18,N1,North East and Yorkshire,Pennine,BSU,50<71,A to F2,0.1960729391333576,!,98.96,93.51,97.39776951672863,,not included,not included,not included,not included
2017-18,N1,North East and Yorkshire,Rotherham,BSU,50<71,A to F2,0.0,!,100.0,100.0,100.0,,not included,not included,not included,not included
2017-18,N1,North East and Yorkshire,Sheffield,BSU,50<71,A to F2,0.22668026748271564,!,99.05,93.55,97.79411764705883,,not included,not included,not included,not included
2017-18,N2,North West,Bolton,BSU,50<71,A to F2,0.09820770930518045,!,100.0,94.74,98.83040935672514,,not included,not included,not included,not included
2017-18,N2,North West,Cheshire & Stockport,BSU,50<71,A to F2,0.11468547508458055,!,100.0,95.24,99.23076923076923,,not included,not included,not included,not included
2017-18,N2,North West,Chester,BSU,50<71,A to F2,0.2336448598130841,!,100.0,100.0,100.0,,not included,not included,not included,not included
2017-18,N2,North West,Crewe,BSU,50<71,A to F2,0.36476381542950936,!,100.0,86.36,96.80851063829788,,not included,not included,not included,not included
2017-18,N2,North West,East Lancashire,BSU,50<71,A to F2,0.28283742504808235,!,100.0,87.88,97.12230215827337,,not included,not included,not included,not included
2017-18,N2,North West,Liverpool,BSU,50<71,A to F2,0.26093115145189544,!,98.89,91.84,97.37991266375546,,not included,not included,not included,not included
2017-18,N2,North West,Manchester,BSU,50<71,A to F2,0.27227183620126333,!,98.75,95.16,98.01324503311258,,not included,not included,not included,not included
2017-18,N2,North West,North Lancashire & South Cumbria,BSU,50<71,A to F2,0.3442987260947134,!,99.49,96.0,98.52941176470588,,not included,not included,not included,not included
2017-18,N2,North West,South Lancashire,BSU,50<71,A to F2,0.3390261473916176,!,100.0,100.0,99.45054945054946,,not included,not included,not included,not included
2017-18,N2,North West,"Warrington, Halton, St Helens & Knowsley",BSU,50<71,A to F2,0.5926218578695245,!,98.48,89.13,96.06741573033707,,not included,not included,not included,not included
2017-18,N2,North West,Wirral,BSU,50<71,A to F2,0.3108244618851504,!,100.0,81.48,95.65217391304348,,not included,not included,not included,not included
2017-18,N3,Midlands,"City, Sandwell & Walsall",BSU,50<71,A to F2,0.2591419522027066,!,99.5,100.0,99.60317460317461,,not included,not included,not included,not included
2017-18,N3,Midlands,"Dudley, Wolverhampton & South West Staffordshire",BSU,50<71,A to F2,0.9944159718503787,,99.45,87.5,96.96969696969697,,not included,not included,not included,not included
2017-18,N3,Midlands,Hereford & Worcester,BSU,50<71,A to F2,0.3943736032601551,!,99.14,94.34,98.24561403508771,,not included,not included,not included,not included
2017-18,N3,Midlands,Kettering,BSU,50<71,A to F2,0.7025212707829209,!,100.0,78.57,96.66666666666667,,not included,not included,not included,not included
2017-18,N3,Midlands,Leicestershire,BSU,50<71,A to F2,0.35053659062719084,!,100.0,90.2,98.25783972125436,,not included,not included,not included,not included
2017-18,N3,Midlands,Lincolnshire,BSU,50<71,A to F2,0.08283974651037568,!,98.77,95.12,98.0392156862745,,not included,not included,not included,not included
2017-18,N3,Midlands,North Derbyshire & Chesterfield,BSU,50<71,A to F2,0.06795786612300374,!,100.0,96.77,99.23076923076923,,not included,not included,not included,not included
2017-18,N3,Midlands,North Midlands,BSU,50<71,A to F2,0.3882657463330457,!,100.0,96.0,98.90710382513662,,not included,not included,not included,not included
2017-18,N3,Midlands,North Nottinghamshire,BSU,50<71,A to F2,0.11095084877399312,!,100.0,100.0,100.0,,not included,not included,not included,not included
2017-18,N3,Midlands,Northampton,BSU,50<71,A to F2,0.37873049537948794,!,100.0,96.67,99.17355371900827,,not included,not included,not included,not included
2017-18,N3,Midlands,Nottingham City,BSU,50<71,A to F2,0.07651109410864575,!,100.0,97.06,99.52830188679245,,not included,not included,not included,not included
2017-18,N3,Midlands,Shropshire,BSU,50<71,A to F2,0.27591281155154973,!,100.0,89.19,97.6878612716763,,not included,not included,not included,not included
2017-18,N3,Midlands,South Birmingham,BSU,50<71,A to F2,0.08248102936324646,!,100.0,91.67,97.91666666666666,,not included,not included,not included,not included
2017-18,N3,Midlands,South Derbyshire & South East Staffordshire,BSU,50<71,A to F2,0.22502250225022502,!,100.0,85.0,96.49805447470817,,not included,not included,not included,not included
2017-18,N3,Midlands,"Warwickshire, Solihull & Coventry",BSU,50<71,A to F2,0.4764930114358323,!,99.12,87.8,97.38805970149254,,not included,not included,not included,not included
2017-18,N4,East of England,Beds & Herts,BSU,50<71,A to F2,0.14168032869836256,!,99.29,85.92,96.61016949152543,,not included,not included,not included,not included
2017-18,N4,East of England,Cambridge & Huntingdon,BSU,50<71,A to F2,0.445756951022455,!,99.15,96.43,98.62068965517241,,not included,not included,not included,not included
2017-18,N4,East of England,Chelmsford & Colchester,BSU,50<71,A to F2,0.17903179604697794,!,99.49,87.88,97.81659388646288,,not included,not included,not included,not included
2017-18,N4,East of England,East Suffolk,BSU,50<71,A to F2,0.06735821096591675,!,100.0,100.0,100.0,,not included,not included,not included,not included
2017-18,N4,East of England,Great Yarmouth & Waveney,BSU,50<71,A to F2,0.26413100898045433,!,97.56,85.71,94.54545454545455,,not included,not included,not included,not included
2017-18,N4,East of England,King's Lynn,BSU,50<71,A to F2,0.5690224194833277,!,100.0,100.0,100.0,,not included,not included,not included,not included
2017-18,N4,East of England,Milton Keynes,BSU,50<71,A to F2,0.4276702662247407,!,100.0,100.0,100.0,,not included,not included,not included,not included
2017-18,N4,East of England,Norfolk & Norwich,BSU,50<71,A to F2,0.19664716582272257,!,99.31,100.0,99.4186046511628,,not included,not included,not included,not included
2017-18,N4,East of England,Peterborough,BSU,50<71,A to F2,0.32320620555914675,!,98.78,100.0,98.91304347826086,,not included,not included,not included,not included
2017-18,N4,East of England,South Essex,BSU,50<71,A to F2,0.1678556441460344,!,99.35,96.43,98.90710382513662,,not included,not included,not included,not included
2017-18,N4,East of England,West Essex (Epping),BSU,50<71,A to F2,0.19860973187686196,!,100.0,100.0,100.0,,not included,not included,not included,not included
2017-18,N4,East of England,West Suffolk,BSU,50<71,A to F2,0.4665484743864888,!,100.0,66.67,94.02985074626866,,not included,not included,not included,not included
2017-18,N5,London,Central & East London,BSU,50<71,A to F2,0.44031526573026286,!,98.37,100.0,98.78048780487805,,not included,not included,not included,not included
2017-18,N5,London,North London,BSU,50<71,A to F2,0.23795831763469433,!,100.0,97.0,99.28571428571429,,not included,not included,not included,not included
2017-18,N5,London,Outer North East London,BSU,50<71,A to F2,0.6320313487548982,!,100.0,97.3,99.46808510638297,,not included,not included,not included,not included
2017-18,N5,London,South East London,BSU,50<71,A to F2,0.12134204299553056,!,100.0,98.57,99.73821989528795,,not included,not included,not included,not included
2017-18,N5,London,South West London,BSU,50<71,A to F2,0.9165711905009895,,99.69,96.59,99.0314769975787,,not included,not included,not included,not included
2017-18,N5,London,West of London,BSU,50<71,A to F2,0.450935691559987,!,100.0,92.68,98.18731117824774,,not included,not included,not included,not included
2017-18,N6,South East,Aylesbury & Wycombe,BSU,50<71,A to F2,0.16845415239485653,!,100.0,96.43,99.33333333333333,,not included,not included,not included,not included
2017-18,N6,South East,Brighton,BSU,50<71,A to F2,0.2901178603807797,!,100.0,87.72,97.07112970711297,,not included,not included,not included,not included
2017-18,N6,South East,Canterbury,BSU,50<71,A to F2,1.2386281125870242,,99.34,92.11,97.89473684210527,,not included,not included,not included,not included
2017-18,N6,South East,East Berkshire,BSU,50<71,A to F2,0.32598774286086846,!,100.0,100.0,100.0,,not included,not included,not included,not included
2017-18,N6,South East,Guildford,BSU,50<71,A to F2,0.7080429251023344,,99.67,85.22,95.70405727923628,,not included,not included,not included,not included
2017-18,N6,South East,Isle of Wight,BSU,50<71,A to F2,0.35803795202291444,!,100.0,100.0,100.0,,not included,not included,not included,not included
2017-18,N6,South East,Maidstone,BSU,50<71,A to F2,0.6195786864931846,!,100.0,90.0,97.24137931034483,,not included,not included,not included,not included
2017-18,N6,South East,Medway,BSU,50<71,A to F2,0.7267793982266583,!,100.0,75.86,95.80838323353294,,not included,not included,not included,not included
2017-18,N6,South East,North & Mid Hampshire,BSU,50<71,A to F2,1.0989646596101568,!,96.72,82.05,93.16770186335404,,not included,not included,not included,not included
2017-18,N6,South East,Oxfordshire,BSU,50<71,A to F2,0.6426417519402838,!,98.59,92.86,97.6470588235294,,not included,not included,not included,not included
2017-18,N6,South East,Portsmouth,BSU,50<71,A to F2,0.8871262328445442,!,99.21,83.78,95.70552147239265,,not included,not included,not included,not included
2017-18,N6,South East,Southampton & Salisbury,BSU,50<71,A to F2,0.2414584087890861,!,98.84,92.86,97.37991266375546,,not included,not included,not included,not included
2017-18,N6,South East,West Berkshire,BSU,50<71,A to F2,0.10873110796999022,!,100.0,80.0,96.49122807017544,,not included,not included,not included,not included
2017-18,N6,South East,Worthing,BSU,50<71,A to F2,0.06748776784207863,!,100.0,98.04,99.6268656716418,,not included,not included,not included,not included
2017-18,N7,South West,Avon,BSU,50<71,A to F2,0.49659282147488065,!,98.84,89.19,96.69669669669669,,not included,not included,not included,not included
2017-18,N7,South West,Cornwall,BSU,50<71,A to F2,0.11658408627222384,!,100.0,97.14,99.33333333333333,,not included,not included,not included,not included
2017-18,N7,South West,Dorset,BSU,50<71,A to F2,0.5093327740659735,!,98.11,91.67,96.72619047619048,,not included,not included,not included,not included
2017-18,N7,South West,Gloucestershire,BSU,50<71,A to F2,0.601829561868079,!,98.7,90.7,96.95431472081218,,not included,not included,not included,not included
2017-18,N7,South West,North & East Devon,BSU,50<71,A to F2,0.17636684303350972,!,100.0,84.85,97.20670391061452,,not included,not included,not included,not included
2017-18,N7,South West,Somerset,BSU,50<71,A to F2,0.3339827442248817,!,100.0,92.86,99.12280701754386,,not included,not included,not included,not included
2017-18,N7,South West,South Devon,BSU,50<71,A to F2,0.27570995312930796,!,100.0,82.35,94.9367088607595,,not included,not included,not included,not included
2017-18,N7,South West,West Devon,BSU,50<71,A to F2,0.9513318646104547,!,100.0,85.71,97.0873786407767,,not included,not included,not included,not included
2017-18,N7,South West,Wiltshire,BSU,50<71,A to F2,0.6581112207963146,!,98.67,78.79,95.08196721311475,,not included,not included,not included,not included
2018-19,N1,North East and Yorkshire,Barnsley,BSU,50<71,A to F2,0.0,!,97.87,100.0,98.27586206896551,,not included,not included,not included,not included
2018-19,N1,North East and Yorkshire,Doncaster,BSU,50<71,A to F2,0.24463335575805764,!,100.0,76.92,96.96969696969697,,not included,not included,not included,not included
2018-19,N1,North East and Yorkshire,Gateshead,BSU,50<71,A to F2,0.14319467315815854,!,99.36,96.49,98.59154929577466,,not included,not included,not included,not included
2018-19,N1,North East and Yorkshire,Humberside,BSU,50<71,A to F2,0.19641955216342105,!,99.56,97.14,99.23664122137404,,not included,not included,not included,not included
2018-19,N1,North East and Yorkshire,Leeds Wakefield,BSU,50<71,A to F2,0.29867767248635585,!,99.62,94.81,98.52941176470588,,not included,not included,not included,not included
2018-19,N1,North East and Yorkshire,Newcastle,BSU,50<71,A to F2,0.0,!,100.0,97.06,98.70967741935483,,not included,not included,not included,not included
2018-19,N1,North East and Yorkshire,North Cumbria,BSU,50<71,A to F2,0.07207207207207207,!,100.0,100.0,100.0,,not included,not included,not included,not included
2018-19,N1,North East and Yorkshire,North Tees,BSU,50<71,A to F2,0.1722306742830898,!,100.0,100.0,100.0,,not included,not included,not included,not included
2018-19,N1,North East and Yorkshire,North Yorkshire,BSU,50<71,A to F2,0.06585879873551106,!,100.0,86.79,97.17741935483872,,not included,not included,not included,not included
2018-19,N1,North East and Yorkshire,Pennine,BSU,50<71,A to F2,0.15806111696522654,!,98.7,98.73,98.70550161812298,,not included,not included,not included,not included
2018-19,N1,North East and Yorkshire,Rotherham,BSU,50<71,A to F2,0.10964912280701755,!,100.0,93.75,98.78048780487805,,not included,not included,not included,not included
2018-19,N1,North East and Yorkshire,Sheffield,BSU,50<71,A to F2,0.28149983110010135,!,100.0,100.0,100.0,,not included,not included,not included,not included
2018-19,N2,North West,Bolton,BSU,50<71,A to F2,0.39885130823229104,!,99.37,98.0,99.03846153846155,,not included,not included,not included,not included
2018-19,N2,North West,Cheshire & Stockport,BSU,50<71,A to F2,0.23100023100023098,!,97.58,93.75,96.7948717948718,,not included,not included,not included,not included
2018-19,N2,North West,Crewe,BSU,50<71,A to F2,0.2635277582572031,!,100.0,93.75,99.00990099009901,,not included,not included,not included,not included
2018-19,N2,North West,East Lancashire,BSU,50<71,A to F2,0.45210511443910706,!,97.44,90.0,96.35036496350365,,not included,not included,not included,not included
2018-19,N2,North West,Liverpool,BSU,50<71,A to F2,0.47850160639825007,!,99.38,89.86,96.52173913043478,,not included,not included,not included,not included
2018-19,N2,North West,Manchester,BSU,50<71,A to F2,0.2195690956497873,!,98.82,98.08,98.69706840390879,,not included,not included,not included,not included
2018-19,N2,North West,North Lancashire & South Cumbria,BSU,50<71,A to F2,0.4819470661472348,!,100.0,90.74,97.65258215962442,,not included,not included,not included,not included
2018-19,N2,North West,South Lancashire,BSU,50<71,A to F2,0.30983047846678174,!,99.33,100.0,99.4535519125683,,not included,not included,not included,not included
2018-19,N2,North West,"Warrington, Halton, St Helens & Knowsley",BSU,50<71,A to F2,0.3360053760860174,!,100.0,95.24,98.98989898989899,,not included,not included,not included,not included
2018-19,N2,North West,Wirral & Chester,BSU,50<71,A to F2,0.046979235178051304,!,100.0,94.74,99.04761904761905,,not included,not included,not included,not included
2018-19,N3,Midlands,"City, Sandwell & Walsall",BSU,50<71,A to F2,0.253029323287132,!,99.16,100.0,99.3103448275862,,not included,not included,not included,not included
2018-19,N3,Midlands,"Dudley, Wolverhampton & South West Staffordshire",BSU,50<71,A to F2,0.5336836487540539,!,99.47,90.91,97.83549783549783,,not included,not included,not included,not included
2018-19,N3,Midlands,Hereford & Worcester,BSU,50<71,A to F2,0.18300494113341062,!,99.44,96.36,98.70689655172413,,not included,not included,not included,not included
2018-19,N3,Midlands,Kettering,BSU,50<71,A to F2,0.8087640614660687,!,100.0,100.0,100.0,,not included,not included,not included,not included
2018-19,N3,Midlands,Leicestershire,BSU,50<71,A to F2,0.294358135731807,!,99.49,90.0,97.88135593220339,,not included,not included,not included,not included
2018-19,N3,Midlands,Lincolnshire,BSU,50<71,A to F2,0.09975725734047153,!,100.0,96.23,99.1869918699187,,not included,not included,not included,not included
2018-19,N3,Midlands,North Derbyshire & Chesterfield,BSU,50<71,A to F2,0.4098360655737705,!,100.0,100.0,100.0,,not included,not included,not included,not included
2018-19,N3,Midlands,North Midlands,BSU,50<71,A to F2,0.17681902572716823,!,98.04,96.15,97.5609756097561,,not included,not included,not included,not included
2018-19,N3,Midlands,North Nottinghamshire,BSU,50<71,A to F2,0.5915992900808519,!,100.0,90.91,98.30508474576271,,not included,not included,not included,not included
2018-19,N3,Midlands,Northampton,BSU,50<71,A to F2,0.19682456370555046,!,97.7,95.45,97.24770642201835,,not included,not included,not included,not included
2018-19,N3,Midlands,Nottingham City,BSU,50<71,A to F2,0.16281341582546402,!,98.87,100.0,99.06103286384976,,not included,not included,not included,not included
2018-19,N3,Midlands,Shropshire,BSU,50<71,A to F2,0.0517464424320828,!,100.0,89.29,98.11320754716981,,not included,not included,not included,not included
2018-19,N3,Midlands,South Birmingham,BSU,50<71,A to F2,0.28333962976955046,!,100.0,100.0,100.0,,not included,not included,not included,not included
2018-19,N3,Midlands,South Derbyshire & South East Staffordshire,BSU,50<71,A to F2,0.21953294366235834,!,100.0,95.31,98.91696750902527,,not included,not included,not included,not included
2018-19,N3,Midlands,"Warwickshire, Solihull & Coventry",BSU,50<71,A to F2,0.4559573679860933,!,99.59,90.0,97.96610169491525,,not included,not included,not included,not included
2018-19,N4,East of England,Beds & Herts,BSU,50<71,A to F2,0.15210860554435865,!,99.12,94.87,98.33333333333333,,not included,not included,not included,not included
2018-19,N4,East of England,Cambridge & Huntingdon,BSU,50<71,A to F2,0.2136866285592179,!,100.0,90.91,98.05194805194806,,not included,not included,not included,not included
2018-19,N4,East of England,Chelmsford & Colchester,BSU,50<71,A to F2,0.30285593143341716,!,100.0,91.43,98.85496183206108,,not included,not included,not included,not included
2018-19,N4,East of England,East Suffolk,BSU,50<71,A to F2,0.06661781360335754,!,100.0,93.33,98.9010989010989,,not included,not included,not included,not included
2018-19,N4,East of England,Great Yarmouth & Waveney,BSU,50<71,A to F2,0.1908761213972132,!,97.33,90.91,96.51162790697676,,not included,not included,not included,not included
2018-19,N4,East of England,King's Lynn,BSU,50<71,A to F2,0.7618322064565279,!,100.0,90.91,98.66666666666667,,not included,not included,not included,not included
2018-19,N4,East of England,Milton Keynes,BSU,50<71,A to F2,0.336322869955157,!,97.92,100.0,98.4126984126984,,not included,not included,not included,not included
2018-19,N4,East of England,Norfolk & Norwich,BSU,50<71,A to F2,0.1670355368104564,!,100.0,90.0,97.90575916230367,,not included,not included,not included,not included
2018-19,N4,East of England,Peterborough,BSU,50<71,A to F2,0.3517658646404953,!,99.01,100.0,99.1869918699187,,not included,not included,not included,not included
2018-19,N4,East of England,South Essex,BSU,50<71,A to F2,0.45117304992981755,!,97.64,100.0,98.11320754716981,,not included,not included,not included,not included
2018-19,N4,East of England,West Essex (Epping),BSU,50<71,A to F2,0.2740727206285401,!,100.0,100.0,100.0,,not included,not included,not included,not included
2018-19,N4,East of England,West Suffolk,BSU,50<71,A to F2,0.5145797598627787,!,98.48,100.0,98.78048780487805,,not included,not included,not included,not included
2018-19,N5,London,Central & East London,BSU,50<71,A to F2,0.2529980266153924,!,100.0,97.73,99.44444444444444,,not included,not included,not included,not included
2018-19,N5,London,North London,BSU,50<71,A to F2,0.280241007266249,!,99.32,95.28,98.09976247030879,,not included,not included,not included,not included
2018-19,N5,London,Outer North East London,BSU,50<71,A to F2,0.6020728508149485,!,100.0,90.63,98.21428571428571,,not included,not included,not included,not included
2018-19,N5,London,South East London,BSU,50<71,A to F2,0.0780183343085625,!,100.0,97.75,99.47643979057592,,not included,not included,not included,not included
2018-19,N5,London,South West London,BSU,50<71,A to F2,0.5505092210294522,!,97.99,97.96,97.98270893371757,,not included,not included,not included,not included
2018-19,N5,London,West of London,BSU,50<71,A to F2,0.3261660436058911,!,100.0,96.2,98.98305084745763,,not included,not included,not included,not included
2018-19,N6,South East,Aylesbury & Wycombe,BSU,50<71,A to F2,0.2128678622744931,!,100.0,95.45,98.73417721518987,,not included,not included,not included,not included
2018-19,N6,South East,Brighton,BSU,50<71,A to F2,0.37395759320893013,!,99.43,84.91,96.0352422907489,,not included,not included,not included,not included
2018-19,N6,South East,Canterbury,BSU,50<71,A to F2,1.185124642419289,,98.77,88.57,96.96969696969697,,not included,not included,not included,not included
2018-19,N6,South East,East Berkshire,BSU,50<71,A to F2,0.12295585884667404,!,100.0,100.0,100.0,,not included,not included,not included,not included
2018-19,N6,South East,Guildford,BSU,50<71,A to F2,0.6177310100967068,,99.07,87.7,95.95505617977528,,not included,not included,not included,not included
2018-19,N6,South East,Isle of Wight,BSU,50<71,A to F2,0.6032575909913533,!,94.44,66.67,87.5,,not included,not included,not included,not included
2018-19,N6,South East,Maidstone,BSU,50<71,A to F2,0.39695666556400927,!,100.0,96.67,99.27536231884058,,not included,not included,not included,not included
2018-19,N6,South East,Medway,BSU,50<71,A to F2,0.09711094925952901,!,99.34,96.43,98.88268156424581,,not included,not included,not included,not included
2018-19,N6,South East,North & Mid Hampshire,BSU,50<71,A to F2,0.4877399902452002,!,97.86,96.77,97.6608187134503,,not included,not included,not included,not included
2018-19,N6,South East,Oxfordshire,BSU,50<71,A to F2,0.43062613039359227,!,98.75,96.15,98.11320754716981,,not included,not included,not included,not included
2018-19,N6,South East,Portsmouth,BSU,50<71,A to F2,0.7229120598741282,!,100.0,79.41,95.93023255813954,,not included,not included,not included,not included
2018-19,N6,South East,Southampton & Salisbury,BSU,50<71,A to F2,0.45798984095261885,!,100.0,94.74,98.71794871794873,,not included,not included,not included,not included
2018-19,N6,South East,West Berkshire,BSU,50<71,A to F2,0.05746465923457074,!,100.0,91.67,98.4126984126984,,not included,not included,not included,not included
2018-19,N6,South East,Worthing,BSU,50<71,A to F2,0.185649308456326,!,99.56,89.83,97.54385964912281,,not included,not included,not included,not included
2018-19,N7,South West,Avon,BSU,50<71,A to F2,0.32173439588179975,!,99.66,95.0,98.65591397849462,,not included,not included,not included,not included
2018-19,N7,South West,Cornwall,BSU,50<71,A to F2,0.0983380863408398,!,100.0,92.86,98.79518072289156,,not included,not included,not included,not included
2018-19,N7,South West,Dorset,BSU,50<71,A to F2,0.5745378350062523,!,98.54,92.86,97.31800766283524,,not included,not included,not included,not included
2018-19,N7,South West,Gloucestershire,BSU,50<71,A to F2,0.24474811339995922,!,99.42,88.64,97.20930232558139,,not included,not included,not included,not included
2018-19,N7,South West,North & East Devon,BSU,50<71,A to F2,0.39453568082063417,!,100.0,96.67,99.32885906040269,,not included,not included,not included,not included
2018-19,N7,South West,Somerset,BSU,50<71,A to F2,0.15255530129672007,!,100.0,93.94,98.66666666666667,,not included,not included,not included,not included
2018-19,N7,South West,South Devon,BSU,50<71,A to F2,0.3858917959404183,!,100.0,82.35,96.875,,not included,not included,not included,not included
2018-19,N7,South West,West Devon,BSU,50<71,A to F2,0.27443877270980843,!,98.48,87.5,95.55555555555556,,not included,not included,not included,not included
2018-19,N7,South West,Wiltshire,BSU,50<71,A to F2,0.3701133472125839,!,99.37,83.87,96.82539682539682,,not included,not included,not included,not included
2019-20,N1,North East and Yorkshire,Barnsley,BSU,50<71,A to F2,0.24366471734892786,!,100.0,100.0,100.0,,not included,not included,not included,not included
2019-20,N1,North East and Yorkshire,Doncaster,BSU,50<71,A to F2,0.12925741614425126,!,98.95,100.0,99.07407407407408,,not included,not included,not included,not included
2019-20,N1,North East and Yorkshire,Gateshead,BSU,50<71,A to F2,0.06098490623570666,!,99.0,100.0,99.18367346938776,,not included,not included,not included,not included
2019-20,N1,North East and Yorkshire,Humberside,BSU,50<71,A to F2,0.3750613080984392,!,100.0,96.88,99.58333333333333,,not included,not included,not included,not included
2019-20,N1,North East and Yorkshire,Leeds Wakefield,BSU,50<71,A to F2,0.23073373327180433,!,99.22,97.47,98.80952380952381,,not included,not included,not included,not included
2019-20,N1,North East and Yorkshire,Newcastle,BSU,50<71,A to F2,0.21807532944951555,!,100.0,97.3,99.31972789115646,,not included,not included,not included,not included
2019-20,N1,North East and Yorkshire,North Cumbria,BSU,50<71,A to F2,0.1405382615417047,!,100.0,100.0,100.0,,not included,not included,not included,not included
2019-20,N1,North East and Yorkshire,North Tees,BSU,50<71,A to F2,0.12915724895059735,!,100.0,100.0,100.0,,not included,not included,not included,not included
2019-20,N1,North East and Yorkshire,North Yorkshire,BSU,50<71,A to F2,0.134707348285849,!,99.47,97.78,99.13793103448276,,not included,not included,not included,not included
2019-20,N1,North East and Yorkshire,Pennine,BSU,50<71,A to F2,0.15016367840946634,!,100.0,96.83,99.27007299270073,,not included,not included,not included,not included
2019-20,N1,North East and Yorkshire,Rotherham,BSU,50<71,A to F2,0.11139578923916676,!,100.0,100.0,100.0,,not included,not included,not included,not included
2019-20,N1,North East and Yorkshire,Sheffield,BSU,50<71,A to F2,0.4927625500461965,!,100.0,91.67,98.88888888888889,,not included,not included,not included,not included
2019-20,N2,North West,Bolton,BSU,50<71,A to F2,0.33361752604070133,!,99.43,97.67,99.08256880733946,,not included,not included,not included,not included
2019-20,N2,North West,Cheshire & Stockport,BSU,50<71,A to F2,0.0,!,100.0,100.0,100.0,,not included,not included,not included,not included
2019-20,N2,North West,Crewe,BSU,50<71,A to F2,0.3698224852071006,!,100.0,100.0,100.0,,not included,not included,not included,not included
2019-20,N2,North West,East Lancashire,BSU,50<71,A to F2,0.2800963531454821,!,100.0,95.65,99.15966386554622,,not included,not included,not included,not included
2019-20,N2,North West,Liverpool,BSU,50<71,A to F2,0.0985092270309319,!,99.51,98.08,99.2156862745098,,not included,not included,not included,not included
2019-20,N2,North West,Manchester,BSU,50<71,A to F2,0.20537160851607603,!,99.23,95.16,98.45201238390094,,not included,not included,not included,not included
2019-20,N2,North West,North Lancashire & South Cumbria,BSU,50<71,A to F2,0.28631027853899954,!,99.36,89.74,97.43589743589743,,not included,not included,not included,not included
2019-20,N2,North West,South Lancashire,BSU,50<71,A to F2,0.17034324163188827,!,99.24,97.87,98.87640449438202,,not included,not included,not included,not included
2019-20,N2,North West,"Warrington, Halton, St Helens & Knowsley",BSU,50<71,A to F2,0.41562759767248547,!,100.0,94.12,98.65771812080537,,not included,not included,not included,not included
2019-20,N2,North West,Wirral & Chester,BSU,50<71,A to F2,0.14935032608154528,!,100.0,97.67,99.45054945054946,,not included,not included,not included,not included
2019-20,N3,Midlands,"City, Sandwell & Walsall",BSU,50<71,A to F2,0.22739546914527728,!,100.0,97.18,99.25925925925925,,not included,not included,not included,not included
2019-20,N3,Midlands,"Dudley, Wolverhampton & South West Staffordshire",BSU,50<71,A to F2,0.25738132882303194,!,100.0,100.0,100.0,,not included,not included,not included,not included
2019-20,N3,Midlands,Hereford & Worcester,BSU,50<71,A to F2,0.19427283677196253,!,99.4,87.1,97.46192893401016,,not included,not included,not included,not included
2019-20,N3,Midlands,Kettering,BSU,50<71,A to F2,1.0022357566879962,!,98.86,100.0,99.02912621359224,,not included,not included,not included,not included
2019-20,N3,Midlands,Leicestershire,BSU,50<71,A to F2,0.1665972511453561,!,100.0,97.18,99.38271604938271,,not included,not included,not included,not included
2019-20,N3,Midlands,Lincolnshire,BSU,50<71,A to F2,0.17853954650955187,!,100.0,97.3,99.52830188679245,,not included,not included,not included,not included
2019-20,N3,Midlands,North Derbyshire & Chesterfield,BSU,50<71,A to F2,0.1398308047262812,!,100.0,96.3,99.1869918699187,,not included,not included,not included,not included
2019-20,N3,Midlands,North Midlands,BSU,50<71,A to F2,0.09633911368015415,!,100.0,95.92,98.96907216494846,,not included,not included,not included,not included
2019-20,N3,Midlands,North Nottinghamshire,BSU,50<71,A to F2,0.21853146853146854,!,100.0,100.0,100.0,,not included,not included,not included,not included
2019-20,N3,Midlands,Northampton,BSU,50<71,A to F2,0.14798372179060304,!,98.7,100.0,99.00990099009901,,not included,not included,not included,not included
2019-20,N3,Midlands,Nottingham City,BSU,50<71,A to F2,0.21068599359514578,!,99.39,96.3,98.95287958115183,,not included,not included,not included,not included
2019-20,N3,Midlands,Shropshire,BSU,50<71,A to F2,0.0,!,100.0,96.15,98.75,,not included,not included,not included,not included
2019-20,N3,Midlands,South Birmingham,BSU,50<71,A to F2,0.4891570194032284,!,100.0,88.89,99.06542056074767,,not included,not included,not included,not included
2019-20,N3,Midlands,South Derbyshire & South East Staffordshire,BSU,50<71,A to F2,0.23429393848110588,!,99.42,98.28,99.1304347826087,,not included,not included,not included,not included
2019-20,N3,Midlands,"Warwickshire, Solihull & Coventry",BSU,50<71,A to F2,0.38189242384183775,!,100.0,95.83,99.27536231884058,,not included,not included,not included,not included
2019-20,N4,East of England,Beds & Herts,BSU,50<71,A to F2,0.3298089048404307,!,100.0,94.87,98.96373056994818,,not included,not included,not included,not included
2019-20,N4,East of England,Cambridge & Huntingdon,BSU,50<71,A to F2,0.218435998252512,!,100.0,100.0,100.0,,not included,not included,not included,not included
2019-20,N4,East of England,Chelmsford & Colchester,BSU,50<71,A to F2,0.15959144589849986,!,100.0,90.63,98.42105263157895,,not included,not included,not included,not included
2019-20,N4,East of England,East Suffolk,BSU,50<71,A to F2,0.0,!,100.0,100.0,100.0,,not included,not included,not included,not included
2019-20,N4,East of England,Great Yarmouth & Waveney,BSU,50<71,A to F2,1.1075312122432541,!,95.45,100.0,96.25,,not included,not included,not included,not included
2019-20,N4,East of England,King's Lynn,BSU,50<71,A to F2,0.2471271469170888,!,100.0,85.71,97.46835443037975,,not included,not included,not included,not included
2019-20,N4,East of England,Milton Keynes,BSU,50<71,A to F2,0.45055192610948414,!,98.28,100.0,98.55072463768117,,not included,not included,not included,not included
2019-20,N4,East of England,Norfolk & Norwich,BSU,50<71,A to F2,0.14176353841791892,!,99.25,97.14,98.80952380952381,,not included,not included,not included,not included
2019-20,N4,East of England,Peterborough,BSU,50<71,A to F2,0.3500481316180975,!,100.0,100.0,100.0,,not included,not included,not included,not included
2019-20,N4,East of England,South Essex,BSU,50<71,A to F2,0.2541942043721403,!,100.0,96.88,99.46808510638297,,not included,not included,not included,not included
2019-20,N4,East of England,West Essex (Epping),BSU,50<71,A to F2,0.08109642364771714,!,98.55,100.0,98.85057471264368,,not included,not included,not included,not included
2019-20,N4,East of England,West Suffolk,BSU,50<71,A to F2,0.1790350013427625,!,100.0,100.0,100.0,,not included,not included,not included,not included
2019-20,N5,London,Central & East London,BSU,50<71,A to F2,0.42083813236466733,!,99.6,96.39,98.81305637982196,,not included,not included,not included,not included
2019-20,N5,London,North London,BSU,50<71,A to F2,0.2699003296639741,!,100.0,98.23,99.54441913439635,,not included,not included,not included,not included
2019-20,N5,London,Outer North East London,BSU,50<71,A to F2,0.6113044296059437,!,99.19,91.43,97.48427672955975,,not included,not included,not included,not included
2019-20,N5,London,South East London,BSU,50<71,A to F2,0.22948938611589215,!,100.0,93.51,98.3221476510067,,not included,not included,not included,not included
2019-20,N5,London,South West London,BSU,50<71,A to F2,0.5211047420531526,!,100.0,84.71,95.13108614232209,,not included,not included,not included,not included
2019-20,N5,London,West of London,BSU,50<71,A to F2,0.25897342932615114,!,98.67,94.92,97.89473684210527,,not included,not included,not included,not included
2019-20,N6,South East,Aylesbury & Wycombe,BSU,50<71,A to F2,0.2869605142332415,!,99.21,92.86,97.63313609467455,,not included,not included,not included,not included
2019-20,N6,South East,Brighton,BSU,50<71,A to F2,0.48483944355350017,!,98.88,95.0,97.90794979079497,,not included,not included,not included,not included
2019-20,N6,South East,Canterbury,BSU,50<71,A to F2,0.19013575693044832,!,98.86,86.21,97.05882352941177,,not included,not included,not included,not included
2019-20,N6,South East,East Berkshire,BSU,50<71,A to F2,0.13415615776764153,!,100.0,100.0,100.0,,not included,not included,not included,not included
2019-20,N6,South East,Guildford,BSU,50<71,A to F2,0.6285900075864311,,100.0,96.06,98.92703862660944,,not included,not included,not included,not included
2019-20,N6,South East,Isle of Wight,BSU,50<71,A to F2,0.3630642623744403,!,96.83,100.0,97.1830985915493,,not included,not included,not included,not included
2019-20,N6,South East,Maidstone,BSU,50<71,A to F2,0.5155229694123038,!,99.16,97.44,98.73417721518987,,not included,not included,not included,not included
2019-20,N6,South East,Medway,BSU,50<71,A to F2,0.18383197757249875,!,100.0,100.0,100.0,,not included,not included,not included,not included
2019-20,N6,South East,North & Mid Hampshire,BSU,50<71,A to F2,0.21249468763280918,!,100.0,100.0,100.0,,not included,not included,not included,not included
2019-20,N6,South East,Oxfordshire,BSU,50<71,A to F2,0.18330125561360094,!,100.0,97.3,99.43502824858757,,not included,not included,not included,not included
2019-20,N6,South East,Portsmouth,BSU,50<71,A to F2,0.3603974669206611,!,99.04,97.3,98.58156028368793,,not included,not included,not included,not included
2019-20,N6,South East,Southampton & Salisbury,BSU,50<71,A to F2,0.5055611729019212,!,100.0,91.49,97.97979797979798,,not included,not included,not included,not included
2019-20,N6,South East,West Berkshire,BSU,50<71,A to F2,0.26760864911153925,!,100.0,96.88,99.29078014184397,,not included,not included,not included,not included
2019-20,N6,South East,Worthing,BSU,50<71,A to F2,0.12093360744951022,!,99.49,98.39,99.22779922779922,,not included,not included,not included,not included
2019-20,N7,South West,Avon,BSU,50<71,A to F2,0.17737684978714777,!,100.0,98.9,99.41520467836257,,not included,not included,not included,not included
2019-20,N7,South West,Cornwall,BSU,50<71,A to F2,0.38415102623202724,!,100.0,100.0,100.0,,not included,not included,not included,not included
2019-20,N7,South West,Dorset,BSU,50<71,A to F2,0.2845557373550544,!,99.43,100.0,99.59016393442623,,not included,not included,not included,not included
2019-20,N7,South West,Gloucestershire,BSU,50<71,A to F2,0.24424000651306685,!,100.0,96.43,99.04306220095694,,not included,not included,not included,not included
2019-20,N7,South West,North & East Devon,BSU,50<71,A to F2,0.17176965689011037,!,99.39,94.29,98.5,,not included,not included,not included,not included
2019-20,N7,South West,Somerset,BSU,50<71,A to F2,0.10580331164365445,!,100.0,94.12,99.14529914529915,,not included,not included,not included,not included
2019-20,N7,South West,South Devon,BSU,50<71,A to F2,0.07645844483523205,!,98.94,90.0,97.36842105263158,,not included,not included,not included,not included
2019-20,N7,South West,West Devon,BSU,50<71,A to F2,0.2954384306310565,!,100.0,91.67,98.61111111111111,,not included,not included,not included,not included
2019-20,N7,South West,Wiltshire,BSU,50<71,A to F2,0.6918500069185001,!,99.34,75.0,95.08196721311475,,not included,not included,not included,not included
2020-21,N1,North East and Yorkshire,Barnsley,BSU,50<71,A to F2,0.0,!,100.0,100.0,100.0,,not included,not included,not included,not included
2020-21,N1,North East and Yorkshire,Doncaster,BSU,50<71,A to F2,0.12743723716069835,!,100.0,100.0,100.0,,not included,not included,not included,not included
2020-21,N1,North East and Yorkshire,Gateshead,BSU,50<71,A to F2,0.04764854433697051,!,99.28,94.59,98.28571428571429,,not included,not included,not included,not included
2020-21,N1,North East and Yorkshire,Humberside,BSU,50<71,A to F2,0.05856172405715624,!,99.08,100.0,99.2,,not included,not included,not included,not included
2020-21,N1,North East and Yorkshire,Leeds Wakefield,BSU,50<71,A to F2,0.2677580996825154,!,100.0,98.04,99.52830188679245,,not included,not included,not included,not included
2020-21,N1,North East and Yorkshire,Newcastle,BSU,50<71,A to F2,0.22017944624869268,!,98.65,100.0,98.94736842105263,,not included,not included,not included,not included
2020-21,N1,North East and Yorkshire,North Cumbria,BSU,50<71,A to F2,0.0,!,100.0,100.0,100.0,,not included,not included,not included,not included
2020-21,N1,North East and Yorkshire,North Tees,BSU,50<71,A to F2,0.14256522358979234,!,98.78,88.89,97.38219895287958,,not included,not included,not included,not included
2020-21,N1,North East and Yorkshire,North Yorkshire,BSU,50<71,A to F2,0.055608074292387254,!,100.0,92.31,98.7878787878788,,not included,not included,not included,not included
2020-21,N1,North East and Yorkshire,Pennine,BSU,50<71,A to F2,0.33165924381692413,!,100.0,95.56,98.88888888888889,,not included,not included,not included,not included
2020-21,N1,North East and Yorkshire,Rotherham,BSU,50<71,A to F2,0.0,!,100.0,92.31,97.77777777777777,,not included,not included,not included,not included
2020-21,N1,North East and Yorkshire,Sheffield,BSU,50<71,A to F2,0.39108330074305825,!,98.08,100.0,98.46153846153847,,not included,not included,not included,not included
2020-21,N2,North West,Bolton,BSU,50<71,A to F2,0.29934742261869124,!,100.0,100.0,100.0,,not included,not included,not included,not included
2020-21,N2,North West,Cheshire & Stockport,BSU,50<71,A to F2,0.3523608174770966,!,100.0,95.65,98.82352941176471,,not included,not included,not included,not included
2020-21,N2,North West,Crewe,BSU,50<71,A to F2,0.4050222762251924,!,100.0,100.0,100.0,,not included,not included,not included,not included
2020-21,N2,North West,East Lancashire,BSU,50<71,A to F2,0.08244023083264633,!,100.0,95.0,98.96907216494846,,not included,not included,not included,not included
2020-21,N2,North West,Liverpool,BSU,50<71,A to F2,0.1452854859799506,!,100.0,96.43,99.29577464788733,,not included,not included,not included,not included
2020-21,N2,North West,Manchester,BSU,50<71,A to F2,0.2324590290961218,!,99.44,97.73,99.10313901345292,,not included,not included,not included,not included
2020-21,N2,North West,North Lancashire & South Cumbria,BSU,50<71,A to F2,0.19776525264511027,!,98.51,90.32,95.91836734693877,,not included,not included,not included,not included
2020-21,N2,North West,South Lancashire,BSU,50<71,A to F2,0.42742871099713015,!,100.0,90.0,97.8102189781022,,not included,not included,not included,not included
2020-21,N2,North West,"Warrington, Halton, St Helens & Knowsley",BSU,50<71,A to F2,0.2981514609421586,!,95.71,96.15,95.83333333333334,,not included,not included,not included,not included
2020-21,N2,North West,Wirral & Chester,BSU,50<71,A to F2,0.18264840182648404,!,100.0,100.0,100.0,,not included,not included,not included,not included
2020-21,N3,Midlands,"City, Sandwell & Walsall",BSU,50<71,A to F2,0.20193861066235866,!,100.0,96.61,98.97435897435898,,not included,not included,not included,not included
2020-21,N3,Midlands,"Dudley, Wolverhampton & South West Staffordshire",BSU,50<71,A to F2,0.41273990506982183,!,100.0,100.0,100.0,,not included,not included,not included,not included
2020-21,N3,Midlands,Hereford & Worcester,BSU,50<71,A to F2,0.11766090128250382,!,100.0,100.0,100.0,,not included,not included,not included,not included
2020-21,N3,Midlands,Kettering,BSU,50<71,A to F2,0.37896731406916156,!,100.0,93.75,98.93617021276596,,not included,not included,not included,not included
2020-21,N3,Midlands,Leicestershire,BSU,50<71,A to F2,0.19115585574104754,!,100.0,96.88,99.40119760479041,,not included,not included,not included,not included
2020-21,N3,Midlands,Lincolnshire,BSU,50<71,A to F2,0.07970032677133976,!,100.0,100.0,100.0,,not included,not included,not included,not included
2020-21,N3,Midlands,North Derbyshire & Chesterfield,BSU,50<71,A to F2,0.4317323259579061,!,100.0,100.0,100.0,,not included,not included,not included,not included
2020-21,N3,Midlands,North Midlands,BSU,50<71,A to F2,0.2654984733837781,!,99.01,95.0,97.87234042553192,,not included,not included,not included,not included
2020-21,N3,Midlands,North Nottinghamshire,BSU,50<71,A to F2,0.14240956992309883,!,100.0,100.0,100.0,,not included,not included,not included,not included
2020-21,N3,Midlands,Northampton,BSU,50<71,A to F2,0.611695620259359,!,100.0,100.0,100.0,,not included,not included,not included,not included
2020-21,N3,Midlands,Nottingham City,BSU,50<71,A to F2,0.27986118885033023,!,100.0,100.0,100.0,,not included,not included,not included,not included
2020-21,N3,Midlands,Shropshire,BSU,50<71,A to F2,0.0,!,100.0,100.0,100.0,,not included,not included,not included,not included
2020-21,N3,Midlands,South Birmingham,BSU,50<71,A to F2,0.0,!,100.0,93.75,98.46153846153847,,not included,not included,not included,not included
2020-21,N3,Midlands,South Derbyshire & South East Staffordshire,BSU,50<71,A to F2,0.2129131846489594,!,100.0,95.0,98.83720930232558,,not included,not included,not included,not included
2020-21,N3,Midlands,"Warwickshire, Solihull & Coventry",BSU,50<71,A to F2,0.6820351930159596,!,99.35,96.97,98.93617021276596,,not included,not included,not included,not included
2020-21,N4,East of England,Beds & Herts,BSU,50<71,A to F2,0.20978182690002398,!,99.46,92.0,97.88135593220339,,not included,not included,not included,not included
2020-21,N4,East of England,Cambridge & Huntingdon,BSU,50<71,A to F2,0.0,!,98.33,100.0,98.61111111111111,,not included,not included,not included,not included
2020-21,N4,East of England,Chelmsford & Colchester,BSU,50<71,A to F2,0.23114261499345096,!,100.0,94.74,98.93617021276596,,not included,not included,not included,not included
2020-21,N4,East of England,East Suffolk,BSU,50<71,A to F2,0.0,!,100.0,100.0,100.0,,not included,not included,not included,not included
2020-21,N4,East of England,Great Yarmouth & Waveney,BSU,50<71,A to F2,1.1383039271485487,!,100.0,71.43,94.02985074626866,,not included,not included,not included,not included
2020-21,N4,East of England,King's Lynn,BSU,50<71,A to F2,0.0,!,100.0,100.0,100.0,,not included,not included,not included,not included
2020-21,N4,East of England,Milton Keynes,BSU,50<71,A to F2,0.4195804195804196,!,100.0,100.0,100.0,,not included,not included,not included,not included
2020-21,N4,East of England,Norfolk & Norwich,BSU,50<71,A to F2,0.11513441943469,!,100.0,96.0,99.42528735632183,,not included,not included,not included,not included
2020-21,N4,East of England,Peterborough,BSU,50<71,A to F2,0.5289326139849783,!,100.0,100.0,100.0,,not included,not included,not included,not included
2020-21,N4,East of England,South Essex,BSU,50<71,A to F2,0.6175507935527698,!,100.0,95.45,99.27007299270073,,not included,not included,not included,not included
2020-21,N4,East of England,West Essex (Epping),BSU,50<71,A to F2,0.0,!,100.0,88.89,98.46153846153847,,not included,not included,not included,not included
2020-21,N4,East of England,West Suffolk,BSU,50<71,A to F2,0.12393109431156277,!,100.0,93.33,98.57142857142858,,not included,not included,not included,not included
2020-21,N5,London,Central & East London,BSU,50<71,A to F2,0.17791483809749734,!,100.0,96.55,98.30508474576271,,not included,not included,not included,not included
2020-21,N5,London,North London,BSU,50<71,A to F2,0.28759391738864726,!,100.0,100.0,100.0,,not included,not included,not included,not included
2020-21,N5,London,Outer North East London,BSU,50<71,A to F2,0.5909389363099147,!,100.0,88.46,97.77777777777777,,not included,not included,not included,not included
2020-21,N5,London,South East London,BSU,50<71,A to F2,0.15849116411760045,!,100.0,97.44,99.5,,not included,not included,not included,not included
2020-21,N5,London,South West London,BSU,50<71,A to F2,0.5098139179199592,!,100.0,89.47,96.79144385026738,,not included,not included,not included,not included
2020-21,N5,London,West of London,BSU,50<71,A to F2,0.1977978505966902,!,100.0,97.06,99.23076923076923,,not included,not included,not included,not included
2020-21,N6,South East,Aylesbury & Wycombe,BSU,50<71,A to F2,0.0,!,100.0,95.65,99.09909909909909,,not included,not included,not included,not included
2020-21,N6,South East,Brighton,BSU,50<71,A to F2,0.2986114567262231,!,100.0,90.24,97.6878612716763,,not included,not included,not included,not included
2020-21,N6,South East,Canterbury,BSU,50<71,A to F2,0.11864507326333273,!,100.0,96.0,99.3006993006993,,not included,not included,not included,not included
2020-21,N6,South East,East Berkshire,BSU,50<71,A to F2,0.0,!,100.0,100.0,100.0,,not included,not included,not included,not included
2020-21,N6,South East,Guildford,BSU,50<71,A to F2,0.5265559728999192,!,98.71,88.57,96.36963696369637,,not included,not included,not included,not included
2020-21,N6,South East,Isle of Wight,BSU,50<71,A to F2,0.380952380952381,!,100.0,100.0,100.0,,not included,not included,not included,not included
2020-21,N6,South East,Maidstone,BSU,50<71,A to F2,0.7427351220870857,!,100.0,93.1,98.18181818181819,,not included,not included,not included,not included
2020-21,N6,South East,Medway,BSU,50<71,A to F2,0.23442994451824647,!,100.0,100.0,100.0,,not included,not included,not included,not included
2020-21,N6,South East,North & Mid Hampshire,BSU,50<71,A to F2,0.34197387319608785,!,98.72,96.55,98.13084112149532,,not included,not included,not included,not included
2020-21,N6,South East,Oxfordshire,BSU,50<71,A to F2,0.13392259274139548,!,99.03,95.0,98.3739837398374,,not included,not included,not included,not included
2020-21,N6,South East,Portsmouth,BSU,50<71,A to F2,0.7593975446146057,!,98.33,100.0,98.71794871794873,,not included,not included,not included,not included
2020-21,N6,South East,Southampton & Salisbury,BSU,50<71,A to F2,0.7047216349541932,!,98.68,96.43,98.07692307692307,,not included,not included,not included,not included
2020-21,N6,South East,West Berkshire,BSU,50<71,A to F2,0.39123630672926446,!,98.78,96.3,98.1651376146789,,not included,not included,not included,not included
2020-21,N6,South East,Worthing,BSU,50<71,A to F2,0.3406123453052265,!,100.0,100.0,100.0,,not included,not included,not included,not included
2020-21,N7,South West,Avon,BSU,50<71,A to F2,0.3843197540353574,!,98.91,94.23,97.88135593220339,,not included,not included,not included,not included
2020-21,N7,South West,Cornwall,BSU,50<71,A to F2,0.2632964718272775,!,100.0,86.36,96.84210526315789,,not included,not included,not included,not included
2020-21,N7,South West,Dorset,BSU,50<71,A to F2,0.26486558071778576,!,98.36,86.36,95.20958083832335,,not included,not included,not included,not included
2020-21,N7,South West,Gloucestershire,BSU,50<71,A to F2,0.3741114852225963,!,100.0,96.55,99.37106918238993,,not included,not included,not included,not included
2020-21,N7,South West,North & East Devon,BSU,50<71,A to F2,0.14455044810638915,!,100.0,91.3,98.49624060150376,,not included,not included,not included,not included
2020-21,N7,South West,Somerset,BSU,50<71,A to F2,0.24476808224207564,!,100.0,94.74,98.88888888888889,,not included,not included,not included,not included
2020-21,N7,South West,South Devon,BSU,50<71,A to F2,0.12476606363069247,!,100.0,100.0,100.0,,not included,not included,not included,not included
2020-21,N7,South West,West Devon,BSU,50<71,A to F2,0.6678242286630158,!,100.0,92.68,98.14814814814815,,not included,not included,not included,not included
2020-21,N7,South West,Wiltshire,BSU,50<71,A to F2,0.3463563313937379,!,99.16,92.86,97.95918367346938,,not included,not included,not included,not included
2021-22,N1,North East and Yorkshire,Barnsley,BSU,50<71,A to F2,0.22483699317994454,!,100.0,96.0,99.16666666666667,,not included,not included,not included,not included
2021-22,N1,North East and Yorkshire,Doncaster,BSU,50<71,A to F2,0.056322162771050406,!,100.0,90.48,97.77777777777777,,not included,not included,not included,not included
2021-22,N1,North East and Yorkshire,Gateshead,BSU,50<71,A to F2,0.056238225121615165,!,99.54,92.06,97.85714285714285,,not included,not included,not included,not included
2021-22,N1,North East and Yorkshire,Humberside,BSU,50<71,A to F2,0.18330685567640229,!,99.37,95.0,98.66666666666667,,not included,not included,not included,not included
2021-22,N1,North East and Yorkshire,Leeds Wakefield,BSU,50<71,A to F2,0.495333437614057,!,99.09,94.67,97.96610169491525,,not included,not included,not included,not included
2021-22,N1,North East and Yorkshire,Newcastle,BSU,50<71,A to F2,0.19790876405976845,!,100.0,98.39,99.64539007092199,,not included,not included,not included,not included
2021-22,N1,North East and Yorkshire,North Cumbria,BSU,50<71,A to F2,0.13165690211309328,!,100.0,100.0,100.0,,not included,not included,not included,not included
2021-22,N1,North East and Yorkshire,North Tees,BSU,50<71,A to F2,0.36084799278304014,!,99.37,93.18,98.0246913580247,,not included,not included,not included,not included
2021-22,N1,North East and Yorkshire,North Yorkshire,BSU,50<71,A to F2,0.11765744036238492,!,100.0,98.08,99.67320261437908,,not included,not included,not included,not included
2021-22,N1,North East and Yorkshire,Pennine,BSU,50<71,A to F2,0.1917703139553997,!,100.0,96.43,99.26739926739927,,not included,not included,not included,not included
2021-22,N1,North East and Yorkshire,Rotherham,BSU,50<71,A to F2,0.08876264867743652,!,100.0,88.0,97.05882352941177,,not included,not included,not included,not included
2021-22,N1,North East and Yorkshire,Sheffield,BSU,50<71,A to F2,0.3798850847618595,!,99.29,82.14,96.42857142857143,,not included,not included,not included,not included
2021-22,N2,North West,Bolton,BSU,50<71,A to F2,0.3258845437616387,!,100.0,97.37,99.36708860759494,,not included,not included,not included,not included
2021-22,N2,North West,Cheshire & Stockport,BSU,50<71,A to F2,0.12060907583295644,!,100.0,96.77,99.30795847750865,,not included,not included,not included,not included
2021-22,N2,North West,East Lancashire,BSU,50<71,A to F2,0.3397700889065066,!,100.0,81.48,95.76271186440678,,not included,not included,not included,not included
2021-22,N2,North West,Liverpool,BSU,50<71,A to F2,0.06185822095756526,!,100.0,98.55,99.67637540453075,,not included,not included,not included,not included
2021-22,N2,North West,Manchester,BSU,50<71,A to F2,0.1298566382713484,!,95.96,94.44,95.16129032258065,,not included,not included,not included,not included
2021-22,N2,North West,North Lancashire & South Cumbria,BSU,50<71,A to F2,0.6281199378491852,!,100.0,96.43,99.27272727272727,,not included,not included,not included,not included
2021-22,N2,North West,South Lancashire,BSU,50<71,A to F2,0.2712442360599837,!,98.32,96.0,97.81659388646288,,not included,not included,not included,not included
2021-22,N2,North West,"Warrington, Halton, St Helens & Knowsley",BSU,50<71,A to F2,0.14745637748832638,!,98.77,93.94,97.95918367346938,,not included,not included,not included,not included
2021-22,N2,North West,Wirral & Chester,BSU,50<71,A to F2,0.20619406985855088,!,100.0,96.3,99.06976744186046,,not included,not included,not included,not included
2021-22,N3,Midlands,"City, Sandwell & Walsall",BSU,50<71,A to F2,0.3745518754347477,!,100.0,100.0,100.0,,not included,not included,not included,not included
2021-22,N3,Midlands,"Dudley, Wolverhampton & South West Staffordshire",BSU,50<71,A to F2,0.3101630078919254,!,100.0,97.83,99.63898916967509,,not included,not included,not included,not included
2021-22,N3,Midlands,Hereford & Worcester,BSU,50<71,A to F2,0.2506422708189736,!,99.57,100.0,99.65986394557824,,not included,not included,not included,not included
2021-22,N3,Midlands,Kettering,BSU,50<71,A to F2,1.1483881551964563,!,100.0,91.3,97.87234042553192,,not included,not included,not included,not included
2021-22,N3,Midlands,Leicestershire,BSU,50<71,A to F2,0.3888528839922229,!,99.4,98.81,99.28400954653938,,not included,not included,not included,not included
2021-22,N3,Midlands,Lincolnshire,BSU,50<71,A to F2,0.25716857400025717,!,100.0,100.0,100.0,,not included,not included,not included,not included
2021-22,N3,Midlands,North Derbyshire & Chesterfield,BSU,50<71,A to F2,0.1684352366515075,!,100.0,97.37,99.4535519125683,,not included,not included,not included,not included
2021-22,N3,Midlands,North Midlands,BSU,50<71,A to F2,0.3849937973221542,!,98.71,94.23,97.58454106280193,,not included,not included,not included,not included
2021-22,N3,Midlands,North Nottinghamshire,BSU,50<71,A to F2,0.45578851412944393,!,100.0,87.5,97.9381443298969,,not included,not included,not included,not included
2021-22,N3,Midlands,Northampton,BSU,50<71,A to F2,0.12279732301835819,!,100.0,100.0,100.0,,not included,not included,not included,not included
2021-22,N3,Midlands,Nottingham City,BSU,50<71,A to F2,0.26198585276395076,!,99.14,97.5,98.89705882352942,,not included,not included,not included,not included
2021-22,N3,Midlands,Shropshire,BSU,50<71,A to F2,0.657102179388895,!,100.0,91.67,98.20359281437125,,not included,not included,not included,not included
2021-22,N3,Midlands,South Birmingham,BSU,50<71,A to F2,0.17708517797060386,!,99.07,95.45,98.44961240310077,,not included,not included,not included,not included
2021-22,N3,Midlands,South Derbyshire & South East Staffordshire,BSU,50<71,A to F2,0.16187591055199685,!,99.65,97.92,99.2084432717678,,not included,not included,not included,not included
2021-22,N3,Midlands,"Warwickshire, Solihull & Coventry",BSU,50<71,A to F2,0.3857925464880019,!,100.0,93.24,98.66666666666667,,not included,not included,not included,not included
2021-22,N4,East of England,Beds & Herts,BSU,50<71,A to F2,0.15938159939434993,!,99.69,91.35,97.66355140186917,,not included,not included,not included,not included
2021-22,N4,East of England,Cambridge & Huntingdon,BSU,50<71,A to F2,0.195000195000195,!,99.26,92.31,97.71428571428571,,not included,not included,not included,not included
2021-22,N4,East of England,Chelmsford & Colchester,BSU,50<71,A to F2,0.39069437044929856,!,98.88,93.02,97.73755656108597,,not included,not included,not included,not included
2021-22,N4,East of England,East Suffolk,BSU,50<71,A to F2,0.06434178355424013,!,98.98,100.0,99.0909090909091,,not included,not included,not included,not included
2021-22,N4,East of England,Great Yarmouth & Waveney,BSU,50<71,A to F2,0.7647208768799388,!,96.3,100.0,96.92307692307692,,not included,not included,not included,not included
2021-22,N4,East of England,King's Lynn,BSU,50<71,A to F2,0.2943485086342229,!,100.0,100.0,100.0,,not included,not included,not included,not included
2021-22,N4,East of England,Milton Keynes,BSU,50<71,A to F2,0.10567473317129875,!,100.0,89.47,97.61904761904762,,not included,not included,not included,not included
2021-22,N4,East of England,Norfolk & Norwich,BSU,50<71,A to F2,0.16121881423562132,!,100.0,95.12,99.08256880733946,,not included,not included,not included,not included
2021-22,N4,East of England,Peterborough,BSU,50<71,A to F2,0.5458940965452702,!,100.0,87.5,97.6470588235294,,not included,not included,not included,not included
2021-22,N4,East of England,South Essex,BSU,50<71,A to F2,0.21777003484320556,!,98.5,89.47,97.05882352941177,,not included,not included,not included,not included
2021-22,N4,East of England,West Essex (Epping),BSU,50<71,A to F2,0.06967184560719014,!,97.85,90.48,96.49122807017544,,not included,not included,not included,not included
2021-22,N4,East of England,West Suffolk,BSU,50<71,A to F2,0.40986966144765963,!,100.0,88.89,98.76543209876543,,not included,not included,not included,not included
2021-22,N5,London,Central & East London,BSU,50<71,A to F2,0.3378067131406811,!,99.47,96.25,98.51301115241635,,not included,not included,not included,not included
2021-22,N5,London,North London,BSU,50<71,A to F2,0.1755505904883498,!,100.0,99.19,99.82486865148861,,not included,not included,not included,not included
2021-22,N5,London,Outer North East London,BSU,50<71,A to F2,0.343878954607978,!,100.0,88.37,97.38219895287958,,not included,not included,not included,not included
2021-22,N5,London,South East London,BSU,50<71,A to F2,0.058279586603465695,!,100.0,98.98,99.76133651551312,,not included,not included,not included,not included
2021-22,N5,London,South West London,BSU,50<71,A to F2,0.6037796606758307,,99.34,91.38,97.14285714285714,,not included,not included,not included,not included
2021-22,N5,London,West of London,BSU,50<71,A to F2,0.3997441637352095,!,99.63,95.59,98.82005899705014,,not included,not included,not included,not included
2021-22,N6,South East,Aylesbury & Wycombe,BSU,50<71,A to F2,0.08700948403375969,!,100.0,91.18,98.44559585492227,,not included,not included,not included,not included
2021-22,N6,South East,Brighton,BSU,50<71,A to F2,0.3764942114014997,!,100.0,86.57,96.875,,not included,not included,not included,not included
2021-22,N6,South East,Canterbury,BSU,50<71,A to F2,0.4917629702483403,!,100.0,73.91,97.10144927536231,,not included,not included,not included,not included
2021-22,N6,South East,East Berkshire,BSU,50<71,A to F2,0.05786702158439905,!,100.0,100.0,100.0,,not included,not included,not included,not included
2021-22,N6,South East,Guildford,BSU,50<71,A to F2,0.38151759220008474,!,100.0,89.31,97.05882352941177,,not included,not included,not included,not included
2021-22,N6,South East,Isle of Wight,BSU,50<71,A to F2,1.2004801920768307,!,100.0,84.62,96.36363636363636,,not included,not included,not included,not included
2021-22,N6,South East,Maidstone,BSU,50<71,A to F2,0.4858299595141701,!,100.0,93.22,98.15668202764977,,not included,not included,not included,not included
2021-22,N6,South East,Medway,BSU,50<71,A to F2,0.13952839402818473,!,100.0,93.94,98.2532751091703,,not included,not included,not included,not included
2021-22,N6,South East,North & Mid Hampshire,BSU,50<71,A to F2,0.44563279857397503,!,100.0,97.06,99.40828402366864,,not included,not included,not included,not included
2021-22,N6,South East,Oxfordshire,BSU,50<71,A to F2,0.18140260494140698,!,100.0,96.08,99.14529914529915,,not included,not included,not included,not included
2021-22,N6,South East,Portsmouth,BSU,50<71,A to F2,0.8871365204534253,,100.0,91.25,97.52650176678446,,not included,not included,not included,not included
2021-22,N6,South East,Southampton & Salisbury,BSU,50<71,A to F2,0.7342143906020557,!,99.46,94.12,98.02371541501977,,not included,not included,not included,not included
2021-22,N6,South East,West Berkshire,BSU,50<71,A to F2,0.30054097375275496,!,100.0,90.91,98.25581395348837,,not included,not included,not included,not included
2021-22,N6,South East,Worthing,BSU,50<71,A to F2,0.29744199881023203,!,100.0,97.44,99.37694704049844,,not included,not included,not included,not included
2021-22,N7,South West,Avon,BSU,50<71,A to F2,0.2465925394548063,!,99.09,95.56,98.33333333333333,,not included,not included,not included,not included
2021-22,N7,South West,Cornwall,BSU,50<71,A to F2,0.1467351430667645,!,100.0,97.56,99.42196531791907,,not included,not included,not included,not included
2021-22,N7,South West,Dorset,BSU,50<71,A to F2,0.680194989230246,!,100.0,90.79,97.93510324483776,,not included,not included,not included,not included
2021-22,N7,South West,Gloucestershire,BSU,50<71,A to F2,0.27702749497887663,!,100.0,94.59,99.24812030075188,,not included,not included,not included,not included
2021-22,N7,South West,North & East Devon,BSU,50<71,A to F2,0.08503401360544217,!,98.68,91.89,97.3404255319149,,not included,not included,not included,not included
2021-22,N7,South West,Somerset,BSU,50<71,A to F2,0.043675751222921035,!,100.0,92.31,98.66071428571429,,not included,not included,not included,not included
2021-22,N7,South West,South Devon,BSU,50<71,A to F2,0.24594195769798327,!,98.73,100.0,98.94736842105263,,not included,not included,not included,not included
2021-22,N7,South West,West Devon,BSU,50<71,A to F2,0.26996625421822273,!,100.0,96.43,99.06542056074767,,not included,not included,not included,not included
2021-22,N7,South West,Wiltshire,BSU,50<71,A to F2,0.6737333812432627,!,98.84,95.12,98.13084112149532,,not included,not included,not included,not included
2022-23,N1,North East and Yorkshire,Barnsley,BSU,50<71,A to F2,0.21574973031283712,!,100.0,100.0,100.0,,not included,not included,not included,not included
2022-23,N1,North East and Yorkshire,Doncaster,BSU,50<71,A to F2,0.33588606744592236,!,100.0,86.67,98.09523809523809,,not included,not included,not included,not included
2022-23,N1,North East and Yorkshire,Gateshead,BSU,50<71,A to F2,0.03283317463965591,!,100.0,98.18,99.64028776978418,,not included,not included,not included,not included
2022-23,N1,North East and Yorkshire,Humberside,BSU,50<71,A to F2,0.2888781896966779,!,100.0,97.83,99.65156794425087,,not included,not included,not included,not included
2022-23,N1,North East and Yorkshire,Leeds Wakefield,BSU,50<71,A to F2,0.5772172357066582,!,100.0,93.33,98.14241486068111,,not included,not included,not included,not included
2022-23,N1,North East and Yorkshire,Newcastle,BSU,50<71,A to F2,0.07957981855801369,!,99.62,98.57,99.3975903614458,,not included,not included,not included,not included
2022-23,N1,North East and Yorkshire,North Cumbria,BSU,50<71,A to F2,0.06283380458686774,!,100.0,100.0,100.0,,not included,not included,not included,not included
2022-23,N1,North East and Yorkshire,North Tees,BSU,50<71,A to F2,0.3093389426794939,!,100.0,100.0,100.0,,not included,not included,not included,not included
2022-23,N1,North East and Yorkshire,North Yorkshire,BSU,50<71,A to F2,0.0,!,99.51,97.56,99.19028340080972,,not included,not included,not included,not included
2022-23,N1,North East and Yorkshire,Pennine,BSU,50<71,A to F2,0.1950743721043648,!,99.14,96.43,98.6159169550173,,not included,not included,not included,not included
2022-23,N1,North East and Yorkshire,Rotherham,BSU,50<71,A to F2,0.10867202782003912,!,100.0,85.71,97.01492537313433,,not included,not included,not included,not included
2022-23,N1,North East and Yorkshire,Sheffield,BSU,50<71,A to F2,0.5035810205908684,!,97.37,88.46,95.71428571428572,,not included,not included,not included,not included
2022-23,N2,North West,Bolton,BSU,50<71,A to F2,0.3733572281959379,!,99.37,98.04,99.04761904761905,,not included,not included,not included,not included
2022-23,N2,North West,Cheshire & Stockport,BSU,50<71,A to F2,0.25589991470002843,!,100.0,97.14,99.35483870967742,,not included,not included,not included,not included
2022-23,N2,North West,East Lancashire,BSU,50<71,A to F2,0.1606081696022271,!,100.0,100.0,100.0,,not included,not included,not included,not included
2022-23,N2,North West,Liverpool,BSU,50<71,A to F2,0.14964683347300373,!,100.0,98.81,99.67741935483872,,not included,not included,not included,not included
2022-23,N2,North West,Manchester,BSU,50<71,A to F2,0.2241929055400558,!,98.88,96.55,98.46153846153847,,not included,not included,not included,not included
2022-23,N2,North West,North Lancashire & South Cumbria,BSU,50<71,A to F2,0.42391966722306124,!,99.64,95.0,98.60335195530726,,not included,not included,not included,not included
2022-23,N2,North West,South Lancashire,BSU,50<71,A to F2,0.5463286713286714,!,99.38,94.74,98.49246231155779,,not included,not included,not included,not included
2022-23,N2,North West,"Warrington, Halton, St Helens & Knowsley",BSU,50<71,A to F2,0.14169323414806942,!,99.4,92.68,98.08612440191388,,not included,not included,not included,not included
2022-23,N2,North West,Wirral & Chester,BSU,50<71,A to F2,0.2979441851226537,!,99.32,97.44,98.93617021276596,,not included,not included,not included,not included
2022-23,N3,Midlands,"City, Sandwell & Walsall",BSU,50<71,A to F2,0.37607239393583264,!,100.0,98.48,99.67532467532467,,not included,not included,not included,not included
2022-23,N3,Midlands,"Dudley, Wolverhampton & South West Staffordshire",BSU,50<71,A to F2,0.3059559423443024,!,100.0,100.0,100.0,,not included,not included,not included,not included
2022-23,N3,Midlands,Hereford & Worcester,BSU,50<71,A to F2,0.38467228880011833,!,99.56,91.11,98.14814814814815,,not included,not included,not included,not included
2022-23,N3,Midlands,Kettering,BSU,50<71,A to F2,0.6847751654873316,!,100.0,100.0,100.0,,not included,not included,not included,not included
2022-23,N3,Midlands,Leicestershire,BSU,50<71,A to F2,0.35897719114154747,!,99.15,94.74,98.28767123287672,,not included,not included,not included,not included
2022-23,N3,Midlands,Lincolnshire,BSU,50<71,A to F2,0.1867704280155642,!,99.48,97.22,99.12280701754386,,not included,not included,not included,not included
2022-23,N3,Midlands,North Derbyshire & Chesterfield,BSU,50<71,A to F2,0.12465719272001995,!,100.0,100.0,100.0,,not included,not included,not included,not included
2022-23,N3,Midlands,North Midlands,BSU,50<71,A to F2,0.11992804317409554,!,99.42,97.56,99.06542056074767,,not included,not included,not included,not included
2022-23,N3,Midlands,North Nottinghamshire,BSU,50<71,A to F2,0.2946375957572186,!,100.0,80.0,97.1830985915493,,not included,not included,not included,not included
2022-23,N3,Midlands,Northampton,BSU,50<71,A to F2,0.0,!,100.0,95.45,99.06542056074767,,not included,not included,not included,not included
2022-23,N3,Midlands,Nottingham City,BSU,50<71,A to F2,0.16948195017230663,!,100.0,84.21,97.9020979020979,,not included,not included,not included,not included
2022-23,N3,Midlands,Shropshire,BSU,50<71,A to F2,0.5575107146590473,!,98.92,94.74,97.94238683127571,,not included,not included,not included,not included
2022-23,N3,Midlands,South Birmingham,BSU,50<71,A to F2,0.42946102641185313,!,100.0,95.83,99.15254237288136,,not included,not included,not included,not included
2022-23,N3,Midlands,South Derbyshire & South East Staffordshire,BSU,50<71,A to F2,0.18116489024427065,!,100.0,98.28,99.6078431372549,,not included,not included,not included,not included
2022-23,N3,Midlands,"Warwickshire, Solihull & Coventry",BSU,50<71,A to F2,0.20709078860172297,!,100.0,94.81,99.10112359550561,,not included,not included,not included,not included
2022-23,N4,East of England,Beds & Herts,BSU,50<71,A to F2,0.1643419133507262,!,99.64,92.11,98.03370786516854,,not included,not included,not included,not included
2022-23,N4,East of England,Cambridge & Huntingdon,BSU,50<71,A to F2,0.10308746971805578,!,99.07,97.3,98.62068965517241,,not included,not included,not included,not included
2022-23,N4,East of England,Chelmsford & Colchester,BSU,50<71,A to F2,0.14817449027975346,!,100.0,97.83,99.55156950672645,,not included,not included,not included,not included
2022-23,N4,East of England,East Suffolk,BSU,50<71,A to F2,0.11836420666390485,!,99.07,100.0,99.19354838709677,,not included,not included,not included,not included
2022-23,N4,East of England,Great Yarmouth & Waveney,BSU,50<71,A to F2,0.4453847010355194,!,100.0,85.71,97.43589743589743,,not included,not included,not included,not included
2022-23,N4,East of England,King's Lynn,BSU,50<71,A to F2,0.10114291493880855,!,100.0,90.0,98.33333333333333,,not included,not included,not included,not included
2022-23,N4,East of England,Milton Keynes,BSU,50<71,A to F2,0.0,!,100.0,90.91,98.27586206896551,,not included,not included,not included,not included
2022-23,N4,East of England,Norfolk & Norwich,BSU,50<71,A to F2,0.42476873702095524,!,99.33,95.45,98.83040935672514,,not included,not included,not included,not included
2022-23,N4,East of England,Peterborough,BSU,50<71,A to F2,0.26749888542131073,!,100.0,90.0,98.93617021276596,,not included,not included,not included,not included
2022-23,N4,East of England,South Essex,BSU,50<71,A to F2,0.3999600039996001,!,98.47,94.87,97.6470588235294,,not included,not included,not included,not included
2022-23,N4,East of England,West Essex (Epping),BSU,50<71,A to F2,0.3511852502194908,!,100.0,95.24,98.88888888888889,,not included,not included,not included,not included
2022-23,N4,East of England,West Suffolk,BSU,50<71,A to F2,0.5221477678182926,!,100.0,83.33,96.84210526315789,,not included,not included,not included,not included
2022-23,N5,London,Central & East London,BSU,50<71,A to F2,0.08762961881115817,!,99.44,98.41,99.17355371900827,,not included,not included,not included,not included
2022-23,N5,London,North London,BSU,50<71,A to F2,0.17051461310234287,!,100.0,99.14,99.76905311778292,,not included,not included,not included,not included
2022-23,N5,London,Outer North East London,BSU,50<71,A to F2,0.32354606487098597,!,100.0,96.55,99.3975903614458,,not included,not included,not included,not included
2022-23,N5,London,South East London,BSU,50<71,A to F2,0.16349961850089015,!,100.0,96.08,99.06976744186046,,not included,not included,not included,not included
2022-23,N5,London,South West London,BSU,50<71,A to F2,0.3302445752471978,!,99.66,94.02,98.0392156862745,,not included,not included,not included,not included
2022-23,N5,London,West of London,BSU,50<71,A to F2,0.32093284480222517,!,99.28,92.06,97.93510324483776,,not included,not included,not included,not included
2022-23,N6,South East,Aylesbury & Wycombe,BSU,50<71,A to F2,0.05304476978569913,!,100.0,97.56,99.43181818181817,,not included,not included,not included,not included
2022-23,N6,South East,Brighton,BSU,50<71,A to F2,0.28322594349642427,!,98.1,89.83,95.87155963302753,,not included,not included,not included,not included
2022-23,N6,South East,Canterbury,BSU,50<71,A to F2,0.35353178250724737,!,100.0,87.04,97.08333333333333,,not included,not included,not included,not included
2022-23,N6,South East,East Berkshire,BSU,50<71,A to F2,0.1426126640045636,!,98.88,94.12,98.11320754716981,,not included,not included,not included,not included
2022-23,N6,South East,Guildford,BSU,50<71,A to F2,0.23705324580598106,!,99.74,94.24,98.2791586998088,,not included,not included,not included,not included
2022-23,N6,South East,Isle of Wight,BSU,50<71,A to F2,0.9083830781209448,!,100.0,85.0,96.05263157894737,,not included,not included,not included,not included
2022-23,N6,South East,Maidstone,BSU,50<71,A to F2,0.3941441441441441,!,100.0,100.0,100.0,,not included,not included,not included,not included
2022-23,N6,South East,Medway,BSU,50<71,A to F2,0.46823786483533636,!,100.0,86.49,97.39583333333334,,not included,not included,not included,not included
2022-23,N6,South East,North & Mid Hampshire,BSU,50<71,A to F2,0.21961128802020424,!,100.0,88.89,98.51851851851852,,not included,not included,not included,not included
2022-23,N6,South East,Oxfordshire,BSU,50<71,A to F2,0.19067231056705944,!,99.46,95.56,98.69565217391305,,not included,not included,not included,not included
2022-23,N6,South East,Portsmouth,BSU,50<71,A to F2,0.28843380444188055,!,100.0,98.55,99.62825278810409,,not included,not included,not included,not included
2022-23,N6,South East,Southampton & Salisbury,BSU,50<71,A to F2,0.38724667613269653,!,99.19,92.42,97.77070063694268,,not included,not included,not included,not included
2022-23,N6,South East,West Berkshire,BSU,50<71,A to F2,0.15302999387880026,!,100.0,95.83,99.33774834437085,,not included,not included,not included,not included
2022-23,N6,South East,Worthing,BSU,50<71,A to F2,0.24573043371421552,!,100.0,95.77,98.89705882352942,,not included,not included,not included,not included
2022-23,N7,South West,Avon,BSU,50<71,A to F2,0.4094584911454602,!,100.0,97.47,99.43181818181817,,not included,not included,not included,not included
2022-23,N7,South West,Cornwall,BSU,50<71,A to F2,0.27304499781564,!,100.0,90.91,98.11320754716981,,not included,not included,not included,not included
2022-23,N7,South West,Dorset,BSU,50<71,A to F2,0.3287401035531326,!,99.28,98.85,99.17808219178083,,not included,not included,not included,not included
2022-23,N7,South West,Gloucestershire,BSU,50<71,A to F2,0.22580159566460936,!,99.46,95.45,98.68421052631578,,not included,not included,not included,not included
2022-23,N7,South West,North & East Devon,BSU,50<71,A to F2,0.0,!,99.34,100.0,99.47643979057592,,not included,not included,not included,not included
2022-23,N7,South West,Somerset,BSU,50<71,A to F2,0.07872775940796725,!,100.0,100.0,100.0,,not included,not included,not included,not included
2022-23,N7,South West,South Devon,BSU,50<71,A to F2,0.16208768943998703,!,100.0,88.89,98.0,,not included,not included,not included,not included
2022-23,N7,South West,West Devon,BSU,50<71,A to F2,0.2909683426443203,!,100.0,89.19,97.57575757575758,,not included,not included,not included,not included
2022-23,N7,South West,Wiltshire,BSU,50<71,A to F2,0.2627545434639807,!,100.0,83.72,96.60194174757282,,not included,not included,not included,not included
2012-13,N1,North East and Yorkshire,Barnsley,BSU,50<71,A and B,0.7627765064836003,!,not included,not included,100.0,!,1.5255530129672006,!,1.5603362524624056,!
2012-13,N1,North East and Yorkshire,Doncaster,BSU,50<71,A and B,2.73224043715847,!,not included,not included,88.23529411764706,!,2.276867030965392,!,1.3940973916437802,!
2012-13,N1,North East and Yorkshire,Gateshead,BSU,50<71,A and B,0.0,!,not included,not included,100.0,!,3.869969040247678,!,1.9331074526564411,!
2012-13,N1,North East and Yorkshire,Humberside,BSU,50<71,A and B,0.7293946024799417,!,not included,not included,97.14285714285714,,3.6469730123997084,!,1.667140052113563,
2012-13,N1,North East and Yorkshire,Leeds Wakefield,BSU,50<71,A and B,1.3465746507322,!,not included,not included,100.0,,2.8614711328059252,!,1.6582634168020225,
2012-13,N1,North East and Yorkshire,Newcastle,BSU,50<71,A and B,1.8832391713747645,!,not included,not included,93.33333333333333,,3.766478342749529,!,1.754229287336378,
2012-13,N1,North East and Yorkshire,North Cumbria,BSU,50<71,A and B,0.8456659619450316,!,not included,not included,94.44444444444444,!,2.1141649048625792,!,1.4861143841011235,!
2012-13,N1,North East and Yorkshire,North Tees,BSU,50<71,A and B,1.6406890894175554,!,not included,not included,91.42857142857143,,1.8457752255947497,!,1.0408816684084086,!
2012-13,N1,North East and Yorkshire,North Yorkshire,BSU,50<71,A and B,0.5546311702717693,!,not included,not included,90.0,,4.159733777038269,!,1.5424871062100531,!
2012-13,N1,North East and Yorkshire,Pennine,BSU,50<71,A and B,1.7341040462427746,!,not included,not included,93.18181818181817,,2.697495183044316,!,1.6137345436016401,
2012-13,N1,North East and Yorkshire,Rotherham,BSU,50<71,A and B,1.36986301369863,!,not included,not included,100.0,!,1.36986301369863,!,0.875669011124499,!
2012-13,N1,North East and Yorkshire,Sheffield,BSU,50<71,A and B,0.3683241252302026,!,not included,not included,100.0,,4.419889502762431,!,2.1392085300475085,!
2012-13,N2,North West,Bolton,BSU,50<71,A and B,0.0,!,not included,not included,96.0,!,2.6690391459074734,!,1.7725911528932858,!
2012-13,N2,North West,Cheshire & Stockport,BSU,50<71,A and B,0.4372540445999126,!,not included,not included,100.0,!,1.3117621337997378,!,1.0789185783305675,!
2012-13,N2,North West,Chester,BSU,50<71,A and B,1.2224938875305624,!,not included,not included,100.0,!,2.444987775061125,!,1.8690657163505868,!
2012-13,N2,North West,Crewe,BSU,50<71,A and B,0.580046403712297,!,not included,not included,100.0,!,2.320185614849188,!,2.2517789053352146,!
2012-13,N2,North West,East Lancashire,BSU,50<71,A and B,0.0,!,not included,not included,100.0,!,1.2908777969018934,!,1.2721702163749509,!
2012-13,N2,North West,Liverpool,BSU,50<71,A and B,1.5760441292356187,!,not included,not included,91.17647058823529,,3.414762280010507,!,1.4446084585765089,!
2012-13,N2,North West,Manchester,BSU,50<71,A and B,1.6170763260025873,!,not included,not included,92.85714285714286,,3.719275549805951,!,1.5731970202881023,
2012-13,N2,North West,North Lancashire & South Cumbria,BSU,50<71,A and B,2.210921954455008,!,not included,not included,86.66666666666667,,1.5476453681185054,!,1.278844902802227,!
2012-13,N2,North West,South Lancashire,BSU,50<71,A and B,0.3258390355164549,!,not included,not included,100.0,!,0.9775171065493646,!,0.7453477875593172,!
2012-13,N2,North West,"Warrington, Halton, St Helens & Knowsley",BSU,50<71,A and B,0.9904258831297459,!,not included,not included,100.0,!,0.9904258831297459,!,1.0887954572103384,!
2012-13,N2,North West,Wirral,BSU,50<71,A and B,5.025125628140704,!,not included,not included,84.21052631578947,!,4.020100502512563,!,1.90268887992511,!
2012-13,N3,Midlands,"City, Sandwell & Walsall",BSU,50<71,A and B,2.461322081575246,!,not included,not included,88.67924528301887,,2.6371308016877637,!,1.561927469154043,
2012-13,N3,Midlands,"Dudley, Wolverhampton & South West Staffordshire",BSU,50<71,A and B,2.4831500532103585,!,not included,not included,95.45454545454545,!,2.8378857750975524,!,1.5485967891211985,!
2012-13,N3,Midlands,Hereford & Worcester,BSU,50<71,A and B,2.1615779519048903,!,not included,not included,92.85714285714286,,2.4317751958930023,!,1.4151954250101422,!
2012-13,N3,Midlands,Kettering,BSU,50<71,A and B,0.6451612903225806,!,not included,not included,90.0,!,1.935483870967742,!,1.1281879367699013,!
2012-13,N3,Midlands,Leicestershire,BSU,50<71,A and B,2.249718785151856,!,not included,not included,88.13559322033898,,2.8121484814398197,!,1.7948114833927984,
2012-13,N3,Midlands,Lincolnshire,BSU,50<71,A and B,0.2824858757062147,!,not included,not included,88.23529411764706,,3.1073446327683616,!,1.775457215742198,
2012-13,N3,Midlands,North Derbyshire & Chesterfield,BSU,50<71,A and B,0.45024763619990993,!,not included,not included,100.0,!,2.2512381809995494,!,0.8024596534749942,!
2012-13,N3,Midlands,North Midlands,BSU,50<71,A and B,0.7736943907156673,!,not included,not included,95.83333333333334,!,4.6421663442940035,!,1.969155153672868,!
2012-13,N3,Midlands,North Nottinghamshire,BSU,50<71,A and B,2.064693737095664,!,not included,not included,100.0,!,1.3764624913971093,!,0.7123090566535007,!
2012-13,N3,Midlands,Northampton,BSU,50<71,A and B,0.0,!,not included,not included,96.7741935483871,,6.784968684759917,!,3.207035980378071,
2012-13,N3,Midlands,Nottingham City,BSU,50<71,A and B,1.9342359767891684,!,not included,not included,92.5925925925926,,2.9013539651837523,!,1.2909381062798606,!
2012-13,N3,Midlands,Shropshire,BSU,50<71,A and B,2.72975432211101,!,not included,not included,89.47368421052632,!,2.2747952684258417,!,1.1580078559252946,!
2012-13,N3,Midlands,South Birmingham,BSU,50<71,A and B,2.012072434607646,!,not included,not included,92.85714285714286,!,1.006036217303823,!,1.0908165367786975,!
2012-13,N3,Midlands,South Derbyshire & South East Staffordshire,BSU,50<71,A and B,0.36913990402362495,!,not included,not included,100.0,!,2.2148394241417497,!,1.4306670151135663,!
2012-13,N3,Midlands,South Staffordshire,BSU,50<71,A and B,1.2836970474967906,!,not included,not included,96.66666666666667,,3.851091142490372,!,1.8803108562608628,!
2012-13,N3,Midlands,"Warwickshire, Solihull & Coventry",BSU,50<71,A and B,1.7584994138335288,!,not included,not included,96.29629629629629,,2.0515826494724503,!,1.4425296199415294,!
2012-13,N4,East of England,Beds & Herts,BSU,50<71,A and B,1.2596044841919638,!,not included,not included,90.66666666666666,,1.5115253810303564,!,1.628957348257924,
2012-13,N4,East of England,Cambridge & Huntingdon,BSU,50<71,A and B,2.9251984956122024,!,not included,not included,76.92307692307693,!,0.41788549937317176,!,0.5222073915323027,!
2012-13,N4,East of England,Chelmsford & Colchester,BSU,50<71,A and B,1.4956625785222855,!,not included,not included,92.0,!,3.5895901884534847,!,1.685872845339558,!
2012-13,N4,East of England,East Suffolk,BSU,50<71,A and B,0.0,!,not included,not included,87.5,!,1.6246953696181965,!,1.3660509029596468,!
2012-13,N4,East of England,Great Yarmouth & Waveney,BSU,50<71,A and B,0.0,!,not included,not included,100.0,!,0.0,!,2.3905525363762408,!
2012-13,N4,East of England,King's Lynn,BSU,50<71,A and B,1.6286644951140066,!,not included,not included,71.42857142857143,!,4.885993485342019,!,1.8732204405814477,!
2012-13,N4,East of England,Milton Keynes,BSU,50<71,A and B,3.0816640986132513,!,not included,not included,83.33333333333334,!,0.7704160246533128,!,1.699100609410752,!
2012-13,N4,East of England,Norfolk & Norwich,BSU,50<71,A and B,1.095290251916758,!,not included,not included,100.0,!,3.8335158817086525,!,1.9418129283315684,!
2012-13,N4,East of England,Peterborough,BSU,50<71,A and B,4.62962962962963,!,not included,not included,82.14285714285714,!,2.314814814814815,!,1.9472528157275713,!
2012-13,N4,East of England,South Essex,BSU,50<71,A and B,0.8410428931875525,!,not included,not included,94.11764705882352,!,0.8410428931875525,!,0.8207249463451066,!
2012-13,N4,East of England,West Essex (Epping),BSU,50<71,A and B,1.1166945840312674,!,not included,not included,100.0,!,1.6750418760469012,!,1.3949686271555752,!
2012-13,N4,East of England,West Suffolk,BSU,50<71,A and B,0.9803921568627451,!,not included,not included,94.73684210526315,!,4.411764705882353,!,1.6493275818320223,!
2012-13,N5,London,Central & East London,BSU,50<71,A and B,2.2115739034279396,!,not included,not included,100.0,,3.6859565057132326,!,1.6454986971764065,
2012-13,N5,London,North London,BSU,50<71,A and B,1.4145522058173459,!,not included,not included,95.1923076923077,,2.2102378215896032,,1.5037899571216646,
2012-13,N5,London,Outer North East London,BSU,50<71,A and B,3.2938076416337285,!,not included,not included,95.83333333333334,!,3.6231884057971016,!,1.500872876067397,!
2012-13,N5,London,South East London,BSU,50<71,A and B,1.0391923990498813,!,not included,not included,93.47826086956522,,3.859857482185273,,1.3392635925210161,
2012-13,N5,London,South West London,BSU,50<71,A and B,1.140436624307592,!,not included,not included,98.52941176470588,,2.280873248615184,!,1.6212397852243292,
2012-13,N5,London,West of London,BSU,50<71,A and B,3.8403740190348974,!,not included,not included,89.0909090909091,,2.838537318417098,!,1.5085464676464613,
2012-13,N6,South East,Aylesbury & Wycombe,BSU,50<71,A and B,2.2197558268590454,!,not included,not included,89.65517241379311,,2.959674435812061,!,2.174118536723698,!
2012-13,N6,South East,Brighton,BSU,50<71,A and B,1.0641127959563714,!,not included,not included,95.65217391304348,!,2.128225591912743,!,1.1062177244710976,!
2012-13,N6,South East,Canterbury,BSU,50<71,A and B,2.3094688221709005,!,not included,not included,91.30434782608695,!,2.3094688221709005,!,1.2194361869043393,!
2012-13,N6,South East,East Berkshire,BSU,50<71,A and B,1.364256480218281,!,not included,not included,100.0,!,1.8190086402910413,!,1.2177193666088064,!
2012-13,N6,South East,Guildford,BSU,50<71,A and B,3.5326772646984606,!,not included,not included,95.23809523809523,,3.785011355034065,!,1.5196512617447333,
2012-13,N6,South East,Isle of Wight,BSU,50<71,A and B,1.8501387604070305,!,not included,not included,100.0,!,3.700277520814061,!,1.8336091387079472,!
2012-13,N6,South East,Maidstone,BSU,50<71,A and B,2.8237192416296897,!,not included,not included,96.29629629629629,,3.227107704719645,!,1.8560560177243581,!
2012-13,N6,South East,Medway,BSU,50<71,A and B,0.9177118384827164,!,not included,not included,93.75,!,1.8354236769654328,!,1.0755166320964893,!
2012-13,N6,South East,North & Mid Hampshire,BSU,50<71,A and B,2.8089887640449436,!,not included,not included,88.88888888888889,!,1.4044943820224718,!,1.2479030771507162,!
2012-13,N6,South East,Oxfordshire,BSU,50<71,A and B,2.204030226700252,!,not included,not included,97.67441860465115,,3.778337531486146,!,2.2910593384368654,
2012-13,N6,South East,Portsmouth,BSU,50<71,A and B,2.1082220660576247,!,not included,not included,83.33333333333334,,2.459592410400562,!,1.5724067082364406,!
2012-13,N6,South East,Southampton & Salisbury,BSU,50<71,A and B,2.6785714285714284,!,not included,not included,89.65517241379311,,2.455357142857143,!,1.2822528401900408,!
2012-13,N6,South East,West Berkshire,BSU,50<71,A and B,2.331002331002331,!,not included,not included,88.88888888888889,!,2.997002997002997,!,1.2337636701014647,!
2012-13,N6,South East,Worthing,BSU,50<71,A and B,1.3951325375910713,!,not included,not included,89.55223880597015,,3.410323980778174,!,1.8858615038706343,
2012-13,N7,South West,Avon,BSU,50<71,A and B,2.3014959723820483,!,not included,not included,93.18181818181817,,2.63028111129377,!,1.500058786087563,
2012-13,N7,South West,Cornwall,BSU,50<71,A and B,0.8873114463176576,!,not included,not included,95.83333333333334,!,3.5492457852706303,!,1.8589271147482902,!
2012-13,N7,South West,Dorset,BSU,50<71,A and B,2.1851953018301007,!,not included,not included,97.61904761904762,,5.189838841846489,!,2.4852964488472256,
2012-13,N7,South West,Gloucestershire,BSU,50<71,A and B,0.7830853563038371,!,not included,not included,97.22222222222221,,1.5661707126076743,!,1.7740981667652276,
2012-13,N7,South West,North & East Devon,BSU,50<71,A and B,1.176470588235294,!,not included,not included,85.0,!,3.5294117647058827,!,1.4509014934612705,!
2012-13,N7,South West,Somerset,BSU,50<71,A and B,1.3395847287340923,!,not included,not included,100.0,,3.348961821835231,!,1.5213341762651582,!
2012-13,N7,South West,South Devon,BSU,50<71,A and B,1.7730496453900708,!,not included,not included,90.0,!,2.3640661938534278,!,0.7182937936543053,!
2012-13,N7,South West,West Devon,BSU,50<71,A and B,3.4246575342465753,!,not included,not included,93.33333333333333,!,3.4246575342465753,!,1.1999144788226002,!
2012-13,N7,South West,Wiltshire,BSU,50<71,A and B,2.032520325203252,!,not included,not included,90.0,!,1.4518002322880372,!,0.7884558593738801,!
2013-14,N1,North East and Yorkshire,Barnsley,BSU,50<71,A and B,2.0026702269692924,!,not included,not included,100.0,!,1.335113484646195,!,1.5514833905083691,!
2013-14,N1,North East and Yorkshire,Doncaster,BSU,50<71,A and B,2.6595744680851063,!,not included,not included,95.23809523809523,!,3.1028368794326244,!,1.6939926503305545,!
2013-14,N1,North East and Yorkshire,Gateshead,BSU,50<71,A and B,0.0,!,not included,not included,100.0,!,2.1398002853067046,!,0.919723469810077,!
2013-14,N1,North East and Yorkshire,Humberside,BSU,50<71,A and B,0.31590586005370397,!,not included,not included,98.4375,,5.0544937608592635,,1.9923700197722798,
2013-14,N1,North East and Yorkshire,Leeds Wakefield,BSU,50<71,A and B,0.7720020586721564,!,not included,not included,100.0,,4.8893463715903245,!,1.883213163408917,
2013-14,N1,North East and Yorkshire,Newcastle,BSU,50<71,A and B,0.0,!,not included,not included,96.36363636363636,,3.721841332027424,!,1.6320200352714147,
2013-14,N1,North East and Yorkshire,North Cumbria,BSU,50<71,A and B,1.183431952662722,!,not included,not included,93.75,!,4.1420118343195265,!,1.9212182297008513,!
2013-14,N1,North East and Yorkshire,North Tees,BSU,50<71,A and B,0.8497981729339281,!,not included,not included,93.02325581395348,,1.9120458891013383,!,1.870887388615383,
2013-14,N1,North East and Yorkshire,North Yorkshire,BSU,50<71,A and B,0.9715812484819043,!,not included,not included,91.17647058823529,,2.428953121204761,!,1.0958490455763616,!
2013-14,N1,North East and Yorkshire,Pennine,BSU,50<71,A and B,0.8331944675887352,!,not included,not included,93.22033898305084,,4.665889018496917,,1.64624906266694,
2013-14,N1,North East and Yorkshire,Rotherham,BSU,50<71,A and B,1.6835016835016834,!,not included,not included,100.0,!,1.6835016835016834,!,0.8709815090625627,!
2013-14,N1,North East and Yorkshire,Sheffield,BSU,50<71,A and B,0.0,!,not included,not included,100.0,,4.631416441528367,!,2.1161578268982897,!
2013-14,N2,North West,Bolton,BSU,50<71,A and B,0.0,!,not included,not included,100.0,,3.0721966205837172,!,1.830341944482068,!
2013-14,N2,North West,Cheshire & Stockport,BSU,50<71,A and B,0.7228044813877846,!,not included,not included,86.95652173913044,!,1.8070112034694614,!,1.6167654989428146,!
2013-14,N2,North West,Chester,BSU,50<71,A and B,0.0,!,not included,not included,100.0,!,3.134796238244514,!,1.2797280833768439,!
2013-14,N2,North West,Crewe,BSU,50<71,A and B,2.0013342228152102,!,not included,not included,100.0,!,2.66844563042028,!,1.8552124724247965,!
2013-14,N2,North West,East Lancashire,BSU,50<71,A and B,0.0,!,not included,not included,96.66666666666667,,3.927729772191673,!,2.0248302035243615,!
2013-14,N2,North West,Liverpool,BSU,50<71,A and B,1.8318746183594545,!,not included,not included,87.75510204081633,,2.2389578668837777,!,1.7813644844782077,
2013-14,N2,North West,Manchester,BSU,50<71,A and B,0.31510950055144166,!,not included,not included,98.30508474576271,,4.096423507168741,,1.6706105450422588,
2013-14,N2,North West,North Lancashire & South Cumbria,BSU,50<71,A and B,3.8944180008654263,!,not included,not included,91.11111111111111,,2.5962786672436176,!,1.7566497176584817,
2013-14,N2,North West,South Lancashire,BSU,50<71,A and B,2.0202020202020203,!,not included,not included,96.0,!,1.443001443001443,!,1.3290861646560546,!
2013-14,N2,North West,"Warrington, Halton, St Helens & Knowsley",BSU,50<71,A and B,0.8820935019112026,!,not included,not included,96.66666666666667,,1.7641870038224052,!,1.6276595587266969,!
2013-14,N2,North West,Wirral,BSU,50<71,A and B,5.925925925925926,!,not included,not included,95.23809523809523,!,2.4691358024691357,!,1.8474225991511706,!
2013-14,N3,Midlands,"City, Sandwell & Walsall",BSU,50<71,A and B,1.5021459227467813,!,not included,not included,90.19607843137256,,2.1459227467811157,!,1.6682062820478067,
2013-14,N3,Midlands,"Dudley, Wolverhampton & South West Staffordshire",BSU,50<71,A and B,3.297065611605671,!,not included,not included,89.1891891891892,,3.6267721727662376,!,1.8913758196647166,!
2013-14,N3,Midlands,Hereford & Worcester,BSU,50<71,A and B,1.5384615384615385,!,not included,not included,87.5,,2.857142857142857,!,1.4340871483728626,
2013-14,N3,Midlands,Kettering,BSU,50<71,A and B,0.5913660555884093,!,not included,not included,93.75,!,2.9568302779420463,!,1.898397752297061,!
2013-14,N3,Midlands,Leicestershire,BSU,50<71,A and B,1.8388498829822801,!,not included,not included,93.61702127659575,,2.6746907388833163,!,1.3095319563816026,
2013-14,N3,Midlands,Lincolnshire,BSU,50<71,A and B,0.0,!,not included,not included,96.875,,3.6832412523020257,!,1.7265659953577892,!
2013-14,N3,Midlands,North Derbyshire & Chesterfield,BSU,50<71,A and B,0.6064281382656156,!,not included,not included,87.5,!,1.8192844147968465,!,0.8881625692766805,!
2013-14,N3,Midlands,North Midlands,BSU,50<71,A and B,2.9013539651837523,!,not included,not included,90.0,!,2.4177949709864603,!,1.3025150381281676,!
2013-14,N3,Midlands,North Nottinghamshire,BSU,50<71,A and B,0.7518796992481204,!,not included,not included,100.0,!,2.255639097744361,!,1.1539659887757574,!
2013-14,N3,Midlands,Northampton,BSU,50<71,A and B,0.8665511265164644,!,not included,not included,100.0,!,2.5996533795493937,!,1.2403459738369689,!
2013-14,N3,Midlands,Nottingham City,BSU,50<71,A and B,1.6542597187758479,!,not included,not included,91.66666666666666,!,2.2056796250344637,!,1.2179921804902012,!
2013-14,N3,Midlands,Shropshire,BSU,50<71,A and B,3.857280617164899,!,not included,not included,87.5,!,4.339440694310511,!,2.0818841786599522,!
2013-14,N3,Midlands,South Birmingham,BSU,50<71,A and B,0.0,!,not included,not included,91.30434782608695,!,2.3866348448687353,!,2.4385345841581314,!
2013-14,N3,Midlands,South Derbyshire & South East Staffordshire,BSU,50<71,A and B,1.1682242990654206,!,not included,not included,95.23809523809523,!,2.336448598130841,!,1.4712373105781964,!
2013-14,N3,Midlands,South Staffordshire,BSU,50<71,A and B,2.044989775051125,!,not included,not included,96.96969696969697,,4.674262342973999,!,2.218452496276697,
2013-14,N3,Midlands,"Warwickshire, Solihull & Coventry",BSU,50<71,A and B,1.3692377909630307,!,not included,not included,98.0,,3.8795070743952533,!,2.0144057230899897,
2013-14,N4,East of England,Beds & Herts,BSU,50<71,A and B,1.3804210284136662,!,not included,not included,90.69767441860465,,2.0706315426204993,!,1.6285063049366424,
2013-14,N4,East of England,Cambridge & Huntingdon,BSU,50<71,A and B,0.34153005464480873,!,not included,not included,92.0,!,2.390710382513661,!,1.5350529337419985,!
2013-14,N4,East of England,Chelmsford & Colchester,BSU,50<71,A and B,0.7409236848604593,!,not included,not included,100.0,,1.4818473697209187,!,1.4450031790069937,!
2013-14,N4,East of England,East Suffolk,BSU,50<71,A and B,2.2271714922048997,!,not included,not included,100.0,!,2.2271714922048997,!,0.4141712846764908,!
2013-14,N4,East of England,Great Yarmouth & Waveney,BSU,50<71,A and B,0.0,!,not included,not included,100.0,!,0.0,!,1.3378642335375805,!
2013-14,N4,East of England,King's Lynn,BSU,50<71,A and B,0.0,!,not included,not included,100.0,!,10.56338028169014,!,3.356515668215139,!
2013-14,N4,East of England,Milton Keynes,BSU,50<71,A and B,1.8039687312086592,!,not included,not included,93.33333333333333,!,2.4052916416115453,!,1.4965444787984543,!
2013-14,N4,East of England,Norfolk & Norwich,BSU,50<71,A and B,0.0,!,not included,not included,83.33333333333334,!,2.9717682020802374,!,1.1667658417632165,!
2013-14,N4,East of England,Peterborough,BSU,50<71,A and B,1.2961762799740766,!,not included,not included,76.92307692307693,!,2.592352559948153,!,0.9614244464598749,!
2013-14,N4,East of England,South Essex,BSU,50<71,A and B,0.8372871895060006,!,not included,not included,100.0,!,1.9536701088473345,!,1.2210757677513888,!
2013-14,N4,East of England,West Essex (Epping),BSU,50<71,A and B,0.7575757575757576,!,not included,not included,100.0,!,4.545454545454545,!,2.2636469616198656,!
2013-14,N4,East of England,West Suffolk,BSU,50<71,A and B,1.3568521031207597,!,not included,not included,80.0,!,1.3568521031207597,!,0.9314166847775466,!
2013-14,N5,London,Central & East London,BSU,50<71,A and B,2.427637721755369,!,not included,not included,95.55555555555556,,2.6143790849673203,!,1.3752326435221958,
2013-14,N5,London,North London,BSU,50<71,A and B,0.8615384615384616,!,not included,not included,94.18604651162791,,1.9692307692307691,!,1.4754846827986325,
2013-14,N5,London,Outer North East London,BSU,50<71,A and B,3.294289897510981,!,not included,not included,97.61904761904762,,2.3792093704245976,!,1.3819777617488171,
2013-14,N5,London,South East London,BSU,50<71,A and B,1.147227533460803,!,not included,not included,100.0,,2.166985340981517,!,1.7526261642549554,
2013-14,N5,London,South West London,BSU,50<71,A and B,1.4237408791599928,!,not included,not included,100.0,,3.9152874176899806,!,2.07352815470382,
2013-14,N5,London,West of London,BSU,50<71,A and B,4.032258064516129,,not included,not included,92.45283018867924,,2.2246941045606228,!,1.1512693210995928,
2013-14,N6,South East,Aylesbury & Wycombe,BSU,50<71,A and B,1.7167381974248925,!,not included,not included,85.71428571428571,!,1.7167381974248925,!,1.2950460173018148,!
2013-14,N6,South East,Brighton,BSU,50<71,A and B,1.102049812651532,!,not included,not included,92.0,,3.7469693630152086,!,2.138081584917117,
2013-14,N6,South East,Canterbury,BSU,50<71,A and B,2.2962112514351323,!,not included,not included,100.0,!,6.3145809414466125,!,2.3921213092558347,!
2013-14,N6,South East,East Berkshire,BSU,50<71,A and B,2.6129152668906306,!,not included,not included,95.45454545454545,!,3.732736095558044,!,1.6533419552054551,!
2013-14,N6,South East,Guildford,BSU,50<71,A and B,4.155412424683149,!,not included,not included,87.27272727272727,,3.947641803448992,!,1.554462721157651,
2013-14,N6,South East,Isle of Wight,BSU,50<71,A and B,0.0,!,not included,not included,100.0,!,4.405286343612335,!,2.8343064452128566,!
2013-14,N6,South East,Maidstone,BSU,50<71,A and B,3.1446540880503147,!,not included,not included,100.0,!,2.3584905660377355,!,0.8502157847661737,!
2013-14,N6,South East,Medway,BSU,50<71,A and B,0.0,!,not included,not included,75.0,!,3.9787798408488064,!,1.6076794462567376,!
2013-14,N6,South East,North & Mid Hampshire,BSU,50<71,A and B,2.0639834881320946,!,not included,not included,85.18518518518519,!,3.4399724802201583,!,1.6553002714692442,!
2013-14,N6,South East,Oxfordshire,BSU,50<71,A and B,1.661589587371919,!,not included,not included,96.66666666666667,,2.4923843810578785,!,1.3710030120936174,!
2013-14,N6,South East,Portsmouth,BSU,50<71,A and B,3.4364261168384878,!,not included,not included,92.3076923076923,,5.154639175257732,!,2.464381193882216,
2013-14,N6,South East,Southampton & Salisbury,BSU,50<71,A and B,1.5370427297878881,!,not included,not included,97.14285714285714,,3.3814940055333538,!,1.9618821391759187,
2013-14,N6,South East,West Berkshire,BSU,50<71,A and B,1.417434443656981,!,not included,not included,77.27272727272727,!,2.834868887313962,!,0.9460542656726789,!
2013-14,N6,South East,Worthing,BSU,50<71,A and B,1.675442795595979,!,not included,not included,93.47826086956522,,2.15414073719483,!,1.925168131350138,
2013-14,N7,South West,Avon,BSU,50<71,A and B,2.5078369905956115,!,not included,not included,83.60655737704919,,2.0376175548589344,!,1.5322178263722188,
2013-14,N7,South West,Cornwall,BSU,50<71,A and B,1.0814708002883922,!,not included,not included,91.30434782608695,!,2.1629416005767843,!,1.4387298892537665,!
2013-14,N7,South West,Dorset,BSU,50<71,A and B,1.8979833926453142,!,not included,not included,97.5,,3.0842230130486357,!,1.6787634112935623,
2013-14,N7,South West,Gloucestershire,BSU,50<71,A and B,0.8357709987463435,!,not included,not included,100.0,!,2.089427496865859,!,1.5297287484983164,!
2013-14,N7,South West,North & East Devon,BSU,50<71,A and B,2.7235587834770767,!,not included,not included,100.0,!,3.631411711302769,!,1.4144979511541214,!
2013-14,N7,South West,Somerset,BSU,50<71,A and B,0.8298755186721991,!,not included,not included,85.71428571428571,!,4.564315352697096,!,1.551253412757508,!
2013-14,N7,South West,South Devon,BSU,50<71,A and B,0.6161429451632779,!,not included,not included,100.0,!,6.161429451632778,!,1.8455746196578304,!
2013-14,N7,South West,West Devon,BSU,50<71,A and B,2.9686174724342664,!,not included,not included,95.45454545454545,!,1.6963528413910094,!,1.3701113373551368,!
2013-14,N7,South West,Wiltshire,BSU,50<71,A and B,1.740139211136891,!,not included,not included,100.0,,2.320185614849188,!,1.590786166523496,!
2014-15,N1,North East and Yorkshire,Barnsley,BSU,50<71,A and B,3.8363171355498724,!,not included,not included,100.0,!,2.557544757033248,!,1.56777163211298,!
2014-15,N1,North East and Yorkshire,Doncaster,BSU,50<71,A and B,1.0695187165775402,!,not included,not included,100.0,!,1.0695187165775402,!,1.2726661847504048,!
2014-15,N1,North East and Yorkshire,Gateshead,BSU,50<71,A and B,0.0,!,not included,not included,100.0,!,4.163197335553705,!,1.215801247759452,!
2014-15,N1,North East and Yorkshire,Humberside,BSU,50<71,A and B,0.5128205128205128,!,not included,not included,100.0,,2.8205128205128207,!,1.3110971260750994,!
2014-15,N1,North East and Yorkshire,Leeds Wakefield,BSU,50<71,A and B,1.1055831951354338,!,not included,not included,100.0,,6.357103372028745,!,2.1892940943147896,
2014-15,N1,North East and Yorkshire,Newcastle,BSU,50<71,A and B,0.40858018386108275,!,not included,not included,98.11320754716981,,3.881511746680286,!,1.7763071082735309,
2014-15,N1,North East and Yorkshire,North Cumbria,BSU,50<71,A and B,0.0,!,not included,not included,94.11764705882352,!,0.8992805755395684,!,1.4667785931562365,!
2014-15,N1,North East and Yorkshire,North Tees,BSU,50<71,A and B,0.390625,!,not included,not included,97.82608695652173,,3.3203125,!,1.6855139228265779,
2014-15,N1,North East and Yorkshire,North Yorkshire,BSU,50<71,A and B,1.1838989739542227,!,not included,not included,100.0,,3.1570639305445933,!,1.7600056320180224,!
2014-15,N1,North East and Yorkshire,Pennine,BSU,50<71,A and B,0.713165026387106,!,not included,not included,96.7741935483871,,3.4231921266581087,!,1.411298147318357,
2014-15,N1,North East and Yorkshire,Rotherham,BSU,50<71,A and B,0.0,!,not included,not included,100.0,!,4.514672686230248,!,1.873880356486999,!
2014-15,N1,North East and Yorkshire,Sheffield,BSU,50<71,A and B,0.0,!,not included,not included,100.0,!,2.4366471734892787,!,1.5298185164526097,!
2014-15,N2,North West,Bolton,BSU,50<71,A and B,0.0,!,not included,not included,100.0,!,4.373177842565598,!,2.458045630265245,!
2014-15,N2,North West,Cheshire & Stockport,BSU,50<71,A and B,1.8832391713747645,!,not included,not included,81.25,!,3.138731952291274,!,2.0805901742642883,!
2014-15,N2,North West,Chester,BSU,50<71,A and B,2.2123893805309733,!,not included,not included,100.0,!,7.743362831858407,!,1.8274376713222817,!
2014-15,N2,North West,Crewe,BSU,50<71,A and B,0.851063829787234,!,not included,not included,100.0,!,0.851063829787234,!,0.8432876411979744,!
2014-15,N2,North West,East Lancashire,BSU,50<71,A and B,0.32562683165092804,!,not included,not included,100.0,!,2.930641484858352,!,1.4945402086378132,!
2014-15,N2,North West,Liverpool,BSU,50<71,A and B,3.569038590229757,!,not included,not included,89.47368421052632,,2.8998438545616776,!,1.7336314433768008,
2014-15,N2,North West,Manchester,BSU,50<71,A and B,0.0,!,not included,not included,95.23809523809523,,3.833420456525527,!,1.9100832464107043,
2014-15,N2,North West,North Lancashire & South Cumbria,BSU,50<71,A and B,3.0361578802097706,!,not included,not included,93.33333333333333,,4.416229643941485,!,1.9348063659132486,
2014-15,N2,North West,South Lancashire,BSU,50<71,A and B,1.312910284463895,!,not included,not included,100.0,!,3.063457330415755,!,2.097777404839572,!
2014-15,N2,North West,"Warrington, Halton, St Helens & Knowsley",BSU,50<71,A and B,0.7880220646178093,!,not included,not included,89.47368421052632,!,0.39401103230890466,!,1.1623469334382028,!
2014-15,N2,North West,Wirral,BSU,50<71,A and B,0.984251968503937,!,not included,not included,100.0,!,2.952755905511811,!,1.7216402804797963,!
2014-15,N3,Midlands,"City, Sandwell & Walsall",BSU,50<71,A and B,1.2581781580271767,!,not included,not included,97.91666666666666,,3.5228988424760947,!,1.9092913057816814,
2014-15,N3,Midlands,"Dudley, Wolverhampton & South West Staffordshire",BSU,50<71,A and B,4.322766570605188,!,not included,not included,89.47368421052632,!,3.3621517771373677,!,1.3568613084213597,!
2014-15,N3,Midlands,Hereford & Worcester,BSU,50<71,A and B,1.23334977799704,!,not included,not included,97.5,,2.7133695115934877,!,1.7602128765034644,
2014-15,N3,Midlands,Kettering,BSU,50<71,A and B,0.508130081300813,!,not included,not included,83.33333333333334,!,3.556910569105691,!,2.210905660655459,!
2014-15,N3,Midlands,Leicestershire,BSU,50<71,A and B,1.2769353551476454,!,not included,not included,91.17647058823529,,4.788507581803671,,2.0848669133224598,
2014-15,N3,Midlands,Lincolnshire,BSU,50<71,A and B,0.6830601092896175,!,not included,not included,94.73684210526315,!,3.4153005464480874,!,1.506044257620584,!
2014-15,N3,Midlands,North Derbyshire & Chesterfield,BSU,50<71,A and B,0.6640106241699867,!,not included,not included,70.0,!,1.3280212483399734,!,0.6573131012360773,!
2014-15,N3,Midlands,North Midlands,BSU,50<71,A and B,0.7621951219512195,!,not included,not included,100.0,!,4.573170731707317,!,1.4090907489669602,!
2014-15,N3,Midlands,North Nottinghamshire,BSU,50<71,A and B,5.076142131979695,!,not included,not included,100.0,!,2.0304568527918785,!,1.232170492966771,!
2014-15,N3,Midlands,Northampton,BSU,50<71,A and B,0.8312551953449709,!,not included,not included,93.33333333333333,!,5.818786367414797,!,1.7046939695503773,!
2014-15,N3,Midlands,Nottingham City,BSU,50<71,A and B,1.0471204188481678,!,not included,not included,95.0,!,3.8394415357766145,!,1.356198845874782,!
2014-15,N3,Midlands,Shropshire,BSU,50<71,A and B,0.8995502248875562,!,not included,not included,88.0,!,3.2983508245877062,!,1.3879336135931133,!
2014-15,N3,Midlands,South Birmingham,BSU,50<71,A and B,1.9607843137254901,!,not included,not included,90.9090909090909,!,1.9607843137254901,!,1.4080232292543422,!
2014-15,N3,Midlands,South Derbyshire & South East Staffordshire,BSU,50<71,A and B,0.4555808656036447,!,not included,not included,100.0,!,2.277904328018223,!,2.111650755192994,!
2014-15,N3,Midlands,South Staffordshire,BSU,50<71,A and B,0.8573878250928837,!,not included,not included,100.0,,3.1437553586739067,!,1.5300256607160811,!
2014-15,N3,Midlands,"Warwickshire, Solihull & Coventry",BSU,50<71,A and B,1.8200728029121165,!,not included,not included,90.9090909090909,,2.860114404576183,!,1.3130722309097203,!
2014-15,N4,East of England,Beds & Herts,BSU,50<71,A and B,1.3975155279503106,!,not included,not included,93.75,,2.7950310559006213,!,1.486104919007282,
2014-15,N4,East of England,Cambridge & Huntingdon,BSU,50<71,A and B,1.6116035455278002,!,not included,not included,86.66666666666667,!,2.4174053182917006,!,0.9892664589207102,!
2014-15,N4,East of England,Chelmsford & Colchester,BSU,50<71,A and B,1.9821605550049552,!,not included,not included,97.05882352941177,,1.2388503468780971,!,1.6903694020599969,
2014-15,N4,East of England,East Suffolk,BSU,50<71,A and B,0.0,!,not included,not included,100.0,!,1.6420361247947455,!,1.718827347230625,!
2014-15,N4,East of England,Great Yarmouth & Waveney,BSU,50<71,A and B,0.0,!,not included,not included,100.0,!,3.0120481927710845,!,1.822888184038791,!
2014-15,N4,East of England,King's Lynn,BSU,50<71,A and B,2.1834061135371177,!,not included,not included,66.66666666666666,!,0.0,!,0.4513857542655954,!
2014-15,N4,East of England,Milton Keynes,BSU,50<71,A and B,3.1625553447185326,!,not included,not included,100.0,!,4.427577482605946,!,2.0099943101699527,!
2014-15,N4,East of England,Norfolk & Norwich,BSU,50<71,A and B,0.0,!,not included,not included,100.0,!,2.3584905660377355,!,1.6842632070296333,!
2014-15,N4,East of England,Peterborough,BSU,50<71,A and B,0.0,!,not included,not included,100.0,!,3.1695721077654517,!,1.6593764726966194,!
2014-15,N4,East of England,South Essex,BSU,50<71,A and B,1.0090817356205852,!,not included,not included,91.66666666666666,!,1.2613521695257317,!,0.8607682725733405,!
2014-15,N4,East of England,West Essex (Epping),BSU,50<71,A and B,1.0554089709762533,!,not included,not included,100.0,!,2.638522427440633,!,1.3141087976955785,!
2014-15,N4,East of England,West Suffolk,BSU,50<71,A and B,4.672897196261682,!,not included,not included,50.0,!,0.0,!,0.0,!
2014-15,N5,London,Central & East London,BSU,50<71,A and B,2.0861272537624793,!,not included,not included,97.95918367346938,,2.384145432871405,!,1.3045947139195448,
2014-15,N5,London,North London,BSU,50<71,A and B,0.730887297178775,!,not included,not included,96.72131147540983,,2.485016810407835,!,1.4529117615102194,
2014-15,N5,London,Outer North East London,BSU,50<71,A and B,0.99676052828308,!,not included,not included,94.87179487179486,,1.74433092449539,!,1.4053414686989465,!
2014-15,N5,London,South East London,BSU,50<71,A and B,0.6044122091266244,!,not included,not included,91.66666666666666,,2.7198549410698094,!,1.1591728415349358,
2014-15,N5,London,South West London,BSU,50<71,A and B,1.0131712259371835,!,not included,not included,99.07407407407408,,2.634245187436677,,1.8265958042382715,
2014-15,N5,London,West of London,BSU,50<71,A and B,3.57196011311207,!,not included,not included,93.18181818181817,,2.083643399315374,!,1.042722966755385,
2014-15,N6,South East,Aylesbury & Wycombe,BSU,50<71,A and B,3.4705007436787305,!,not included,not included,88.23529411764706,!,2.974714923153198,!,1.3351621008168761,!
2014-15,N6,South East,Brighton,BSU,50<71,A and B,1.5710919088766695,!,not included,not included,92.10526315789474,,2.356637863315004,!,1.9940403120174577,
2014-15,N6,South East,Canterbury,BSU,50<71,A and B,3.3670033670033668,!,not included,not included,92.5925925925926,,2.5252525252525255,!,1.8662217593992256,!
2014-15,N6,South East,East Berkshire,BSU,50<71,A and B,2.9706646862235426,!,not included,not included,100.0,!,2.5993316004455997,!,1.8107872216367342,!
2014-15,N6,South East,Guildford,BSU,50<71,A and B,3.719546215361726,!,not included,not included,87.75510204081633,,3.3475915938255536,!,1.4946087327853101,
2014-15,N6,South East,Isle of Wight,BSU,50<71,A and B,0.0,!,not included,not included,100.0,!,0.0,!,1.5022232904698953,!
2014-15,N6,South East,Maidstone,BSU,50<71,A and B,3.5087719298245617,!,not included,not included,95.65217391304348,!,4.511278195488722,!,1.9627374298934728,!
2014-15,N6,South East,Medway,BSU,50<71,A and B,1.4598540145985401,!,not included,not included,88.88888888888889,!,2.9197080291970803,!,1.7500099167228615,!
2014-15,N6,South East,North & Mid Hampshire,BSU,50<71,A and B,1.2845215157353884,!,not included,not included,75.0,!,2.890173410404624,!,1.6886458668382116,!
2014-15,N6,South East,Oxfordshire,BSU,50<71,A and B,1.0873504893077202,!,not included,not included,96.15384615384616,,5.799202609641174,!,1.9307730113037982,!
2014-15,N6,South East,Portsmouth,BSU,50<71,A and B,2.3344032681645754,!,not included,not included,88.37209302325581,,3.793405310767435,!,1.8448659594188523,
2014-15,N6,South East,Southampton & Salisbury,BSU,50<71,A and B,1.576458223857068,!,not included,not included,100.0,,3.415659485023647,!,1.5159113848734782,!
2014-15,N6,South East,West Berkshire,BSU,50<71,A and B,1.7584994138335288,!,not included,not included,90.9090909090909,,2.0515826494724503,!,1.637810347258519,!
2014-15,N6,South East,Worthing,BSU,50<71,A and B,2.044153720359771,!,not included,not included,93.61702127659575,,3.679476696647588,!,1.6282803681689937,
2014-15,N7,South West,Avon,BSU,50<71,A and B,2.6223776223776225,!,not included,not included,89.65517241379311,,4.195804195804196,!,1.8511040759589796,
2014-15,N7,South West,Cornwall,BSU,50<71,A and B,0.0,!,not included,not included,95.0,!,3.3542976939203353,!,1.6674552340377637,!
2014-15,N7,South West,Dorset,BSU,50<71,A and B,2.0134228187919465,!,not included,not included,94.11764705882352,,4.697986577181208,!,2.074272039686283,
2014-15,N7,South West,Gloucestershire,BSU,50<71,A and B,2.944888514934792,!,not included,not included,91.66666666666666,!,3.3655868742111905,!,2.042692268409764,!
2014-15,N7,South West,North & East Devon,BSU,50<71,A and B,0.8703220191470844,!,not included,not included,91.66666666666666,!,2.6109660574412534,!,1.0252029047415634,!
2014-15,N7,South West,Somerset,BSU,50<71,A and B,2.1052631578947367,!,not included,not included,93.33333333333333,!,3.1578947368421053,!,1.6211295531917547,!
2014-15,N7,South West,South Devon,BSU,50<71,A and B,1.996007984031936,!,not included,not included,100.0,!,2.6613439787092483,!,1.8106459397087822,!
2014-15,N7,South West,West Devon,BSU,50<71,A and B,2.2637238256932655,!,not included,not included,100.0,!,3.395585738539898,!,2.2039842525325155,!
2014-15,N7,South West,Wiltshire,BSU,50<71,A and B,1.4306151645207439,!,not included,not included,94.11764705882352,!,2.8612303290414878,!,1.3574414942715967,!
2015-16,N1,North East and Yorkshire,Barnsley,BSU,50<71,A and B,0.0,!,not included,not included,100.0,!,1.9102196752626552,!,0.47212346972980374,!
2015-16,N1,North East and Yorkshire,Doncaster,BSU,50<71,A and B,0.0,!,not included,not included,100.0,!,1.9540791402051783,!,1.7472864641212198,!
2015-16,N1,North East and Yorkshire,Gateshead,BSU,50<71,A and B,0.0,!,not included,not included,100.0,!,5.231037489102006,!,1.7996551860663494,!
2015-16,N1,North East and Yorkshire,Humberside,BSU,50<71,A and B,1.4363688595231257,!,not included,not included,96.7741935483871,,3.4472852628555013,!,1.5473419356574858,!
2015-16,N1,North East and Yorkshire,Leeds Wakefield,BSU,50<71,A and B,0.8210180623973727,!,not included,not included,91.48936170212765,,4.51559934318555,!,1.697465151040449,
2015-16,N1,North East and Yorkshire,Newcastle,BSU,50<71,A and B,0.0,!,not included,not included,100.0,,2.939255388634879,!,1.8256309456616164,!
2015-16,N1,North East and Yorkshire,North Cumbria,BSU,50<71,A and B,0.5411255411255411,!,not included,not included,94.44444444444444,!,4.329004329004329,!,2.147472290896596,!
2015-16,N1,North East and Yorkshire,North Tees,BSU,50<71,A and B,0.0,!,not included,not included,100.0,,2.963362068965517,!,1.2668844018658674,!
2015-16,N1,North East and Yorkshire,North Yorkshire,BSU,50<71,A and B,1.1995201919232308,!,not included,not included,100.0,!,2.3990403838464616,!,1.3032954757028485,!
2015-16,N1,North East and Yorkshire,Pennine,BSU,50<71,A and B,0.8036001285760206,!,not included,not included,96.55172413793103,,2.5715204114432657,!,1.5601560156015601,
2015-16,N1,North East and Yorkshire,Rotherham,BSU,50<71,A and B,1.4992503748125936,!,not included,not included,100.0,!,4.497751124437781,!,1.7354844084080745,!
2015-16,N1,North East and Yorkshire,Sheffield,BSU,50<71,A and B,0.0,!,not included,not included,100.0,!,2.177463255307567,!,1.3074185543611558,!
2015-16,N2,North West,Bolton,BSU,50<71,A and B,0.8247422680412372,!,not included,not included,100.0,!,2.88659793814433,!,1.3957357481422756,!
2015-16,N2,North West,Cheshire & Stockport,BSU,50<71,A and B,1.38217000691085,!,not included,not included,100.0,!,4.14651002073255,!,1.1129129702057299,!
2015-16,N2,North West,Chester,BSU,50<71,A and B,0.0,!,not included,not included,100.0,!,1.3550135501355014,!,1.3053637396060411,!
2015-16,N2,North West,Crewe,BSU,50<71,A and B,1.0706638115631693,!,not included,not included,100.0,!,2.1413276231263385,!,1.784712661261537,!
2015-16,N2,North West,East Lancashire,BSU,50<71,A and B,0.0,!,not included,not included,92.85714285714286,!,3.7243947858473,!,1.3946145564288939,!
2015-16,N2,North West,Liverpool,BSU,50<71,A and B,1.2929919834497026,!,not included,not included,94.5945945945946,,1.5515903801396431,!,1.4903721956163183,!
2015-16,N2,North West,Manchester,BSU,50<71,A and B,0.3723701359150996,!,not included,not included,94.11764705882352,,4.282256563023646,!,1.7383444007926847,
2015-16,N2,North West,North Lancashire & South Cumbria,BSU,50<71,A and B,1.257071024512885,!,not included,not included,96.96969696969697,,2.51414204902577,!,1.4866528308843203,!
2015-16,N2,North West,South Lancashire,BSU,50<71,A and B,1.3888888888888888,!,not included,not included,100.0,!,7.407407407407407,!,2.2669470484349423,!
2015-16,N2,North West,"Warrington, Halton, St Helens & Knowsley",BSU,50<71,A and B,0.0,!,not included,not included,100.0,!,2.2288261515601784,!,1.456794215070172,!
2015-16,N2,North West,Wirral,BSU,50<71,A and B,2.5706940874035986,!,not included,not included,94.73684210526315,!,4.113110539845758,!,1.788310072528747,!
2015-16,N3,Midlands,"City, Sandwell & Walsall",BSU,50<71,A and B,0.7358351729212657,!,not included,not included,96.875,,2.207505518763797,!,1.225921781732428,!
2015-16,N3,Midlands,"Dudley, Wolverhampton & South West Staffordshire",BSU,50<71,A and B,2.5316455696202533,!,not included,not included,93.33333333333333,!,2.0253164556962027,!,1.2973258575913613,!
2015-16,N3,Midlands,Hereford & Worcester,BSU,50<71,A and B,1.0243802499487809,!,not included,not included,100.0,,2.458512599877074,!,1.5290644572025052,
2015-16,N3,Midlands,Kettering,BSU,50<71,A and B,3.014318010550113,!,not included,not included,92.3076923076923,!,2.260738507912585,!,1.9830396031036372,!
2015-16,N3,Midlands,Leicestershire,BSU,50<71,A and B,1.7622870569806148,!,not included,not included,95.23809523809523,,2.937145094967691,!,1.4207168937445833,
2015-16,N3,Midlands,Lincolnshire,BSU,50<71,A and B,1.0036801605888257,!,not included,not included,96.0,!,3.3456005352960854,!,1.4864048716528506,!
2015-16,N3,Midlands,North Derbyshire & Chesterfield,BSU,50<71,A and B,0.708215297450425,!,not included,not included,100.0,!,2.124645892351275,!,1.3483676324349834,!
2015-16,N3,Midlands,North Midlands,BSU,50<71,A and B,0.5336179295624334,!,not included,not included,100.0,!,1.6008537886873,!,1.4281893415527795,!
2015-16,N3,Midlands,North Nottinghamshire,BSU,50<71,A and B,0.966183574879227,!,not included,not included,90.9090909090909,!,2.898550724637681,!,1.6171659859167944,!
2015-16,N3,Midlands,Northampton,BSU,50<71,A and B,0.5411255411255411,!,not included,not included,100.0,!,2.7056277056277054,!,1.3029757359858445,!
2015-16,N3,Midlands,Nottingham City,BSU,50<71,A and B,0.6686726847208291,!,not included,not included,100.0,!,3.6776997659645603,!,1.3437630424059996,!
2015-16,N3,Midlands,Shropshire,BSU,50<71,A and B,0.3401360544217687,!,not included,not included,100.0,,5.1020408163265305,!,2.341554792382142,
2015-16,N3,Midlands,South Birmingham,BSU,50<71,A and B,2.8296547821165814,!,not included,not included,100.0,!,1.1318619128466327,!,0.7816469300816821,!
2015-16,N3,Midlands,South Derbyshire & South East Staffordshire,BSU,50<71,A and B,0.48590864917395526,!,not included,not included,95.65217391304348,!,4.373177842565598,!,1.7454078319940236,!
2015-16,N3,Midlands,South Staffordshire,BSU,50<71,A and B,0.8857395925597874,!,not included,not included,97.22222222222221,,3.5429583702391496,!,2.0096971609678107,
2015-16,N3,Midlands,"Warwickshire, Solihull & Coventry",BSU,50<71,A and B,0.5505092210294522,!,not included,not included,95.83333333333334,,4.95458298926507,!,2.110233481348094,
2015-16,N4,East of England,Beds & Herts,BSU,50<71,A and B,2.3939808481532148,!,not included,not included,95.83333333333334,,2.5649794801641588,!,1.3698994413227747,
2015-16,N4,East of England,Cambridge & Huntingdon,BSU,50<71,A and B,2.6455026455026456,!,not included,not included,100.0,!,7.054673721340388,!,2.0315368391503,!
2015-16,N4,East of England,Chelmsford & Colchester,BSU,50<71,A and B,0.0,!,not included,not included,100.0,!,1.1760094080752646,!,1.1368545508287669,!
2015-16,N4,East of England,East Suffolk,BSU,50<71,A and B,1.8281535648994516,!,not included,not included,100.0,!,3.656307129798903,!,1.472211998527788,!
2015-16,N4,East of England,Great Yarmouth & Waveney,BSU,50<71,A and B,0.0,!,not included,not included,100.0,!,6.289308176100629,!,1.3206027230828148,!
2015-16,N4,East of England,King's Lynn,BSU,50<71,A and B,0.0,!,not included,not included,100.0,!,5.736137667304016,!,1.5835312747426762,!
2015-16,N4,East of England,Milton Keynes,BSU,50<71,A and B,3.5629453681710217,!,not included,not included,85.71428571428571,!,4.750593824228028,!,1.634369705323142,!
2015-16,N4,East of England,Norfolk & Norwich,BSU,50<71,A and B,0.8960573476702509,!,not included,not included,100.0,!,1.7921146953405018,!,1.7053076754003682,!
2015-16,N4,East of England,Peterborough,BSU,50<71,A and B,1.2165450121654502,!,not included,not included,100.0,!,4.866180048661801,!,1.2613776261882177,!
2015-16,N4,East of England,South Essex,BSU,50<71,A and B,0.5449591280653951,!,not included,not included,91.17647058823529,,3.8147138964577656,!,1.7807019395141717,
2015-16,N4,East of England,West Essex (Epping),BSU,50<71,A and B,0.0,!,not included,not included,94.44444444444444,!,4.189108318372232,!,2.5176233635448138,!
2015-16,N4,East of England,West Suffolk,BSU,50<71,A and B,9.584664536741213,!,not included,not included,83.33333333333334,!,1.5974440894568689,!,1.0162463923253071,!
2015-16,N5,London,Central & East London,BSU,50<71,A and B,1.1638733705772812,!,not included,not included,95.0,,2.676908752327747,!,1.2615046596828365,
2015-16,N5,London,North London,BSU,50<71,A and B,0.2521432173474534,!,not included,not included,100.0,,1.2607160867372667,!,0.7698809379129516,
2015-16,N5,London,Outer North East London,BSU,50<71,A and B,0.7970244420828905,!,not included,not included,100.0,,2.656748140276302,!,1.3716086974954425,!
2015-16,N5,London,South East London,BSU,50<71,A and B,0.6436663233779609,!,not included,not included,98.18181818181819,,2.188465499485067,!,1.01750870842096,
2015-16,N5,London,South West London,BSU,50<71,A and B,1.0897697861326796,!,not included,not included,98.4375,,1.770875902465604,!,1.4502377155608654,
2015-16,N5,London,West of London,BSU,50<71,A and B,3.888299752562743,!,not included,not included,97.87234042553192,,2.8278543655001767,!,1.353921491080864,
2015-16,N6,South East,Aylesbury & Wycombe,BSU,50<71,A and B,1.8700327255726976,!,not included,not included,84.0,!,3.7400654511453952,!,1.7899494339284914,!
2015-16,N6,South East,Brighton,BSU,50<71,A and B,0.3707823507601038,!,not included,not included,81.81818181818183,!,1.4831294030404152,!,1.1631848666325464,!
2015-16,N6,South East,Canterbury,BSU,50<71,A and B,2.0229265003371544,!,not included,not included,100.0,,3.7086985839514495,!,2.2071661356783077,
2015-16,N6,South East,East Berkshire,BSU,50<71,A and B,2.204585537918871,!,not included,not included,100.0,!,3.0864197530864197,!,1.8408936106673648,!
2015-16,N6,South East,Guildford,BSU,50<71,A and B,1.7914012738853504,!,not included,not included,89.83050847457628,,4.976114649681528,,1.909314819647031,
2015-16,N6,South East,Isle of Wight,BSU,50<71,A and B,1.0649627263045793,!,not included,not included,70.0,!,3.1948881789137378,!,1.7705919847830267,!
2015-16,N6,South East,Maidstone,BSU,50<71,A and B,3.8498556304138596,!,not included,not included,94.11764705882352,!,1.9249278152069298,!,1.471813636692993,!
2015-16,N6,South East,Medway,BSU,50<71,A and B,2.751031636863824,!,not included,not included,88.46153846153845,!,2.2925263640531863,!,2.1565434920908766,!
2015-16,N6,South East,North & Mid Hampshire,BSU,50<71,A and B,2.4096385542168677,!,not included,not included,92.85714285714286,,2.4096385542168677,!,1.5139220269599234,!
2015-16,N6,South East,Oxfordshire,BSU,50<71,A and B,0.4058441558441559,!,not included,not included,85.71428571428571,!,2.029220779220779,!,0.9509174451510818,!
2015-16,N6,South East,Portsmouth,BSU,50<71,A and B,2.4903154399557277,!,not included,not included,84.375,,3.87382401770891,!,1.765711778791628,
2015-16,N6,South East,Southampton & Salisbury,BSU,50<71,A and B,3.3753375337533753,!,not included,not included,97.72727272727273,,4.05040504050405,!,1.763231121029286,
2015-16,N6,South East,West Berkshire,BSU,50<71,A and B,1.941747572815534,!,not included,not included,94.11764705882352,!,4.368932038834951,!,1.479596366111325,!
2015-16,N6,South East,Worthing,BSU,50<71,A and B,1.0704727921498662,!,not included,not included,89.1891891891892,,3.389830508474576,!,1.350686017785485,
2015-16,N7,South West,Avon,BSU,50<71,A and B,1.318217769575534,!,not included,not included,90.9090909090909,,3.427366200896388,!,1.5034085278142604,
2015-16,N7,South West,Cornwall,BSU,50<71,A and B,0.5938242280285035,!,not included,not included,100.0,!,5.938242280285036,!,2.1198596935530825,!
2015-16,N7,South West,Dorset,BSU,50<71,A and B,0.390625,!,not included,not included,96.15384615384616,,3.515625,!,1.8014577396028868,!
2015-16,N7,South West,Gloucestershire,BSU,50<71,A and B,1.84218606079214,!,not included,not included,96.15384615384616,,2.1492170709241636,!,1.3520476762056133,!
2015-16,N7,South West,North & East Devon,BSU,50<71,A and B,2.207505518763797,!,not included,not included,91.66666666666666,!,6.622516556291391,!,2.244316269048634,!
2015-16,N7,South West,Somerset,BSU,50<71,A and B,1.2269938650306749,!,not included,not included,96.0,!,2.8629856850715747,!,1.4661122807429083,!
2015-16,N7,South West,South Devon,BSU,50<71,A and B,0.8424599831508003,!,not included,not included,100.0,!,7.582139848357203,!,2.779675016280953,!
2015-16,N7,South West,West Devon,BSU,50<71,A and B,1.949317738791423,!,not included,not included,92.3076923076923,!,4.548408057179987,!,1.5211762952055565,!
2015-16,N7,South West,Wiltshire,BSU,50<71,A and B,2.4630541871921183,!,not included,not included,86.66666666666667,!,2.052545155993432,!,0.8518516415181132,!
2016-17,N1,North East and Yorkshire,Barnsley,BSU,50<71,A and B,0.0,!,not included,not included,100.0,!,2.430133657351154,!,1.450587197697628,!
2016-17,N1,North East and Yorkshire,Doncaster,BSU,50<71,A and B,0.0,!,not included,not included,100.0,!,4.198740377886634,!,1.7552705988983284,!
2016-17,N1,North East and Yorkshire,Gateshead,BSU,50<71,A and B,0.7930214115781126,!,not included,not included,100.0,!,5.551149881046788,!,2.0002133560913165,!
2016-17,N1,North East and Yorkshire,Humberside,BSU,50<71,A and B,0.0,!,not included,not included,100.0,!,1.5628488501897744,!,0.7787110774246466,!
2016-17,N1,North East and Yorkshire,Leeds Wakefield,BSU,50<71,A and B,0.5105948429920858,!,not included,not included,94.73684210526315,,4.084758743936686,!,1.5265974374300555,
2016-17,N1,North East and Yorkshire,Newcastle,BSU,50<71,A and B,1.3020833333333333,!,not included,not included,100.0,,4.6875,!,2.3760378411442025,
2016-17,N1,North East and Yorkshire,North Cumbria,BSU,50<71,A and B,0.0,!,not included,not included,100.0,!,1.8682858477347033,!,0.9269859515279044,!
2016-17,N1,North East and Yorkshire,North Tees,BSU,50<71,A and B,0.8633093525179857,!,not included,not included,100.0,,4.60431654676259,!,1.6394410161911193,
2016-17,N1,North East and Yorkshire,North Yorkshire,BSU,50<71,A and B,0.7476635514018691,!,not included,not included,95.0,!,2.2429906542056073,!,1.3162605564096623,!
2016-17,N1,North East and Yorkshire,Pennine,BSU,50<71,A and B,1.2976901116013497,!,not included,not included,95.45454545454545,!,2.3358422008824293,!,0.9610048266467419,!
2016-17,N1,North East and Yorkshire,Rotherham,BSU,50<71,A and B,0.0,!,not included,not included,100.0,!,4.424778761061947,!,1.3897961169096493,!
2016-17,N1,North East and Yorkshire,Sheffield,BSU,50<71,A and B,0.0,!,not included,not included,100.0,!,4.441624365482234,!,2.261079288513717,!
2016-17,N2,North West,Bolton,BSU,50<71,A and B,0.0,!,not included,not included,100.0,,5.336617405582923,!,1.8299366658919936,!
2016-17,N2,North West,Cheshire & Stockport,BSU,50<71,A and B,1.4306151645207439,!,not included,not included,93.75,!,4.768717215069146,!,1.6524591897662098,!
2016-17,N2,North West,Chester,BSU,50<71,A and B,0.0,!,not included,not included,100.0,!,5.050505050505051,!,3.1619553531904128,!
2016-17,N2,North West,Crewe,BSU,50<71,A and B,0.0,!,not included,not included,100.0,!,3.270645952575634,!,0.7656528147311601,!
2016-17,N2,North West,East Lancashire,BSU,50<71,A and B,0.0,!,not included,not included,100.0,!,3.613835828600929,!,1.8988753910496508,!
2016-17,N2,North West,Liverpool,BSU,50<71,A and B,0.2922267679719462,!,not included,not included,100.0,,3.506721215663355,!,2.042675578179322,
2016-17,N2,North West,Manchester,BSU,50<71,A and B,0.15349194167306215,!,not included,not included,98.55072463768117,,4.758250191864927,,1.916566389175233,
2016-17,N2,North West,North Lancashire & South Cumbria,BSU,50<71,A and B,0.5471956224350205,!,not included,not included,100.0,,1.3679890560875512,!,1.404740103925227,!
2016-17,N2,North West,South Lancashire,BSU,50<71,A and B,1.0104412260020208,!,not included,not included,100.0,!,4.041764904008083,!,1.7077947003064273,!
2016-17,N2,North West,"Warrington, Halton, St Helens & Knowsley",BSU,50<71,A and B,1.434034416826004,!,not included,not included,90.9090909090909,!,1.9120458891013383,!,1.5798929283992522,!
2016-17,N2,North West,Wirral,BSU,50<71,A and B,0.0,!,not included,not included,87.5,!,2.9197080291970803,!,2.238399922861295,!
2016-17,N3,Midlands,"City, Sandwell & Walsall",BSU,50<71,A and B,0.49200492004920043,!,not included,not included,100.0,,3.1980319803198034,!,1.9318313533955915,
2016-17,N3,Midlands,"Dudley, Wolverhampton & South West Staffordshire",BSU,50<71,A and B,3.1559963931469794,!,not included,not included,88.88888888888889,!,4.508566275924256,!,2.1769914807066715,!
2016-17,N3,Midlands,Hereford & Worcester,BSU,50<71,A and B,1.4666340747983377,!,not included,not included,94.44444444444444,,3.4221461745294546,!,1.8748293612339189,
2016-17,N3,Midlands,Kettering,BSU,50<71,A and B,0.0,!,not included,not included,75.0,!,3.694581280788177,!,1.674836145197128,!
2016-17,N3,Midlands,Leicestershire,BSU,50<71,A and B,0.2963841138114997,!,not included,not included,100.0,,3.8529934795494962,!,1.6473945380992219,!
2016-17,N3,Midlands,Lincolnshire,BSU,50<71,A and B,0.0,!,not included,not included,100.0,!,3.3655868742111905,!,2.054155360660773,!
2016-17,N3,Midlands,North Derbyshire & Chesterfield,BSU,50<71,A and B,0.0,!,not included,not included,100.0,!,1.3458950201884252,!,1.4751099776438885,!
2016-17,N3,Midlands,North Midlands,BSU,50<71,A and B,0.0,!,not included,not included,90.9090909090909,!,5.863539445628998,!,2.0629403088221645,!
2016-17,N3,Midlands,North Nottinghamshire,BSU,50<71,A and B,1.7286084701815039,!,not included,not included,71.42857142857143,!,0.8643042350907519,!,0.6307927803663644,!
2016-17,N3,Midlands,Northampton,BSU,50<71,A and B,0.0,!,not included,not included,100.0,!,5.5910543130990416,!,2.5542970574497894,!
2016-17,N3,Midlands,Nottingham City,BSU,50<71,A and B,1.8375597206909224,!,not included,not included,100.0,!,2.940095553105476,!,1.5707765744853524,!
2016-17,N3,Midlands,Shropshire,BSU,50<71,A and B,0.8410428931875525,!,not included,not included,100.0,!,3.7846930193439863,!,1.5584933732861765,!
2016-17,N3,Midlands,South Birmingham,BSU,50<71,A and B,0.0,!,not included,not included,100.0,!,3.0525030525030523,!,1.4288694499138392,!
2016-17,N3,Midlands,South Derbyshire & South East Staffordshire,BSU,50<71,A and B,1.3888888888888888,!,not included,not included,90.47619047619048,!,2.7777777777777777,!,1.6664629878570398,!
2016-17,N3,Midlands,South Staffordshire,BSU,50<71,A and B,0.6193868070610096,!,not included,not included,95.45454545454545,!,2.4775472282440383,!,1.246546676161197,!
2016-17,N3,Midlands,"Warwickshire, Solihull & Coventry",BSU,50<71,A and B,0.7600709399543958,!,not included,not included,94.11764705882352,,1.77349885989359,!,1.2833495890947952,!
2016-17,N4,East of England,Beds & Herts,BSU,50<71,A and B,0.3497726477789437,!,not included,not included,96.42857142857143,,1.7488632388947185,!,1.6030133362488994,
2016-17,N4,East of England,Cambridge & Huntingdon,BSU,50<71,A and B,0.8257638315441783,!,not included,not included,100.0,!,3.3030553261767133,!,1.3729333063323115,!
2016-17,N4,East of England,Chelmsford & Colchester,BSU,50<71,A and B,0.6851661527920521,!,not included,not included,100.0,!,3.083247687564234,!,1.5375502131530137,!
2016-17,N4,East of England,East Suffolk,BSU,50<71,A and B,0.0,!,not included,not included,83.33333333333334,!,1.6025641025641024,!,1.2508052058512666,!
2016-17,N4,East of England,Great Yarmouth & Waveney,BSU,50<71,A and B,0.0,!,not included,not included,100.0,!,4.464285714285714,!,1.3545975039283324,!
2016-17,N4,East of England,King's Lynn,BSU,50<71,A and B,0.0,!,not included,not included,75.0,!,2.487562189054726,!,1.519402773416529,!
2016-17,N4,East of England,Milton Keynes,BSU,50<71,A and B,0.0,!,not included,not included,100.0,!,4.591368227731864,!,1.6450074025333115,!
2016-17,N4,East of England,Norfolk & Norwich,BSU,50<71,A and B,0.0,!,not included,not included,100.0,!,2.136752136752137,!,1.9835847343318844,!
2016-17,N4,East of England,Peterborough,BSU,50<71,A and B,0.0,!,not included,not included,100.0,!,3.0075187969924815,!,1.1916749587382545,!
2016-17,N4,East of England,South Essex,BSU,50<71,A and B,1.437076575651817,!,not included,not included,91.42857142857143,,3.079449804968179,!,1.4728707368010465,
2016-17,N4,East of England,West Essex (Epping),BSU,50<71,A and B,0.5534034311012728,!,not included,not included,100.0,!,1.6602102933038185,!,0.6843090668214118,!
2016-17,N4,East of England,West Suffolk,BSU,50<71,A and B,4.2105263157894735,!,not included,not included,100.0,!,0.0,!,1.7386768669042856,!
2016-17,N5,London,Central & East London,BSU,50<71,A and B,0.6935774726036898,!,not included,not included,98.57142857142858,,2.3581634068525457,!,1.454692218077553,
2016-17,N5,London,North London,BSU,50<71,A and B,0.40827436037016873,!,not included,not included,98.48484848484848,,2.31355470876429,!,1.250004360480327,
2016-17,N5,London,Outer North East London,BSU,50<71,A and B,2.6848913839394677,!,not included,not included,86.95652173913044,!,2.196729314132292,!,0.9526915778702074,!
2016-17,N5,London,South East London,BSU,50<71,A and B,0.627431296273058,!,not included,not included,98.4375,,2.635211444346844,!,1.3546670820979052,
2016-17,N5,London,South West London,BSU,50<71,A and B,1.9519336342564353,!,not included,not included,95.45454545454545,,2.19592533853849,!,1.6442761612842138,
2016-17,N5,London,West of London,BSU,50<71,A and B,2.848148703342827,!,not included,not included,96.55172413793103,,1.6489281966721632,!,1.3145712713594357,
2016-17,N6,South East,Aylesbury & Wycombe,BSU,50<71,A and B,0.888888888888889,!,not included,not included,95.65217391304348,!,3.555555555555556,!,1.403584538976463,!
2016-17,N6,South East,Brighton,BSU,50<71,A and B,1.2243648607284972,!,not included,not included,97.36842105263158,,3.3670033670033668,!,2.096799445326653,
2016-17,N6,South East,Canterbury,BSU,50<71,A and B,4.681647940074907,!,not included,not included,94.11764705882352,!,2.3408239700374533,!,1.2051556558959229,!
2016-17,N6,South East,East Berkshire,BSU,50<71,A and B,2.2209883398112162,!,not included,not included,100.0,!,1.665741254858412,!,1.2889953312589102,!
2016-17,N6,South East,Guildford,BSU,50<71,A and B,1.9916351324437365,!,not included,not included,98.36065573770492,,5.178251344353714,,2.0026234367020797,
2016-17,N6,South East,Isle of Wight,BSU,50<71,A and B,0.0,!,not included,not included,100.0,!,6.451612903225806,!,2.1388936419858715,!
2016-17,N6,South East,Maidstone,BSU,50<71,A and B,2.297970126388357,!,not included,not included,96.42857142857143,,4.212945231711988,!,2.22397669272426,!
2016-17,N6,South East,Medway,BSU,50<71,A and B,0.0,!,not included,not included,82.35294117647058,!,1.4825796886582654,!,1.0540202969175179,!
2016-17,N6,South East,North & Mid Hampshire,BSU,50<71,A and B,0.4880429477794046,!,not included,not included,86.95652173913044,!,4.392386530014641,!,1.8511662347278786,!
2016-17,N6,South East,Oxfordshire,BSU,50<71,A and B,0.0,!,not included,not included,96.55172413793103,,4.1039671682626535,!,1.6168593154541029,!
2016-17,N6,South East,Portsmouth,BSU,50<71,A and B,5.529953917050691,!,not included,not included,88.88888888888889,,3.686635944700461,!,2.5183577788923843,!
2016-17,N6,South East,Southampton & Salisbury,BSU,50<71,A and B,2.1436227224008575,!,not included,not included,90.0,,3.215434083601286,!,2.025080623522324,!
2016-17,N6,South East,West Berkshire,BSU,50<71,A and B,3.757380568974772,!,not included,not included,86.66666666666667,!,1.0735373054213635,!,1.1217860828725703,!
2016-17,N6,South East,Worthing,BSU,50<71,A and B,0.6702412868632708,!,not included,not included,93.33333333333333,,2.234137622877569,!,1.1331151277344498,!
2016-17,N7,South West,Avon,BSU,50<71,A and B,2.06307102858827,!,not included,not included,95.1219512195122,,5.894488653109343,!,2.1078426706230644,
2016-17,N7,South West,Cornwall,BSU,50<71,A and B,0.0,!,not included,not included,90.9090909090909,!,3.408316291751875,!,1.2662635727626705,!
2016-17,N7,South West,Dorset,BSU,50<71,A and B,1.1049723756906078,!,not included,not included,92.85714285714286,,2.2099447513812156,!,1.5615471480396008,!
2016-17,N7,South West,Gloucestershire,BSU,50<71,A and B,1.8492834026814609,!,not included,not included,100.0,!,1.8492834026814609,!,1.4339036593221386,!
2016-17,N7,South West,North & East Devon,BSU,50<71,A and B,2.0366598778004072,!,not included,not included,88.88888888888889,!,6.109979633401222,!,2.2092257266344255,!
2016-17,N7,South West,Somerset,BSU,50<71,A and B,1.7857142857142856,!,not included,not included,90.0,!,7.142857142857142,!,2.036953044158426,!
2016-17,N7,South West,South Devon,BSU,50<71,A and B,0.0,!,not included,not included,87.5,!,4.325883201153569,!,1.92996676948126,!
2016-17,N7,South West,West Devon,BSU,50<71,A and B,2.225519287833828,!,not included,not included,91.66666666666666,!,1.483679525222552,!,1.5486428726292856,!
2016-17,N7,South West,Wiltshire,BSU,50<71,A and B,1.6722408026755853,!,not included,not included,95.23809523809523,!,6.131549609810479,!,2.2865098459654534,!
2017-18,N1,North East and Yorkshire,Barnsley,BSU,50<71,A and B,0.0,!,not included,not included,100.0,!,3.561887800534283,!,1.9380596147137483,!
2017-18,N1,North East and Yorkshire,Doncaster,BSU,50<71,A and B,0.0,!,not included,not included,91.66666666666666,!,7.292616226071103,!,2.3185033428602737,!
2017-18,N1,North East and Yorkshire,Gateshead,BSU,50<71,A and B,0.9000900090009001,!,not included,not included,100.0,!,1.8001800180018002,!,0.556582140392279,!
2017-18,N1,North East and Yorkshire,Humberside,BSU,50<71,A and B,0.0,!,not included,not included,100.0,,2.734731084776664,!,1.3240584202449925,!
2017-18,N1,North East and Yorkshire,Leeds Wakefield,BSU,50<71,A and B,0.8172160174339417,!,not included,not included,91.17647058823529,,4.630890765459003,!,1.578119437128984,
2017-18,N1,North East and Yorkshire,Newcastle,BSU,50<71,A and B,0.0,!,not included,not included,93.93939393939394,,4.889178617992178,!,1.5854608708257079,!
2017-18,N1,North East and Yorkshire,North Cumbria,BSU,50<71,A and B,0.5089058524173028,!,not included,not included,100.0,,5.089058524173028,!,2.3914893188534947,!
2017-18,N1,North East and Yorkshire,North Tees,BSU,50<71,A and B,0.0,!,not included,not included,94.11764705882352,,2.44140625,!,1.3464181764112217,!
2017-18,N1,North East and Yorkshire,North Yorkshire,BSU,50<71,A and B,0.6555227794165848,!,not included,not included,97.5609756097561,,3.2776138970829236,!,2.3844613117306266,
2017-18,N1,North East and Yorkshire,Pennine,BSU,50<71,A and B,0.45724737082761774,!,not included,not included,87.5,,3.429355281207133,!,1.253097500383761,!
2017-18,N1,North East and Yorkshire,Rotherham,BSU,50<71,A and B,0.0,!,not included,not included,100.0,!,1.9607843137254901,!,1.4538616989827813,!
2017-18,N1,North East and Yorkshire,Sheffield,BSU,50<71,A and B,0.0,!,not included,not included,94.11764705882352,!,1.5756302521008403,!,1.1487592124106838,!
2017-18,N2,North West,Bolton,BSU,50<71,A and B,0.5279831045406547,!,not included,not included,100.0,!,3.6958817317845827,!,2.4972173863409344,!
2017-18,N2,North West,Cheshire & Stockport,BSU,50<71,A and B,0.0,!,not included,not included,100.0,!,1.7452006980802792,!,1.0843252650497568,!
2017-18,N2,North West,Chester,BSU,50<71,A and B,0.0,!,not included,not included,100.0,!,5.671077504725898,!,1.5012648156071489,!
2017-18,N2,North West,Crewe,BSU,50<71,A and B,1.0905125408942202,!,not included,not included,100.0,!,2.1810250817884405,!,1.2598076021829945,!
2017-18,N2,North West,East Lancashire,BSU,50<71,A and B,0.5249343832020997,!,not included,not included,94.11764705882352,!,1.574803149606299,!,1.2786148184483195,!
2017-18,N2,North West,Liverpool,BSU,50<71,A and B,0.3763643206624012,!,not included,not included,94.11764705882352,,3.7636432066240117,!,2.045296499815923,!
2017-18,N2,North West,Manchester,BSU,50<71,A and B,1.4093013891685122,!,not included,not included,97.43589743589743,,2.617274008455808,!,1.2293962298515615,
2017-18,N2,North West,North Lancashire & South Cumbria,BSU,50<71,A and B,0.9448818897637795,!,not included,not included,96.7741935483871,,3.149606299212598,!,1.6509254513845522,!
2017-18,N2,North West,South Lancashire,BSU,50<71,A and B,0.9272137227630969,!,not included,not included,100.0,!,1.8544274455261938,!,1.3799809350326206,!
2017-18,N2,North West,"Warrington, Halton, St Helens & Knowsley",BSU,50<71,A and B,1.5756302521008403,!,not included,not included,85.71428571428571,!,2.100840336134454,!,1.7214158891604898,!
2017-18,N2,North West,Wirral,BSU,50<71,A and B,0.0,!,not included,not included,100.0,!,5.32724505327245,!,2.4541598008624614,!
2017-18,N3,Midlands,"City, Sandwell & Walsall",BSU,50<71,A and B,0.4666355576294914,!,not included,not included,100.0,,1.8665422305179655,!,1.2876337797845787,!
2017-18,N3,Midlands,"Dudley, Wolverhampton & South West Staffordshire",BSU,50<71,A and B,2.9940119760479043,!,not included,not included,95.45454545454545,!,0.8982035928143712,!,0.8991565911175318,!
2017-18,N3,Midlands,Hereford & Worcester,BSU,50<71,A and B,1.8034265103697023,!,not included,not included,97.05882352941177,,3.907424105801022,!,2.1525837462706483,
2017-18,N3,Midlands,Kettering,BSU,50<71,A and B,0.6906077348066298,!,not included,not included,90.9090909090909,!,1.3812154696132597,!,1.3043421550341086,!
2017-18,N3,Midlands,Leicestershire,BSU,50<71,A and B,0.7761966364812419,!,not included,not included,97.5609756097561,,5.433376455368694,!,1.8894614656930482,
2017-18,N3,Midlands,Lincolnshire,BSU,50<71,A and B,0.0,!,not included,not included,100.0,!,4.633920296570898,!,2.0050569647236607,!
2017-18,N3,Midlands,North Derbyshire & Chesterfield,BSU,50<71,A and B,0.0,!,not included,not included,95.0,!,5.474452554744526,!,2.203199633387581,!
2017-18,N3,Midlands,North Midlands,BSU,50<71,A and B,1.3303769401330376,!,not included,not included,100.0,!,4.434589800443459,!,2.017413463580378,!
2017-18,N3,Midlands,North Nottinghamshire,BSU,50<71,A and B,1.2165450121654502,!,not included,not included,100.0,!,2.4330900243309004,!,1.1501325527767072,!
2017-18,N3,Midlands,Northampton,BSU,50<71,A and B,0.6053268765133172,!,not included,not included,100.0,!,3.6319612590799033,!,1.7332424343967736,!
2017-18,N3,Midlands,Nottingham City,BSU,50<71,A and B,0.4180602006688963,!,not included,not included,100.0,,7.525083612040134,!,2.5509353102427896,
2017-18,N3,Midlands,Shropshire,BSU,50<71,A and B,0.8729812309035355,!,not included,not included,95.45454545454545,!,4.364906154517678,!,1.9479634042608451,!
2017-18,N3,Midlands,South Birmingham,BSU,50<71,A and B,0.0,!,not included,not included,90.9090909090909,!,1.663893510815308,!,1.2994341892273193,!
2017-18,N3,Midlands,South Derbyshire & South East Staffordshire,BSU,50<71,A and B,0.5567928730512249,!,not included,not included,88.63636363636364,,3.6191536748329622,!,1.7675315334423762,
2017-18,N3,Midlands,"Warwickshire, Solihull & Coventry",BSU,50<71,A and B,0.78064012490242,!,not included,not included,93.54838709677419,,2.0817069997397866,!,1.4044772291496193,!
2017-18,N4,East of England,Beds & Herts,BSU,50<71,A and B,0.39393342525113256,!,not included,not included,92.5,,2.954500689383494,!,1.593921602738266,
2017-18,N4,East of England,Cambridge & Huntingdon,BSU,50<71,A and B,2.1156558533145278,!,not included,not included,90.9090909090909,!,2.1156558533145278,!,1.38678303317185,!
2017-18,N4,East of England,Chelmsford & Colchester,BSU,50<71,A and B,0.3979307600477517,!,not included,not included,90.47619047619048,!,2.785515320334262,!,1.431204845487125,!
2017-18,N4,East of England,East Suffolk,BSU,50<71,A and B,0.0,!,not included,not included,100.0,!,1.392757660167131,!,1.3824604478065883,!
2017-18,N4,East of England,Great Yarmouth & Waveney,BSU,50<71,A and B,0.0,!,not included,not included,100.0,!,0.0,!,1.8959981798417471,!
2017-18,N4,East of England,King's Lynn,BSU,50<71,A and B,4.7281323877068555,!,not included,not included,100.0,!,0.0,!,0.4416024871052074,!
2017-18,N4,East of England,Milton Keynes,BSU,50<71,A and B,0.0,!,not included,not included,100.0,!,2.207505518763797,!,1.2549066851388933,!
2017-18,N4,East of England,Norfolk & Norwich,BSU,50<71,A and B,0.0,!,not included,not included,100.0,!,6.119951040391677,!,2.178617594515693,!
2017-18,N4,East of England,Peterborough,BSU,50<71,A and B,1.5015015015015014,!,not included,not included,100.0,!,4.504504504504505,!,2.143517696269667,!
2017-18,N4,East of England,South Essex,BSU,50<71,A and B,0.49419322955275513,!,not included,not included,100.0,!,2.4709661477637757,!,1.0059993064522428,!
2017-18,N4,East of England,West Essex (Epping),BSU,50<71,A and B,0.5963029218843172,!,not included,not included,100.0,!,2.9815146094215863,!,1.453648949593269,!
2017-18,N4,East of England,West Suffolk,BSU,50<71,A and B,1.669449081803005,!,not included,not included,75.0,!,3.33889816360601,!,1.0408787792573675,!
2017-18,N5,London,Central & East London,BSU,50<71,A and B,0.3881987577639751,!,not included,not included,97.22222222222221,,1.9409937888198758,!,1.218623703797841,
2017-18,N5,London,North London,BSU,50<71,A and B,0.28935185185185186,!,not included,not included,98.46153846153847,,2.893518518518518,!,1.466099109547549,
2017-18,N5,London,Outer North East London,BSU,50<71,A and B,1.1052777010223818,!,not included,not included,100.0,,2.2105554020447635,!,1.2123424114383867,!
2017-18,N5,London,South East London,BSU,50<71,A and B,0.29976019184652275,!,not included,not included,100.0,,2.997601918465228,!,1.6124881613751827,
2017-18,N5,London,South West London,BSU,50<71,A and B,1.9754626741526302,!,not included,not included,100.0,,2.495321272613849,!,1.5757697999111748,
2017-18,N5,London,West of London,BSU,50<71,A and B,1.381453980314281,!,not included,not included,100.0,,1.8994992229321361,!,1.0368755863710213,
2017-18,N6,South East,Aylesbury & Wycombe,BSU,50<71,A and B,0.7262164124909223,!,not included,not included,100.0,!,3.631082062454612,!,2.133238814444324,!
2017-18,N6,South East,Brighton,BSU,50<71,A and B,0.3595828838547285,!,not included,not included,83.33333333333334,!,0.719165767709457,!,0.9815437065053444,!
2017-18,N6,South East,Canterbury,BSU,50<71,A and B,3.3365109628217353,!,not included,not included,88.88888888888889,!,2.859866539561487,!,1.3818232839349223,!
2017-18,N6,South East,East Berkshire,BSU,50<71,A and B,1.1827321111768185,!,not included,not included,100.0,!,2.9568302779420463,!,2.423987783101573,!
2017-18,N6,South East,Guildford,BSU,50<71,A and B,2.639019792648445,!,not included,not included,98.24561403508771,,3.0160226201696516,!,1.6440820156978728,
2017-18,N6,South East,Isle of Wight,BSU,50<71,A and B,0.0,!,not included,not included,100.0,!,3.6231884057971016,!,0.7658375199117754,!
2017-18,N6,South East,Maidstone,BSU,50<71,A and B,1.544799176107106,!,not included,not included,81.25,!,3.604531410916581,!,1.3321868452604424,!
2017-18,N6,South East,Medway,BSU,50<71,A and B,1.3111888111888113,!,not included,not included,100.0,!,3.0594405594405596,!,2.171992875863367,!
2017-18,N6,South East,North & Mid Hampshire,BSU,50<71,A and B,1.9821605550049552,!,not included,not included,90.9090909090909,!,6.442021803766105,!,2.223298766888294,!
2017-18,N6,South East,Oxfordshire,BSU,50<71,A and B,1.5649452269170578,!,not included,not included,90.0,!,1.0432968179447053,!,1.0600981415301693,!
2017-18,N6,South East,Portsmouth,BSU,50<71,A and B,3.40522133938706,!,not included,not included,93.33333333333333,!,2.2701475595913734,!,1.2801933604051556,!
2017-18,N6,South East,Southampton & Salisbury,BSU,50<71,A and B,0.0,!,not included,not included,93.54838709677419,,5.517826825127335,!,2.376687923763457,
2017-18,N6,South East,West Berkshire,BSU,50<71,A and B,0.5467468562055768,!,not included,not included,85.71428571428571,!,2.1869874248223073,!,1.2623074981065388,!
2017-18,N6,South East,Worthing,BSU,50<71,A and B,0.0,!,not included,not included,100.0,,2.0022246941045605,!,1.6356128852527865,
2017-18,N7,South West,Avon,BSU,50<71,A and B,0.894854586129754,!,not included,not included,96.07843137254902,,3.579418344519016,!,2.0892775064097964,
2017-18,N7,South West,Cornwall,BSU,50<71,A and B,0.6020469596628537,!,not included,not included,100.0,!,3.6122817579771223,!,1.5833352525275786,!
2017-18,N7,South West,Dorset,BSU,50<71,A and B,2.0870602265951104,!,not included,not included,91.83673469387756,,5.963029218843173,!,2.5163105854196575,
2017-18,N7,South West,Gloucestershire,BSU,50<71,A and B,2.097535395909806,!,not included,not included,94.11764705882352,!,2.6219192448872577,!,1.4872947843050737,!
2017-18,N7,South West,North & East Devon,BSU,50<71,A and B,0.966183574879227,!,not included,not included,100.0,!,5.797101449275362,!,2.13974478680361,!
2017-18,N7,South West,Somerset,BSU,50<71,A and B,0.5704506560182544,!,not included,not included,100.0,!,1.1409013120365088,!,0.8138440295045589,!
2017-18,N7,South West,South Devon,BSU,50<71,A and B,1.4064697609001406,!,not included,not included,87.5,!,3.5161744022503516,!,1.6769969679894818,!
2017-18,N7,South West,West Devon,BSU,50<71,A and B,3.234501347708895,!,not included,not included,94.73684210526315,!,2.15633423180593,!,1.6739849856423594,!
2017-18,N7,South West,Wiltshire,BSU,50<71,A and B,0.9385265133740027,!,not included,not included,94.44444444444444,!,2.8155795401220085,!,1.6416263920991805,!
2018-19,N1,North East and Yorkshire,Barnsley,BSU,50<71,A and B,0.0,!,not included,not included,100.0,!,1.7482517482517483,!,1.5422935447303683,!
2018-19,N1,North East and Yorkshire,Doncaster,BSU,50<71,A and B,0.6277463904582549,!,not included,not included,100.0,!,2.5109855618330195,!,1.0143398676141566,!
2018-19,N1,North East and Yorkshire,Gateshead,BSU,50<71,A and B,0.0,!,not included,not included,100.0,!,3.785011355034065,!,2.042727575565207,!
2018-19,N1,North East and Yorkshire,Humberside,BSU,50<71,A and B,0.3412969283276451,!,not included,not included,100.0,!,1.023890784982935,!,1.37622254436024,!
2018-19,N1,North East and Yorkshire,Leeds Wakefield,BSU,50<71,A and B,0.7060484819957638,!,not included,not included,94.54545454545455,,6.354436337961873,,1.9425543510519472,
2018-19,N1,North East and Yorkshire,Newcastle,BSU,50<71,A and B,0.0,!,not included,not included,96.66666666666667,,2.751031636863824,!,1.4888158585530904,!
2018-19,N1,North East and Yorkshire,North Cumbria,BSU,50<71,A and B,0.0,!,not included,not included,100.0,!,4.3763676148796495,!,1.6263203688494594,!
2018-19,N1,North East and Yorkshire,North Tees,BSU,50<71,A and B,0.6978367062107467,!,not included,not included,100.0,,3.4891835310537336,!,1.8507640436780313,!
2018-19,N1,North East and Yorkshire,North Yorkshire,BSU,50<71,A and B,0.0,!,not included,not included,90.625,,1.5422578655151142,!,1.6031573455212154,!
2018-19,N1,North East and Yorkshire,Pennine,BSU,50<71,A and B,1.3336296954878863,!,not included,not included,95.1219512195122,,2.88953100689042,!,1.5072169706394132,
2018-19,N1,North East and Yorkshire,Rotherham,BSU,50<71,A and B,0.0,!,not included,not included,66.66666666666666,!,2.4330900243309004,!,0.5886612078150661,!
2018-19,N1,North East and Yorkshire,Sheffield,BSU,50<71,A and B,1.1037527593818985,!,not included,not included,100.0,!,3.863134657836645,!,1.727253401360544,!
2018-19,N2,North West,Bolton,BSU,50<71,A and B,0.35893754486719315,!,not included,not included,100.0,!,1.7946877243359654,!,1.3190110714491807,!
2018-19,N2,North West,Cheshire & Stockport,BSU,50<71,A and B,1.2300123001230012,!,not included,not included,100.0,!,3.6900369003690034,!,1.25953044704934,!
2018-19,N2,North West,Crewe,BSU,50<71,A and B,0.0,!,not included,not included,100.0,!,1.6680567139282736,!,0.7722276063646999,!
2018-19,N2,North West,East Lancashire,BSU,50<71,A and B,1.4044943820224718,!,not included,not included,100.0,!,2.3408239700374533,!,1.0353360183047409,!
2018-19,N2,North West,Liverpool,BSU,50<71,A and B,1.6207455429497568,!,not included,not included,93.10344827586206,,2.1609940572663424,!,1.4094864566736118,!
2018-19,N2,North West,Manchester,BSU,50<71,A and B,1.114330287497214,!,not included,not included,100.0,,3.3429908624916425,!,1.4168416547537968,
2018-19,N2,North West,North Lancashire & South Cumbria,BSU,50<71,A and B,1.3333333333333333,!,not included,not included,96.29629629629629,,3.3333333333333335,!,1.1557486940039758,!
2018-19,N2,North West,South Lancashire,BSU,50<71,A and B,0.7923930269413629,!,not included,not included,100.0,!,3.9619651347068148,!,1.7769364866785877,!
2018-19,N2,North West,"Warrington, Halton, St Helens & Knowsley",BSU,50<71,A and B,1.2401818933443571,!,not included,not included,96.96969696969697,,3.7205456800330716,!,2.3248785250970636,!
2018-19,N2,North West,Wirral & Chester,BSU,50<71,A and B,0.0,!,not included,not included,100.0,!,2.860411899313501,!,1.5397209512396037,!
2018-19,N3,Midlands,"City, Sandwell & Walsall",BSU,50<71,A and B,1.191043353978085,!,not included,not included,100.0,,3.0967127203430205,!,1.5150501951802595,
2018-19,N3,Midlands,"Dudley, Wolverhampton & South West Staffordshire",BSU,50<71,A and B,1.71939477303989,!,not included,not included,92.0,!,3.094910591471802,!,1.7248913318460937,!
2018-19,N3,Midlands,Hereford & Worcester,BSU,50<71,A and B,0.6963788300835655,!,not included,not included,100.0,,2.437325905292479,!,1.7418319955535781,!
2018-19,N3,Midlands,Kettering,BSU,50<71,A and B,5.012531328320802,!,not included,not included,100.0,!,3.341687552213868,!,1.1819399574501617,!
2018-19,N3,Midlands,Leicestershire,BSU,50<71,A and B,0.2648305084745763,!,not included,not included,100.0,!,3.4427966101694913,!,1.0600221981119136,!
2018-19,N3,Midlands,Lincolnshire,BSU,50<71,A and B,0.33467202141900937,!,not included,not included,96.66666666666667,,3.3467202141900936,!,1.5375011915634236,!
2018-19,N3,Midlands,North Derbyshire & Chesterfield,BSU,50<71,A and B,1.203369434416366,!,not included,not included,100.0,!,3.0084235860409145,!,1.4855221015978275,!
2018-19,N3,Midlands,North Midlands,BSU,50<71,A and B,0.0,!,not included,not included,96.66666666666667,,4.058441558441558,!,2.0557519940794338,!
2018-19,N3,Midlands,North Nottinghamshire,BSU,50<71,A and B,0.0,!,not included,not included,100.0,!,0.0,!,0.0,!
2018-19,N3,Midlands,Northampton,BSU,50<71,A and B,0.6097560975609756,!,not included,not included,100.0,!,1.829268292682927,!,1.2855196213144866,!
2018-19,N3,Midlands,Nottingham City,BSU,50<71,A and B,0.0,!,not included,not included,96.66666666666667,,4.044117647058824,!,2.182575019468569,
2018-19,N3,Midlands,Shropshire,BSU,50<71,A and B,0.0,!,not included,not included,100.0,!,2.8449502133712663,!,1.8692899034979087,!
2018-19,N3,Midlands,South Birmingham,BSU,50<71,A and B,0.7077140835102619,!,not included,not included,100.0,!,1.4154281670205238,!,1.2869888643288512,!
2018-19,N3,Midlands,South Derbyshire & South East Staffordshire,BSU,50<71,A and B,1.0206685378923195,!,not included,not included,96.66666666666667,,2.041337075784639,!,1.1081260111649853,!
2018-19,N3,Midlands,"Warwickshire, Solihull & Coventry",BSU,50<71,A and B,0.5390835579514826,!,not included,not included,97.67441860465115,,4.582210242587601,!,2.163364959668696,
2018-19,N4,East of England,Beds & Herts,BSU,50<71,A and B,0.3561253561253561,!,not included,not included,98.0392156862745,,2.314814814814815,!,1.561730693515283,
2018-19,N4,East of England,Cambridge & Huntingdon,BSU,50<71,A and B,0.0,!,not included,not included,92.3076923076923,!,3.903708523096942,!,1.5959051974279812,!
2018-19,N4,East of England,Chelmsford & Colchester,BSU,50<71,A and B,0.0,!,not included,not included,100.0,,2.927088877062267,!,1.9380170467979434,
2018-19,N4,East of England,East Suffolk,BSU,50<71,A and B,0.0,!,not included,not included,100.0,!,2.395209580838323,!,0.7803355442840422,!
2018-19,N4,East of England,Great Yarmouth & Waveney,BSU,50<71,A and B,0.0,!,not included,not included,100.0,!,4.17536534446764,!,2.195293291183702,!
2018-19,N4,East of England,King's Lynn,BSU,50<71,A and B,2.05761316872428,!,not included,not included,100.0,!,10.2880658436214,!,3.3233632436025258,!
2018-19,N4,East of England,Milton Keynes,BSU,50<71,A and B,0.931098696461825,!,not included,not included,87.5,!,2.793296089385475,!,1.0798296460750352,!
2018-19,N4,East of England,Norfolk & Norwich,BSU,50<71,A and B,0.0,!,not included,not included,100.0,!,3.314917127071823,!,1.7818086248446485,!
2018-19,N4,East of England,Peterborough,BSU,50<71,A and B,1.2578616352201257,!,not included,not included,100.0,!,2.5157232704402515,!,1.0129300521152511,!
2018-19,N4,East of England,South Essex,BSU,50<71,A and B,1.0634526763559022,!,not included,not included,95.83333333333334,!,3.544842254519674,!,1.3640857095171457,!
2018-19,N4,East of England,West Essex (Epping),BSU,50<71,A and B,1.4326647564469914,!,not included,not included,100.0,!,1.4326647564469914,!,0.8368873147968372,!
2018-19,N4,East of England,West Suffolk,BSU,50<71,A and B,1.4347202295552368,!,not included,not included,100.0,!,3.586800573888092,!,1.3879009732655574,!
2018-19,N5,London,Central & East London,BSU,50<71,A and B,0.5022601707684581,!,not included,not included,97.05882352941177,,4.018081366147665,!,1.4000347208610773,
2018-19,N5,London,North London,BSU,50<71,A and B,0.5904059040590406,!,not included,not included,98.4375,,2.804428044280443,!,1.3103747359750904,
2018-19,N5,London,Outer North East London,BSU,50<71,A and B,1.3016596160104132,!,not included,not included,92.5925925925926,,4.555808656036446,!,1.503346018710215,!
2018-19,N5,London,South East London,BSU,50<71,A and B,0.407221392697163,!,not included,not included,100.0,,1.2216641780914892,!,1.1176870041396711,
2018-19,N5,London,South West London,BSU,50<71,A and B,1.8685767673621925,!,not included,not included,96.66666666666667,,2.1800062285892245,!,1.4572368755485818,
2018-19,N5,London,West of London,BSU,50<71,A and B,0.493421052631579,!,not included,not included,100.0,,1.644736842105263,!,1.3216459168257724,
2018-19,N6,South East,Aylesbury & Wycombe,BSU,50<71,A and B,0.0,!,not included,not included,100.0,!,2.49003984063745,!,1.0596962204168139,!
2018-19,N6,South East,Brighton,BSU,50<71,A and B,0.6363347120585428,!,not included,not included,92.0,!,1.9090041361756285,!,1.335824894135877,!
2018-19,N6,South East,Canterbury,BSU,50<71,A and B,5.516549648946841,!,not included,not included,100.0,!,5.015045135406218,!,1.7277684790238108,!
2018-19,N6,South East,East Berkshire,BSU,50<71,A and B,0.0,!,not included,not included,100.0,!,1.6420361247947455,!,1.5023812743197968,!
2018-19,N6,South East,Guildford,BSU,50<71,A and B,1.0863661053775122,!,not included,not included,93.24324324324324,,2.7159152634437804,!,2.0554036141545997,
2018-19,N6,South East,Isle of Wight,BSU,50<71,A and B,1.9011406844106464,!,not included,not included,100.0,!,1.9011406844106464,!,2.593428252807386,!
2018-19,N6,South East,Maidstone,BSU,50<71,A and B,0.5720823798627003,!,not included,not included,100.0,!,2.288329519450801,!,1.6756420931605447,!
2018-19,N6,South East,Medway,BSU,50<71,A and B,0.0,!,not included,not included,95.45454545454545,!,2.834008097165992,!,1.631208668050955,!
2018-19,N6,South East,North & Mid Hampshire,BSU,50<71,A and B,1.2401818933443571,!,not included,not included,84.21052631578947,!,3.7205456800330716,!,1.444902960317185,!
2018-19,N6,South East,Oxfordshire,BSU,50<71,A and B,0.6317119393556537,!,not included,not included,96.7741935483871,,3.790271636133923,!,1.8320694598601215,!
2018-19,N6,South East,Portsmouth,BSU,50<71,A and B,3.1832651205093225,!,not included,not included,90.0,!,4.092769440654843,!,1.5801083322272573,!
2018-19,N6,South East,Southampton & Salisbury,BSU,50<71,A and B,1.1824990145841545,!,not included,not included,96.29629629629629,,5.518328734726055,!,1.8603924311794326,!
2018-19,N6,South East,West Berkshire,BSU,50<71,A and B,0.0,!,not included,not included,100.0,!,1.4416146083613646,!,1.5766475967385918,!
2018-19,N6,South East,Worthing,BSU,50<71,A and B,0.370919881305638,!,not included,not included,96.29629629629629,,3.894658753709199,!,1.7044333207743507,
2018-19,N7,South West,Avon,BSU,50<71,A and B,0.7751937984496124,!,not included,not included,97.05882352941177,,3.359173126614987,!,1.6852120237470447,
2018-19,N7,South West,Cornwall,BSU,50<71,A and B,0.0,!,not included,not included,94.73684210526315,!,2.7906976744186047,!,1.4136181447675467,!
2018-19,N7,South West,Dorset,BSU,50<71,A and B,1.4787430683918668,!,not included,not included,91.8918918918919,,3.6968576709796674,!,2.037413707040283,!
2018-19,N7,South West,Gloucestershire,BSU,50<71,A and B,0.7984031936127745,!,not included,not included,95.45454545454545,!,2.7944111776447107,!,1.645803684664014,!
2018-19,N7,South West,North & East Devon,BSU,50<71,A and B,0.0,!,not included,not included,100.0,!,5.4288816503800215,!,1.112535156110933,!
2018-19,N7,South West,Somerset,BSU,50<71,A and B,0.47596382674916704,!,not included,not included,100.0,!,3.8077106139933363,!,1.5486520090441278,!
2018-19,N7,South West,South Devon,BSU,50<71,A and B,0.0,!,not included,not included,100.0,!,3.9215686274509802,!,1.0720963342882137,!
2018-19,N7,South West,West Devon,BSU,50<71,A and B,0.0,!,not included,not included,95.45454545454545,!,4.7912388774811765,!,2.0010775032709924,!
2018-19,N7,South West,Wiltshire,BSU,50<71,A and B,1.838235294117647,!,not included,not included,94.44444444444444,!,2.941176470588235,!,1.218943071875849,!
2019-20,N1,North East and Yorkshire,Barnsley,BSU,50<71,A and B,1.4970059880239521,!,not included,not included,100.0,!,2.9940119760479043,!,2.0429704790765775,!
2019-20,N1,North East and Yorkshire,Doncaster,BSU,50<71,A and B,0.8775778850372971,!,not included,not included,100.0,!,3.949100482667837,!,2.105506953436714,!
2019-20,N1,North East and Yorkshire,Gateshead,BSU,50<71,A and B,0.0,!,not included,not included,100.0,,3.264417845484222,!,2.018024999293691,
2019-20,N1,North East and Yorkshire,Humberside,BSU,50<71,A and B,0.3614022406938923,!,not included,not included,100.0,!,1.084206722081677,!,1.2061077295424028,!
2019-20,N1,North East and Yorkshire,Leeds Wakefield,BSU,50<71,A and B,1.0787486515641855,!,not included,not included,97.91666666666666,,3.883495145631068,!,1.8235382314920998,
2019-20,N1,North East and Yorkshire,Newcastle,BSU,50<71,A and B,0.5859947260474656,!,not included,not included,100.0,,4.394960445355991,!,2.3411302150396955,
2019-20,N1,North East and Yorkshire,North Cumbria,BSU,50<71,A and B,0.5022601707684581,!,not included,not included,100.0,!,4.018081366147665,!,1.4813863801336211,!
2019-20,N1,North East and Yorkshire,North Tees,BSU,50<71,A and B,0.2889338341519792,!,not included,not included,100.0,,2.0225368390638545,!,1.2186931276540427,!
2019-20,N1,North East and Yorkshire,North Yorkshire,BSU,50<71,A and B,0.3844675124951942,!,not included,not included,96.29629629629629,,3.0757400999615534,!,1.5939303133666993,!
2019-20,N1,North East and Yorkshire,Pennine,BSU,50<71,A and B,0.2117746717492588,!,not included,not included,97.67441860465115,,4.447268106734435,!,1.6608406980220365,
2019-20,N1,North East and Yorkshire,Rotherham,BSU,50<71,A and B,0.0,!,not included,not included,100.0,!,2.7247956403269753,!,0.989654808402829,!
2019-20,N1,North East and Yorkshire,Sheffield,BSU,50<71,A and B,1.1594202898550725,!,not included,not included,100.0,!,2.318840579710145,!,1.4911331798821732,!
2019-20,N2,North West,Bolton,BSU,50<71,A and B,0.6546644844517185,!,not included,not included,100.0,,2.9459901800327333,!,1.4652701665133017,!
2019-20,N2,North West,Cheshire & Stockport,BSU,50<71,A and B,0.0,!,not included,not included,100.0,!,2.932551319648094,!,1.017804798610357,!
2019-20,N2,North West,Crewe,BSU,50<71,A and B,0.8032128514056225,!,not included,not included,100.0,!,4.819277108433735,!,2.0536794467760964,!
2019-20,N2,North West,East Lancashire,BSU,50<71,A and B,0.0,!,not included,not included,92.85714285714286,!,2.1459227467811157,!,0.9636287947701938,!
2019-20,N2,North West,Liverpool,BSU,50<71,A and B,0.0,!,not included,not included,100.0,,2.5,!,1.1502589293389887,!
2019-20,N2,North West,Manchester,BSU,50<71,A and B,0.450112528132033,!,not included,not included,100.0,,3.3008252063015755,!,1.8038074110903326,
2019-20,N2,North West,North Lancashire & South Cumbria,BSU,50<71,A and B,0.7849293563579278,!,not included,not included,88.23529411764706,!,1.5698587127158556,!,0.7984499425116041,!
2019-20,N2,North West,South Lancashire,BSU,50<71,A and B,0.8291873963515755,!,not included,not included,100.0,!,1.658374792703151,!,1.0604474316927246,!
2019-20,N2,North West,"Warrington, Halton, St Helens & Knowsley",BSU,50<71,A and B,1.0718113612004287,!,not included,not included,95.45454545454545,!,0.0,!,1.588081084976997,!
2019-20,N2,North West,Wirral & Chester,BSU,50<71,A and B,0.0,!,not included,not included,100.0,!,4.704652378463147,!,1.868730991501946,!
2019-20,N3,Midlands,"City, Sandwell & Walsall",BSU,50<71,A and B,0.2686005909213,!,not included,not included,96.7741935483871,,0.2686005909213,!,1.1661861979531098,!
2019-20,N3,Midlands,"Dudley, Wolverhampton & South West Staffordshire",BSU,50<71,A and B,0.9322560596643878,!,not included,not included,100.0,,2.175264139216905,!,1.522900065847298,!
2019-20,N3,Midlands,Hereford & Worcester,BSU,50<71,A and B,0.8107012565869477,!,not included,not included,100.0,!,2.432103769760843,!,1.4535887288729963,!
2019-20,N3,Midlands,Kettering,BSU,50<71,A and B,2.138275124732716,!,not included,not included,100.0,!,4.276550249465432,!,2.0409343397407333,!
2019-20,N3,Midlands,Leicestershire,BSU,50<71,A and B,0.24752475247524752,!,not included,not included,100.0,,3.7128712871287126,!,1.528031143625524,
2019-20,N3,Midlands,Lincolnshire,BSU,50<71,A and B,0.3388681802778719,!,not included,not included,95.65217391304348,!,2.0332090816672315,!,1.2349643095314544,!
2019-20,N3,Midlands,North Derbyshire & Chesterfield,BSU,50<71,A and B,0.0,!,not included,not included,100.0,!,0.7513148009015778,!,1.0834392696174737,!
2019-20,N3,Midlands,North Midlands,BSU,50<71,A and B,0.0,!,not included,not included,94.73684210526315,!,3.524672708962739,!,1.4090659301948738,!
2019-20,N3,Midlands,North Nottinghamshire,BSU,50<71,A and B,0.0,!,not included,not included,100.0,!,3.0364372469635628,!,1.4408806662632199,!
2019-20,N3,Midlands,Northampton,BSU,50<71,A and B,0.6333122229259025,!,not included,not included,100.0,!,1.266624445851805,!,1.449321572571879,!
2019-20,N3,Midlands,Nottingham City,BSU,50<71,A and B,0.4892367906066536,!,not included,not included,100.0,!,1.9569471624266144,!,1.5662863574220716,!
2019-20,N3,Midlands,Shropshire,BSU,50<71,A and B,0.0,!,not included,not included,100.0,!,3.3997085964060223,!,1.2882432578032408,!
2019-20,N3,Midlands,South Birmingham,BSU,50<71,A and B,0.0,!,not included,not included,100.0,!,2.471169686985173,!,2.009147098791589,!
2019-20,N3,Midlands,South Derbyshire & South East Staffordshire,BSU,50<71,A and B,0.3053435114503817,!,not included,not included,97.22222222222221,,3.0534351145038165,!,1.7416242387650722,!
2019-20,N3,Midlands,"Warwickshire, Solihull & Coventry",BSU,50<71,A and B,0.9237875288683602,!,not included,not included,96.875,,1.1547344110854503,!,1.284386780235,!
2019-20,N4,East of England,Beds & Herts,BSU,50<71,A and B,0.4466279589102278,!,not included,not included,100.0,,3.3497096918267086,!,1.2881989638758096,
2019-20,N4,East of England,Cambridge & Huntingdon,BSU,50<71,A and B,0.37271710771524413,!,not included,not included,100.0,!,1.4908684308609765,!,0.7389167111556103,!
2019-20,N4,East of England,Chelmsford & Colchester,BSU,50<71,A and B,0.4065040650406504,!,not included,not included,95.83333333333334,!,3.252032520325203,!,1.8339024865787292,!
2019-20,N4,East of England,East Suffolk,BSU,50<71,A and B,0.0,!,not included,not included,100.0,!,2.7685492801771874,!,1.4628671131514415,!
2019-20,N4,East of England,Great Yarmouth & Waveney,BSU,50<71,A and B,4.708097928436911,!,not included,not included,100.0,!,1.8832391713747645,!,1.376045794804051,!
2019-20,N4,East of England,King's Lynn,BSU,50<71,A and B,0.0,!,not included,not included,100.0,!,4.11946446961895,!,1.2191315881871025,!
2019-20,N4,East of England,Milton Keynes,BSU,50<71,A and B,0.992063492063492,!,not included,not included,100.0,!,1.984126984126984,!,1.5503120556694912,!
2019-20,N4,East of England,Norfolk & Norwich,BSU,50<71,A and B,0.4699248120300752,!,not included,not included,100.0,!,3.289473684210526,!,1.7844755091889335,!
2019-20,N4,East of England,Peterborough,BSU,50<71,A and B,1.1855364552459988,!,not included,not included,100.0,!,4.149377593360996,!,2.096201682551217,!
2019-20,N4,East of England,South Essex,BSU,50<71,A and B,0.9295840111550081,!,not included,not included,96.96969696969697,,2.788752033465024,!,1.436397426859748,
2019-20,N4,East of England,West Essex (Epping),BSU,50<71,A and B,0.7132667617689016,!,not included,not included,100.0,!,1.4265335235378032,!,1.012935182277686,!
2019-20,N4,East of England,West Suffolk,BSU,50<71,A and B,0.0,!,not included,not included,100.0,!,3.9093041438623923,!,1.3007574124590262,!
2019-20,N5,London,Central & East London,BSU,50<71,A and B,0.6582659394395336,!,not included,not included,100.0,,2.3509497837126196,,1.5056492846837384,
2019-20,N5,London,North London,BSU,50<71,A and B,0.28149190710767064,!,not included,not included,100.0,,1.8296973961998593,!,1.5860523157860082,
2019-20,N5,London,Outer North East London,BSU,50<71,A and B,1.1198208286674132,!,not included,not included,100.0,!,1.4930944382232176,!,1.4519618424427805,!
2019-20,N5,London,South East London,BSU,50<71,A and B,0.320358801858081,!,not included,not included,97.61904761904762,,1.4416146083613646,!,0.9884049870144034,
2019-20,N5,London,South West London,BSU,50<71,A and B,0.9960159362549801,!,not included,not included,90.9090909090909,,1.792828685258964,!,1.0222318387735945,!
2019-20,N5,London,West of London,BSU,50<71,A and B,1.059135039717564,!,not included,not included,100.0,,2.8243601059135037,!,1.2432500403168227,
2019-20,N6,South East,Aylesbury & Wycombe,BSU,50<71,A and B,0.5977286312014345,!,not included,not included,93.75,!,1.7931858936043037,!,1.2245031238435249,!
2019-20,N6,South East,Brighton,BSU,50<71,A and B,0.8066684592632428,!,not included,not included,91.66666666666666,,2.9577843506318904,!,1.4756359670227437,!
2019-20,N6,South East,Canterbury,BSU,50<71,A and B,1.0090817356205852,!,not included,not included,89.47368421052632,!,3.5317860746720484,!,1.8564951119575754,!
2019-20,N6,South East,East Berkshire,BSU,50<71,A and B,0.5509641873278236,!,not included,not included,100.0,!,0.5509641873278236,!,0.7486430844095078,!
2019-20,N6,South East,Guildford,BSU,50<71,A and B,1.4062225347161188,!,not included,not included,97.1830985915493,,4.394445420987871,,1.824565956032015,
2019-20,N6,South East,Isle of Wight,BSU,50<71,A and B,2.1141649048625792,!,not included,not included,100.0,!,4.2283298097251585,!,1.7011576377725042,!
2019-20,N6,South East,Maidstone,BSU,50<71,A and B,1.756440281030445,!,not included,not included,100.0,!,2.34192037470726,!,1.745838190344709,!
2019-20,N6,South East,Medway,BSU,50<71,A and B,0.0,!,not included,not included,100.0,!,1.7241379310344827,!,1.0006644411889496,!
2019-20,N6,South East,North & Mid Hampshire,BSU,50<71,A and B,0.5076142131979696,!,not included,not included,100.0,!,4.060913705583757,!,1.7251174805004217,!
2019-20,N6,South East,Oxfordshire,BSU,50<71,A and B,0.7564296520423601,!,not included,not included,93.75,!,2.26928895612708,!,0.8748783919035253,!
2019-20,N6,South East,Portsmouth,BSU,50<71,A and B,1.05318588730911,!,not included,not included,100.0,!,2.10637177461822,!,1.1837093188699834,!
2019-20,N6,South East,Southampton & Salisbury,BSU,50<71,A and B,1.7316017316017316,!,not included,not included,96.66666666666667,,3.463203463203463,!,2.0960246035178915,!
2019-20,N6,South East,West Berkshire,BSU,50<71,A and B,1.3617793917385383,!,not included,not included,100.0,!,1.8157058556513845,!,1.1487170918660385,!
2019-20,N6,South East,Worthing,BSU,50<71,A and B,0.38102495713469237,!,not included,not included,97.5,,3.048199657077539,!,1.3186697259804308,
2019-20,N7,South West,Avon,BSU,50<71,A and B,0.21272069772388852,!,not included,not included,100.0,,3.8289725590299937,!,1.44974629439848,
2019-20,N7,South West,Cornwall,BSU,50<71,A and B,1.375515818431912,!,not included,not included,100.0,!,3.43878954607978,!,1.5405044844085543,!
2019-20,N7,South West,Dorset,BSU,50<71,A and B,1.1811023622047243,!,not included,not included,100.0,!,3.543307086614173,!,1.5106652969967973,!
2019-20,N7,South West,Gloucestershire,BSU,50<71,A and B,0.43029259896729777,!,not included,not included,100.0,,3.0120481927710845,!,1.9836629693973002,!
2019-20,N7,South West,North & East Devon,BSU,50<71,A and B,0.4551661356395084,!,not included,not included,100.0,!,2.2758306781975417,!,1.699188425128448,!
2019-20,N7,South West,Somerset,BSU,50<71,A and B,0.0,!,not included,not included,100.0,!,4.057971014492754,!,1.4704113141466935,!
2019-20,N7,South West,South Devon,BSU,50<71,A and B,0.0,!,not included,not included,92.3076923076923,!,2.6990553306342777,!,1.5427670452616997,!
2019-20,N7,South West,West Devon,BSU,50<71,A and B,0.6112469437652812,!,not included,not included,94.11764705882352,!,2.444987775061125,!,2.172055778392389,!
2019-20,N7,South West,Wiltshire,BSU,50<71,A and B,1.7301038062283738,!,not included,not included,95.65217391304348,!,3.027681660899654,!,1.690213662891856,!
2020-21,N1,North East and Yorkshire,Barnsley,BSU,50<71,A and B,0.0,!,not included,not included,100.0,!,3.2679738562091503,!,1.6117074428649711,!
2020-21,N1,North East and Yorkshire,Doncaster,BSU,50<71,A and B,0.0,!,not included,not included,100.0,!,0.9242144177449169,!,0.7177514283253422,!
2020-21,N1,North East and Yorkshire,Gateshead,BSU,50<71,A and B,0.19212295869356388,!,not included,not included,100.0,,2.6897214217098946,!,1.6359767650399946,
2020-21,N1,North East and Yorkshire,Humberside,BSU,50<71,A and B,0.0,!,not included,not included,93.75,!,4.151838671411625,!,2.1958536792900807,!
2020-21,N1,North East and Yorkshire,Leeds Wakefield,BSU,50<71,A and B,0.41476565740356697,!,not included,not included,100.0,!,2.4885939444214022,!,1.4576267892368837,!
2020-21,N1,North East and Yorkshire,Newcastle,BSU,50<71,A and B,1.100715465052284,!,not included,not included,100.0,!,2.201430930104568,!,1.2800622622284346,!
2020-21,N1,North East and Yorkshire,North Cumbria,BSU,50<71,A and B,0.0,!,not included,not included,100.0,!,0.8210180623973727,!,1.0232858937992968,!
2020-21,N1,North East and Yorkshire,North Tees,BSU,50<71,A and B,0.0,!,not included,not included,100.0,!,3.802281368821293,!,2.2921112407427353,!
2020-21,N1,North East and Yorkshire,North Yorkshire,BSU,50<71,A and B,0.0,!,not included,not included,94.73684210526315,!,3.0120481927710845,!,1.427912392082775,!
2020-21,N1,North East and Yorkshire,Pennine,BSU,50<71,A and B,0.7518796992481204,!,not included,not included,95.65217391304348,!,1.8796992481203008,!,1.400383705135207,!
2020-21,N1,North East and Yorkshire,Rotherham,BSU,50<71,A and B,0.0,!,not included,not included,100.0,!,5.46448087431694,!,2.7288480168097036,!
2020-21,N1,North East and Yorkshire,Sheffield,BSU,50<71,A and B,1.7825311942959001,!,not included,not included,100.0,!,1.7825311942959001,!,0.43917049476947934,!
2020-21,N2,North West,Bolton,BSU,50<71,A and B,1.1261261261261262,!,not included,not included,100.0,!,2.2522522522522523,!,1.6194987651321915,!
2020-21,N2,North West,Cheshire & Stockport,BSU,50<71,A and B,1.243781094527363,!,not included,not included,100.0,!,2.487562189054726,!,0.847007803765232,!
2020-21,N2,North West,Crewe,BSU,50<71,A and B,0.0,!,not included,not included,100.0,!,5.9760956175298805,!,2.8602209997425803,!
2020-21,N2,North West,East Lancashire,BSU,50<71,A and B,0.7178750897343863,!,not included,not included,100.0,!,3.5893754486719307,!,2.179810926553786,!
2020-21,N2,North West,Liverpool,BSU,50<71,A and B,0.7057163020465773,!,not included,not included,100.0,!,2.117148906139732,!,1.2943727146231758,!
2020-21,N2,North West,Manchester,BSU,50<71,A and B,0.6105006105006106,!,not included,not included,100.0,!,1.8315018315018314,!,1.2491602866961653,!
2020-21,N2,North West,North Lancashire & South Cumbria,BSU,50<71,A and B,0.9433962264150944,!,not included,not included,87.5,!,2.830188679245283,!,0.8998470260055791,!
2020-21,N2,North West,South Lancashire,BSU,50<71,A and B,1.278772378516624,!,not included,not included,84.61538461538461,!,0.0,!,1.0774037647565837,!
2020-21,N2,North West,"Warrington, Halton, St Helens & Knowsley",BSU,50<71,A and B,0.8156606851549756,!,not included,not included,86.66666666666667,!,4.893964110929852,!,1.9197690133923084,!
2020-21,N2,North West,Wirral & Chester,BSU,50<71,A and B,0.0,!,not included,not included,100.0,!,5.5643879173290935,!,2.431151655240254,!
2020-21,N3,Midlands,"City, Sandwell & Walsall",BSU,50<71,A and B,0.0,!,not included,not included,95.83333333333334,!,0.8741258741258742,!,1.3782946163812284,!
2020-21,N3,Midlands,"Dudley, Wolverhampton & South West Staffordshire",BSU,50<71,A and B,1.893939393939394,!,not included,not included,100.0,!,1.2626262626262628,!,1.0325397527804818,!
2020-21,N3,Midlands,Hereford & Worcester,BSU,50<71,A and B,0.384172109104879,!,not included,not included,100.0,,2.3050326546292736,!,2.2925395033213167,!
2020-21,N3,Midlands,Kettering,BSU,50<71,A and B,2.063273727647868,!,not included,not included,93.75,!,3.43878954607978,!,1.8104611738371899,!
2020-21,N3,Midlands,Leicestershire,BSU,50<71,A and B,0.46446818392940087,!,not included,not included,100.0,!,3.715745471435207,!,1.7316691992328705,!
2020-21,N3,Midlands,Lincolnshire,BSU,50<71,A and B,0.0,!,not included,not included,100.0,!,3.893575600259572,!,2.2293490619217624,!
2020-21,N3,Midlands,North Derbyshire & Chesterfield,BSU,50<71,A and B,2.9702970297029703,!,not included,not included,100.0,!,4.9504950495049505,!,2.6057335613745005,!
2020-21,N3,Midlands,North Midlands,BSU,50<71,A and B,0.6825938566552902,!,not included,not included,100.0,!,5.460750853242321,!,2.3186331988526074,!
2020-21,N3,Midlands,North Nottinghamshire,BSU,50<71,A and B,0.0,!,not included,not included,100.0,!,2.1691973969631237,!,1.0171077523952887,!
2020-21,N3,Midlands,Northampton,BSU,50<71,A and B,3.048780487804878,!,not included,not included,100.0,!,3.048780487804878,!,1.366820433965488,!
2020-21,N3,Midlands,Nottingham City,BSU,50<71,A and B,0.5341880341880343,!,not included,not included,100.0,!,4.807692307692308,!,1.8783857903871728,!
2020-21,N3,Midlands,Shropshire,BSU,50<71,A and B,0.0,!,not included,not included,100.0,!,1.1527377521613833,!,1.4924348477567209,!
2020-21,N3,Midlands,South Birmingham,BSU,50<71,A and B,0.0,!,not included,not included,100.0,!,1.4104372355430184,!,1.3468648353794455,!
2020-21,N3,Midlands,South Derbyshire & South East Staffordshire,BSU,50<71,A and B,0.0,!,not included,not included,96.29629629629629,,3.8412291933418694,!,1.8811961899506497,!
2020-21,N3,Midlands,"Warwickshire, Solihull & Coventry",BSU,50<71,A and B,1.5625,!,not included,not included,100.0,,2.1875,!,1.9419074502444473,
2020-21,N4,East of England,Beds & Herts,BSU,50<71,A and B,0.2965599051008304,!,not included,not included,100.0,!,2.3724792408066433,!,1.1459955334824081,!
2020-21,N4,East of England,Cambridge & Huntingdon,BSU,50<71,A and B,0.0,!,not included,not included,92.3076923076923,!,3.2599837000814995,!,2.260881003666738,!
2020-21,N4,East of England,Chelmsford & Colchester,BSU,50<71,A and B,0.550357732526142,!,not included,not included,90.0,!,2.201430930104568,!,0.8164887174867389,!
2020-21,N4,East of England,East Suffolk,BSU,50<71,A and B,0.0,!,not included,not included,100.0,!,1.6910935738444193,!,0.8494396529755871,!
2020-21,N4,East of England,Great Yarmouth & Waveney,BSU,50<71,A and B,1.4204545454545454,!,not included,not included,100.0,!,1.4204545454545454,!,2.470704503741352,!
2020-21,N4,East of England,King's Lynn,BSU,50<71,A and B,0.0,!,not included,not included,100.0,!,3.0911901081916535,!,1.3388775615596775,!
2020-21,N4,East of England,Milton Keynes,BSU,50<71,A and B,2.2675736961451247,!,not included,not included,100.0,!,6.802721088435374,!,3.011372035851753,!
2020-21,N4,East of England,Norfolk & Norwich,BSU,50<71,A and B,0.32948929159802304,!,not included,not included,100.0,,4.942339373970346,!,2.189469996682111,
2020-21,N4,East of England,Peterborough,BSU,50<71,A and B,2.0380434782608696,!,not included,not included,100.0,!,0.6793478260869565,!,2.0422820459581534,!
2020-21,N4,East of England,South Essex,BSU,50<71,A and B,1.7326017903551834,!,not included,not included,95.83333333333334,!,2.310135720473578,!,1.3323310463987792,!
2020-21,N4,East of England,West Essex (Epping),BSU,50<71,A and B,0.0,!,not included,not included,100.0,!,4.819277108433735,!,2.0221512222459745,!
2020-21,N4,East of England,West Suffolk,BSU,50<71,A and B,0.7513148009015778,!,not included,not included,93.75,!,3.005259203606311,!,1.8688864053465102,!
2020-21,N5,London,Central & East London,BSU,50<71,A and B,0.2420135527589545,!,not included,not included,100.0,,2.420135527589545,!,1.3156931300225152,!
2020-21,N5,London,North London,BSU,50<71,A and B,0.6885471654808355,!,not included,not included,100.0,,1.8361257746155613,!,1.469259419789455,
2020-21,N5,London,Outer North East London,BSU,50<71,A and B,1.7398869073510221,!,not included,not included,95.45454545454545,!,2.609830361026533,!,1.5671095056944842,!
2020-21,N5,London,South East London,BSU,50<71,A and B,0.3181673560292714,!,not included,not included,100.0,!,2.8635062042634427,!,1.3246222251004138,!
2020-21,N5,London,South West London,BSU,50<71,A and B,0.3531073446327684,!,not included,not included,96.29629629629629,,1.4124293785310735,!,1.2539440458818125,!
2020-21,N5,London,West of London,BSU,50<71,A and B,0.4182350480970305,!,not included,not included,100.0,!,3.764115432873275,!,1.4921614891771662,!
2020-21,N6,South East,Aylesbury & Wycombe,BSU,50<71,A and B,0.0,!,not included,not included,100.0,!,4.237288135593221,!,2.3390911667661927,!
2020-21,N6,South East,Brighton,BSU,50<71,A and B,0.4004805766920304,!,not included,not included,100.0,!,0.8009611533840608,!,0.573641187437258,!
2020-21,N6,South East,Canterbury,BSU,50<71,A and B,0.0,!,not included,not included,100.0,!,1.6103059581320451,!,1.1449187234919511,!
2020-21,N6,South East,East Berkshire,BSU,50<71,A and B,0.0,!,not included,not included,100.0,!,1.5298317185109638,!,1.4993126228283036,!
2020-21,N6,South East,Guildford,BSU,50<71,A and B,0.5910165484633569,!,not included,not included,94.0,,4.137115839243498,!,2.4378583143834995,
2020-21,N6,South East,Isle of Wight,BSU,50<71,A and B,0.0,!,not included,not included,100.0,!,4.37956204379562,!,2.123322575165619,!
2020-21,N6,South East,Maidstone,BSU,50<71,A and B,1.256281407035176,!,not included,not included,95.45454545454545,!,4.396984924623116,!,2.3380874444704234,!
2020-21,N6,South East,Medway,BSU,50<71,A and B,0.0,!,not included,not included,100.0,!,2.0689655172413794,!,2.389274206760963,!
2020-21,N6,South East,North & Mid Hampshire,BSU,50<71,A and B,0.0,!,not included,not included,100.0,!,1.1827321111768185,!,0.6839982708523713,!
2020-21,N6,South East,Oxfordshire,BSU,50<71,A and B,0.0,!,not included,not included,95.45454545454545,!,3.205128205128205,!,2.216426676911483,!
2020-21,N6,South East,Portsmouth,BSU,50<71,A and B,1.1961722488038278,!,not included,not included,100.0,!,2.3923444976076556,!,1.6015973264001964,!
2020-21,N6,South East,Southampton & Salisbury,BSU,50<71,A and B,2.375296912114014,!,not included,not included,100.0,!,1.5835312747426762,!,1.0414822375204391,!
2020-21,N6,South East,West Berkshire,BSU,50<71,A and B,0.43252595155709345,!,not included,not included,95.23809523809523,!,2.5951557093425603,!,1.3357445234474539,!
2020-21,N6,South East,Worthing,BSU,50<71,A and B,0.4778972520908005,!,not included,not included,100.0,,4.778972520908004,!,2.171642012814974,
2020-21,N7,South West,Avon,BSU,50<71,A and B,0.5462988254575252,!,not included,not included,91.8918918918919,,3.8240917782026767,!,1.5772456034278803,!
2020-21,N7,South West,Cornwall,BSU,50<71,A and B,0.0,!,not included,not included,100.0,!,2.249718785151856,!,1.7935840934713538,!
2020-21,N7,South West,Dorset,BSU,50<71,A and B,0.6724949562878278,!,not included,not included,91.30434782608695,!,6.724949562878279,!,2.855311831777717,!
2020-21,N7,South West,Gloucestershire,BSU,50<71,A and B,1.2733446519524618,!,not included,not included,96.7741935483871,,3.8200339558573853,!,2.6050187248745944,
2020-21,N7,South West,North & East Devon,BSU,50<71,A and B,0.0,!,not included,not included,88.88888888888889,!,4.008016032064128,!,1.59325831129326,!
2020-21,N7,South West,Somerset,BSU,50<71,A and B,1.7035775127768313,!,not included,not included,100.0,!,3.4071550255536627,!,2.257591150242691,!
2020-21,N7,South West,South Devon,BSU,50<71,A and B,0.0,!,not included,not included,100.0,!,0.8756567425569177,!,1.502281321492495,!
2020-21,N7,South West,West Devon,BSU,50<71,A and B,2.067539627842867,!,not included,not included,100.0,!,2.7567195037904892,!,1.153558398069932,!
2020-21,N7,South West,Wiltshire,BSU,50<71,A and B,1.2322858903265559,!,not included,not included,100.0,!,4.313000616142944,!,1.6884904051532725,!
2021-22,N1,North East and Yorkshire,Barnsley,BSU,50<71,A and B,0.0,!,not included,not included,100.0,!,1.7064846416382253,!,0.6962794308611931,!
2021-22,N1,North East and Yorkshire,Doncaster,BSU,50<71,A and B,0.0,!,not included,not included,100.0,!,2.6954177897574128,!,1.0341992453792839,!
2021-22,N1,North East and Yorkshire,Gateshead,BSU,50<71,A and B,0.0,!,not included,not included,100.0,,2.4726973006387802,!,1.2921393371770766,
2021-22,N1,North East and Yorkshire,Humberside,BSU,50<71,A and B,0.40080160320641284,!,not included,not included,97.67441860465115,,3.2064128256513027,!,1.533698301094864,
2021-22,N1,North East and Yorkshire,Leeds Wakefield,BSU,50<71,A and B,1.9729425028184893,!,not included,not included,100.0,,2.536640360766629,!,1.1095583458482268,!
2021-22,N1,North East and Yorkshire,Newcastle,BSU,50<71,A and B,0.35587188612099646,!,not included,not included,100.0,!,2.491103202846975,!,1.3548502569580472,!
2021-22,N1,North East and Yorkshire,North Cumbria,BSU,50<71,A and B,0.0,!,not included,not included,100.0,!,3.2076984763432237,!,1.2404813729317041,!
2021-22,N1,North East and Yorkshire,North Tees,BSU,50<71,A and B,0.6640106241699867,!,not included,not included,100.0,,2.877379371403276,!,1.191211425366939,
2021-22,N1,North East and Yorkshire,North Yorkshire,BSU,50<71,A and B,0.0,!,not included,not included,100.0,,2.1156558533145278,!,1.2027928850791538,!
2021-22,N1,North East and Yorkshire,Pennine,BSU,50<71,A and B,0.0,!,not included,not included,100.0,,3.2043381809218636,!,1.3442686386447467,
2021-22,N1,North East and Yorkshire,Rotherham,BSU,50<71,A and B,0.0,!,not included,not included,90.0,!,0.0,!,1.5845148532422342,!
2021-22,N1,North East and Yorkshire,Sheffield,BSU,50<71,A and B,2.11118930330753,!,not included,not included,91.66666666666666,!,4.926108374384237,!,1.5016736835782425,!
2021-22,N2,North West,Bolton,BSU,50<71,A and B,0.5894488653109342,!,not included,not included,100.0,,3.2419687592101383,!,1.0749239939159303,!
2021-22,N2,North West,Cheshire & Stockport,BSU,50<71,A and B,0.3557452863749555,!,not included,not included,100.0,!,1.422981145499822,!,1.1125264920370916,!
2021-22,N2,North West,East Lancashire,BSU,50<71,A and B,0.0,!,not included,not included,100.0,!,0.5537098560354374,!,0.8347558965069639,!
2021-22,N2,North West,Liverpool,BSU,50<71,A and B,0.0,!,not included,not included,100.0,,3.7867754150888437,!,1.3392094869600057,!
2021-22,N2,North West,Manchester,BSU,50<71,A and B,0.24067388688327315,!,not included,not included,89.0909090909091,,3.128760529482551,!,1.7382371320477912,
2021-22,N2,North West,North Lancashire & South Cumbria,BSU,50<71,A and B,1.3623978201634876,!,not included,not included,100.0,,3.4059945504087192,!,1.1311536455045916,
2021-22,N2,North West,South Lancashire,BSU,50<71,A and B,0.0,!,not included,not included,78.94736842105263,!,1.762114537444934,!,1.1202338358874664,!
2021-22,N2,North West,"Warrington, Halton, St Helens & Knowsley",BSU,50<71,A and B,0.0,!,not included,not included,100.0,!,3.061224489795918,!,1.5880767199863426,!
2021-22,N2,North West,Wirral & Chester,BSU,50<71,A and B,0.6246096189881324,!,not included,not included,100.0,!,1.8738288569643973,!,1.1697712395363962,!
2021-22,N3,Midlands,"City, Sandwell & Walsall",BSU,50<71,A and B,0.46253469010175763,!,not included,not included,100.0,,2.543940795559667,!,0.7649681964472327,!
2021-22,N3,Midlands,"Dudley, Wolverhampton & South West Staffordshire",BSU,50<71,A and B,1.0351966873706004,!,not included,not included,100.0,,4.140786749482402,!,1.5731164879650033,!
2021-22,N3,Midlands,Hereford & Worcester,BSU,50<71,A and B,0.35650623885918004,!,not included,not included,100.0,,3.9215686274509802,!,1.892477821211312,
2021-22,N3,Midlands,Kettering,BSU,50<71,A and B,2.5284450063211126,!,not included,not included,100.0,!,3.7926675094816686,!,1.1324130589873962,!
2021-22,N3,Midlands,Leicestershire,BSU,50<71,A and B,0.5349500713266762,!,not included,not included,100.0,,3.566333808844508,!,1.2738195408163624,
2021-22,N3,Midlands,Lincolnshire,BSU,50<71,A and B,0.0,!,not included,not included,100.0,!,2.1629416005767843,!,1.7798856491927533,!
2021-22,N3,Midlands,North Derbyshire & Chesterfield,BSU,50<71,A and B,0.4666355576294914,!,not included,not included,100.0,!,1.8665422305179655,!,1.8167874989720805,!
2021-22,N3,Midlands,North Midlands,BSU,50<71,A and B,0.952683391552874,!,not included,not included,90.32258064516128,,3.1756113051762465,!,1.147935067390541,!
2021-22,N3,Midlands,North Nottinghamshire,BSU,50<71,A and B,1.0604453870625663,!,not included,not included,100.0,!,3.181336161187699,!,1.5120162088137585,!
2021-22,N3,Midlands,Northampton,BSU,50<71,A and B,0.7288629737609329,!,not included,not included,100.0,!,1.4577259475218658,!,0.7052494537842979,!
2021-22,N3,Midlands,Nottingham City,BSU,50<71,A and B,1.1865915158706617,!,not included,not included,100.0,!,3.263126668644319,!,0.9879648447238899,!
2021-22,N3,Midlands,Shropshire,BSU,50<71,A and B,1.9305019305019306,!,not included,not included,100.0,!,1.9305019305019306,!,1.4424209593381534,!
2021-22,N3,Midlands,South Birmingham,BSU,50<71,A and B,0.6009615384615385,!,not included,not included,100.0,!,4.206730769230769,!,1.442074635127385,!
2021-22,N3,Midlands,South Derbyshire & South East Staffordshire,BSU,50<71,A and B,0.37714501225721286,!,not included,not included,97.91666666666666,,3.3943051103149164,!,1.3319252980182856,
2021-22,N3,Midlands,"Warwickshire, Solihull & Coventry",BSU,50<71,A and B,0.6767426122264832,!,not included,not included,97.5609756097561,,2.932551319648094,!,1.4138528417779377,
2021-22,N4,East of England,Beds & Herts,BSU,50<71,A and B,0.5200208008320333,!,not included,not included,97.67441860465115,,1.733402669440111,!,1.0640682349201793,
2021-22,N4,East of England,Cambridge & Huntingdon,BSU,50<71,A and B,0.0,!,not included,not included,96.0,!,1.7569546120058566,!,1.0033766575634826,!
2021-22,N4,East of England,Chelmsford & Colchester,BSU,50<71,A and B,1.0395010395010396,!,not included,not included,100.0,,1.8191268191268193,!,1.026837200906643,!
2021-22,N4,East of England,East Suffolk,BSU,50<71,A and B,0.0,!,not included,not included,100.0,!,4.856333468231485,!,1.199718922995184,!
2021-22,N4,East of England,Great Yarmouth & Waveney,BSU,50<71,A and B,1.5698587127158556,!,not included,not included,100.0,!,6.279434850863423,!,2.2670522814642564,!
2021-22,N4,East of England,King's Lynn,BSU,50<71,A and B,0.0,!,not included,not included,100.0,!,1.8879798615481436,!,1.0118833045579019,!
2021-22,N4,East of England,Milton Keynes,BSU,50<71,A and B,0.0,!,not included,not included,93.75,!,5.0083472454090145,!,1.8471143456135652,!
2021-22,N4,East of England,Norfolk & Norwich,BSU,50<71,A and B,0.0,!,not included,not included,96.55172413793103,,3.19693094629156,!,1.4663675276910175,!
2021-22,N4,East of England,Peterborough,BSU,50<71,A and B,1.9890601690701142,!,not included,not included,100.0,!,1.9890601690701142,!,0.9330611559383639,!
2021-22,N4,East of England,South Essex,BSU,50<71,A and B,0.6965405154399814,!,not included,not included,97.36842105263158,,2.7861620617599256,!,1.5735204279975563,
2021-22,N4,East of England,West Essex (Epping),BSU,50<71,A and B,0.0,!,not included,not included,88.88888888888889,!,4.1928721174004195,!,1.0506146752484375,!
2021-22,N4,East of England,West Suffolk,BSU,50<71,A and B,2.1413276231263385,!,not included,not included,100.0,!,0.0,!,1.02060256375364,!
2021-22,N5,London,Central & East London,BSU,50<71,A and B,0.6585446163977609,!,not included,not included,100.0,,1.4268466688618153,!,0.9415509718852879,
2021-22,N5,London,North London,BSU,50<71,A and B,0.3395970115462984,!,not included,not included,100.0,,1.811184061580258,!,1.3376139724274545,
2021-22,N5,London,Outer North East London,BSU,50<71,A and B,0.7094714437743881,!,not included,not included,96.55172413793103,,1.0642071656615821,!,1.3022948916552664,!
2021-22,N5,London,South East London,BSU,50<71,A and B,0.0,!,not included,not included,100.0,,1.8788163457022078,!,1.0485750997988434,
2021-22,N5,London,South West London,BSU,50<71,A and B,0.9803921568627451,!,not included,not included,90.9090909090909,,2.156862745098039,!,1.0344478014191245,
2021-22,N5,London,West of London,BSU,50<71,A and B,1.147227533460803,!,not included,not included,97.95918367346938,,2.1032504780114722,!,1.0582774728831958,
2021-22,N6,South East,Aylesbury & Wycombe,BSU,50<71,A and B,0.42936882782310004,!,not included,not included,100.0,!,3.0055817947617003,!,1.3437631751780066,!
2021-22,N6,South East,Brighton,BSU,50<71,A and B,1.5531969971524722,!,not included,not included,93.02325581395348,,2.5886616619207867,!,1.2562081808296601,
2021-22,N6,South East,Canterbury,BSU,50<71,A and B,1.3204225352112675,!,not included,not included,94.73684210526315,!,1.7605633802816902,!,1.4922110969594882,!
2021-22,N6,South East,East Berkshire,BSU,50<71,A and B,0.0,!,not included,not included,100.0,,1.86219739292365,!,1.3643018483731981,!
2021-22,N6,South East,Guildford,BSU,50<71,A and B,0.4122861265718408,!,not included,not included,94.11764705882352,,3.7105751391465676,!,1.3885524649120506,
2021-22,N6,South East,Isle of Wight,BSU,50<71,A and B,8.064516129032258,!,not included,not included,75.0,!,1.6129032258064515,!,1.329022869161021,!
2021-22,N6,South East,Maidstone,BSU,50<71,A and B,0.40966816878328555,!,not included,not included,100.0,,3.2773453502662844,!,1.7222106952564575,!
2021-22,N6,South East,Medway,BSU,50<71,A and B,0.5420054200542005,!,not included,not included,100.0,!,2.710027100271003,!,1.5544701899251678,!
2021-22,N6,South East,North & Mid Hampshire,BSU,50<71,A and B,0.554016620498615,!,not included,not included,100.0,!,1.6620498614958448,!,1.7047355422444124,!
2021-22,N6,South East,Oxfordshire,BSU,50<71,A and B,0.2635740643120717,!,not included,not included,97.22222222222221,,3.16288877174486,!,1.3909815709845217,
2021-22,N6,South East,Portsmouth,BSU,50<71,A and B,2.2037218413320274,!,not included,not included,97.82608695652173,,3.4280117531831538,!,1.4580427046598103,
2021-22,N6,South East,Southampton & Salisbury,BSU,50<71,A and B,2.31404958677686,!,not included,not included,96.55172413793103,,2.31404958677686,!,1.2983261330329872,!
2021-22,N6,South East,West Berkshire,BSU,50<71,A and B,0.9057971014492754,!,not included,not included,100.0,!,4.076086956521739,!,1.3375210856265263,!
2021-22,N6,South East,Worthing,BSU,50<71,A and B,1.1727912431587177,!,not included,not included,100.0,,1.563721657544957,!,1.153744397874723,
2021-22,N7,South West,Avon,BSU,50<71,A and B,0.0,!,not included,not included,100.0,,4.851157662624035,!,1.5047944902164712,
2021-22,N7,South West,Cornwall,BSU,50<71,A and B,0.5235602094240839,!,not included,not included,100.0,!,5.7591623036649215,!,1.7816251565472103,!
2021-22,N7,South West,Dorset,BSU,50<71,A and B,2.1698698078115313,!,not included,not included,96.15384615384616,,2.4798512089274642,!,1.200644505970805,!
2021-22,N7,South West,Gloucestershire,BSU,50<71,A and B,0.0,!,not included,not included,97.22222222222221,,3.33555703802535,!,2.0420544648862147,
2021-22,N7,South West,North & East Devon,BSU,50<71,A and B,0.23512814483893724,!,not included,not included,92.5925925925926,,1.4107688690336233,!,0.9659998556084427,!
2021-22,N7,South West,Somerset,BSU,50<71,A and B,0.0,!,not included,not included,95.23809523809523,!,5.143591941705958,!,1.565995156953925,!
2021-22,N7,South West,South Devon,BSU,50<71,A and B,0.9960159362549801,!,not included,not included,100.0,!,1.9920318725099602,!,0.9926799778433828,!
2021-22,N7,South West,West Devon,BSU,50<71,A and B,0.49975012493753124,!,not included,not included,96.96969696969697,,2.998500749625187,!,2.118319224654815,!
2021-22,N7,South West,Wiltshire,BSU,50<71,A and B,1.0351966873706004,!,not included,not included,100.0,!,3.105590062111801,!,1.56861668596392,!
2022-23,N1,North East and Yorkshire,Barnsley,BSU,50<71,A and B,0.7930214115781126,!,not included,not included,100.0,!,2.379064234734338,!,1.1740947729300708,!
2022-23,N1,North East and Yorkshire,Doncaster,BSU,50<71,A and B,0.5817335660267597,!,not included,not included,100.0,!,2.9086678301337985,!,0.8282063416942735,!
2022-23,N1,North East and Yorkshire,Gateshead,BSU,50<71,A and B,0.2653927813163482,!,not included,not included,100.0,,2.9193205944798297,!,1.2321409569254722,!
2022-23,N1,North East and Yorkshire,Humberside,BSU,50<71,A and B,1.1188185276348177,!,not included,not included,100.0,,2.9089281718505258,!,1.0643755627885787,
2022-23,N1,North East and Yorkshire,Leeds Wakefield,BSU,50<71,A and B,1.1160714285714286,!,not included,not included,94.11764705882352,,2.7901785714285716,!,1.1025850658160592,!
2022-23,N1,North East and Yorkshire,Newcastle,BSU,50<71,A and B,0.0,!,not included,not included,96.22641509433963,,2.5526483726866624,!,1.279707339462847,
2022-23,N1,North East and Yorkshire,North Cumbria,BSU,50<71,A and B,0.0,!,not included,not included,100.0,!,4.410143329658214,!,1.2639566669692501,!
2022-23,N1,North East and Yorkshire,North Tees,BSU,50<71,A and B,0.24919013207077,!,not included,not included,100.0,,3.98704211313232,!,1.4851485148514851,
2022-23,N1,North East and Yorkshire,North Yorkshire,BSU,50<71,A and B,0.0,!,not included,not included,100.0,,1.463771651622347,!,0.9461703754055459,!
2022-23,N1,North East and Yorkshire,Pennine,BSU,50<71,A and B,0.0,!,not included,not included,100.0,,2.538656819755366,!,1.0000268189010524,!
2022-23,N1,North East and Yorkshire,Rotherham,BSU,50<71,A and B,0.7007708479327259,!,not included,not included,88.88888888888889,!,0.0,!,0.7639968034373744,!
2022-23,N1,North East and Yorkshire,Sheffield,BSU,50<71,A and B,1.663893510815308,!,not included,not included,90.0,,2.2185246810870773,!,1.4192793727258266,!
2022-23,N2,North West,Bolton,BSU,50<71,A and B,0.0,!,not included,not included,100.0,,2.0725388601036268,!,1.1823343483892663,!
2022-23,N2,North West,Cheshire & Stockport,BSU,50<71,A and B,0.36075036075036077,!,not included,not included,100.0,,5.050505050505051,!,1.712601718661694,
2022-23,N2,North West,East Lancashire,BSU,50<71,A and B,1.0787486515641855,!,not included,not included,100.0,!,0.5393743257820928,!,0.7979635969007094,!
2022-23,N2,North West,Liverpool,BSU,50<71,A and B,0.29214139643587494,!,not included,not included,100.0,,2.3371311714869996,!,1.419650252779648,
2022-23,N2,North West,Manchester,BSU,50<71,A and B,0.3614022406938923,!,not included,not included,98.0392156862745,,3.2526201662450305,!,1.169529089112269,
2022-23,N2,North West,North Lancashire & South Cumbria,BSU,50<71,A and B,1.0007505629221916,!,not included,not included,95.1219512195122,,2.001501125844383,!,1.3437559368527383,
2022-23,N2,North West,South Lancashire,BSU,50<71,A and B,0.9099181073703367,!,not included,not included,95.34883720930233,,1.8198362147406735,!,1.106234777351178,
2022-23,N2,North West,"Warrington, Halton, St Helens & Knowsley",BSU,50<71,A and B,0.45724737082761774,!,not included,not included,91.66666666666666,!,0.9144947416552355,!,1.4465709036728436,!
2022-23,N2,North West,Wirral & Chester,BSU,50<71,A and B,0.6086427267194157,!,not included,not included,95.65217391304348,!,3.6518563603164944,!,1.892756421176159,!
2022-23,N3,Midlands,"City, Sandwell & Walsall",BSU,50<71,A and B,0.45310376076121434,!,not included,not included,100.0,,2.9451744449478934,!,1.3850961061918556,
2022-23,N3,Midlands,"Dudley, Wolverhampton & South West Staffordshire",BSU,50<71,A and B,0.6391818472355385,!,not included,not included,100.0,,2.876318312559923,!,1.3253785375773215,!
2022-23,N3,Midlands,Hereford & Worcester,BSU,50<71,A and B,1.040943789035392,!,not included,not included,95.0,!,1.7349063150589867,!,1.0324652236674583,!
2022-23,N3,Midlands,Kettering,BSU,50<71,A and B,3.3333333333333335,!,not included,not included,100.0,!,1.3333333333333333,!,1.1796950881428847,!
2022-23,N3,Midlands,Leicestershire,BSU,50<71,A and B,0.5249343832020997,!,not included,not included,100.0,,2.6246719160104988,!,1.1528930015726508,!
2022-23,N3,Midlands,Lincolnshire,BSU,50<71,A and B,0.0,!,not included,not included,100.0,!,3.050640634533252,!,1.2074987870125822,!
2022-23,N3,Midlands,North Derbyshire & Chesterfield,BSU,50<71,A and B,0.0,!,not included,not included,100.0,!,3.888024883359254,!,1.4925707291954298,!
2022-23,N3,Midlands,North Midlands,BSU,50<71,A and B,0.360100828231905,!,not included,not included,100.0,,3.2409074540871443,!,1.6481654127471976,!
2022-23,N3,Midlands,North Nottinghamshire,BSU,50<71,A and B,1.5772870662460567,!,not included,not included,80.0,!,0.0,!,0.5900592714538174,!
2022-23,N3,Midlands,Northampton,BSU,50<71,A and B,0.0,!,not included,not included,100.0,!,0.0,!,1.0239257312536265,!
2022-23,N3,Midlands,Nottingham City,BSU,50<71,A and B,0.724112961622013,!,not included,not included,94.11764705882352,!,5.792903692976104,!,1.9257309753827387,!
2022-23,N3,Midlands,Shropshire,BSU,50<71,A and B,2.249718785151856,!,not included,not included,86.66666666666667,!,1.124859392575928,!,0.9689432166976908,!
2022-23,N3,Midlands,South Birmingham,BSU,50<71,A and B,1.1848341232227488,!,not included,not included,87.5,!,1.1848341232227488,!,0.6801487258547202,!
2022-23,N3,Midlands,South Derbyshire & South East Staffordshire,BSU,50<71,A and B,0.3333333333333333,!,not included,not included,100.0,,4.0,!,1.6194940441487033,
2022-23,N3,Midlands,"Warwickshire, Solihull & Coventry",BSU,50<71,A and B,0.0,!,not included,not included,96.42857142857143,,3.684937816674344,!,1.9020323648098074,
2022-23,N4,East of England,Beds & Herts,BSU,50<71,A and B,1.2836970474967906,!,not included,not included,95.45454545454545,!,1.0269576379974326,!,0.6723483302229218,!
2022-23,N4,East of England,Cambridge & Huntingdon,BSU,50<71,A and B,0.0,!,not included,not included,100.0,,4.060638873849486,!,1.2922226735637645,!
2022-23,N4,East of England,Chelmsford & Colchester,BSU,50<71,A and B,0.29550827423167847,!,not included,not included,100.0,!,0.8865248226950354,!,0.9536212276085265,!
2022-23,N4,East of England,East Suffolk,BSU,50<71,A and B,0.33178500331785005,!,not included,not included,100.0,!,2.6542800265428004,!,1.1798386397154508,!
2022-23,N4,East of England,Great Yarmouth & Waveney,BSU,50<71,A and B,1.6339869281045751,!,not included,not included,100.0,!,4.901960784313726,!,2.4030003175393273,!
2022-23,N4,East of England,King's Lynn,BSU,50<71,A and B,0.0,!,not included,not included,100.0,!,3.0349013657056148,!,1.4624137724279431,!
2022-23,N4,East of England,Milton Keynes,BSU,50<71,A and B,0.0,!,not included,not included,100.0,!,1.7182130584192439,!,0.826198193930748,!
2022-23,N4,East of England,Norfolk & Norwich,BSU,50<71,A and B,1.2890750886239124,!,not included,not included,100.0,!,3.867225265871737,!,1.2030316397321248,!
2022-23,N4,East of England,Peterborough,BSU,50<71,A and B,0.4589261128958238,!,not included,not included,95.45454545454545,!,4.589261128958238,!,1.9294087230497776,!
2022-23,N4,East of England,South Essex,BSU,50<71,A and B,0.7874015748031495,!,not included,not included,100.0,!,1.1811023622047243,!,0.989076788117688,!
2022-23,N4,East of England,West Essex (Epping),BSU,50<71,A and B,0.8143322475570033,!,not included,not included,100.0,!,0.8143322475570033,!,0.6200281492779771,!
2022-23,N4,East of England,West Suffolk,BSU,50<71,A and B,1.2618296529968456,!,not included,not included,100.0,!,1.2618296529968456,!,0.994781129499364,!
2022-23,N5,London,Central & East London,BSU,50<71,A and B,0.0,!,not included,not included,100.0,,2.2429906542056073,!,0.8774287308513364,
2022-23,N5,London,North London,BSU,50<71,A and B,0.3831050665645053,!,not included,not included,100.0,,2.5859591993104107,,1.2865007292035289,
2022-23,N5,London,Outer North East London,BSU,50<71,A and B,1.1101859561476548,!,not included,not included,95.65217391304348,!,2.2203719122953096,!,0.8832548136160598,!
2022-23,N5,London,South East London,BSU,50<71,A and B,0.3152253861510981,!,not included,not included,98.86363636363636,,2.1015025743406537,!,1.1937654160395965,
2022-23,N5,London,South West London,BSU,50<71,A and B,0.18236527765113522,!,not included,not included,95.74468085106383,,1.8236527765113522,!,1.0770615642913564,
2022-23,N5,London,West of London,BSU,50<71,A and B,0.6686726847208291,!,not included,not included,97.43589743589743,,3.343363423604146,!,1.3965134644845678,
2022-23,N6,South East,Aylesbury & Wycombe,BSU,50<71,A and B,0.0,!,not included,not included,100.0,!,4.1941282204913115,!,1.571829227490844,!
2022-23,N6,South East,Brighton,BSU,50<71,A and B,1.2311480455524777,!,not included,not included,93.54838709677419,,2.4622960911049554,!,1.2648636537212892,!
2022-23,N6,South East,Canterbury,BSU,50<71,A and B,1.5664160401002505,!,not included,not included,92.85714285714286,,1.8796992481203008,!,1.1819139790564843,!
2022-23,N6,South East,East Berkshire,BSU,50<71,A and B,0.6381620931716656,!,not included,not included,100.0,!,0.6381620931716656,!,1.3513924409863813,!
2022-23,N6,South East,Guildford,BSU,50<71,A and B,0.447360572621533,!,not included,not included,93.15068493150685,,2.5350432448553533,!,1.3444026380686898,
2022-23,N6,South East,Isle of Wight,BSU,50<71,A and B,0.0,!,not included,not included,85.71428571428571,!,0.0,!,1.0437133232615,!
2022-23,N6,South East,Maidstone,BSU,50<71,A and B,1.0660980810234542,!,not included,not included,100.0,!,2.1321961620469083,!,0.8781327385447583,!
2022-23,N6,South East,Medway,BSU,50<71,A and B,0.4854368932038835,!,not included,not included,100.0,!,0.970873786407767,!,1.77134541142294,!
2022-23,N6,South East,North & Mid Hampshire,BSU,50<71,A and B,1.0587612493382743,!,not included,not included,100.0,!,0.5293806246691372,!,0.5031061775401328,!
2022-23,N6,South East,Oxfordshire,BSU,50<71,A and B,0.0,!,not included,not included,95.23809523809523,!,1.2468827930174564,!,0.8313302233665549,!
2022-23,N6,South East,Portsmouth,BSU,50<71,A and B,0.32414910858995133,!,not included,not included,100.0,,1.2965964343598053,!,1.348528387748497,!
2022-23,N6,South East,Southampton & Salisbury,BSU,50<71,A and B,1.2162490878131842,!,not included,not included,95.91836734693877,,3.648747263439552,!,1.7765230083736652,
2022-23,N6,South East,West Berkshire,BSU,50<71,A and B,0.40899795501022496,!,not included,not included,100.0,!,1.2269938650306749,!,0.804508171243221,!
2022-23,N6,South East,Worthing,BSU,50<71,A and B,0.419903422212891,!,not included,not included,100.0,,0.6298551333193366,!,1.0187116099590945,!
2022-23,N7,South West,Avon,BSU,50<71,A and B,1.0556875164951176,!,not included,not included,97.72727272727273,,4.486671945104249,!,1.7787999734622273,
2022-23,N7,South West,Cornwall,BSU,50<71,A and B,0.0,!,not included,not included,91.66666666666666,!,1.3812154696132597,!,0.91179075704684,!
2022-23,N7,South West,Dorset,BSU,50<71,A and B,0.8291873963515755,!,not included,not included,97.2972972972973,,3.316749585406302,!,1.4060529497909309,
2022-23,N7,South West,Gloucestershire,BSU,50<71,A and B,0.0,!,not included,not included,100.0,,3.5460992907801416,!,1.8245208973988964,!
2022-23,N7,South West,North & East Devon,BSU,50<71,A and B,0.0,!,not included,not included,100.0,!,2.707581227436823,!,1.0825060652178065,!
2022-23,N7,South West,Somerset,BSU,50<71,A and B,0.36088054853843377,!,not included,not included,100.0,!,3.2479249368459038,!,1.321323966614548,!
2022-23,N7,South West,South Devon,BSU,50<71,A and B,0.0,!,not included,not included,100.0,!,1.25,!,0.69447659613871,!
2022-23,N7,South West,West Devon,BSU,50<71,A and B,0.7830853563038371,!,not included,not included,94.44444444444444,!,3.1323414252153485,!,1.6853330064808714,!
2022-23,N7,South West,Wiltshire,BSU,50<71,A and B,0.4366812227074236,!,not included,not included,94.73684210526315,!,0.8733624454148472,!,1.319610556532556,!
2012-13,N1,North East and Yorkshire,Barnsley,BSU,50<71,C1 and C2,0.2802690582959641,!,not included,not included,100.0,,3.0829596412556053,!,1.835367532348353,
2012-13,N1,North East and Yorkshire,Doncaster,BSU,50<71,C1 and C2,0.4230118443316413,!,not included,not included,96.7032967032967,,3.8071065989847717,,1.4234762550942657,
2012-13,N1,North East and Yorkshire,Gateshead,BSU,50<71,C1 and C2,0.1709620891567295,!,not included,not included,99.43502824858757,,3.5047228277129547,,1.4883041002157835,
2012-13,N1,North East and Yorkshire,Humberside,BSU,50<71,C1 and C2,0.0,!,not included,not included,96.19565217391305,,3.8147138964577656,,1.536427336476683,
2012-13,N1,North East and Yorkshire,Leeds Wakefield,BSU,50<71,C1 and C2,0.09730150492994293,!,not included,not included,97.05882352941177,,2.854177477944992,,1.1744614384898284,
2012-13,N1,North East and Yorkshire,Newcastle,BSU,50<71,C1 and C2,0.45336053496543127,!,not included,not included,99.0521327014218,,3.362423967660282,,1.5382829173315773,
2012-13,N1,North East and Yorkshire,North Cumbria,BSU,50<71,C1 and C2,0.5029337803855826,!,not included,not included,98.18181818181819,,4.191114836546522,,1.8431708696363729,
2012-13,N1,North East and Yorkshire,North Tees,BSU,50<71,C1 and C2,0.7072691552062867,!,not included,not included,97.83783783783784,,3.025540275049116,,1.3843636317433443,
2012-13,N1,North East and Yorkshire,North Yorkshire,BSU,50<71,C1 and C2,0.09787129924149743,!,not included,not included,97.53086419753086,,3.6212380719354047,,1.5573359786022036,
2012-13,N1,North East and Yorkshire,Pennine,BSU,50<71,C1 and C2,0.5645252342779722,!,not included,not included,96.42857142857143,,3.198976327575176,,1.427089411151095,
2012-13,N1,North East and Yorkshire,Rotherham,BSU,50<71,C1 and C2,0.5465974309920743,!,not included,not included,95.45454545454545,,2.596337797212353,!,1.0892980101496168,
2012-13,N1,North East and Yorkshire,Sheffield,BSU,50<71,C1 and C2,0.2256317689530686,!,not included,not included,99.15966386554622,,4.663056558363418,,1.6560470375593288,
2012-13,N2,North West,Bolton,BSU,50<71,C1 and C2,0.0,!,not included,not included,99.29078014184397,,2.9608938547486034,,1.4703657404232815,
2012-13,N2,North West,Cheshire & Stockport,BSU,50<71,C1 and C2,0.24861191679787853,!,not included,not included,98.27586206896551,,4.557885141294439,,1.923332365656737,
2012-13,N2,North West,Chester,BSU,50<71,C1 and C2,0.0,!,not included,not included,100.0,,3.7563724174939632,!,1.5674779671378243,!
2012-13,N2,North West,Crewe,BSU,50<71,C1 and C2,0.5567928730512249,!,not included,not included,100.0,,3.2293986636971046,,1.5627896549791556,
2012-13,N2,North West,East Lancashire,BSU,50<71,C1 and C2,0.17164435290078958,!,not included,not included,98.71794871794873,,3.690353587366976,,1.3508065354098346,
2012-13,N2,North West,Liverpool,BSU,50<71,C1 and C2,0.6440532417346501,!,not included,not included,96.29629629629629,,3.327608415629025,,1.720494016395526,
2012-13,N2,North West,Manchester,BSU,50<71,C1 and C2,0.4180976556667164,!,not included,not included,98.53479853479854,,4.360161266238614,,1.5824037865682938,
2012-13,N2,North West,North Lancashire & South Cumbria,BSU,50<71,C1 and C2,0.7083628484520188,!,not included,not included,97.20670391061452,,3.166798616609025,,1.4326129427462748,
2012-13,N2,North West,South Lancashire,BSU,50<71,C1 and C2,0.4200168006720269,!,not included,not included,99.18032786885246,,3.060122404896196,,1.4282639293243071,
2012-13,N2,North West,"Warrington, Halton, St Helens & Knowsley",BSU,50<71,C1 and C2,0.45632333767926986,!,not included,not included,95.48872180451127,,2.346805736636245,,1.7355742226205277,
2012-13,N2,North West,Wirral,BSU,50<71,C1 and C2,1.8347020793290232,!,not included,not included,97.0873786407767,,2.7083697361523678,,1.626095925299265,
2012-13,N3,Midlands,"City, Sandwell & Walsall",BSU,50<71,C1 and C2,0.5720210217725502,!,not included,not included,97.91666666666666,,2.8243537950019664,,1.3071819101361237,
2012-13,N3,Midlands,"Dudley, Wolverhampton & South West Staffordshire",BSU,50<71,C1 and C2,0.25613113914324137,!,not included,not included,97.47899159663865,,3.5218031632195683,,1.4197009430826462,
2012-13,N3,Midlands,Hereford & Worcester,BSU,50<71,C1 and C2,0.4267039062803057,!,not included,not included,95.78947368421052,,3.297257457620544,,1.4523103446660388,
2012-13,N3,Midlands,Kettering,BSU,50<71,C1 and C2,0.5399568034557236,!,not included,not included,97.36842105263158,,3.023758099352052,,1.5390574968403672,
2012-13,N3,Midlands,Leicestershire,BSU,50<71,C1 and C2,0.9106830122591945,,not included,not included,95.68627450980392,,4.168126094570928,,1.667678334799359,
2012-13,N3,Midlands,Lincolnshire,BSU,50<71,C1 and C2,0.08835873647006848,!,not included,not included,98.23529411764706,,3.534349458802739,,1.4763441343307473,
2012-13,N3,Midlands,North Derbyshire & Chesterfield,BSU,50<71,C1 and C2,0.17995321216483715,!,not included,not included,97.5609756097561,,3.77901745546158,,1.425866294789215,
2012-13,N3,Midlands,North Midlands,BSU,50<71,C1 and C2,0.2604505795025394,!,not included,not included,99.05660377358491,,2.734731084776664,,1.2764541176203617,
2012-13,N3,Midlands,North Nottinghamshire,BSU,50<71,C1 and C2,0.6944444444444444,!,not included,not included,95.08196721311475,,4.166666666666667,,1.5705579858362402,
2012-13,N3,Midlands,Northampton,BSU,50<71,C1 and C2,0.5123825789923143,!,not included,not included,97.59036144578313,,2.9035012809564473,,1.463779201872299,
2012-13,N3,Midlands,Nottingham City,BSU,50<71,C1 and C2,0.2392001148160551,!,not included,not included,99.43181818181817,,4.3056020666889925,,1.628453635441896,
2012-13,N3,Midlands,Shropshire,BSU,50<71,C1 and C2,0.356582513193553,!,not included,not included,96.66666666666667,,3.56582513193553,,1.7410581151408275,
2012-13,N3,Midlands,South Birmingham,BSU,50<71,C1 and C2,0.36469730123997085,!,not included,not included,98.57142857142858,,3.8901045465596886,,1.5383077076907694,
2012-13,N3,Midlands,South Derbyshire & South East Staffordshire,BSU,50<71,C1 and C2,0.11969597223053444,!,not included,not included,98.47328244274809,,3.23179125022443,,1.5106527893840616,
2012-13,N3,Midlands,South Staffordshire,BSU,50<71,C1 and C2,0.31235358425737936,!,not included,not included,97.58064516129032,,3.3317715654120463,,1.3961027853634094,
2012-13,N3,Midlands,"Warwickshire, Solihull & Coventry",BSU,50<71,C1 and C2,0.45391174658755634,!,not included,not included,98.95470383275261,,3.696138507927244,,1.8428270301102845,
2012-13,N4,East of England,Beds & Herts,BSU,50<71,C1 and C2,0.46070460704607047,!,not included,not included,94.53924914675767,,3.252032520325203,,1.5062202291296414,
2012-13,N4,East of England,Cambridge & Huntingdon,BSU,50<71,C1 and C2,0.32995133217850364,!,not included,not included,98.0392156862745,,3.794440320052792,,1.6550472613348832,
2012-13,N4,East of England,Chelmsford & Colchester,BSU,50<71,C1 and C2,0.0889521437466643,!,not included,not included,98.18181818181819,,2.935420743639922,,1.458136837779382,
2012-13,N4,East of England,East Suffolk,BSU,50<71,C1 and C2,0.25134048257372654,!,not included,not included,100.0,,2.513404825737265,,1.3016296403096677,
2012-13,N4,East of England,Great Yarmouth & Waveney,BSU,50<71,C1 and C2,0.11410314924691921,!,not included,not included,100.0,,4.450022820629849,,1.5455639141737316,
2012-13,N4,East of England,King's Lynn,BSU,50<71,C1 and C2,0.8597220232124946,!,not included,not included,98.38709677419355,,4.87175813153747,,1.7506461944041107,
2012-13,N4,East of England,Milton Keynes,BSU,50<71,C1 and C2,0.5660110372152257,!,not included,not included,98.48484848484848,,4.386585538417999,,1.9412676408363672,
2012-13,N4,East of England,Norfolk & Norwich,BSU,50<71,C1 and C2,0.5153753650575502,!,not included,not included,96.89922480620154,,2.9204604019927847,,1.423833282669751,
2012-13,N4,East of England,Peterborough,BSU,50<71,C1 and C2,0.2949272512780181,!,not included,not included,95.40229885057471,,4.227290601651593,,1.7276378870988642,
2012-13,N4,East of England,South Essex,BSU,50<71,C1 and C2,0.8871989860583017,!,not included,not included,90.43478260869566,,3.4220532319391634,,1.4500558042528457,
2012-13,N4,East of England,West Essex (Epping),BSU,50<71,C1 and C2,0.25246149962130776,!,not included,not included,98.14814814814815,,2.27215349659177,!,1.3754893303292648,
2012-13,N4,East of England,West Suffolk,BSU,50<71,C1 and C2,0.3575685339690107,!,not included,not included,98.57142857142858,,3.694874851013111,,1.740318896034509,
2012-13,N5,London,Central & East London,BSU,50<71,C1 and C2,0.4496655612388286,!,not included,not included,100.0,,3.0914507335169468,,1.4659309352915955,
2012-13,N5,London,North London,BSU,50<71,C1 and C2,0.22449488650536292,!,not included,not included,98.36601307189542,,2.269892741332003,,1.4461845852886448,
2012-13,N5,London,Outer North East London,BSU,50<71,C1 and C2,0.6181511660578815,!,not included,not included,99.24812030075188,,3.2593425119415564,,1.457269322437862,
2012-13,N5,London,South East London,BSU,50<71,C1 and C2,0.35952901698774603,!,not included,not included,97.34848484848484,,3.1458788986427777,,1.6803070091157026,
2012-13,N5,London,South West London,BSU,50<71,C1 and C2,0.1605394124257505,!,not included,not included,98.46153846153847,,3.130518542302135,,1.3847161853526477,
2012-13,N5,London,West of London,BSU,50<71,C1 and C2,1.6118769883351007,,not included,not included,95.37572254335261,,2.545068928950159,,1.2970124200871738,
2012-13,N6,South East,Aylesbury & Wycombe,BSU,50<71,C1 and C2,0.42474869035820473,!,not included,not included,95.06172839506173,,2.1945349001840575,,1.1669520550883743,
2012-13,N6,South East,Brighton,BSU,50<71,C1 and C2,0.4357931435212086,!,not included,not included,97.04433497536947,,4.018981212473368,,1.988216272352609,
2012-13,N6,South East,Canterbury,BSU,50<71,C1 and C2,0.6927949326999208,!,not included,not included,96.045197740113,,4.206254948535234,,1.7104567347095858,
2012-13,N6,South East,East Berkshire,BSU,50<71,C1 and C2,0.3076607527433084,!,not included,not included,100.0,,1.743410932212081,!,1.4281157916283853,
2012-13,N6,South East,Guildford,BSU,50<71,C1 and C2,0.7187541594569413,,not included,not included,95.6923076923077,,4.179422334619992,,1.698950999432524,
2012-13,N6,South East,Isle of Wight,BSU,50<71,C1 and C2,0.1486104919007282,!,not included,not included,98.63013698630137,,4.012483281319661,,2.173345309297322,
2012-13,N6,South East,Maidstone,BSU,50<71,C1 and C2,0.8190679007289704,!,not included,not included,96.93877551020408,,3.358178392988779,,1.6413181881191896,
2012-13,N6,South East,Medway,BSU,50<71,C1 and C2,0.5342831700801425,!,not included,not included,97.70992366412213,,3.502523003858712,,1.5997239827592988,
2012-13,N6,South East,North & Mid Hampshire,BSU,50<71,C1 and C2,0.4676955969800227,!,not included,not included,92.70833333333334,,2.538918955034409,,1.2401802287890928,
2012-13,N6,South East,Oxfordshire,BSU,50<71,C1 and C2,0.37163208423660576,!,not included,not included,98.54014598540147,,3.4066274388355526,,1.7168514390377678,
2012-13,N6,South East,Portsmouth,BSU,50<71,C1 and C2,0.5269050912204439,!,not included,not included,94.66666666666667,,3.0297042745175524,,1.8361596353993697,
2012-13,N6,South East,Southampton & Salisbury,BSU,50<71,C1 and C2,0.6129473336790985,!,not included,not included,94.66019417475728,,4.4792305153472585,,1.8961780091039253,
2012-13,N6,South East,West Berkshire,BSU,50<71,C1 and C2,0.8073394495412844,!,not included,not included,94.39999999999999,,3.302752293577982,,1.5665507241113696,
2012-13,N6,South East,Worthing,BSU,50<71,C1 and C2,0.9568129430696299,!,not included,not included,97.35449735449735,,3.696777280041752,,1.6243430973120894,
2012-13,N7,South West,Avon,BSU,50<71,C1 and C2,0.5683717820127049,!,not included,not included,97.60765550239235,,3.4770979605483117,,1.4148128643193654,
2012-13,N7,South West,Cornwall,BSU,50<71,C1 and C2,0.2648305084745763,!,not included,not included,96.99248120300751,,4.502118644067797,,1.6786262123078473,
2012-13,N7,South West,Dorset,BSU,50<71,C1 and C2,0.43819289251128346,!,not included,not included,98.0,,4.031374611103808,,1.6518765844074215,
2012-13,N7,South West,Gloucestershire,BSU,50<71,C1 and C2,0.3780718336483932,!,not included,not included,99.37888198757764,,3.5106670267350797,,1.746703260534478,
2012-13,N7,South West,North & East Devon,BSU,50<71,C1 and C2,0.848639146511487,!,not included,not included,95.83333333333334,,2.6065345214281384,,1.3103818496389246,
2012-13,N7,South West,Somerset,BSU,50<71,C1 and C2,0.17807324746245623,!,not included,not included,95.71428571428572,,3.976969193328189,,1.598908174132521,
2012-13,N7,South West,South Devon,BSU,50<71,C1 and C2,0.4787437763309077,!,not included,not included,97.5609756097561,,2.872462657985446,,1.4427962215228096,
2012-13,N7,South West,West Devon,BSU,50<71,C1 and C2,0.751371252535878,!,not included,not included,96.36363636363636,,3.1557592606506875,,1.5398344297558328,
2012-13,N7,South West,Wiltshire,BSU,50<71,C1 and C2,0.436626746506986,!,not included,not included,98.30508474576271,,3.43063872255489,,1.4572555081981249,
2013-14,N1,North East and Yorkshire,Barnsley,BSU,50<71,C1 and C2,0.3796026825256232,!,not included,not included,98.27586206896551,,2.910287232696444,!,1.3715313970967422,
2013-14,N1,North East and Yorkshire,Doncaster,BSU,50<71,C1 and C2,0.4666791114429718,!,not included,not included,95.65217391304348,,4.666791114429718,,2.073916196465044,
2013-14,N1,North East and Yorkshire,Gateshead,BSU,50<71,C1 and C2,0.0676178240584218,!,not included,not included,99.04761904761905,,3.3808912029210902,,1.4784331022191195,
2013-14,N1,North East and Yorkshire,Humberside,BSU,50<71,C1 and C2,0.06800639260090449,!,not included,not included,99.47368421052632,,3.196300452242511,,1.2438199740794464,
2013-14,N1,North East and Yorkshire,Leeds Wakefield,BSU,50<71,C1 and C2,0.3569587117756713,!,not included,not included,98.63013698630137,,3.8868837504461986,,1.6431783980421821,
2013-14,N1,North East and Yorkshire,Newcastle,BSU,50<71,C1 and C2,0.07489514679448772,!,not included,not included,99.17355371900827,,4.006890353505093,,1.8318934831931029,
2013-14,N1,North East and Yorkshire,North Cumbria,BSU,50<71,C1 and C2,0.3151260504201681,!,not included,not included,96.34146341463415,,3.9915966386554618,,1.7020130750168614,
2013-14,N1,North East and Yorkshire,North Tees,BSU,50<71,C1 and C2,0.4396731762723043,!,not included,not included,99.0909090909091,,2.9677939398380535,,1.5482682354369226,
2013-14,N1,North East and Yorkshire,North Yorkshire,BSU,50<71,C1 and C2,0.3789744950164854,!,not included,not included,98.4536082474227,,3.3728730056467198,,1.386947646951466,
2013-14,N1,North East and Yorkshire,Pennine,BSU,50<71,C1 and C2,0.14559749572307357,!,not included,not included,95.9090909090909,,3.821934262730681,,1.5146635725260105,
2013-14,N1,North East and Yorkshire,Rotherham,BSU,50<71,C1 and C2,0.0,!,not included,not included,98.21428571428571,,3.2254210966431724,,1.3303329505252068,
2013-14,N1,North East and Yorkshire,Sheffield,BSU,50<71,C1 and C2,0.15519515791107316,!,not included,not included,98.9247311827957,,3.64708621091022,,1.466650345480771,
2013-14,N2,North West,Bolton,BSU,50<71,C1 and C2,0.1760356765637836,!,not included,not included,99.3006993006993,,2.992606501584321,,1.373250482461517,
2013-14,N2,North West,Cheshire & Stockport,BSU,50<71,C1 and C2,0.4747371990505256,!,not included,not included,96.12403100775194,,3.730077992539844,,1.6728145334126665,
2013-14,N2,North West,Chester,BSU,50<71,C1 and C2,0.0,!,not included,not included,98.0392156862745,,3.9546079779917473,!,1.7165405428036131,
2013-14,N2,North West,Crewe,BSU,50<71,C1 and C2,0.3176620076238882,!,not included,not included,97.72727272727273,,2.7530707327403645,,1.847763769561274,
2013-14,N2,North West,East Lancashire,BSU,50<71,C1 and C2,0.22403106564110223,!,not included,not included,100.0,,2.9870808752146965,,1.4924229864786478,
2013-14,N2,North West,Liverpool,BSU,50<71,C1 and C2,0.6341463414634146,!,not included,not included,98.81656804733728,,2.975609756097561,,1.6135662959221266,
2013-14,N2,North West,Manchester,BSU,50<71,C1 and C2,0.1836884643644379,!,not included,not included,98.85931558935361,,5.180014695077149,,1.993959918172196,
2013-14,N2,North West,North Lancashire & South Cumbria,BSU,50<71,C1 and C2,0.5157092986353539,!,not included,not included,96.27906976744185,,3.2132656299587437,,1.614712881596544,
2013-14,N2,North West,South Lancashire,BSU,50<71,C1 and C2,0.576852483087734,!,not included,not included,98.7878787878788,,3.9855262467879804,,1.7911980276639186,
2013-14,N2,North West,"Warrington, Halton, St Helens & Knowsley",BSU,50<71,C1 and C2,0.3336484457543235,!,not included,not included,96.15384615384616,,2.7804037146193625,,1.732108826383482,
2013-14,N2,North West,Wirral,BSU,50<71,C1 and C2,0.875912408759124,!,not included,not included,98.13084112149532,,3.211678832116788,,1.904307378720893,
2013-14,N3,Midlands,"City, Sandwell & Walsall",BSU,50<71,C1 and C2,0.3322811098189068,!,not included,not included,96.21848739495799,,3.0902143213158335,,1.59295342423625,
2013-14,N3,Midlands,"Dudley, Wolverhampton & South West Staffordshire",BSU,50<71,C1 and C2,0.7822500355568198,!,not included,not included,97.94520547945206,,4.622386573744844,,2.0314205672380408,
2013-14,N3,Midlands,Hereford & Worcester,BSU,50<71,C1 and C2,0.3134304967873374,!,not included,not included,99.46236559139786,,3.251841404168626,,1.4668387505107912,
2013-14,N3,Midlands,Kettering,BSU,50<71,C1 and C2,0.47646274061368404,!,not included,not included,97.89473684210527,,3.335239184295788,,1.6713265387422649,
2013-14,N3,Midlands,Leicestershire,BSU,50<71,C1 and C2,0.46693126104792715,!,not included,not included,95.6,,3.9355634859753863,,1.6510113209443589,
2013-14,N3,Midlands,Lincolnshire,BSU,50<71,C1 and C2,0.36462131472028336,!,not included,not included,100.0,,3.542035628711324,,1.5135108360496268,
2013-14,N3,Midlands,North Derbyshire & Chesterfield,BSU,50<71,C1 and C2,0.08012820512820513,!,not included,not included,98.9247311827957,,3.766025641025641,,1.5001824572560027,
2013-14,N3,Midlands,North Midlands,BSU,50<71,C1 and C2,0.6281900274833138,!,not included,not included,98.94736842105263,,2.8268551236749113,,1.4139685185641644,
2013-14,N3,Midlands,North Nottinghamshire,BSU,50<71,C1 and C2,0.38153376573826786,!,not included,not included,96.55172413793103,,4.451227266946458,,1.5474314031396144,
2013-14,N3,Midlands,Northampton,BSU,50<71,C1 and C2,0.5122076148198738,!,not included,not included,97.70114942528735,,2.9025098173126174,,1.4792142920839637,
2013-14,N3,Midlands,Nottingham City,BSU,50<71,C1 and C2,0.23698928808417857,!,not included,not included,98.75,,3.886624324580529,,1.3475339610230983,
2013-14,N3,Midlands,Shropshire,BSU,50<71,C1 and C2,0.6070263297670536,!,not included,not included,96.96969696969697,,2.6557401927308595,,1.4192390222316513,
2013-14,N3,Midlands,South Birmingham,BSU,50<71,C1 and C2,0.1941182179947588,!,not included,not included,95.06172839506173,,2.5235368339318645,,1.5895954100076652,
2013-14,N3,Midlands,South Derbyshire & South East Staffordshire,BSU,50<71,C1 and C2,0.2221111666389028,!,not included,not included,99.32885906040269,,3.5537786662224446,,1.516434904865373,
2013-14,N3,Midlands,South Staffordshire,BSU,50<71,C1 and C2,0.3539107133828808,!,not included,not included,98.33333333333333,,4.297487233934982,,1.7216344244832535,
2013-14,N3,Midlands,"Warwickshire, Solihull & Coventry",BSU,50<71,C1 and C2,0.5089058524173028,!,not included,not included,97.95918367346938,,3.1665253039298844,,1.6531098974317935,
2013-14,N4,East of England,Beds & Herts,BSU,50<71,C1 and C2,0.2648560146393143,!,not included,not included,95.81993569131832,,2.624482326880478,,1.3811561465790132,
2013-14,N4,East of England,Cambridge & Huntingdon,BSU,50<71,C1 and C2,0.0,!,not included,not included,97.02970297029702,,3.5119181050586565,,1.3758825303659061,
2013-14,N4,East of England,Chelmsford & Colchester,BSU,50<71,C1 and C2,0.27692064245589054,!,not included,not included,98.34254143646409,,2.9670068834559697,,1.463168717984871,
2013-14,N4,East of England,East Suffolk,BSU,50<71,C1 and C2,0.2747064075269556,!,not included,not included,99.18032786885246,,3.777213103495639,,1.6868261498012982,
2013-14,N4,East of England,Great Yarmouth & Waveney,BSU,50<71,C1 and C2,0.31953986259785905,!,not included,not included,97.95918367346938,,2.716088832081802,!,1.5381041005045792,
2013-14,N4,East of England,King's Lynn,BSU,50<71,C1 and C2,1.022146507666099,!,not included,not included,91.66666666666666,,2.72572402044293,!,1.546579634639371,
2013-14,N4,East of England,Milton Keynes,BSU,50<71,C1 and C2,0.41672454507570494,!,not included,not included,96.66666666666667,,3.750520905681345,,1.7116575863231713,
2013-14,N4,East of England,Norfolk & Norwich,BSU,50<71,C1 and C2,0.32483352281955497,!,not included,not included,97.63779527559055,,2.977640625845921,,1.3826352709194045,
2013-14,N4,East of England,Peterborough,BSU,50<71,C1 and C2,0.27746947835738067,!,not included,not included,94.54545454545455,,3.607103218645949,,1.6573046219118457,
2013-14,N4,East of England,South Essex,BSU,50<71,C1 and C2,0.10824268008875901,!,not included,not included,97.63779527559055,,2.8684310223521137,,1.3111138054571934,
2013-14,N4,East of England,West Essex (Epping),BSU,50<71,C1 and C2,0.0,!,not included,not included,98.21428571428571,,2.5713551041398817,!,1.5242176408594845,
2013-14,N4,East of England,West Suffolk,BSU,50<71,C1 and C2,0.8251676121712223,!,not included,not included,95.65217391304348,,4.641567818463125,,1.840082592720535,
2013-14,N5,London,Central & East London,BSU,50<71,C1 and C2,0.39691540031753236,!,not included,not included,98.3739837398374,,3.005216602404173,,1.4382596332326223,
2013-14,N5,London,North London,BSU,50<71,C1 and C2,0.26295658825779306,!,not included,not included,98.39228295819936,,2.270988716771849,,1.3541591231172039,
2013-14,N5,London,Outer North East London,BSU,50<71,C1 and C2,0.6293596265799549,!,not included,not included,97.12230215827337,,2.832118319609797,,1.3724348135149687,
2013-14,N5,London,South East London,BSU,50<71,C1 and C2,0.2740643746764518,!,not included,not included,99.53488372093024,,2.253418191784159,,1.2423978428961573,
2013-14,N5,London,South West London,BSU,50<71,C1 and C2,0.4073458026409586,!,not included,not included,98.88475836431226,,3.258766421127669,,1.5992441016126728,
2013-14,N5,London,West of London,BSU,50<71,C1 and C2,0.910050598813294,,not included,not included,92.01877934272301,,2.584543700629755,,1.4525838749109623,
2013-14,N6,South East,Aylesbury & Wycombe,BSU,50<71,C1 and C2,0.5909389363099147,!,not included,not included,99.12280701754386,,3.6112934996717003,,1.5646294127339122,
2013-14,N6,South East,Brighton,BSU,50<71,C1 and C2,0.5225798022906415,!,not included,not included,98.95833333333334,,3.7451552497495975,,1.6746361905208473,
2013-14,N6,South East,Canterbury,BSU,50<71,C1 and C2,0.5954659521075241,!,not included,not included,98.93048128342245,,3.4026625834715665,,1.5842300735645571,
2013-14,N6,South East,East Berkshire,BSU,50<71,C1 and C2,0.7276961141027507,!,not included,not included,96.63865546218487,,3.565710959103478,,1.6844775043348699,
2013-14,N6,South East,Guildford,BSU,50<71,C1 and C2,1.1462081833933093,,not included,not included,95.18413597733712,,4.66480074636812,,1.8598518190993767,
2013-14,N6,South East,Isle of Wight,BSU,50<71,C1 and C2,0.0,!,not included,not included,100.0,,4.323545307151864,!,1.7607268984927738,
2013-14,N6,South East,Maidstone,BSU,50<71,C1 and C2,1.054991428194646,!,not included,not included,94.21487603305785,,3.428722141632599,,1.602962663599341,
2013-14,N6,South East,Medway,BSU,50<71,C1 and C2,0.49014268598191923,!,not included,not included,98.4,,2.7774752205642086,,1.4102375726507392,
2013-14,N6,South East,North & Mid Hampshire,BSU,50<71,C1 and C2,0.6451612903225806,!,not included,not included,92.03539823008849,,3.727598566308244,,1.6452991378978894,
2013-14,N6,South East,Oxfordshire,BSU,50<71,C1 and C2,0.2757555702625193,!,not included,not included,97.70114942528735,,3.309066843150232,,1.774669304385675,
2013-14,N6,South East,Portsmouth,BSU,50<71,C1 and C2,1.0840842875533574,!,not included,not included,95.36423841059603,,3.4555186665763262,,1.973547555341974,
2013-14,N6,South East,Southampton & Salisbury,BSU,50<71,C1 and C2,0.8044512971777167,!,not included,not included,96.46017699115043,,3.6870684453978684,,1.4393091833424383,
2013-14,N6,South East,West Berkshire,BSU,50<71,C1 and C2,0.3130135378355114,!,not included,not included,98.4126984126984,,3.6779090695672587,,1.7187313194209273,
2013-14,N6,South East,Worthing,BSU,50<71,C1 and C2,0.7531538316701186,!,not included,not included,97.84946236559139,,4.236490303144417,,1.6597203043859294,
2013-14,N7,South West,Avon,BSU,50<71,C1 and C2,0.5615652893539043,!,not included,not included,96.78456591639872,,4.551634450552698,,1.8281578731439825,
2013-14,N7,South West,Cornwall,BSU,50<71,C1 and C2,0.06449532408900355,!,not included,not included,97.16312056737588,,4.708158658497259,,1.7740061207839009,
2013-14,N7,South West,Dorset,BSU,50<71,C1 and C2,0.4823344989750392,!,not included,not included,96.72897196261682,,3.5371196591502874,,1.5807335567565275,
2013-14,N7,South West,Gloucestershire,BSU,50<71,C1 and C2,0.3082614056720099,!,not included,not included,98.66666666666667,,2.003699136868064,,1.4151787564886886,
2013-14,N7,South West,North & East Devon,BSU,50<71,C1 and C2,0.49142732335917877,!,not included,not included,95.77464788732394,,2.7847548323686797,,1.2345895348225935,
2013-14,N7,South West,Somerset,BSU,50<71,C1 and C2,0.436046511627907,!,not included,not included,99.15254237288136,,4.215116279069767,,1.6883280313451152,
2013-14,N7,South West,South Devon,BSU,50<71,C1 and C2,0.5092168245238823,!,not included,not included,98.75,,4.073734596191058,,1.631763171251353,
2013-14,N7,South West,West Devon,BSU,50<71,C1 and C2,0.27010601661152006,!,not included,not included,97.6923076923077,,3.84901073671416,,1.7651864053188335,
2013-14,N7,South West,Wiltshire,BSU,50<71,C1 and C2,0.4328301682627279,!,not included,not included,98.54014598540147,,2.5969810095763672,,1.4396880640959597,
2014-15,N1,North East and Yorkshire,Barnsley,BSU,50<71,C1 and C2,0.0,!,not included,not included,100.0,,3.9390088945362134,,1.4615423127383362,
2014-15,N1,North East and Yorkshire,Doncaster,BSU,50<71,C1 and C2,0.1524390243902439,!,not included,not included,100.0,,3.8109756097560976,,1.5547678065335786,
2014-15,N1,North East and Yorkshire,Gateshead,BSU,50<71,C1 and C2,0.03543586109142452,!,not included,not included,100.0,,3.649893692416726,,1.4557378923632696,
2014-15,N1,North East and Yorkshire,Humberside,BSU,50<71,C1 and C2,0.22037758025416881,!,not included,not included,99.46236559139786,,2.828178946595166,,1.3524756708883912,
2014-15,N1,North East and Yorkshire,Leeds Wakefield,BSU,50<71,C1 and C2,0.2778356602069876,!,not included,not included,99.52153110047847,,3.5771341251649647,,1.4675287089569762,
2014-15,N1,North East and Yorkshire,Newcastle,BSU,50<71,C1 and C2,0.15402387370042359,!,not included,not included,99.14893617021276,,4.12013862148633,,1.7247190724720465,
2014-15,N1,North East and Yorkshire,North Cumbria,BSU,50<71,C1 and C2,0.16907599966184803,!,not included,not included,100.0,,3.973285992053428,,1.5323325226953768,
2014-15,N1,North East and Yorkshire,North Tees,BSU,50<71,C1 and C2,0.18879323365050596,!,not included,not included,99.47643979057592,,2.8696571514876905,,1.3946723148124545,
2014-15,N1,North East and Yorkshire,North Yorkshire,BSU,50<71,C1 and C2,0.18174548362473192,!,not included,not included,97.68518518518519,,3.707607865944531,,1.6101284731294023,
2014-15,N1,North East and Yorkshire,Pennine,BSU,50<71,C1 and C2,0.12753881962822436,!,not included,not included,98.7012987012987,,3.220355195612665,,1.4170098166435505,
2014-15,N1,North East and Yorkshire,Rotherham,BSU,50<71,C1 and C2,0.11906179307060365,!,not included,not included,100.0,,4.048100964400524,,1.6898014075463035,
2014-15,N1,North East and Yorkshire,Sheffield,BSU,50<71,C1 and C2,0.06622516556291391,!,not included,not included,95.23809523809523,,2.8476821192052983,,1.3445556753776053,
2014-15,N2,North West,Bolton,BSU,50<71,C1 and C2,0.453035336756267,!,not included,not included,99.4413407821229,,4.278667069364744,,1.7517321793941525,
2014-15,N2,North West,Cheshire & Stockport,BSU,50<71,C1 and C2,0.38762193940177014,!,not included,not included,98.56115107913669,,3.617804767749855,,1.6637318964182706,
2014-15,N2,North West,Chester,BSU,50<71,C1 and C2,0.14146272457207526,!,not included,not included,95.71428571428572,,2.9707172160135804,!,1.8409828486396005,
2014-15,N2,North West,Crewe,BSU,50<71,C1 and C2,0.10845986984815617,!,not included,not included,98.57142857142858,,2.928416485900217,,1.551791302263261,
2014-15,N2,North West,East Lancashire,BSU,50<71,C1 and C2,0.2000933769092243,!,not included,not included,100.0,,3.3348896151537386,,1.4713469728814583,
2014-15,N2,North West,Liverpool,BSU,50<71,C1 and C2,0.7315645727662895,!,not included,not included,98.81656804733728,,3.2676550916894262,,1.6160180654305663,
2014-15,N2,North West,Manchester,BSU,50<71,C1 and C2,0.14108352144469524,!,not included,not included,100.0,,4.408860045146727,,1.7422924586372903,
2014-15,N2,North West,North Lancashire & South Cumbria,BSU,50<71,C1 and C2,0.29547916871860536,!,not included,not included,98.32402234636871,,3.6934896089825666,,1.6293193762109142,
2014-15,N2,North West,South Lancashire,BSU,50<71,C1 and C2,0.35489758669641047,!,not included,not included,97.82608695652173,,4.0559724193875475,,1.765999802755233,
2014-15,N2,North West,"Warrington, Halton, St Helens & Knowsley",BSU,50<71,C1 and C2,0.12282748879199167,!,not included,not included,98.3739837398374,,2.6407910090278204,,1.5336959705339779,
2014-15,N2,North West,Wirral,BSU,50<71,C1 and C2,0.6755452615325227,!,not included,not included,95.6896551724138,,4.246284501061571,,1.9639608507784883,
2014-15,N3,Midlands,"City, Sandwell & Walsall",BSU,50<71,C1 and C2,0.21006932287654925,!,not included,not included,99.07407407407408,,2.7659127512078987,,1.4030490507680309,
2014-15,N3,Midlands,"Dudley, Wolverhampton & South West Staffordshire",BSU,50<71,C1 and C2,0.5752636625119846,!,not included,not included,94.90445859872611,,4.602109300095877,,1.9369077299332063,
2014-15,N3,Midlands,Hereford & Worcester,BSU,50<71,C1 and C2,0.27362989602063953,!,not included,not included,98.37837837837839,,3.009928856227035,,1.46969322980161,
2014-15,N3,Midlands,Kettering,BSU,50<71,C1 and C2,0.09737098344693282,!,not included,not included,97.5,,2.8237585199610518,,1.5551734879765948,
2014-15,N3,Midlands,Leicestershire,BSU,50<71,C1 and C2,0.13092432573972246,!,not included,not included,98.71794871794873,,3.633150039277298,,1.4920619526344936,
2014-15,N3,Midlands,Lincolnshire,BSU,50<71,C1 and C2,0.26265102433899495,!,not included,not included,100.0,,3.1080371213447733,,1.418065498328852,
2014-15,N3,Midlands,North Derbyshire & Chesterfield,BSU,50<71,C1 and C2,0.25210084033613445,!,not included,not included,100.0,,3.277310924369748,,1.2000328686968782,
2014-15,N3,Midlands,North Midlands,BSU,50<71,C1 and C2,0.19828155981493722,!,not included,not included,97.19626168224299,,3.2385988103106413,,1.1978785247575592,
2014-15,N3,Midlands,North Nottinghamshire,BSU,50<71,C1 and C2,0.0,!,not included,not included,98.66666666666667,,4.119214926096438,,1.8178897637607547,
2014-15,N3,Midlands,Northampton,BSU,50<71,C1 and C2,0.35797386790764274,!,not included,not included,97.59036144578313,,3.221764811168785,,1.364818672832712,
2014-15,N3,Midlands,Nottingham City,BSU,50<71,C1 and C2,0.6478921907394609,!,not included,not included,97.42268041237114,,3.8873531444367657,,1.6897173156066756,
2014-15,N3,Midlands,Shropshire,BSU,50<71,C1 and C2,0.27151778441487917,!,not included,not included,98.08917197452229,,3.584034754276405,,1.5996429387171545,
2014-15,N3,Midlands,South Birmingham,BSU,50<71,C1 and C2,0.4016467516818958,!,not included,not included,97.36842105263158,,2.209057134250427,!,1.4264851062657622,
2014-15,N3,Midlands,South Derbyshire & South East Staffordshire,BSU,50<71,C1 and C2,0.24915288020729523,!,not included,not included,98.70967741935483,,3.2389874426948375,,1.498594428079712,
2014-15,N3,Midlands,South Staffordshire,BSU,50<71,C1 and C2,0.05145091582630171,!,not included,not included,98.75,,4.424778761061947,,1.6511573744164458,
2014-15,N3,Midlands,"Warwickshire, Solihull & Coventry",BSU,50<71,C1 and C2,0.5576878916117181,!,not included,not included,97.70992366412213,,2.9196601384378176,,1.6493588580064547,
2014-15,N4,East of England,Beds & Herts,BSU,50<71,C1 and C2,0.32615786040443573,!,not included,not included,96.26865671641791,,2.2534543082488288,,1.3997471026866806,
2014-15,N4,East of England,Cambridge & Huntingdon,BSU,50<71,C1 and C2,0.13457139012245997,!,not included,not included,96.42857142857143,,3.767998923428879,,1.5539789631351073,
2014-15,N4,East of England,Chelmsford & Colchester,BSU,50<71,C1 and C2,0.31815470272419966,!,not included,not included,98.94179894179894,,3.4599323921256713,,1.4710102095750155,
2014-15,N4,East of England,East Suffolk,BSU,50<71,C1 and C2,0.3058805536438021,!,not included,not included,98.0,,3.4411562284927735,,1.614325127443094,
2014-15,N4,East of England,Great Yarmouth & Waveney,BSU,50<71,C1 and C2,0.0,!,not included,not included,100.0,,3.6288232244686367,,1.6701026888332118,
2014-15,N4,East of England,King's Lynn,BSU,50<71,C1 and C2,0.34328870580157916,!,not included,not included,98.68421052631578,,3.661746195216844,,1.5842395324909138,
2014-15,N4,East of England,Milton Keynes,BSU,50<71,C1 and C2,0.2628811777076761,!,not included,not included,100.0,,1.971608832807571,!,1.1752755068137393,
2014-15,N4,East of England,Norfolk & Norwich,BSU,50<71,C1 and C2,0.29491275497665276,!,not included,not included,100.0,,3.24404030474318,,1.5608402838115816,
2014-15,N4,East of England,Peterborough,BSU,50<71,C1 and C2,0.250899054946893,!,not included,not included,97.8021978021978,,4.014384879150288,,1.5255454649656421,
2014-15,N4,East of England,South Essex,BSU,50<71,C1 and C2,0.33361134278565474,!,not included,not included,97.6923076923077,,3.113705865999444,,1.4320406378335768,
2014-15,N4,East of England,West Essex (Epping),BSU,50<71,C1 and C2,0.24912805181863476,!,not included,not included,97.43589743589743,,4.359740906826109,,1.9316031400623546,
2014-15,N4,East of England,West Suffolk,BSU,50<71,C1 and C2,0.609818070942169,!,not included,not included,90.9090909090909,,5.081817257851408,,1.7260766403043897,
2014-15,N5,London,Central & East London,BSU,50<71,C1 and C2,0.189000189000189,!,not included,not included,99.35897435897436,,2.9295029295029296,,1.346803066856349,
2014-15,N5,London,North London,BSU,50<71,C1 and C2,0.3276003276003276,!,not included,not included,99.31740614334471,,2.5662025662025663,,1.47142310710698,
2014-15,N5,London,Outer North East London,BSU,50<71,C1 and C2,0.7706900640265593,!,not included,not included,98.70967741935483,,2.9641925539483043,,1.7995692445715556,
2014-15,N5,London,South East London,BSU,50<71,C1 and C2,0.14397189668576693,!,not included,not included,98.4126984126984,,3.5417086584698665,,1.5259662771435707,
2014-15,N5,London,South West London,BSU,50<71,C1 and C2,0.3375071720274056,!,not included,not included,97.50889679715303,,3.3075702858685747,,1.6848363251369196,
2014-15,N5,London,West of London,BSU,50<71,C1 and C2,0.7620103217761768,!,not included,not included,93.13304721030042,,3.0134044542966993,,1.5852140725641493,
2014-15,N6,South East,Aylesbury & Wycombe,BSU,50<71,C1 and C2,0.5469462169553327,!,not included,not included,96.57534246575342,,3.5855363111516256,,1.7321222215303689,
2014-15,N6,South East,Brighton,BSU,50<71,C1 and C2,0.3719131210949122,!,not included,not included,95.15418502202643,,2.8265397203213327,,1.5837450170522542,
2014-15,N6,South East,Canterbury,BSU,50<71,C1 and C2,0.9707795359673818,!,not included,not included,96.98795180722891,,3.4948063294825746,,1.570430749081298,
2014-15,N6,South East,East Berkshire,BSU,50<71,C1 and C2,0.5416279789538843,!,not included,not included,97.88732394366197,,4.410399257195914,,2.137015606643887,
2014-15,N6,South East,Guildford,BSU,50<71,C1 and C2,0.7218672299013448,,not included,not included,98.28080229226362,,4.037109322781595,,1.7480284432379483,
2014-15,N6,South East,Isle of Wight,BSU,50<71,C1 and C2,0.0,!,not included,not included,100.0,,3.15059861373661,!,1.7755818890647315,!
2014-15,N6,South East,Maidstone,BSU,50<71,C1 and C2,0.4329316689515838,!,not included,not included,98.30508474576271,,3.4634533516126704,,1.663814829669146,
2014-15,N6,South East,Medway,BSU,50<71,C1 and C2,1.155802126675913,!,not included,not included,94.20289855072464,,3.005085529357374,,1.492338971295215,
2014-15,N6,South East,North & Mid Hampshire,BSU,50<71,C1 and C2,0.07092701610043266,!,not included,not included,98.96907216494846,,2.9080076601177387,,1.2870779263904688,
2014-15,N6,South East,Oxfordshire,BSU,50<71,C1 and C2,0.12360939431396788,!,not included,not included,98.59154929577466,,3.522867737948084,,1.7053558587198692,
2014-15,N6,South East,Portsmouth,BSU,50<71,C1 and C2,0.7129929249163605,!,not included,not included,92.61083743842364,,4.05857511106236,,1.9776444435244738,
2014-15,N6,South East,Southampton & Salisbury,BSU,50<71,C1 and C2,0.7609577922077922,!,not included,not included,98.83040935672514,,3.601866883116883,,1.6545491219818773,
2014-15,N6,South East,West Berkshire,BSU,50<71,C1 and C2,0.2920901974529735,!,not included,not included,97.5609756097561,,3.096156093001519,,1.4484231429049774,
2014-15,N6,South East,Worthing,BSU,50<71,C1 and C2,0.4510091329349419,!,not included,not included,97.51243781094527,,3.3825684970120644,,1.4294552092876227,
2014-15,N7,South West,Avon,BSU,50<71,C1 and C2,0.7897759908098794,!,not included,not included,97.53086419753086,,3.6975875933371625,,1.7311352149700223,
2014-15,N7,South West,Cornwall,BSU,50<71,C1 and C2,0.06291286568103177,!,not included,not included,99.1304347826087,,3.7118590751808744,,1.4654186134450797,
2014-15,N7,South West,Dorset,BSU,50<71,C1 and C2,0.7201334141904184,!,not included,not included,98.21428571428571,,4.131291691934506,,1.669653338909793,
2014-15,N7,South West,Gloucestershire,BSU,50<71,C1 and C2,0.7138850645046148,!,not included,not included,97.17514124293785,,3.008515628983734,,1.7279946146672185,
2014-15,N7,South West,North & East Devon,BSU,50<71,C1 and C2,0.4841442749939482,!,not included,not included,95.37572254335261,,3.0985233599612685,,1.4885361283199119,
2014-15,N7,South West,Somerset,BSU,50<71,C1 and C2,0.30129557095510695,!,not included,not included,98.0392156862745,,2.952696595360048,,1.1250240711319115,
2014-15,N7,South West,South Devon,BSU,50<71,C1 and C2,0.11412919424788862,!,not included,not included,98.36065573770492,,3.195617438940881,,1.240496761062957,
2014-15,N7,South West,West Devon,BSU,50<71,C1 and C2,0.3957261574990107,!,not included,not included,96.29629629629629,,3.22234156820623,,1.389922921205132,
2014-15,N7,South West,Wiltshire,BSU,50<71,C1 and C2,0.5808212812917466,!,not included,not included,94.48818897637796,,3.3687634314921295,,1.4597290516126178,
2015-16,N1,North East and Yorkshire,Barnsley,BSU,50<71,C1 and C2,0.0,!,not included,not included,96.07843137254902,,2.7376425855513307,!,1.643676980117112,
2015-16,N1,North East and Yorkshire,Doncaster,BSU,50<71,C1 and C2,0.0747887218607434,!,not included,not included,98.13084112149532,,3.365492483733453,,1.6436680973884308,
2015-16,N1,North East and Yorkshire,Gateshead,BSU,50<71,C1 and C2,0.11650485436893204,!,not included,not included,98.51485148514851,,3.7281553398058254,,1.615759968854303,
2015-16,N1,North East and Yorkshire,Humberside,BSU,50<71,C1 and C2,0.18091034083508215,!,not included,not included,97.97979797979798,,3.7629350893697087,,1.475562606840231,
2015-16,N1,North East and Yorkshire,Leeds Wakefield,BSU,50<71,C1 and C2,0.3397053827862018,!,not included,not included,99.15254237288136,,3.3970538278620177,,1.3773185303375595,
2015-16,N1,North East and Yorkshire,Newcastle,BSU,50<71,C1 and C2,0.2094825780322603,!,not included,not included,99.5475113122172,,3.212066196494658,,1.585567462167289,
2015-16,N1,North East and Yorkshire,North Cumbria,BSU,50<71,C1 and C2,0.1810446275006789,!,not included,not included,98.76543209876543,,3.801937177514257,,1.3371498366265944,
2015-16,N1,North East and Yorkshire,North Tees,BSU,50<71,C1 and C2,0.18443378827001108,!,not included,not included,98.3739837398374,,3.258330259436862,,1.4683245129699363,
2015-16,N1,North East and Yorkshire,North Yorkshire,BSU,50<71,C1 and C2,0.24261048886013506,!,not included,not included,98.06763285024155,,3.396546844041891,,1.612096220583818,
2015-16,N1,North East and Yorkshire,Pennine,BSU,50<71,C1 and C2,0.09946290033817387,!,not included,not included,97.6470588235294,,3.6801273125124325,,1.548737277584676,
2015-16,N1,North East and Yorkshire,Rotherham,BSU,50<71,C1 and C2,0.0,!,not included,not included,94.73684210526315,,2.405773857257418,!,1.0560596040040502,
2015-16,N1,North East and Yorkshire,Sheffield,BSU,50<71,C1 and C2,0.0,!,not included,not included,99.08256880733946,,3.4064586455920427,,1.473968213875468,
2015-16,N2,North West,Bolton,BSU,50<71,C1 and C2,0.17778567936352727,!,not included,not included,98.88268156424581,,3.2890350682252545,,1.4619656446867277,
2015-16,N2,North West,Cheshire & Stockport,BSU,50<71,C1 and C2,0.21888224135415146,!,not included,not included,98.29059829059828,,3.575076608784474,,1.5992544958368173,
2015-16,N2,North West,Chester,BSU,50<71,C1 and C2,0.21781746896101067,!,not included,not included,100.0,,4.791984317142235,!,1.9791430417609879,
2015-16,N2,North West,Crewe,BSU,50<71,C1 and C2,0.511718350220039,!,not included,not included,98.27586206896551,,2.046873400880156,!,1.1262535201679469,
2015-16,N2,North West,East Lancashire,BSU,50<71,C1 and C2,0.3107278800590383,!,not included,not included,98.26086956521739,,4.816282140915094,,1.8546568521540212,
2015-16,N2,North West,Liverpool,BSU,50<71,C1 and C2,0.38746340623385567,!,not included,not included,99.47916666666666,,3.056655760289306,,1.6757506757016678,
2015-16,N2,North West,Manchester,BSU,50<71,C1 and C2,0.13929031584079116,!,not included,not included,98.59154929577466,,4.979628791308285,,2.025336705818049,
2015-16,N2,North West,North Lancashire & South Cumbria,BSU,50<71,C1 and C2,0.4405717642451537,!,not included,not included,98.19277108433735,,3.3777168592128453,,1.5902167963919644,
2015-16,N2,North West,South Lancashire,BSU,50<71,C1 and C2,0.3185220576524924,!,not included,not included,97.03703703703704,,3.7160906726124114,,1.586567959598177,
2015-16,N2,North West,"Warrington, Halton, St Helens & Knowsley",BSU,50<71,C1 and C2,0.2365604116151162,!,not included,not included,94.65648854961832,,2.5430244248624994,,1.514011815406439,
2015-16,N2,North West,Wirral,BSU,50<71,C1 and C2,1.1293965795417875,!,not included,not included,98.3739837398374,,3.3881897386253628,,1.7785911955045033,
2015-16,N3,Midlands,"City, Sandwell & Walsall",BSU,50<71,C1 and C2,0.35137034434293746,!,not included,not included,99.5049504950495,,2.9866479269149684,,1.4950111391367753,
2015-16,N3,Midlands,"Dudley, Wolverhampton & South West Staffordshire",BSU,50<71,C1 and C2,0.9328358208955224,!,not included,not included,94.52054794520548,,3.980099502487562,,1.8642373718164897,
2015-16,N3,Midlands,Hereford & Worcester,BSU,50<71,C1 and C2,0.17919220155538831,!,not included,not included,98.12206572769952,,3.798874672974232,,1.4507842179547674,
2015-16,N3,Midlands,Kettering,BSU,50<71,C1 and C2,0.17130620985010708,!,not included,not included,99.03846153846155,,3.2548179871520344,,1.7212581893581325,
2015-16,N3,Midlands,Leicestershire,BSU,50<71,C1 and C2,0.3372226343832198,!,not included,not included,99.1869918699187,,4.856005935118365,,1.6884672929951392,
2015-16,N3,Midlands,Lincolnshire,BSU,50<71,C1 and C2,0.13731076859702723,!,not included,not included,97.89915966386555,,3.707390752119735,,1.6024687366278365,
2015-16,N3,Midlands,North Derbyshire & Chesterfield,BSU,50<71,C1 and C2,0.15660480776759847,!,not included,not included,97.91666666666666,,3.1320961553519693,,1.4357782147648541,
2015-16,N3,Midlands,North Midlands,BSU,50<71,C1 and C2,0.5882737433819204,!,not included,not included,98.47328244274809,,4.052552454408785,,1.6016444403798267,
2015-16,N3,Midlands,North Nottinghamshire,BSU,50<71,C1 and C2,0.1154334526145677,!,not included,not included,100.0,,2.308669052291354,!,1.2451206833222312,
2015-16,N3,Midlands,Northampton,BSU,50<71,C1 and C2,0.3119881444505109,!,not included,not included,100.0,,3.1978784806177365,,1.6086601067805597,
2015-16,N3,Midlands,Nottingham City,BSU,50<71,C1 and C2,0.4814404698858986,!,not included,not included,98.85714285714286,,4.429252322950267,,1.6385420936159216,
2015-16,N3,Midlands,Shropshire,BSU,50<71,C1 and C2,0.2537588022584533,!,not included,not included,96.55172413793103,,4.123580536699867,,1.8062472274870416,
2015-16,N3,Midlands,South Birmingham,BSU,50<71,C1 and C2,0.46296296296296297,!,not included,not included,100.0,,3.7037037037037037,,1.592777436942368,
2015-16,N3,Midlands,South Derbyshire & South East Staffordshire,BSU,50<71,C1 and C2,0.14160962945480293,!,not included,not included,99.44444444444444,,3.3514278970970026,,1.6295676198395666,
2015-16,N3,Midlands,South Staffordshire,BSU,50<71,C1 and C2,0.22655188038060717,!,not included,not included,100.0,,3.6814680561848663,,1.598924866520522,
2015-16,N3,Midlands,"Warwickshire, Solihull & Coventry",BSU,50<71,C1 and C2,0.3899649031587157,!,not included,not included,98.51301115241635,,3.3796958273755364,,1.700706208272315,
2015-16,N4,East of England,Beds & Herts,BSU,50<71,C1 and C2,0.3983130271790066,!,not included,not included,95.46925566343042,,2.6944704779756328,,1.4348649977181018,
2015-16,N4,East of England,Cambridge & Huntingdon,BSU,50<71,C1 and C2,0.27660604384205795,!,not included,not included,97.19626168224299,,3.665030080907268,,1.4142334664897382,
2015-16,N4,East of England,Chelmsford & Colchester,BSU,50<71,C1 and C2,0.1312565628281414,!,not included,not included,98.88268156424581,,3.4126706335316768,,1.510981483560362,
2015-16,N4,East of England,East Suffolk,BSU,50<71,C1 and C2,0.3052736014653133,!,not included,not included,98.9247311827957,,3.6632832175837593,,1.2971987650667756,
2015-16,N4,East of England,Great Yarmouth & Waveney,BSU,50<71,C1 and C2,0.4518242403704959,!,not included,not included,100.0,,4.405286343612335,,1.6138239613470013,
2015-16,N4,East of England,King's Lynn,BSU,50<71,C1 and C2,0.7451564828614009,!,not included,not included,100.0,,4.0451351926761765,,1.7773075463432944,
2015-16,N4,East of England,Milton Keynes,BSU,50<71,C1 and C2,0.48971596474045054,!,not included,not included,98.33333333333333,,3.5504407443682666,,1.706395723528546,
2015-16,N4,East of England,Norfolk & Norwich,BSU,50<71,C1 and C2,0.38338658146964855,!,not included,not included,98.62068965517241,,3.0244941427050054,,1.3217824352456142,
2015-16,N4,East of England,Peterborough,BSU,50<71,C1 and C2,0.2271350696547547,!,not included,not included,98.09523809523809,,3.937007874015748,,1.6271850398877925,
2015-16,N4,East of England,South Essex,BSU,50<71,C1 and C2,0.3044881554107545,!,not included,not included,100.0,,3.1666768162718473,,1.4754304679047396,
2015-16,N4,East of England,West Essex (Epping),BSU,50<71,C1 and C2,0.0,!,not included,not included,100.0,,3.5731887629374075,,1.6744083134372765,
2015-16,N4,East of England,West Suffolk,BSU,50<71,C1 and C2,0.6253256904637832,!,not included,not included,98.61111111111111,,4.377279833246483,,1.5558768104208935,
2015-16,N5,London,Central & East London,BSU,50<71,C1 and C2,0.44812906116961687,!,not included,not included,98.98989898989899,,3.0248711628949136,,1.4974236504561216,
2015-16,N5,London,North London,BSU,50<71,C1 and C2,0.17245627001724562,!,not included,not included,98.86039886039886,,2.8085735402808574,,1.5375980241621325,
2015-16,N5,London,Outer North East London,BSU,50<71,C1 and C2,0.6557377049180327,!,not included,not included,96.875,,2.7742749054224465,,1.4754360190080422,
2015-16,N5,London,South East London,BSU,50<71,C1 and C2,0.10290183165260341,!,not included,not included,98.84169884169884,,2.7526239967071415,,1.2772912433510606,
2015-16,N5,London,South West London,BSU,50<71,C1 and C2,0.5877282344643837,!,not included,not included,97.72727272727273,,3.134550583810046,,1.6036554179784663,
2015-16,N5,London,West of London,BSU,50<71,C1 and C2,0.5640794223826715,!,not included,not included,96.7741935483871,,2.218712394705175,,1.2693701450675403,
2015-16,N6,South East,Aylesbury & Wycombe,BSU,50<71,C1 and C2,0.5336179295624334,!,not included,not included,95.42483660130719,,3.8020277481323372,,1.9857469321440733,
2015-16,N6,South East,Brighton,BSU,50<71,C1 and C2,0.6447453255963894,!,not included,not included,96.07843137254902,,2.9658284977433915,,1.719525293587974,
2015-16,N6,South East,Canterbury,BSU,50<71,C1 and C2,0.2681564245810056,!,not included,not included,99.47089947089947,,3.754189944134078,,1.7237935109211593,
2015-16,N6,South East,East Berkshire,BSU,50<71,C1 and C2,0.5347593582887701,!,not included,not included,97.0873786407767,,2.4446142093200915,,1.6556322539739878,
2015-16,N6,South East,Guildford,BSU,50<71,C1 and C2,0.6863417982155113,,not included,not included,95.98930481283422,,4.487619449870651,,1.87213439116727,
2015-16,N6,South East,Isle of Wight,BSU,50<71,C1 and C2,0.1435544071202986,!,not included,not included,94.73684210526315,,3.0146425495262705,!,1.59320656719747,
2015-16,N6,South East,Maidstone,BSU,50<71,C1 and C2,0.5450864351347142,!,not included,not included,95.6140350877193,,3.971344027410061,,1.7422409967303305,
2015-16,N6,South East,Medway,BSU,50<71,C1 and C2,0.3069838833461243,!,not included,not included,99.38271604938271,,3.786134561268867,,1.7707679368431126,
2015-16,N6,South East,North & Mid Hampshire,BSU,50<71,C1 and C2,0.3438592469482492,!,not included,not included,97.6,,3.0947332225342423,,1.2913805899942998,
2015-16,N6,South East,Oxfordshire,BSU,50<71,C1 and C2,0.36175710594315247,!,not included,not included,96.73202614379085,,3.565891472868217,,1.4140442621332323,
2015-16,N6,South East,Portsmouth,BSU,50<71,C1 and C2,0.6894357233771744,!,not included,not included,96.7741935483871,,3.1289775137887146,,1.5482332723071386,
2015-16,N6,South East,Southampton & Salisbury,BSU,50<71,C1 and C2,0.5827263267429761,!,not included,not included,98.71794871794873,,5.036420395421436,,1.924931095988594,
2015-16,N6,South East,West Berkshire,BSU,50<71,C1 and C2,0.4985044865403788,!,not included,not included,97.22222222222221,,2.4213075060532687,,1.512016132860506,
2015-16,N6,South East,Worthing,BSU,50<71,C1 and C2,0.25349460418628234,!,not included,not included,94.64285714285714,,3.114362280002897,,1.5945233903877751,
2015-16,N7,South West,Avon,BSU,50<71,C1 and C2,0.4131776112825033,!,not included,not included,96.78362573099415,,3.71859850154253,,1.8705852911729257,
2015-16,N7,South West,Cornwall,BSU,50<71,C1 and C2,0.059705057018329455,!,not included,not included,96.94656488549617,,3.4031882500447788,,1.4688153059280513,
2015-16,N7,South West,Dorset,BSU,50<71,C1 and C2,0.3182559573537017,!,not included,not included,99.05660377358491,,3.620161514898357,,1.7096997448490465,
2015-16,N7,South West,Gloucestershire,BSU,50<71,C1 and C2,0.5422726152329307,!,not included,not included,98.31460674157303,,3.2536356913975846,,1.7552918743812147,
2015-16,N7,South West,North & East Devon,BSU,50<71,C1 and C2,0.49972237645752354,!,not included,not included,92.42424242424242,,3.053858967240422,,1.4194032146480229,
2015-16,N7,South West,Somerset,BSU,50<71,C1 and C2,0.4510599909788002,!,not included,not included,96.37681159420289,,3.439332431213351,,1.4223953411081827,
2015-16,N7,South West,South Devon,BSU,50<71,C1 and C2,0.09573042312847023,!,not included,not included,97.97979797979798,,5.073712425808922,,1.800921517687358,
2015-16,N7,South West,West Devon,BSU,50<71,C1 and C2,0.7088542337930146,!,not included,not included,98.50746268656717,,3.6731537569274395,,1.7082136924715543,
2015-16,N7,South West,Wiltshire,BSU,50<71,C1 and C2,0.46446818392940087,!,not included,not included,93.71069182389937,,3.044846983537183,,1.7231304608876192,
2016-17,N1,North East and Yorkshire,Barnsley,BSU,50<71,C1 and C2,0.0,!,not included,not included,98.4126984126984,,2.8233817839590087,,1.2901001840198905,
2016-17,N1,North East and Yorkshire,Doncaster,BSU,50<71,C1 and C2,0.0,!,not included,not included,98.88888888888889,,4.011875150445318,,1.5640242343549953,
2016-17,N1,North East and Yorkshire,Gateshead,BSU,50<71,C1 and C2,0.06699494188188791,!,not included,not included,99.51456310679612,,3.21575721033062,,1.4730591530318582,
2016-17,N1,North East and Yorkshire,Humberside,BSU,50<71,C1 and C2,0.117813383600377,!,not included,not included,98.82352941176471,,3.9172950047125354,,1.6026565403799784,
2016-17,N1,North East and Yorkshire,Leeds Wakefield,BSU,50<71,C1 and C2,0.5857869585324496,!,not included,not included,98.20143884892086,,4.100508709727147,,1.7075822343144345,
2016-17,N1,North East and Yorkshire,Newcastle,BSU,50<71,C1 and C2,0.09872967814124926,!,not included,not included,98.7012987012987,,3.258079378661226,,1.4577130334847153,
2016-17,N1,North East and Yorkshire,North Cumbria,BSU,50<71,C1 and C2,0.0,!,not included,not included,100.0,,3.0392570704938793,,1.2303126901217578,
2016-17,N1,North East and Yorkshire,North Tees,BSU,50<71,C1 and C2,0.12938284383490747,!,not included,not included,98.78542510121457,,3.2669168068314143,,1.5507856041288117,
2016-17,N1,North East and Yorkshire,North Yorkshire,BSU,50<71,C1 and C2,0.15876796062554577,!,not included,not included,99.06103286384976,,3.4928951337620067,,1.639454789123915,
2016-17,N1,North East and Yorkshire,Pennine,BSU,50<71,C1 and C2,0.30496069395500136,!,not included,not included,96.8503937007874,,3.795066413662239,,1.6771719626000616,
2016-17,N1,North East and Yorkshire,Rotherham,BSU,50<71,C1 and C2,0.22901637467078895,!,not included,not included,97.5,,4.694835680751174,,2.0528499181109727,
2016-17,N1,North East and Yorkshire,Sheffield,BSU,50<71,C1 and C2,0.06815238874122538,!,not included,not included,99.2248062015504,,3.407619437061269,,1.8323448197258476,
2016-17,N2,North West,Bolton,BSU,50<71,C1 and C2,0.2805180232829959,!,not included,not included,98.95287958115183,,4.535041376408434,,1.6813417475658836,
2016-17,N2,North West,Cheshire & Stockport,BSU,50<71,C1 and C2,0.12717792191275595,!,not included,not included,99.28057553956835,,3.4338038916444105,,1.7794274770137772,
2016-17,N2,North West,Chester,BSU,50<71,C1 and C2,0.0,!,not included,not included,100.0,,3.0451700219928948,!,1.8361939705232442,
2016-17,N2,North West,Crewe,BSU,50<71,C1 and C2,0.10289124395513942,!,not included,not included,95.3125,,3.4983022944747404,,1.3415469757860898,
2016-17,N2,North West,East Lancashire,BSU,50<71,C1 and C2,0.12454851164528583,!,not included,not included,98.65771812080537,,3.9855523726491464,,1.8919824497266695,
2016-17,N2,North West,Liverpool,BSU,50<71,C1 and C2,0.37083735073796636,!,not included,not included,98.9247311827957,,2.521693985018171,,1.3823260189367679,
2016-17,N2,North West,Manchester,BSU,50<71,C1 and C2,0.10181744132769943,!,not included,not included,98.64864864864865,,3.9454258514483533,,1.6020025157093623,
2016-17,N2,North West,North Lancashire & South Cumbria,BSU,50<71,C1 and C2,0.29020205317952624,!,not included,not included,99.59016393442623,,3.5912504080966374,,1.7827716671283247,
2016-17,N2,North West,South Lancashire,BSU,50<71,C1 and C2,0.3849855630413859,!,not included,not included,98.63945578231292,,3.4167468719923004,,1.3382050256876672,
2016-17,N2,North West,"Warrington, Halton, St Helens & Knowsley",BSU,50<71,C1 and C2,0.4862236628849271,!,not included,not included,97.07602339181285,,2.7012425715829282,,1.638885790278658,
2016-17,N2,North West,Wirral,BSU,50<71,C1 and C2,0.769757098871023,!,not included,not included,98.14814814814815,,4.1053711939787885,,1.8461064670578031,
2016-17,N3,Midlands,"City, Sandwell & Walsall",BSU,50<71,C1 and C2,0.16573853089366217,!,not included,not included,100.0,,3.3147706178732435,,1.5070076675567294,
2016-17,N3,Midlands,"Dudley, Wolverhampton & South West Staffordshire",BSU,50<71,C1 and C2,0.6477942605428515,!,not included,not included,97.65625,,3.3037507287685433,,1.5970394721081849,
2016-17,N3,Midlands,Hereford & Worcester,BSU,50<71,C1 and C2,0.3071370983222636,!,not included,not included,99.01960784313727,,3.6856451798671634,,1.6299312755776965,
2016-17,N3,Midlands,Kettering,BSU,50<71,C1 and C2,0.24102193299590263,!,not included,not included,100.0,,3.213625773278702,,1.4739610048876546,
2016-17,N3,Midlands,Leicestershire,BSU,50<71,C1 and C2,0.1295840352468576,!,not included,not included,98.31932773109243,,3.563560969288584,,1.5017545498991323,
2016-17,N3,Midlands,Lincolnshire,BSU,50<71,C1 and C2,0.09338376056403791,!,not included,not included,98.13664596273291,,3.8754260634075735,,1.522756275873976,
2016-17,N3,Midlands,North Derbyshire & Chesterfield,BSU,50<71,C1 and C2,0.2334267040149393,!,not included,not included,98.07692307692307,,3.6570183629007156,,1.6578126134386864,
2016-17,N3,Midlands,North Midlands,BSU,50<71,C1 and C2,0.32320620555914675,!,not included,not included,98.51851851851852,,3.555268261150614,,1.5544183628199622,
2016-17,N3,Midlands,North Nottinghamshire,BSU,50<71,C1 and C2,0.0,!,not included,not included,98.0392156862745,,3.0845157310302285,,1.2985471673099507,
2016-17,N3,Midlands,Northampton,BSU,50<71,C1 and C2,0.3280570819322562,!,not included,not included,98.11320754716981,,4.018699253670138,,1.7053029440228218,
2016-17,N3,Midlands,Nottingham City,BSU,50<71,C1 and C2,0.2759001241550558,!,not included,not included,99.37888198757764,,4.414401986480893,,1.5357843397425979,
2016-17,N3,Midlands,Shropshire,BSU,50<71,C1 and C2,0.06583278472679394,!,not included,not included,98.27586206896551,,3.225806451612903,,1.5558575894971358,
2016-17,N3,Midlands,South Birmingham,BSU,50<71,C1 and C2,0.18412815319462345,!,not included,not included,98.9010989010989,,3.1301786043085986,,1.5609037496979992,
2016-17,N3,Midlands,South Derbyshire & South East Staffordshire,BSU,50<71,C1 and C2,0.263033300015782,!,not included,not included,98.0392156862745,,3.156399600189384,,1.4619678760375445,
2016-17,N3,Midlands,South Staffordshire,BSU,50<71,C1 and C2,0.11265067027148812,!,not included,not included,98.63013698630137,,3.830122789230596,,1.6713321291589163,
2016-17,N3,Midlands,"Warwickshire, Solihull & Coventry",BSU,50<71,C1 and C2,0.293728888236158,!,not included,not included,98.94736842105263,,2.878543104714349,,1.6528209828871676,
2016-17,N4,East of England,Beds & Herts,BSU,50<71,C1 and C2,0.21591743317355444,!,not included,not included,99.11764705882354,,3.022844064429762,,1.4872275141994247,
2016-17,N4,East of England,Cambridge & Huntingdon,BSU,50<71,C1 and C2,0.13164823591363875,!,not included,not included,98.24561403508771,,4.015271195365982,,1.5165208816858806,
2016-17,N4,East of England,Chelmsford & Colchester,BSU,50<71,C1 and C2,0.16213367921851568,!,not included,not included,99.35897435897436,,2.3509383486684774,,1.2472854218665765,
2016-17,N4,East of England,East Suffolk,BSU,50<71,C1 and C2,0.12743723716069835,!,not included,not included,97.3913043478261,,3.6956798776602526,,1.533723560116309,
2016-17,N4,East of England,Great Yarmouth & Waveney,BSU,50<71,C1 and C2,0.0,!,not included,not included,98.36065573770492,,2.8926815157651147,,1.2309091422518252,
2016-17,N4,East of England,King's Lynn,BSU,50<71,C1 and C2,0.8904719501335707,!,not included,not included,98.11320754716981,,3.710299792223212,,1.4486417497809392,
2016-17,N4,East of England,Milton Keynes,BSU,50<71,C1 and C2,0.12457954403886883,!,not included,not included,98.48484848484848,,3.6128067771271954,,1.6659673717205123,
2016-17,N4,East of England,Norfolk & Norwich,BSU,50<71,C1 and C2,0.14264656935000714,!,not included,not included,98.57142857142858,,2.9955779563501497,,1.4662572813272372,
2016-17,N4,East of England,Peterborough,BSU,50<71,C1 and C2,0.2224941595283124,!,not included,not included,100.0,,2.8924240738680607,,1.246181798098723,
2016-17,N4,East of England,South Essex,BSU,50<71,C1 and C2,0.05417998591320366,!,not included,not included,99.28057553956835,,3.630059056184645,,1.5735768103155894,
2016-17,N4,East of England,West Essex (Epping),BSU,50<71,C1 and C2,0.0,!,not included,not included,100.0,,3.971597063425201,,1.6584901164172774,
2016-17,N4,East of England,West Suffolk,BSU,50<71,C1 and C2,0.2761922297919352,!,not included,not included,91.01123595505618,,4.879396059657521,,1.6022406445280033,
2016-17,N5,London,Central & East London,BSU,50<71,C1 and C2,0.17029247732981398,!,not included,not included,98.33333333333333,,3.490995785261186,,1.458500824839927,
2016-17,N5,London,North London,BSU,50<71,C1 and C2,0.23946360153256704,!,not included,not included,97.62611275964392,,2.6123301985370952,,1.416592876776263,
2016-17,N5,London,Outer North East London,BSU,50<71,C1 and C2,0.3957848909117894,!,not included,not included,98.49624060150376,,2.523128679562658,,1.2100356691625587,
2016-17,N5,London,South East London,BSU,50<71,C1 and C2,0.13567784652122003,!,not included,not included,99.20318725099602,,2.930641484858352,,1.3773583190203413,
2016-17,N5,London,South West London,BSU,50<71,C1 and C2,0.4677997816934352,!,not included,not included,97.02602230483272,,3.212225167628255,,1.4885323769462182,
2016-17,N5,London,West of London,BSU,50<71,C1 and C2,0.45638655941582523,!,not included,not included,97.22222222222221,,2.652746876604484,,1.4024656337483665,
2016-17,N6,South East,Aylesbury & Wycombe,BSU,50<71,C1 and C2,0.48016325550687233,!,not included,not included,94.53125,,3.0010203469179517,,1.3988091863774834,
2016-17,N6,South East,Brighton,BSU,50<71,C1 and C2,0.3795066413662239,!,not included,not included,96.8944099378882,,2.7830487033523084,,1.2554631943984937,
2016-17,N6,South East,Canterbury,BSU,50<71,C1 and C2,0.8703220191470844,!,not included,not included,98.39357429718876,,4.905451380647203,,2.048591622386504,
2016-17,N6,South East,East Berkshire,BSU,50<71,C1 and C2,0.5218817565048833,!,not included,not included,100.0,,2.9821814657421903,,1.5256744354131462,
2016-17,N6,South East,Guildford,BSU,50<71,C1 and C2,0.779599637863394,,not included,not included,96.3254593175853,,3.9985916909767627,,1.7538010372427113,
2016-17,N6,South East,Isle of Wight,BSU,50<71,C1 and C2,0.15248551387618176,!,not included,not included,97.95918367346938,,1.982311680390363,!,1.4336643505022604,
2016-17,N6,South East,Maidstone,BSU,50<71,C1 and C2,1.0506798516687268,!,not included,not included,98.61111111111111,,4.202719406674907,,1.7473892723856006,
2016-17,N6,South East,Medway,BSU,50<71,C1 and C2,0.35937981312249717,!,not included,not included,97.41935483870968,,3.491118184618544,,1.6218485297372895,
2016-17,N6,South East,North & Mid Hampshire,BSU,50<71,C1 and C2,0.8418520745640409,!,not included,not included,95.71428571428572,,3.5478051713770293,,1.5262119493505077,
2016-17,N6,South East,Oxfordshire,BSU,50<71,C1 and C2,0.10500341261090985,!,not included,not included,98.4,,3.0976006720218408,,1.2612039633205854,
2016-17,N6,South East,Portsmouth,BSU,50<71,C1 and C2,1.0730968312081808,!,not included,not included,95.1219512195122,,2.7143037495265747,,1.4560078835082169,
2016-17,N6,South East,Southampton & Salisbury,BSU,50<71,C1 and C2,0.41644976574700676,!,not included,not included,96.33507853403141,,4.63300364393545,,2.0491821535835295,
2016-17,N6,South East,West Berkshire,BSU,50<71,C1 and C2,0.07205649228995534,!,not included,not included,98.96907216494846,,2.594033722438392,,1.4549911786723844,
2016-17,N6,South East,Worthing,BSU,50<71,C1 and C2,0.11729288032216445,!,not included,not included,98.97435897435898,,3.7533721703092624,,1.523360450403145,
2016-17,N7,South West,Avon,BSU,50<71,C1 and C2,0.5243991260014567,!,not included,not included,98.21428571428571,,3.5833940276766207,,1.6205119527097325,
2016-17,N7,South West,Cornwall,BSU,50<71,C1 and C2,0.2002803925495694,!,not included,not included,99.2,,3.5382869350423927,,1.5446400988569664,
2016-17,N7,South West,Dorset,BSU,50<71,C1 and C2,0.27929060187124705,!,not included,not included,98.7551867219917,,3.6656891495601176,,1.5891868666198012,
2016-17,N7,South West,Gloucestershire,BSU,50<71,C1 and C2,0.5940888162780336,!,not included,not included,98.27586206896551,,3.2179810881726816,,1.6593021508068266,
2016-17,N7,South West,North & East Devon,BSU,50<71,C1 and C2,0.14109015661007385,!,not included,not included,94.20289855072464,,2.9628932888115505,,1.231008500229827,
2016-17,N7,South West,Somerset,BSU,50<71,C1 and C2,0.11355893708834885,!,not included,not included,98.0392156862745,,4.144901203724733,,1.836382718175039,
2016-17,N7,South West,South Devon,BSU,50<71,C1 and C2,0.598623166716552,!,not included,not included,100.0,,3.1926568891549434,,1.3953094507677088,
2016-17,N7,South West,West Devon,BSU,50<71,C1 and C2,1.5325200760129958,,not included,not included,94.57364341085271,,3.0037393489854716,,1.4018241500536688,
2016-17,N7,South West,Wiltshire,BSU,50<71,C1 and C2,0.25104182356780635,!,not included,not included,98.0,,3.3639604358086057,,1.4999097574955818,
2017-18,N1,North East and Yorkshire,Barnsley,BSU,50<71,C1 and C2,0.0,!,not included,not included,97.87234042553192,,2.7787426189649183,!,1.2262943751017754,
2017-18,N1,North East and Yorkshire,Doncaster,BSU,50<71,C1 and C2,0.07318501170960187,!,not included,not included,100.0,,3.659250585480094,,1.7641197292022757,
2017-18,N1,North East and Yorkshire,Gateshead,BSU,50<71,C1 and C2,0.1375563121152722,!,not included,not included,98.0295566502463,,3.026238866535988,,1.3033312721390622,
2017-18,N1,North East and Yorkshire,Humberside,BSU,50<71,C1 and C2,0.1327668613913967,!,not included,not included,99.45652173913044,,2.5557620817843865,,1.2216011330594831,
2017-18,N1,North East and Yorkshire,Leeds Wakefield,BSU,50<71,C1 and C2,0.4029414727510829,!,not included,not included,99.60317460317461,,4.298042376011551,,1.650613078962854,
2017-18,N1,North East and Yorkshire,Newcastle,BSU,50<71,C1 and C2,0.14094929349166638,!,not included,not included,100.0,,4.193241481377075,,1.7386674387956784,
2017-18,N1,North East and Yorkshire,North Cumbria,BSU,50<71,C1 and C2,0.2673558506371981,!,not included,not included,100.0,,2.8517957401301133,,1.509303128871632,
2017-18,N1,North East and Yorkshire,North Tees,BSU,50<71,C1 and C2,0.1592153865749586,!,not included,not included,99.02912621359224,,2.2290154120494208,,1.1953789929564833,
2017-18,N1,North East and Yorkshire,North Yorkshire,BSU,50<71,C1 and C2,0.1804532986863,!,not included,not included,98.49246231155779,,2.5263461816082,,1.4366191562522863,
2017-18,N1,North East and Yorkshire,Pennine,BSU,50<71,C1 and C2,0.13078306359326466,!,not included,not included,99.0909090909091,,3.4003596534248812,,1.2975702553698856,
2017-18,N1,North East and Yorkshire,Rotherham,BSU,50<71,C1 and C2,0.0,!,not included,not included,100.0,,4.454042380888109,,2.056309038042049,
2017-18,N1,North East and Yorkshire,Sheffield,BSU,50<71,C1 and C2,0.2653927813163482,!,not included,not included,98.24561403508771,,3.781847133757962,,1.5341298187180812,
2017-18,N2,North West,Bolton,BSU,50<71,C1 and C2,0.0552944429084877,!,not included,not included,98.61111111111111,,2.8200165883328725,,1.4840364648181927,
2017-18,N2,North West,Cheshire & Stockport,BSU,50<71,C1 and C2,0.13272280841462605,!,not included,not included,99.15254237288136,,3.3844316145729643,,1.5910134365955169,
2017-18,N2,North West,Chester,BSU,50<71,C1 and C2,0.25749967812540236,!,not included,not included,100.0,,3.9912450109437363,,1.854102585578023,
2017-18,N2,North West,Crewe,BSU,50<71,C1 and C2,0.3079449804968179,!,not included,not included,97.53086419753086,,2.6688564976390885,,1.6018595809891305,
2017-18,N2,North West,East Lancashire,BSU,50<71,C1 and C2,0.2574831026713872,!,not included,not included,97.52066115702479,,3.154168007724493,,1.4877490199057655,
2017-18,N2,North West,Liverpool,BSU,50<71,C1 and C2,0.2566186219580001,!,not included,not included,97.87234042553192,,3.4643513964330013,,1.565607902432156,
2017-18,N2,North West,Manchester,BSU,50<71,C1 and C2,0.09741208559275254,!,not included,not included,98.02371541501977,,3.96142481410527,,1.6247532356000243,
2017-18,N2,North West,North Lancashire & South Cumbria,BSU,50<71,C1 and C2,0.2826255917473327,!,not included,not included,98.74476987447699,,3.285522504062743,,1.4861887699947474,
2017-18,N2,North West,South Lancashire,BSU,50<71,C1 and C2,0.28571428571428575,!,not included,not included,99.38650306748467,,3.857142857142857,,1.5024168958048063,
2017-18,N2,North West,"Warrington, Halton, St Helens & Knowsley",BSU,50<71,C1 and C2,0.5091361656389658,!,not included,not included,97.31543624161074,,2.715392883407818,,1.5512033529260474,
2017-18,N2,North West,Wirral,BSU,50<71,C1 and C2,0.35158653423573877,!,not included,not included,94.84536082474226,,2.461105739650171,,1.5542860300771617,
2017-18,N3,Midlands,"City, Sandwell & Walsall",BSU,50<71,C1 and C2,0.23332555581480618,!,not included,not included,99.53917050691244,,3.03323222559248,,1.4371131667152037,
2017-18,N3,Midlands,"Dudley, Wolverhampton & South West Staffordshire",BSU,50<71,C1 and C2,0.7135530482094278,!,not included,not included,97.07317073170731,,4.1921241582303885,,1.819666872387089,
2017-18,N3,Midlands,Hereford & Worcester,BSU,50<71,C1 and C2,0.2252421352954426,!,not included,not included,98.38056680161942,,3.303551317666492,,1.8044246131901436,
2017-18,N3,Midlands,Kettering,BSU,50<71,C1 and C2,0.6262300948291287,!,not included,not included,97.43589743589743,,2.9522275899087496,,1.4974717313097647,
2017-18,N3,Midlands,Leicestershire,BSU,50<71,C1 and C2,0.2742564602632862,!,not included,not included,98.3402489626556,,3.9310092637737686,,1.5152732416473,
2017-18,N3,Midlands,Lincolnshire,BSU,50<71,C1 and C2,0.09324009324009325,!,not included,not included,97.70114942528735,,3.7296037296037294,,1.5560592492843262,
2017-18,N3,Midlands,North Derbyshire & Chesterfield,BSU,50<71,C1 and C2,0.0,!,not included,not included,100.0,,3.302925448254168,,1.5511393405704514,
2017-18,N3,Midlands,North Midlands,BSU,50<71,C1 and C2,0.29304029304029305,!,not included,not included,98.70967741935483,,3.1746031746031744,,1.3230529339175585,
2017-18,N3,Midlands,North Nottinghamshire,BSU,50<71,C1 and C2,0.0,!,not included,not included,100.0,,1.7271157167530224,!,0.8867807290927683,
2017-18,N3,Midlands,Northampton,BSU,50<71,C1 and C2,0.26614620298083747,!,not included,not included,99.04761904761905,,3.371185237757275,,1.7127705472843913,
2017-18,N3,Midlands,Nottingham City,BSU,50<71,C1 and C2,0.04265301770100235,!,not included,not included,99.45054945054946,,3.8814246107912136,,1.5878828028163958,
2017-18,N3,Midlands,Shropshire,BSU,50<71,C1 and C2,0.20969855832241152,!,not included,not included,98.64864864864865,,2.9357798165137616,,1.489441337518321,
2017-18,N3,Midlands,South Birmingham,BSU,50<71,C1 and C2,0.09552010698251981,!,not included,not included,98.75,,2.579042888528035,,1.438237597794262,
2017-18,N3,Midlands,South Derbyshire & South East Staffordshire,BSU,50<71,C1 and C2,0.1861850679575498,!,not included,not included,98.04878048780488,,3.1279091416868368,,1.484542857796004,
2017-18,N3,Midlands,"Warwickshire, Solihull & Coventry",BSU,50<71,C1 and C2,0.39128340958343366,!,not included,not included,97.83549783549783,,2.317601733686492,,1.4757823741600742,
2017-18,N4,East of England,Beds & Herts,BSU,50<71,C1 and C2,0.11649852046879006,!,not included,not included,97.33333333333334,,2.889163307625993,,1.3570497899258052,
2017-18,N4,East of England,Cambridge & Huntingdon,BSU,50<71,C1 and C2,0.2487252829250093,!,not included,not included,99.21875,,3.295609998756374,,1.6176180276147814,
2017-18,N4,East of England,Chelmsford & Colchester,BSU,50<71,C1 and C2,0.16516640515319184,!,not included,not included,98.46938775510205,,3.220744900487241,,1.7077812475715906,
2017-18,N4,East of England,East Suffolk,BSU,50<71,C1 and C2,0.07157683773530885,!,not included,not included,100.0,,3.220957698088898,,1.2876639436503747,
2017-18,N4,East of England,Great Yarmouth & Waveney,BSU,50<71,C1 and C2,0.2834467120181406,!,not included,not included,94.11764705882352,,2.976190476190476,!,1.3448499678297732,
2017-18,N4,East of England,King's Lynn,BSU,50<71,C1 and C2,0.3694126339120798,!,not included,not included,100.0,,4.063538973032878,,1.483464367640011,
2017-18,N4,East of England,Milton Keynes,BSU,50<71,C1 and C2,0.4818696542585231,!,not included,not included,100.0,,3.9754246476328152,,1.9290043310598781,
2017-18,N4,East of England,Norfolk & Norwich,BSU,50<71,C1 and C2,0.2081165452653486,!,not included,not included,99.37888198757764,,3.902185223725286,,1.722527106663506,
2017-18,N4,East of England,Peterborough,BSU,50<71,C1 and C2,0.2598977735424067,!,not included,not included,98.73417721518987,,3.2054058736896818,,1.528216691656238,
2017-18,N4,East of England,South Essex,BSU,50<71,C1 and C2,0.05159692482328053,!,not included,not included,98.75776397515527,,4.385738609978845,,1.6800761634527432,
2017-18,N4,East of England,West Essex (Epping),BSU,50<71,C1 and C2,0.12423903590508137,!,not included,not included,100.0,,3.354453969437197,,1.4198859559684303,
2017-18,N4,East of England,West Suffolk,BSU,50<71,C1 and C2,0.4049402713099818,!,not included,not included,94.91525423728814,,2.935816966997368,,1.2097405282987292,
2017-18,N5,London,Central & East London,BSU,50<71,C1 and C2,0.4231652762664732,!,not included,not included,99.16666666666667,,2.9017047515415304,,1.3194315651616102,
2017-18,N5,London,North London,BSU,50<71,C1 and C2,0.19159382109926953,!,not included,not included,99.70238095238095,,2.682313495389774,,1.5299960166731612,
2017-18,N5,London,Outer North East London,BSU,50<71,C1 and C2,0.46528459907977043,!,not included,not included,99.32885906040269,,3.7222767926381635,,1.6094837938394324,
2017-18,N5,London,South East London,BSU,50<71,C1 and C2,0.09643899028377173,!,not included,not included,99.67105263157895,,2.8449502133712663,,1.5089611854302885,
2017-18,N5,London,South West London,BSU,50<71,C1 and C2,0.6066287983234986,!,not included,not included,98.70967741935483,,2.8676997738929026,,1.6606084834006996,
2017-18,N5,London,West of London,BSU,50<71,C1 and C2,0.27800086489157966,!,not included,not included,97.8021978021978,,2.471118799036264,,1.5529297358198773,
2017-18,N6,South East,Aylesbury & Wycombe,BSU,50<71,C1 and C2,0.12485173856045945,!,not included,not included,99.23076923076923,,3.3085710718521755,,1.6617840758531435,
2017-18,N6,South East,Brighton,BSU,50<71,C1 and C2,0.24955288441542237,!,not included,not included,98.06763285024155,,2.953042465582498,,1.623341211611151,
2017-18,N6,South East,Canterbury,BSU,50<71,C1 and C2,0.9510223490252021,!,not included,not included,99.40476190476191,,3.3285782215882076,,1.5859018919109906,
2017-18,N6,South East,East Berkshire,BSU,50<71,C1 and C2,0.22639800769753224,!,not included,not included,100.0,,2.1885140744094786,,1.4260509103927776,
2017-18,N6,South East,Guildford,BSU,50<71,C1 and C2,0.46443223159687286,!,not included,not included,95.38904899135446,,3.5864488995536288,,1.62204185682192,
2017-18,N6,South East,Isle of Wight,BSU,50<71,C1 and C2,0.3878975950349108,!,not included,not included,100.0,,3.2971295577967417,!,1.4204310061149557,
2017-18,N6,South East,Maidstone,BSU,50<71,C1 and C2,0.42961477874838894,!,not included,not included,99.2,,4.367750250608621,,1.6214242308456925,
2017-18,N6,South East,Medway,BSU,50<71,C1 and C2,0.6096885046003769,!,not included,not included,95.74468085106383,,3.1038687506928277,,1.5830450417255189,
2017-18,N6,South East,North & Mid Hampshire,BSU,50<71,C1 and C2,1.0011346192351331,!,not included,not included,94.81481481481482,,4.20476540078756,,1.6474798418485253,
2017-18,N6,South East,Oxfordshire,BSU,50<71,C1 and C2,0.5650036725238714,!,not included,not included,98.0,,3.7290242386575514,,1.7346155686223712,
2017-18,N6,South East,Portsmouth,BSU,50<71,C1 and C2,0.6465263900317386,!,not included,not included,96.52777777777779,,3.585282708357823,,1.6246182865884167,
2017-18,N6,South East,Southampton & Salisbury,BSU,50<71,C1 and C2,0.271333604666938,!,not included,not included,97.94871794871794,,3.6177813955591733,,1.6091486649170967,
2017-18,N6,South East,West Berkshire,BSU,50<71,C1 and C2,0.06145526057030482,!,not included,not included,97.91666666666666,,2.2123893805309733,,1.2131133918316832,
2017-18,N6,South East,Worthing,BSU,50<71,C1 and C2,0.08071025020177564,!,not included,not included,99.56140350877193,,3.9548022598870056,,1.775158952316792,
2017-18,N7,South West,Avon,BSU,50<71,C1 and C2,0.4214348234836451,!,not included,not included,96.73913043478261,,4.117094044801764,,1.737937656349615,
2017-18,N7,South West,Cornwall,BSU,50<71,C1 and C2,0.065698705735497,!,not included,not included,99.23076923076923,,3.8762236383943236,,1.6049017831888923,
2017-18,N7,South West,Dorset,BSU,50<71,C1 and C2,0.2745272983082255,!,not included,not included,97.44525547445255,,4.117909474623382,,1.850297068961995,
2017-18,N7,South West,Gloucestershire,BSU,50<71,C1 and C2,0.35837477041616267,!,not included,not included,97.1590909090909,,3.046185548537383,,1.552454785863258,
2017-18,N7,South West,North & East Devon,BSU,50<71,C1 and C2,0.14266013600266297,!,not included,not included,97.48427672955975,,3.328736506728803,,1.5239595752138526,
2017-18,N7,South West,Somerset,BSU,50<71,C1 and C2,0.2531485349028542,!,not included,not included,99.01960784313727,,3.607366622365673,,1.434819837541367,
2017-18,N7,South West,South Devon,BSU,50<71,C1 and C2,0.10837758751490192,!,not included,not included,96.82539682539682,,3.576460387991763,,1.3476348216154284,
2017-18,N7,South West,West Devon,BSU,50<71,C1 and C2,0.7297221442604547,!,not included,not included,97.26775956284153,,4.2660679202918885,,2.028606921360093,
2017-18,N7,South West,Wiltshire,BSU,50<71,C1 and C2,0.6363347120585428,!,not included,not included,94.9685534591195,,2.969561989606533,,1.677849075524669,
2018-19,N1,North East and Yorkshire,Barnsley,BSU,50<71,C1 and C2,0.0,!,not included,not included,98.11320754716981,,2.7041644131963225,!,1.406553131037504,
2018-19,N1,North East and Yorkshire,Doncaster,BSU,50<71,C1 and C2,0.2105263157894737,!,not included,not included,96.55172413793103,,3.1578947368421053,,1.3424687759834402,
2018-19,N1,North East and Yorkshire,Gateshead,BSU,50<71,C1 and C2,0.15491266798342435,!,not included,not included,98.4126984126984,,3.3306223616436235,,1.3547111996232721,
2018-19,N1,North East and Yorkshire,Humberside,BSU,50<71,C1 and C2,0.18867924528301885,!,not included,not included,99.15254237288136,,3.238993710691824,,1.581084857132787,
2018-19,N1,North East and Yorkshire,Leeds Wakefield,BSU,50<71,C1 and C2,0.1890835749401235,!,not included,not included,99.27797833935018,,4.380436152779528,,1.7199420667477605,
2018-19,N1,North East and Yorkshire,Newcastle,BSU,50<71,C1 and C2,0.0,!,not included,not included,98.87640449438202,,3.7492257033873435,,1.6852564025766053,
2018-19,N1,North East and Yorkshire,North Cumbria,BSU,50<71,C1 and C2,0.08504124500382686,!,not included,not included,100.0,,3.2315673101454205,,1.5843957186746962,
2018-19,N1,North East and Yorkshire,North Tees,BSU,50<71,C1 and C2,0.1273560876209883,!,not included,not included,100.0,,3.4067753438614368,,1.4316499205123066,
2018-19,N1,North East and Yorkshire,North Yorkshire,BSU,50<71,C1 and C2,0.07550303899731964,!,not included,not included,98.52941176470588,,3.0956245988901054,,1.5008005804323226,
2018-19,N1,North East and Yorkshire,Pennine,BSU,50<71,C1 and C2,0.0,!,not included,not included,99.22779922779922,,3.3703045529750595,,1.4496503914018695,
2018-19,N1,North East and Yorkshire,Rotherham,BSU,50<71,C1 and C2,0.12851818532322323,!,not included,not included,100.0,,4.1125819303431435,,1.8974281942017757,
2018-19,N1,North East and Yorkshire,Sheffield,BSU,50<71,C1 and C2,0.0,!,not included,not included,100.0,,2.947920078611202,,1.4827187517828886,
2018-19,N2,North West,Bolton,BSU,50<71,C1 and C2,0.36768085301957903,!,not included,not included,98.87640449438202,,3.814688850078132,,1.538463452839138,
2018-19,N2,North West,Cheshire & Stockport,BSU,50<71,C1 and C2,0.1353729524840937,!,not included,not included,96.03174603174604,,3.6550697170705293,,1.7227813920876496,
2018-19,N2,North West,Crewe,BSU,50<71,C1 and C2,0.30870549495781024,!,not included,not included,98.87640449438202,,4.21897509775674,,1.9123244530185917,
2018-19,N2,North West,East Lancashire,BSU,50<71,C1 and C2,0.26172871818360266,!,not included,not included,95.90163934426229,,3.7296342341163387,,1.6724718055828718,
2018-19,N2,North West,Liverpool,BSU,50<71,C1 and C2,0.282235303604548,!,not included,not included,96.89119170984456,,2.499798403354568,,1.292543170448556,
2018-19,N2,North West,Manchester,BSU,50<71,C1 and C2,0.09693053311793215,!,not included,not included,98.49056603773585,,3.618739903069467,,1.7579469991764816,
2018-19,N2,North West,North Lancashire & South Cumbria,BSU,50<71,C1 and C2,0.3728560775540641,!,not included,not included,97.76536312849163,,3.5887397464578674,,1.5604947428982396,
2018-19,N2,North West,South Lancashire,BSU,50<71,C1 and C2,0.25647601949217746,!,not included,not included,99.35897435897436,,3.795845088484227,,1.5717201030545438,
2018-19,N2,North West,"Warrington, Halton, St Helens & Knowsley",BSU,50<71,C1 and C2,0.17006802721088435,!,not included,not included,99.36708860759494,,3.287981859410431,,1.7518694198579303,
2018-19,N2,North West,Wirral & Chester,BSU,50<71,C1 and C2,0.0,!,not included,not included,98.93048128342245,,3.923414940364093,,1.9514404583420097,
2018-19,N3,Midlands,"City, Sandwell & Walsall",BSU,50<71,C1 and C2,0.13018290698431298,!,not included,not included,99.1869918699187,,2.864023953654885,,1.6358350704343843,
2018-19,N3,Midlands,"Dudley, Wolverhampton & South West Staffordshire",BSU,50<71,C1 and C2,0.3854492893278728,!,not included,not included,99.00497512437812,,4.143579860274633,,1.9109488403607493,
2018-19,N3,Midlands,Hereford & Worcester,BSU,50<71,C1 and C2,0.1365280906546522,!,not included,not included,98.49246231155779,,3.0036179944023482,,1.2895405367067714,
2018-19,N3,Midlands,Kettering,BSU,50<71,C1 and C2,0.32757349930390633,!,not included,not included,100.0,,2.7843747440832036,,1.2064969862710697,
2018-19,N3,Midlands,Leicestershire,BSU,50<71,C1 and C2,0.3055651044650701,!,not included,not included,97.53694581280789,,3.5903899774645733,,1.5833209616979755,
2018-19,N3,Midlands,Lincolnshire,BSU,50<71,C1 and C2,0.07550303899731964,!,not included,not included,99.52380952380952,,3.171127637887425,,1.5463592995286919,
2018-19,N3,Midlands,North Derbyshire & Chesterfield,BSU,50<71,C1 and C2,0.31728404854445946,!,not included,not included,100.0,,4.4419766796224325,,1.836263655761258,
2018-19,N3,Midlands,North Midlands,BSU,50<71,C1 and C2,0.15275726870003564,!,not included,not included,98.23529411764706,,3.717093538367534,,1.6013056646062787,
2018-19,N3,Midlands,North Nottinghamshire,BSU,50<71,C1 and C2,0.657606313020605,!,not included,not included,98.21428571428571,,3.288031565103025,,1.2725967146426602,
2018-19,N3,Midlands,Northampton,BSU,50<71,C1 and C2,0.1518141794443601,!,not included,not included,96.80851063829788,,3.6435403066646423,,1.4258751308615665,
2018-19,N3,Midlands,Nottingham City,BSU,50<71,C1 and C2,0.18737118231216038,!,not included,not included,99.42528735632183,,4.59059396664793,,1.6474963757959973,
2018-19,N3,Midlands,Shropshire,BSU,50<71,C1 and C2,0.05920312592504884,!,not included,not included,97.8102189781022,,4.085015688828371,,1.638831904431445,
2018-19,N3,Midlands,South Birmingham,BSU,50<71,C1 and C2,0.24348672997321646,!,not included,not included,100.0,,2.8000973946919894,!,1.5269950264873755,
2018-19,N3,Midlands,South Derbyshire & South East Staffordshire,BSU,50<71,C1 and C2,0.09554748710108923,!,not included,not included,99.15611814345992,,3.5034078603732723,,1.4796977251565602,
2018-19,N3,Midlands,"Warwickshire, Solihull & Coventry",BSU,50<71,C1 and C2,0.4592422502870264,!,not included,not included,97.94238683127571,,2.9522716089880268,,1.622040774231534,
2018-19,N4,East of England,Beds & Herts,BSU,50<71,C1 and C2,0.13163379478291393,!,not included,not included,98.30028328611898,,2.8520655536298016,,1.5979120615728784,
2018-19,N4,East of England,Cambridge & Huntingdon,BSU,50<71,C1 and C2,0.23917723032767282,!,not included,not included,98.55072463768117,,3.408275532169337,,1.6263476677726827,
2018-19,N4,East of England,Chelmsford & Colchester,BSU,50<71,C1 and C2,0.2905393136008716,!,not included,not included,98.5576923076923,,3.050662792809152,,1.5827506499058706,
2018-19,N4,East of England,East Suffolk,BSU,50<71,C1 and C2,0.07152564194263644,!,not included,not included,98.82352941176471,,2.5749231099349115,,1.2481986822889575,
2018-19,N4,East of England,Great Yarmouth & Waveney,BSU,50<71,C1 and C2,0.20584602717167558,!,not included,not included,96.05263157894737,,4.4256895841910255,,1.6735294050526897,
2018-19,N4,East of England,King's Lynn,BSU,50<71,C1 and C2,0.7188334360238242,!,not included,not included,98.46153846153847,,2.9780242349558432,,1.3693315379875393,
2018-19,N4,East of England,Milton Keynes,BSU,50<71,C1 and C2,0.26116479498563594,!,not included,not included,100.0,,3.2645599373204495,,1.3562916918414856,
2018-19,N4,East of England,Norfolk & Norwich,BSU,50<71,C1 and C2,0.13214112672334052,!,not included,not included,97.75280898876404,,3.6118574637713077,,1.544446542652356,
2018-19,N4,East of England,Peterborough,BSU,50<71,C1 and C2,0.3029614481557222,!,not included,not included,99.13793103448276,,3.938498826024388,,1.787051551170152,
2018-19,N4,East of England,South Essex,BSU,50<71,C1 and C2,0.3026084851419234,!,not included,not included,98.4,,3.510258427646311,,1.5010933699207674,
2018-19,N4,East of England,West Essex (Epping),BSU,50<71,C1 and C2,0.11018069634200088,!,not included,not included,100.0,,2.974878801234024,,1.4362949011531012,
2018-19,N4,East of England,West Suffolk,BSU,50<71,C1 and C2,0.3980099502487562,!,not included,not included,98.57142857142858,,4.27860696517413,,1.44481492045422,
2018-19,N5,London,Central & East London,BSU,50<71,C1 and C2,0.2028809089064719,!,not included,not included,100.0,,3.2460945425035503,,1.689432039449232,
2018-19,N5,London,North London,BSU,50<71,C1 and C2,0.21713954834973942,!,not included,not included,97.92899408284023,,2.3644084153638296,,1.4221394834405359,
2018-19,N5,London,Outer North East London,BSU,50<71,C1 and C2,0.4619174707452269,!,not included,not included,99.25373134328358,,2.9254773147197697,,1.3745394189531837,
2018-19,N5,London,South East London,BSU,50<71,C1 and C2,0.023591582523355668,!,not included,not included,99.34426229508196,,2.689440407662546,,1.4297495220047276,
2018-19,N5,London,South West London,BSU,50<71,C1 and C2,0.31027868667494074,!,not included,not included,98.51301115241635,,2.171950806724585,,1.3348260089240453,
2018-19,N5,London,West of London,BSU,50<71,C1 and C2,0.28249474245895984,!,not included,not included,99.11504424778761,,2.4482877679776514,,1.2928595600149693,
2018-19,N6,South East,Aylesbury & Wycombe,BSU,50<71,C1 and C2,0.12187690432663009,!,not included,not included,98.56115107913669,,3.5344302254722733,,1.551186130287587,
2018-19,N6,South East,Brighton,BSU,50<71,C1 and C2,0.31017369727047145,!,not included,not included,96.27659574468085,,3.411910669975186,,1.565013972336813,
2018-19,N6,South East,Canterbury,BSU,50<71,C1 and C2,0.8135593220338982,!,not included,not included,96.53179190751445,,3.1638418079096042,,1.620841085523902,
2018-19,N6,South East,East Berkshire,BSU,50<71,C1 and C2,0.1431536754706177,!,not included,not included,100.0,,2.362035645265192,,1.4071717308817906,
2018-19,N6,South East,Guildford,BSU,50<71,C1 and C2,0.49985004498650404,!,not included,not included,96.86609686609687,,3.6738978306508048,,1.5898783169991821,
2018-19,N6,South East,Isle of Wight,BSU,50<71,C1 and C2,0.23529411764705882,!,not included,not included,86.8421052631579,,3.294117647058824,!,1.5595595803745022,
2018-19,N6,South East,Maidstone,BSU,50<71,C1 and C2,0.3809233582203261,!,not included,not included,99.15254237288136,,3.9616029254913907,,1.7676569181014463,
2018-19,N6,South East,Medway,BSU,50<71,C1 and C2,0.11270780501549733,!,not included,not included,99.35897435897436,,3.8884192730346574,,1.8318035248858087,
2018-19,N6,South East,North & Mid Hampshire,BSU,50<71,C1 and C2,0.3527159125264537,!,not included,not included,99.32432432432432,,3.3256071752494205,,1.4951554492114227,
2018-19,N6,South East,Oxfordshire,BSU,50<71,C1 and C2,0.42052144659377627,!,not included,not included,98.85057471264368,,4.047518923465097,,1.7010787158711418,
2018-19,N6,South East,Portsmouth,BSU,50<71,C1 and C2,0.48088482808367394,!,not included,not included,97.94520547945206,,2.692955037268574,,1.4264233030020268,
2018-19,N6,South East,Southampton & Salisbury,BSU,50<71,C1 and C2,0.3820074491452583,!,not included,not included,98.98477157360406,,3.772323560309426,,1.7307368408825599,
2018-19,N6,South East,West Berkshire,BSU,50<71,C1 and C2,0.06718624025799516,!,not included,not included,98.14814814814815,,2.485890889545821,,1.4146420780792557,
2018-19,N6,South East,Worthing,BSU,50<71,C1 and C2,0.1514520464957783,!,not included,not included,97.73755656108597,,3.8620271856423463,,1.6455787276403562,
2018-19,N7,South West,Avon,BSU,50<71,C1 and C2,0.25588536335721596,!,not included,not included,98.77300613496932,,4.662799954509269,,1.7877162385947547,
2018-19,N7,South West,Cornwall,BSU,50<71,C1 and C2,0.11258725512272011,!,not included,not included,99.29577464788733,,3.827966674172484,,1.645002666960574,
2018-19,N7,South West,Dorset,BSU,50<71,C1 and C2,0.46573003182488554,!,not included,not included,98.11320754716981,,3.687029418613677,,1.6163872553820025,
2018-19,N7,South West,Gloucestershire,BSU,50<71,C1 and C2,0.18890200708382526,!,not included,not included,97.2972972972973,,3.3057851239669422,,1.693674392954036,
2018-19,N7,South West,North & East Devon,BSU,50<71,C1 and C2,0.4334164048109221,!,not included,not included,99.28057553956835,,2.600498428865533,,1.4502506804868904,
2018-19,N7,South West,Somerset,BSU,50<71,C1 and C2,0.058513750731421885,!,not included,not included,98.38709677419355,,4.212990052662376,,1.4394573502326578,
2018-19,N7,South West,South Devon,BSU,50<71,C1 and C2,0.42746003248696246,!,not included,not included,96.34146341463415,,2.39377618192699,,1.4350541296178325,
2018-19,N7,South West,West Devon,BSU,50<71,C1 and C2,0.3051199121254653,!,not included,not included,95.45454545454545,,3.6614389455055836,,1.7246261010612898,
2018-19,N7,South West,Wiltshire,BSU,50<71,C1 and C2,0.10776442696265963,!,not included,not included,97.02380952380952,,4.041166011099736,,1.8997374376872835,
2019-20,N1,North East and Yorkshire,Barnsley,BSU,50<71,C1 and C2,0.13533631073216945,!,not included,not included,100.0,,3.1127351468398974,!,1.6629405711602203,
2019-20,N1,North East and Yorkshire,Doncaster,BSU,50<71,C1 and C2,0.0,!,not included,not included,98.75,,2.7652682310184087,,1.3676768718807197,
2019-20,N1,North East and Yorkshire,Gateshead,BSU,50<71,C1 and C2,0.06999615021173836,!,not included,not included,98.98477157360406,,2.97483638399888,,1.4181739160287117,
2019-20,N1,North East and Yorkshire,Humberside,BSU,50<71,C1 and C2,0.38942073665422683,!,not included,not included,99.52830188679245,,2.920655524906701,,1.4720394506572776,
2019-20,N1,North East and Yorkshire,Leeds Wakefield,BSU,50<71,C1 and C2,0.11868379669465627,!,not included,not included,98.91304347826086,,4.094590985965641,,1.5433196354009278,
2019-20,N1,North East and Yorkshire,Newcastle,BSU,50<71,C1 and C2,0.1794043774668102,!,not included,not included,99.17355371900827,,3.1575170434158593,,1.5491374586426248,
2019-20,N1,North East and Yorkshire,North Cumbria,BSU,50<71,C1 and C2,0.0844095551616443,!,not included,not included,100.0,,2.701105765172618,,1.184196207427891,
2019-20,N1,North East and Yorkshire,North Tees,BSU,50<71,C1 and C2,0.11078286558345643,!,not included,not included,100.0,,3.9881831610044314,,1.7349706126862505,
2019-20,N1,North East and Yorkshire,North Yorkshire,BSU,50<71,C1 and C2,0.11289654912881497,!,not included,not included,99.49748743718592,,2.784781545177436,,1.5139711379865604,
2019-20,N1,North East and Yorkshire,Pennine,BSU,50<71,C1 and C2,0.14291839359725597,!,not included,not included,100.0,,3.6801486351293415,,1.525298923524668,
2019-20,N1,North East and Yorkshire,Rotherham,BSU,50<71,C1 and C2,0.12547051442910914,!,not included,not included,100.0,,3.262233375156838,,1.2310491524072704,
2019-20,N1,North East and Yorkshire,Sheffield,BSU,50<71,C1 and C2,0.4262877442273535,!,not included,not included,98.7012987012987,,2.1314387211367674,,1.1594742662592108,
2019-20,N2,North West,Bolton,BSU,50<71,C1 and C2,0.2981260647359455,!,not included,not included,98.93617021276596,,3.577512776831346,,1.5928741517290177,
2019-20,N2,North West,Cheshire & Stockport,BSU,50<71,C1 and C2,0.0,!,not included,not included,100.0,,3.6739220851240812,,1.6478080415750465,
2019-20,N2,North West,Crewe,BSU,50<71,C1 and C2,0.3238341968911917,!,not included,not included,100.0,,3.562176165803109,,1.6205031370018514,
2019-20,N2,North West,East Lancashire,BSU,50<71,C1 and C2,0.32711808963035655,!,not included,not included,100.0,,2.8786391887471376,,1.3271103052513593,
2019-20,N2,North West,Liverpool,BSU,50<71,C1 and C2,0.11477542275614049,!,not included,not included,99.07407407407408,,2.8311270946514653,,1.6906262849933813,
2019-20,N2,North West,Manchester,BSU,50<71,C1 and C2,0.16432953549517967,!,not included,not included,98.0544747081712,,2.930543382997371,,1.3745757260842524,
2019-20,N2,North West,North Lancashire & South Cumbria,BSU,50<71,C1 and C2,0.23119249086789662,!,not included,not included,98.29545454545455,,3.5141258611920287,,1.6406135351521813,
2019-20,N2,North West,South Lancashire,BSU,50<71,C1 and C2,0.09678199854827002,!,not included,not included,98.73417721518987,,2.8066779578998307,,1.3577195646912879,
2019-20,N2,North West,"Warrington, Halton, St Helens & Knowsley",BSU,50<71,C1 and C2,0.3538779121203185,!,not included,not included,100.0,,2.182247124741964,,1.4375174335289758,
2019-20,N2,North West,Wirral & Chester,BSU,50<71,C1 and C2,0.16792611251049538,!,not included,not included,99.37106918238993,,3.9742513294150577,,1.6610152928293833,
2019-20,N3,Midlands,"City, Sandwell & Walsall",BSU,50<71,C1 and C2,0.1936045948823852,!,not included,not included,99.57627118644068,,3.1299409505985607,,1.4135137988494795,
2019-20,N3,Midlands,"Dudley, Wolverhampton & South West Staffordshire",BSU,50<71,C1 and C2,0.16989466530750935,!,not included,not included,100.0,,3.6102616377845735,,1.757164448133912,
2019-20,N3,Midlands,Hereford & Worcester,BSU,50<71,C1 and C2,0.13134851138353767,!,not included,not included,97.10982658959537,,3.1085814360770576,,1.545618611308905,
2019-20,N3,Midlands,Kettering,BSU,50<71,C1 and C2,0.8774238834781083,!,not included,not included,98.79518072289156,,2.8954988154777572,,1.5143215882550949,
2019-20,N3,Midlands,Leicestershire,BSU,50<71,C1 and C2,0.1582178343142839,!,not included,not included,99.30795847750865,,4.525030061388519,,1.7400846442424132,
2019-20,N3,Midlands,Lincolnshire,BSU,50<71,C1 and C2,0.16270083384177342,!,not included,not included,100.0,,3.579418344519016,,1.5730566850976475,
2019-20,N3,Midlands,North Derbyshire & Chesterfield,BSU,50<71,C1 and C2,0.15794045644791915,!,not included,not included,99.09909909909909,,3.63263049830214,,1.6906144470194466,
2019-20,N3,Midlands,North Midlands,BSU,50<71,C1 and C2,0.10813148788927336,!,not included,not included,99.42196531791907,,4.163062283737024,,1.7536993091221855,
2019-20,N3,Midlands,North Nottinghamshire,BSU,50<71,C1 and C2,0.24670038238559266,!,not included,not included,100.0,,4.934007647711853,,1.7531917157459587,
2019-20,N3,Midlands,Northampton,BSU,50<71,C1 and C2,0.0856898029134533,!,not included,not included,98.86363636363636,,2.7420736932305054,,1.3973597945288283,
2019-20,N3,Midlands,Nottingham City,BSU,50<71,C1 and C2,0.1420925496139819,!,not included,not included,98.82352941176471,,3.6470421067588688,,1.67738738527806,
2019-20,N3,Midlands,Shropshire,BSU,50<71,C1 and C2,0.0,!,not included,not included,98.56115107913669,,4.662710427516047,,1.7551236705860007,
2019-20,N3,Midlands,South Birmingham,BSU,50<71,C1 and C2,0.4695717505634861,!,not included,not included,100.0,,3.5687453042824946,,1.901018598221342,
2019-20,N3,Midlands,South Derbyshire & South East Staffordshire,BSU,50<71,C1 and C2,0.245861334207507,!,not included,not included,99.40476190476191,,2.4176364530404855,,1.2591933708002123,
2019-20,N3,Midlands,"Warwickshire, Solihull & Coventry",BSU,50<71,C1 and C2,0.3092783505154639,!,not included,not included,100.0,,2.852233676975945,,1.6684677129588372,
2019-20,N4,East of England,Beds & Herts,BSU,50<71,C1 and C2,0.32608695652173914,!,not included,not included,98.83040935672514,,3.0869565217391304,,1.4608749390246434,
2019-20,N4,East of England,Cambridge & Huntingdon,BSU,50<71,C1 and C2,0.18846588767433095,!,not included,not included,100.0,,2.167357708254806,!,1.0581049111019356,
2019-20,N4,East of England,Chelmsford & Colchester,BSU,50<71,C1 and C2,0.09191598878624938,!,not included,not included,98.73417721518987,,2.8034376579806057,,1.4783929484944822,
2019-20,N4,East of England,East Suffolk,BSU,50<71,C1 and C2,0.0,!,not included,not included,100.0,,3.531669865642994,,1.4174347080149776,
2019-20,N4,East of England,Great Yarmouth & Waveney,BSU,50<71,C1 and C2,0.6887842957180575,!,not included,not included,97.10144927536231,,4.706692687406727,,1.6278362239588304,
2019-20,N4,East of England,King's Lynn,BSU,50<71,C1 and C2,0.2888920988010978,!,not included,not included,96.92307692307692,,4.477827531417016,,1.920252619900218,
2019-20,N4,East of England,Milton Keynes,BSU,50<71,C1 and C2,0.2587991718426501,!,not included,not included,100.0,,3.2349896480331264,,1.5653816799867868,
2019-20,N4,East of England,Norfolk & Norwich,BSU,50<71,C1 and C2,0.10687757174157003,!,not included,not included,98.59154929577466,,3.4735210816010262,,1.5035596775365678,
2019-20,N4,East of England,Peterborough,BSU,50<71,C1 and C2,0.20920502092050208,!,not included,not included,100.0,,2.719665271966527,,1.4586740704794843,
2019-20,N4,East of England,South Essex,BSU,50<71,C1 and C2,0.10568031704095113,!,not included,not included,100.0,,3.593130779392338,,1.6171049662833616,
2019-20,N4,East of England,West Essex (Epping),BSU,50<71,C1 and C2,0.0,!,not included,not included,98.64864864864865,,2.2609514837494116,!,1.3918646439471054,
2019-20,N4,East of England,West Suffolk,BSU,50<71,C1 and C2,0.10313531353135313,!,not included,not included,100.0,,2.9909240924092413,,1.4956879316929295,
2019-20,N5,London,Central & East London,BSU,50<71,C1 and C2,0.27088851432699257,!,not included,not included,98.30508474576271,,2.4981940765711537,,1.2864792210081615,
2019-20,N5,London,North London,BSU,50<71,C1 and C2,0.23025558369790466,!,not included,not included,99.43661971830986,,2.809118121114437,,1.5095031769345633,
2019-20,N5,London,Outer North East London,BSU,50<71,C1 and C2,0.4983112784452688,!,not included,not included,97.65625,,3.155971430153369,,1.3792414778737945,
2019-20,N5,London,South East London,BSU,50<71,C1 and C2,0.22280398819138864,!,not included,not included,98.31223628691983,,2.395142873057428,,1.2296740469467193,
2019-20,N5,London,South West London,BSU,50<71,C1 and C2,0.4319654427645788,!,not included,not included,96.22641509433963,,2.5253364346236915,,1.253263018681864,
2019-20,N5,London,West of London,BSU,50<71,C1 and C2,0.12656625743576763,!,not included,not included,97.24770642201835,,2.6262498417921782,,1.3777097582788547,
2019-20,N6,South East,Aylesbury & Wycombe,BSU,50<71,C1 and C2,0.2592184563540924,!,not included,not included,97.98657718120806,,3.75866761713434,,1.8694611222391095,
2019-20,N6,South East,Brighton,BSU,50<71,C1 and C2,0.44714720085852266,!,not included,not included,98.98477157360406,,3.8454659273832945,,1.6381857158724142,
2019-20,N6,South East,Canterbury,BSU,50<71,C1 and C2,0.12476606363069247,!,not included,not included,97.79005524861878,,2.6200873362445414,,1.5746751597533348,
2019-20,N6,South East,East Berkshire,BSU,50<71,C1 and C2,0.07884569896712135,!,not included,not included,100.0,,2.996136560750611,,1.6601267438410763,
2019-20,N6,South East,Guildford,BSU,50<71,C1 and C2,0.507807540941983,!,not included,not included,99.21259842519686,,3.6308239177351784,,1.7756858586629085,
2019-20,N6,South East,Isle of Wight,BSU,50<71,C1 and C2,0.26123301985370956,!,not included,not included,96.96969696969697,,3.134796238244514,!,1.8477592892116026,
2019-20,N6,South East,Maidstone,BSU,50<71,C1 and C2,0.38632412594166504,!,not included,not included,99.26470588235294,,3.0262056532097095,,1.6299639920381799,
2019-20,N6,South East,Medway,BSU,50<71,C1 and C2,0.20931449502878074,!,not included,not included,100.0,,3.1920460491889067,,1.7079174004565574,
2019-20,N6,South East,North & Mid Hampshire,BSU,50<71,C1 and C2,0.18045112781954886,!,not included,not included,100.0,,3.8496240601503757,,1.5620051326001034,
2019-20,N6,South East,Oxfordshire,BSU,50<71,C1 and C2,0.10847751803438738,!,not included,not included,100.0,,3.5797580951347836,,1.6569957357749256,
2019-20,N6,South East,Portsmouth,BSU,50<71,C1 and C2,0.2925345190732506,!,not included,not included,98.33333333333333,,2.164755441142055,,1.2501697428745713,
2019-20,N6,South East,Southampton & Salisbury,BSU,50<71,C1 and C2,0.35205069530012323,!,not included,not included,98.7878787878788,,3.4618318371178782,,1.8261804099444294,
2019-20,N6,South East,West Berkshire,BSU,50<71,C1 and C2,0.12303906490310673,!,not included,not included,99.19354838709677,,2.583820362965241,,1.453948674703065,
2019-20,N6,South East,Worthing,BSU,50<71,C1 and C2,0.07336218912772356,!,not included,not included,99.53917050691244,,3.4847039835668694,,1.4639998468973654,
2019-20,N7,South West,Avon,BSU,50<71,C1 and C2,0.17893355600620303,!,not included,not included,99.65034965034964,,3.876893713467732,,1.5316455185994162,
2019-20,N7,South West,Cornwall,BSU,50<71,C1 and C2,0.3111581305619516,!,not included,not included,100.0,,3.6094343145186385,,1.596585193177685,
2019-20,N7,South West,Dorset,BSU,50<71,C1 and C2,0.2040316657145189,!,not included,not included,99.51690821256038,,3.1828939851464946,,1.4574970076694087,
2019-20,N7,South West,Gloucestershire,BSU,50<71,C1 and C2,0.18583042973286876,!,not included,not included,99.43181818181817,,2.7874564459930316,,1.4548739584722141,
2019-20,N7,South West,North & East Devon,BSU,50<71,C1 and C2,0.14677103718199608,!,not included,not included,98.25581395348837,,3.9628180039138945,,1.720487662669719,
2019-20,N7,South West,Somerset,BSU,50<71,C1 and C2,0.11943863839952225,!,not included,not included,99.03846153846155,,2.806808002388773,,1.2610005996275266,
2019-20,N7,South West,South Devon,BSU,50<71,C1 and C2,0.08780402142418123,!,not included,not included,97.97979797979798,,3.5999648783914306,,1.7736945287721033,
2019-20,N7,South West,West Devon,BSU,50<71,C1 and C2,0.1997735899314111,!,not included,not included,99.2,,3.5293334221215953,,1.6796135519048692,
2019-20,N7,South West,Wiltshire,BSU,50<71,C1 and C2,0.5809040980143642,!,not included,not included,94.87179487179486,,3.960709759188847,,1.697661956626681,
2020-21,N1,North East and Yorkshire,Barnsley,BSU,50<71,C1 and C2,0.0,!,not included,not included,100.0,,5.171776874769117,!,2.476280443345914,
2020-21,N1,North East and Yorkshire,Doncaster,BSU,50<71,C1 and C2,0.15595757953836556,!,not included,not included,100.0,,3.587024329382408,!,1.4441048123867166,
2020-21,N1,North East and Yorkshire,Gateshead,BSU,50<71,C1 and C2,0.0,!,not included,not included,97.67441860465115,,3.9251602773779926,,1.6059533157167007,
2020-21,N1,North East and Yorkshire,Humberside,BSU,50<71,C1 and C2,0.07377895824110964,!,not included,not included,100.0,,2.9511583296443855,,1.4667211828219064,
2020-21,N1,North East and Yorkshire,Leeds Wakefield,BSU,50<71,C1 and C2,0.25731194785144523,!,not included,not included,99.47089947089947,,3.6881379192040487,,1.5207954520612006,
2020-21,N1,North East and Yorkshire,Newcastle,BSU,50<71,C1 and C2,0.12796724038646107,!,not included,not included,98.75,,4.030968072173524,,2.020880043514211,
2020-21,N1,North East and Yorkshire,North Cumbria,BSU,50<71,C1 and C2,0.0,!,not included,not included,100.0,,4.086398131932283,,1.6138923856557243,
2020-21,N1,North East and Yorkshire,North Tees,BSU,50<71,C1 and C2,0.16344320348678834,!,not included,not included,98.14814814814815,,4.5219286298011445,,1.8755102784614008,
2020-21,N1,North East and Yorkshire,North Yorkshire,BSU,50<71,C1 and C2,0.06593696426216537,!,not included,not included,99.29577464788733,,3.0990373203217723,,1.9776525264511025,
2020-21,N1,North East and Yorkshire,Pennine,BSU,50<71,C1 and C2,0.2947244326554671,!,not included,not included,100.0,,3.713527851458886,,1.624451064921115,
2020-21,N1,North East and Yorkshire,Rotherham,BSU,50<71,C1 and C2,0.0,!,not included,not included,97.22222222222221,,3.138373751783167,!,1.9035640358941674,
2020-21,N1,North East and Yorkshire,Sheffield,BSU,50<71,C1 and C2,0.22706630336058128,!,not included,not included,100.0,,2.1571298819255222,!,1.2855295207881303,
2020-21,N2,North West,Bolton,BSU,50<71,C1 and C2,0.20634156406905566,!,not included,not included,100.0,,2.957562418323131,,1.5953816755479076,
2020-21,N2,North West,Cheshire & Stockport,BSU,50<71,C1 and C2,0.27793218454697055,!,not included,not included,98.63013698630137,,3.4741523068371314,,1.7985135455217351,
2020-21,N2,North West,Crewe,BSU,50<71,C1 and C2,0.5198856251624642,!,not included,not included,100.0,,2.0795425006498567,!,1.597470628905017,
2020-21,N2,North West,East Lancashire,BSU,50<71,C1 and C2,0.0,!,not included,not included,98.71794871794873,,2.825124776344288,,1.4826844465243214,
2020-21,N2,North West,Liverpool,BSU,50<71,C1 and C2,0.08401949252226516,!,not included,not included,99.21875,,4.369013611157789,,2.0860964737811423,
2020-21,N2,North West,Manchester,BSU,50<71,C1 and C2,0.19138755980861244,!,not included,not included,98.94179894179894,,3.2535885167464116,,1.7713206297971553,
2020-21,N2,North West,North Lancashire & South Cumbria,BSU,50<71,C1 and C2,0.11642798928862498,!,not included,not included,96.5909090909091,,3.9585516358132495,,1.7314400273170145,
2020-21,N2,North West,South Lancashire,BSU,50<71,C1 and C2,0.3416700833675003,!,not included,not included,99.17355371900827,,2.4600246002460024,,1.644358206991811,
2020-21,N2,North West,"Warrington, Halton, St Helens & Knowsley",BSU,50<71,C1 and C2,0.23218017181332715,!,not included,not included,97.46835443037975,,2.7861620617599256,!,1.6448571838570312,
2020-21,N2,North West,Wirral & Chester,BSU,50<71,C1 and C2,0.21112635912593689,!,not included,not included,100.0,,3.37802174601499,,1.906795820303562,
2020-21,N3,Midlands,"City, Sandwell & Walsall",BSU,50<71,C1 and C2,0.23110700254217703,!,not included,not included,99.41176470588235,,2.8310607811416686,,1.730902707246274,
2020-21,N3,Midlands,"Dudley, Wolverhampton & South West Staffordshire",BSU,50<71,C1 and C2,0.24044241404183697,!,not included,not included,100.0,,3.2860463252384386,,1.539667459463813,
2020-21,N3,Midlands,Hereford & Worcester,BSU,50<71,C1 and C2,0.07156659271452087,!,not included,not included,100.0,,4.079295784727689,,1.928772683713426,
2020-21,N3,Midlands,Kettering,BSU,50<71,C1 and C2,0.11139578923916676,!,not included,not included,100.0,,4.2330399910883365,,1.8072556385006786,
2020-21,N3,Midlands,Leicestershire,BSU,50<71,C1 and C2,0.14993627708224005,!,not included,not included,99.3006993006993,,5.6226103905840015,,2.165469785824027,
2020-21,N3,Midlands,Lincolnshire,BSU,50<71,C1 and C2,0.09307520476545049,!,not included,not included,100.0,,2.7922561429635144,,1.4884503022230682,
2020-21,N3,Midlands,North Derbyshire & Chesterfield,BSU,50<71,C1 and C2,0.12434717731907487,!,not included,not included,100.0,,3.357373787615021,,1.4457744230456442,
2020-21,N3,Midlands,North Midlands,BSU,50<71,C1 and C2,0.223530288354072,!,not included,not included,97.54098360655738,,4.09805528649132,,1.5854994232062445,
2020-21,N3,Midlands,North Nottinghamshire,BSU,50<71,C1 and C2,0.1539408866995074,!,not included,not included,100.0,,3.078817733990148,!,1.568223057927865,
2020-21,N3,Midlands,Northampton,BSU,50<71,C1 and C2,0.4206983592763988,!,not included,not included,100.0,,3.5058196606366567,,1.4455801044121859,
2020-21,N3,Midlands,Nottingham City,BSU,50<71,C1 and C2,0.2533890789306981,!,not included,not included,100.0,,3.3574052958317497,,1.4859731176513742,
2020-21,N3,Midlands,Shropshire,BSU,50<71,C1 and C2,0.0,!,not included,not included,100.0,,3.2613759900605683,!,1.5146948117158614,
2020-21,N3,Midlands,South Birmingham,BSU,50<71,C1 and C2,0.0,!,not included,not included,98.24561403508771,,4.1478129713423835,!,1.9481883935284894,
2020-21,N3,Midlands,South Derbyshire & South East Staffordshire,BSU,50<71,C1 and C2,0.25143000817147526,!,not included,not included,99.28057553956835,,3.520020114400654,,1.6785574660252338,
2020-21,N3,Midlands,"Warwickshire, Solihull & Coventry",BSU,50<71,C1 and C2,0.5474952094169175,!,not included,not included,99.31506849315068,,2.518477963317821,,1.687307842754158,
2020-21,N4,East of England,Beds & Herts,BSU,50<71,C1 and C2,0.17417961401797533,!,not included,not included,98.07692307692307,,2.8217097470912003,,1.4121219301846917,
2020-21,N4,East of England,Cambridge & Huntingdon,BSU,50<71,C1 and C2,0.0,!,not included,not included,100.0,,3.8148946757339526,!,1.9213064884121203,
2020-21,N4,East of England,Chelmsford & Colchester,BSU,50<71,C1 and C2,0.09375585974123382,!,not included,not included,100.0,,2.625164072754547,,1.505612512826222,
2020-21,N4,East of England,East Suffolk,BSU,50<71,C1 and C2,0.0,!,not included,not included,100.0,,4.913480025635548,,1.7347216975624051,
2020-21,N4,East of England,Great Yarmouth & Waveney,BSU,50<71,C1 and C2,1.1503697617091206,!,not included,not included,92.85714285714286,,3.286770747740345,!,1.802198682392519,
2020-21,N4,East of England,King's Lynn,BSU,50<71,C1 and C2,0.0,!,not included,not included,100.0,,3.239581799440436,!,1.5599114112128558,
2020-21,N4,East of England,Milton Keynes,BSU,50<71,C1 and C2,0.16294606485253382,!,not included,not included,100.0,,4.399543751018413,,2.0077225038387656,
2020-21,N4,East of England,Norfolk & Norwich,BSU,50<71,C1 and C2,0.07105805443046968,!,not included,not included,99.28571428571429,,4.689831592411,,2.0814686843036445,
2020-21,N4,East of England,Peterborough,BSU,50<71,C1 and C2,0.2549069589599796,!,not included,not included,100.0,,3.5686974254397144,,1.8238365545687256,
2020-21,N4,East of England,South Essex,BSU,50<71,C1 and C2,0.3208470361755033,!,not included,not included,100.0,,4.0907997112376675,,1.8267509407767346,
2020-21,N4,East of England,West Essex (Epping),BSU,50<71,C1 and C2,0.0,!,not included,not included,100.0,,4.986642920747997,,2.1500761960676424,
2020-21,N4,East of England,West Suffolk,BSU,50<71,C1 and C2,0.0,!,not included,not included,100.0,,4.978877489438744,,1.6525477880097008,
2020-21,N5,London,Central & East London,BSU,50<71,C1 and C2,0.17173278378842521,!,not included,not included,97.5,,2.4901253649321653,,1.2397505201699004,
2020-21,N5,London,North London,BSU,50<71,C1 and C2,0.17711654268508678,!,not included,not included,100.0,,2.8338646829613885,,1.6968039718265278,
2020-21,N5,London,Outer North East London,BSU,50<71,C1 and C2,0.3974878766197631,!,not included,not included,98.18181818181819,,2.7824151363383414,,1.7811518511115376,
2020-21,N5,London,South East London,BSU,50<71,C1 and C2,0.04723888705182106,!,not included,not included,99.42196531791907,,3.023288771316548,,1.6396664356298578,
2020-21,N5,London,South West London,BSU,50<71,C1 and C2,0.4416961130742049,!,not included,not included,96.71052631578947,,2.271580010095911,,1.703848603203673,
2020-21,N5,London,West of London,BSU,50<71,C1 and C2,0.08450942280064228,!,not included,not included,100.0,,3.2113580664244066,,1.521751139489338,
2020-21,N6,South East,Aylesbury & Wycombe,BSU,50<71,C1 and C2,0.0,!,not included,not included,98.83720930232558,,2.8255429078873013,,1.3536581117464677,
2020-21,N6,South East,Brighton,BSU,50<71,C1 and C2,0.29229510113410495,!,not included,not included,97.38562091503267,,3.156787092248334,,1.6828649549362993,
2020-21,N6,South East,Canterbury,BSU,50<71,C1 and C2,0.13475272874275704,!,not included,not included,99.21875,,2.4255491173696266,,1.7085252590530688,
2020-21,N6,South East,East Berkshire,BSU,50<71,C1 and C2,0.0,!,not included,not included,100.0,,2.0189470414660664,,1.3474647739021484,
2020-21,N6,South East,Guildford,BSU,50<71,C1 and C2,0.5321544066478365,!,not included,not included,96.7741935483871,,4.339105161897745,,1.9645840185748382,
2020-21,N6,South East,Isle of Wight,BSU,50<71,C1 and C2,0.45651677699155446,!,not included,not included,100.0,,2.967359050445104,!,1.4415405411099638,
2020-21,N6,South East,Maidstone,BSU,50<71,C1 and C2,0.6721935917544253,!,not included,not included,98.83720930232558,,3.585032489356935,,1.7667195854392492,
2020-21,N6,South East,Medway,BSU,50<71,C1 and C2,0.26831231553528306,!,not included,not included,100.0,,3.845809856005724,,2.362781983262315,
2020-21,N6,South East,North & Mid Hampshire,BSU,50<71,C1 and C2,0.31347962382445144,!,not included,not included,97.89473684210527,,3.5266457680250785,,1.3831635873419101,
2020-21,N6,South East,Oxfordshire,BSU,50<71,C1 and C2,0.15806528096103692,!,not included,not included,98.94736842105263,,3.3984035406622937,,1.5492322779446646,
2020-21,N6,South East,Portsmouth,BSU,50<71,C1 and C2,0.5784526391901663,!,not included,not included,98.57142857142858,,3.904555314533623,,1.8877474151217117,
2020-21,N6,South East,Southampton & Salisbury,BSU,50<71,C1 and C2,0.5100999795960008,!,not included,not included,97.75280898876404,,3.9787798408488064,,1.63523788994849,
2020-21,N6,South East,West Berkshire,BSU,50<71,C1 and C2,0.31000542509493917,!,not included,not included,98.86363636363636,,2.4800434007595134,,1.309772612085215,
2020-21,N6,South East,Worthing,BSU,50<71,C1 and C2,0.27428571428571424,!,not included,not included,100.0,,3.4742857142857146,,1.688784780274199,
2020-21,N7,South West,Avon,BSU,50<71,C1 and C2,0.37884169152815267,!,not included,not included,98.9010989010989,,4.025192972486622,,1.7004909061007556,
2020-21,N7,South West,Cornwall,BSU,50<71,C1 and C2,0.29256875365710944,!,not included,not included,96.3855421686747,,3.3157792081139066,,1.5403241458132448,
2020-21,N7,South West,Dorset,BSU,50<71,C1 and C2,0.2261931689662972,!,not included,not included,95.8041958041958,,4.448465656337179,,1.903441551685553,
2020-21,N7,South West,Gloucestershire,BSU,50<71,C1 and C2,0.15145778114350625,!,not included,not included,100.0,,3.4835289663006437,,1.8850437487236684,
2020-21,N7,South West,North & East Devon,BSU,50<71,C1 and C2,0.17937219730941703,!,not included,not included,100.0,,3.9461883408071747,,1.961111376902763,
2020-21,N7,South West,Somerset,BSU,50<71,C1 and C2,0.1521375323292256,!,not included,not included,98.52941176470588,,5.476951163852123,,1.9608336428737387,
2020-21,N7,South West,South Devon,BSU,50<71,C1 and C2,0.15003750937734434,!,not included,not included,100.0,,2.4006001500375094,!,1.278118609406953,
2020-21,N7,South West,West Devon,BSU,50<71,C1 and C2,0.5310674455655868,!,not included,not included,99.31972789115646,,4.020939230710872,,2.075985133722173,
2020-21,N7,South West,Wiltshire,BSU,50<71,C1 and C2,0.23879646581230599,!,not included,not included,97.6923076923077,,4.298336384621507,,2.0528015756131865,
2021-22,N1,North East and Yorkshire,Barnsley,BSU,50<71,C1 and C2,0.25199496010079797,!,not included,not included,99.0909090909091,,3.7799244015119697,,1.542780532783829,
2021-22,N1,North East and Yorkshire,Doncaster,BSU,50<71,C1 and C2,0.06232471174820816,!,not included,not included,97.5609756097561,,1.9943907759426611,,0.7834663330616474,
2021-22,N1,North East and Yorkshire,Gateshead,BSU,50<71,C1 and C2,0.0682360968952576,!,not included,not included,97.36842105263158,,3.514158990105766,,1.2067144923220365,
2021-22,N1,North East and Yorkshire,Humberside,BSU,50<71,C1 and C2,0.16639330623499488,!,not included,not included,98.74213836477988,,2.947538567591338,,1.2718355250736832,
2021-22,N1,North East and Yorkshire,Leeds Wakefield,BSU,50<71,C1 and C2,0.2985787650782276,!,not included,not included,98.01587301587301,,3.3440821688761497,,1.165031922487851,
2021-22,N1,North East and Yorkshire,Newcastle,BSU,50<71,C1 and C2,0.15486468697975142,!,not included,not included,99.57805907172997,,3.871617174493786,,1.4672182256435695,
2021-22,N1,North East and Yorkshire,North Cumbria,BSU,50<71,C1 and C2,0.16854879487611665,!,not included,not included,100.0,,2.2754087308275746,,1.0777611398401814,
2021-22,N1,North East and Yorkshire,North Tees,BSU,50<71,C1 and C2,0.3113001971567915,!,not included,not included,97.7715877437326,,4.0209608799418906,,1.4688754763184106,
2021-22,N1,North East and Yorkshire,North Yorkshire,BSU,50<71,C1 and C2,0.1332578205683446,!,not included,not included,99.63099630996311,,3.4313888796348735,,1.5446511913393304,
2021-22,N1,North East and Yorkshire,Pennine,BSU,50<71,C1 and C2,0.22564631551801947,!,not included,not included,99.12663755458514,,3.223518793114564,,1.1969686474666354,
2021-22,N1,North East and Yorkshire,Rotherham,BSU,50<71,C1 and C2,0.09632983334938831,!,not included,not included,97.70114942528735,,2.311916000385319,!,1.3848018002423403,
2021-22,N1,North East and Yorkshire,Sheffield,BSU,50<71,C1 and C2,0.2655337227827934,!,not included,not included,97.26027397260275,,3.345724907063197,,1.3108803720906852,
2021-22,N2,North West,Bolton,BSU,50<71,C1 and C2,0.2342194636374283,!,not included,not included,99.1869918699187,,3.1034078931959246,,1.124257078364426,
2021-22,N2,North West,Cheshire & Stockport,BSU,50<71,C1 and C2,0.03944773175542406,!,not included,not included,99.06542056074767,,3.274161735700197,,1.303759899576894,
2021-22,N2,North West,East Lancashire,BSU,50<71,C1 and C2,0.3932105642571597,!,not included,not included,95.95959595959596,,2.424798479585818,,1.0067785730135286,
2021-22,N2,North West,Liverpool,BSU,50<71,C1 and C2,0.0721370604147881,!,not included,not included,99.6124031007752,,3.715058611361587,,1.4557423953370596,
2021-22,N2,North West,Manchester,BSU,50<71,C1 and C2,0.12468827930174563,!,not included,not included,95.91836734693877,,3.834164588528678,,1.5244821260555836,
2021-22,N2,North West,North Lancashire & South Cumbria,BSU,50<71,C1 and C2,0.5181347150259067,!,not included,not included,99.16666666666667,,3.0290952570745318,,1.523359754624626,
2021-22,N2,North West,South Lancashire,BSU,50<71,C1 and C2,0.3111387678904792,!,not included,not included,99.5049504950495,,3.2447328651435683,,1.4419636824669007,
2021-22,N2,North West,"Warrington, Halton, St Helens & Knowsley",BSU,50<71,C1 and C2,0.11236586325074442,!,not included,not included,97.60479041916167,,2.8091465812686107,,1.608662694572062,
2021-22,N2,North West,Wirral & Chester,BSU,50<71,C1 and C2,0.182000182000182,!,not included,not included,98.96373056994818,,3.458003458003458,,1.3385969941804496,
2021-22,N3,Midlands,"City, Sandwell & Walsall",BSU,50<71,C1 and C2,0.3432351472790814,!,not included,not included,100.0,,3.2451323015476783,,1.4391284177780843,
2021-22,N3,Midlands,"Dudley, Wolverhampton & South West Staffordshire",BSU,50<71,C1 and C2,0.23974107963399527,!,not included,not included,99.581589958159,,3.436288808087266,,1.6422606677431877,
2021-22,N3,Midlands,Hereford & Worcester,BSU,50<71,C1 and C2,0.21343198634035287,!,not included,not included,99.60317460317461,,3.3437677859988617,,1.412428462480099,
2021-22,N3,Midlands,Kettering,BSU,50<71,C1 and C2,1.0004547521600728,!,not included,not included,97.61904761904762,,3.5470668485675305,,1.1787316398514573,
2021-22,N3,Midlands,Leicestershire,BSU,50<71,C1 and C2,0.3752814610958219,!,not included,not included,99.17127071823204,,4.153114836127095,,1.46312549121021,
2021-22,N3,Midlands,Lincolnshire,BSU,50<71,C1 and C2,0.23820867079561694,!,not included,not included,100.0,,3.191996188661267,,1.2955013425841153,
2021-22,N3,Midlands,North Derbyshire & Chesterfield,BSU,50<71,C1 and C2,0.1356391997287216,!,not included,not included,99.33774834437085,,4.408273991183452,,1.66232721413742,
2021-22,N3,Midlands,North Midlands,BSU,50<71,C1 and C2,0.20935831675913325,!,not included,not included,98.73417721518987,,3.7161101224746154,,1.3406871633065292,
2021-22,N3,Midlands,North Nottinghamshire,BSU,50<71,C1 and C2,0.4103826818508259,!,not included,not included,97.6470588235294,,4.924592182209911,,1.4766552408709481,
2021-22,N3,Midlands,Northampton,BSU,50<71,C1 and C2,0.07067637288854337,!,not included,not included,100.0,,3.2511131528729944,,1.1474050997944691,
2021-22,N3,Midlands,Nottingham City,BSU,50<71,C1 and C2,0.16553550736633008,!,not included,not included,98.7551867219917,,4.105280582684985,,1.3938486482002468,
2021-22,N3,Midlands,Shropshire,BSU,50<71,C1 and C2,0.3966679888932963,!,not included,not included,97.87234042553192,,3.5700119000396664,,1.4621703007187974,
2021-22,N3,Midlands,South Birmingham,BSU,50<71,C1 and C2,0.11491611123879568,!,not included,not included,98.1651376146789,,3.9071477821190532,,2.0817267198044953,
2021-22,N3,Midlands,South Derbyshire & South East Staffordshire,BSU,50<71,C1 and C2,0.13550869965851808,!,not included,not included,99.36908517350159,,2.655970513306954,,1.3142666739853281,
2021-22,N3,Midlands,"Warwickshire, Solihull & Coventry",BSU,50<71,C1 and C2,0.3696971564127053,!,not included,not included,98.73015873015873,,3.481314889552974,,1.5989142933030822,
2021-22,N4,East of England,Beds & Herts,BSU,50<71,C1 and C2,0.1194943001218842,!,not included,not included,97.7715877437326,,2.8439643429008434,,1.3315300891288058,
2021-22,N4,East of England,Cambridge & Huntingdon,BSU,50<71,C1 and C2,0.18756447528838038,!,not included,not included,97.9020979020979,,2.2507737034605646,,1.0632364633147822,
2021-22,N4,East of England,Chelmsford & Colchester,BSU,50<71,C1 and C2,0.3069233130179331,!,not included,not included,97.76536312849163,,2.3238479414214934,,1.3068834350657628,
2021-22,N4,East of England,East Suffolk,BSU,50<71,C1 and C2,0.07895152376440866,!,not included,not included,98.88888888888889,,3.0791094268119372,,1.3085420989908907,
2021-22,N4,East of England,Great Yarmouth & Waveney,BSU,50<71,C1 and C2,0.5942653394740752,!,not included,not included,96.42857142857143,,3.862724706581489,,1.3719270325695478,
2021-22,N4,East of England,King's Lynn,BSU,50<71,C1 and C2,0.36585365853658536,!,not included,not included,100.0,,4.146341463414634,,1.411181009959967,
2021-22,N4,East of England,Milton Keynes,BSU,50<71,C1 and C2,0.12669453946534906,!,not included,not included,98.52941176470588,,3.167363486633726,,1.3730737135918496,
2021-22,N4,East of England,Norfolk & Norwich,BSU,50<71,C1 and C2,0.19034023316678564,!,not included,not included,99.43820224719101,,4.092315013085891,,1.3930085381816435,
2021-22,N4,East of England,Peterborough,BSU,50<71,C1 and C2,0.2906131938390003,!,not included,not included,97.14285714285714,,2.906131938390003,,1.1225782589677755,
2021-22,N4,East of England,South Essex,BSU,50<71,C1 and C2,0.13464386697185943,!,not included,not included,97.3404255319149,,3.590503119249585,,1.406838606392891,
2021-22,N4,East of England,West Essex (Epping),BSU,50<71,C1 and C2,0.08124136810463889,!,not included,not included,96.96969696969697,,2.4372410431391662,,1.31532919609577,
2021-22,N4,East of England,West Suffolk,BSU,50<71,C1 and C2,0.3554291807357384,!,not included,not included,98.61111111111111,,3.4654345121734496,,1.1775661143574931,
2021-22,N5,London,Central & East London,BSU,50<71,C1 and C2,0.14386419220256078,!,not included,not included,98.14814814814815,,2.637510190380281,,1.1575169491121504,
2021-22,N5,London,North London,BSU,50<71,C1 and C2,0.15761683347781544,!,not included,not included,99.77272727272727,,2.6597840649381355,,1.4324263201781162,
2021-22,N5,London,Outer North East London,BSU,50<71,C1 and C2,0.15445605725171188,!,not included,not included,97.41935483870968,,2.831694382948051,,1.2761944177779578,
2021-22,N5,London,South East London,BSU,50<71,C1 and C2,0.0704308017372931,!,not included,not included,99.71428571428571,,2.9111398051414485,,1.3059108815459508,
2021-22,N5,London,South West London,BSU,50<71,C1 and C2,0.5473714272114996,!,not included,not included,97.76536312849163,,2.689259620647802,,1.2817253417774643,
2021-22,N5,London,West of London,BSU,50<71,C1 and C2,0.23689464956512912,!,not included,not included,98.86792452830188,,2.944262073166605,,1.499880530349423,
2021-22,N6,South East,Aylesbury & Wycombe,BSU,50<71,C1 and C2,0.04971167230065619,!,not included,not included,98.78048780487805,,3.231258699542652,,1.405245092694377,
2021-22,N6,South East,Brighton,BSU,50<71,C1 and C2,0.22475277195085405,!,not included,not included,97.41379310344827,,3.9706323044650884,,1.4087143981517667,
2021-22,N6,South East,Canterbury,BSU,50<71,C1 and C2,0.28660138524002865,!,not included,not included,97.12643678160919,,4.251253881060425,,1.4842774275551354,
2021-22,N6,South East,East Berkshire,BSU,50<71,C1 and C2,0.06895125146521408,!,not included,not included,100.0,,2.551196304212921,,1.153366898683268,
2021-22,N6,South East,Guildford,BSU,50<71,C1 and C2,0.30439855918015324,!,not included,not included,97.96437659033079,,4.210846735325453,,1.489591789870057,
2021-22,N6,South East,Isle of Wight,BSU,50<71,C1 and C2,0.2376425855513308,!,not included,not included,100.0,,4.752851711026616,!,1.671084696301842,
2021-22,N6,South East,Maidstone,BSU,50<71,C1 and C2,0.4603446008154676,!,not included,not included,98.20359281437125,,3.3539392345126924,,1.7004181823707871,
2021-22,N6,South East,Medway,BSU,50<71,C1 and C2,0.0532509718302359,!,not included,not included,97.98994974874373,,3.141807337983918,,1.5520151878894723,
2021-22,N6,South East,North & Mid Hampshire,BSU,50<71,C1 and C2,0.3529471083547623,!,not included,not included,100.0,,2.420208743004084,,1.1741701114998118,
2021-22,N6,South East,Oxfordshire,BSU,50<71,C1 and C2,0.172488141440276,!,not included,not included,99.48453608247422,,2.8460543337645534,,1.3511952514229941,
2021-22,N6,South East,Portsmouth,BSU,50<71,C1 and C2,0.6918287339534168,!,not included,not included,97.41379310344827,,3.8434929664078714,,1.3126800832989276,
2021-22,N6,South East,Southampton & Salisbury,BSU,50<71,C1 and C2,0.4756242568370987,!,not included,not included,98.18181818181819,,3.75743162901308,,1.5601712589462184,
2021-22,N6,South East,West Berkshire,BSU,50<71,C1 and C2,0.23074704355350448,!,not included,not included,97.88732394366197,,2.884338044418806,,1.3394214823353627,
2021-22,N6,South East,Worthing,BSU,50<71,C1 and C2,0.14613473622680112,!,not included,not included,99.24528301886792,,3.3610989332164256,,1.5087092069931456,
2021-22,N7,South West,Avon,BSU,50<71,C1 and C2,0.2641100810817949,!,not included,not included,98.03370786516854,,4.067295248659641,,1.504572363054929,
2021-22,N7,South West,Cornwall,BSU,50<71,C1 and C2,0.1119194180190263,!,not included,not included,99.33333333333333,,3.3575825405707893,,1.2831234631615822,
2021-22,N7,South West,Dorset,BSU,50<71,C1 and C2,0.5023442732752846,!,not included,not included,98.30508474576271,,3.549899531145345,,1.5432832050580703,
2021-22,N7,South West,Gloucestershire,BSU,50<71,C1 and C2,0.3227107704719645,!,not included,not included,99.53488372093024,,3.065752319483663,,1.5079146671089882,
2021-22,N7,South West,North & East Devon,BSU,50<71,C1 and C2,0.05549389567147614,!,not included,not included,98.63945578231292,,3.4961154273029966,,1.3272520120863993,
2021-22,N7,South West,Somerset,BSU,50<71,C1 and C2,0.050625221485344,!,not included,not included,98.96373056994818,,4.100642940312864,,1.589244644245549,
2021-22,N7,South West,South Devon,BSU,50<71,C1 and C2,0.18703824932198634,!,not included,not included,98.76543209876543,,3.553726737117741,,1.2980130805857313,
2021-22,N7,South West,West Devon,BSU,50<71,C1 and C2,0.2527039320731831,!,not included,not included,99.43820224719101,,2.628120893561104,,1.3782871634562177,
2021-22,N7,South West,Wiltshire,BSU,50<71,C1 and C2,0.6067961165048543,!,not included,not included,97.82608695652173,,3.9441747572815533,,1.5263591319522931,
2022-23,N1,North East and Yorkshire,Barnsley,BSU,50<71,C1 and C2,0.13367196898810318,!,not included,not included,100.0,,3.6091431626787864,,1.3245537943195023,
2022-23,N1,North East and Yorkshire,Doncaster,BSU,50<71,C1 and C2,0.3272786777941417,!,not included,not included,98.86363636363636,,3.272786777941417,,1.2525164578969978,
2022-23,N1,North East and Yorkshire,Gateshead,BSU,50<71,C1 and C2,0.0,!,not included,not included,99.56709956709958,,4.527062217058612,,1.511943997594329,
2022-23,N1,North East and Yorkshire,Humberside,BSU,50<71,C1 and C2,0.1394466755912539,!,not included,not included,99.59183673469387,,3.0957161981258365,,1.1630555022567248,
2022-23,N1,North East and Yorkshire,Leeds Wakefield,BSU,50<71,C1 and C2,0.4709206498704968,!,not included,not included,98.90510948905109,,4.070099902452151,,1.3438201584679352,
2022-23,N1,North East and Yorkshire,Newcastle,BSU,50<71,C1 and C2,0.09467605011518919,!,not included,not included,100.0,,3.5030138542620004,,1.363236021639015,
2022-23,N1,North East and Yorkshire,North Cumbria,BSU,50<71,C1 and C2,0.0,!,not included,not included,100.0,,3.042056430146779,,1.1102308687069873,
2022-23,N1,North East and Yorkshire,North Tees,BSU,50<71,C1 and C2,0.32997250229147573,!,not included,not included,100.0,,3.446379468377635,,1.3657577660680842,
2022-23,N1,North East and Yorkshire,North Yorkshire,BSU,50<71,C1 and C2,0.0,!,not included,not included,99.02439024390245,,2.488092699225137,,1.2562093411145698,
2022-23,N1,North East and Yorkshire,Pennine,BSU,50<71,C1 and C2,0.1967452710868771,!,not included,not included,98.38709677419355,,3.2884566738806598,,1.1567474049631794,
2022-23,N1,North East and Yorkshire,Rotherham,BSU,50<71,C1 and C2,0.0,!,not included,not included,98.07692307692307,,2.923162583518931,!,1.1957006022630057,
2022-23,N1,North East and Yorkshire,Sheffield,BSU,50<71,C1 and C2,0.07480550568521843,!,not included,not included,97.14285714285714,,3.5906642728904847,,1.2995620475899619,
2022-23,N2,North West,Bolton,BSU,50<71,C1 and C2,0.3920885248758386,!,not included,not included,98.81656804733728,,3.093142807353838,,1.1691176936502898,
2022-23,N2,North West,Cheshire & Stockport,BSU,50<71,C1 and C2,0.21163274664033013,!,not included,not included,99.17355371900827,,3.5272124440055026,,1.3613356474598775,
2022-23,N2,North West,East Lancashire,BSU,50<71,C1 and C2,0.06085686465433301,!,not included,not included,100.0,,3.4688412852969814,,1.2937341222125938,
2022-23,N2,North West,Liverpool,BSU,50<71,C1 and C2,0.07133939718209381,!,not included,not included,99.61089494163424,,2.853575887283753,,1.3577273608351121,
2022-23,N2,North West,Manchester,BSU,50<71,C1 and C2,0.18770530267480057,!,not included,not included,99.1769547325103,,3.37869544814641,,1.3039410531714564,
2022-23,N2,North West,North Lancashire & South Cumbria,BSU,50<71,C1 and C2,0.3660768761439902,!,not included,not included,99.01315789473685,,3.7522879804759,,1.4633160500131914,
2022-23,N2,North West,South Lancashire,BSU,50<71,C1 and C2,0.42842861903175133,!,not included,not included,99.3421052631579,,3.0942066930070933,,1.247847583833351,
2022-23,N2,North West,"Warrington, Halton, St Helens & Knowsley",BSU,50<71,C1 and C2,0.11845066529790342,!,not included,not included,99.43820224719101,,2.3690133059580685,,1.174309287474477,
2022-23,N2,North West,Wirral & Chester,BSU,50<71,C1 and C2,0.2289901534234028,!,not included,not included,99.35064935064936,,2.7478818410808334,,1.4414198196162709,
2022-23,N3,Midlands,"City, Sandwell & Walsall",BSU,50<71,C1 and C2,0.379208537609361,!,not included,not included,99.60317460317461,,2.3023375497711207,,1.0977371368631497,
2022-23,N3,Midlands,"Dudley, Wolverhampton & South West Staffordshire",BSU,50<71,C1 and C2,0.28020174525658476,!,not included,not included,100.0,,3.1622768393243135,,1.2725748455514252,
2022-23,N3,Midlands,Hereford & Worcester,BSU,50<71,C1 and C2,0.30218581069737765,!,not included,not included,98.31932773109243,,3.156162911728167,,1.3481272367933061,
2022-23,N3,Midlands,Kettering,BSU,50<71,C1 and C2,0.35398230088495575,!,not included,not included,100.0,,3.6283185840707968,,1.3552647699465157,
2022-23,N3,Midlands,Leicestershire,BSU,50<71,C1 and C2,0.36040758821794827,!,not included,not included,97.96747967479675,,3.702368860784378,,1.3243847517394198,
2022-23,N3,Midlands,Lincolnshire,BSU,50<71,C1 and C2,0.13636518596802236,!,not included,not included,99.49238578680203,,2.522755940408414,,1.1369256393785563,
2022-23,N3,Midlands,North Derbyshire & Chesterfield,BSU,50<71,C1 and C2,0.07077641729775638,!,not included,not included,100.0,,3.0433859438035245,,1.4520548732974297,
2022-23,N3,Midlands,North Midlands,BSU,50<71,C1 and C2,0.094732853353543,!,not included,not included,99.41520467836257,,3.931413414172035,,1.3253112982111006,
2022-23,N3,Midlands,North Nottinghamshire,BSU,50<71,C1 and C2,0.2144542140253056,!,not included,not included,98.38709677419355,,2.787904782328973,,1.209842309153425,
2022-23,N3,Midlands,Northampton,BSU,50<71,C1 and C2,0.0,!,not included,not included,98.9247311827957,,3.2094594594594597,,1.3175474962870297,
2022-23,N3,Midlands,Nottingham City,BSU,50<71,C1 and C2,0.06941070313042272,!,not included,not included,99.04761904761905,,4.09523148469494,,1.2998121206349977,
2022-23,N3,Midlands,Shropshire,BSU,50<71,C1 and C2,0.4227679772473961,!,not included,not included,98.61111111111111,,3.074676198162881,,1.3310474811257467,
2022-23,N3,Midlands,South Birmingham,BSU,50<71,C1 and C2,0.2673082063619353,!,not included,not included,100.0,,3.653212153613116,,1.4142930266469125,
2022-23,N3,Midlands,South Derbyshire & South East Staffordshire,BSU,50<71,C1 and C2,0.17400988376139764,!,not included,not included,99.52606635071089,,2.8189601169346417,,1.1439259167997813,
2022-23,N3,Midlands,"Warwickshire, Solihull & Coventry",BSU,50<71,C1 and C2,0.18843481333176304,!,not included,not included,99.46091644204851,,3.792250618301731,,1.4928110074297687,
2022-23,N4,East of England,Beds & Herts,BSU,50<71,C1 and C2,0.047126463865783834,!,not included,not included,98.38709677419355,,3.1574730790075165,,1.1878044925952704,
2022-23,N4,East of England,Cambridge & Huntingdon,BSU,50<71,C1 and C2,0.14067665470915103,!,not included,not included,98.05825242718447,,2.9542097488921715,,1.1132658037714878,
2022-23,N4,East of England,Chelmsford & Colchester,BSU,50<71,C1 and C2,0.10862087693254643,!,not included,not included,99.43181818181817,,1.9189688258083204,,1.0150697696156756,
2022-23,N4,East of England,East Suffolk,BSU,50<71,C1 and C2,0.07412898443291327,!,not included,not included,98.9795918367347,,3.558191252779837,,1.2990897219268926,
2022-23,N4,East of England,Great Yarmouth & Waveney,BSU,50<71,C1 and C2,0.13598041881968995,!,not included,not included,96.49122807017544,,3.5354908893119394,,1.21236515468567,
2022-23,N4,East of England,King's Lynn,BSU,50<71,C1 and C2,0.1226241569589209,!,not included,not included,100.0,,2.452483139178418,!,0.9333976558946028,
2022-23,N4,East of England,Milton Keynes,BSU,50<71,C1 and C2,0.0,!,not included,not included,98.0392156862745,,3.383574284835435,!,1.29527499477941,
2022-23,N4,East of England,Norfolk & Norwich,BSU,50<71,C1 and C2,0.2306938116385028,!,not included,not included,98.63013698630137,,3.633427533306419,,1.4469242352574785,
2022-23,N4,East of England,Peterborough,BSU,50<71,C1 and C2,0.1179523472517103,!,not included,not included,100.0,,3.7744751120547297,,1.4931656363823775,
2022-23,N4,East of England,South Essex,BSU,50<71,C1 and C2,0.24755539051862854,!,not included,not included,96.875,,2.6612204480752566,,1.2393129599462813,
2022-23,N4,East of England,West Essex (Epping),BSU,50<71,C1 and C2,0.31036623215394166,!,not included,not included,98.68421052631578,,2.4829298572315333,!,1.3067338524579453,
2022-23,N4,East of England,West Suffolk,BSU,50<71,C1 and C2,0.42056566081379454,!,not included,not included,96.25,,4.205656608137946,,1.3646820706576934,
2022-23,N5,London,Central & East London,BSU,50<71,C1 and C2,0.11605415860735009,!,not included,not included,98.80239520958084,,2.514506769825919,,1.0172393111036286,
2022-23,N5,London,North London,BSU,50<71,C1 and C2,0.11449245494721898,!,not included,not included,99.6551724137931,,1.671589842229397,,0.9938097838698109,
2022-23,N5,London,Outer North East London,BSU,50<71,C1 and C2,0.15173739315158566,!,not included,not included,100.0,,2.377219159374842,,1.0431403196891276,
2022-23,N5,London,South East London,BSU,50<71,C1 and C2,0.1231132888483983,!,not included,not included,99.31972789115646,,2.16679388373181,,1.1939166542533204,
2022-23,N5,London,South West London,BSU,50<71,C1 and C2,0.31011248625637844,!,not included,not included,98.88059701492537,,2.339939669025401,,1.1609380055639542,
2022-23,N5,London,West of London,BSU,50<71,C1 and C2,0.2161616889433296,!,not included,not included,98.31223628691983,,3.2063983859927228,,1.4172365938460487,
2022-23,N6,South East,Aylesbury & Wycombe,BSU,50<71,C1 and C2,0.06010699044298852,!,not included,not included,99.33774834437085,,3.786740397908277,,1.4401903710102726,
2022-23,N6,South East,Brighton,BSU,50<71,C1 and C2,0.16960651289009496,!,not included,not included,96.40718562874252,,3.137720488466757,,1.0584353554583037,
2022-23,N6,South East,Canterbury,BSU,50<71,C1 and C2,0.2080559254327563,!,not included,not included,97.57281553398059,,3.6617842876165114,,1.3589554028585542,
2022-23,N6,South East,East Berkshire,BSU,50<71,C1 and C2,0.08470986869970351,!,not included,not included,97.53086419753086,,2.1177467174925875,,1.191801109426621,
2022-23,N6,South East,Guildford,BSU,50<71,C1 and C2,0.199295821430944,!,not included,not included,99.00990099009901,,3.188733142895104,,1.4029148316201254,
2022-23,N6,South East,Isle of Wight,BSU,50<71,C1 and C2,1.033210332103321,!,not included,not included,97.05882352941177,,3.394833948339483,!,1.5542997610563023,
2022-23,N6,South East,Maidstone,BSU,50<71,C1 and C2,0.2639741305352075,!,not included,not included,100.0,,2.969708968521085,,1.4787502248372502,
2022-23,N6,South East,Medway,BSU,50<71,C1 and C2,0.4966784627801577,!,not included,not included,96.85534591194968,,2.793816353138387,,1.591698920853599,
2022-23,N6,South East,North & Mid Hampshire,BSU,50<71,C1 and C2,0.12748597654258031,!,not included,not included,98.38709677419355,,2.9321774604793474,,1.422252749188468,
2022-23,N6,South East,Oxfordshire,BSU,50<71,C1 and C2,0.17932394871335067,!,not included,not included,99.5,,3.720971935802026,,1.5004784040653945,
2022-23,N6,South East,Portsmouth,BSU,50<71,C1 and C2,0.29133891039247517,!,not included,not included,99.56331877729258,,3.870645523785741,,1.4810353842203552,
2022-23,N6,South East,Southampton & Salisbury,BSU,50<71,C1 and C2,0.23037051257439048,!,not included,not included,98.00796812749005,,4.300249568055289,,1.553027864658902,
2022-23,N6,South East,West Berkshire,BSU,50<71,C1 and C2,0.11912561796414319,!,not included,not included,99.27007299270073,,3.3950801119780807,,1.3952547386339063,
2022-23,N6,South East,Worthing,BSU,50<71,C1 and C2,0.18852984427434863,!,not included,not included,98.65470852017937,,1.508238754194789,,1.2358878935134876,
2022-23,N7,South West,Avon,BSU,50<71,C1 and C2,0.3597661520011992,!,not included,not included,99.65277777777779,,3.4177784440113927,,1.3386393165335524,
2022-23,N7,South West,Cornwall,BSU,50<71,C1 and C2,0.3119346185039616,!,not included,not included,98.6013986013986,,3.743215422047539,,1.4623237332620662,
2022-23,N7,South West,Dorset,BSU,50<71,C1 and C2,0.28770538968096665,!,not included,not included,99.3421052631579,,4.027875455533533,,1.5120939850702917,
2022-23,N7,South West,Gloucestershire,BSU,50<71,C1 and C2,0.257124491107778,!,not included,not included,98.37837837837839,,2.528390829226484,,1.3015095326838306,
2022-23,N7,South West,North & East Devon,BSU,50<71,C1 and C2,0.0,!,not included,not included,99.37106918238993,,2.394722573649015,,1.1552140133235886,
2022-23,N7,South West,Somerset,BSU,50<71,C1 and C2,0.045655846231109895,!,not included,not included,100.0,,3.378532621102132,,1.2496319371118563,
2022-23,N7,South West,South Devon,BSU,50<71,C1 and C2,0.18135654697134565,!,not included,not included,97.77777777777777,,4.352557127312296,,1.356213510525683,
2022-23,N7,South West,West Devon,BSU,50<71,C1 and C2,0.19563090968373004,!,not included,not included,97.84172661870504,,3.5865666775350507,,1.4552058534200247,
2022-23,N7,South West,Wiltshire,BSU,50<71,C1 and C2,0.2631578947368421,!,not included,not included,97.07602339181285,,3.8421052631578947,,1.4521569281926552,
