CollectionYearRange,Parent_Org_Code,Parent_Org_Name,Org_Name,Org_Type,Age_Band,Table_Code,Initial_referred,Percent_assessment,Referral_cyt_bio,Open_biop_total,Final_STR,Percent_STR
2012-13,E92000001,England,England,National,45 and over,A,28241.0,7.613032273369348,12677.0,844.0,380.0,0.1024380249948781
2012-13,E92000001,England,England,National,45 and over,A to F2,81876.0,4.154128328652861,37573.0,2066.0,1025.0,0.05200524618776176
2012-13,E92000001,England,England,National,45 and over,B,3684.0,7.877854760071851,1760.0,95.0,45.0,0.0962278675904542
2012-13,E92000001,England,England,National,45 and over,C1,40167.0,2.933621580563762,18614.0,884.0,426.0,0.031113172338490865
2012-13,E92000001,England,England,National,45 and over,C2,4267.0,4.676779412087069,2096.0,120.0,61.0,0.06685810736754423
2012-13,E92000001,England,England,National,45 and over,D,1046.0,96.85185185185186,167.0,23.0,63.0,5.833333333333333
2012-13,E92000001,England,England,National,45 and over,E,1333.0,8.222304465827781,608.0,40.0,14.0,0.08635578583765112
2012-13,E92000001,England,England,National,45 and over,F1,2326.0,3.729596254369368,1201.0,44.0,21.0,0.0336721931821826
2012-13,E92000001,England,England,National,45 and over,F2,812.0,6.17772367620207,450.0,16.0,15.0,0.11412051125989045
2012-13,E92000001,England,England,National,45-49,A,11439.0,7.4092546052802035,4882.0,343.0,143.0,0.09262377905018525
2012-13,E92000001,England,England,National,45-49,A to F2,11851.0,7.3707124420810395,5036.0,359.0,148.0,0.09204838759834562
2012-13,E92000001,England,England,National,45-49,B,46.0,6.571428571428571,19.0,2.0,1.0,0.14285714285714285
2012-13,E92000001,England,England,National,45-49,C1,144.0,4.47900466562986,55.0,5.0,1.0,0.031104199066874026
2012-13,E92000001,England,England,National,45-49,C2,7.0,3.825136612021858,4.0,1.0,1.0,0.546448087431694
2012-13,E92000001,England,England,National,45-49,D,52.0,91.22807017543859,9.0,4.0,1.0,1.7543859649122806
2012-13,E92000001,England,England,National,45-49,E,159.0,7.290233837689134,66.0,4.0,1.0,0.04585052728106373
2012-13,E92000001,England,England,National,45-49,F1,4.0,6.896551724137931,1.0,0.0,0.0,0.0
2012-13,E92000001,England,England,National,45-49,F2,0.0,0.0,0.0,0.0,0.0,0.0
2012-13,E92000001,England,England,National,45-74,A,28241.0,7.61305279616126,12677.0,844.0,380.0,0.10243830114164791
2012-13,E92000001,England,England,National,45-74,A to F2,80509.0,4.146603384383217,36827.0,2051.0,997.0,0.05135032821461038
2012-13,E92000001,England,England,National,45-74,B,3684.0,7.878023223488656,1760.0,95.0,45.0,0.09622992536834676
2012-13,E92000001,England,England,National,45-74,C1,40167.0,2.933623723153914,18614.0,884.0,426.0,0.03111319506220448
2012-13,E92000001,England,England,National,45-74,C2,4267.0,4.676881932570477,2096.0,120.0,61.0,0.06685957297557982
2012-13,E92000001,England,England,National,45-74,D,1022.0,97.14828897338404,164.0,23.0,60.0,5.7034220532319395
2012-13,E92000001,England,England,National,45-74,E,1256.0,8.15531458996169,566.0,40.0,10.0,0.06493084864619181
2012-13,E92000001,England,England,National,45-74,F1,1526.0,3.7807839056538324,765.0,34.0,12.0,0.029730935037906938
2012-13,E92000001,England,England,National,45-74,F2,346.0,5.2408361102696155,185.0,11.0,3.0,0.04544077552256892
2012-13,E92000001,England,England,National,50-52,A,16113.0,7.768858031387864,7475.0,487.0,230.0,0.11089414430703214
2012-13,E92000001,England,England,National,50-52,A to F2,19754.0,7.016260220354756,8862.0,581.0,288.0,0.10229234299190895
2012-13,E92000001,England,England,National,50-52,B,641.0,7.838102225483003,312.0,17.0,3.0,0.036683785766691124
2012-13,E92000001,England,England,National,50-52,C1,2041.0,3.5500591386627707,733.0,50.0,28.0,0.04870242816391846
2012-13,E92000001,England,England,National,50-52,C2,70.0,5.952380952380952,27.0,3.0,1.0,0.08503401360544217
2012-13,E92000001,England,England,National,50-52,D,272.0,98.19494584837545,40.0,2.0,20.0,7.2202166064981945
2012-13,E92000001,England,England,National,50-52,E,596.0,9.09368324687214,268.0,21.0,6.0,0.091547146780592
2012-13,E92000001,England,England,National,50-52,F1,20.0,4.4543429844097995,6.0,1.0,0.0,0.0
2012-13,E92000001,England,England,National,50-52,F2,1.0,6.666666666666667,1.0,0.0,0.0,0.0
2012-13,E92000001,England,England,National,50<71,A,16796.0,7.758756086068792,7791.0,501.0,237.0,0.10947994715398332
2012-13,E92000001,England,England,National,50<71,A to F2,66116.0,3.8633623921105977,30411.0,1624.0,827.0,0.04832416810265994
2012-13,E92000001,England,England,National,50<71,B,3614.0,7.889107181838026,1731.0,92.0,44.0,0.09604889762060685
2012-13,E92000001,England,England,National,50<71,C1,38729.0,2.920358052833228,17881.0,848.0,414.0,0.031217646566473606
2012-13,E92000001,England,England,National,50<71,C2,4049.0,4.678436900607769,1966.0,114.0,59.0,0.06817183925311396
2012-13,E92000001,England,England,National,50<71,D,934.0,97.4947807933194,146.0,19.0,58.0,6.05427974947808
2012-13,E92000001,England,England,National,50<71,E,1069.0,8.354826103946854,487.0,34.0,9.0,0.07033997655334115
2012-13,E92000001,England,England,National,50<71,F1,750.0,3.8963063016260584,316.0,12.0,3.0,0.015585225206504233
2012-13,E92000001,England,England,National,50<71,F2,175.0,5.223880597014925,93.0,4.0,3.0,0.08955223880597014
2012-13,E92000001,England,England,National,53-54,A,215.0,7.889908256880735,98.0,2.0,0.0,0.0
2012-13,E92000001,England,England,National,53-54,A to F2,6890.0,3.740316705481274,2783.0,187.0,91.0,0.049400409317677196
2012-13,E92000001,England,England,National,53-54,B,1317.0,7.791055371509701,608.0,37.0,17.0,0.10056791292001893
2012-13,E92000001,England,England,National,53-54,C1,4858.0,3.0791463576956475,1918.0,133.0,65.0,0.04119895291276597
2012-13,E92000001,England,England,National,53-54,C2,117.0,4.71584038694075,46.0,5.0,1.0,0.04030632809351068
2012-13,E92000001,England,England,National,53-54,D,138.0,99.28057553956835,20.0,3.0,6.0,4.316546762589928
2012-13,E92000001,England,England,National,53-54,E,147.0,7.515337423312883,61.0,4.0,1.0,0.051124744376278126
2012-13,E92000001,England,England,National,53-54,F1,92.0,4.159132007233273,30.0,3.0,1.0,0.045207956600361664
2012-13,E92000001,England,England,National,53-54,F2,6.0,28.57142857142857,2.0,0.0,0.0,0.0
2012-13,E92000001,England,England,National,55-59,A,231.0,7.593688362919132,96.0,3.0,6.0,0.19723865877712032
2012-13,E92000001,England,England,National,55-59,A to F2,12687.0,3.0824139380407347,5541.0,295.0,129.0,0.031341640892823736
2012-13,E92000001,England,England,National,55-59,B,1037.0,7.849519339943986,501.0,21.0,14.0,0.10597229581409433
2012-13,E92000001,England,England,National,55-59,C1,9761.0,2.709356871235462,4272.0,231.0,88.0,0.024426124850806342
2012-13,E92000001,England,England,National,55-59,C2,1046.0,4.010121147063334,458.0,25.0,10.0,0.038337678270203956
2012-13,E92000001,England,England,National,55-59,D,179.0,97.28260869565217,27.0,4.0,8.0,4.3478260869565215
2012-13,E92000001,England,England,National,55-59,E,176.0,8.635917566241414,88.0,6.0,0.0,0.0
2012-13,E92000001,England,England,National,55-59,F1,221.0,3.768115942028986,81.0,3.0,2.0,0.03410059676044331
2012-13,E92000001,England,England,National,55-59,F2,36.0,4.004449388209121,18.0,2.0,1.0,0.11123470522803114
2012-13,E92000001,England,England,National,60-64,A,143.0,7.405489383738996,76.0,6.0,0.0,0.0
2012-13,E92000001,England,England,National,60-64,A to F2,12688.0,3.127626794848093,6083.0,277.0,142.0,0.03500338941270722
2012-13,E92000001,England,England,National,60-64,B,375.0,7.855048177628824,190.0,13.0,6.0,0.12568077084206117
2012-13,E92000001,England,England,National,60-64,C1,10341.0,2.847756163116036,4967.0,209.0,104.0,0.02864003877420634
2012-13,E92000001,England,England,National,60-64,C2,1350.0,4.748505100246219,668.0,40.0,23.0,0.0809004572634541
2012-13,E92000001,England,England,National,60-64,D,147.0,97.35099337748345,25.0,5.0,7.0,4.635761589403973
2012-13,E92000001,England,England,National,60-64,E,93.0,7.008289374529013,41.0,1.0,1.0,0.07535795026375283
2012-13,E92000001,England,England,National,60-64,F1,181.0,3.802521008403361,82.0,3.0,0.0,0.0
2012-13,E92000001,England,England,National,60-64,F2,58.0,4.940374787052811,34.0,0.0,1.0,0.08517887563884156
2012-13,E92000001,England,England,National,65-70,A,94.0,6.836363636363636,46.0,3.0,1.0,0.07272727272727272
2012-13,E92000001,England,England,National,65-70,A to F2,14097.0,3.291107915281461,7142.0,284.0,177.0,0.041322699936498446
2012-13,E92000001,England,England,National,65-70,B,244.0,8.895370032810792,120.0,4.0,4.0,0.14582573824279985
2012-13,E92000001,England,England,National,65-70,C1,11728.0,3.0264869216953283,5991.0,225.0,129.0,0.033289291686451
2012-13,E92000001,England,England,National,65-70,C2,1466.0,5.166519823788547,767.0,41.0,24.0,0.08458149779735682
2012-13,E92000001,England,England,National,65-70,D,198.0,95.65217391304348,34.0,5.0,17.0,8.212560386473431
2012-13,E92000001,England,England,National,65-70,E,57.0,6.195652173913044,29.0,2.0,1.0,0.10869565217391304
2012-13,E92000001,England,England,National,65-70,F1,236.0,3.957739392923025,117.0,2.0,0.0,0.0
2012-13,E92000001,England,England,National,65-70,F2,74.0,5.9629331184528604,38.0,2.0,1.0,0.08058017727639001
2012-13,E92000001,England,England,National,Over 70,A,6.0,6.666666666666667,4.0,0.0,0.0,0.0
2012-13,E92000001,England,England,National,Over 70,A to F2,3909.0,3.9560372832984183,2126.0,83.0,50.0,0.05060165366204168
2012-13,E92000001,England,England,National,Over 70,B,24.0,9.448818897637794,10.0,1.0,0.0,0.0
2012-13,E92000001,England,England,National,Over 70,C1,1294.0,3.250684552968071,678.0,31.0,11.0,0.02763333082121235
2012-13,E92000001,England,England,National,Over 70,C2,211.0,4.679529829230428,126.0,5.0,1.0,0.022177866489243733
2012-13,E92000001,England,England,National,Over 70,D,60.0,92.3076923076923,12.0,0.0,4.0,6.153846153846154
2012-13,E92000001,England,England,National,Over 70,E,105.0,8.495145631067961,55.0,2.0,4.0,0.3236245954692557
2012-13,E92000001,England,England,National,Over 70,F1,1572.0,3.6508047098167626,884.0,32.0,18.0,0.041803107364314085
2012-13,E92000001,England,England,National,Over 70,F2,637.0,6.505974874885098,357.0,12.0,12.0,0.12256153610458584
2013-14,E92000001,England,England,National,45 and over,A,29563.0,7.817487075747359,13465.0,860.0,383.0,0.10127854243518042
2013-14,E92000001,England,England,National,45 and over,A to F2,88676.0,4.264763948518495,41082.0,2009.0,1059.0,0.050931311983863574
2013-14,E92000001,England,England,National,45 and over,B,4243.0,8.255827528505273,2005.0,90.0,57.0,0.11090788808032065
2013-14,E92000001,England,England,National,45 and over,C1,43450.0,3.0311232526568546,20191.0,871.0,435.0,0.030346113116357463
2013-14,E92000001,England,England,National,45 and over,C2,4840.0,4.823840135545921,2374.0,80.0,58.0,0.05780634873174865
2013-14,E92000001,England,England,National,45 and over,D,890.0,97.69484083424807,142.0,14.0,45.0,4.939626783754116
2013-14,E92000001,England,England,National,45 and over,E,1569.0,8.23319515138794,704.0,26.0,32.0,0.1679173007293908
2013-14,E92000001,England,England,National,45 and over,F1,2875.0,3.783492130336369,1496.0,47.0,33.0,0.04342790966994789
2013-14,E92000001,England,England,National,45 and over,F2,1246.0,6.242797735357483,705.0,21.0,16.0,0.08016433689062578
2013-14,E92000001,England,England,National,45-49,A,13344.0,7.739376047605514,5736.0,389.0,170.0,0.09859816607411102
2013-14,E92000001,England,England,National,45-49,A to F2,14190.0,7.6809405498449195,6022.0,405.0,188.0,0.1017629896667262
2013-14,E92000001,England,England,National,45-49,B,121.0,9.00297619047619,52.0,2.0,0.0,0.0
2013-14,E92000001,England,England,National,45-49,C1,322.0,4.407336435806187,112.0,6.0,4.0,0.054749520941691755
2013-14,E92000001,England,England,National,45-49,C2,20.0,7.06713780918728,7.0,0.0,0.0,0.0
2013-14,E92000001,England,England,National,45-49,D,94.0,98.94736842105263,19.0,2.0,7.0,7.368421052631578
2013-14,E92000001,England,England,National,45-49,E,279.0,8.643122676579926,95.0,6.0,7.0,0.21685254027261464
2013-14,E92000001,England,England,National,45-49,F1,10.0,14.925373134328357,1.0,0.0,0.0,0.0
2013-14,E92000001,England,England,National,45-49,F2,0.0,0.0,0.0,0.0,0.0,0.0
2013-14,E92000001,England,England,National,45-74,A,29563.0,7.817487075747359,13465.0,860.0,383.0,0.10127854243518042
2013-14,E92000001,England,England,National,45-74,A to F2,86716.0,4.255452795763195,39957.0,1987.0,1029.0,0.05049657418285355
2013-14,E92000001,England,England,National,45-74,B,4243.0,8.255827528505273,2005.0,90.0,57.0,0.11090788808032065
2013-14,E92000001,England,England,National,45-74,C1,43450.0,3.0311295963121374,20191.0,871.0,435.0,0.030346176625909778
2013-14,E92000001,England,England,National,45-74,C2,4840.0,4.823888213367352,2374.0,80.0,58.0,0.057806924870931094
2013-14,E92000001,England,England,National,45-74,D,867.0,98.29931972789116,138.0,14.0,43.0,4.875283446712018
2013-14,E92000001,England,England,National,45-74,E,1486.0,8.26152221048535,655.0,25.0,30.0,0.16678712403402457
2013-14,E92000001,England,England,National,45-74,F1,1822.0,3.860169491525424,884.0,34.0,17.0,0.036016949152542374
2013-14,E92000001,England,England,National,45-74,F2,445.0,5.335091715621628,245.0,13.0,6.0,0.07193382088478599
2013-14,E92000001,England,England,National,50-52,A,15390.0,7.8763933385876745,7353.0,459.0,201.0,0.1028690747924706
2013-14,E92000001,England,England,National,50-52,A to F2,20263.0,6.845029980575965,9240.0,573.0,267.0,0.0901950848745883
2013-14,E92000001,England,England,National,50-52,B,902.0,8.2820677623726,422.0,20.0,17.0,0.15609218620879625
2013-14,E92000001,England,England,National,50-52,C1,2959.0,3.7218253169651843,1084.0,71.0,28.0,0.03521835379351982
2013-14,E92000001,England,England,National,50-52,C2,74.0,4.836601307189543,28.0,3.0,0.0,0.0
2013-14,E92000001,England,England,National,50-52,D,243.0,98.38056680161942,37.0,5.0,9.0,3.643724696356275
2013-14,E92000001,England,England,National,50-52,E,668.0,8.521495088659266,307.0,15.0,11.0,0.14032402092103585
2013-14,E92000001,England,England,National,50-52,F1,26.0,4.227642276422764,8.0,0.0,1.0,0.16260162601626016
2013-14,E92000001,England,England,National,50-52,F2,1.0,20.0,1.0,0.0,0.0,0.0
2013-14,E92000001,England,England,National,50<71,A,16213.0,7.88305481137167,7723.0,471.0,213.0,0.10356446523297141
2013-14,E92000001,England,England,National,50<71,A to F2,69418.0,3.9209572788608447,32277.0,1526.0,803.0,0.04535608480401709
2013-14,E92000001,England,England,National,50<71,B,4103.0,8.237963297594668,1946.0,87.0,56.0,0.11243625266032205
2013-14,E92000001,England,England,National,50<71,C1,41612.0,3.015408205487185,19270.0,835.0,411.0,0.029783061916159592
2013-14,E92000001,England,England,National,50<71,C2,4506.0,4.755421877473484,2181.0,76.0,56.0,0.0590997836525777
2013-14,E92000001,England,England,National,50<71,D,742.0,98.40848806366049,116.0,12.0,35.0,4.641909814323608
2013-14,E92000001,England,England,National,50<71,E,1164.0,8.218597754712984,543.0,19.0,23.0,0.16239497281649368
2013-14,E92000001,England,England,National,50<71,F1,871.0,4.044578592988159,401.0,20.0,6.0,0.02786162061759926
2013-14,E92000001,England,England,National,50<71,F2,207.0,5.484896661367249,97.0,6.0,3.0,0.0794912559618442
2013-14,E92000001,England,England,National,53-54,A,261.0,7.795698924731183,102.0,4.0,2.0,0.05973715651135006
2013-14,E92000001,England,England,National,53-54,A to F2,7250.0,3.8172159069968252,2894.0,150.0,79.0,0.04159449057279299
2013-14,E92000001,England,England,National,53-54,B,1366.0,7.836163377696191,614.0,20.0,12.0,0.06883891693437356
2013-14,E92000001,England,England,National,53-54,C1,5049.0,3.131104537589998,1974.0,113.0,50.0,0.031007175060308954
2013-14,E92000001,England,England,National,53-54,C2,140.0,4.599211563731932,57.0,5.0,1.0,0.0328515111695138
2013-14,E92000001,England,England,National,53-54,D,104.0,100.0,18.0,2.0,8.0,7.6923076923076925
2013-14,E92000001,England,England,National,53-54,E,199.0,9.107551487414188,91.0,2.0,5.0,0.2288329519450801
2013-14,E92000001,England,England,National,53-54,F1,129.0,5.080740448995667,38.0,4.0,1.0,0.03938558487593541
2013-14,E92000001,England,England,National,53-54,F2,2.0,8.333333333333332,0.0,0.0,0.0,0.0
2013-14,E92000001,England,England,National,55-59,A,287.0,8.256616800920598,129.0,3.0,7.0,0.20138089758342925
2013-14,E92000001,England,England,National,55-59,A to F2,13388.0,3.144081011516711,5829.0,278.0,151.0,0.03546132601874988
2013-14,E92000001,England,England,National,55-59,B,1125.0,8.143322475570033,553.0,31.0,14.0,0.10133912414042708
2013-14,E92000001,England,England,National,55-59,C1,10247.0,2.7661176902498874,4415.0,215.0,101.0,0.027264359004122045
2013-14,E92000001,England,England,National,55-59,C2,1138.0,4.02248064755576,498.0,24.0,14.0,0.049485702166766815
2013-14,E92000001,England,England,National,55-59,D,124.0,97.63779527559055,18.0,1.0,7.0,5.511811023622047
2013-14,E92000001,England,England,National,55-59,E,167.0,7.814693495554516,78.0,1.0,7.0,0.32756200280767434
2013-14,E92000001,England,England,National,55-59,F1,251.0,3.8674884437596297,114.0,3.0,0.0,0.0
2013-14,E92000001,England,England,National,55-59,F2,49.0,4.743465634075508,24.0,0.0,1.0,0.0968054211035818
2013-14,E92000001,England,England,National,60-64,A,155.0,7.531584062196307,79.0,3.0,1.0,0.048590864917395525
2013-14,E92000001,England,England,National,60-64,A to F2,13018.0,3.209898460885989,6326.0,252.0,143.0,0.035260061446204985
2013-14,E92000001,England,England,National,60-64,B,449.0,9.440706476030277,229.0,11.0,8.0,0.16820857863751051
2013-14,E92000001,England,England,National,60-64,C1,10499.0,2.907400176675999,5122.0,205.0,111.0,0.030738300753503752
2013-14,E92000001,England,England,National,60-64,C2,1472.0,4.877725495393995,711.0,23.0,19.0,0.06295977201935185
2013-14,E92000001,England,England,National,60-64,D,117.0,97.5,19.0,2.0,2.0,1.6666666666666667
2013-14,E92000001,England,England,National,60-64,E,78.0,6.976744186046512,42.0,1.0,0.0,0.0
2013-14,E92000001,England,England,National,60-64,F1,180.0,3.6231884057971016,88.0,3.0,2.0,0.040257648953301126
2013-14,E92000001,England,England,National,60-64,F2,68.0,5.45308740978348,36.0,4.0,0.0,0.0
2013-14,E92000001,England,England,National,65-70,A,120.0,8.614501076812635,60.0,2.0,2.0,0.14357501794687724
2013-14,E92000001,England,England,National,65-70,A to F2,15499.0,3.420604846095955,7988.0,273.0,163.0,0.035973842822997655
2013-14,E92000001,England,England,National,65-70,B,261.0,8.962912087912088,128.0,5.0,5.0,0.1717032967032967
2013-14,E92000001,England,England,National,65-70,C1,12858.0,3.1540835299831724,6675.0,231.0,121.0,0.02968145179094446
2013-14,E92000001,England,England,National,65-70,C2,1682.0,5.3039858728557014,887.0,21.0,22.0,0.06937436932391525
2013-14,E92000001,England,England,National,65-70,D,154.0,98.71794871794873,24.0,2.0,9.0,5.769230769230769
2013-14,E92000001,England,England,National,65-70,E,52.0,5.88235294117647,25.0,0.0,0.0,0.0
2013-14,E92000001,England,England,National,65-70,F1,285.0,4.116712407915644,153.0,10.0,2.0,0.02888920988010978
2013-14,E92000001,England,England,National,65-70,F2,87.0,5.938566552901023,36.0,2.0,2.0,0.13651877133105803
2013-14,E92000001,England,England,National,Over 70,A,6.0,7.59493670886076,6.0,0.0,0.0,0.0
2013-14,E92000001,England,England,National,Over 70,A to F2,5068.0,4.084033748881887,2783.0,78.0,68.0,0.05479761146881774
2013-14,E92000001,England,England,National,Over 70,B,19.0,7.786885245901639,7.0,1.0,1.0,0.4098360655737705
2013-14,E92000001,England,England,National,Over 70,C1,1516.0,3.2830196851246294,809.0,30.0,20.0,0.0433116053446521
2013-14,E92000001,England,England,National,Over 70,C2,314.0,5.927883707759109,186.0,4.0,2.0,0.037757221068529356
2013-14,E92000001,England,England,National,Over 70,D,54.0,87.09677419354838,7.0,0.0,3.0,4.838709677419355
2013-14,E92000001,England,England,National,Over 70,E,126.0,7.563025210084033,66.0,1.0,2.0,0.12004801920768307
2013-14,E92000001,England,England,National,Over 70,F1,1994.0,3.666384731364689,1094.0,27.0,27.0,0.04964512926120693
2013-14,E92000001,England,England,National,Over 70,F2,1039.0,6.420714373995798,608.0,15.0,13.0,0.0803361759980225
2014-15,E92000001,England,England,National,45 and over,A,26401.0,7.752573081384252,11970.0,670.0,263.0,0.07722914739608568
2014-15,E92000001,England,England,National,45 and over,A to F2,87737.0,4.167129749688191,40509.0,1770.0,931.0,0.044218491593737023
2014-15,E92000001,England,England,National,45 and over,B,4688.0,7.919855388306049,2291.0,115.0,68.0,0.11487844846519014
2014-15,E92000001,England,England,National,45 and over,C1,44144.0,3.007938903625894,20272.0,770.0,409.0,0.027868951875294277
2014-15,E92000001,England,England,National,45 and over,C2,5560.0,4.783289457836508,2790.0,91.0,61.0,0.052478535418709886
2014-15,E92000001,England,England,National,45 and over,D,959.0,97.75739041794088,149.0,18.0,66.0,6.727828746177369
2014-15,E92000001,England,England,National,45 and over,E,1710.0,8.413698090926983,751.0,26.0,17.0,0.08364495178114545
2014-15,E92000001,England,England,National,45 and over,F1,3005.0,3.765900119055079,1561.0,58.0,30.0,0.037596340622846044
2014-15,E92000001,England,England,National,45 and over,F2,1270.0,6.107237316662659,725.0,22.0,17.0,0.08175042077422458
2014-15,E92000001,England,England,National,45-49,A,12212.0,7.679054266490599,5191.0,302.0,122.0,0.07671508520404956
2014-15,E92000001,England,England,National,45-49,A to F2,13339.0,7.545195375251714,5595.0,321.0,143.0,0.08088784306627146
2014-15,E92000001,England,England,National,45-49,B,167.0,8.472856418061896,80.0,2.0,3.0,0.15220700152207
2014-15,E92000001,England,England,National,45-49,C1,520.0,4.508800832394,179.0,13.0,5.0,0.04335385415763461
2014-15,E92000001,England,England,National,45-49,C2,20.0,5.05050505050505,8.0,1.0,0.0,0.0
2014-15,E92000001,England,England,National,45-49,D,100.0,98.0392156862745,19.0,0.0,4.0,3.9215686274509802
2014-15,E92000001,England,England,National,45-49,E,306.0,8.64406779661017,113.0,3.0,8.0,0.22598870056497175
2014-15,E92000001,England,England,National,45-49,F1,14.0,6.511627906976744,5.0,0.0,1.0,0.46511627906976744
2014-15,E92000001,England,England,National,45-49,F2,0.0,0.0,0.0,0.0,0.0,0.0
2014-15,E92000001,England,England,National,45-74,A,26401.0,7.752573081384252,11970.0,670.0,263.0,0.07722914739608568
2014-15,E92000001,England,England,National,45-74,A to F2,85664.0,4.154693260117923,39329.0,1728.0,898.0,0.04355288741578603
2014-15,E92000001,England,England,National,45-74,B,4688.0,7.919855388306049,2291.0,115.0,68.0,0.11487844846519014
2014-15,E92000001,England,England,National,45-74,C1,44144.0,3.0079430028052965,20272.0,770.0,409.0,0.027868989854733742
2014-15,E92000001,England,England,National,45-74,C2,5560.0,4.783371760900238,2790.0,91.0,61.0,0.05247943838397743
2014-15,E92000001,England,England,National,45-74,D,925.0,97.98728813559322,140.0,17.0,64.0,6.779661016949152
2014-15,E92000001,England,England,National,45-74,E,1609.0,8.422760822907396,700.0,24.0,14.0,0.07328691828508611
2014-15,E92000001,England,England,National,45-74,F1,1880.0,3.7713139418254764,929.0,32.0,13.0,0.026078234704112337
2014-15,E92000001,England,England,National,45-74,F2,457.0,5.434653347603758,237.0,9.0,6.0,0.07135212272565108
2014-15,E92000001,England,England,National,50-52,A,13275.0,7.807032504307836,6329.0,357.0,120.0,0.070572045236681
2014-15,E92000001,England,England,National,50-52,A to F2,19378.0,6.320245790960268,8611.0,487.0,187.0,0.06099112204095211
2014-15,E92000001,England,England,National,50-52,B,1227.0,7.9074563382097045,540.0,32.0,11.0,0.0708899916220919
2014-15,E92000001,England,England,National,50-52,C1,3687.0,3.400915027856695,1332.0,78.0,27.0,0.024904992067298827
2014-15,E92000001,England,England,National,50-52,C2,152.0,5.142083897158322,47.0,2.0,1.0,0.03382949932341001
2014-15,E92000001,England,England,National,50-52,D,231.0,98.71794871794873,30.0,4.0,22.0,9.401709401709402
2014-15,E92000001,England,England,National,50-52,E,739.0,8.85241974125539,311.0,13.0,4.0,0.04791566842357451
2014-15,E92000001,England,England,National,50-52,F1,67.0,6.1865189289012,22.0,1.0,2.0,0.18467220683287164
2014-15,E92000001,England,England,National,50-52,F2,0.0,0.0,0.0,0.0,0.0,0.0
2014-15,E92000001,England,England,National,50<71,A,14181.0,7.816711590296496,6773.0,368.0,141.0,0.07772063565558184
2014-15,E92000001,England,England,National,50<71,A to F2,68973.0,3.841849889740306,31926.0,1350.0,715.0,0.03982605760463252
2014-15,E92000001,England,England,National,50<71,B,4498.0,7.898294965671039,2199.0,113.0,65.0,0.1141372104865757
2014-15,E92000001,England,England,National,50<71,C1,41893.0,2.9840019374323323,19154.0,727.0,385.0,0.027423214998005582
2014-15,E92000001,England,England,National,50<71,C2,5194.0,4.735162731333759,2581.0,82.0,58.0,0.052876287719938006
2014-15,E92000001,England,England,National,50<71,D,767.0,98.45956354300385,109.0,17.0,52.0,6.675224646983311
2014-15,E92000001,England,England,National,50<71,E,1260.0,8.459214501510575,565.0,21.0,5.0,0.033568311513930846
2014-15,E92000001,England,England,National,50<71,F1,949.0,4.024938501993383,432.0,17.0,6.0,0.0254474510136568
2014-15,E92000001,England,England,National,50<71,F2,231.0,5.665930831493745,113.0,5.0,3.0,0.07358351729212656
2014-15,E92000001,England,England,National,53-54,A,354.0,8.697788697788699,164.0,6.0,7.0,0.171990171990172
2014-15,E92000001,England,England,National,53-54,A to F2,7481.0,3.8916112654369153,3146.0,168.0,82.0,0.042656345911753386
2014-15,E92000001,England,England,National,53-54,B,1409.0,7.78840307335139,699.0,41.0,18.0,0.09949698745232435
2014-15,E92000001,England,England,National,53-54,C1,5136.0,3.1921439448087265,2051.0,106.0,47.0,0.02921159762578079
2014-15,E92000001,England,England,National,53-54,C2,189.0,4.533461261693452,79.0,2.0,0.0,0.0
2014-15,E92000001,England,England,National,53-54,D,94.0,98.94736842105263,13.0,2.0,9.0,9.473684210526317
2014-15,E92000001,England,England,National,53-54,E,188.0,8.56492027334852,93.0,6.0,0.0,0.0
2014-15,E92000001,England,England,National,53-54,F1,110.0,4.113687359760658,46.0,5.0,1.0,0.037397157816005985
2014-15,E92000001,England,England,National,53-54,F2,1.0,2.2222222222222223,1.0,0.0,0.0,0.0
2014-15,E92000001,England,England,National,55-59,A,292.0,7.89829591560725,145.0,3.0,9.0,0.2434406275358399
2014-15,E92000001,England,England,National,55-59,A to F2,13703.0,3.1630215246119224,6066.0,245.0,150.0,0.034624040625541
2014-15,E92000001,England,England,National,55-59,B,1138.0,7.654536893791619,566.0,23.0,22.0,0.14797874487119123
2014-15,E92000001,England,England,National,55-59,C1,10222.0,2.746454086499064,4453.0,185.0,91.0,0.024449943442713246
2014-15,E92000001,England,England,National,55-59,C2,1401.0,4.364893915319189,670.0,25.0,16.0,0.04984889553540829
2014-15,E92000001,England,England,National,55-59,D,157.0,98.74213836477988,26.0,3.0,8.0,5.031446540880504
2014-15,E92000001,England,England,National,55-59,E,189.0,8.426214890771288,90.0,1.0,1.0,0.04458314757021846
2014-15,E92000001,England,England,National,55-59,F1,246.0,3.588098016336056,96.0,2.0,1.0,0.014585764294049007
2014-15,E92000001,England,England,National,55-59,F2,58.0,5.192479856759177,20.0,3.0,2.0,0.17905102954341987
2014-15,E92000001,England,England,National,60-64,A,154.0,7.281323877068557,79.0,2.0,1.0,0.04728132387706856
2014-15,E92000001,England,England,National,60-64,A to F2,12786.0,3.1768196025621274,6078.0,217.0,141.0,0.035032970746227125
2014-15,E92000001,England,England,National,60-64,B,448.0,8.464009068581145,251.0,12.0,7.0,0.1322501416965804
2014-15,E92000001,England,England,National,60-64,C1,10109.0,2.8610809219761806,4760.0,172.0,99.0,0.028019290857220484
2014-15,E92000001,England,England,National,60-64,C2,1583.0,4.6803855478682515,790.0,19.0,26.0,0.07687304121577672
2014-15,E92000001,England,England,National,60-64,D,135.0,97.12230215827337,20.0,6.0,7.0,5.0359712230215825
2014-15,E92000001,England,England,National,60-64,E,88.0,7.605877268798617,48.0,1.0,0.0,0.0
2014-15,E92000001,England,England,National,60-64,F1,200.0,3.7544584193730053,100.0,4.0,1.0,0.018772292096865026
2014-15,E92000001,England,England,National,60-64,F2,69.0,5.319969159599075,30.0,1.0,0.0,0.0
2014-15,E92000001,England,England,National,65-70,A,106.0,7.076101468624834,56.0,0.0,4.0,0.26702269692923897
2014-15,E92000001,England,England,National,65-70,A to F2,15625.0,3.391077505382318,8025.0,233.0,155.0,0.033639488853392595
2014-15,E92000001,England,England,National,65-70,B,276.0,8.6765168186105,143.0,5.0,7.0,0.22005658597925182
2014-15,E92000001,England,England,National,65-70,C1,12739.0,3.1139390265365585,6558.0,186.0,121.0,0.02957740970334591
2014-15,E92000001,England,England,National,65-70,C2,1869.0,5.10014735578235,995.0,34.0,15.0,0.04093216176390329
2014-15,E92000001,England,England,National,65-70,D,150.0,98.68421052631578,20.0,2.0,6.0,3.9473684210526314
2014-15,E92000001,England,England,National,65-70,E,56.0,5.88235294117647,23.0,0.0,0.0,0.0
2014-15,E92000001,England,England,National,65-70,F1,326.0,4.268133019114952,168.0,5.0,1.0,0.013092432573972246
2014-15,E92000001,England,England,National,65-70,F2,103.0,6.417445482866044,62.0,1.0,1.0,0.06230529595015576
2014-15,E92000001,England,England,National,Over 70,A,8.0,8.333333333333332,6.0,0.0,0.0,0.0
2014-15,E92000001,England,England,National,Over 70,A to F2,5425.0,4.067966916368599,2988.0,99.0,73.0,0.054739462653439215
2014-15,E92000001,England,England,National,Over 70,B,23.0,8.424908424908425,12.0,0.0,0.0,0.0
2014-15,E92000001,England,England,National,Over 70,C1,1731.0,3.320544791866488,939.0,30.0,19.0,0.03644734318051026
2014-15,E92000001,England,England,National,Over 70,C2,346.0,5.624187256176853,201.0,8.0,3.0,0.04876462938881665
2014-15,E92000001,England,England,National,Over 70,D,92.0,92.0,21.0,1.0,10.0,10.0
2014-15,E92000001,England,England,National,Over 70,E,144.0,7.623080995235575,73.0,2.0,4.0,0.21175224986765487
2014-15,E92000001,England,England,National,Over 70,F1,2042.0,3.646298346487625,1124.0,41.0,23.0,0.041069961787079036
2014-15,E92000001,England,England,National,Over 70,F2,1039.0,6.2152300053837415,612.0,17.0,14.0,0.08374708380690314
2015-16,E92000001,England,England,National,45 and over,A,24307.0,7.594584714597712,11215.0,526.0,240.0,0.07498664300421488
2015-16,E92000001,England,England,National,45 and over,A to F2,88654.0,4.101943858882841,40747.0,1616.0,837.0,0.03872726566071399
2015-16,E92000001,England,England,National,45 and over,B,5300.0,7.532689027856737,2501.0,116.0,53.0,0.07532689027856737
2015-16,E92000001,England,England,National,45 and over,C1,46213.0,3.044922373027205,20946.0,766.0,355.0,0.023390549032191323
2015-16,E92000001,England,England,National,45 and over,C2,6107.0,4.636349832979046,2981.0,107.0,87.0,0.06604919526267841
2015-16,E92000001,England,England,National,45 and over,D,854.0,98.72832369942196,114.0,11.0,50.0,5.780346820809249
2015-16,E92000001,England,England,National,45 and over,E,1612.0,7.731044074624719,734.0,29.0,14.0,0.06714306268284495
2015-16,E92000001,England,England,National,45 and over,F1,3049.0,3.7769739613011915,1559.0,43.0,29.0,0.035923989792631866
2015-16,E92000001,England,England,National,45 and over,F2,1212.0,6.3849963122958595,697.0,18.0,9.0,0.04741333895269202
2015-16,E92000001,England,England,National,45-49,A,12046.0,7.402218330414477,5311.0,261.0,109.0,0.06698005960610809
2015-16,E92000001,England,England,National,45-49,A to F2,13331.0,7.1813353157288,5777.0,286.0,128.0,0.06895288578600903
2015-16,E92000001,England,England,National,45-49,B,225.0,8.116883116883116,101.0,4.0,4.0,0.1443001443001443
2015-16,E92000001,England,England,National,45-49,C1,648.0,4.181454475059689,212.0,14.0,7.0,0.045170032909595405
2015-16,E92000001,England,England,National,45-49,C2,35.0,6.796116504854369,14.0,0.0,1.0,0.1941747572815534
2015-16,E92000001,England,England,National,45-49,D,91.0,96.80851063829788,10.0,4.0,5.0,5.319148936170213
2015-16,E92000001,England,England,National,45-49,E,265.0,7.116004296455425,123.0,3.0,2.0,0.05370569280343716
2015-16,E92000001,England,England,National,45-49,F1,20.0,6.802721088435375,5.0,0.0,0.0,0.0
2015-16,E92000001,England,England,National,45-49,F2,1.0,33.33333333333333,1.0,0.0,0.0,0.0
2015-16,E92000001,England,England,National,45-74,A,24307.0,7.594584714597712,11215.0,526.0,240.0,0.07498664300421488
2015-16,E92000001,England,England,National,45-74,A to F2,86682.0,4.09101013242617,39657.0,1593.0,818.0,0.038606011494019606
2015-16,E92000001,England,England,National,45-74,B,5300.0,7.532689027856737,2501.0,116.0,53.0,0.07532689027856737
2015-16,E92000001,England,England,National,45-74,C1,46213.0,3.0449243792934864,20946.0,766.0,355.0,0.023390564443970044
2015-16,E92000001,England,England,National,45-74,C2,6107.0,4.636349832979046,2981.0,107.0,87.0,0.06604919526267841
2015-16,E92000001,England,England,National,45-74,D,823.0,99.03730445246691,109.0,11.0,49.0,5.896510228640193
2015-16,E92000001,England,England,National,45-74,E,1541.0,7.79109156175742,696.0,27.0,14.0,0.07078214267657618
2015-16,E92000001,England,England,National,45-74,F1,1944.0,3.85057243592283,967.0,30.0,17.0,0.03367270134294656
2015-16,E92000001,England,England,National,45-74,F2,447.0,5.6567957479119215,242.0,10.0,3.0,0.037965072133637055
2015-16,E92000001,England,England,National,50-52,A,11340.0,7.796708056598326,5465.0,247.0,117.0,0.08044222598077637
2015-16,E92000001,England,England,National,50-52,A to F2,18882.0,5.959136269243636,8333.0,395.0,191.0,0.06027936804499177
2015-16,E92000001,England,England,National,50-52,B,1635.0,7.67497535558372,735.0,40.0,16.0,0.07510679247054405
2015-16,E92000001,England,England,National,50-52,C1,4817.0,3.540297805412239,1733.0,84.0,34.0,0.024988608134526906
2015-16,E92000001,England,England,National,50-52,C2,178.0,4.490413723511604,63.0,7.0,5.0,0.12613521695257315
2015-16,E92000001,England,England,National,50-52,D,173.0,98.85714285714286,21.0,3.0,13.0,7.428571428571429
2015-16,E92000001,England,England,National,50-52,E,666.0,8.014440433212997,288.0,13.0,6.0,0.07220216606498195
2015-16,E92000001,England,England,National,50-52,F1,69.0,4.3726235741444865,27.0,1.0,0.0,0.0
2015-16,E92000001,England,England,National,50-52,F2,4.0,20.0,1.0,0.0,0.0,0.0
2015-16,E92000001,England,England,National,50<71,A,12257.0,7.796825800706085,5903.0,265.0,131.0,0.08333068286632105
2015-16,E92000001,England,England,National,50<71,A to F2,69622.0,3.7945176735402404,31913.0,1244.0,655.0,0.035698616474230234
2015-16,E92000001,England,England,National,50<71,B,5035.0,7.488102320047591,2377.0,110.0,47.0,0.06989886972040453
2015-16,E92000001,England,England,National,50<71,C1,43564.0,3.0206691596224373,19684.0,718.0,336.0,0.023297788027571823
2015-16,E92000001,England,England,National,50<71,C2,5722.0,4.601342929516304,2782.0,103.0,80.0,0.06433195287684453
2015-16,E92000001,England,England,National,50<71,D,681.0,99.27113702623906,94.0,7.0,41.0,5.97667638483965
2015-16,E92000001,England,England,National,50<71,E,1227.0,8.021705020920503,549.0,23.0,12.0,0.07845188284518828
2015-16,E92000001,England,England,National,50<71,F1,913.0,3.86504106341546,411.0,14.0,7.0,0.029633392600118533
2015-16,E92000001,England,England,National,50<71,F2,223.0,5.304471931493816,113.0,4.0,1.0,0.02378686964795433
2015-16,E92000001,England,England,National,53-54,A,306.0,7.657657657657657,154.0,7.0,3.0,0.07507507507507508
2015-16,E92000001,England,England,National,53-54,A to F2,7388.0,3.8058344451713606,3013.0,132.0,66.0,0.033999062450096075
2015-16,E92000001,England,England,National,53-54,B,1402.0,7.225686749471731,631.0,30.0,14.0,0.07215379065093026
2015-16,E92000001,England,England,National,53-54,C1,5042.0,3.1511515265147962,1987.0,87.0,35.0,0.02187431642761164
2015-16,E92000001,England,England,National,53-54,C2,217.0,4.004428861413545,89.0,1.0,4.0,0.07381435689241557
2015-16,E92000001,England,England,National,53-54,D,95.0,100.0,15.0,1.0,5.0,5.263157894736842
2015-16,E92000001,England,England,National,53-54,E,204.0,8.640406607369759,90.0,6.0,4.0,0.16941973739940702
2015-16,E92000001,England,England,National,53-54,F1,120.0,4.318100035984167,46.0,0.0,1.0,0.035984166966534725
2015-16,E92000001,England,England,National,53-54,F2,2.0,3.076923076923077,1.0,0.0,0.0,0.0
2015-16,E92000001,England,England,National,55-59,A,319.0,8.27926291201661,155.0,6.0,7.0,0.18167661562418894
2015-16,E92000001,England,England,National,55-59,A to F2,14280.0,3.160012126657181,6234.0,267.0,114.0,0.025226987565750605
2015-16,E92000001,England,England,National,55-59,B,1295.0,7.544421788523158,615.0,28.0,9.0,0.05243227497815321
2015-16,E92000001,England,England,National,55-59,C1,10521.0,2.743945376682854,4548.0,191.0,77.0,0.020082101891890483
2015-16,E92000001,England,England,National,55-59,C2,1498.0,4.070099171308246,682.0,31.0,13.0,0.03532128786849613
2015-16,E92000001,England,England,National,55-59,D,135.0,100.0,18.0,0.0,5.0,3.7037037037037033
2015-16,E92000001,England,England,National,55-59,E,205.0,8.422350041084634,94.0,3.0,1.0,0.041084634346754315
2015-16,E92000001,England,England,National,55-59,F1,247.0,3.5724616719699163,95.0,6.0,2.0,0.02892681515765114
2015-16,E92000001,England,England,National,55-59,F2,60.0,5.150214592274678,27.0,2.0,0.0,0.0
2015-16,E92000001,England,England,National,60-64,A,174.0,7.461406518010291,84.0,3.0,2.0,0.08576329331046312
2015-16,E92000001,England,England,National,60-64,A to F2,12697.0,3.195049774028928,5987.0,203.0,120.0,0.03019657973406879
2015-16,E92000001,England,England,National,60-64,B,428.0,7.36280750043007,238.0,6.0,5.0,0.0860141063134354
2015-16,E92000001,England,England,National,60-64,C1,9876.0,2.8692954014573093,4633.0,159.0,77.0,0.022370974677218793
2015-16,E92000001,England,England,National,60-64,C2,1759.0,4.722274423474455,854.0,27.0,23.0,0.061746624070444844
2015-16,E92000001,England,England,National,60-64,D,128.0,99.2248062015504,19.0,2.0,11.0,8.527131782945736
2015-16,E92000001,England,England,National,60-64,E,76.0,6.296603148301575,36.0,1.0,0.0,0.0
2015-16,E92000001,England,England,National,60-64,F1,191.0,3.7166763961860285,90.0,4.0,1.0,0.01945903872348706
2015-16,E92000001,England,England,National,60-64,F2,65.0,4.883546205860256,33.0,1.0,1.0,0.07513148009015778
2015-16,E92000001,England,England,National,65-70,A,118.0,7.477820025348543,45.0,2.0,2.0,0.12674271229404308
2015-16,E92000001,England,England,National,65-70,A to F2,16375.0,3.450775607916026,8346.0,247.0,164.0,0.03456043967622768
2015-16,E92000001,England,England,National,65-70,B,275.0,7.733408323959505,158.0,6.0,3.0,0.0843644544431946
2015-16,E92000001,England,England,National,65-70,C1,13308.0,3.1798675294140133,6783.0,197.0,113.0,0.027000678601125906
2015-16,E92000001,England,England,National,65-70,C2,2070.0,5.058898284373625,1094.0,37.0,35.0,0.08553692751356372
2015-16,E92000001,England,England,National,65-70,D,150.0,98.68421052631578,21.0,1.0,7.0,4.605263157894736
2015-16,E92000001,England,England,National,65-70,E,76.0,7.723577235772358,41.0,0.0,1.0,0.10162601626016261
2015-16,E92000001,England,England,National,65-70,F1,286.0,3.9656128674431503,153.0,3.0,3.0,0.04159733777038269
2015-16,E92000001,England,England,National,65-70,F2,92.0,5.668515095502157,51.0,1.0,0.0,0.0
2015-16,E92000001,England,England,National,Over 70,A,4.0,3.418803418803419,1.0,0.0,0.0,0.0
2015-16,E92000001,England,England,National,Over 70,A to F2,5701.0,4.048171896413381,3057.0,86.0,54.0,0.03834437509319813
2015-16,E92000001,England,England,National,Over 70,B,40.0,11.494252873563218,23.0,2.0,2.0,0.5747126436781609
2015-16,E92000001,England,England,National,Over 70,C1,2001.0,3.334277573192475,1050.0,34.0,12.0,0.019995667605352173
2015-16,E92000001,England,England,National,Over 70,C2,350.0,5.109489051094891,185.0,4.0,6.0,0.0875912408759124
2015-16,E92000001,England,England,National,Over 70,D,82.0,96.47058823529412,10.0,0.0,4.0,4.705882352941177
2015-16,E92000001,England,England,National,Over 70,E,120.0,6.553795740032769,62.0,3.0,0.0,0.0
2015-16,E92000001,England,England,National,Over 70,F1,2116.0,3.724696356275304,1143.0,29.0,22.0,0.03872557648301356
2015-16,E92000001,England,England,National,Over 70,F2,988.0,6.686971235194586,583.0,14.0,8.0,0.05414551607445009
2016-17,E92000001,England,England,National,45 and over,A,22318.0,7.6043735881072205,10142.0,453.0,195.0,0.0664420131589259
2016-17,E92000001,England,England,National,45 and over,A to F2,89104.0,4.051393553162718,40255.0,1443.0,724.0,0.03291893666378398
2016-17,E92000001,England,England,National,45 and over,B,5957.0,8.023435921610883,2849.0,114.0,59.0,0.07946663074954542
2016-17,E92000001,England,England,National,45 and over,C1,48201.0,3.0533591955515633,21347.0,665.0,342.0,0.021664464323948352
2016-17,E92000001,England,England,National,45 and over,C2,6459.0,4.631136668363579,3082.0,120.0,52.0,0.03728427105665058
2016-17,E92000001,England,England,National,45 and over,D,754.0,95.80686149936467,118.0,11.0,33.0,4.193138500635324
2016-17,E92000001,England,England,National,45 and over,E,1478.0,8.050108932461873,659.0,31.0,11.0,0.05991285403050109
2016-17,E92000001,England,England,National,45 and over,F1,3023.0,3.8119136487440732,1559.0,38.0,27.0,0.03404620195702613
2016-17,E92000001,England,England,National,45 and over,F2,914.0,6.066640116819328,499.0,11.0,5.0,0.03318730917297225
2016-17,E92000001,England,England,National,45-49,A,11265.0,7.49162055756544,4905.0,245.0,89.0,0.059188125133007016
2016-17,E92000001,England,England,National,45-49,A to F2,12604.0,7.216719152590896,5357.0,268.0,100.0,0.057257371886630395
2016-17,E92000001,England,England,National,45-49,B,275.0,9.08790482485129,103.0,7.0,4.0,0.13218770654329146
2016-17,E92000001,England,England,National,45-49,C1,698.0,4.018885306310456,217.0,11.0,3.0,0.017273146015660986
2016-17,E92000001,England,England,National,45-49,C2,26.0,4.924242424242424,9.0,2.0,0.0,0.0
2016-17,E92000001,England,England,National,45-49,D,69.0,97.1830985915493,14.0,0.0,3.0,4.225352112676056
2016-17,E92000001,England,England,National,45-49,E,262.0,8.208020050125313,108.0,3.0,1.0,0.03132832080200501
2016-17,E92000001,England,England,National,45-49,F1,8.0,8.51063829787234,1.0,0.0,0.0,0.0
2016-17,E92000001,England,England,National,45-49,F2,1.0,33.33333333333333,0.0,0.0,0.0,0.0
2016-17,E92000001,England,England,National,45-74,A,22318.0,7.6043735881072205,10142.0,453.0,195.0,0.0664420131589259
2016-17,E92000001,England,England,National,45-74,A to F2,87359.0,4.043873942266743,39291.0,1422.0,707.0,0.032727239061603124
2016-17,E92000001,England,England,National,45-74,B,5957.0,8.023435921610883,2849.0,114.0,59.0,0.07946663074954542
2016-17,E92000001,England,England,National,45-74,C1,48201.0,3.0533591955515633,21347.0,665.0,342.0,0.021664464323948352
2016-17,E92000001,England,England,National,45-74,C2,6459.0,4.631169874092982,3082.0,120.0,52.0,0.03728453838873433
2016-17,E92000001,England,England,National,45-74,D,733.0,95.81699346405229,115.0,10.0,32.0,4.183006535947712
2016-17,E92000001,England,England,National,45-74,E,1418.0,8.10007997258083,624.0,29.0,11.0,0.0628355992231235
2016-17,E92000001,England,England,National,45-74,F1,1904.0,3.8833367326126864,941.0,27.0,16.0,0.03263308178666123
2016-17,E92000001,England,England,National,45-74,F2,369.0,5.157232704402516,191.0,4.0,0.0,0.0
2016-17,E92000001,England,England,National,50-52,A,10074.0,7.7086123120480545,4779.0,201.0,95.0,0.07269388223591078
2016-17,E92000001,England,England,National,50-52,A to F2,18512.0,5.796447984769921,7845.0,352.0,156.0,0.04884647178176899
2016-17,E92000001,England,England,National,50-52,B,1893.0,7.826841974696105,823.0,42.0,15.0,0.06201935003721162
2016-17,E92000001,England,England,National,50-52,C1,5458.0,3.633990931667921,1834.0,83.0,32.0,0.021305919716631268
2016-17,E92000001,England,England,National,50-52,C2,228.0,4.727348123574539,82.0,7.0,1.0,0.02073398299813394
2016-17,E92000001,England,England,National,50-52,D,159.0,97.54601226993866,21.0,2.0,8.0,4.9079754601226995
2016-17,E92000001,England,England,National,50-52,E,602.0,8.339105139215958,273.0,16.0,5.0,0.06926167059149467
2016-17,E92000001,England,England,National,50-52,F1,93.0,4.505813953488372,31.0,1.0,0.0,0.0
2016-17,E92000001,England,England,National,50-52,F2,5.0,14.285714285714285,2.0,0.0,0.0,0.0
2016-17,E92000001,England,England,National,50<71,A,11037.0,7.7194234037642415,5231.0,208.0,106.0,0.07413779838715318
2016-17,E92000001,England,England,National,50<71,A to F2,70944.0,3.7625575038477326,31887.0,1104.0,582.0,0.030866718358696723
2016-17,E92000001,England,England,National,50<71,B,5654.0,7.9764121663563,2725.0,106.0,54.0,0.07618080243778569
2016-17,E92000001,England,England,National,50<71,C1,45353.0,3.0283666064372072,20000.0,630.0,326.0,0.021768075181322726
2016-17,E92000001,England,England,National,50<71,C2,6047.0,4.58425569336204,2846.0,114.0,48.0,0.03638899839281924
2016-17,E92000001,England,England,National,50<71,D,620.0,95.67901234567901,93.0,9.0,27.0,4.166666666666666
2016-17,E92000001,England,England,National,50<71,E,1103.0,8.085917454732058,490.0,24.0,9.0,0.06597756762700682
2016-17,E92000001,England,England,National,50<71,F1,908.0,3.814484960510839,391.0,12.0,12.0,0.050411695513359105
2016-17,E92000001,England,England,National,50<71,F2,222.0,5.470675209462789,111.0,1.0,0.0,0.0
2016-17,E92000001,England,England,National,53-54,A,288.0,8.064967796135535,130.0,3.0,4.0,0.11201344161299356
2016-17,E92000001,England,England,National,53-54,A to F2,7805.0,3.8765272673090294,3151.0,110.0,71.0,0.035263732988973874
2016-17,E92000001,England,England,National,53-54,B,1534.0,7.891758411359192,763.0,32.0,19.0,0.09774668175738244
2016-17,E92000001,England,England,National,53-54,C1,5325.0,3.2081018881110457,2020.0,67.0,42.0,0.025303338835805426
2016-17,E92000001,England,England,National,53-54,C2,296.0,4.0872687103010215,113.0,7.0,2.0,0.027616680475006903
2016-17,E92000001,England,England,National,53-54,D,80.0,93.02325581395348,10.0,0.0,1.0,1.1627906976744187
2016-17,E92000001,England,England,National,53-54,E,165.0,7.742843735335524,67.0,1.0,2.0,0.09385265133740028
2016-17,E92000001,England,England,National,53-54,F1,111.0,3.997119193374145,45.0,0.0,1.0,0.036010082823190494
2016-17,E92000001,England,England,National,53-54,F2,6.0,5.5045871559633035,3.0,0.0,0.0,0.0
2016-17,E92000001,England,England,National,55-59,A,350.0,8.05523590333717,158.0,2.0,3.0,0.06904487917146145
2016-17,E92000001,England,England,National,55-59,A to F2,15038.0,3.1507710358699295,6515.0,219.0,116.0,0.02430439155212873
2016-17,E92000001,England,England,National,55-59,B,1421.0,7.935001116819299,733.0,18.0,12.0,0.06700915791824882
2016-17,E92000001,England,England,National,55-59,C1,10999.0,2.719045182279113,4674.0,161.0,75.0,0.01854062993644272
2016-17,E92000001,England,England,National,55-59,C2,1652.0,4.118879026628104,726.0,28.0,14.0,0.03490575446295004
2016-17,E92000001,England,England,National,55-59,D,117.0,94.35483870967742,24.0,2.0,7.0,5.64516129032258
2016-17,E92000001,England,England,National,55-59,E,177.0,7.894736842105263,75.0,3.0,2.0,0.08920606601248886
2016-17,E92000001,England,England,National,55-59,F1,266.0,3.861788617886179,101.0,4.0,3.0,0.04355400696864112
2016-17,E92000001,England,England,National,55-59,F2,56.0,4.878048780487805,24.0,1.0,0.0,0.0
2016-17,E92000001,England,England,National,60-64,A,184.0,7.389558232931727,81.0,1.0,2.0,0.08032128514056225
2016-17,E92000001,England,England,National,60-64,A to F2,13126.0,3.2175669448066913,6183.0,180.0,102.0,0.02500318668065538
2016-17,E92000001,England,England,National,60-64,B,509.0,8.525963149078727,259.0,8.0,5.0,0.08375209380234507
2016-17,E92000001,England,England,National,60-64,C1,10204.0,2.886889605613082,4788.0,128.0,76.0,0.02150172579641261
2016-17,E92000001,England,England,National,60-64,C2,1760.0,4.598542053144515,870.0,38.0,10.0,0.02612807984741201
2016-17,E92000001,England,England,National,60-64,D,110.0,94.82758620689656,20.0,1.0,5.0,4.310344827586207
2016-17,E92000001,England,England,National,60-64,E,89.0,7.725694444444445,40.0,1.0,0.0,0.0
2016-17,E92000001,England,England,National,60-64,F1,194.0,3.7611477316789452,85.0,3.0,4.0,0.07754943776657619
2016-17,E92000001,England,England,National,60-64,F2,76.0,5.718585402558315,40.0,0.0,0.0,0.0
2016-17,E92000001,England,England,National,65-70,A,141.0,7.4761399787910925,83.0,1.0,2.0,0.10604453870625664
2016-17,E92000001,England,England,National,65-70,A to F2,16463.0,3.4327237848996015,8193.0,243.0,137.0,0.028566066848766655
2016-17,E92000001,England,England,National,65-70,B,297.0,8.781785925487878,147.0,6.0,3.0,0.08870490833826139
2016-17,E92000001,England,England,National,65-70,C1,13367.0,3.1566891014287406,6684.0,191.0,101.0,0.02385169441492502
2016-17,E92000001,England,England,National,65-70,C2,2111.0,5.091409001012976,1055.0,34.0,21.0,0.05064878684096281
2016-17,E92000001,England,England,National,65-70,D,154.0,96.85534591194968,18.0,4.0,6.0,3.7735849056603774
2016-17,E92000001,England,England,National,65-70,E,70.0,7.803790412486064,35.0,3.0,0.0,0.0
2016-17,E92000001,England,England,National,65-70,F1,244.0,3.5275408414052336,129.0,4.0,4.0,0.05782853838369235
2016-17,E92000001,England,England,National,65-70,F2,79.0,5.497564370215727,42.0,0.0,0.0,0.0
2016-17,E92000001,England,England,National,Over 70,A,16.0,11.11111111111111,6.0,0.0,0.0,0.0
2016-17,E92000001,England,England,National,Over 70,A to F2,5556.0,3.9923544543925957,3011.0,71.0,42.0,0.03017978529238463
2016-17,E92000001,England,England,National,Over 70,B,28.0,8.358208955223882,21.0,1.0,1.0,0.2985074626865672
2016-17,E92000001,England,England,National,Over 70,C1,2150.0,3.3779537456008044,1130.0,24.0,13.0,0.02042483660130719
2016-17,E92000001,England,England,National,Over 70,C2,386.0,5.488411773069814,227.0,4.0,4.0,0.05687473339968719
2016-17,E92000001,England,England,National,Over 70,D,65.0,95.58823529411765,11.0,2.0,3.0,4.411764705882353
2016-17,E92000001,England,England,National,Over 70,E,113.0,7.400130975769483,61.0,4.0,1.0,0.06548788474132286
2016-17,E92000001,England,England,National,Over 70,F1,2107.0,3.802837237844277,1167.0,26.0,15.0,0.02707288019348085
2016-17,E92000001,England,England,National,Over 70,F2,691.0,6.278964107223989,388.0,10.0,5.0,0.045433893684688774
2017-18,E92000001,England,England,National,45 and over,A,19410.0,7.266533141156431,8926.0,365.0,144.0,0.053909364880295
2017-18,E92000001,England,England,National,45 and over,A to F2,84317.0,3.942932070851848,38443.0,1265.0,651.0,0.030442838076835666
2017-18,E92000001,England,England,National,45 and over,B,5401.0,7.531199888447326,2644.0,90.0,57.0,0.0794812800669316
2017-18,E92000001,England,England,National,45 and over,C1,47214.0,3.057887690923681,21050.0,629.0,336.0,0.021761559371168655
2017-18,E92000001,England,England,National,45 and over,C2,6163.0,4.5050840271635435,2950.0,85.0,50.0,0.03654944042806705
2017-18,E92000001,England,England,National,45 and over,D,629.0,97.0679012345679,103.0,9.0,20.0,3.0864197530864197
2017-18,E92000001,England,England,National,45 and over,E,1343.0,7.483144815289464,605.0,25.0,14.0,0.07800746642892963
2017-18,E92000001,England,England,National,45 and over,F1,3232.0,3.803561131182846,1654.0,44.0,22.0,0.02589057700681393
2017-18,E92000001,England,England,National,45 and over,F2,925.0,6.074336748095614,511.0,18.0,8.0,0.052534804307853955
2017-18,E92000001,England,England,National,45-49,A,9644.0,7.135458285240759,4252.0,180.0,71.0,0.05253188907632662
2017-18,E92000001,England,England,National,45-49,A to F2,10944.0,6.832910854987951,4724.0,198.0,82.0,0.051196883233645095
2017-18,E92000001,England,England,National,45-49,B,277.0,7.838143746462932,101.0,3.0,4.0,0.11318619128466327
2017-18,E92000001,England,England,National,45-49,C1,718.0,4.0303115352231265,252.0,10.0,5.0,0.028066236317709797
2017-18,E92000001,England,England,National,45-49,C2,23.0,4.8832271762208075,6.0,2.0,0.0,0.0
2017-18,E92000001,England,England,National,45-49,D,56.0,93.33333333333333,9.0,0.0,1.0,1.6666666666666667
2017-18,E92000001,England,England,National,45-49,E,219.0,7.242063492063493,99.0,3.0,1.0,0.03306878306878307
2017-18,E92000001,England,England,National,45-49,F1,7.0,6.730769230769231,5.0,0.0,0.0,0.0
2017-18,E92000001,England,England,National,45-49,F2,0.0,0.0,0.0,0.0,0.0,0.0
2017-18,E92000001,England,England,National,45-74,A,19410.0,7.266533141156431,8926.0,365.0,144.0,0.053909364880295
2017-18,E92000001,England,England,National,45-74,A to F2,82418.0,3.931764437610944,37405.0,1234.0,639.0,0.030483601587437133
2017-18,E92000001,England,England,National,45-74,B,5401.0,7.531304905597233,2644.0,90.0,57.0,0.07948238837604932
2017-18,E92000001,England,England,National,45-74,C1,47213.0,3.057842728969033,21049.0,629.0,336.0,0.02176170031418455
2017-18,E92000001,England,England,National,45-74,C2,6163.0,4.505347495851396,2950.0,85.0,50.0,0.03655157793161931
2017-18,E92000001,England,England,National,45-74,D,608.0,97.59229534510433,98.0,9.0,19.0,3.0497592295345104
2017-18,E92000001,England,England,National,45-74,E,1272.0,7.491607279580659,565.0,24.0,14.0,0.08245479710230284
2017-18,E92000001,England,England,National,45-74,F1,1948.0,3.7700793497193725,963.0,25.0,16.0,0.030965744145538994
2017-18,E92000001,England,England,National,45-74,F2,403.0,5.5069691172451485,210.0,7.0,3.0,0.04099480732440558
2017-18,E92000001,England,England,National,50-52,A,8811.0,7.362624506985761,4238.0,168.0,56.0,0.04679457182966776
2017-18,E92000001,England,England,National,50-52,A to F2,16753.0,5.536790756702448,7211.0,273.0,131.0,0.043294907725662315
2017-18,E92000001,England,England,National,50-52,B,1810.0,7.314313424391821,861.0,28.0,21.0,0.08486219995150732
2017-18,E92000001,England,England,National,50-52,C1,5178.0,3.5907464425397357,1788.0,64.0,44.0,0.030512329755069206
2017-18,E92000001,England,England,National,50-52,C2,196.0,4.004085801838611,61.0,0.0,0.0,0.0
2017-18,E92000001,England,England,National,50-52,D,131.0,100.0,18.0,3.0,3.0,2.2900763358778624
2017-18,E92000001,England,England,National,50-52,E,540.0,7.907453507102065,214.0,9.0,6.0,0.08786059452335628
2017-18,E92000001,England,England,National,50-52,F1,82.0,4.0215792054928885,29.0,1.0,1.0,0.04904364884747425
2017-18,E92000001,England,England,National,50-52,F2,5.0,8.333333333333332,2.0,0.0,0.0,0.0
2017-18,E92000001,England,England,National,50<71,A,9759.0,7.40294023940649,4671.0,185.0,73.0,0.05537602597363191
2017-18,E92000001,England,England,National,50<71,A to F2,67604.0,3.6862027487848796,30625.0,984.0,531.0,0.028953518425015843
2017-18,E92000001,England,England,National,50<71,B,5091.0,7.501657702792308,2521.0,84.0,53.0,0.07809622043763353
2017-18,E92000001,England,England,National,50<71,C1,44354.0,3.0313903429365405,19657.0,590.0,317.0,0.021665480874574636
2017-18,E92000001,England,England,National,50<71,C2,5766.0,4.48116140263616,2741.0,79.0,49.0,0.03808132305396668
2017-18,E92000001,England,England,National,50<71,D,518.0,98.292220113852,81.0,9.0,16.0,3.0360531309297913
2017-18,E92000001,England,England,National,50<71,E,1016.0,7.68997880714502,444.0,20.0,13.0,0.09839539812291856
2017-18,E92000001,England,England,National,50<71,F1,883.0,3.590890605937373,403.0,13.0,7.0,0.028466856445709638
2017-18,E92000001,England,England,National,50<71,F2,217.0,5.260606060606061,107.0,4.0,3.0,0.07272727272727272
2017-18,E92000001,England,England,National,53-54,A,278.0,8.079046788724208,122.0,4.0,3.0,0.08718395815170009
2017-18,E92000001,England,England,National,53-54,A to F2,7776.0,3.78652123100896,3235.0,124.0,68.0,0.033112582781456956
2017-18,E92000001,England,England,National,53-54,B,1339.0,7.44923504867872,662.0,32.0,12.0,0.06675938803894298
2017-18,E92000001,England,England,National,53-54,C1,5386.0,3.173480871322598,2145.0,73.0,43.0,0.02533599655901814
2017-18,E92000001,England,England,National,53-54,C2,411.0,4.568697198755002,169.0,4.0,4.0,0.044464206313917294
2017-18,E92000001,England,England,National,53-54,D,79.0,98.75,4.0,1.0,2.0,2.5
2017-18,E92000001,England,England,National,53-54,E,145.0,7.132316773241515,67.0,4.0,3.0,0.14756517461878996
2017-18,E92000001,England,England,National,53-54,F1,129.0,4.380305602716469,61.0,5.0,1.0,0.03395585738539898
2017-18,E92000001,England,England,National,53-54,F2,9.0,5.263157894736842,5.0,1.0,0.0,0.0
2017-18,E92000001,England,England,National,55-59,A,336.0,7.819408889923202,165.0,6.0,10.0,0.23272050267628577
2017-18,E92000001,England,England,National,55-59,A to F2,14694.0,3.1412538079204744,6340.0,211.0,111.0,0.023729357062690394
2017-18,E92000001,England,England,National,55-59,B,1214.0,7.223610615256456,607.0,16.0,8.0,0.04760204688801618
2017-18,E92000001,England,England,National,55-59,C1,10987.0,2.765166005597278,4615.0,153.0,65.0,0.016358950611069727
2017-18,E92000001,England,England,National,55-59,C2,1571.0,4.064788222204973,720.0,25.0,18.0,0.046573003182488554
2017-18,E92000001,England,England,National,55-59,D,113.0,97.41379310344827,16.0,3.0,2.0,1.7241379310344827
2017-18,E92000001,England,England,National,55-59,E,197.0,8.382978723404255,98.0,5.0,2.0,0.0851063829787234
2017-18,E92000001,England,England,National,55-59,F1,214.0,3.028159049101457,87.0,1.0,5.0,0.07075137965190322
2017-18,E92000001,England,England,National,55-59,F2,62.0,5.37261698440208,32.0,2.0,1.0,0.08665511265164644
2017-18,E92000001,England,England,National,60-64,A,199.0,7.909379968203497,87.0,6.0,3.0,0.11923688394276628
2017-18,E92000001,England,England,National,60-64,A to F2,12559.0,3.145325088719756,5840.0,159.0,100.0,0.025044391183372528
2017-18,E92000001,England,England,National,60-64,B,456.0,8.534531162268388,235.0,5.0,9.0,0.16844469399213924
2017-18,E92000001,England,England,National,60-64,C1,9810.0,2.8308257007808577,4558.0,123.0,76.0,0.02193096363499951
2017-18,E92000001,England,England,National,60-64,C2,1652.0,4.470180755493018,778.0,22.0,8.0,0.021647364433380237
2017-18,E92000001,England,England,National,60-64,D,81.0,96.42857142857143,20.0,0.0,1.0,1.1904761904761905
2017-18,E92000001,England,England,National,60-64,E,74.0,6.59536541889483,37.0,2.0,2.0,0.17825311942959002
2017-18,E92000001,England,England,National,60-64,F1,213.0,3.888280394304491,91.0,1.0,0.0,0.0
2017-18,E92000001,England,England,National,60-64,F2,74.0,5.92,34.0,0.0,1.0,0.08
2017-18,E92000001,England,England,National,65-70,A,135.0,7.105263157894736,59.0,1.0,1.0,0.05263157894736842
2017-18,E92000001,England,England,National,65-70,A to F2,15822.0,3.447269114455784,7999.0,217.0,121.0,0.02636326398996017
2017-18,E92000001,England,England,National,65-70,B,272.0,9.081803005008346,156.0,3.0,3.0,0.10016694490818029
2017-18,E92000001,England,England,National,65-70,C1,12993.0,3.2053306229585847,6551.0,177.0,89.0,0.021956009038968216
2017-18,E92000001,England,England,National,65-70,C2,1936.0,4.9418011027159485,1013.0,28.0,19.0,0.04849908107004289
2017-18,E92000001,England,England,National,65-70,D,114.0,98.27586206896551,23.0,2.0,8.0,6.896551724137931
2017-18,E92000001,England,England,National,65-70,E,60.0,6.83371298405467,28.0,0.0,0.0,0.0
2017-18,E92000001,England,England,National,65-70,F1,245.0,3.4697634895907097,135.0,5.0,0.0,0.0
2017-18,E92000001,England,England,National,65-70,F2,67.0,4.496644295302014,34.0,1.0,1.0,0.06711409395973154
2017-18,E92000001,England,England,National,Over 70,A,7.0,5.263157894736842,3.0,0.0,0.0,0.0
2017-18,E92000001,England,England,National,Over 70,A to F2,5769.0,3.998087238554618,3094.0,83.0,38.0,0.026335121349467062
2017-18,E92000001,England,England,National,Over 70,B,33.0,10.443037974683545,22.0,3.0,0.0,0.0
2017-18,E92000001,England,England,National,Over 70,C1,2142.0,3.3981121599111606,1141.0,29.0,14.0,0.02220988339811216
2017-18,E92000001,England,England,National,Over 70,C2,374.0,4.883781666231392,203.0,4.0,1.0,0.013058239749281797
2017-18,E92000001,England,England,National,Over 70,D,55.0,90.1639344262295,13.0,0.0,3.0,4.918032786885246
2017-18,E92000001,England,England,National,Over 70,E,108.0,6.312098188194039,62.0,2.0,0.0,0.0
2017-18,E92000001,England,England,National,Over 70,F1,2342.0,3.8852668425156356,1246.0,31.0,15.0,0.024884288060518588
2017-18,E92000001,England,England,National,Over 70,F2,708.0,6.377803801459328,404.0,14.0,5.0,0.04504098729844158
2018-19,E92000001,England,England,National,45 and over,A,18171.0,6.982535016427461,8575.0,309.0,147.0,0.05648740561415643
2018-19,E92000001,England,England,National,45 and over,A to F2,84559.0,3.7842233255195534,40208.0,1125.0,619.0,0.027701773181998412
2018-19,E92000001,England,England,National,45 and over,B,5412.0,7.247599533968101,2674.0,70.0,59.0,0.07901115530379119
2018-19,E92000001,England,England,National,45 and over,C1,46542.0,2.9297789729721564,21623.0,554.0,273.0,0.01718511580124186
2018-19,E92000001,England,England,National,45 and over,C2,7154.0,4.45907116188909,3760.0,94.0,63.0,0.039267749957927416
2018-19,E92000001,England,England,National,45 and over,D,568.0,97.26027397260275,76.0,8.0,19.0,3.2534246575342465
2018-19,E92000001,England,England,National,45 and over,E,1586.0,7.366123264130787,766.0,22.0,21.0,0.09753378849101296
2018-19,E92000001,England,England,National,45 and over,F1,3897.0,3.649730742214938,2025.0,51.0,25.0,0.023413720440177945
2018-19,E92000001,England,England,National,45 and over,F2,1229.0,5.664899746485365,709.0,17.0,12.0,0.05531228393639087
2018-19,E92000001,England,England,National,45-49,A,8532.0,6.712296436157658,3911.0,145.0,68.0,0.053496971127369994
2018-19,E92000001,England,England,National,45-49,A to F2,9535.0,6.418671028804922,4293.0,158.0,76.0,0.051160880774952705
2018-19,E92000001,England,England,National,45-49,B,211.0,7.033333333333333,97.0,4.0,2.0,0.06666666666666667
2018-19,E92000001,England,England,National,45-49,C1,529.0,3.5116834838024427,193.0,7.0,3.0,0.019915029208709505
2018-19,E92000001,England,England,National,45-49,C2,19.0,4.679802955665025,8.0,0.0,1.0,0.24630541871921183
2018-19,E92000001,England,England,National,45-49,D,45.0,95.74468085106383,5.0,1.0,0.0,0.0
2018-19,E92000001,England,England,National,45-49,E,191.0,6.806842480399144,77.0,1.0,2.0,0.07127583749109052
2018-19,E92000001,England,England,National,45-49,F1,8.0,7.017543859649122,2.0,0.0,0.0,0.0
2018-19,E92000001,England,England,National,45-49,F2,0.0,0.0,0.0,0.0,0.0,0.0
2018-19,E92000001,England,England,National,45-74,A,18168.0,6.981891966673841,8573.0,309.0,147.0,0.05649153011344422
2018-19,E92000001,England,England,National,45-74,A to F2,81446.0,3.753475995468878,38416.0,1092.0,589.0,0.02714433319415526
2018-19,E92000001,England,England,National,45-74,B,5404.0,7.244744744744745,2669.0,70.0,59.0,0.0790969540969541
2018-19,E92000001,England,England,National,45-74,C1,46538.0,2.9296083195890565,21620.0,554.0,273.0,0.017185591801276646
2018-19,E92000001,England,England,National,45-74,C2,6350.0,4.265667089874583,3290.0,88.0,58.0,0.038961998616177294
2018-19,E92000001,England,England,National,45-74,D,552.0,97.35449735449735,74.0,8.0,16.0,2.821869488536155
2018-19,E92000001,England,England,National,45-74,E,1509.0,7.479553903345725,720.0,21.0,20.0,0.09913258983890955
2018-19,E92000001,England,England,National,45-74,F1,2416.0,3.6135207897098414,1205.0,35.0,12.0,0.017947950942267425
2018-19,E92000001,England,England,National,45-74,F2,509.0,5.055119674247691,265.0,7.0,4.0,0.039725891349687154
2018-19,E92000001,England,England,National,50-52,A,8651.0,7.182173663979544,4207.0,146.0,68.0,0.056454491868062534
2018-19,E92000001,England,England,National,50-52,A to F2,16257.0,5.29550873627018,7205.0,250.0,125.0,0.04071714289436996
2018-19,E92000001,England,England,National,50-52,B,1790.0,6.936640186010464,833.0,25.0,14.0,0.05425305173416005
2018-19,E92000001,England,England,National,50-52,C1,4743.0,3.2693885147477473,1744.0,64.0,26.0,0.017922011676879915
2018-19,E92000001,England,England,National,50-52,C2,211.0,3.9468761690983913,82.0,0.0,1.0,0.018705574261129815
2018-19,E92000001,England,England,National,50-52,D,118.0,99.15966386554622,17.0,3.0,4.0,3.361344537815126
2018-19,E92000001,England,England,National,50-52,E,627.0,8.097636574970942,293.0,12.0,10.0,0.12914890869172155
2018-19,E92000001,England,England,National,50-52,F1,112.0,4.71976401179941,26.0,0.0,2.0,0.08428150021070376
2018-19,E92000001,England,England,National,50-52,F2,5.0,5.813953488372093,3.0,0.0,0.0,0.0
2018-19,E92000001,England,England,National,50<71,A,9628.0,7.241983647618976,4659.0,164.0,79.0,0.05942217575424793
2018-19,E92000001,England,England,National,50<71,A to F2,66050.0,3.5363480901578694,30887.0,857.0,470.0,0.025164021232009063
2018-19,E92000001,England,England,National,50<71,B,5144.0,7.23467694298332,2543.0,66.0,55.0,0.07735366093780766
2018-19,E92000001,England,England,National,50<71,C1,42907.0,2.894342045972732,19722.0,504.0,253.0,0.017066411952154685
2018-19,E92000001,England,England,National,50<71,C2,5328.0,4.092700275765653,2682.0,77.0,47.0,0.036103024204389204
2018-19,E92000001,England,England,National,50<71,D,465.0,98.10126582278481,65.0,7.0,12.0,2.5316455696202533
2018-19,E92000001,England,England,National,50<71,E,1258.0,7.738205080888233,611.0,18.0,18.0,0.11072153533862336
2018-19,E92000001,England,England,National,50<71,F1,1022.0,3.561844352281044,455.0,16.0,4.0,0.013940682396403304
2018-19,E92000001,England,England,National,50<71,F2,298.0,5.278072972015586,150.0,5.0,2.0,0.035423308537017355
2018-19,E92000001,England,England,National,53-54,A,270.0,7.502083912197833,131.0,3.0,4.0,0.11114198388441232
2018-19,E92000001,England,England,National,53-54,A to F2,7562.0,3.5537217269527375,3120.0,88.0,48.0,0.02255734500049344
2018-19,E92000001,England,England,National,53-54,B,1238.0,6.902704209645943,604.0,14.0,11.0,0.06133258990800111
2018-19,E92000001,England,England,National,53-54,C1,5263.0,3.01817326826359,2062.0,65.0,25.0,0.014336753126845857
2018-19,E92000001,England,England,National,53-54,C2,389.0,3.697015776468352,171.0,3.0,4.0,0.038015586390420075
2018-19,E92000001,England,England,National,53-54,D,62.0,100.0,7.0,0.0,1.0,1.6129032258064515
2018-19,E92000001,England,England,National,53-54,E,204.0,7.925407925407925,94.0,2.0,3.0,0.11655011655011654
2018-19,E92000001,England,England,National,53-54,F1,129.0,3.7697253068381062,48.0,1.0,0.0,0.0
2018-19,E92000001,England,England,National,53-54,F2,7.0,2.3333333333333335,3.0,0.0,0.0,0.0
2018-19,E92000001,England,England,National,55-59,A,364.0,8.259587020648967,159.0,4.0,4.0,0.09076469253460404
2018-19,E92000001,England,England,National,55-59,A to F2,14578.0,3.0629074719562643,6571.0,178.0,119.0,0.025002468731156226
2018-19,E92000001,England,England,National,55-59,B,1329.0,7.438710399641778,690.0,16.0,19.0,0.10634725176312548
2018-19,E92000001,England,England,National,55-59,C1,10731.0,2.6725542057052345,4767.0,132.0,72.0,0.017931590980409737
2018-19,E92000001,England,England,National,55-59,C2,1416.0,3.6667788797679775,650.0,16.0,15.0,0.03884299660771163
2018-19,E92000001,England,England,National,55-59,D,109.0,97.32142857142857,16.0,2.0,4.0,3.571428571428571
2018-19,E92000001,England,England,National,55-59,E,251.0,7.8980490874764,127.0,2.0,3.0,0.09439899307740718
2018-19,E92000001,England,England,National,55-59,F1,301.0,3.5093855660487354,131.0,5.0,2.0,0.023318176518596245
2018-19,E92000001,England,England,National,55-59,F2,77.0,4.610778443113772,31.0,1.0,0.0,0.0
2018-19,E92000001,England,England,National,60-64,A,201.0,7.502799552071669,99.0,6.0,1.0,0.03732736095558044
2018-19,E92000001,England,England,National,60-64,A to F2,12366.0,3.021285328955084,6022.0,161.0,65.0,0.015880927250693875
2018-19,E92000001,England,England,National,60-64,B,483.0,7.940161104718067,250.0,7.0,6.0,0.09863554167351635
2018-19,E92000001,England,England,National,60-64,C1,9704.0,2.7439946839344542,4661.0,106.0,44.0,0.012441855533091096
2018-19,E92000001,England,England,National,60-64,C2,1452.0,3.9367730390694895,761.0,31.0,9.0,0.02440148577935634
2018-19,E92000001,England,England,National,60-64,D,81.0,98.78048780487805,12.0,1.0,2.0,2.4390243902439024
2018-19,E92000001,England,England,National,60-64,E,105.0,6.653992395437262,57.0,2.0,2.0,0.12674271229404308
2018-19,E92000001,England,England,National,60-64,F1,238.0,3.5575485799701045,130.0,6.0,0.0,0.0
2018-19,E92000001,England,England,National,60-64,F2,102.0,6.159420289855073,52.0,2.0,1.0,0.06038647342995169
2018-19,E92000001,England,England,National,65-70,A,142.0,7.840971838763114,63.0,5.0,2.0,0.11043622308117064
2018-19,E92000001,England,England,National,65-70,A to F2,15287.0,3.3037971947872316,7969.0,180.0,113.0,0.024421343822264487
2018-19,E92000001,England,England,National,65-70,B,304.0,8.907119835921478,166.0,4.0,5.0,0.1464986815118664
2018-19,E92000001,England,England,National,65-70,C1,12466.0,3.05671823315507,6488.0,137.0,86.0,0.021087579660784214
2018-19,E92000001,England,England,National,65-70,C2,1860.0,4.7919618704109235,1018.0,27.0,18.0,0.046373824552363774
2018-19,E92000001,England,England,National,65-70,D,95.0,95.95959595959596,13.0,1.0,1.0,1.0101010101010102
2018-19,E92000001,England,England,National,65-70,E,71.0,5.996621621621621,40.0,0.0,0.0,0.0
2018-19,E92000001,England,England,National,65-70,F1,242.0,3.1712750622461012,120.0,4.0,0.0,0.0
2018-19,E92000001,England,England,National,65-70,F2,107.0,5.532574974146845,61.0,2.0,1.0,0.0517063081695967
2018-19,E92000001,England,England,National,Over 70,A,11.0,6.179775280898876,5.0,0.0,0.0,0.0
2018-19,E92000001,England,England,National,Over 70,A to F2,8974.0,4.112420205575185,5028.0,110.0,73.0,0.03345293904691202
2018-19,E92000001,England,England,National,Over 70,B,57.0,9.98248686514886,34.0,0.0,2.0,0.3502626970227671
2018-19,E92000001,England,England,National,Over 70,C1,3106.0,3.410338618296807,1708.0,43.0,17.0,0.01866572972023365
2018-19,E92000001,England,England,National,Over 70,C2,1807.0,6.054006968641115,1070.0,17.0,15.0,0.05025462342535513
2018-19,E92000001,England,England,National,Over 70,D,58.0,92.06349206349206,6.0,0.0,7.0,11.11111111111111
2018-19,E92000001,England,England,National,Over 70,E,137.0,5.551053484602917,78.0,3.0,1.0,0.04051863857374392
2018-19,E92000001,England,England,National,Over 70,F1,2867.0,3.67714959983583,1568.0,35.0,21.0,0.026934126821260007
2018-19,E92000001,England,England,National,Over 70,F2,931.0,5.80243066375818,559.0,12.0,10.0,0.06232471174820816
2019-20,E92000001,England,England,National,45 and over,A,16950.0,6.5363509808382725,7987.0,208.0,154.0,0.05938631569611174
2019-20,E92000001,England,England,National,45 and over,A to F2,76440.0,3.5995665827992136,36294.0,832.0,584.0,0.027500613348439833
2019-20,E92000001,England,England,National,45 and over,B,5064.0,6.9050151354004745,2522.0,54.0,64.0,0.087267173907115
2019-20,E92000001,England,England,National,45 and over,C1,43053.0,2.8087446666927622,20152.0,451.0,257.0,0.016766482692031678
2019-20,E92000001,England,England,National,45 and over,C2,5534.0,4.140882799697702,2788.0,55.0,45.0,0.033671797250884816
2019-20,E92000001,England,England,National,45 and over,D,560.0,98.41827768014059,73.0,6.0,21.0,3.690685413005272
2019-20,E92000001,England,England,National,45 and over,E,1084.0,6.604520806677634,500.0,13.0,8.0,0.04874185097179065
2019-20,E92000001,England,England,National,45 and over,F1,3167.0,3.527040270848183,1685.0,34.0,27.0,0.030069493941553813
2019-20,E92000001,England,England,National,45 and over,F2,1028.0,5.809550720542527,587.0,11.0,8.0,0.04521051144391071
2019-20,E92000001,England,England,National,45-49,A,7095.0,6.247358410819949,3230.0,86.0,64.0,0.05635390250774866
2019-20,E92000001,England,England,National,45-49,A to F2,7882.0,5.993734030904003,3525.0,95.0,70.0,0.05323031999026646
2019-20,E92000001,England,England,National,45-49,B,183.0,7.041169680646403,79.0,1.0,2.0,0.07695267410542517
2019-20,E92000001,England,England,National,45-49,C1,436.0,3.3030303030303028,156.0,5.0,1.0,0.007575757575757576
2019-20,E92000001,England,England,National,45-49,C2,14.0,4.895104895104895,5.0,0.0,0.0,0.0
2019-20,E92000001,England,England,National,45-49,D,28.0,100.0,4.0,1.0,2.0,7.142857142857142
2019-20,E92000001,England,England,National,45-49,E,124.0,7.081667618503712,50.0,1.0,1.0,0.05711022272986865
2019-20,E92000001,England,England,National,45-49,F1,2.0,2.8169014084507045,1.0,1.0,0.0,0.0
2019-20,E92000001,England,England,National,45-49,F2,0.0,0.0,0.0,0.0,0.0,0.0
2019-20,E92000001,England,England,National,45-74,A,16949.0,6.536015764489022,7986.0,208.0,154.0,0.059386773717110715
2019-20,E92000001,England,England,National,45-74,A to F2,74496.0,3.584604332263027,35159.0,812.0,565.0,0.027186714021271076
2019-20,E92000001,England,England,National,45-74,B,5064.0,6.9050151354004745,2522.0,54.0,64.0,0.087267173907115
2019-20,E92000001,England,England,National,45-74,C1,43053.0,2.8087464990974147,20152.0,451.0,257.0,0.016766493630363404
2019-20,E92000001,England,England,National,45-74,C2,5533.0,4.140537304497493,2787.0,55.0,45.0,0.033675072962658086
2019-20,E92000001,England,England,National,45-74,D,525.0,98.68421052631578,67.0,6.0,20.0,3.7593984962406015
2019-20,E92000001,England,England,National,45-74,E,1023.0,6.637684920840902,461.0,12.0,7.0,0.045419153906047234
2019-20,E92000001,England,England,National,45-74,F1,1948.0,3.5245160123032386,987.0,22.0,15.0,0.027139497014655324
2019-20,E92000001,England,England,National,45-74,F2,401.0,5.074022523092497,197.0,4.0,3.0,0.03796026825256232
2019-20,E92000001,England,England,National,50-52,A,8800.0,6.698433479988431,4279.0,114.0,78.0,0.05937247857262472
2019-20,E92000001,England,England,National,50-52,A to F2,15363.0,5.131125420830439,6929.0,188.0,127.0,0.04241703628493561
2019-20,E92000001,England,England,National,50-52,B,1665.0,6.717230806471135,802.0,13.0,18.0,0.07261871142130956
2019-20,E92000001,England,England,National,50-52,C1,4114.0,3.151331311088642,1549.0,51.0,22.0,0.016852039096730706
2019-20,E92000001,England,England,National,50-52,C2,192.0,4.013377926421405,88.0,1.0,0.0,0.0
2019-20,E92000001,England,England,National,50-52,D,116.0,97.47899159663865,10.0,1.0,3.0,2.5210084033613445
2019-20,E92000001,England,England,National,50-52,E,382.0,6.788697352052603,166.0,6.0,3.0,0.053314377110360765
2019-20,E92000001,England,England,National,50-52,F1,88.0,4.182509505703422,33.0,2.0,3.0,0.14258555133079848
2019-20,E92000001,England,England,National,50-52,F2,6.0,9.230769230769232,2.0,0.0,0.0,0.0
2019-20,E92000001,England,England,National,50<71,A,9809.0,6.75467228580479,4729.0,121.0,90.0,0.061975788125438996
2019-20,E92000001,England,England,National,50<71,A to F2,62657.0,3.4139494791924907,29491.0,679.0,464.0,0.025281653420133676
2019-20,E92000001,England,England,National,50<71,B,4843.0,6.881216254617789,2423.0,52.0,62.0,0.08809320829781188
2019-20,E92000001,England,England,National,50<71,C1,40379.0,2.782944908318372,18758.0,423.0,238.0,0.016403102805413024
2019-20,E92000001,England,England,National,50<71,C2,5198.0,4.088052787630455,2614.0,54.0,42.0,0.03303159235869163
2019-20,E92000001,England,England,National,50<71,D,445.0,98.45132743362832,56.0,5.0,15.0,3.3185840707964607
2019-20,E92000001,England,England,National,50<71,E,872.0,6.753407682775713,401.0,11.0,5.0,0.038723667905824044
2019-20,E92000001,England,England,National,50<71,F1,853.0,3.6585888912717133,390.0,10.0,10.0,0.04289084280506112
2019-20,E92000001,England,England,National,50<71,F2,258.0,5.212121212121213,120.0,3.0,2.0,0.0404040404040404
2019-20,E92000001,England,England,National,53-54,A,283.0,7.32970732970733,111.0,4.0,4.0,0.1036001036001036
2019-20,E92000001,England,England,National,53-54,A to F2,6979.0,3.4052041707530094,2893.0,80.0,56.0,0.027323604178559755
2019-20,E92000001,England,England,National,53-54,B,1119.0,6.439917127071823,552.0,14.0,15.0,0.08632596685082873
2019-20,E92000001,England,England,National,53-54,C1,4817.0,2.8664940938439107,1927.0,55.0,27.0,0.01606712487726502
2019-20,E92000001,England,England,National,53-54,C2,437.0,4.278860276118672,184.0,3.0,4.0,0.03916576911779105
2019-20,E92000001,England,England,National,53-54,D,62.0,100.0,4.0,1.0,2.0,3.225806451612903
2019-20,E92000001,England,England,National,53-54,E,142.0,6.489945155393053,64.0,2.0,2.0,0.09140767824497258
2019-20,E92000001,England,England,National,53-54,F1,100.0,3.428179636612959,44.0,1.0,2.0,0.06856359273225918
2019-20,E92000001,England,England,National,53-54,F2,19.0,6.5743944636678195,7.0,0.0,0.0,0.0
2019-20,E92000001,England,England,National,55-59,A,345.0,7.175540765391015,166.0,3.0,3.0,0.06239600665557404
2019-20,E92000001,England,England,National,55-59,A to F2,14115.0,2.936654398531985,6396.0,149.0,112.0,0.02330182732097643
2019-20,E92000001,England,England,National,55-59,B,1251.0,6.861562088635366,647.0,17.0,18.0,0.09872751206669592
2019-20,E92000001,England,England,National,55-59,C1,10516.0,2.583409284649154,4683.0,109.0,63.0,0.015476871903090215
2019-20,E92000001,England,England,National,55-59,C2,1409.0,3.637443205287071,675.0,15.0,18.0,0.046468401486988845
2019-20,E92000001,England,England,National,55-59,D,104.0,99.04761904761905,12.0,1.0,7.0,6.666666666666667
2019-20,E92000001,England,England,National,55-59,E,183.0,6.73289183222958,88.0,2.0,0.0,0.0
2019-20,E92000001,England,England,National,55-59,F1,243.0,3.270084779975777,101.0,1.0,3.0,0.04037141703673799
2019-20,E92000001,England,England,National,55-59,F2,64.0,4.102564102564102,24.0,1.0,0.0,0.0
2019-20,E92000001,England,England,National,60-64,A,227.0,7.591973244147157,103.0,0.0,5.0,0.16722408026755853
2019-20,E92000001,England,England,National,60-64,A to F2,12047.0,2.9575238011067086,5842.0,132.0,71.0,0.017430413370845547
2019-20,E92000001,England,England,National,60-64,B,523.0,8.006736068585425,267.0,5.0,9.0,0.13778322106552357
2019-20,E92000001,England,England,National,60-64,C1,9348.0,2.6463219578479524,4506.0,101.0,46.0,0.013022123455392151
2019-20,E92000001,England,England,National,60-64,C2,1486.0,4.1305314654213925,756.0,18.0,8.0,0.022237046920169
2019-20,E92000001,England,England,National,60-64,D,71.0,98.61111111111111,14.0,2.0,1.0,1.3888888888888888
2019-20,E92000001,England,England,National,60-64,E,93.0,6.638115631691649,50.0,1.0,0.0,0.0
2019-20,E92000001,England,England,National,60-64,F1,214.0,3.805797616930464,103.0,4.0,2.0,0.035568202027387516
2019-20,E92000001,England,England,National,60-64,F2,85.0,5.68561872909699,43.0,1.0,0.0,0.0
2019-20,E92000001,England,England,National,65-70,A,154.0,7.048054919908467,70.0,0.0,0.0,0.0
2019-20,E92000001,England,England,National,65-70,A to F2,14153.0,3.1949451556613035,7431.0,130.0,98.0,0.022122844997866726
2019-20,E92000001,England,England,National,65-70,B,285.0,8.253692441355343,155.0,3.0,2.0,0.057920648711265565
2019-20,E92000001,England,England,National,65-70,C1,11584.0,2.954740235889483,6093.0,107.0,80.0,0.02040566461249643
2019-20,E92000001,England,England,National,65-70,C2,1674.0,4.470915015223546,911.0,17.0,12.0,0.032049570001602475
2019-20,E92000001,England,England,National,65-70,D,92.0,97.87234042553192,16.0,0.0,2.0,2.127659574468085
2019-20,E92000001,England,England,National,65-70,E,72.0,7.361963190184049,33.0,0.0,0.0,0.0
2019-20,E92000001,England,England,National,65-70,F1,208.0,3.969465648854962,109.0,2.0,0.0,0.0
2019-20,E92000001,England,England,National,65-70,F2,84.0,5.4510058403634005,44.0,1.0,2.0,0.12978585334198572
2019-20,E92000001,England,England,National,Over 70,A,46.0,8.630393996247655,28.0,1.0,0.0,0.0
2019-20,E92000001,England,England,National,Over 70,A to F2,5901.0,3.76430512496651,3278.0,58.0,50.0,0.03189548487516107
2019-20,E92000001,England,England,National,Over 70,B,38.0,10.584958217270195,20.0,1.0,0.0,0.0
2019-20,E92000001,England,England,National,Over 70,C1,2238.0,3.258827812158718,1238.0,23.0,18.0,0.02621041135784492
2019-20,E92000001,England,England,National,Over 70,C2,322.0,5.188527231711247,169.0,1.0,3.0,0.048340315823396714
2019-20,E92000001,England,England,National,Over 70,D,87.0,97.75280898876404,13.0,0.0,4.0,4.49438202247191
2019-20,E92000001,England,England,National,Over 70,E,88.0,5.0285714285714285,49.0,1.0,2.0,0.1142857142857143
2019-20,E92000001,England,England,National,Over 70,F1,2312.0,3.481613107249345,1294.0,23.0,17.0,0.025600096376833418
2019-20,E92000001,England,England,National,Over 70,F2,770.0,6.042059008160703,467.0,8.0,6.0,0.047080979284369114
2020-21,E92000001,England,England,National,45 and over,A,9653.0,7.239713801430993,4574.0,108.0,83.0,0.06224968875155624
2020-21,E92000001,England,England,National,45 and over,A to F2,47198.0,3.9757100775885954,22552.0,496.0,377.0,0.031756487547160914
2020-21,E92000001,England,England,National,45 and over,B,2546.0,7.413014994904644,1324.0,38.0,27.0,0.07861406318241375
2020-21,E92000001,England,England,National,45 and over,C1,28641.0,3.2234320925128728,13619.0,281.0,201.0,0.022621760783320673
2020-21,E92000001,England,England,National,45 and over,C2,3212.0,4.312509230542017,1655.0,32.0,33.0,0.044306601683650866
2020-21,E92000001,England,England,National,45 and over,D,463.0,96.05809128630706,71.0,7.0,11.0,2.2821576763485476
2020-21,E92000001,England,England,National,45 and over,E,747.0,7.017379051197746,319.0,6.0,11.0,0.10333489901362142
2020-21,E92000001,England,England,National,45 and over,F1,1580.0,3.989496010503989,798.0,19.0,6.0,0.01514998485001515
2020-21,E92000001,England,England,National,45 and over,F2,356.0,6.198850774856346,192.0,5.0,5.0,0.08706251088281386
2020-21,E92000001,England,England,National,45-49,A,1614.0,7.259805685498382,709.0,19.0,13.0,0.05847427132061893
2020-21,E92000001,England,England,National,45-49,A to F2,1887.0,7.049462044231919,810.0,21.0,19.0,0.07098027495517036
2020-21,E92000001,England,England,National,45-49,B,34.0,7.264957264957266,18.0,0.0,1.0,0.2136752136752137
2020-21,E92000001,England,England,National,45-49,C1,98.0,3.8221528861154446,41.0,1.0,1.0,0.0390015600624025
2020-21,E92000001,England,England,National,45-49,C2,2.0,2.857142857142857,1.0,0.0,0.0,0.0
2020-21,E92000001,England,England,National,45-49,D,41.0,100.0,2.0,0.0,2.0,4.878048780487805
2020-21,E92000001,England,England,National,45-49,E,92.0,6.87593423019432,38.0,1.0,2.0,0.14947683109118087
2020-21,E92000001,England,England,National,45-49,F1,6.0,11.76470588235294,1.0,0.0,0.0,0.0
2020-21,E92000001,England,England,National,45-49,F2,0.0,0.0,0.0,0.0,0.0,0.0
2020-21,E92000001,England,England,National,45-74,A,9653.0,7.239713801430993,4574.0,108.0,83.0,0.06224968875155624
2020-21,E92000001,England,England,National,45-74,A to F2,46637.0,3.9641570906791266,22235.0,489.0,374.0,0.031790096959795726
2020-21,E92000001,England,England,National,45-74,B,2546.0,7.413014994904644,1324.0,38.0,27.0,0.07861406318241375
2020-21,E92000001,England,England,National,45-74,C1,28641.0,3.223439348221712,13619.0,281.0,201.0,0.02262181170324235
2020-21,E92000001,England,England,National,45-74,C2,3212.0,4.312567132116004,1655.0,32.0,33.0,0.04430719656283566
2020-21,E92000001,England,England,National,45-74,D,444.0,95.8963282937365,65.0,6.0,9.0,1.9438444924406046
2020-21,E92000001,England,England,National,45-74,E,738.0,7.056123912419926,314.0,6.0,11.0,0.1051725786404054
2020-21,E92000001,England,England,National,45-74,F1,1193.0,3.8523637303022475,582.0,14.0,6.0,0.019374838543012144
2020-21,E92000001,England,England,National,45-74,F2,210.0,5.391527599486521,102.0,4.0,4.0,0.10269576379974327
2020-21,E92000001,England,England,National,50-52,A,7224.0,7.166595569488397,3471.0,81.0,62.0,0.061507326316207186
2020-21,E92000001,England,England,National,50-52,A to F2,11004.0,5.976439662616838,4957.0,113.0,108.0,0.05865644161783156
2020-21,E92000001,England,England,National,50-52,B,818.0,7.229980555064522,409.0,14.0,13.0,0.1149018914619056
2020-21,E92000001,England,England,National,50-52,C1,2388.0,3.7480576962315384,874.0,15.0,25.0,0.03923845996892314
2020-21,E92000001,England,England,National,50-52,C2,97.0,4.395106479383779,45.0,0.0,1.0,0.045310376076121435
2020-21,E92000001,England,England,National,50-52,D,91.0,96.80851063829788,13.0,0.0,3.0,3.1914893617021276
2020-21,E92000001,England,England,National,50-52,E,306.0,7.127882599580712,119.0,3.0,3.0,0.06988120195667365
2020-21,E92000001,England,England,National,50-52,F1,77.0,4.644149577804583,24.0,0.0,1.0,0.060313630880579006
2020-21,E92000001,England,England,National,50-52,F2,3.0,6.976744186046512,2.0,0.0,0.0,0.0
2020-21,E92000001,England,England,National,50<71,A,7990.0,7.219792532620089,3837.0,87.0,68.0,0.06144504283080927
2020-21,E92000001,England,England,National,50<71,A to F2,43276.0,3.877857697784094,20635.0,454.0,344.0,0.03082500804228044
2020-21,E92000001,England,England,National,50<71,B,2503.0,7.411245669617742,1299.0,38.0,25.0,0.07402362834216682
2020-21,E92000001,England,England,National,50<71,C1,27700.0,3.2012906864399335,13122.0,275.0,196.0,0.022651731932932382
2020-21,E92000001,England,England,National,50<71,C2,3109.0,4.301447190016326,1594.0,31.0,33.0,0.04565704640416171
2020-21,E92000001,England,England,National,50<71,D,367.0,95.32467532467533,57.0,6.0,7.0,1.8181818181818181
2020-21,E92000001,England,England,National,50<71,E,638.0,7.164514317798989,270.0,5.0,8.0,0.08983717012914093
2020-21,E92000001,England,England,National,50<71,F1,806.0,3.7417018708509353,375.0,8.0,4.0,0.018569240053850796
2020-21,E92000001,England,England,National,50<71,F2,163.0,5.172960964773088,81.0,4.0,3.0,0.0952078705172961
2020-21,E92000001,England,England,National,53-54,A,360.0,8.012463832628534,172.0,3.0,2.0,0.04451368795904741
2020-21,E92000001,England,England,National,53-54,A to F2,4772.0,3.947553459899905,2044.0,52.0,33.0,0.027298672291847625
2020-21,E92000001,England,England,National,53-54,B,655.0,7.472051106548026,328.0,7.0,4.0,0.04563084645220169
2020-21,E92000001,England,England,National,53-54,C1,3255.0,3.332173129683469,1348.0,33.0,18.0,0.01842676385078416
2020-21,E92000001,England,England,National,53-54,C2,254.0,4.425087108013937,103.0,6.0,5.0,0.08710801393728224
2020-21,E92000001,England,England,National,53-54,D,43.0,95.55555555555556,7.0,1.0,1.0,2.2222222222222223
2020-21,E92000001,England,England,National,53-54,E,98.0,7.318894697535475,42.0,0.0,3.0,0.22404779686333084
2020-21,E92000001,England,England,National,53-54,F1,101.0,3.8417649296310383,41.0,2.0,0.0,0.0
2020-21,E92000001,England,England,National,53-54,F2,6.0,3.1746031746031744,3.0,0.0,0.0,0.0
2020-21,E92000001,England,England,National,55-59,A,180.0,7.2992700729927,82.0,2.0,4.0,0.16220600162206003
2020-21,E92000001,England,England,National,55-59,A to F2,9655.0,3.290157470923596,4371.0,95.0,74.0,0.02521715720852885
2020-21,E92000001,England,England,National,55-59,B,683.0,7.347246127366609,357.0,10.0,4.0,0.04302925989672978
2020-21,E92000001,England,England,National,55-59,C1,7360.0,2.9542216067593876,3273.0,72.0,50.0,0.020069440263311058
2020-21,E92000001,England,England,National,55-59,C2,891.0,3.939340348395084,439.0,8.0,11.0,0.0486338314616677
2020-21,E92000001,England,England,National,55-59,D,102.0,94.44444444444444,11.0,0.0,2.0,1.8518518518518516
2020-21,E92000001,England,England,National,55-59,E,121.0,7.245508982035928,57.0,0.0,0.0,0.0
2020-21,E92000001,England,England,National,55-59,F1,263.0,3.7031822021965644,124.0,2.0,1.0,0.014080540692762602
2020-21,E92000001,England,England,National,55-59,F2,55.0,5.208333333333334,28.0,1.0,2.0,0.1893939393939394
2020-21,E92000001,England,England,National,60-64,A,124.0,7.341622261693309,66.0,1.0,0.0,0.0
2020-21,E92000001,England,England,National,60-64,A to F2,8259.0,3.2850199272912404,4176.0,82.0,59.0,0.02346726912582434
2020-21,E92000001,England,England,National,60-64,B,229.0,7.697478991596639,129.0,3.0,4.0,0.13445378151260504
2020-21,E92000001,England,England,National,60-64,C1,6652.0,3.0475876318887987,3364.0,67.0,43.0,0.019700280843538535
2020-21,E92000001,England,England,National,60-64,C2,891.0,4.216553878188443,457.0,7.0,9.0,0.042591453315034784
2020-21,E92000001,England,England,National,60-64,D,61.0,95.3125,9.0,1.0,0.0,0.0
2020-21,E92000001,England,England,National,60-64,E,57.0,5.943691345151199,30.0,0.0,2.0,0.20855057351407716
2020-21,E92000001,England,England,National,60-64,F1,194.0,3.6493604213694506,98.0,2.0,1.0,0.018811136192626032
2020-21,E92000001,England,England,National,60-64,F2,51.0,5.054509415262636,23.0,1.0,0.0,0.0
2020-21,E92000001,England,England,National,65-70,A,102.0,8.367514356029531,46.0,0.0,0.0,0.0
2020-21,E92000001,England,England,National,65-70,A to F2,9586.0,3.6023509605267114,5087.0,112.0,70.0,0.026305504614737095
2020-21,E92000001,England,England,National,65-70,B,118.0,8.29817158931083,76.0,4.0,0.0,0.0
2020-21,E92000001,England,England,National,65-70,C1,8045.0,3.402079730032604,4263.0,88.0,60.0,0.02537287555027424
2020-21,E92000001,England,England,National,65-70,C2,976.0,4.742007579438344,550.0,10.0,7.0,0.03401030026236518
2020-21,E92000001,England,England,National,65-70,D,70.0,94.5945945945946,17.0,4.0,1.0,1.3513513513513513
2020-21,E92000001,England,England,National,65-70,E,56.0,8.695652173913043,22.0,2.0,0.0,0.0
2020-21,E92000001,England,England,National,65-70,F1,171.0,3.535980148883375,88.0,2.0,1.0,0.0206782464846981
2020-21,E92000001,England,England,National,65-70,F2,48.0,5.620608899297424,25.0,2.0,1.0,0.117096018735363
2020-21,E92000001,England,England,National,Over 70,A,49.0,11.29032258064516,28.0,2.0,2.0,0.4608294930875576
2020-21,E92000001,England,England,National,Over 70,A to F2,2035.0,4.581888593686675,1107.0,21.0,14.0,0.031521592290719144
2020-21,E92000001,England,England,National,Over 70,B,9.0,8.653846153846153,7.0,0.0,1.0,0.9615384615384616
2020-21,E92000001,England,England,National,Over 70,C1,843.0,4.075416968817984,456.0,5.0,4.0,0.019337684312303604
2020-21,E92000001,England,England,National,Over 70,C2,101.0,4.73511486169714,60.0,1.0,0.0,0.0
2020-21,E92000001,England,England,National,Over 70,D,55.0,98.21428571428571,12.0,1.0,2.0,3.571428571428571
2020-21,E92000001,England,England,National,Over 70,E,17.0,4.228855721393035,11.0,0.0,1.0,0.24875621890547264
2020-21,E92000001,England,England,National,Over 70,F1,768.0,4.263824117255163,422.0,11.0,2.0,0.01110370863868532
2020-21,E92000001,England,England,National,Over 70,F2,193.0,7.457496136012365,111.0,1.0,2.0,0.07727975270479134
2021-22,E92000001,England,England,National,45 and over,A,12780.0,6.580132941340019,6280.0,166.0,125.0,0.06435967274393603
2021-22,E92000001,England,England,National,45 and over,A to F2,77040.0,3.4982436128901013,38616.0,991.0,573.0,0.026018867993068902
2021-22,E92000001,England,England,National,45 and over,B,3585.0,6.734797392496854,1777.0,61.0,44.0,0.0826586011910353
2021-22,E92000001,England,England,National,45 and over,C1,46820.0,2.8693542911003442,23306.0,594.0,286.0,0.017527452525730423
2021-22,E92000001,England,England,National,45 and over,C2,5264.0,4.054938875493964,2749.0,61.0,41.0,0.03158292057280633
2021-22,E92000001,England,England,National,45 and over,D,372.0,94.89795918367348,53.0,2.0,22.0,5.612244897959184
2021-22,E92000001,England,England,National,45 and over,E,1844.0,6.607897943094675,905.0,31.0,18.0,0.06450225757901526
2021-22,E92000001,England,England,National,45 and over,F1,5129.0,3.6130404767607325,2825.0,64.0,29.0,0.02042857746657462
2021-22,E92000001,England,England,National,45 and over,F2,1246.0,5.418098012784276,721.0,12.0,8.0,0.03478714614949776
2021-22,E92000001,England,England,National,45-49,A,680.0,6.323228566114934,316.0,8.0,5.0,0.046494327692021574
2021-22,E92000001,England,England,National,45-49,A to F2,904.0,5.683747249292676,403.0,13.0,7.0,0.04401131719585036
2021-22,E92000001,England,England,National,45-49,B,32.0,6.0606060606060606,15.0,1.0,0.0,0.0
2021-22,E92000001,England,England,National,45-49,C1,129.0,3.3716675378985888,48.0,2.0,0.0,0.0
2021-22,E92000001,England,England,National,45-49,C2,7.0,7.368421052631578,2.0,0.0,0.0,0.0
2021-22,E92000001,England,England,National,45-49,D,8.0,100.0,2.0,0.0,1.0,12.5
2021-22,E92000001,England,England,National,45-49,E,47.0,7.057057057057057,20.0,2.0,1.0,0.15015015015015015
2021-22,E92000001,England,England,National,45-49,F1,1.0,4.0,0.0,0.0,0.0,0.0
2021-22,E92000001,England,England,National,45-49,F2,0.0,0.0,0.0,0.0,0.0,0.0
2021-22,E92000001,England,England,National,45-74,A,12780.0,6.580166821130677,6280.0,166.0,125.0,0.06436000411904026
2021-22,E92000001,England,England,National,45-74,A to F2,74728.0,3.4821686108091305,37219.0,956.0,559.0,0.026048231632618348
2021-22,E92000001,England,England,National,45-74,B,3585.0,6.734923915085478,1777.0,61.0,44.0,0.08266015404846891
2021-22,E92000001,England,England,National,45-74,C1,46820.0,2.869357808060677,23306.0,594.0,286.0,0.01752747400908487
2021-22,E92000001,England,England,National,45-74,C2,5264.0,4.055032585083273,2749.0,61.0,41.0,0.031583650453726096
2021-22,E92000001,England,England,National,45-74,D,368.0,95.09043927648578,53.0,2.0,22.0,5.684754521963824
2021-22,E92000001,England,England,National,45-74,E,1779.0,6.641777114056374,865.0,30.0,16.0,0.059734926264700394
2021-22,E92000001,England,England,National,45-74,F1,3492.0,3.5776489150257156,1848.0,36.0,19.0,0.01946601643341598
2021-22,E92000001,England,England,National,45-74,F2,640.0,5.223210642291684,341.0,6.0,6.0,0.048967599771484537
2021-22,E92000001,England,England,National,50-52,A,10491.0,6.504392681550737,5189.0,135.0,99.0,0.06137974220508274
2021-22,E92000001,England,England,National,50-52,A to F2,16609.0,5.280896375643459,7802.0,224.0,150.0,0.047693085456470524
2021-22,E92000001,England,England,National,50-52,B,1139.0,6.609412174316717,534.0,24.0,15.0,0.08704230255904369
2021-22,E92000001,England,England,National,50-52,C1,3725.0,3.2202290901231905,1519.0,45.0,24.0,0.020747784741733305
2021-22,E92000001,England,England,National,50-52,C2,173.0,4.55983131259884,78.0,2.0,0.0,0.0
2021-22,E92000001,England,England,National,50-52,D,97.0,97.0,6.0,1.0,3.0,3.0
2021-22,E92000001,England,England,National,50-52,E,816.0,6.683046683046682,395.0,16.0,7.0,0.057330057330057325
2021-22,E92000001,England,England,National,50-52,F1,159.0,3.9056742815033165,76.0,1.0,1.0,0.024563989191844753
2021-22,E92000001,England,England,National,50-52,F2,9.0,6.569343065693431,5.0,0.0,1.0,0.7299270072992701
2021-22,E92000001,England,England,National,50<71,A,12049.0,6.5930157479453255,5937.0,158.0,120.0,0.0656620374930234
2021-22,E92000001,England,England,National,50<71,A to F2,71152.0,3.452758708204718,35259.0,922.0,540.0,0.026204318957029283
2021-22,E92000001,England,England,National,50<71,B,3544.0,6.735209715121915,1758.0,60.0,44.0,0.08361998517645718
2021-22,E92000001,England,England,National,50<71,C1,46140.0,2.8639369263513856,22927.0,584.0,283.0,0.017565976379658475
2021-22,E92000001,England,England,National,50<71,C2,5188.0,4.04449884231288,2704.0,61.0,41.0,0.03196307874611181
2021-22,E92000001,England,England,National,50<71,D,345.0,94.78021978021978,49.0,2.0,21.0,5.769230769230769
2021-22,E92000001,England,England,National,50<71,E,1688.0,6.707995549197266,818.0,28.0,15.0,0.059608965188364324
2021-22,E92000001,England,England,National,50<71,F1,1760.0,3.3996523082866528,850.0,23.0,10.0,0.019316206297083253
2021-22,E92000001,England,England,National,50<71,F2,438.0,5.02524093620927,216.0,6.0,6.0,0.06883891693437356
2021-22,E92000001,England,England,National,53-54,A,474.0,7.226711388931239,244.0,6.0,4.0,0.06098490623570667
2021-22,E92000001,England,England,National,53-54,A to F2,7486.0,3.4122816613791342,3352.0,108.0,53.0,0.024158553039419467
2021-22,E92000001,England,England,National,53-54,B,853.0,6.190579867914943,412.0,14.0,6.0,0.043544524276072284
2021-22,E92000001,England,England,National,53-54,C1,5211.0,2.9202438860370763,2296.0,80.0,34.0,0.01905359664656699
2021-22,E92000001,England,England,National,53-54,C2,349.0,3.617704986006012,156.0,3.0,1.0,0.01036591686534674
2021-22,E92000001,England,England,National,53-54,D,42.0,89.36170212765957,5.0,0.0,5.0,10.638297872340425
2021-22,E92000001,England,England,National,53-54,E,308.0,7.414540202214733,140.0,3.0,2.0,0.04814636494944632
2021-22,E92000001,England,England,National,53-54,F1,225.0,3.601728829838322,89.0,2.0,0.0,0.0
2021-22,E92000001,England,England,National,53-54,F2,24.0,4.733727810650888,10.0,0.0,1.0,0.19723865877712032
2021-22,E92000001,England,England,National,55-59,A,438.0,6.708531168632256,202.0,9.0,4.0,0.06126512482769183
2021-22,E92000001,England,England,National,55-59,A to F2,16240.0,2.9700507688481177,7766.0,182.0,125.0,0.022860612444951647
2021-22,E92000001,England,England,National,55-59,B,941.0,6.576740285155158,494.0,15.0,16.0,0.11182555213866369
2021-22,E92000001,England,England,National,55-59,C1,12313.0,2.6666637790262007,5838.0,135.0,81.0,0.017542415828889976
2021-22,E92000001,England,England,National,55-59,C2,1520.0,3.8208234880096525,767.0,16.0,8.0,0.02010959730531396
2021-22,E92000001,England,England,National,55-59,D,81.0,96.42857142857143,15.0,0.0,6.0,7.142857142857142
2021-22,E92000001,England,England,National,55-59,E,294.0,6.27668659265585,161.0,4.0,4.0,0.08539709649871904
2021-22,E92000001,England,England,National,55-59,F1,522.0,3.124812930260401,235.0,0.0,5.0,0.029931158335827598
2021-22,E92000001,England,England,National,55-59,F2,131.0,4.422687373396354,54.0,3.0,1.0,0.0337609723160027
2021-22,E92000001,England,England,National,60-64,A,372.0,7.795473595976529,183.0,8.0,7.0,0.14668901927912825
2021-22,E92000001,England,England,National,60-64,A to F2,14463.0,3.022917994753838,7388.0,193.0,90.0,0.01881093960643334
2021-22,E92000001,England,England,National,60-64,B,396.0,8.164948453608249,203.0,6.0,4.0,0.08247422680412371
2021-22,E92000001,England,England,National,60-64,C1,11465.0,2.77615005012325,5859.0,145.0,56.0,0.01355991302284361
2021-22,E92000001,England,England,National,60-64,C2,1478.0,3.9163729828559313,771.0,20.0,16.0,0.04239645989559872
2021-22,E92000001,England,England,National,60-64,D,50.0,90.9090909090909,13.0,1.0,3.0,5.454545454545454
2021-22,E92000001,England,England,National,60-64,E,168.0,6.760563380281689,79.0,3.0,0.0,0.0
2021-22,E92000001,England,England,National,60-64,F1,386.0,3.0066988627512075,201.0,9.0,2.0,0.015578750584203147
2021-22,E92000001,England,England,National,60-64,F2,148.0,5.4331864904552125,79.0,1.0,2.0,0.07342143906020558
2021-22,E92000001,England,England,National,65-70,A,274.0,7.604773799611435,119.0,0.0,6.0,0.16652789342214822
2021-22,E92000001,England,England,National,65-70,A to F2,16354.0,3.260386326074518,8951.0,215.0,122.0,0.024322314527399486
2021-22,E92000001,England,England,National,65-70,B,215.0,8.779093507554103,115.0,1.0,3.0,0.12249897917517355
2021-22,E92000001,England,England,National,65-70,C1,13426.0,3.0359767541776903,7415.0,179.0,88.0,0.01989914750243086
2021-22,E92000001,England,England,National,65-70,C2,1668.0,4.470531478652408,932.0,20.0,16.0,0.04288279595829648
2021-22,E92000001,England,England,National,65-70,D,75.0,96.15384615384616,10.0,0.0,4.0,5.128205128205128
2021-22,E92000001,England,England,National,65-70,E,102.0,6.253832004904966,43.0,2.0,2.0,0.1226241569589209
2021-22,E92000001,England,England,National,65-70,F1,468.0,3.929800990847258,249.0,11.0,2.0,0.01679402132840709
2021-22,E92000001,England,England,National,65-70,F2,126.0,5.2808046940486175,68.0,2.0,1.0,0.041911148365465216
2021-22,E92000001,England,England,National,Over 70,A,51.0,7.152875175315568,27.0,0.0,0.0,0.0
2021-22,E92000001,England,England,National,Over 70,A to F2,4984.0,3.967710605505756,2954.0,56.0,26.0,0.020698329804002737
2021-22,E92000001,England,England,National,Over 70,B,9.0,10.714285714285714,4.0,0.0,0.0,0.0
2021-22,E92000001,England,England,National,Over 70,C1,551.0,3.273721109856812,331.0,8.0,3.0,0.017824252866734003
2021-22,E92000001,England,England,National,Over 70,C2,69.0,4.761904761904762,43.0,0.0,0.0,0.0
2021-22,E92000001,England,England,National,Over 70,D,19.0,95.0,2.0,0.0,0.0,0.0
2021-22,E92000001,England,England,National,Over 70,E,109.0,5.250481695568401,67.0,1.0,2.0,0.09633911368015415
2021-22,E92000001,England,England,National,Over 70,F1,3368.0,3.735456894735091,1975.0,41.0,19.0,0.021072945665073256
2021-22,E92000001,England,England,National,Over 70,F2,808.0,5.6590558901806975,505.0,6.0,2.0,0.014007564084605685
2022-23,E92000001,England,England,National,45 and over,A,12522.0,6.164798322182344,6373.0,170.0,135.0,0.06646284726837698
2022-23,E92000001,England,England,National,45 and over,A to F2,72858.0,3.346937050498517,36792.0,830.0,575.0,0.026414241456485864
2022-23,E92000001,England,England,National,45 and over,B,3667.0,6.51552033545957,1904.0,40.0,30.0,0.053303956930402796
2022-23,E92000001,England,England,National,45 and over,C1,41446.0,2.663468910237255,20531.0,443.0,266.0,0.01709411596108454
2022-23,E92000001,England,England,National,45 and over,C2,5448.0,3.7765146263690563,2868.0,60.0,44.0,0.030500485234992377
2022-23,E92000001,England,England,National,45 and over,D,494.0,92.16417910447761,64.0,3.0,13.0,2.425373134328358
2022-23,E92000001,England,England,National,45 and over,E,2228.0,6.822844893584444,1125.0,29.0,25.0,0.0765579543714592
2022-23,E92000001,England,England,National,45 and over,F1,5276.0,3.5376868248657276,2911.0,61.0,42.0,0.028162025520159315
2022-23,E92000001,England,England,National,45 and over,F2,1777.0,5.10999281092739,1016.0,24.0,20.0,0.05751258087706686
2022-23,E92000001,England,England,National,45-49,A,1334.0,6.141239296565694,673.0,17.0,12.0,0.05524353190313968
2022-23,E92000001,England,England,National,45-49,A to F2,1389.0,5.999740831929507,696.0,17.0,14.0,0.06047254978186688
2022-23,E92000001,England,England,National,45-49,B,7.0,3.8461538461538463,2.0,0.0,0.0,0.0
2022-23,E92000001,England,England,National,45-49,C1,36.0,3.3271719038817005,15.0,0.0,1.0,0.09242144177449169
2022-23,E92000001,England,England,National,45-49,C2,2.0,4.545454545454546,1.0,0.0,0.0,0.0
2022-23,E92000001,England,England,National,45-49,D,0.0,z,0.0,0.0,0.0,z
2022-23,E92000001,England,England,National,45-49,E,10.0,8.928571428571429,5.0,0.0,1.0,0.8928571428571428
2022-23,E92000001,England,England,National,45-49,F1,0.0,0.0,0.0,0.0,0.0,0.0
2022-23,E92000001,England,England,National,45-49,F2,0.0,0.0,0.0,0.0,0.0,0.0
2022-23,E92000001,England,England,National,45-74,A,12522.0,6.16482867270579,6373.0,170.0,135.0,0.066463174478141
2022-23,E92000001,England,England,National,45-74,A to F2,70208.0,3.3208461043629622,35184.0,799.0,553.0,0.02615696068414879
2022-23,E92000001,England,England,National,45-74,B,3667.0,6.51552033545957,1904.0,40.0,30.0,0.053303956930402796
2022-23,E92000001,England,England,National,45-74,C1,41446.0,2.6634706218791973,20531.0,443.0,266.0,0.017094126946384847
2022-23,E92000001,England,England,National,45-74,C2,5448.0,3.7765408050797524,2868.0,60.0,44.0,0.030500696663639703
2022-23,E92000001,England,England,National,45-74,D,481.0,92.32245681381957,59.0,3.0,12.0,2.3032629558541267
2022-23,E92000001,England,England,National,45-74,E,2145.0,6.864659007264698,1085.0,28.0,24.0,0.07680737350785675
2022-23,E92000001,England,England,National,45-74,F1,3615.0,3.4820886752651297,1890.0,42.0,30.0,0.028897001454482405
2022-23,E92000001,England,England,National,45-74,F2,884.0,4.6958831341301455,474.0,13.0,12.0,0.06374501992031872
2022-23,E92000001,England,England,National,50-52,A,9881.0,6.061368209255534,5056.0,138.0,102.0,0.06257054522255484
2022-23,E92000001,England,England,National,50-52,A to F2,15575.0,4.974814502502579,7515.0,205.0,142.0,0.04535625421222256
2022-23,E92000001,England,England,National,50-52,B,1046.0,6.045543867760952,544.0,14.0,8.0,0.04623742919893654
2022-23,E92000001,England,England,National,50-52,C1,3320.0,3.0081182951580168,1342.0,37.0,17.0,0.015403015366772979
2022-23,E92000001,England,England,National,50-52,C2,128.0,3.4206306787814,56.0,4.0,1.0,0.026723677177979688
2022-23,E92000001,England,England,National,50-52,D,100.0,94.33962264150944,6.0,1.0,3.0,2.8301886792452833
2022-23,E92000001,England,England,National,50-52,E,923.0,6.563322192988694,445.0,9.0,10.0,0.07110858280594468
2022-23,E92000001,England,England,National,50-52,F1,164.0,3.89363722697056,59.0,2.0,1.0,0.023741690408357077
2022-23,E92000001,England,England,National,50-52,F2,13.0,4.850746268656716,7.0,0.0,0.0,0.0
2022-23,E92000001,England,England,National,50<71,A,11130.0,6.162108293655188,5671.0,152.0,122.0,0.0675451223563282
2022-23,E92000001,England,England,National,50<71,A to F2,66574.0,3.2777458026252884,33185.0,758.0,520.0,0.025602004046101332
2022-23,E92000001,England,England,National,50<71,B,3655.0,6.52189429356554,1901.0,40.0,30.0,0.053531280111345066
2022-23,E92000001,England,England,National,50<71,C1,41182.0,2.6608567439233908,20378.0,439.0,263.0,0.0169929902299998
2022-23,E92000001,England,England,National,50<71,C2,5407.0,3.7700985929241795,2842.0,59.0,43.0,0.029982289531300114
2022-23,E92000001,England,England,National,50<71,D,456.0,92.12121212121212,57.0,3.0,12.0,2.4242424242424243
2022-23,E92000001,England,England,National,50<71,E,2070.0,6.884624338976286,1043.0,28.0,23.0,0.07649582598862541
2022-23,E92000001,England,England,National,50<71,F1,2025.0,3.4458114247792127,968.0,28.0,17.0,0.02892779961543043
2022-23,E92000001,England,England,National,50<71,F2,649.0,4.640686449767608,325.0,9.0,10.0,0.07150518412584912
2022-23,E92000001,England,England,National,53-54,A,309.0,7.357142857142857,150.0,3.0,4.0,0.09523809523809523
2022-23,E92000001,England,England,National,53-54,A to F2,6992.0,3.270024927392538,3101.0,80.0,62.0,0.028996216461432696
2022-23,E92000001,England,England,National,53-54,B,979.0,6.453526697429137,511.0,5.0,9.0,0.059327620303230064
2022-23,E92000001,England,England,National,53-54,C1,4603.0,2.697475987599698,1944.0,64.0,39.0,0.0228549996776859
2022-23,E92000001,England,England,National,53-54,C2,345.0,3.5844155844155843,149.0,3.0,1.0,0.01038961038961039
2022-23,E92000001,England,England,National,53-54,D,57.0,91.93548387096774,9.0,0.0,1.0,1.6129032258064515
2022-23,E92000001,England,England,National,53-54,E,429.0,7.916589776711571,228.0,2.0,4.0,0.07381435689241557
2022-23,E92000001,England,England,National,53-54,F1,240.0,3.0387439858191945,99.0,3.0,4.0,0.05064573309698658
2022-23,E92000001,England,England,National,53-54,F2,30.0,3.722084367245657,11.0,0.0,0.0,0.0
2022-23,E92000001,England,England,National,55-59,A,368.0,6.929015251365091,196.0,7.0,3.0,0.0564865373752589
2022-23,E92000001,England,England,National,55-59,A to F2,15357.0,2.8857970753047026,7366.0,190.0,109.0,0.02048263861484747
2022-23,E92000001,England,England,National,55-59,B,972.0,6.516929265839759,507.0,10.0,7.0,0.04693261816962789
2022-23,E92000001,England,England,National,55-59,C1,11013.0,2.5229489156107605,5239.0,133.0,65.0,0.014890736358367332
2022-23,E92000001,England,England,National,55-59,C2,1546.0,3.5160336593131682,770.0,12.0,15.0,0.034114168751421425
2022-23,E92000001,England,England,National,55-59,D,115.0,91.26984126984127,12.0,2.0,4.0,3.1746031746031744
2022-23,E92000001,England,England,National,55-59,E,421.0,7.373029772329247,216.0,10.0,5.0,0.08756567425569177
2022-23,E92000001,England,England,National,55-59,F1,697.0,3.360979843765069,324.0,11.0,5.0,0.02411032886488572
2022-23,E92000001,England,England,National,55-59,F2,225.0,4.615384615384616,102.0,5.0,5.0,0.10256410256410256
2022-23,E92000001,England,England,National,60-64,A,313.0,6.9928507596067915,146.0,1.0,8.0,0.17873100983020554
2022-23,E92000001,England,England,National,60-64,A to F2,13722.0,2.8230211387131616,7047.0,124.0,108.0,0.02221879339608085
2022-23,E92000001,England,England,National,60-64,B,420.0,7.3477956613016095,213.0,6.0,2.0,0.03498950314905528
2022-23,E92000001,England,England,National,60-64,C1,10401.0,2.5366745930126213,5354.0,82.0,70.0,0.017072129748186088
2022-23,E92000001,England,England,National,60-64,C2,1603.0,3.672898909357529,861.0,19.0,13.0,0.029786454037210155
2022-23,E92000001,England,England,National,60-64,D,84.0,92.3076923076923,17.0,0.0,3.0,3.296703296703297
2022-23,E92000001,England,England,National,60-64,E,180.0,5.926901547579848,87.0,5.0,4.0,0.1317089232795522
2022-23,E92000001,England,England,National,60-64,F1,513.0,3.491696161176151,262.0,8.0,3.0,0.020419275796351756
2022-23,E92000001,England,England,National,60-64,F2,208.0,4.733727810650888,107.0,3.0,5.0,0.11379153390987709
2022-23,E92000001,England,England,National,65-70,A,259.0,7.160630356649158,123.0,3.0,5.0,0.13823610727121927
2022-23,E92000001,England,England,National,65-70,A to F2,14928.0,3.0718577660712816,8156.0,159.0,99.0,0.02037204708206437
2022-23,E92000001,England,England,National,65-70,B,238.0,8.097992514460701,126.0,5.0,4.0,0.13610071452875128
2022-23,E92000001,England,England,National,65-70,C1,11845.0,2.8192312269427586,6499.0,123.0,72.0,0.017136736879685827
2022-23,E92000001,England,England,National,65-70,C2,1785.0,4.206235125008837,1006.0,21.0,13.0,0.030633645168131583
2022-23,E92000001,England,England,National,65-70,D,100.0,90.9090909090909,13.0,0.0,1.0,0.9090909090909091
2022-23,E92000001,England,England,National,65-70,E,117.0,6.365614798694233,67.0,2.0,0.0,0.0
2022-23,E92000001,England,England,National,65-70,F1,411.0,3.660817671684333,224.0,4.0,4.0,0.035628395831477686
2022-23,E92000001,England,England,National,65-70,F2,173.0,4.750137287204832,98.0,1.0,0.0,0.0
2022-23,E92000001,England,England,National,Over 70,A,58.0,7.445442875481387,29.0,1.0,1.0,0.12836970474967907
2022-23,E92000001,England,England,National,Over 70,A to F2,4895.0,3.992203174188918,2911.0,55.0,41.0,0.03343826969187858
2022-23,E92000001,England,England,National,Over 70,B,5.0,8.771929824561402,1.0,0.0,0.0,0.0
2022-23,E92000001,England,England,National,Over 70,C1,228.0,3.1181619256017505,138.0,4.0,2.0,0.02735229759299781
2022-23,E92000001,England,England,National,Over 70,C2,39.0,4.887218045112782,25.0,1.0,1.0,0.12531328320802004
2022-23,E92000001,England,England,National,Over 70,D,38.0,92.6829268292683,7.0,0.0,1.0,2.4390243902439024
2022-23,E92000001,England,England,National,Over 70,E,148.0,5.977382875605816,77.0,1.0,1.0,0.04038772213247173
2022-23,E92000001,England,England,National,Over 70,F1,3251.0,3.597751267125562,1943.0,33.0,25.0,0.02766649697881853
2022-23,E92000001,England,England,National,Over 70,F2,1128.0,5.425946413968926,691.0,15.0,10.0,0.04810236182596565
2012-13,N1,North East and Yorkshire,North East and Yorkshire,Region,45 and over,A to F2,12229.0,3.8776920930468535,5967.0,230.0,163.0,0.0516856497805738
2012-13,N2,North West,North West,Region,45 and over,A to F2,11395.0,4.683903321275896,5437.0,223.0,115.0,0.047270634659651437
2012-13,N3,Midlands,Midlands,Region,45 and over,A to F2,12862.0,3.322930337821778,6704.0,375.0,85.0,0.021959965690783016
2012-13,N4,East of England,East of England,Region,45 and over,A to F2,8942.0,3.7836282549273488,4446.0,270.0,118.0,0.04992933729382992
2012-13,N5,London,London,Region,45 and over,A to F2,10872.0,4.748531370793387,4587.0,267.0,55.0,0.02402218776615492
2012-13,N6,South East,South East,Region,45 and over,A to F2,15468.0,4.620471904675136,6254.0,459.0,385.0,0.11500398780061594
2012-13,N7,South West,South West,Region,45 and over,A to F2,10108.0,4.488873296355344,4178.0,242.0,104.0,0.046185479107732075
2012-13,N1,North East and Yorkshire,North East and Yorkshire,Region,50<71,A to F2,9911.0,3.619980568765386,4854.0,186.0,133.0,0.04857808653473881
2012-13,N2,North West,North West,Region,50<71,A to F2,9146.0,4.36036671704338,4366.0,180.0,95.0,0.045291366512040354
2012-13,N3,Midlands,Midlands,Region,50<71,A to F2,10510.0,3.0961485208599693,5471.0,291.0,73.0,0.021505122932709588
2012-13,N4,East of England,East of England,Region,50<71,A to F2,6651.0,3.35698855262361,3361.0,197.0,83.0,0.04189295592659143
2012-13,N5,London,London,Region,50<71,A to F2,9160.0,4.499459671873465,3884.0,220.0,47.0,0.02308674722467826
2012-13,N6,South East,South East,Region,50<71,A to F2,12771.0,4.342371014137952,5162.0,366.0,312.0,0.10608564375624782
2012-13,N7,South West,South West,Region,50<71,A to F2,7967.0,4.137411715828833,3313.0,184.0,84.0,0.04362276692978812
2013-14,N1,North East and Yorkshire,North East and Yorkshire,Region,45 and over,A to F2,13556.0,3.99435439434968,6734.0,178.0,170.0,0.05009149063436453
2013-14,N2,North West,North West,Region,45 and over,A to F2,12509.0,4.798088282676404,6084.0,240.0,116.0,0.04449422342237292
2013-14,N3,Midlands,Midlands,Region,45 and over,A to F2,14103.0,3.515958056811779,7291.0,365.0,68.0,0.01695278648962639
2013-14,N4,East of England,East of England,Region,45 and over,A to F2,8663.0,3.488587490536557,4441.0,221.0,126.0,0.0507401620463588
2013-14,N5,London,London,Region,45 and over,A to F2,12151.0,4.925595177773003,5202.0,287.0,89.0,0.03607752208228107
2013-14,N6,South East,South East,Region,45 and over,A to F2,16744.0,4.872214931488115,6736.0,467.0,373.0,0.10853656052586401
2013-14,N7,South West,South West,Region,45 and over,A to F2,10950.0,4.574087688811656,4594.0,251.0,117.0,0.04887381366127523
2013-14,N1,North East and Yorkshire,North East and Yorkshire,Region,50<71,A to F2,10596.0,3.675809937452951,5264.0,145.0,129.0,0.044750800484279984
2013-14,N2,North West,North West,Region,50<71,A to F2,9683.0,4.39317635316002,4740.0,185.0,89.0,0.04037929313552017
2013-14,N3,Midlands,Midlands,Region,50<71,A to F2,11280.0,3.2681442850934377,5825.0,280.0,47.0,0.01361726785455599
2013-14,N4,East of England,East of England,Region,50<71,A to F2,6302.0,3.061526877019116,3298.0,145.0,93.0,0.04517962544633097
2013-14,N5,London,London,Region,50<71,A to F2,10039.0,4.624604980698182,4315.0,224.0,76.0,0.03501045707073033
2013-14,N6,South East,South East,Region,50<71,A to F2,13155.0,4.490849318435526,5325.0,366.0,284.0,0.09695182108975213
2013-14,N7,South West,South West,Region,50<71,A to F2,8363.0,4.165670452281331,3510.0,181.0,85.0,0.04233911137676828
2014-15,N1,North East and Yorkshire,North East and Yorkshire,Region,45 and over,A to F2,12340.0,3.6109217214206084,5940.0,119.0,132.0,0.038625742887157234
2014-15,N2,North West,North West,Region,45 and over,A to F2,12569.0,4.922533446125889,5954.0,183.0,121.0,0.04738853902309115
2014-15,N3,Midlands,Midlands,Region,45 and over,A to F2,14351.0,3.477900512318423,7334.0,310.0,80.0,0.0193876413480227
2014-15,N4,East of England,East of England,Region,45 and over,A to F2,8613.0,3.483828692542916,4252.0,196.0,105.0,0.0424709175336127
2014-15,N5,London,London,Region,45 and over,A to F2,12029.0,4.833330654623186,5575.0,249.0,74.0,0.029733682637136563
2014-15,N6,South East,South East,Region,45 and over,A to F2,16654.0,4.580648177945007,7144.0,472.0,319.0,0.08774028874531388
2014-15,N7,South West,South West,Region,45 and over,A to F2,11181.0,4.736387281522965,4310.0,241.0,100.0,0.042361034625909705
2014-15,N1,North East and Yorkshire,North East and Yorkshire,Region,50<71,A to F2,9946.0,3.382843615758487,4789.0,85.0,108.0,0.036733069626172996
2014-15,N2,North West,North West,Region,50<71,A to F2,9815.0,4.526128419382805,4660.0,147.0,97.0,0.04473096858687031
2014-15,N3,Midlands,Midlands,Region,50<71,A to F2,11308.0,3.2205513784461153,5750.0,230.0,65.0,0.018512189564821143
2014-15,N4,East of England,East of England,Region,50<71,A to F2,6304.0,3.040768681626117,3144.0,144.0,81.0,0.03907079048409191
2014-15,N5,London,London,Region,50<71,A to F2,9870.0,4.535574621001503,4609.0,188.0,66.0,0.03032907041399181
2014-15,N6,South East,South East,Region,50<71,A to F2,13043.0,4.211440601348385,5622.0,360.0,223.0,0.07200423630305065
2014-15,N7,South West,South West,Region,50<71,A to F2,8687.0,4.372159505558939,3352.0,196.0,75.0,0.037747434432706395
2015-16,N1,North East and Yorkshire,North East and Yorkshire,Region,45 and over,A to F2,12408.0,3.5883776819566027,5864.0,149.0,104.0,0.03007666657990705
2015-16,N2,North West,North West,Region,45 and over,A to F2,11964.0,4.703495777704393,5548.0,168.0,105.0,0.041279426333915174
2015-16,N3,Midlands,Midlands,Region,45 and over,A to F2,14731.0,3.4926784393315757,7601.0,267.0,70.0,0.016596802033345345
2015-16,N4,East of England,East of England,Region,45 and over,A to F2,8681.0,3.4149334990775237,4186.0,170.0,95.0,0.03737111881262121
2015-16,N5,London,London,Region,45 and over,A to F2,13032.0,4.932832176964219,5739.0,207.0,92.0,0.03482355434934838
2015-16,N6,South East,South East,Region,45 and over,A to F2,16794.0,4.441223994351284,7420.0,444.0,296.0,0.07827809350529831
2015-16,N7,South West,South West,Region,45 and over,A to F2,11044.0,4.548262484659292,4389.0,211.0,75.0,0.03088733125221359
2015-16,N1,North East and Yorkshire,North East and Yorkshire,Region,50<71,A to F2,9806.0,3.3345915414409544,4587.0,109.0,79.0,0.026864443378934875
2015-16,N2,North West,North West,Region,50<71,A to F2,9247.0,4.294498472055805,4321.0,130.0,84.0,0.03901134115417839
2015-16,N3,Midlands,Midlands,Region,50<71,A to F2,11628.0,3.256239866255576,5981.0,204.0,54.0,0.015121856964035185
2015-16,N4,East of England,East of England,Region,50<71,A to F2,6597.0,3.073217771276571,3202.0,135.0,70.0,0.03260955646344702
2015-16,N5,London,London,Region,50<71,A to F2,10526.0,4.613388732567211,4594.0,166.0,75.0,0.032871380860967206
2015-16,N6,South East,South East,Region,50<71,A to F2,13213.0,4.113341821725094,5828.0,338.0,238.0,0.07409183028612522
2015-16,N7,South West,South West,Region,50<71,A to F2,8605.0,4.212582428072786,3400.0,162.0,55.0,0.026925279900523326
2016-17,N1,North East and Yorkshire,North East and Yorkshire,Region,45 and over,A to F2,13117.0,3.681200255946835,6222.0,142.0,105.0,0.029467563228971386
2016-17,N2,North West,North West,Region,45 and over,A to F2,12678.0,4.40479044412712,5836.0,144.0,114.0,0.039607675550598805
2016-17,N3,Midlands,Midlands,Region,45 and over,A to F2,14048.0,3.4100480873096597,7287.0,206.0,59.0,0.014321813578535729
2016-17,N4,East of England,East of England,Region,45 and over,A to F2,8469.0,3.32139789711471,3974.0,117.0,83.0,0.03255118968715561
2016-17,N5,London,London,Region,45 and over,A to F2,13777.0,4.912567214845032,5765.0,223.0,63.0,0.022464377915020466
2016-17,N6,South East,South East,Region,45 and over,A to F2,16181.0,4.397560564635797,6974.0,411.0,232.0,0.06305135968082967
2016-17,N7,South West,South West,Region,45 and over,A to F2,10834.0,4.5168956244397656,4197.0,200.0,68.0,0.028350461737299618
2016-17,N1,North East and Yorkshire,North East and Yorkshire,Region,50<71,A to F2,10630.0,3.4674651948695865,4997.0,105.0,92.0,0.030010046841768764
2016-17,N2,North West,North West,Region,50<71,A to F2,10065.0,4.073414545307378,4640.0,104.0,93.0,0.03763810757213971
2016-17,N3,Midlands,Midlands,Region,50<71,A to F2,10967.0,3.140571127478494,5656.0,158.0,48.0,0.013745547015498103
2016-17,N4,East of England,East of England,Region,50<71,A to F2,6675.0,3.029532839228252,3083.0,82.0,63.0,0.02859334365114305
2016-17,N5,London,London,Region,50<71,A to F2,11151.0,4.58919105784743,4679.0,184.0,51.0,0.020989036315148323
2016-17,N6,South East,South East,Region,50<71,A to F2,12817.0,4.072793598942479,5537.0,311.0,179.0,0.056879929329071044
2016-17,N7,South West,South West,Region,50<71,A to F2,8639.0,4.221250397009602,3295.0,160.0,56.0,0.027363123305074392
2017-18,N1,North East and Yorkshire,North East and Yorkshire,Region,45 and over,A to F2,12305.0,3.548778764430883,5904.0,111.0,112.0,0.03230095258970003
2017-18,N2,North West,North West,Region,45 and over,A to F2,11193.0,4.197983707637607,5226.0,143.0,85.0,0.03187962254526906
2017-18,N3,Midlands,Midlands,Region,45 and over,A to F2,13228.0,3.1718399693078685,6877.0,207.0,51.0,0.012228896162284645
2017-18,N4,East of England,East of England,Region,45 and over,A to F2,7821.0,3.242416327748965,3634.0,96.0,71.0,0.02943505424756124
2017-18,N5,London,London,Region,45 and over,A to F2,13583.0,4.98447740600207,5758.0,183.0,72.0,0.026421436592221823
2017-18,N6,South East,South East,Region,45 and over,A to F2,14631.0,4.128444250059961,6443.0,315.0,176.0,0.04966210019893057
2017-18,N7,South West,South West,Region,45 and over,A to F2,11556.0,4.816766147587448,4601.0,210.0,84.0,0.03501283804061489
2017-18,N1,North East and Yorkshire,North East and Yorkshire,Region,50<71,A to F2,9981.0,3.3352826185026148,4747.0,88.0,91.0,0.030408848640791297
2017-18,N2,North West,North West,Region,50<71,A to F2,8801.0,3.8732192917214943,4091.0,107.0,70.0,0.030806198207079263
2017-18,N3,Midlands,Midlands,Region,50<71,A to F2,10490.0,2.9603666452188246,5462.0,173.0,44.0,0.012417171819792973
2017-18,N4,East of England,East of England,Region,50<71,A to F2,6628.0,3.109197181645041,3020.0,81.0,58.0,0.027207820841190767
2017-18,N5,London,London,Region,50<71,A to F2,10971.0,4.683617796979193,4641.0,142.0,64.0,0.027322171088020084
2017-18,N6,South East,South East,Region,50<71,A to F2,11603.0,3.8515671161212794,5066.0,240.0,139.0,0.046140466184681365
2017-18,N7,South West,South West,Region,50<71,A to F2,9130.0,4.465115369191193,3598.0,153.0,65.0,0.03178888269413226
2018-19,N1,North East and Yorkshire,North East and Yorkshire,Region,45 and over,A to F2,12535.0,3.464535155289117,6252.0,115.0,105.0,0.029020836960937952
2018-19,N2,North West,North West,Region,45 and over,A to F2,11215.0,4.106013121668326,5587.0,137.0,69.0,0.02526214047214574
2018-19,N3,Midlands,Midlands,Region,45 and over,A to F2,13466.0,3.1424437599178567,7239.0,207.0,49.0,0.011434705497993093
2018-19,N4,East of England,East of England,Region,45 and over,A to F2,8256.0,3.0862628407374735,4098.0,108.0,80.0,0.02990564768156466
2018-19,N5,London,London,Region,45 and over,A to F2,13029.0,4.847819616014288,5416.0,146.0,67.0,0.024929304956094658
2018-19,N6,South East,South East,Region,45 and over,A to F2,14565.0,3.795281499663858,6999.0,280.0,177.0,0.046121855505698785
2018-19,N7,South West,South West,Region,45 and over,A to F2,11493.0,4.578610839989642,4617.0,132.0,72.0,0.028683544808079196
2018-19,N1,North East and Yorkshire,North East and Yorkshire,Region,50<71,A to F2,9845.0,3.2471173381883425,4867.0,77.0,82.0,0.027045568484656585
2018-19,N2,North West,North West,Region,50<71,A to F2,8685.0,3.8298547874287276,4288.0,112.0,58.0,0.025576462598833182
2018-19,N3,Midlands,Midlands,Region,50<71,A to F2,10275.0,2.889303811350254,5473.0,144.0,33.0,0.009279515890467969
2018-19,N4,East of England,East of England,Region,50<71,A to F2,6721.0,2.9227203346712645,3221.0,91.0,66.0,0.028701018016411766
2018-19,N5,London,London,Region,50<71,A to F2,10393.0,4.564419225634179,4240.0,114.0,54.0,0.023715831635162672
2018-19,N6,South East,South East,Region,50<71,A to F2,11208.0,3.5364610777876297,5316.0,212.0,130.0,0.04101890971737971
2018-19,N7,South West,South West,Region,50<71,A to F2,8923.0,4.298562970599429,3482.0,107.0,47.0,0.022641763937932664
2019-20,N1,North East and Yorkshire,North East and Yorkshire,Region,45 and over,A to F2,10534.0,3.0886242222730442,5372.0,92.0,76.0,0.02228359985691583
2019-20,N2,North West,North West,Region,45 and over,A to F2,10195.0,3.7316847302901524,5085.0,86.0,67.0,0.024524068359925474
2019-20,N3,Midlands,Midlands,Region,45 and over,A to F2,12877.0,3.217705501359348,6887.0,136.0,57.0,0.01424316328162482
2019-20,N4,East of England,East of England,Region,45 and over,A to F2,7551.0,3.137152258450494,3621.0,87.0,103.0,0.04279256821883205
2019-20,N5,London,London,Region,45 and over,A to F2,11953.0,4.45575188250205,4869.0,157.0,79.0,0.029449041974204133
2019-20,N6,South East,South East,Region,45 and over,A to F2,13272.0,3.6651137615742977,6350.0,175.0,135.0,0.037280768370443806
2019-20,N7,South West,South West,Region,45 and over,A to F2,10058.0,4.224896561863357,4110.0,99.0,67.0,0.028143574233927708
2019-20,N1,North East and Yorkshire,North East and Yorkshire,Region,50<71,A to F2,8763.0,2.964017778018306,4459.0,74.0,60.0,0.020294541444836053
2019-20,N2,North West,North West,Region,50<71,A to F2,8266.0,3.5283019673292726,4107.0,73.0,47.0,0.020061721807945295
2019-20,N3,Midlands,Midlands,Region,50<71,A to F2,10295.0,3.0138734787916404,5488.0,108.0,46.0,0.013466554640545454
2019-20,N4,East of England,East of England,Region,50<71,A to F2,6340.0,2.9909610703300435,2963.0,75.0,85.0,0.04009963580095484
2019-20,N5,London,London,Region,50<71,A to F2,10052.0,4.242513769599257,4041.0,133.0,66.0,0.027855741026019797
2019-20,N6,South East,South East,Region,50<71,A to F2,10721.0,3.4509730707576622,5126.0,138.0,106.0,0.03412024489322938
2019-20,N7,South West,South West,Region,50<71,A to F2,8220.0,4.024676850763807,3307.0,78.0,54.0,0.026439482961222092
2020-21,N1,North East and Yorkshire,North East and Yorkshire,Region,45 and over,A to F2,6704.0,3.5740179980381286,3385.0,54.0,48.0,0.025589627670917388
2020-21,N2,North West,North West,Region,45 and over,A to F2,5704.0,4.122697967561942,2933.0,56.0,48.0,0.03469311052646795
2020-21,N3,Midlands,Midlands,Region,45 and over,A to F2,8055.0,3.708119654185042,4202.0,78.0,38.0,0.01749330190676991
2020-21,N4,East of England,East of England,Region,45 and over,A to F2,5363.0,3.520507299653398,2493.0,62.0,77.0,0.05054616111752967
2020-21,N5,London,London,Region,45 and over,A to F2,6192.0,4.850991821002163,2583.0,64.0,35.0,0.027420011908119456
2020-21,N6,South East,South East,Region,45 and over,A to F2,8924.0,3.9105533231377323,4261.0,109.0,98.0,0.04294422071576623
2020-21,N7,South West,South West,Region,45 and over,A to F2,6256.0,4.606164131411153,2695.0,73.0,33.0,0.024297221281420724
2020-21,N1,North East and Yorkshire,North East and Yorkshire,Region,50<71,A to F2,6136.0,3.4876715131810796,3078.0,47.0,46.0,0.026146168449532214
2020-21,N2,North West,North West,Region,50<71,A to F2,5198.0,4.018119414984076,2662.0,49.0,41.0,0.03169351597044
2020-21,N3,Midlands,Midlands,Region,50<71,A to F2,7324.0,3.6073309002073577,3809.0,72.0,38.0,0.01871635366027848
2020-21,N4,East of England,East of England,Region,50<71,A to F2,5030.0,3.457781382975067,2327.0,56.0,73.0,0.05018251311275942
2020-21,N5,London,London,Region,50<71,A to F2,5669.0,4.726963453376581,2382.0,60.0,30.0,0.025014800423583956
2020-21,N6,South East,South East,Region,50<71,A to F2,8143.0,3.8004517791136165,3889.0,101.0,86.0,0.040137400589926445
2020-21,N7,South West,South West,Region,50<71,A to F2,5776.0,4.5129936086759495,2488.0,69.0,30.0,0.02344006375697342
2021-22,N1,North East and Yorkshire,North East and Yorkshire,Region,45 and over,A to F2,11305.0,3.0525343730761336,5927.0,137.0,86.0,0.02322140257271539
2021-22,N2,North West,North West,Region,45 and over,A to F2,9644.0,3.723796542630211,5032.0,107.0,67.0,0.02587042392743925
2021-22,N3,Midlands,Midlands,Region,45 and over,A to F2,13944.0,3.314294678446389,7580.0,180.0,48.0,0.011408931767457449
2021-22,N4,East of England,East of England,Region,45 and over,A to F2,7601.0,2.8985562512870184,3776.0,115.0,105.0,0.04004057444877476
2021-22,N5,London,London,Region,45 and over,A to F2,11239.0,4.1789679559161454,4964.0,130.0,55.0,0.020450506057068066
2021-22,N6,South East,South East,Region,45 and over,A to F2,13703.0,3.678904624471441,6937.0,213.0,142.0,0.03812336398416001
2021-22,N7,South West,South West,Region,45 and over,A to F2,9604.0,3.8641200918955674,4400.0,109.0,70.0,0.02816414061148373
2021-22,N1,North East and Yorkshire,North East and Yorkshire,Region,50<71,A to F2,10440.0,3.0104761108339653,5417.0,120.0,79.0,0.022780422677766598
2021-22,N2,North West,North West,Region,50<71,A to F2,8982.0,3.684318470815046,4631.0,101.0,65.0,0.026662291316296813
2021-22,N3,Midlands,Midlands,Region,50<71,A to F2,12859.0,3.2587182560700247,6942.0,167.0,47.0,0.011910705189773012
2021-22,N4,East of England,East of England,Region,50<71,A to F2,6784.0,2.841216060576871,3295.0,101.0,95.0,0.03978707631998861
2021-22,N5,London,London,Region,50<71,A to F2,10661.0,4.145442385311112,4667.0,127.0,53.0,0.020608615178828345
2021-22,N6,South East,South East,Region,50<71,A to F2,12585.0,3.623835247232812,6312.0,201.0,135.0,0.03887308370094793
2021-22,N7,South West,South West,Region,50<71,A to F2,8841.0,3.805559620864505,3995.0,105.0,66.0,0.02840933547981646
2022-23,N1,North East and Yorkshire,North East and Yorkshire,Region,45 and over,A to F2,10112.0,2.981650699856402,5448.0,105.0,92.0,0.027127360006604925
2022-23,N2,North West,North West,Region,45 and over,A to F2,10117.0,3.5515068541238834,5394.0,110.0,55.0,0.019307391220402648
2022-23,N3,Midlands,Midlands,Region,45 and over,A to F2,12820.0,3.04027775142765,6870.0,168.0,48.0,0.011383255231554383
2022-23,N4,East of England,East of England,Region,45 and over,A to F2,7136.0,2.934825970906728,3645.0,90.0,121.0,0.04976372512327831
2022-23,N5,London,London,Region,45 and over,A to F2,10639.0,3.878557653397885,4739.0,105.0,56.0,0.020415380072401686
2022-23,N6,South East,South East,Region,45 and over,A to F2,12469.0,3.365433924783132,6538.0,170.0,117.0,0.03157877690268879
2022-23,N7,South West,South West,Region,45 and over,A to F2,9565.0,3.93258888925435,4158.0,82.0,86.0,0.03535835279413216
2022-23,N1,North East and Yorkshire,North East and Yorkshire,Region,50<71,A to F2,9372.0,2.9450212423640614,5004.0,98.0,81.0,0.02545312853515674
2022-23,N2,North West,North West,Region,50<71,A to F2,9313.0,3.478166689075128,4938.0,102.0,50.0,0.018673717862531556
2022-23,N3,Midlands,Midlands,Region,50<71,A to F2,11603.0,2.9464569128607523,6135.0,150.0,41.0,0.010411508526009725
2022-23,N4,East of England,East of England,Region,50<71,A to F2,6289.0,2.854290058320285,3161.0,80.0,108.0,0.04901627067873919
2022-23,N5,London,London,Region,50<71,A to F2,10016.0,3.829902761154936,4384.0,96.0,54.0,0.020648437410380045
2022-23,N6,South East,South East,Region,50<71,A to F2,11314.0,3.286507715188697,5852.0,153.0,109.0,0.03166248373303588
2022-23,N7,South West,South West,Region,50<71,A to F2,8667.0,3.848647400486687,3711.0,79.0,77.0,0.034192436810600545
2012-13,N1,North East and Yorkshire,Barnsley,BSU,45 and over,A to F2,not included,4.21519117798619,not included,not included,not included,not included
2012-13,N1,North East and Yorkshire,Doncaster,BSU,45 and over,A to F2,not included,4.50210295598602,not included,not included,not included,not included
2012-13,N1,North East and Yorkshire,Gateshead,BSU,45 and over,A to F2,not included,3.081278063382573,not included,not included,not included,not included
2012-13,N1,North East and Yorkshire,Humberside,BSU,45 and over,A to F2,not included,3.103642119589337,not included,not included,not included,not included
2012-13,N1,North East and Yorkshire,Leeds Wakefield,BSU,45 and over,A to F2,not included,4.648028074089567,not included,not included,not included,not included
2012-13,N1,North East and Yorkshire,Newcastle,BSU,45 and over,A to F2,not included,3.3873660401744847,not included,not included,not included,not included
2012-13,N1,North East and Yorkshire,North Cumbria,BSU,45 and over,A to F2,not included,4.184864089694283,not included,not included,not included,not included
2012-13,N1,North East and Yorkshire,North Tees,BSU,45 and over,A to F2,not included,3.845296477931342,not included,not included,not included,not included
2012-13,N1,North East and Yorkshire,North Yorkshire,BSU,45 and over,A to F2,not included,4.511539128925906,not included,not included,not included,not included
2012-13,N1,North East and Yorkshire,Pennine,BSU,45 and over,A to F2,not included,4.034673424720654,not included,not included,not included,not included
2012-13,N1,North East and Yorkshire,Rotherham,BSU,45 and over,A to F2,not included,3.6705286729627105,not included,not included,not included,not included
2012-13,N1,North East and Yorkshire,Sheffield,BSU,45 and over,A to F2,not included,3.7070097138356526,not included,not included,not included,not included
2012-13,N2,North West,Bolton,BSU,45 and over,A to F2,not included,3.8250050170579977,not included,not included,not included,not included
2012-13,N2,North West,Cheshire & Stockport,BSU,45 and over,A to F2,not included,4.881934566145092,not included,not included,not included,not included
2012-13,N2,North West,Chester,BSU,45 and over,A to F2,not included,5.0417246175243395,not included,not included,not included,not included
2012-13,N2,North West,Crewe,BSU,45 and over,A to F2,not included,4.704435390883234,not included,not included,not included,not included
2012-13,N2,North West,East Lancashire,BSU,45 and over,A to F2,not included,3.580639357044323,not included,not included,not included,not included
2012-13,N2,North West,Liverpool,BSU,45 and over,A to F2,not included,4.364764174136692,not included,not included,not included,not included
2012-13,N2,North West,Manchester,BSU,45 and over,A to F2,not included,4.833038502697154,not included,not included,not included,not included
2012-13,N2,North West,North Lancashire & South Cumbria,BSU,45 and over,A to F2,not included,5.925770350145519,not included,not included,not included,not included
2012-13,N2,North West,South Lancashire,BSU,45 and over,A to F2,not included,3.9084073240154638,not included,not included,not included,not included
2012-13,N2,North West,"Warrington, Halton, St Helens & Knowsley",BSU,45 and over,A to F2,not included,4.49698655540102,not included,not included,not included,not included
2012-13,N2,North West,Wirral,BSU,45 and over,A to F2,not included,5.806671204901293,not included,not included,not included,not included
2012-13,N3,Midlands,"City, Sandwell & Walsall",BSU,45 and over,A to F2,not included,3.4857199523998412,not included,not included,not included,not included
2012-13,N3,Midlands,"Dudley, Wolverhampton & South West Staffordshire",BSU,45 and over,A to F2,not included,4.19718051995606,not included,not included,not included,not included
2012-13,N3,Midlands,Hereford & Worcester,BSU,45 and over,A to F2,not included,2.603146521766601,not included,not included,not included,not included
2012-13,N3,Midlands,Kettering,BSU,45 and over,A to F2,not included,2.6925148088314486,not included,not included,not included,not included
2012-13,N3,Midlands,Leicestershire,BSU,45 and over,A to F2,not included,4.180977364307543,not included,not included,not included,not included
2012-13,N3,Midlands,Lincolnshire,BSU,45 and over,A to F2,not included,3.112915081977692,not included,not included,not included,not included
2012-13,N3,Midlands,North Derbyshire & Chesterfield,BSU,45 and over,A to F2,not included,3.552186442801654,not included,not included,not included,not included
2012-13,N3,Midlands,North Midlands,BSU,45 and over,A to F2,not included,3.6854460093896715,not included,not included,not included,not included
2012-13,N3,Midlands,North Nottinghamshire,BSU,45 and over,A to F2,not included,2.8552201499711596,not included,not included,not included,not included
2012-13,N3,Midlands,Northampton,BSU,45 and over,A to F2,not included,3.720210461157537,not included,not included,not included,not included
2012-13,N3,Midlands,Nottingham City,BSU,45 and over,A to F2,not included,2.3578932959173198,not included,not included,not included,not included
2012-13,N3,Midlands,Shropshire,BSU,45 and over,A to F2,not included,3.3856833959257995,not included,not included,not included,not included
2012-13,N3,Midlands,South Birmingham,BSU,45 and over,A to F2,not included,4.305135951661631,not included,not included,not included,not included
2012-13,N3,Midlands,South Derbyshire & South East Staffordshire,BSU,45 and over,A to F2,not included,3.0026877204770703,not included,not included,not included,not included
2012-13,N3,Midlands,South Staffordshire,BSU,45 and over,A to F2,not included,1.9969214128218997,not included,not included,not included,not included
2012-13,N3,Midlands,"Warwickshire, Solihull & Coventry",BSU,45 and over,A to F2,not included,3.854662626845573,not included,not included,not included,not included
2012-13,N4,East of England,Beds & Herts,BSU,45 and over,A to F2,not included,4.693613879660391,not included,not included,not included,not included
2012-13,N4,East of England,Cambridge & Huntingdon,BSU,45 and over,A to F2,not included,3.034451289071412,not included,not included,not included,not included
2012-13,N4,East of England,Chelmsford & Colchester,BSU,45 and over,A to F2,not included,3.109294377806071,not included,not included,not included,not included
2012-13,N4,East of England,East Suffolk,BSU,45 and over,A to F2,not included,2.6187253575001472,not included,not included,not included,not included
2012-13,N4,East of England,Great Yarmouth & Waveney,BSU,45 and over,A to F2,not included,5.427814343106249,not included,not included,not included,not included
2012-13,N4,East of England,King's Lynn,BSU,45 and over,A to F2,not included,4.392635581348809,not included,not included,not included,not included
2012-13,N4,East of England,Milton Keynes,BSU,45 and over,A to F2,not included,4.833350115799013,not included,not included,not included,not included
2012-13,N4,East of England,Norfolk & Norwich,BSU,45 and over,A to F2,not included,3.1979223195596562,not included,not included,not included,not included
2012-13,N4,East of England,Peterborough,BSU,45 and over,A to F2,not included,4.626221601726107,not included,not included,not included,not included
2012-13,N4,East of England,South Essex,BSU,45 and over,A to F2,not included,2.6440935894997146,not included,not included,not included,not included
2012-13,N4,East of England,West Essex (Epping),BSU,45 and over,A to F2,not included,2.8735632183908044,not included,not included,not included,not included
2012-13,N4,East of England,West Suffolk,BSU,45 and over,A to F2,not included,4.035020936429387,not included,not included,not included,not included
2012-13,N5,London,Central & East London,BSU,45 and over,A to F2,not included,4.756149857705353,not included,not included,not included,not included
2012-13,N5,London,North London,BSU,45 and over,A to F2,not included,4.7985762821549915,not included,not included,not included,not included
2012-13,N5,London,Outer North East London,BSU,45 and over,A to F2,not included,5.452210116042165,not included,not included,not included,not included
2012-13,N5,London,South East London,BSU,45 and over,A to F2,not included,4.003882051705625,not included,not included,not included,not included
2012-13,N5,London,South West London,BSU,45 and over,A to F2,not included,5.287000233808745,not included,not included,not included,not included
2012-13,N5,London,West of London,BSU,45 and over,A to F2,not included,4.706109395677107,not included,not included,not included,not included
2012-13,N6,South East,Aylesbury & Wycombe,BSU,45 and over,A to F2,not included,3.9584972462627848,not included,not included,not included,not included
2012-13,N6,South East,Brighton,BSU,45 and over,A to F2,not included,2.972159518434913,not included,not included,not included,not included
2012-13,N6,South East,Canterbury,BSU,45 and over,A to F2,not included,4.486856319769536,not included,not included,not included,not included
2012-13,N6,South East,East Berkshire,BSU,45 and over,A to F2,not included,4.282060650347096,not included,not included,not included,not included
2012-13,N6,South East,Guildford,BSU,45 and over,A to F2,not included,5.323898744269484,not included,not included,not included,not included
2012-13,N6,South East,Isle of Wight,BSU,45 and over,A to F2,not included,4.111842105263158,not included,not included,not included,not included
2012-13,N6,South East,Maidstone,BSU,45 and over,A to F2,not included,5.611930257330268,not included,not included,not included,not included
2012-13,N6,South East,Medway,BSU,45 and over,A to F2,not included,4.67969873910468,not included,not included,not included,not included
2012-13,N6,South East,North & Mid Hampshire,BSU,45 and over,A to F2,not included,4.721806064989409,not included,not included,not included,not included
2012-13,N6,South East,Oxfordshire,BSU,45 and over,A to F2,not included,6.051154086088584,not included,not included,not included,not included
2012-13,N6,South East,Portsmouth,BSU,45 and over,A to F2,not included,3.8331510390772596,not included,not included,not included,not included
2012-13,N6,South East,Southampton & Salisbury,BSU,45 and over,A to F2,not included,4.965052692572339,not included,not included,not included,not included
2012-13,N6,South East,West Berkshire,BSU,45 and over,A to F2,not included,3.5126943906195662,not included,not included,not included,not included
2012-13,N6,South East,Worthing,BSU,45 and over,A to F2,not included,5.014972419227738,not included,not included,not included,not included
2012-13,N7,South West,Avon,BSU,45 and over,A to F2,not included,4.26991201533381,not included,not included,not included,not included
2012-13,N7,South West,Cornwall,BSU,45 and over,A to F2,not included,5.178242163491087,not included,not included,not included,not included
2012-13,N7,South West,Dorset,BSU,45 and over,A to F2,not included,5.412069284349381,not included,not included,not included,not included
2012-13,N7,South West,Gloucestershire,BSU,45 and over,A to F2,not included,4.8312998945624335,not included,not included,not included,not included
2012-13,N7,South West,North & East Devon,BSU,45 and over,A to F2,not included,4.944770452191922,not included,not included,not included,not included
2012-13,N7,South West,Somerset,BSU,45 and over,A to F2,not included,2.851842264216067,not included,not included,not included,not included
2012-13,N7,South West,South Devon,BSU,45 and over,A to F2,not included,4.401408450704225,not included,not included,not included,not included
2012-13,N7,South West,West Devon,BSU,45 and over,A to F2,not included,4.427567679272577,not included,not included,not included,not included
2012-13,N7,South West,Wiltshire,BSU,45 and over,A to F2,not included,3.9249146757679183,not included,not included,not included,not included
2012-13,N1,North East and Yorkshire,Barnsley,BSU,50<71,A to F2,not included,3.896713615023474,not included,not included,not included,not included
2012-13,N1,North East and Yorkshire,Doncaster,BSU,50<71,A to F2,not included,4.097337770382695,not included,not included,not included,not included
2012-13,N1,North East and Yorkshire,Gateshead,BSU,50<71,A to F2,not included,2.41255001386523,not included,not included,not included,not included
2012-13,N1,North East and Yorkshire,Humberside,BSU,50<71,A to F2,not included,2.978505629477994,not included,not included,not included,not included
2012-13,N1,North East and Yorkshire,Leeds Wakefield,BSU,50<71,A to F2,not included,4.317992977565735,not included,not included,not included,not included
2012-13,N1,North East and Yorkshire,Newcastle,BSU,50<71,A to F2,not included,3.143226457328415,not included,not included,not included,not included
2012-13,N1,North East and Yorkshire,North Cumbria,BSU,50<71,A to F2,not included,4.10207161476197,not included,not included,not included,not included
2012-13,N1,North East and Yorkshire,North Tees,BSU,50<71,A to F2,not included,3.584555833848356,not included,not included,not included,not included
2012-13,N1,North East and Yorkshire,North Yorkshire,BSU,50<71,A to F2,not included,4.256277907500717,not included,not included,not included,not included
2012-13,N1,North East and Yorkshire,Pennine,BSU,50<71,A to F2,not included,3.940339066794306,not included,not included,not included,not included
2012-13,N1,North East and Yorkshire,Rotherham,BSU,50<71,A to F2,not included,3.3337087509854717,not included,not included,not included,not included
2012-13,N1,North East and Yorkshire,Sheffield,BSU,50<71,A to F2,not included,3.6085326120366386,not included,not included,not included,not included
2012-13,N2,North West,Bolton,BSU,50<71,A to F2,not included,3.239299610894942,not included,not included,not included,not included
2012-13,N2,North West,Cheshire & Stockport,BSU,50<71,A to F2,not included,4.451499594704134,not included,not included,not included,not included
2012-13,N2,North West,Chester,BSU,50<71,A to F2,not included,4.856190079199667,not included,not included,not included,not included
2012-13,N2,North West,Crewe,BSU,50<71,A to F2,not included,4.368531916842202,not included,not included,not included,not included
2012-13,N2,North West,East Lancashire,BSU,50<71,A to F2,not included,3.238809136553285,not included,not included,not included,not included
2012-13,N2,North West,Liverpool,BSU,50<71,A to F2,not included,4.1381116591732505,not included,not included,not included,not included
2012-13,N2,North West,Manchester,BSU,50<71,A to F2,not included,4.5393526574852086,not included,not included,not included,not included
2012-13,N2,North West,North Lancashire & South Cumbria,BSU,50<71,A to F2,not included,5.5240204901010665,not included,not included,not included,not included
2012-13,N2,North West,South Lancashire,BSU,50<71,A to F2,not included,3.5998805018920534,not included,not included,not included,not included
2012-13,N2,North West,"Warrington, Halton, St Helens & Knowsley",BSU,50<71,A to F2,not included,4.245934743330854,not included,not included,not included,not included
2012-13,N2,North West,Wirral,BSU,50<71,A to F2,not included,5.594765475665343,not included,not included,not included,not included
2012-13,N3,Midlands,"City, Sandwell & Walsall",BSU,50<71,A to F2,not included,3.1872859776977784,not included,not included,not included,not included
2012-13,N3,Midlands,"Dudley, Wolverhampton & South West Staffordshire",BSU,50<71,A to F2,not included,3.7373683366304875,not included,not included,not included,not included
2012-13,N3,Midlands,Hereford & Worcester,BSU,50<71,A to F2,not included,2.523173710805475,not included,not included,not included,not included
2012-13,N3,Midlands,Kettering,BSU,50<71,A to F2,not included,2.58581854221101,not included,not included,not included,not included
2012-13,N3,Midlands,Leicestershire,BSU,50<71,A to F2,not included,4.035809057242003,not included,not included,not included,not included
2012-13,N3,Midlands,Lincolnshire,BSU,50<71,A to F2,not included,2.8437441380604014,not included,not included,not included,not included
2012-13,N3,Midlands,North Derbyshire & Chesterfield,BSU,50<71,A to F2,not included,3.314142308827871,not included,not included,not included,not included
2012-13,N3,Midlands,North Midlands,BSU,50<71,A to F2,not included,3.2858468424212655,not included,not included,not included,not included
2012-13,N3,Midlands,North Nottinghamshire,BSU,50<71,A to F2,not included,2.729133500113714,not included,not included,not included,not included
2012-13,N3,Midlands,Northampton,BSU,50<71,A to F2,not included,3.6312648306608186,not included,not included,not included,not included
2012-13,N3,Midlands,Nottingham City,BSU,50<71,A to F2,not included,2.1916834498282194,not included,not included,not included,not included
2012-13,N3,Midlands,Shropshire,BSU,50<71,A to F2,not included,3.290380581360503,not included,not included,not included,not included
2012-13,N3,Midlands,South Birmingham,BSU,50<71,A to F2,not included,3.9140445126630854,not included,not included,not included,not included
2012-13,N3,Midlands,South Derbyshire & South East Staffordshire,BSU,50<71,A to F2,not included,2.6767878545745107,not included,not included,not included,not included
2012-13,N3,Midlands,South Staffordshire,BSU,50<71,A to F2,not included,1.9648442662672363,not included,not included,not included,not included
2012-13,N3,Midlands,"Warwickshire, Solihull & Coventry",BSU,50<71,A to F2,not included,3.57582524549801,not included,not included,not included,not included
2012-13,N4,East of England,Beds & Herts,BSU,50<71,A to F2,not included,4.174810585264082,not included,not included,not included,not included
2012-13,N4,East of England,Cambridge & Huntingdon,BSU,50<71,A to F2,not included,2.8462362710956337,not included,not included,not included,not included
2012-13,N4,East of England,Chelmsford & Colchester,BSU,50<71,A to F2,not included,2.916998143728454,not included,not included,not included,not included
2012-13,N4,East of England,East Suffolk,BSU,50<71,A to F2,not included,2.1018774777470264,not included,not included,not included,not included
2012-13,N4,East of England,Great Yarmouth & Waveney,BSU,50<71,A to F2,not included,4.470792994669857,not included,not included,not included,not included
2012-13,N4,East of England,King's Lynn,BSU,50<71,A to F2,not included,3.7928802588996766,not included,not included,not included,not included
2012-13,N4,East of England,Milton Keynes,BSU,50<71,A to F2,not included,4.404145077720207,not included,not included,not included,not included
2012-13,N4,East of England,Norfolk & Norwich,BSU,50<71,A to F2,not included,2.712561006935525,not included,not included,not included,not included
2012-13,N4,East of England,Peterborough,BSU,50<71,A to F2,not included,4.048488616054083,not included,not included,not included,not included
2012-13,N4,East of England,South Essex,BSU,50<71,A to F2,not included,2.54880970586736,not included,not included,not included,not included
2012-13,N4,East of England,West Essex (Epping),BSU,50<71,A to F2,not included,2.831337527907449,not included,not included,not included,not included
2012-13,N4,East of England,West Suffolk,BSU,50<71,A to F2,not included,3.4469838890970403,not included,not included,not included,not included
2012-13,N5,London,Central & East London,BSU,50<71,A to F2,not included,4.6138128320392315,not included,not included,not included,not included
2012-13,N5,London,North London,BSU,50<71,A to F2,not included,4.486130664738785,not included,not included,not included,not included
2012-13,N5,London,Outer North East London,BSU,50<71,A to F2,not included,5.2964612139676595,not included,not included,not included,not included
2012-13,N5,London,South East London,BSU,50<71,A to F2,not included,3.6771946679476404,not included,not included,not included,not included
2012-13,N5,London,South West London,BSU,50<71,A to F2,not included,5.189780125291733,not included,not included,not included,not included
2012-13,N5,London,West of London,BSU,50<71,A to F2,not included,4.262591087895789,not included,not included,not included,not included
2012-13,N6,South East,Aylesbury & Wycombe,BSU,50<71,A to F2,not included,3.6328760753313185,not included,not included,not included,not included
2012-13,N6,South East,Brighton,BSU,50<71,A to F2,not included,2.7433024059123587,not included,not included,not included,not included
2012-13,N6,South East,Canterbury,BSU,50<71,A to F2,not included,4.229280273071639,not included,not included,not included,not included
2012-13,N6,South East,East Berkshire,BSU,50<71,A to F2,not included,3.945223345288556,not included,not included,not included,not included
2012-13,N6,South East,Guildford,BSU,50<71,A to F2,not included,4.883147386964181,not included,not included,not included,not included
2012-13,N6,South East,Isle of Wight,BSU,50<71,A to F2,not included,3.800984972850107,not included,not included,not included,not included
2012-13,N6,South East,Maidstone,BSU,50<71,A to F2,not included,5.163534211758411,not included,not included,not included,not included
2012-13,N6,South East,Medway,BSU,50<71,A to F2,not included,4.338033685859773,not included,not included,not included,not included
2012-13,N6,South East,North & Mid Hampshire,BSU,50<71,A to F2,not included,4.628090012193771,not included,not included,not included,not included
2012-13,N6,South East,Oxfordshire,BSU,50<71,A to F2,not included,5.562344200596315,not included,not included,not included,not included
2012-13,N6,South East,Portsmouth,BSU,50<71,A to F2,not included,3.7031021601429264,not included,not included,not included,not included
2012-13,N6,South East,Southampton & Salisbury,BSU,50<71,A to F2,not included,4.854256631708822,not included,not included,not included,not included
2012-13,N6,South East,West Berkshire,BSU,50<71,A to F2,not included,3.203997648442093,not included,not included,not included,not included
2012-13,N6,South East,Worthing,BSU,50<71,A to F2,not included,4.892557564415332,not included,not included,not included,not included
2012-13,N7,South West,Avon,BSU,50<71,A to F2,not included,3.738088086721459,not included,not included,not included,not included
2012-13,N7,South West,Cornwall,BSU,50<71,A to F2,not included,4.937361827560796,not included,not included,not included,not included
2012-13,N7,South West,Dorset,BSU,50<71,A to F2,not included,5.207994506487404,not included,not included,not included,not included
2012-13,N7,South West,Gloucestershire,BSU,50<71,A to F2,not included,4.654301637060257,not included,not included,not included,not included
2012-13,N7,South West,North & East Devon,BSU,50<71,A to F2,not included,4.3010196159619065,not included,not included,not included,not included
2012-13,N7,South West,Somerset,BSU,50<71,A to F2,not included,2.6457937381214363,not included,not included,not included,not included
2012-13,N7,South West,South Devon,BSU,50<71,A to F2,not included,4.247041659912465,not included,not included,not included,not included
2012-13,N7,South West,West Devon,BSU,50<71,A to F2,not included,4.015002459419577,not included,not included,not included,not included
2012-13,N7,South West,Wiltshire,BSU,50<71,A to F2,not included,3.444433188126836,not included,not included,not included,not included
2013-14,N1,North East and Yorkshire,Barnsley,BSU,45 and over,A to F2,not included,4.208559480380817,not included,not included,not included,not included
2013-14,N1,North East and Yorkshire,Doncaster,BSU,45 and over,A to F2,not included,4.8905815499939544,not included,not included,not included,not included
2013-14,N1,North East and Yorkshire,Gateshead,BSU,45 and over,A to F2,not included,3.3248016380854875,not included,not included,not included,not included
2013-14,N1,North East and Yorkshire,Humberside,BSU,45 and over,A to F2,not included,2.977340179959486,not included,not included,not included,not included
2013-14,N1,North East and Yorkshire,Leeds Wakefield,BSU,45 and over,A to F2,not included,5.0445020279405135,not included,not included,not included,not included
2013-14,N1,North East and Yorkshire,Newcastle,BSU,45 and over,A to F2,not included,4.26895474166468,not included,not included,not included,not included
2013-14,N1,North East and Yorkshire,North Cumbria,BSU,45 and over,A to F2,not included,4.633363509176199,not included,not included,not included,not included
2013-14,N1,North East and Yorkshire,North Tees,BSU,45 and over,A to F2,not included,3.790498483800606,not included,not included,not included,not included
2013-14,N1,North East and Yorkshire,North Yorkshire,BSU,45 and over,A to F2,not included,3.9380888290713325,not included,not included,not included,not included
2013-14,N1,North East and Yorkshire,Pennine,BSU,45 and over,A to F2,not included,4.453204476093591,not included,not included,not included,not included
2013-14,N1,North East and Yorkshire,Rotherham,BSU,45 and over,A to F2,not included,3.7934577838671006,not included,not included,not included,not included
2013-14,N1,North East and Yorkshire,Sheffield,BSU,45 and over,A to F2,not included,3.504969338126454,not included,not included,not included,not included
2013-14,N2,North West,Bolton,BSU,45 and over,A to F2,not included,4.3812387754249675,not included,not included,not included,not included
2013-14,N2,North West,Cheshire & Stockport,BSU,45 and over,A to F2,not included,4.475947013711364,not included,not included,not included,not included
2013-14,N2,North West,Chester,BSU,45 and over,A to F2,not included,4.7590433842086295,not included,not included,not included,not included
2013-14,N2,North West,Crewe,BSU,45 and over,A to F2,not included,4.854368932038835,not included,not included,not included,not included
2013-14,N2,North West,East Lancashire,BSU,45 and over,A to F2,not included,3.525691699604743,not included,not included,not included,not included
2013-14,N2,North West,Liverpool,BSU,45 and over,A to F2,not included,4.126134360514461,not included,not included,not included,not included
2013-14,N2,North West,Manchester,BSU,45 and over,A to F2,not included,5.173597489211455,not included,not included,not included,not included
2013-14,N2,North West,North Lancashire & South Cumbria,BSU,45 and over,A to F2,not included,5.049088359046284,not included,not included,not included,not included
2013-14,N2,North West,South Lancashire,BSU,45 and over,A to F2,not included,4.6392327422772395,not included,not included,not included,not included
2013-14,N2,North West,"Warrington, Halton, St Helens & Knowsley",BSU,45 and over,A to F2,not included,5.367165575304023,not included,not included,not included,not included
2013-14,N2,North West,Wirral,BSU,45 and over,A to F2,not included,6.592073335130763,not included,not included,not included,not included
2013-14,N3,Midlands,"City, Sandwell & Walsall",BSU,45 and over,A to F2,not included,3.7901636229784605,not included,not included,not included,not included
2013-14,N3,Midlands,"Dudley, Wolverhampton & South West Staffordshire",BSU,45 and over,A to F2,not included,4.607805255023184,not included,not included,not included,not included
2013-14,N3,Midlands,Hereford & Worcester,BSU,45 and over,A to F2,not included,2.5290164935858277,not included,not included,not included,not included
2013-14,N3,Midlands,Kettering,BSU,45 and over,A to F2,not included,3.135575661302576,not included,not included,not included,not included
2013-14,N3,Midlands,Leicestershire,BSU,45 and over,A to F2,not included,3.8896268848027225,not included,not included,not included,not included
2013-14,N3,Midlands,Lincolnshire,BSU,45 and over,A to F2,not included,3.3162243820756436,not included,not included,not included,not included
2013-14,N3,Midlands,North Derbyshire & Chesterfield,BSU,45 and over,A to F2,not included,3.2204495581519486,not included,not included,not included,not included
2013-14,N3,Midlands,North Midlands,BSU,45 and over,A to F2,not included,4.394890668975969,not included,not included,not included,not included
2013-14,N3,Midlands,North Nottinghamshire,BSU,45 and over,A to F2,not included,2.9612546125461257,not included,not included,not included,not included
2013-14,N3,Midlands,Northampton,BSU,45 and over,A to F2,not included,3.4531090723751277,not included,not included,not included,not included
2013-14,N3,Midlands,Nottingham City,BSU,45 and over,A to F2,not included,2.616161616161616,not included,not included,not included,not included
2013-14,N3,Midlands,Shropshire,BSU,45 and over,A to F2,not included,4.037378698933749,not included,not included,not included,not included
2013-14,N3,Midlands,South Birmingham,BSU,45 and over,A to F2,not included,4.705383637134379,not included,not included,not included,not included
2013-14,N3,Midlands,South Derbyshire & South East Staffordshire,BSU,45 and over,A to F2,not included,2.743505853600851,not included,not included,not included,not included
2013-14,N3,Midlands,South Staffordshire,BSU,45 and over,A to F2,not included,2.89906660338554,not included,not included,not included,not included
2013-14,N3,Midlands,"Warwickshire, Solihull & Coventry",BSU,45 and over,A to F2,not included,4.045939363399681,not included,not included,not included,not included
2013-14,N4,East of England,Beds & Herts,BSU,45 and over,A to F2,not included,4.405947122041274,not included,not included,not included,not included
2013-14,N4,East of England,Cambridge & Huntingdon,BSU,45 and over,A to F2,not included,2.9827954799959278,not included,not included,not included,not included
2013-14,N4,East of England,Chelmsford & Colchester,BSU,45 and over,A to F2,not included,2.7558280138353815,not included,not included,not included,not included
2013-14,N4,East of England,East Suffolk,BSU,45 and over,A to F2,not included,2.7591513685830495,not included,not included,not included,not included
2013-14,N4,East of England,Great Yarmouth & Waveney,BSU,45 and over,A to F2,not included,6.144287193648601,not included,not included,not included,not included
2013-14,N4,East of England,King's Lynn,BSU,45 and over,A to F2,not included,4.458957324625605,not included,not included,not included,not included
2013-14,N4,East of England,Milton Keynes,BSU,45 and over,A to F2,not included,3.869634638865408,not included,not included,not included,not included
2013-14,N4,East of England,Norfolk & Norwich,BSU,45 and over,A to F2,not included,2.687991648957984,not included,not included,not included,not included
2013-14,N4,East of England,Peterborough,BSU,45 and over,A to F2,not included,4.234242132024195,not included,not included,not included,not included
2013-14,N4,East of England,South Essex,BSU,45 and over,A to F2,not included,2.1940516821062896,not included,not included,not included,not included
2013-14,N4,East of England,West Essex (Epping),BSU,45 and over,A to F2,not included,3.0087253033798014,not included,not included,not included,not included
2013-14,N4,East of England,West Suffolk,BSU,45 and over,A to F2,not included,4.053543068895107,not included,not included,not included,not included
2013-14,N5,London,Central & East London,BSU,45 and over,A to F2,not included,5.001379419067513,not included,not included,not included,not included
2013-14,N5,London,North London,BSU,45 and over,A to F2,not included,5.36164913315636,not included,not included,not included,not included
2013-14,N5,London,Outer North East London,BSU,45 and over,A to F2,not included,5.304127443881246,not included,not included,not included,not included
2013-14,N5,London,South East London,BSU,45 and over,A to F2,not included,3.7217086388269047,not included,not included,not included,not included
2013-14,N5,London,South West London,BSU,45 and over,A to F2,not included,5.404652811178898,not included,not included,not included,not included
2013-14,N5,London,West of London,BSU,45 and over,A to F2,not included,4.984061242059706,not included,not included,not included,not included
2013-14,N6,South East,Aylesbury & Wycombe,BSU,45 and over,A to F2,not included,3.959923664122137,not included,not included,not included,not included
2013-14,N6,South East,Brighton,BSU,45 and over,A to F2,not included,3.642840038314176,not included,not included,not included,not included
2013-14,N6,South East,Canterbury,BSU,45 and over,A to F2,not included,4.162559957947303,not included,not included,not included,not included
2013-14,N6,South East,East Berkshire,BSU,45 and over,A to F2,not included,4.009870450339297,not included,not included,not included,not included
2013-14,N6,South East,Guildford,BSU,45 and over,A to F2,not included,6.230881003364944,not included,not included,not included,not included
2013-14,N6,South East,Isle of Wight,BSU,45 and over,A to F2,not included,5.4492330168005845,not included,not included,not included,not included
2013-14,N6,South East,Maidstone,BSU,45 and over,A to F2,not included,4.996606275779252,not included,not included,not included,not included
2013-14,N6,South East,Medway,BSU,45 and over,A to F2,not included,5.382601105615362,not included,not included,not included,not included
2013-14,N6,South East,North & Mid Hampshire,BSU,45 and over,A to F2,not included,5.363966142684402,not included,not included,not included,not included
2013-14,N6,South East,Oxfordshire,BSU,45 and over,A to F2,not included,4.542558374873505,not included,not included,not included,not included
2013-14,N6,South East,Portsmouth,BSU,45 and over,A to F2,not included,5.47457545581373,not included,not included,not included,not included
2013-14,N6,South East,Southampton & Salisbury,BSU,45 and over,A to F2,not included,5.268513807299135,not included,not included,not included,not included
2013-14,N6,South East,West Berkshire,BSU,45 and over,A to F2,not included,3.846355669832607,not included,not included,not included,not included
2013-14,N6,South East,Worthing,BSU,45 and over,A to F2,not included,5.0841452612931795,not included,not included,not included,not included
2013-14,N7,South West,Avon,BSU,45 and over,A to F2,not included,4.93266200008187,not included,not included,not included,not included
2013-14,N7,South West,Cornwall,BSU,45 and over,A to F2,not included,4.622153678671868,not included,not included,not included,not included
2013-14,N7,South West,Dorset,BSU,45 and over,A to F2,not included,5.34481791145278,not included,not included,not included,not included
2013-14,N7,South West,Gloucestershire,BSU,45 and over,A to F2,not included,4.092453605167843,not included,not included,not included,not included
2013-14,N7,South West,North & East Devon,BSU,45 and over,A to F2,not included,4.938320417523327,not included,not included,not included,not included
2013-14,N7,South West,Somerset,BSU,45 and over,A to F2,not included,2.728935867466206,not included,not included,not included,not included
2013-14,N7,South West,South Devon,BSU,45 and over,A to F2,not included,5.234697709350357,not included,not included,not included,not included
2013-14,N7,South West,West Devon,BSU,45 and over,A to F2,not included,5.111142573977063,not included,not included,not included,not included
2013-14,N7,South West,Wiltshire,BSU,45 and over,A to F2,not included,3.5876800421195143,not included,not included,not included,not included
2013-14,N1,North East and Yorkshire,Barnsley,BSU,50<71,A to F2,not included,3.70642587148257,not included,not included,not included,not included
2013-14,N1,North East and Yorkshire,Doncaster,BSU,50<71,A to F2,not included,4.576371432796096,not included,not included,not included,not included
2013-14,N1,North East and Yorkshire,Gateshead,BSU,50<71,A to F2,not included,2.703044481679365,not included,not included,not included,not included
2013-14,N1,North East and Yorkshire,Humberside,BSU,50<71,A to F2,not included,2.8892719363046866,not included,not included,not included,not included
2013-14,N1,North East and Yorkshire,Leeds Wakefield,BSU,50<71,A to F2,not included,4.5353759322717195,not included,not included,not included,not included
2013-14,N1,North East and Yorkshire,Newcastle,BSU,50<71,A to F2,not included,3.951863592994983,not included,not included,not included,not included
2013-14,N1,North East and Yorkshire,North Cumbria,BSU,50<71,A to F2,not included,4.504504504504505,not included,not included,not included,not included
2013-14,N1,North East and Yorkshire,North Tees,BSU,50<71,A to F2,not included,3.4895497652149894,not included,not included,not included,not included
2013-14,N1,North East and Yorkshire,North Yorkshire,BSU,50<71,A to F2,not included,3.6540449728612043,not included,not included,not included,not included
2013-14,N1,North East and Yorkshire,Pennine,BSU,50<71,A to F2,not included,4.25263774912075,not included,not included,not included,not included
2013-14,N1,North East and Yorkshire,Rotherham,BSU,50<71,A to F2,not included,3.5039046444718456,not included,not included,not included,not included
2013-14,N1,North East and Yorkshire,Sheffield,BSU,50<71,A to F2,not included,3.149258441148627,not included,not included,not included,not included
2013-14,N2,North West,Bolton,BSU,50<71,A to F2,not included,3.952000793375316,not included,not included,not included,not included
2013-14,N2,North West,Cheshire & Stockport,BSU,50<71,A to F2,not included,4.119538700377023,not included,not included,not included,not included
2013-14,N2,North West,Chester,BSU,50<71,A to F2,not included,4.272766508416055,not included,not included,not included,not included
2013-14,N2,North West,Crewe,BSU,50<71,A to F2,not included,4.397466773704398,not included,not included,not included,not included
2013-14,N2,North West,East Lancashire,BSU,50<71,A to F2,not included,3.431190387712127,not included,not included,not included,not included
2013-14,N2,North West,Liverpool,BSU,50<71,A to F2,not included,3.7782309260898006,not included,not included,not included,not included
2013-14,N2,North West,Manchester,BSU,50<71,A to F2,not included,4.715087698885948,not included,not included,not included,not included
2013-14,N2,North West,North Lancashire & South Cumbria,BSU,50<71,A to F2,not included,4.6546199332694655,not included,not included,not included,not included
2013-14,N2,North West,South Lancashire,BSU,50<71,A to F2,not included,4.115780781433352,not included,not included,not included,not included
2013-14,N2,North West,"Warrington, Halton, St Helens & Knowsley",BSU,50<71,A to F2,not included,4.936342326607528,not included,not included,not included,not included
2013-14,N2,North West,Wirral,BSU,50<71,A to F2,not included,6.131924431636247,not included,not included,not included,not included
2013-14,N3,Midlands,"City, Sandwell & Walsall",BSU,50<71,A to F2,not included,3.3922221595078175,not included,not included,not included,not included
2013-14,N3,Midlands,"Dudley, Wolverhampton & South West Staffordshire",BSU,50<71,A to F2,not included,4.182465816385155,not included,not included,not included,not included
2013-14,N3,Midlands,Hereford & Worcester,BSU,50<71,A to F2,not included,2.4675111037999673,not included,not included,not included,not included
2013-14,N3,Midlands,Kettering,BSU,50<71,A to F2,not included,2.916464695427371,not included,not included,not included,not included
2013-14,N3,Midlands,Leicestershire,BSU,50<71,A to F2,not included,3.6638997306360293,not included,not included,not included,not included
2013-14,N3,Midlands,Lincolnshire,BSU,50<71,A to F2,not included,3.1316694978004267,not included,not included,not included,not included
2013-14,N3,Midlands,North Derbyshire & Chesterfield,BSU,50<71,A to F2,not included,2.995008319467554,not included,not included,not included,not included
2013-14,N3,Midlands,North Midlands,BSU,50<71,A to F2,not included,3.9663224363612444,not included,not included,not included,not included
2013-14,N3,Midlands,North Nottinghamshire,BSU,50<71,A to F2,not included,2.7348777348777347,not included,not included,not included,not included
2013-14,N3,Midlands,Northampton,BSU,50<71,A to F2,not included,3.1481761767822003,not included,not included,not included,not included
2013-14,N3,Midlands,Nottingham City,BSU,50<71,A to F2,not included,2.4086776200350934,not included,not included,not included,not included
2013-14,N3,Midlands,Shropshire,BSU,50<71,A to F2,not included,3.8696014888018992,not included,not included,not included,not included
2013-14,N3,Midlands,South Birmingham,BSU,50<71,A to F2,not included,4.303529219985329,not included,not included,not included,not included
2013-14,N3,Midlands,South Derbyshire & South East Staffordshire,BSU,50<71,A to F2,not included,2.527299604215345,not included,not included,not included,not included
2013-14,N3,Midlands,South Staffordshire,BSU,50<71,A to F2,not included,2.888542675481073,not included,not included,not included,not included
2013-14,N3,Midlands,"Warwickshire, Solihull & Coventry",BSU,50<71,A to F2,not included,3.788722977490528,not included,not included,not included,not included
2013-14,N4,East of England,Beds & Herts,BSU,50<71,A to F2,not included,3.9394295564958473,not included,not included,not included,not included
2013-14,N4,East of England,Cambridge & Huntingdon,BSU,50<71,A to F2,not included,2.664989819140017,not included,not included,not included,not included
2013-14,N4,East of England,Chelmsford & Colchester,BSU,50<71,A to F2,not included,2.520980306931024,not included,not included,not included,not included
2013-14,N4,East of England,East Suffolk,BSU,50<71,A to F2,not included,2.3251231527093594,not included,not included,not included,not included
2013-14,N4,East of England,Great Yarmouth & Waveney,BSU,50<71,A to F2,not included,4.8859455481972045,not included,not included,not included,not included
2013-14,N4,East of England,King's Lynn,BSU,50<71,A to F2,not included,3.837044054950261,not included,not included,not included,not included
2013-14,N4,East of England,Milton Keynes,BSU,50<71,A to F2,not included,3.45709204090707,not included,not included,not included,not included
2013-14,N4,East of England,Norfolk & Norwich,BSU,50<71,A to F2,not included,2.107319078947368,not included,not included,not included,not included
2013-14,N4,East of England,Peterborough,BSU,50<71,A to F2,not included,3.654559766108175,not included,not included,not included,not included
2013-14,N4,East of England,South Essex,BSU,50<71,A to F2,not included,2.0972185195059097,not included,not included,not included,not included
2013-14,N4,East of England,West Essex (Epping),BSU,50<71,A to F2,not included,2.9484825575116105,not included,not included,not included,not included
2013-14,N4,East of England,West Suffolk,BSU,50<71,A to F2,not included,3.467884776731612,not included,not included,not included,not included
2013-14,N5,London,Central & East London,BSU,50<71,A to F2,not included,4.852144939608497,not included,not included,not included,not included
2013-14,N5,London,North London,BSU,50<71,A to F2,not included,4.899937704407413,not included,not included,not included,not included
2013-14,N5,London,Outer North East London,BSU,50<71,A to F2,not included,5.158525455339074,not included,not included,not included,not included
2013-14,N5,London,South East London,BSU,50<71,A to F2,not included,3.41705949951922,not included,not included,not included,not included
2013-14,N5,London,South West London,BSU,50<71,A to F2,not included,5.3111702127659575,not included,not included,not included,not included
2013-14,N5,London,West of London,BSU,50<71,A to F2,not included,4.420849420849421,not included,not included,not included,not included
2013-14,N6,South East,Aylesbury & Wycombe,BSU,50<71,A to F2,not included,3.6657381615598887,not included,not included,not included,not included
2013-14,N6,South East,Brighton,BSU,50<71,A to F2,not included,3.3612848209209774,not included,not included,not included,not included
2013-14,N6,South East,Canterbury,BSU,50<71,A to F2,not included,3.6076221778769026,not included,not included,not included,not included
2013-14,N6,South East,East Berkshire,BSU,50<71,A to F2,not included,3.7207632948495544,not included,not included,not included,not included
2013-14,N6,South East,Guildford,BSU,50<71,A to F2,not included,5.695027168305936,not included,not included,not included,not included
2013-14,N6,South East,Isle of Wight,BSU,50<71,A to F2,not included,5.4031165311653115,not included,not included,not included,not included
2013-14,N6,South East,Maidstone,BSU,50<71,A to F2,not included,4.7633313361294185,not included,not included,not included,not included
2013-14,N6,South East,Medway,BSU,50<71,A to F2,not included,4.87252682350625,not included,not included,not included,not included
2013-14,N6,South East,North & Mid Hampshire,BSU,50<71,A to F2,not included,4.851877770002332,not included,not included,not included,not included
2013-14,N6,South East,Oxfordshire,BSU,50<71,A to F2,not included,4.342624185757965,not included,not included,not included,not included
2013-14,N6,South East,Portsmouth,BSU,50<71,A to F2,not included,5.025880781432626,not included,not included,not included,not included
2013-14,N6,South East,Southampton & Salisbury,BSU,50<71,A to F2,not included,4.674113436720529,not included,not included,not included,not included
2013-14,N6,South East,West Berkshire,BSU,50<71,A to F2,not included,3.5230692076228682,not included,not included,not included,not included
2013-14,N6,South East,Worthing,BSU,50<71,A to F2,not included,4.931422407150563,not included,not included,not included,not included
2013-14,N7,South West,Avon,BSU,50<71,A to F2,not included,4.4211963811056645,not included,not included,not included,not included
2013-14,N7,South West,Cornwall,BSU,50<71,A to F2,not included,4.318901228606685,not included,not included,not included,not included
2013-14,N7,South West,Dorset,BSU,50<71,A to F2,not included,5.008190966534051,not included,not included,not included,not included
2013-14,N7,South West,Gloucestershire,BSU,50<71,A to F2,not included,3.835978835978836,not included,not included,not included,not included
2013-14,N7,South West,North & East Devon,BSU,50<71,A to F2,not included,4.2766631467793035,not included,not included,not included,not included
2013-14,N7,South West,Somerset,BSU,50<71,A to F2,not included,2.524200465629212,not included,not included,not included,not included
2013-14,N7,South West,South Devon,BSU,50<71,A to F2,not included,5.059931506849315,not included,not included,not included,not included
2013-14,N7,South West,West Devon,BSU,50<71,A to F2,not included,4.566811826724731,not included,not included,not included,not included
2013-14,N7,South West,Wiltshire,BSU,50<71,A to F2,not included,3.085225995052845,not included,not included,not included,not included
2014-15,N1,North East and Yorkshire,Barnsley,BSU,45 and over,A to F2,not included,3.29185852846086,not included,not included,not included,not included
2014-15,N1,North East and Yorkshire,Doncaster,BSU,45 and over,A to F2,not included,3.1988626266216458,not included,not included,not included,not included
2014-15,N1,North East and Yorkshire,Gateshead,BSU,45 and over,A to F2,not included,3.3001496144550577,not included,not included,not included,not included
2014-15,N1,North East and Yorkshire,Humberside,BSU,45 and over,A to F2,not included,3.177139761646804,not included,not included,not included,not included
2014-15,N1,North East and Yorkshire,Leeds Wakefield,BSU,45 and over,A to F2,not included,4.576046566016163,not included,not included,not included,not included
2014-15,N1,North East and Yorkshire,Newcastle,BSU,45 and over,A to F2,not included,3.9498701229146027,not included,not included,not included,not included
2014-15,N1,North East and Yorkshire,North Cumbria,BSU,45 and over,A to F2,not included,3.7097941195816615,not included,not included,not included,not included
2014-15,N1,North East and Yorkshire,North Tees,BSU,45 and over,A to F2,not included,3.4081838982599906,not included,not included,not included,not included
2014-15,N1,North East and Yorkshire,North Yorkshire,BSU,45 and over,A to F2,not included,3.6490999429828133,not included,not included,not included,not included
2014-15,N1,North East and Yorkshire,Pennine,BSU,45 and over,A to F2,not included,3.7803297734483223,not included,not included,not included,not included
2014-15,N1,North East and Yorkshire,Rotherham,BSU,45 and over,A to F2,not included,3.9583688790308824,not included,not included,not included,not included
2014-15,N1,North East and Yorkshire,Sheffield,BSU,45 and over,A to F2,not included,2.674457270438459,not included,not included,not included,not included
2014-15,N2,North West,Bolton,BSU,45 and over,A to F2,not included,4.6565237436606735,not included,not included,not included,not included
2014-15,N2,North West,Cheshire & Stockport,BSU,45 and over,A to F2,not included,4.118561801988596,not included,not included,not included,not included
2014-15,N2,North West,Chester,BSU,45 and over,A to F2,not included,4.169148302561048,not included,not included,not included,not included
2014-15,N2,North West,Crewe,BSU,45 and over,A to F2,not included,4.351272093207577,not included,not included,not included,not included
2014-15,N2,North West,East Lancashire,BSU,45 and over,A to F2,not included,3.925494761350407,not included,not included,not included,not included
2014-15,N2,North West,Liverpool,BSU,45 and over,A to F2,not included,4.326357096141269,not included,not included,not included,not included
2014-15,N2,North West,Manchester,BSU,45 and over,A to F2,not included,4.867773827497199,not included,not included,not included,not included
2014-15,N2,North West,North Lancashire & South Cumbria,BSU,45 and over,A to F2,not included,5.204409097251291,not included,not included,not included,not included
2014-15,N2,North West,South Lancashire,BSU,45 and over,A to F2,not included,5.875701956054725,not included,not included,not included,not included
2014-15,N2,North West,"Warrington, Halton, St Helens & Knowsley",BSU,45 and over,A to F2,not included,5.03747062214536,not included,not included,not included,not included
2014-15,N2,North West,Wirral,BSU,45 and over,A to F2,not included,8.001101700750533,not included,not included,not included,not included
2014-15,N3,Midlands,"City, Sandwell & Walsall",BSU,45 and over,A to F2,not included,2.920620344862769,not included,not included,not included,not included
2014-15,N3,Midlands,"Dudley, Wolverhampton & South West Staffordshire",BSU,45 and over,A to F2,not included,4.652714878199933,not included,not included,not included,not included
2014-15,N3,Midlands,Hereford & Worcester,BSU,45 and over,A to F2,not included,2.3364088005677788,not included,not included,not included,not included
2014-15,N3,Midlands,Kettering,BSU,45 and over,A to F2,not included,2.343541944074567,not included,not included,not included,not included
2014-15,N3,Midlands,Leicestershire,BSU,45 and over,A to F2,not included,4.128845326753741,not included,not included,not included,not included
2014-15,N3,Midlands,Lincolnshire,BSU,45 and over,A to F2,not included,3.2627051139079177,not included,not included,not included,not included
2014-15,N3,Midlands,North Derbyshire & Chesterfield,BSU,45 and over,A to F2,not included,3.1128159979876746,not included,not included,not included,not included
2014-15,N3,Midlands,North Midlands,BSU,45 and over,A to F2,not included,4.54093305480951,not included,not included,not included,not included
2014-15,N3,Midlands,North Nottinghamshire,BSU,45 and over,A to F2,not included,2.9041193816459656,not included,not included,not included,not included
2014-15,N3,Midlands,Northampton,BSU,45 and over,A to F2,not included,4.376968965748375,not included,not included,not included,not included
2014-15,N3,Midlands,Nottingham City,BSU,45 and over,A to F2,not included,2.661900354281702,not included,not included,not included,not included
2014-15,N3,Midlands,Shropshire,BSU,45 and over,A to F2,not included,3.1691682923916074,not included,not included,not included,not included
2014-15,N3,Midlands,South Birmingham,BSU,45 and over,A to F2,not included,4.225454545454546,not included,not included,not included,not included
2014-15,N3,Midlands,South Derbyshire & South East Staffordshire,BSU,45 and over,A to F2,not included,2.4887379070969646,not included,not included,not included,not included
2014-15,N3,Midlands,South Staffordshire,BSU,45 and over,A to F2,not included,3.5520101599396754,not included,not included,not included,not included
2014-15,N3,Midlands,"Warwickshire, Solihull & Coventry",BSU,45 and over,A to F2,not included,4.853630115811752,not included,not included,not included,not included
2014-15,N4,East of England,Beds & Herts,BSU,45 and over,A to F2,not included,4.777522247775223,not included,not included,not included,not included
2014-15,N4,East of England,Cambridge & Huntingdon,BSU,45 and over,A to F2,not included,2.6943382486801384,not included,not included,not included,not included
2014-15,N4,East of England,Chelmsford & Colchester,BSU,45 and over,A to F2,not included,2.5337790387370434,not included,not included,not included,not included
2014-15,N4,East of England,East Suffolk,BSU,45 and over,A to F2,not included,2.8258525790160585,not included,not included,not included,not included
2014-15,N4,East of England,Great Yarmouth & Waveney,BSU,45 and over,A to F2,not included,4.655530295542157,not included,not included,not included,not included
2014-15,N4,East of England,King's Lynn,BSU,45 and over,A to F2,not included,4.032404878936829,not included,not included,not included,not included
2014-15,N4,East of England,Milton Keynes,BSU,45 and over,A to F2,not included,4.177921844048262,not included,not included,not included,not included
2014-15,N4,East of England,Norfolk & Norwich,BSU,45 and over,A to F2,not included,2.68891446106636,not included,not included,not included,not included
2014-15,N4,East of England,Peterborough,BSU,45 and over,A to F2,not included,3.769660730534252,not included,not included,not included,not included
2014-15,N4,East of England,South Essex,BSU,45 and over,A to F2,not included,2.202697685929959,not included,not included,not included,not included
2014-15,N4,East of England,West Essex (Epping),BSU,45 and over,A to F2,not included,3.4529147982062782,not included,not included,not included,not included
2014-15,N4,East of England,West Suffolk,BSU,45 and over,A to F2,not included,5.042016806722689,not included,not included,not included,not included
2014-15,N5,London,Central & East London,BSU,45 and over,A to F2,not included,3.970467596390484,not included,not included,not included,not included
2014-15,N5,London,North London,BSU,45 and over,A to F2,not included,5.195196893438142,not included,not included,not included,not included
2014-15,N5,London,Outer North East London,BSU,45 and over,A to F2,not included,6.169747565096402,not included,not included,not included,not included
2014-15,N5,London,South East London,BSU,45 and over,A to F2,not included,3.434122314954166,not included,not included,not included,not included
2014-15,N5,London,South West London,BSU,45 and over,A to F2,not included,6.009130014924063,not included,not included,not included,not included
2014-15,N5,London,West of London,BSU,45 and over,A to F2,not included,4.63768115942029,not included,not included,not included,not included
2014-15,N6,South East,Aylesbury & Wycombe,BSU,45 and over,A to F2,not included,4.611943636770297,not included,not included,not included,not included
2014-15,N6,South East,Brighton,BSU,45 and over,A to F2,not included,3.3515787203063065,not included,not included,not included,not included
2014-15,N6,South East,Canterbury,BSU,45 and over,A to F2,not included,4.346877159797752,not included,not included,not included,not included
2014-15,N6,South East,East Berkshire,BSU,45 and over,A to F2,not included,4.214991408934708,not included,not included,not included,not included
2014-15,N6,South East,Guildford,BSU,45 and over,A to F2,not included,5.154461255249382,not included,not included,not included,not included
2014-15,N6,South East,Isle of Wight,BSU,45 and over,A to F2,not included,5.621939275220372,not included,not included,not included,not included
2014-15,N6,South East,Maidstone,BSU,45 and over,A to F2,not included,5.2272606170405504,not included,not included,not included,not included
2014-15,N6,South East,Medway,BSU,45 and over,A to F2,not included,5.963558413719185,not included,not included,not included,not included
2014-15,N6,South East,North & Mid Hampshire,BSU,45 and over,A to F2,not included,3.85529314776199,not included,not included,not included,not included
2014-15,N6,South East,Oxfordshire,BSU,45 and over,A to F2,not included,6.094031791301431,not included,not included,not included,not included
2014-15,N6,South East,Portsmouth,BSU,45 and over,A to F2,not included,5.439915379094103,not included,not included,not included,not included
2014-15,N6,South East,Southampton & Salisbury,BSU,45 and over,A to F2,not included,4.5149786019971465,not included,not included,not included,not included
2014-15,N6,South East,West Berkshire,BSU,45 and over,A to F2,not included,2.7352164194269455,not included,not included,not included,not included
2014-15,N6,South East,Worthing,BSU,45 and over,A to F2,not included,4.063835850669706,not included,not included,not included,not included
2014-15,N7,South West,Avon,BSU,45 and over,A to F2,not included,6.084312234838267,not included,not included,not included,not included
2014-15,N7,South West,Cornwall,BSU,45 and over,A to F2,not included,4.32047367934129,not included,not included,not included,not included
2014-15,N7,South West,Dorset,BSU,45 and over,A to F2,not included,5.512271651554232,not included,not included,not included,not included
2014-15,N7,South West,Gloucestershire,BSU,45 and over,A to F2,not included,4.45878239555924,not included,not included,not included,not included
2014-15,N7,South West,North & East Devon,BSU,45 and over,A to F2,not included,4.565107732218779,not included,not included,not included,not included
2014-15,N7,South West,Somerset,BSU,45 and over,A to F2,not included,2.1814372893706167,not included,not included,not included,not included
2014-15,N7,South West,South Devon,BSU,45 and over,A to F2,not included,5.624692975274275,not included,not included,not included,not included
2014-15,N7,South West,West Devon,BSU,45 and over,A to F2,not included,5.537769317296877,not included,not included,not included,not included
2014-15,N7,South West,Wiltshire,BSU,45 and over,A to F2,not included,3.191443666509171,not included,not included,not included,not included
2014-15,N1,North East and Yorkshire,Barnsley,BSU,50<71,A to F2,not included,2.8835323271006983,not included,not included,not included,not included
2014-15,N1,North East and Yorkshire,Doncaster,BSU,50<71,A to F2,not included,3.0021055491408,not included,not included,not included,not included
2014-15,N1,North East and Yorkshire,Gateshead,BSU,50<71,A to F2,not included,2.924754054772667,not included,not included,not included,not included
2014-15,N1,North East and Yorkshire,Humberside,BSU,50<71,A to F2,not included,3.015937373296323,not included,not included,not included,not included
2014-15,N1,North East and Yorkshire,Leeds Wakefield,BSU,50<71,A to F2,not included,4.295537851019357,not included,not included,not included,not included
2014-15,N1,North East and Yorkshire,Newcastle,BSU,50<71,A to F2,not included,3.7897271776672263,not included,not included,not included,not included
2014-15,N1,North East and Yorkshire,North Cumbria,BSU,50<71,A to F2,not included,3.5526959927267643,not included,not included,not included,not included
2014-15,N1,North East and Yorkshire,North Tees,BSU,50<71,A to F2,not included,3.1491162559123724,not included,not included,not included,not included
2014-15,N1,North East and Yorkshire,North Yorkshire,BSU,50<71,A to F2,not included,3.4787157523049763,not included,not included,not included,not included
2014-15,N1,North East and Yorkshire,Pennine,BSU,50<71,A to F2,not included,3.5995385207024744,not included,not included,not included,not included
2014-15,N1,North East and Yorkshire,Rotherham,BSU,50<71,A to F2,not included,3.7614402091923966,not included,not included,not included,not included
2014-15,N1,North East and Yorkshire,Sheffield,BSU,50<71,A to F2,not included,2.3981491930933303,not included,not included,not included,not included
2014-15,N2,North West,Bolton,BSU,50<71,A to F2,not included,4.225100491290755,not included,not included,not included,not included
2014-15,N2,North West,Cheshire & Stockport,BSU,50<71,A to F2,not included,3.8589939455666835,not included,not included,not included,not included
2014-15,N2,North West,Chester,BSU,50<71,A to F2,not included,3.761490082244799,not included,not included,not included,not included
2014-15,N2,North West,Crewe,BSU,50<71,A to F2,not included,3.992502343017807,not included,not included,not included,not included
2014-15,N2,North West,East Lancashire,BSU,50<71,A to F2,not included,3.668069753457607,not included,not included,not included,not included
2014-15,N2,North West,Liverpool,BSU,50<71,A to F2,not included,4.083757519666821,not included,not included,not included,not included
2014-15,N2,North West,Manchester,BSU,50<71,A to F2,not included,4.46594715295869,not included,not included,not included,not included
2014-15,N2,North West,North Lancashire & South Cumbria,BSU,50<71,A to F2,not included,4.733169129720854,not included,not included,not included,not included
2014-15,N2,North West,South Lancashire,BSU,50<71,A to F2,not included,5.209074733096085,not included,not included,not included,not included
2014-15,N2,North West,"Warrington, Halton, St Helens & Knowsley",BSU,50<71,A to F2,not included,4.646454158446683,not included,not included,not included,not included
2014-15,N2,North West,Wirral,BSU,50<71,A to F2,not included,7.472405304534265,not included,not included,not included,not included
2014-15,N3,Midlands,"City, Sandwell & Walsall",BSU,50<71,A to F2,not included,2.707526621490804,not included,not included,not included,not included
2014-15,N3,Midlands,"Dudley, Wolverhampton & South West Staffordshire",BSU,50<71,A to F2,not included,4.349516720364404,not included,not included,not included,not included
2014-15,N3,Midlands,Hereford & Worcester,BSU,50<71,A to F2,not included,2.1320335554892402,not included,not included,not included,not included
2014-15,N3,Midlands,Kettering,BSU,50<71,A to F2,not included,2.2972755118491053,not included,not included,not included,not included
2014-15,N3,Midlands,Leicestershire,BSU,50<71,A to F2,not included,3.920090463626084,not included,not included,not included,not included
2014-15,N3,Midlands,Lincolnshire,BSU,50<71,A to F2,not included,2.9642248722316866,not included,not included,not included,not included
2014-15,N3,Midlands,North Derbyshire & Chesterfield,BSU,50<71,A to F2,not included,2.8017556693489394,not included,not included,not included,not included
2014-15,N3,Midlands,North Midlands,BSU,50<71,A to F2,not included,4.2219972607634135,not included,not included,not included,not included
2014-15,N3,Midlands,North Nottinghamshire,BSU,50<71,A to F2,not included,2.6462395543175488,not included,not included,not included,not included
2014-15,N3,Midlands,Northampton,BSU,50<71,A to F2,not included,4.082441537851763,not included,not included,not included,not included
2014-15,N3,Midlands,Nottingham City,BSU,50<71,A to F2,not included,2.3902717081512446,not included,not included,not included,not included
2014-15,N3,Midlands,Shropshire,BSU,50<71,A to F2,not included,2.8806216783529095,not included,not included,not included,not included
2014-15,N3,Midlands,South Birmingham,BSU,50<71,A to F2,not included,3.78144119646499,not included,not included,not included,not included
2014-15,N3,Midlands,South Derbyshire & South East Staffordshire,BSU,50<71,A to F2,not included,2.2753379870990544,not included,not included,not included,not included
2014-15,N3,Midlands,South Staffordshire,BSU,50<71,A to F2,not included,3.4112229234180456,not included,not included,not included,not included
2014-15,N3,Midlands,"Warwickshire, Solihull & Coventry",BSU,50<71,A to F2,not included,4.504118050789293,not included,not included,not included,not included
2014-15,N4,East of England,Beds & Herts,BSU,50<71,A to F2,not included,4.209174400852982,not included,not included,not included,not included
2014-15,N4,East of England,Cambridge & Huntingdon,BSU,50<71,A to F2,not included,2.376027282383854,not included,not included,not included,not included
2014-15,N4,East of England,Chelmsford & Colchester,BSU,50<71,A to F2,not included,2.242407990882885,not included,not included,not included,not included
2014-15,N4,East of England,East Suffolk,BSU,50<71,A to F2,not included,2.217770782658463,not included,not included,not included,not included
2014-15,N4,East of England,Great Yarmouth & Waveney,BSU,50<71,A to F2,not included,4.116368903911154,not included,not included,not included,not included
2014-15,N4,East of England,King's Lynn,BSU,50<71,A to F2,not included,3.534436732514682,not included,not included,not included,not included
2014-15,N4,East of England,Milton Keynes,BSU,50<71,A to F2,not included,3.888709850682136,not included,not included,not included,not included
2014-15,N4,East of England,Norfolk & Norwich,BSU,50<71,A to F2,not included,2.295552367288379,not included,not included,not included,not included
2014-15,N4,East of England,Peterborough,BSU,50<71,A to F2,not included,3.2690498588899346,not included,not included,not included,not included
2014-15,N4,East of England,South Essex,BSU,50<71,A to F2,not included,2.1649484536082473,not included,not included,not included,not included
2014-15,N4,East of England,West Essex (Epping),BSU,50<71,A to F2,not included,3.2897967200235687,not included,not included,not included,not included
2014-15,N4,East of England,West Suffolk,BSU,50<71,A to F2,not included,3.7775246772968867,not included,not included,not included,not included
2014-15,N5,London,Central & East London,BSU,50<71,A to F2,not included,3.8768052897163736,not included,not included,not included,not included
2014-15,N5,London,North London,BSU,50<71,A to F2,not included,4.893088457102298,not included,not included,not included,not included
2014-15,N5,London,Outer North East London,BSU,50<71,A to F2,not included,5.754899254761248,not included,not included,not included,not included
2014-15,N5,London,South East London,BSU,50<71,A to F2,not included,3.0476323314038636,not included,not included,not included,not included
2014-15,N5,London,South West London,BSU,50<71,A to F2,not included,5.785556321784415,not included,not included,not included,not included
2014-15,N5,London,West of London,BSU,50<71,A to F2,not included,4.20429351646569,not included,not included,not included,not included
2014-15,N6,South East,Aylesbury & Wycombe,BSU,50<71,A to F2,not included,4.247534202990773,not included,not included,not included,not included
2014-15,N6,South East,Brighton,BSU,50<71,A to F2,not included,3.0977395733842723,not included,not included,not included,not included
2014-15,N6,South East,Canterbury,BSU,50<71,A to F2,not included,3.9860830720329887,not included,not included,not included,not included
2014-15,N6,South East,East Berkshire,BSU,50<71,A to F2,not included,3.9247648902821313,not included,not included,not included,not included
2014-15,N6,South East,Guildford,BSU,50<71,A to F2,not included,4.762553037006785,not included,not included,not included,not included
2014-15,N6,South East,Isle of Wight,BSU,50<71,A to F2,not included,5.240274599542334,not included,not included,not included,not included
2014-15,N6,South East,Maidstone,BSU,50<71,A to F2,not included,4.963223932257865,not included,not included,not included,not included
2014-15,N6,South East,Medway,BSU,50<71,A to F2,not included,5.5544344667541115,not included,not included,not included,not included
2014-15,N6,South East,North & Mid Hampshire,BSU,50<71,A to F2,not included,3.447682423129876,not included,not included,not included,not included
2014-15,N6,South East,Oxfordshire,BSU,50<71,A to F2,not included,5.508755807423291,not included,not included,not included,not included
2014-15,N6,South East,Portsmouth,BSU,50<71,A to F2,not included,4.864596048645961,not included,not included,not included,not included
2014-15,N6,South East,Southampton & Salisbury,BSU,50<71,A to F2,not included,4.2562104645804535,not included,not included,not included,not included
2014-15,N6,South East,West Berkshire,BSU,50<71,A to F2,not included,2.3799221116399827,not included,not included,not included,not included
2014-15,N6,South East,Worthing,BSU,50<71,A to F2,not included,3.805589459518668,not included,not included,not included,not included
2014-15,N7,South West,Avon,BSU,50<71,A to F2,not included,5.590188175940155,not included,not included,not included,not included
2014-15,N7,South West,Cornwall,BSU,50<71,A to F2,not included,4.1226557447725805,not included,not included,not included,not included
2014-15,N7,South West,Dorset,BSU,50<71,A to F2,not included,5.158454045164147,not included,not included,not included,not included
2014-15,N7,South West,Gloucestershire,BSU,50<71,A to F2,not included,4.071058475203553,not included,not included,not included,not included
2014-15,N7,South West,North & East Devon,BSU,50<71,A to F2,not included,3.982917509552709,not included,not included,not included,not included
2014-15,N7,South West,Somerset,BSU,50<71,A to F2,not included,2.024399339406531,not included,not included,not included,not included
2014-15,N7,South West,South Devon,BSU,50<71,A to F2,not included,5.282227307398933,not included,not included,not included,not included
2014-15,N7,South West,West Devon,BSU,50<71,A to F2,not included,5.216470944004838,not included,not included,not included,not included
2014-15,N7,South West,Wiltshire,BSU,50<71,A to F2,not included,2.906563863244395,not included,not included,not included,not included
2015-16,N1,North East and Yorkshire,Barnsley,BSU,45 and over,A to F2,not included,3.928230173054464,not included,not included,not included,not included
2015-16,N1,North East and Yorkshire,Doncaster,BSU,45 and over,A to F2,not included,3.0215608867294264,not included,not included,not included,not included
2015-16,N1,North East and Yorkshire,Gateshead,BSU,45 and over,A to F2,not included,3.4486998217249645,not included,not included,not included,not included
2015-16,N1,North East and Yorkshire,Humberside,BSU,45 and over,A to F2,not included,3.240112699572159,not included,not included,not included,not included
2015-16,N1,North East and Yorkshire,Leeds Wakefield,BSU,45 and over,A to F2,not included,4.37921620828915,not included,not included,not included,not included
2015-16,N1,North East and Yorkshire,Newcastle,BSU,45 and over,A to F2,not included,3.8470591312079923,not included,not included,not included,not included
2015-16,N1,North East and Yorkshire,North Cumbria,BSU,45 and over,A to F2,not included,3.853882589349792,not included,not included,not included,not included
2015-16,N1,North East and Yorkshire,North Tees,BSU,45 and over,A to F2,not included,2.4370959490256268,not included,not included,not included,not included
2015-16,N1,North East and Yorkshire,North Yorkshire,BSU,45 and over,A to F2,not included,3.9104944903158474,not included,not included,not included,not included
2015-16,N1,North East and Yorkshire,Pennine,BSU,45 and over,A to F2,not included,4.135793839414697,not included,not included,not included,not included
2015-16,N1,North East and Yorkshire,Rotherham,BSU,45 and over,A to F2,not included,3.9913060659948623,not included,not included,not included,not included
2015-16,N1,North East and Yorkshire,Sheffield,BSU,45 and over,A to F2,not included,3.04,not included,not included,not included,not included
2015-16,N2,North West,Bolton,BSU,45 and over,A to F2,not included,4.300858829844337,not included,not included,not included,not included
2015-16,N2,North West,Cheshire & Stockport,BSU,45 and over,A to F2,not included,5.006197122379695,not included,not included,not included,not included
2015-16,N2,North West,Chester,BSU,45 and over,A to F2,not included,5.209693803511827,not included,not included,not included,not included
2015-16,N2,North West,Crewe,BSU,45 and over,A to F2,not included,4.15837204158372,not included,not included,not included,not included
2015-16,N2,North West,East Lancashire,BSU,45 and over,A to F2,not included,4.706427867617226,not included,not included,not included,not included
2015-16,N2,North West,Liverpool,BSU,45 and over,A to F2,not included,4.195674371112967,not included,not included,not included,not included
2015-16,N2,North West,Manchester,BSU,45 and over,A to F2,not included,4.210424430140831,not included,not included,not included,not included
2015-16,N2,North West,North Lancashire & South Cumbria,BSU,45 and over,A to F2,not included,4.5448149711551995,not included,not included,not included,not included
2015-16,N2,North West,South Lancashire,BSU,45 and over,A to F2,not included,4.67870774800299,not included,not included,not included,not included
2015-16,N2,North West,"Warrington, Halton, St Helens & Knowsley",BSU,45 and over,A to F2,not included,4.700890606620736,not included,not included,not included,not included
2015-16,N2,North West,Wirral,BSU,45 and over,A to F2,not included,7.775555816962711,not included,not included,not included,not included
2015-16,N3,Midlands,"City, Sandwell & Walsall",BSU,45 and over,A to F2,not included,2.7911846574223036,not included,not included,not included,not included
2015-16,N3,Midlands,"Dudley, Wolverhampton & South West Staffordshire",BSU,45 and over,A to F2,not included,5.042055642850541,not included,not included,not included,not included
2015-16,N3,Midlands,Hereford & Worcester,BSU,45 and over,A to F2,not included,2.3047278406085487,not included,not included,not included,not included
2015-16,N3,Midlands,Kettering,BSU,45 and over,A to F2,not included,2.4518388791593697,not included,not included,not included,not included
2015-16,N3,Midlands,Leicestershire,BSU,45 and over,A to F2,not included,3.7653411880216003,not included,not included,not included,not included
2015-16,N3,Midlands,Lincolnshire,BSU,45 and over,A to F2,not included,3.1772358566356544,not included,not included,not included,not included
2015-16,N3,Midlands,North Derbyshire & Chesterfield,BSU,45 and over,A to F2,not included,2.6562776695590578,not included,not included,not included,not included
2015-16,N3,Midlands,North Midlands,BSU,45 and over,A to F2,not included,5.696141633791975,not included,not included,not included,not included
2015-16,N3,Midlands,North Nottinghamshire,BSU,45 and over,A to F2,not included,2.7415030701375076,not included,not included,not included,not included
2015-16,N3,Midlands,Northampton,BSU,45 and over,A to F2,not included,4.191167992620777,not included,not included,not included,not included
2015-16,N3,Midlands,Nottingham City,BSU,45 and over,A to F2,not included,2.767155669888062,not included,not included,not included,not included
2015-16,N3,Midlands,Shropshire,BSU,45 and over,A to F2,not included,3.333773726163738,not included,not included,not included,not included
2015-16,N3,Midlands,South Birmingham,BSU,45 and over,A to F2,not included,4.591011962495958,not included,not included,not included,not included
2015-16,N3,Midlands,South Derbyshire & South East Staffordshire,BSU,45 and over,A to F2,not included,2.7499911632674703,not included,not included,not included,not included
2015-16,N3,Midlands,South Staffordshire,BSU,45 and over,A to F2,not included,4.077186430127607,not included,not included,not included,not included
2015-16,N3,Midlands,"Warwickshire, Solihull & Coventry",BSU,45 and over,A to F2,not included,4.472142529954917,not included,not included,not included,not included
2015-16,N4,East of England,Beds & Herts,BSU,45 and over,A to F2,not included,4.327569967707213,not included,not included,not included,not included
2015-16,N4,East of England,Cambridge & Huntingdon,BSU,45 and over,A to F2,not included,4.154440154440155,not included,not included,not included,not included
2015-16,N4,East of England,Chelmsford & Colchester,BSU,45 and over,A to F2,not included,2.7694822545660305,not included,not included,not included,not included
2015-16,N4,East of England,East Suffolk,BSU,45 and over,A to F2,not included,2.393400720343906,not included,not included,not included,not included
2015-16,N4,East of England,Great Yarmouth & Waveney,BSU,45 and over,A to F2,not included,3.9839547816573977,not included,not included,not included,not included
2015-16,N4,East of England,King's Lynn,BSU,45 and over,A to F2,not included,3.4698996655518393,not included,not included,not included,not included
2015-16,N4,East of England,Milton Keynes,BSU,45 and over,A to F2,not included,4.196280790575407,not included,not included,not included,not included
2015-16,N4,East of England,Norfolk & Norwich,BSU,45 and over,A to F2,not included,2.370497427101201,not included,not included,not included,not included
2015-16,N4,East of England,Peterborough,BSU,45 and over,A to F2,not included,4.004774694121157,not included,not included,not included,not included
2015-16,N4,East of England,South Essex,BSU,45 and over,A to F2,not included,2.5759134206878045,not included,not included,not included,not included
2015-16,N4,East of England,West Essex (Epping),BSU,45 and over,A to F2,not included,2.5792005307679546,not included,not included,not included,not included
2015-16,N4,East of England,West Suffolk,BSU,45 and over,A to F2,not included,3.725444157470455,not included,not included,not included,not included
2015-16,N5,London,Central & East London,BSU,45 and over,A to F2,not included,4.219948849104859,not included,not included,not included,not included
2015-16,N5,London,North London,BSU,45 and over,A to F2,not included,5.246067985794014,not included,not included,not included,not included
2015-16,N5,London,Outer North East London,BSU,45 and over,A to F2,not included,5.5281102143055945,not included,not included,not included,not included
2015-16,N5,London,South East London,BSU,45 and over,A to F2,not included,3.9684896333688497,not included,not included,not included,not included
2015-16,N5,London,South West London,BSU,45 and over,A to F2,not included,5.984692017980804,not included,not included,not included,not included
2015-16,N5,London,West of London,BSU,45 and over,A to F2,not included,5.023869061150261,not included,not included,not included,not included
2015-16,N6,South East,Aylesbury & Wycombe,BSU,45 and over,A to F2,not included,5.423713192940418,not included,not included,not included,not included
2015-16,N6,South East,Brighton,BSU,45 and over,A to F2,not included,3.505710659898477,not included,not included,not included,not included
2015-16,N6,South East,Canterbury,BSU,45 and over,A to F2,not included,4.214646876529114,not included,not included,not included,not included
2015-16,N6,South East,East Berkshire,BSU,45 and over,A to F2,not included,4.8260800085228786,not included,not included,not included,not included
2015-16,N6,South East,Guildford,BSU,45 and over,A to F2,not included,5.167347250314849,not included,not included,not included,not included
2015-16,N6,South East,Isle of Wight,BSU,45 and over,A to F2,not included,5.051853373036246,not included,not included,not included,not included
2015-16,N6,South East,Maidstone,BSU,45 and over,A to F2,not included,5.296690243507371,not included,not included,not included,not included
2015-16,N6,South East,Medway,BSU,45 and over,A to F2,not included,4.9002737583105205,not included,not included,not included,not included
2015-16,N6,South East,North & Mid Hampshire,BSU,45 and over,A to F2,not included,4.260407799262232,not included,not included,not included,not included
2015-16,N6,South East,Oxfordshire,BSU,45 and over,A to F2,not included,4.14873537183843,not included,not included,not included,not included
2015-16,N6,South East,Portsmouth,BSU,45 and over,A to F2,not included,4.274364597188769,not included,not included,not included,not included
2015-16,N6,South East,Southampton & Salisbury,BSU,45 and over,A to F2,not included,5.068065295538924,not included,not included,not included,not included
2015-16,N6,South East,West Berkshire,BSU,45 and over,A to F2,not included,3.0214182775928045,not included,not included,not included,not included
2015-16,N6,South East,Worthing,BSU,45 and over,A to F2,not included,3.349255874313168,not included,not included,not included,not included
2015-16,N7,South West,Avon,BSU,45 and over,A to F2,not included,5.445145279702202,not included,not included,not included,not included
2015-16,N7,South West,Cornwall,BSU,45 and over,A to F2,not included,4.515217787497722,not included,not included,not included,not included
2015-16,N7,South West,Dorset,BSU,45 and over,A to F2,not included,5.387321912672319,not included,not included,not included,not included
2015-16,N7,South West,Gloucestershire,BSU,45 and over,A to F2,not included,4.3645876359631,not included,not included,not included,not included
2015-16,N7,South West,North & East Devon,BSU,45 and over,A to F2,not included,4.776081316718411,not included,not included,not included,not included
2015-16,N7,South West,Somerset,BSU,45 and over,A to F2,not included,2.5076204023572446,not included,not included,not included,not included
2015-16,N7,South West,South Devon,BSU,45 and over,A to F2,not included,4.513590844062947,not included,not included,not included,not included
2015-16,N7,South West,West Devon,BSU,45 and over,A to F2,not included,5.567257060794638,not included,not included,not included,not included
2015-16,N7,South West,Wiltshire,BSU,45 and over,A to F2,not included,2.9068640750358514,not included,not included,not included,not included
2015-16,N1,North East and Yorkshire,Barnsley,BSU,50<71,A to F2,not included,3.678456591639871,not included,not included,not included,not included
2015-16,N1,North East and Yorkshire,Doncaster,BSU,50<71,A to F2,not included,2.684771825396825,not included,not included,not included,not included
2015-16,N1,North East and Yorkshire,Gateshead,BSU,50<71,A to F2,not included,2.915589851854548,not included,not included,not included,not included
2015-16,N1,North East and Yorkshire,Humberside,BSU,50<71,A to F2,not included,3.042920201609116,not included,not included,not included,not included
2015-16,N1,North East and Yorkshire,Leeds Wakefield,BSU,50<71,A to F2,not included,4.092690496856835,not included,not included,not included,not included
2015-16,N1,North East and Yorkshire,Newcastle,BSU,50<71,A to F2,not included,3.6113764520999596,not included,not included,not included,not included
2015-16,N1,North East and Yorkshire,North Cumbria,BSU,50<71,A to F2,not included,3.7135278514588856,not included,not included,not included,not included
2015-16,N1,North East and Yorkshire,North Tees,BSU,50<71,A to F2,not included,2.2511364564335685,not included,not included,not included,not included
2015-16,N1,North East and Yorkshire,North Yorkshire,BSU,50<71,A to F2,not included,3.7968761246670986,not included,not included,not included,not included
2015-16,N1,North East and Yorkshire,Pennine,BSU,50<71,A to F2,not included,3.8766186369657487,not included,not included,not included,not included
2015-16,N1,North East and Yorkshire,Rotherham,BSU,50<71,A to F2,not included,3.733997155049787,not included,not included,not included,not included
2015-16,N1,North East and Yorkshire,Sheffield,BSU,50<71,A to F2,not included,2.7140605848362807,not included,not included,not included,not included
2015-16,N2,North West,Bolton,BSU,50<71,A to F2,not included,3.77388221390585,not included,not included,not included,not included
2015-16,N2,North West,Cheshire & Stockport,BSU,50<71,A to F2,not included,4.720045862793809,not included,not included,not included,not included
2015-16,N2,North West,Chester,BSU,50<71,A to F2,not included,4.479222881813276,not included,not included,not included,not included
2015-16,N2,North West,Crewe,BSU,50<71,A to F2,not included,3.742392587882642,not included,not included,not included,not included
2015-16,N2,North West,East Lancashire,BSU,50<71,A to F2,not included,4.524456521739131,not included,not included,not included,not included
2015-16,N2,North West,Liverpool,BSU,50<71,A to F2,not included,3.9638536866359444,not included,not included,not included,not included
2015-16,N2,North West,Manchester,BSU,50<71,A to F2,not included,3.9197132616487456,not included,not included,not included,not included
2015-16,N2,North West,North Lancashire & South Cumbria,BSU,50<71,A to F2,not included,4.101967948185668,not included,not included,not included,not included
2015-16,N2,North West,South Lancashire,BSU,50<71,A to F2,not included,4.157569563803595,not included,not included,not included,not included
2015-16,N2,North West,"Warrington, Halton, St Helens & Knowsley",BSU,50<71,A to F2,not included,4.202431158521459,not included,not included,not included,not included
2015-16,N2,North West,Wirral,BSU,50<71,A to F2,not included,7.040121120363361,not included,not included,not included,not included
2015-16,N3,Midlands,"City, Sandwell & Walsall",BSU,50<71,A to F2,not included,2.519913983705364,not included,not included,not included,not included
2015-16,N3,Midlands,"Dudley, Wolverhampton & South West Staffordshire",BSU,50<71,A to F2,not included,4.731638418079096,not included,not included,not included,not included
2015-16,N3,Midlands,Hereford & Worcester,BSU,50<71,A to F2,not included,2.0575884823035393,not included,not included,not included,not included
2015-16,N3,Midlands,Kettering,BSU,50<71,A to F2,not included,2.236712411858367,not included,not included,not included,not included
2015-16,N3,Midlands,Leicestershire,BSU,50<71,A to F2,not included,3.6293194313876307,not included,not included,not included,not included
2015-16,N3,Midlands,Lincolnshire,BSU,50<71,A to F2,not included,2.9538574442711676,not included,not included,not included,not included
2015-16,N3,Midlands,North Derbyshire & Chesterfield,BSU,50<71,A to F2,not included,2.552573325954621,not included,not included,not included,not included
2015-16,N3,Midlands,North Midlands,BSU,50<71,A to F2,not included,5.185988133272478,not included,not included,not included,not included
2015-16,N3,Midlands,North Nottinghamshire,BSU,50<71,A to F2,not included,2.619729840360213,not included,not included,not included,not included
2015-16,N3,Midlands,Northampton,BSU,50<71,A to F2,not included,4.005617226160225,not included,not included,not included,not included
2015-16,N3,Midlands,Nottingham City,BSU,50<71,A to F2,not included,2.6476662536142093,not included,not included,not included,not included
2015-16,N3,Midlands,Shropshire,BSU,50<71,A to F2,not included,3.0730033277870215,not included,not included,not included,not included
2015-16,N3,Midlands,South Birmingham,BSU,50<71,A to F2,not included,4.316143497757848,not included,not included,not included,not included
2015-16,N3,Midlands,South Derbyshire & South East Staffordshire,BSU,50<71,A to F2,not included,2.5302576645721757,not included,not included,not included,not included
2015-16,N3,Midlands,South Staffordshire,BSU,50<71,A to F2,not included,3.700268941852917,not included,not included,not included,not included
2015-16,N3,Midlands,"Warwickshire, Solihull & Coventry",BSU,50<71,A to F2,not included,4.201227133280309,not included,not included,not included,not included
2015-16,N4,East of England,Beds & Herts,BSU,50<71,A to F2,not included,3.9235027679919474,not included,not included,not included,not included
2015-16,N4,East of England,Cambridge & Huntingdon,BSU,50<71,A to F2,not included,3.777570674122398,not included,not included,not included,not included
2015-16,N4,East of England,Chelmsford & Colchester,BSU,50<71,A to F2,not included,2.496940960538391,not included,not included,not included,not included
2015-16,N4,East of England,East Suffolk,BSU,50<71,A to F2,not included,1.9956927494615937,not included,not included,not included,not included
2015-16,N4,East of England,Great Yarmouth & Waveney,BSU,50<71,A to F2,not included,3.4261241970021414,not included,not included,not included,not included
2015-16,N4,East of England,King's Lynn,BSU,50<71,A to F2,not included,3.1086031086031083,not included,not included,not included,not included
2015-16,N4,East of England,Milton Keynes,BSU,50<71,A to F2,not included,4.130244755244755,not included,not included,not included,not included
2015-16,N4,East of England,Norfolk & Norwich,BSU,50<71,A to F2,not included,2.1102463291342373,not included,not included,not included,not included
2015-16,N4,East of England,Peterborough,BSU,50<71,A to F2,not included,3.5431959345002824,not included,not included,not included,not included
2015-16,N4,East of England,South Essex,BSU,50<71,A to F2,not included,2.4886324744536252,not included,not included,not included,not included
2015-16,N4,East of England,West Essex (Epping),BSU,50<71,A to F2,not included,2.457485500835545,not included,not included,not included,not included
2015-16,N4,East of England,West Suffolk,BSU,50<71,A to F2,not included,2.9535060975609753,not included,not included,not included,not included
2015-16,N5,London,Central & East London,BSU,50<71,A to F2,not included,4.09513395297977,not included,not included,not included,not included
2015-16,N5,London,North London,BSU,50<71,A to F2,not included,4.8764315852923446,not included,not included,not included,not included
2015-16,N5,London,Outer North East London,BSU,50<71,A to F2,not included,5.152852840463716,not included,not included,not included,not included
2015-16,N5,London,South East London,BSU,50<71,A to F2,not included,3.627906976744186,not included,not included,not included,not included
2015-16,N5,London,South West London,BSU,50<71,A to F2,not included,5.66367687708016,not included,not included,not included,not included
2015-16,N5,London,West of London,BSU,50<71,A to F2,not included,4.708985301090564,not included,not included,not included,not included
2015-16,N6,South East,Aylesbury & Wycombe,BSU,50<71,A to F2,not included,5.001141813199361,not included,not included,not included,not included
2015-16,N6,South East,Brighton,BSU,50<71,A to F2,not included,3.2433445819272593,not included,not included,not included,not included
2015-16,N6,South East,Canterbury,BSU,50<71,A to F2,not included,3.7566735513035345,not included,not included,not included,not included
2015-16,N6,South East,East Berkshire,BSU,50<71,A to F2,not included,4.4529505582137165,not included,not included,not included,not included
2015-16,N6,South East,Guildford,BSU,50<71,A to F2,not included,4.814004376367615,not included,not included,not included,not included
2015-16,N6,South East,Isle of Wight,BSU,50<71,A to F2,not included,4.62478184991274,not included,not included,not included,not included
2015-16,N6,South East,Maidstone,BSU,50<71,A to F2,not included,5.0240791357542625,not included,not included,not included,not included
2015-16,N6,South East,Medway,BSU,50<71,A to F2,not included,4.49173647271904,not included,not included,not included,not included
2015-16,N6,South East,North & Mid Hampshire,BSU,50<71,A to F2,not included,3.9800759013282736,not included,not included,not included,not included
2015-16,N6,South East,Oxfordshire,BSU,50<71,A to F2,not included,3.9828295791476744,not included,not included,not included,not included
2015-16,N6,South East,Portsmouth,BSU,50<71,A to F2,not included,3.8934603724556087,not included,not included,not included,not included
2015-16,N6,South East,Southampton & Salisbury,BSU,50<71,A to F2,not included,4.734710829612709,not included,not included,not included,not included
2015-16,N6,South East,West Berkshire,BSU,50<71,A to F2,not included,2.711391483683125,not included,not included,not included,not included
2015-16,N6,South East,Worthing,BSU,50<71,A to F2,not included,3.2234171777323497,not included,not included,not included,not included
2015-16,N7,South West,Avon,BSU,50<71,A to F2,not included,5.0262291082103205,not included,not included,not included,not included
2015-16,N7,South West,Cornwall,BSU,50<71,A to F2,not included,4.258050711458222,not included,not included,not included,not included
2015-16,N7,South West,Dorset,BSU,50<71,A to F2,not included,5.046948356807512,not included,not included,not included,not included
2015-16,N7,South West,Gloucestershire,BSU,50<71,A to F2,not included,4.065740399196689,not included,not included,not included,not included
2015-16,N7,South West,North & East Devon,BSU,50<71,A to F2,not included,4.44167704441677,not included,not included,not included,not included
2015-16,N7,South West,Somerset,BSU,50<71,A to F2,not included,2.3659997079012705,not included,not included,not included,not included
2015-16,N7,South West,South Devon,BSU,50<71,A to F2,not included,4.253173068840884,not included,not included,not included,not included
2015-16,N7,South West,West Devon,BSU,50<71,A to F2,not included,4.925176308697895,not included,not included,not included,not included
2015-16,N7,South West,Wiltshire,BSU,50<71,A to F2,not included,2.664008698803914,not included,not included,not included,not included
2016-17,N1,North East and Yorkshire,Barnsley,BSU,45 and over,A to F2,not included,3.1483284647841607,not included,not included,not included,not included
2016-17,N1,North East and Yorkshire,Doncaster,BSU,45 and over,A to F2,not included,2.957334891876096,not included,not included,not included,not included
2016-17,N1,North East and Yorkshire,Gateshead,BSU,45 and over,A to F2,not included,3.336664445924939,not included,not included,not included,not included
2016-17,N1,North East and Yorkshire,Humberside,BSU,45 and over,A to F2,not included,2.919155197784125,not included,not included,not included,not included
2016-17,N1,North East and Yorkshire,Leeds Wakefield,BSU,45 and over,A to F2,not included,5.1916319549484555,not included,not included,not included,not included
2016-17,N1,North East and Yorkshire,Newcastle,BSU,45 and over,A to F2,not included,3.642153448104289,not included,not included,not included,not included
2016-17,N1,North East and Yorkshire,North Cumbria,BSU,45 and over,A to F2,not included,3.484898771988052,not included,not included,not included,not included
2016-17,N1,North East and Yorkshire,North Tees,BSU,45 and over,A to F2,not included,2.651629072681704,not included,not included,not included,not included
2016-17,N1,North East and Yorkshire,North Yorkshire,BSU,45 and over,A to F2,not included,4.376951461822311,not included,not included,not included,not included
2016-17,N1,North East and Yorkshire,Pennine,BSU,45 and over,A to F2,not included,4.070136263290111,not included,not included,not included,not included
2016-17,N1,North East and Yorkshire,Rotherham,BSU,45 and over,A to F2,not included,4.962262514097337,not included,not included,not included,not included
2016-17,N1,North East and Yorkshire,Sheffield,BSU,45 and over,A to F2,not included,3.321214503291736,not included,not included,not included,not included
2016-17,N2,North West,Bolton,BSU,45 and over,A to F2,not included,5.1058530510585305,not included,not included,not included,not included
2016-17,N2,North West,Cheshire & Stockport,BSU,45 and over,A to F2,not included,4.846938775510204,not included,not included,not included,not included
2016-17,N2,North West,Chester,BSU,45 and over,A to F2,not included,4.878913171884229,not included,not included,not included,not included
2016-17,N2,North West,Crewe,BSU,45 and over,A to F2,not included,3.9263531499556343,not included,not included,not included,not included
2016-17,N2,North West,East Lancashire,BSU,45 and over,A to F2,not included,4.104281272422865,not included,not included,not included,not included
2016-17,N2,North West,Liverpool,BSU,45 and over,A to F2,not included,3.94044553901265,not included,not included,not included,not included
2016-17,N2,North West,Manchester,BSU,45 and over,A to F2,not included,3.3701595804039726,not included,not included,not included,not included
2016-17,N2,North West,North Lancashire & South Cumbria,BSU,45 and over,A to F2,not included,3.4930085208651955,not included,not included,not included,not included
2016-17,N2,North West,South Lancashire,BSU,45 and over,A to F2,not included,5.2400083119761725,not included,not included,not included,not included
2016-17,N2,North West,"Warrington, Halton, St Helens & Knowsley",BSU,45 and over,A to F2,not included,4.900930044480388,not included,not included,not included,not included
2016-17,N2,North West,Wirral,BSU,45 and over,A to F2,not included,7.538916763154509,not included,not included,not included,not included
2016-17,N3,Midlands,"City, Sandwell & Walsall",BSU,45 and over,A to F2,not included,2.7545748635990535,not included,not included,not included,not included
2016-17,N3,Midlands,"Dudley, Wolverhampton & South West Staffordshire",BSU,45 and over,A to F2,not included,5.392781316348196,not included,not included,not included,not included
2016-17,N3,Midlands,Hereford & Worcester,BSU,45 and over,A to F2,not included,2.760368791955656,not included,not included,not included,not included
2016-17,N3,Midlands,Kettering,BSU,45 and over,A to F2,not included,2.184512125625277,not included,not included,not included,not included
2016-17,N3,Midlands,Leicestershire,BSU,45 and over,A to F2,not included,3.475643795053518,not included,not included,not included,not included
2016-17,N3,Midlands,Lincolnshire,BSU,45 and over,A to F2,not included,3.3994043339837727,not included,not included,not included,not included
2016-17,N3,Midlands,North Derbyshire & Chesterfield,BSU,45 and over,A to F2,not included,2.8851669152231274,not included,not included,not included,not included
2016-17,N3,Midlands,North Midlands,BSU,45 and over,A to F2,not included,5.168019633754955,not included,not included,not included,not included
2016-17,N3,Midlands,North Nottinghamshire,BSU,45 and over,A to F2,not included,2.9804351801060522,not included,not included,not included,not included
2016-17,N3,Midlands,Northampton,BSU,45 and over,A to F2,not included,4.017041996348144,not included,not included,not included,not included
2016-17,N3,Midlands,Nottingham City,BSU,45 and over,A to F2,not included,2.7594260927594263,not included,not included,not included,not included
2016-17,N3,Midlands,Shropshire,BSU,45 and over,A to F2,not included,3.20595391441248,not included,not included,not included,not included
2016-17,N3,Midlands,South Birmingham,BSU,45 and over,A to F2,not included,4.2044243070362475,not included,not included,not included,not included
2016-17,N3,Midlands,South Derbyshire & South East Staffordshire,BSU,45 and over,A to F2,not included,2.922797025787059,not included,not included,not included,not included
2016-17,N3,Midlands,South Staffordshire,BSU,45 and over,A to F2,not included,3.727159049655117,not included,not included,not included,not included
2016-17,N3,Midlands,"Warwickshire, Solihull & Coventry",BSU,45 and over,A to F2,not included,3.594800141492748,not included,not included,not included,not included
2016-17,N4,East of England,Beds & Herts,BSU,45 and over,A to F2,not included,3.8990572145981712,not included,not included,not included,not included
2016-17,N4,East of England,Cambridge & Huntingdon,BSU,45 and over,A to F2,not included,4.331092801387684,not included,not included,not included,not included
2016-17,N4,East of England,Chelmsford & Colchester,BSU,45 and over,A to F2,not included,2.81075984797148,not included,not included,not included,not included
2016-17,N4,East of England,East Suffolk,BSU,45 and over,A to F2,not included,2.3347778981581797,not included,not included,not included,not included
2016-17,N4,East of England,Great Yarmouth & Waveney,BSU,45 and over,A to F2,not included,3.485529532371264,not included,not included,not included,not included
2016-17,N4,East of England,King's Lynn,BSU,45 and over,A to F2,not included,4.024051803885292,not included,not included,not included,not included
2016-17,N4,East of England,Milton Keynes,BSU,45 and over,A to F2,not included,4.810377443473561,not included,not included,not included,not included
2016-17,N4,East of England,Norfolk & Norwich,BSU,45 and over,A to F2,not included,2.7009068167604755,not included,not included,not included,not included
2016-17,N4,East of England,Peterborough,BSU,45 and over,A to F2,not included,4.033235243205816,not included,not included,not included,not included
2016-17,N4,East of England,South Essex,BSU,45 and over,A to F2,not included,2.2622862216731656,not included,not included,not included,not included
2016-17,N4,East of England,West Essex (Epping),BSU,45 and over,A to F2,not included,3.060393944326876,not included,not included,not included,not included
2016-17,N4,East of England,West Suffolk,BSU,45 and over,A to F2,not included,2.857361728205914,not included,not included,not included,not included
2016-17,N5,London,Central & East London,BSU,45 and over,A to F2,not included,5.343627005752347,not included,not included,not included,not included
2016-17,N5,London,North London,BSU,45 and over,A to F2,not included,4.915144937793926,not included,not included,not included,not included
2016-17,N5,London,Outer North East London,BSU,45 and over,A to F2,not included,5.548176152038418,not included,not included,not included,not included
2016-17,N5,London,South East London,BSU,45 and over,A to F2,not included,4.1610302472809915,not included,not included,not included,not included
2016-17,N5,London,South West London,BSU,45 and over,A to F2,not included,5.177039175933321,not included,not included,not included,not included
2016-17,N5,London,West of London,BSU,45 and over,A to F2,not included,4.826693227091634,not included,not included,not included,not included
2016-17,N6,South East,Aylesbury & Wycombe,BSU,45 and over,A to F2,not included,4.5379250217959894,not included,not included,not included,not included
2016-17,N6,South East,Brighton,BSU,45 and over,A to F2,not included,3.2693080943985646,not included,not included,not included,not included
2016-17,N6,South East,Canterbury,BSU,45 and over,A to F2,not included,4.011771995043371,not included,not included,not included,not included
2016-17,N6,South East,East Berkshire,BSU,45 and over,A to F2,not included,5.361785095320624,not included,not included,not included,not included
2016-17,N6,South East,Guildford,BSU,45 and over,A to F2,not included,5.226692150772793,not included,not included,not included,not included
2016-17,N6,South East,Isle of Wight,BSU,45 and over,A to F2,not included,4.956106234026003,not included,not included,not included,not included
2016-17,N6,South East,Maidstone,BSU,45 and over,A to F2,not included,4.609691944184387,not included,not included,not included,not included
2016-17,N6,South East,Medway,BSU,45 and over,A to F2,not included,4.237352031968634,not included,not included,not included,not included
2016-17,N6,South East,North & Mid Hampshire,BSU,45 and over,A to F2,not included,4.620300918734188,not included,not included,not included,not included
2016-17,N6,South East,Oxfordshire,BSU,45 and over,A to F2,not included,4.181560917485851,not included,not included,not included,not included
2016-17,N6,South East,Portsmouth,BSU,45 and over,A to F2,not included,4.84714954557973,not included,not included,not included,not included
2016-17,N6,South East,Southampton & Salisbury,BSU,45 and over,A to F2,not included,5.637970937511856,not included,not included,not included,not included
2016-17,N6,South East,West Berkshire,BSU,45 and over,A to F2,not included,3.032178217821782,not included,not included,not included,not included
2016-17,N6,South East,Worthing,BSU,45 and over,A to F2,not included,3.234501347708895,not included,not included,not included,not included
2016-17,N7,South West,Avon,BSU,45 and over,A to F2,not included,4.495135860449514,not included,not included,not included,not included
2016-17,N7,South West,Cornwall,BSU,45 and over,A to F2,not included,4.614998745924254,not included,not included,not included,not included
2016-17,N7,South West,Dorset,BSU,45 and over,A to F2,not included,5.746732715008432,not included,not included,not included,not included
2016-17,N7,South West,Gloucestershire,BSU,45 and over,A to F2,not included,4.021803182086034,not included,not included,not included,not included
2016-17,N7,South West,North & East Devon,BSU,45 and over,A to F2,not included,4.691339066339066,not included,not included,not included,not included
2016-17,N7,South West,Somerset,BSU,45 and over,A to F2,not included,2.700839974154641,not included,not included,not included,not included
2016-17,N7,South West,South Devon,BSU,45 and over,A to F2,not included,4.323684015695566,not included,not included,not included,not included
2016-17,N7,South West,West Devon,BSU,45 and over,A to F2,not included,6.452516574843589,not included,not included,not included,not included
2016-17,N7,South West,Wiltshire,BSU,45 and over,A to F2,not included,3.1489985721452554,not included,not included,not included,not included
2016-17,N1,North East and Yorkshire,Barnsley,BSU,50<71,A to F2,not included,2.9537467945673854,not included,not included,not included,not included
2016-17,N1,North East and Yorkshire,Doncaster,BSU,50<71,A to F2,not included,2.7467988434531185,not included,not included,not included,not included
2016-17,N1,North East and Yorkshire,Gateshead,BSU,50<71,A to F2,not included,3.137811415957111,not included,not included,not included,not included
2016-17,N1,North East and Yorkshire,Humberside,BSU,50<71,A to F2,not included,2.7920198994872836,not included,not included,not included,not included
2016-17,N1,North East and Yorkshire,Leeds Wakefield,BSU,50<71,A to F2,not included,4.891172096795998,not included,not included,not included,not included
2016-17,N1,North East and Yorkshire,Newcastle,BSU,50<71,A to F2,not included,3.4106216502823075,not included,not included,not included,not included
2016-17,N1,North East and Yorkshire,North Cumbria,BSU,50<71,A to F2,not included,3.383063668837991,not included,not included,not included,not included
2016-17,N1,North East and Yorkshire,North Tees,BSU,50<71,A to F2,not included,2.5278639549580606,not included,not included,not included,not included
2016-17,N1,North East and Yorkshire,North Yorkshire,BSU,50<71,A to F2,not included,4.0231099837948285,not included,not included,not included,not included
2016-17,N1,North East and Yorkshire,Pennine,BSU,50<71,A to F2,not included,3.877449108480451,not included,not included,not included,not included
2016-17,N1,North East and Yorkshire,Rotherham,BSU,50<71,A to F2,not included,4.787449392712551,not included,not included,not included,not included
2016-17,N1,North East and Yorkshire,Sheffield,BSU,50<71,A to F2,not included,3.0828516377649327,not included,not included,not included,not included
2016-17,N2,North West,Bolton,BSU,50<71,A to F2,not included,4.533102766798419,not included,not included,not included,not included
2016-17,N2,North West,Cheshire & Stockport,BSU,50<71,A to F2,not included,4.495488105004101,not included,not included,not included,not included
2016-17,N2,North West,Chester,BSU,50<71,A to F2,not included,4.399829132849209,not included,not included,not included,not included
2016-17,N2,North West,Crewe,BSU,50<71,A to F2,not included,3.664365374402549,not included,not included,not included,not included
2016-17,N2,North West,East Lancashire,BSU,50<71,A to F2,not included,4.0331886367382825,not included,not included,not included,not included
2016-17,N2,North West,Liverpool,BSU,50<71,A to F2,not included,3.6719706242350063,not included,not included,not included,not included
2016-17,N2,North West,Manchester,BSU,50<71,A to F2,not included,3.1103765079637657,not included,not included,not included,not included
2016-17,N2,North West,North Lancashire & South Cumbria,BSU,50<71,A to F2,not included,3.2509547706972195,not included,not included,not included,not included
2016-17,N2,North West,South Lancashire,BSU,50<71,A to F2,not included,4.81733746130031,not included,not included,not included,not included
2016-17,N2,North West,"Warrington, Halton, St Helens & Knowsley",BSU,50<71,A to F2,not included,4.553390270372293,not included,not included,not included,not included
2016-17,N2,North West,Wirral,BSU,50<71,A to F2,not included,7.041616405307599,not included,not included,not included,not included
2016-17,N3,Midlands,"City, Sandwell & Walsall",BSU,50<71,A to F2,not included,2.499206372110473,not included,not included,not included,not included
2016-17,N3,Midlands,"Dudley, Wolverhampton & South West Staffordshire",BSU,50<71,A to F2,not included,5.1115752445861276,not included,not included,not included,not included
2016-17,N3,Midlands,Hereford & Worcester,BSU,50<71,A to F2,not included,2.4856284295793047,not included,not included,not included,not included
2016-17,N3,Midlands,Kettering,BSU,50<71,A to F2,not included,2.14190093708166,not included,not included,not included,not included
2016-17,N3,Midlands,Leicestershire,BSU,50<71,A to F2,not included,3.2788777925301624,not included,not included,not included,not included
2016-17,N3,Midlands,Lincolnshire,BSU,50<71,A to F2,not included,3.0377266046055853,not included,not included,not included,not included
2016-17,N3,Midlands,North Derbyshire & Chesterfield,BSU,50<71,A to F2,not included,2.545083361687649,not included,not included,not included,not included
2016-17,N3,Midlands,North Midlands,BSU,50<71,A to F2,not included,4.572263101724428,not included,not included,not included,not included
2016-17,N3,Midlands,North Nottinghamshire,BSU,50<71,A to F2,not included,2.684204897871885,not included,not included,not included,not included
2016-17,N3,Midlands,Northampton,BSU,50<71,A to F2,not included,3.6754002911208152,not included,not included,not included,not included
2016-17,N3,Midlands,Nottingham City,BSU,50<71,A to F2,not included,2.533105340597288,not included,not included,not included,not included
2016-17,N3,Midlands,Shropshire,BSU,50<71,A to F2,not included,2.9515344625188664,not included,not included,not included,not included
2016-17,N3,Midlands,South Birmingham,BSU,50<71,A to F2,not included,3.722990828540339,not included,not included,not included,not included
2016-17,N3,Midlands,South Derbyshire & South East Staffordshire,BSU,50<71,A to F2,not included,2.6768287015521888,not included,not included,not included,not included
2016-17,N3,Midlands,South Staffordshire,BSU,50<71,A to F2,not included,3.5350705146166064,not included,not included,not included,not included
2016-17,N3,Midlands,"Warwickshire, Solihull & Coventry",BSU,50<71,A to F2,not included,3.410264353572904,not included,not included,not included,not included
2016-17,N4,East of England,Beds & Herts,BSU,50<71,A to F2,not included,3.4332988624612204,not included,not included,not included,not included
2016-17,N4,East of England,Cambridge & Huntingdon,BSU,50<71,A to F2,not included,4.237940218999705,not included,not included,not included,not included
2016-17,N4,East of England,Chelmsford & Colchester,BSU,50<71,A to F2,not included,2.610661673790935,not included,not included,not included,not included
2016-17,N4,East of England,East Suffolk,BSU,50<71,A to F2,not included,2.038477775767445,not included,not included,not included,not included
2016-17,N4,East of England,Great Yarmouth & Waveney,BSU,50<71,A to F2,not included,3.227551388388027,not included,not included,not included,not included
2016-17,N4,East of England,King's Lynn,BSU,50<71,A to F2,not included,3.6213991769547325,not included,not included,not included,not included
2016-17,N4,East of England,Milton Keynes,BSU,50<71,A to F2,not included,4.386343993085566,not included,not included,not included,not included
2016-17,N4,East of England,Norfolk & Norwich,BSU,50<71,A to F2,not included,2.421416079996413,not included,not included,not included,not included
2016-17,N4,East of England,Peterborough,BSU,50<71,A to F2,not included,3.6128638306533687,not included,not included,not included,not included
2016-17,N4,East of England,South Essex,BSU,50<71,A to F2,not included,2.19831223628692,not included,not included,not included,not included
2016-17,N4,East of England,West Essex (Epping),BSU,50<71,A to F2,not included,2.9121517027863777,not included,not included,not included,not included
2016-17,N4,East of England,West Suffolk,BSU,50<71,A to F2,not included,2.689846047396644,not included,not included,not included,not included
2016-17,N5,London,Central & East London,BSU,50<71,A to F2,not included,5.2075139234133605,not included,not included,not included,not included
2016-17,N5,London,North London,BSU,50<71,A to F2,not included,4.607477319285923,not included,not included,not included,not included
2016-17,N5,London,Outer North East London,BSU,50<71,A to F2,not included,5.237847152646976,not included,not included,not included,not included
2016-17,N5,London,South East London,BSU,50<71,A to F2,not included,3.7316002410260825,not included,not included,not included,not included
2016-17,N5,London,South West London,BSU,50<71,A to F2,not included,4.852155325970788,not included,not included,not included,not included
2016-17,N5,London,West of London,BSU,50<71,A to F2,not included,4.401813742588071,not included,not included,not included,not included
2016-17,N6,South East,Aylesbury & Wycombe,BSU,50<71,A to F2,not included,4.190436676693289,not included,not included,not included,not included
2016-17,N6,South East,Brighton,BSU,50<71,A to F2,not included,3.0278942043647925,not included,not included,not included,not included
2016-17,N6,South East,Canterbury,BSU,50<71,A to F2,not included,3.7884254582190793,not included,not included,not included,not included
2016-17,N6,South East,East Berkshire,BSU,50<71,A to F2,not included,4.937243852459016,not included,not included,not included,not included
2016-17,N6,South East,Guildford,BSU,50<71,A to F2,not included,4.863868098492245,not included,not included,not included,not included
2016-17,N6,South East,Isle of Wight,BSU,50<71,A to F2,not included,4.456824512534819,not included,not included,not included,not included
2016-17,N6,South East,Maidstone,BSU,50<71,A to F2,not included,4.263119304493558,not included,not included,not included,not included
2016-17,N6,South East,Medway,BSU,50<71,A to F2,not included,3.9953728421427304,not included,not included,not included,not included
2016-17,N6,South East,North & Mid Hampshire,BSU,50<71,A to F2,not included,4.139858664697817,not included,not included,not included,not included
2016-17,N6,South East,Oxfordshire,BSU,50<71,A to F2,not included,3.8850381881594633,not included,not included,not included,not included
2016-17,N6,South East,Portsmouth,BSU,50<71,A to F2,not included,4.374187960155912,not included,not included,not included,not included
2016-17,N6,South East,Southampton & Salisbury,BSU,50<71,A to F2,not included,5.196248388674046,not included,not included,not included,not included
2016-17,N6,South East,West Berkshire,BSU,50<71,A to F2,not included,2.7687702668994763,not included,not included,not included,not included
2016-17,N6,South East,Worthing,BSU,50<71,A to F2,not included,3.18446348002354,not included,not included,not included,not included
2016-17,N7,South West,Avon,BSU,50<71,A to F2,not included,4.187134502923977,not included,not included,not included,not included
2016-17,N7,South West,Cornwall,BSU,50<71,A to F2,not included,4.230331355982983,not included,not included,not included,not included
2016-17,N7,South West,Dorset,BSU,50<71,A to F2,not included,5.4860054052374885,not included,not included,not included,not included
2016-17,N7,South West,Gloucestershire,BSU,50<71,A to F2,not included,3.7851618199887653,not included,not included,not included,not included
2016-17,N7,South West,North & East Devon,BSU,50<71,A to F2,not included,4.358130348913759,not included,not included,not included,not included
2016-17,N7,South West,Somerset,BSU,50<71,A to F2,not included,2.4720812182741114,not included,not included,not included,not included
2016-17,N7,South West,South Devon,BSU,50<71,A to F2,not included,4.182804027885361,not included,not included,not included,not included
2016-17,N7,South West,West Devon,BSU,50<71,A to F2,not included,5.948017327557481,not included,not included,not included,not included
2016-17,N7,South West,Wiltshire,BSU,50<71,A to F2,not included,2.9164965754978,not included,not included,not included,not included
2017-18,N1,North East and Yorkshire,Barnsley,BSU,45 and over,A to F2,not included,2.692595362752431,not included,not included,not included,not included
2017-18,N1,North East and Yorkshire,Doncaster,BSU,45 and over,A to F2,not included,3.0167280975333144,not included,not included,not included,not included
2017-18,N1,North East and Yorkshire,Gateshead,BSU,45 and over,A to F2,not included,3.4905951279679313,not included,not included,not included,not included
2017-18,N1,North East and Yorkshire,Humberside,BSU,45 and over,A to F2,not included,2.724001621731198,not included,not included,not included,not included
2017-18,N1,North East and Yorkshire,Leeds Wakefield,BSU,45 and over,A to F2,not included,5.5036830824567025,not included,not included,not included,not included
2017-18,N1,North East and Yorkshire,Newcastle,BSU,45 and over,A to F2,not included,3.938038045895806,not included,not included,not included,not included
2017-18,N1,North East and Yorkshire,North Cumbria,BSU,45 and over,A to F2,not included,3.4448749559704126,not included,not included,not included,not included
2017-18,N1,North East and Yorkshire,North Tees,BSU,45 and over,A to F2,not included,2.4673405168303613,not included,not included,not included,not included
2017-18,N1,North East and Yorkshire,North Yorkshire,BSU,45 and over,A to F2,not included,3.06153049262561,not included,not included,not included,not included
2017-18,N1,North East and Yorkshire,Pennine,BSU,45 and over,A to F2,not included,3.6407942673776144,not included,not included,not included,not included
2017-18,N1,North East and Yorkshire,Rotherham,BSU,45 and over,A to F2,not included,6.282870022539444,not included,not included,not included,not included
2017-18,N1,North East and Yorkshire,Sheffield,BSU,45 and over,A to F2,not included,3.160839160839161,not included,not included,not included,not included
2017-18,N2,North West,Bolton,BSU,45 and over,A to F2,not included,4.483701366982125,not included,not included,not included,not included
2017-18,N2,North West,Cheshire & Stockport,BSU,45 and over,A to F2,not included,5.0815467260320375,not included,not included,not included,not included
2017-18,N2,North West,Chester,BSU,45 and over,A to F2,not included,3.1296132270445822,not included,not included,not included,not included
2017-18,N2,North West,Crewe,BSU,45 and over,A to F2,not included,4.742045103490886,not included,not included,not included,not included
2017-18,N2,North West,East Lancashire,BSU,45 and over,A to F2,not included,3.7221926040808415,not included,not included,not included,not included
2017-18,N2,North West,Liverpool,BSU,45 and over,A to F2,not included,4.757967050442083,not included,not included,not included,not included
2017-18,N2,North West,Manchester,BSU,45 and over,A to F2,not included,3.3787051751537343,not included,not included,not included,not included
2017-18,N2,North West,North Lancashire & South Cumbria,BSU,45 and over,A to F2,not included,3.4095227753949726,not included,not included,not included,not included
2017-18,N2,North West,South Lancashire,BSU,45 and over,A to F2,not included,4.171157577064022,not included,not included,not included,not included
2017-18,N2,North West,"Warrington, Halton, St Helens & Knowsley",BSU,45 and over,A to F2,not included,5.585699263932702,not included,not included,not included,not included
2017-18,N2,North West,Wirral,BSU,45 and over,A to F2,not included,4.418758256274769,not included,not included,not included,not included
2017-18,N3,Midlands,"City, Sandwell & Walsall",BSU,45 and over,A to F2,not included,2.840978369546663,not included,not included,not included,not included
2017-18,N3,Midlands,"Dudley, Wolverhampton & South West Staffordshire",BSU,45 and over,A to F2,not included,4.287788352960155,not included,not included,not included,not included
2017-18,N3,Midlands,Hereford & Worcester,BSU,45 and over,A to F2,not included,2.620099547005201,not included,not included,not included,not included
2017-18,N3,Midlands,Kettering,BSU,45 and over,A to F2,not included,2.5155567324242023,not included,not included,not included,not included
2017-18,N3,Midlands,Leicestershire,BSU,45 and over,A to F2,not included,3.650018261504748,not included,not included,not included,not included
2017-18,N3,Midlands,Lincolnshire,BSU,45 and over,A to F2,not included,3.8190426091530774,not included,not included,not included,not included
2017-18,N3,Midlands,North Derbyshire & Chesterfield,BSU,45 and over,A to F2,not included,3.2338164809147076,not included,not included,not included,not included
2017-18,N3,Midlands,North Midlands,BSU,45 and over,A to F2,not included,3.833785004516712,not included,not included,not included,not included
2017-18,N3,Midlands,North Nottinghamshire,BSU,45 and over,A to F2,not included,3.3774532177088092,not included,not included,not included,not included
2017-18,N3,Midlands,Northampton,BSU,45 and over,A to F2,not included,3.3765906513796144,not included,not included,not included,not included
2017-18,N3,Midlands,Nottingham City,BSU,45 and over,A to F2,not included,2.4470345804623608,not included,not included,not included,not included
2017-18,N3,Midlands,Shropshire,BSU,45 and over,A to F2,not included,2.5638977635782747,not included,not included,not included,not included
2017-18,N3,Midlands,South Birmingham,BSU,45 and over,A to F2,not included,3.5371576661763675,not included,not included,not included,not included
2017-18,N3,Midlands,South Derbyshire & South East Staffordshire,BSU,45 and over,A to F2,not included,2.6883542302044505,not included,not included,not included,not included
2017-18,N3,Midlands,"Warwickshire, Solihull & Coventry",BSU,45 and over,A to F2,not included,3.0354398336497606,not included,not included,not included,not included
2017-18,N4,East of England,Beds & Herts,BSU,45 and over,A to F2,not included,3.4340189981548557,not included,not included,not included,not included
2017-18,N4,East of England,Cambridge & Huntingdon,BSU,45 and over,A to F2,not included,5.221959548200683,not included,not included,not included,not included
2017-18,N4,East of England,Chelmsford & Colchester,BSU,45 and over,A to F2,not included,2.57272372489568,not included,not included,not included,not included
2017-18,N4,East of England,East Suffolk,BSU,45 and over,A to F2,not included,2.3754935676983826,not included,not included,not included,not included
2017-18,N4,East of England,Great Yarmouth & Waveney,BSU,45 and over,A to F2,not included,3.894873919734817,not included,not included,not included,not included
2017-18,N4,East of England,King's Lynn,BSU,45 and over,A to F2,not included,3.3215547703180213,not included,not included,not included,not included
2017-18,N4,East of England,Milton Keynes,BSU,45 and over,A to F2,not included,4.371584699453552,not included,not included,not included,not included
2017-18,N4,East of England,Norfolk & Norwich,BSU,45 and over,A to F2,not included,3.2975835521338612,not included,not included,not included,not included
2017-18,N4,East of England,Peterborough,BSU,45 and over,A to F2,not included,3.5520361990950224,not included,not included,not included,not included
2017-18,N4,East of England,South Essex,BSU,45 and over,A to F2,not included,2.4529027297193386,not included,not included,not included,not included
2017-18,N4,East of England,West Essex (Epping),BSU,45 and over,A to F2,not included,2.5813972853693063,not included,not included,not included,not included
2017-18,N4,East of England,West Suffolk,BSU,45 and over,A to F2,not included,2.5028145838745997,not included,not included,not included,not included
2017-18,N5,London,Central & East London,BSU,45 and over,A to F2,not included,6.774587917878673,not included,not included,not included,not included
2017-18,N5,London,North London,BSU,45 and over,A to F2,not included,5.452699272296497,not included,not included,not included,not included
2017-18,N5,London,Outer North East London,BSU,45 and over,A to F2,not included,6.2096321258073575,not included,not included,not included,not included
2017-18,N5,London,South East London,BSU,45 and over,A to F2,not included,4.31881721352246,not included,not included,not included,not included
2017-18,N5,London,South West London,BSU,45 and over,A to F2,not included,3.9656241693984233,not included,not included,not included,not included
2017-18,N5,London,West of London,BSU,45 and over,A to F2,not included,4.796746217908714,not included,not included,not included,not included
2017-18,N6,South East,Aylesbury & Wycombe,BSU,45 and over,A to F2,not included,4.027094738795583,not included,not included,not included,not included
2017-18,N6,South East,Brighton,BSU,45 and over,A to F2,not included,3.404360294797866,not included,not included,not included,not included
2017-18,N6,South East,Canterbury,BSU,45 and over,A to F2,not included,3.556605123801345,not included,not included,not included,not included
2017-18,N6,South East,East Berkshire,BSU,45 and over,A to F2,not included,5.327573794096472,not included,not included,not included,not included
2017-18,N6,South East,Guildford,BSU,45 and over,A to F2,not included,4.914831895269265,not included,not included,not included,not included
2017-18,N6,South East,Isle of Wight,BSU,45 and over,A to F2,not included,4.671382257589155,not included,not included,not included,not included
2017-18,N6,South East,Maidstone,BSU,45 and over,A to F2,not included,5.081984443977296,not included,not included,not included,not included
2017-18,N6,South East,Medway,BSU,45 and over,A to F2,not included,4.519727329064243,not included,not included,not included,not included
2017-18,N6,South East,North & Mid Hampshire,BSU,45 and over,A to F2,not included,5.122841157869132,not included,not included,not included,not included
2017-18,N6,South East,Oxfordshire,BSU,45 and over,A to F2,not included,4.470109260105521,not included,not included,not included,not included
2017-18,N6,South East,Portsmouth,BSU,45 and over,A to F2,not included,3.18146451110919,not included,not included,not included,not included
2017-18,N6,South East,Southampton & Salisbury,BSU,45 and over,A to F2,not included,4.2461832061068705,not included,not included,not included,not included
2017-18,N6,South East,West Berkshire,BSU,45 and over,A to F2,not included,2.277356045176819,not included,not included,not included,not included
2017-18,N6,South East,Worthing,BSU,45 and over,A to F2,not included,3.3820210631895686,not included,not included,not included,not included
2017-18,N7,South West,Avon,BSU,45 and over,A to F2,not included,5.437989268043393,not included,not included,not included,not included
2017-18,N7,South West,Cornwall,BSU,45 and over,A to F2,not included,4.899417551759581,not included,not included,not included,not included
2017-18,N7,South West,Dorset,BSU,45 and over,A to F2,not included,6.239786811473967,not included,not included,not included,not included
2017-18,N7,South West,Gloucestershire,BSU,45 and over,A to F2,not included,3.669661128646249,not included,not included,not included,not included
2017-18,N7,South West,North & East Devon,BSU,45 and over,A to F2,not included,4.92348369521673,not included,not included,not included,not included
2017-18,N7,South West,Somerset,BSU,45 and over,A to F2,not included,2.2693383038210624,not included,not included,not included,not included
2017-18,N7,South West,South Devon,BSU,45 and over,A to F2,not included,4.915187376725838,not included,not included,not included,not included
2017-18,N7,South West,West Devon,BSU,45 and over,A to F2,not included,5.372595144081324,not included,not included,not included,not included
2017-18,N7,South West,Wiltshire,BSU,45 and over,A to F2,not included,4.237390152883111,not included,not included,not included,not included
2017-18,N1,North East and Yorkshire,Barnsley,BSU,50<71,A to F2,not included,2.2213287767614833,not included,not included,not included,not included
2017-18,N1,North East and Yorkshire,Doncaster,BSU,50<71,A to F2,not included,2.881311128733809,not included,not included,not included,not included
2017-18,N1,North East and Yorkshire,Gateshead,BSU,50<71,A to F2,not included,3.4460464214133317,not included,not included,not included,not included
2017-18,N1,North East and Yorkshire,Humberside,BSU,50<71,A to F2,not included,2.627886582870506,not included,not included,not included,not included
2017-18,N1,North East and Yorkshire,Leeds Wakefield,BSU,50<71,A to F2,not included,5.1372273047149895,not included,not included,not included,not included
2017-18,N1,North East and Yorkshire,Newcastle,BSU,50<71,A to F2,not included,3.7710626126966367,not included,not included,not included,not included
2017-18,N1,North East and Yorkshire,North Cumbria,BSU,50<71,A to F2,not included,3.3914656771799625,not included,not included,not included,not included
2017-18,N1,North East and Yorkshire,North Tees,BSU,50<71,A to F2,not included,2.2631110121367333,not included,not included,not included,not included
2017-18,N1,North East and Yorkshire,North Yorkshire,BSU,50<71,A to F2,not included,2.9019356902895534,not included,not included,not included,not included
2017-18,N1,North East and Yorkshire,Pennine,BSU,50<71,A to F2,not included,3.3976639309823256,not included,not included,not included,not included
2017-18,N1,North East and Yorkshire,Rotherham,BSU,50<71,A to F2,not included,5.799748829775089,not included,not included,not included,not included
2017-18,N1,North East and Yorkshire,Sheffield,BSU,50<71,A to F2,not included,2.8108353167856737,not included,not included,not included,not included
2017-18,N2,North West,Bolton,BSU,50<71,A to F2,not included,4.095261478026025,not included,not included,not included,not included
2017-18,N2,North West,Cheshire & Stockport,BSU,50<71,A to F2,not included,4.719307299730489,not included,not included,not included,not included
2017-18,N2,North West,Chester,BSU,50<71,A to F2,not included,2.7686915887850465,not included,not included,not included,not included
2017-18,N2,North West,Crewe,BSU,50<71,A to F2,not included,4.395403975925588,not included,not included,not included,not included
2017-18,N2,North West,East Lancashire,BSU,50<71,A to F2,not included,3.5298110646000675,not included,not included,not included,not included
2017-18,N2,North West,Liverpool,BSU,50<71,A to F2,not included,4.417191635292802,not included,not included,not included,not included
2017-18,N2,North West,Manchester,BSU,50<71,A to F2,not included,3.1011762143323898,not included,not included,not included,not included
2017-18,N2,North West,North Lancashire & South Cumbria,BSU,50<71,A to F2,not included,3.1268584306238063,not included,not included,not included,not included
2017-18,N2,North West,South Lancashire,BSU,50<71,A to F2,not included,3.8521845997372544,not included,not included,not included,not included
2017-18,N2,North West,"Warrington, Halton, St Helens & Knowsley",BSU,50<71,A to F2,not included,5.175564225393846,not included,not included,not included,not included
2017-18,N2,North West,Wirral,BSU,50<71,A to F2,not included,4.048488616054083,not included,not included,not included,not included
2017-18,N3,Midlands,"City, Sandwell & Walsall",BSU,50<71,A to F2,not included,2.5683846818312697,not included,not included,not included,not included
2017-18,N3,Midlands,"Dudley, Wolverhampton & South West Staffordshire",BSU,50<71,A to F2,not included,3.912644381549759,not included,not included,not included,not included
2017-18,N3,Midlands,Hereford & Worcester,BSU,50<71,A to F2,not included,2.527277507558827,not included,not included,not included,not included
2017-18,N3,Midlands,Kettering,BSU,50<71,A to F2,not included,2.3495433611739913,not included,not included,not included,not included
2017-18,N3,Midlands,Leicestershire,BSU,50<71,A to F2,not included,3.5161516475219754,not included,not included,not included,not included
2017-18,N3,Midlands,Lincolnshire,BSU,50<71,A to F2,not included,3.615954935177898,not included,not included,not included,not included
2017-18,N3,Midlands,North Derbyshire & Chesterfield,BSU,50<71,A to F2,not included,3.058103975535168,not included,not included,not included,not included
2017-18,N3,Midlands,North Midlands,BSU,50<71,A to F2,not included,3.485763589301122,not included,not included,not included,not included
2017-18,N3,Midlands,North Nottinghamshire,BSU,50<71,A to F2,not included,2.807056473982026,not included,not included,not included,not included
2017-18,N3,Midlands,Northampton,BSU,50<71,A to F2,not included,3.120739281926981,not included,not included,not included,not included
2017-18,N3,Midlands,Nottingham City,BSU,50<71,A to F2,not included,2.299158377964805,not included,not included,not included,not included
2017-18,N3,Midlands,Shropshire,BSU,50<71,A to F2,not included,2.3820472730617124,not included,not included,not included,not included
2017-18,N3,Midlands,South Birmingham,BSU,50<71,A to F2,not included,3.1012867040580665,not included,not included,not included,not included
2017-18,N3,Midlands,South Derbyshire & South East Staffordshire,BSU,50<71,A to F2,not included,2.5877587758775875,not included,not included,not included,not included
2017-18,N3,Midlands,"Warwickshire, Solihull & Coventry",BSU,50<71,A to F2,not included,2.925137653536637,not included,not included,not included,not included
2017-18,N4,East of England,Beds & Herts,BSU,50<71,A to F2,not included,3.1979274191916125,not included,not included,not included,not included
2017-18,N4,East of England,Cambridge & Huntingdon,BSU,50<71,A to F2,not included,5.18192455563604,not included,not included,not included,not included
2017-18,N4,East of England,Chelmsford & Colchester,BSU,50<71,A to F2,not included,2.384703523345746,not included,not included,not included,not included
2017-18,N4,East of England,East Suffolk,BSU,50<71,A to F2,not included,2.3373299205173113,not included,not included,not included,not included
2017-18,N4,East of England,Great Yarmouth & Waveney,BSU,50<71,A to F2,not included,3.922345483359747,not included,not included,not included,not included
2017-18,N4,East of England,King's Lynn,BSU,50<71,A to F2,not included,3.209286445885968,not included,not included,not included,not included
2017-18,N4,East of England,Milton Keynes,BSU,50<71,A to F2,not included,3.9880252325457075,not included,not included,not included,not included
2017-18,N4,East of England,Norfolk & Norwich,BSU,50<71,A to F2,not included,3.2397620569293544,not included,not included,not included,not included
2017-18,N4,East of England,Peterborough,BSU,50<71,A to F2,not included,3.506787330316742,not included,not included,not included,not included
2017-18,N4,East of England,South Essex,BSU,50<71,A to F2,not included,2.3877465379773395,not included,not included,not included,not included
2017-18,N4,East of England,West Essex (Epping),BSU,50<71,A to F2,not included,2.323733862959285,not included,not included,not included,not included
2017-18,N4,East of England,West Suffolk,BSU,50<71,A to F2,not included,2.3980591583465523,not included,not included,not included,not included
2017-18,N5,London,Central & East London,BSU,50<71,A to F2,not included,6.692792039099996,not included,not included,not included,not included
2017-18,N5,London,North London,BSU,50<71,A to F2,not included,5.080410081500724,not included,not included,not included,not included
2017-18,N5,London,Outer North East London,BSU,50<71,A to F2,not included,5.85682383179539,not included,not included,not included,not included
2017-18,N5,London,South East London,BSU,50<71,A to F2,not included,3.959795336420814,not included,not included,not included,not included
2017-18,N5,London,South West London,BSU,50<71,A to F2,not included,3.735027601291532,not included,not included,not included,not included
2017-18,N5,London,West of London,BSU,50<71,A to F2,not included,4.379086604704762,not included,not included,not included,not included
2017-18,N6,South East,Aylesbury & Wycombe,BSU,50<71,A to F2,not included,3.829524397776405,not included,not included,not included,not included
2017-18,N6,South East,Brighton,BSU,50<71,A to F2,not included,3.2058023572076157,not included,not included,not included,not included
2017-18,N6,South East,Canterbury,BSU,50<71,A to F2,not included,3.301584589757827,not included,not included,not included,not included
2017-18,N6,South East,East Berkshire,BSU,50<71,A to F2,not included,5.0071717303429395,not included,not included,not included,not included
2017-18,N6,South East,Guildford,BSU,50<71,A to F2,not included,4.5137736475273815,not included,not included,not included,not included
2017-18,N6,South East,Isle of Wight,BSU,50<71,A to F2,not included,4.511278195488721,not included,not included,not included,not included
2017-18,N6,South East,Maidstone,BSU,50<71,A to F2,not included,4.801734820322181,not included,not included,not included,not included
2017-18,N6,South East,Medway,BSU,50<71,A to F2,not included,4.27346286157275,not included,not included,not included,not included
2017-18,N6,South East,North & Mid Hampshire,BSU,50<71,A to F2,not included,4.604083521314131,not included,not included,not included,not included
2017-18,N6,South East,Oxfordshire,BSU,50<71,A to F2,not included,4.187058183795541,not included,not included,not included,not included
2017-18,N6,South East,Portsmouth,BSU,50<71,A to F2,not included,2.7970568282627983,not included,not included,not included,not included
2017-18,N6,South East,Southampton & Salisbury,BSU,50<71,A to F2,not included,3.9679665177673145,not included,not included,not included,not included
2017-18,N6,South East,West Berkshire,BSU,50<71,A to F2,not included,2.1691856040013047,not included,not included,not included,not included
2017-18,N6,South East,Worthing,BSU,50<71,A to F2,not included,3.3170237894381644,not included,not included,not included,not included
2017-18,N7,South West,Avon,BSU,50<71,A to F2,not included,4.819709217314537,not included,not included,not included,not included
2017-18,N7,South West,Cornwall,BSU,50<71,A to F2,not included,4.686680268143398,not included,not included,not included,not included
2017-18,N7,South West,Dorset,BSU,50<71,A to F2,not included,5.752464271803937,not included,not included,not included,not included
2017-18,N7,South West,Gloucestershire,BSU,50<71,A to F2,not included,3.4023431230942065,not included,not included,not included,not included
2017-18,N7,South West,North & East Devon,BSU,50<71,A to F2,not included,4.850088183421517,not included,not included,not included,not included
2017-18,N7,South West,Somerset,BSU,50<71,A to F2,not included,2.070693014194267,not included,not included,not included,not included
2017-18,N7,South West,South Devon,BSU,50<71,A to F2,not included,4.6043562172594426,not included,not included,not included,not included
2017-18,N7,South West,West Devon,BSU,50<71,A to F2,not included,5.117164029641498,not included,not included,not included,not included
2017-18,N7,South West,Wiltshire,BSU,50<71,A to F2,not included,3.8358482583556617,not included,not included,not included,not included
2018-19,N1,North East and Yorkshire,Barnsley,BSU,45 and over,A to F2,not included,3.3146964856230032,not included,not included,not included,not included
2018-19,N1,North East and Yorkshire,Doncaster,BSU,45 and over,A to F2,not included,2.5395353629011486,not included,not included,not included,not included
2018-19,N1,North East and Yorkshire,Gateshead,BSU,45 and over,A to F2,not included,3.58160621761658,not included,not included,not included,not included
2018-19,N1,North East and Yorkshire,Humberside,BSU,45 and over,A to F2,not included,2.8705685307527684,not included,not included,not included,not included
2018-19,N1,North East and Yorkshire,Leeds Wakefield,BSU,45 and over,A to F2,not included,5.377571758043523,not included,not included,not included,not included
2018-19,N1,North East and Yorkshire,Newcastle,BSU,45 and over,A to F2,not included,3.8085347888038252,not included,not included,not included,not included
2018-19,N1,North East and Yorkshire,North Cumbria,BSU,45 and over,A to F2,not included,3.5577980464454364,not included,not included,not included,not included
2018-19,N1,North East and Yorkshire,North Tees,BSU,45 and over,A to F2,not included,2.4260114362274803,not included,not included,not included,not included
2018-19,N1,North East and Yorkshire,North Yorkshire,BSU,45 and over,A to F2,not included,2.738482891154647,not included,not included,not included,not included
2018-19,N1,North East and Yorkshire,Pennine,BSU,45 and over,A to F2,not included,3.3358971541588835,not included,not included,not included,not included
2018-19,N1,North East and Yorkshire,Rotherham,BSU,45 and over,A to F2,not included,6.099701597331928,not included,not included,not included,not included
2018-19,N1,North East and Yorkshire,Sheffield,BSU,45 and over,A to F2,not included,2.927481443916832,not included,not included,not included,not included
2018-19,N2,North West,Bolton,BSU,45 and over,A to F2,not included,4.303299196050305,not included,not included,not included,not included
2018-19,N2,North West,Cheshire & Stockport,BSU,45 and over,A to F2,not included,4.9944559610471,not included,not included,not included,not included
2018-19,N2,North West,Crewe,BSU,45 and over,A to F2,not included,3.5262141477719764,not included,not included,not included,not included
2018-19,N2,North West,East Lancashire,BSU,45 and over,A to F2,not included,3.595238095238095,not included,not included,not included,not included
2018-19,N2,North West,Liverpool,BSU,45 and over,A to F2,not included,4.2533677271424475,not included,not included,not included,not included
2018-19,N2,North West,Manchester,BSU,45 and over,A to F2,not included,3.4927605846428325,not included,not included,not included,not included
2018-19,N2,North West,North Lancashire & South Cumbria,BSU,45 and over,A to F2,not included,4.214306896438103,not included,not included,not included,not included
2018-19,N2,North West,South Lancashire,BSU,45 and over,A to F2,not included,4.110186430206781,not included,not included,not included,not included
2018-19,N2,North West,"Warrington, Halton, St Helens & Knowsley",BSU,45 and over,A to F2,not included,4.746494066882416,not included,not included,not included,not included
2018-19,N2,North West,Wirral & Chester,BSU,45 and over,A to F2,not included,3.979792526319849,not included,not included,not included,not included
2018-19,N3,Midlands,"City, Sandwell & Walsall",BSU,45 and over,A to F2,not included,2.8147937005629586,not included,not included,not included,not included
2018-19,N3,Midlands,"Dudley, Wolverhampton & South West Staffordshire",BSU,45 and over,A to F2,not included,4.337496606027695,not included,not included,not included,not included
2018-19,N3,Midlands,Hereford & Worcester,BSU,45 and over,A to F2,not included,2.3445156426686773,not included,not included,not included,not included
2018-19,N3,Midlands,Kettering,BSU,45 and over,A to F2,not included,2.428766068360879,not included,not included,not included,not included
2018-19,N3,Midlands,Leicestershire,BSU,45 and over,A to F2,not included,3.6840095986038395,not included,not included,not included,not included
2018-19,N3,Midlands,Lincolnshire,BSU,45 and over,A to F2,not included,3.243110101535346,not included,not included,not included,not included
2018-19,N3,Midlands,North Derbyshire & Chesterfield,BSU,45 and over,A to F2,not included,3.645743766122098,not included,not included,not included,not included
2018-19,N3,Midlands,North Midlands,BSU,45 and over,A to F2,not included,3.1301541771244175,not included,not included,not included,not included
2018-19,N3,Midlands,North Nottinghamshire,BSU,45 and over,A to F2,not included,4.710956290951315,not included,not included,not included,not included
2018-19,N3,Midlands,Northampton,BSU,45 and over,A to F2,not included,3.16734693877551,not included,not included,not included,not included
2018-19,N3,Midlands,Nottingham City,BSU,45 and over,A to F2,not included,2.3249590205064727,not included,not included,not included,not included
2018-19,N3,Midlands,Shropshire,BSU,45 and over,A to F2,not included,2.4592930059900446,not included,not included,not included,not included
2018-19,N3,Midlands,South Birmingham,BSU,45 and over,A to F2,not included,3.874861044942036,not included,not included,not included,not included
2018-19,N3,Midlands,South Derbyshire & South East Staffordshire,BSU,45 and over,A to F2,not included,2.6656511805026657,not included,not included,not included,not included
2018-19,N3,Midlands,"Warwickshire, Solihull & Coventry",BSU,45 and over,A to F2,not included,3.6954596586965365,not included,not included,not included,not included
2018-19,N4,East of England,Beds & Herts,BSU,45 and over,A to F2,not included,3.3989238319158,not included,not included,not included,not included
2018-19,N4,East of England,Cambridge & Huntingdon,BSU,45 and over,A to F2,not included,4.0708559358648175,not included,not included,not included,not included
2018-19,N4,East of England,Chelmsford & Colchester,BSU,45 and over,A to F2,not included,2.45854475074541,not included,not included,not included,not included
2018-19,N4,East of England,East Suffolk,BSU,45 and over,A to F2,not included,2.227488151658768,not included,not included,not included,not included
2018-19,N4,East of England,Great Yarmouth & Waveney,BSU,45 and over,A to F2,not included,4.313408723747981,not included,not included,not included,not included
2018-19,N4,East of England,King's Lynn,BSU,45 and over,A to F2,not included,2.4607941274607943,not included,not included,not included,not included
2018-19,N4,East of England,Milton Keynes,BSU,45 and over,A to F2,not included,3.9297977871041585,not included,not included,not included,not included
2018-19,N4,East of England,Norfolk & Norwich,BSU,45 and over,A to F2,not included,2.79127543750685,not included,not included,not included,not included
2018-19,N4,East of England,Peterborough,BSU,45 and over,A to F2,not included,3.6153103891926666,not included,not included,not included,not included
2018-19,N4,East of England,South Essex,BSU,45 and over,A to F2,not included,2.8848214668438423,not included,not included,not included,not included
2018-19,N4,East of England,West Essex (Epping),BSU,45 and over,A to F2,not included,2.512091243773912,not included,not included,not included,not included
2018-19,N4,East of England,West Suffolk,BSU,45 and over,A to F2,not included,2.643504531722054,not included,not included,not included,not included
2018-19,N5,London,Central & East London,BSU,45 and over,A to F2,not included,7.630483662632158,not included,not included,not included,not included
2018-19,N5,London,North London,BSU,45 and over,A to F2,not included,5.511850816164951,not included,not included,not included,not included
2018-19,N5,London,Outer North East London,BSU,45 and over,A to F2,not included,5.424502263276046,not included,not included,not included,not included
2018-19,N5,London,South East London,BSU,45 and over,A to F2,not included,3.8055447596838965,not included,not included,not included,not included
2018-19,N5,London,South West London,BSU,45 and over,A to F2,not included,3.9755527455263056,not included,not included,not included,not included
2018-19,N5,London,West of London,BSU,45 and over,A to F2,not included,4.776781002638522,not included,not included,not included,not included
2018-19,N6,South East,Aylesbury & Wycombe,BSU,45 and over,A to F2,not included,3.2950791166753612,not included,not included,not included,not included
2018-19,N6,South East,Brighton,BSU,45 and over,A to F2,not included,3.478019777579249,not included,not included,not included,not included
2018-19,N6,South East,Canterbury,BSU,45 and over,A to F2,not included,3.1304177161362072,not included,not included,not included,not included
2018-19,N6,South East,East Berkshire,BSU,45 and over,A to F2,not included,4.408317194985221,not included,not included,not included,not included
2018-19,N6,South East,Guildford,BSU,45 and over,A to F2,not included,4.524444909563428,not included,not included,not included,not included
2018-19,N6,South East,Isle of Wight,BSU,45 and over,A to F2,not included,4.349201328483314,not included,not included,not included,not included
2018-19,N6,South East,Maidstone,BSU,45 and over,A to F2,not included,5.347132384648556,not included,not included,not included,not included
2018-19,N6,South East,Medway,BSU,45 and over,A to F2,not included,4.551459108922781,not included,not included,not included,not included
2018-19,N6,South East,North & Mid Hampshire,BSU,45 and over,A to F2,not included,3.4998177178271965,not included,not included,not included,not included
2018-19,N6,South East,Oxfordshire,BSU,45 and over,A to F2,not included,4.1181068789084705,not included,not included,not included,not included
2018-19,N6,South East,Portsmouth,BSU,45 and over,A to F2,not included,2.1612252838597854,not included,not included,not included,not included
2018-19,N6,South East,Southampton & Salisbury,BSU,45 and over,A to F2,not included,4.345870385107782,not included,not included,not included,not included
2018-19,N6,South East,West Berkshire,BSU,45 and over,A to F2,not included,2.6500566251415627,not included,not included,not included,not included
2018-19,N6,South East,Worthing,BSU,45 and over,A to F2,not included,3.5652944761482632,not included,not included,not included,not included
2018-19,N7,South West,Avon,BSU,45 and over,A to F2,not included,4.627551125481393,not included,not included,not included,not included
2018-19,N7,South West,Cornwall,BSU,45 and over,A to F2,not included,5.354143623776166,not included,not included,not included,not included
2018-19,N7,South West,Dorset,BSU,45 and over,A to F2,not included,5.583396884192178,not included,not included,not included,not included
2018-19,N7,South West,Gloucestershire,BSU,45 and over,A to F2,not included,3.3884103629721487,not included,not included,not included,not included
2018-19,N7,South West,North & East Devon,BSU,45 and over,A to F2,not included,4.93584260051326,not included,not included,not included,not included
2018-19,N7,South West,Somerset,BSU,45 and over,A to F2,not included,2.718389844663437,not included,not included,not included,not included
2018-19,N7,South West,South Devon,BSU,45 and over,A to F2,not included,4.660094738189732,not included,not included,not included,not included
2018-19,N7,South West,West Devon,BSU,45 and over,A to F2,not included,5.194398460918975,not included,not included,not included,not included
2018-19,N7,South West,Wiltshire,BSU,45 and over,A to F2,not included,4.520291680983469,not included,not included,not included,not included
2018-19,N1,North East and Yorkshire,Barnsley,BSU,50<71,A to F2,not included,2.9898296777355715,not included,not included,not included,not included
2018-19,N1,North East and Yorkshire,Doncaster,BSU,50<71,A to F2,not included,2.2934377102317898,not included,not included,not included,not included
2018-19,N1,North East and Yorkshire,Gateshead,BSU,50<71,A to F2,not included,3.558387627980239,not included,not included,not included,not included
2018-19,N1,North East and Yorkshire,Humberside,BSU,50<71,A to F2,not included,2.668499915820192,not included,not included,not included,not included
2018-19,N1,North East and Yorkshire,Leeds Wakefield,BSU,50<71,A to F2,not included,5.099242444812512,not included,not included,not included,not included
2018-19,N1,North East and Yorkshire,Newcastle,BSU,50<71,A to F2,not included,3.454900020374305,not included,not included,not included,not included
2018-19,N1,North East and Yorkshire,North Cumbria,BSU,50<71,A to F2,not included,3.6108108108108103,not included,not included,not included,not included
2018-19,N1,North East and Yorkshire,North Tees,BSU,50<71,A to F2,not included,2.2102936532996527,not included,not included,not included,not included
2018-19,N1,North East and Yorkshire,North Yorkshire,BSU,50<71,A to F2,not included,2.5684931506849313,not included,not included,not included,not included
2018-19,N1,North East and Yorkshire,Pennine,BSU,50<71,A to F2,not included,3.0795574288724974,not included,not included,not included,not included
2018-19,N1,North East and Yorkshire,Rotherham,BSU,50<71,A to F2,not included,5.504385964912281,not included,not included,not included,not included
2018-19,N1,North East and Yorkshire,Sheffield,BSU,50<71,A to F2,not included,2.7812183312690015,not included,not included,not included,not included
2018-19,N2,North West,Bolton,BSU,50<71,A to F2,not included,3.984524569240587,not included,not included,not included,not included
2018-19,N2,North West,Cheshire & Stockport,BSU,50<71,A to F2,not included,4.695079695079695,not included,not included,not included,not included
2018-19,N2,North West,Crewe,BSU,50<71,A to F2,not included,3.3731553056921992,not included,not included,not included,not included
2018-19,N2,North West,East Lancashire,BSU,50<71,A to F2,not included,3.2495055100310823,not included,not included,not included,not included
2018-19,N2,North West,Liverpool,BSU,50<71,A to F2,not included,4.033084968213822,not included,not included,not included,not included
2018-19,N2,North West,Manchester,BSU,50<71,A to F2,not included,3.2907918210511875,not included,not included,not included,not included
2018-19,N2,North West,North Lancashire & South Cumbria,BSU,50<71,A to F2,not included,3.903771235792602,not included,not included,not included,not included
2018-19,N2,North West,South Lancashire,BSU,50<71,A to F2,not included,3.881733280219537,not included,not included,not included,not included
2018-19,N2,North West,"Warrington, Halton, St Helens & Knowsley",BSU,50<71,A to F2,not included,4.411270580329285,not included,not included,not included,not included
2018-19,N2,North West,Wirral & Chester,BSU,50<71,A to F2,not included,3.603307338156535,not included,not included,not included,not included
2018-19,N3,Midlands,"City, Sandwell & Walsall",BSU,50<71,A to F2,not included,2.5724647867525094,not included,not included,not included,not included
2018-19,N3,Midlands,"Dudley, Wolverhampton & South West Staffordshire",BSU,50<71,A to F2,not included,3.8999958947411635,not included,not included,not included,not included
2018-19,N3,Midlands,Hereford & Worcester,BSU,50<71,A to F2,not included,2.1594583053742453,not included,not included,not included,not included
2018-19,N3,Midlands,Kettering,BSU,50<71,A to F2,not included,2.1248437614881257,not included,not included,not included,not included
2018-19,N3,Midlands,Leicestershire,BSU,50<71,A to F2,not included,3.4603434178250203,not included,not included,not included,not included
2018-19,N3,Midlands,Lincolnshire,BSU,50<71,A to F2,not included,2.9262128819871647,not included,not included,not included,not included
2018-19,N3,Midlands,North Derbyshire & Chesterfield,BSU,50<71,A to F2,not included,3.326502732240437,not included,not included,not included,not included
2018-19,N3,Midlands,North Midlands,BSU,50<71,A to F2,not included,2.8291044116346917,not included,not included,not included,not included
2018-19,N3,Midlands,North Nottinghamshire,BSU,50<71,A to F2,not included,4.3383947939262475,not included,not included,not included,not included
2018-19,N3,Midlands,Northampton,BSU,50<71,A to F2,not included,3.057341556226217,not included,not included,not included,not included
2018-19,N3,Midlands,Nottingham City,BSU,50<71,A to F2,not included,2.222403126017584,not included,not included,not included,not included
2018-19,N3,Midlands,Shropshire,BSU,50<71,A to F2,not included,2.240620957309185,not included,not included,not included,not included
2018-19,N3,Midlands,South Birmingham,BSU,50<71,A to F2,not included,3.4095202115602565,not included,not included,not included,not included
2018-19,N3,Midlands,South Derbyshire & South East Staffordshire,BSU,50<71,A to F2,not included,2.387420762328147,not included,not included,not included,not included
2018-19,N3,Midlands,"Warwickshire, Solihull & Coventry",BSU,50<71,A to F2,not included,3.5108717334929187,not included,not included,not included,not included
2018-19,N4,East of England,Beds & Herts,BSU,50<71,A to F2,not included,3.1714644255998783,not included,not included,not included,not included
2018-19,N4,East of England,Cambridge & Huntingdon,BSU,50<71,A to F2,not included,3.8944388054917463,not included,not included,not included,not included
2018-19,N4,East of England,Chelmsford & Colchester,BSU,50<71,A to F2,not included,2.3350192313516462,not included,not included,not included,not included
2018-19,N4,East of England,East Suffolk,BSU,50<71,A to F2,not included,2.111784691226434,not included,not included,not included,not included
2018-19,N4,East of England,Great Yarmouth & Waveney,BSU,50<71,A to F2,not included,4.103836610040084,not included,not included,not included,not included
2018-19,N4,East of England,King's Lynn,BSU,50<71,A to F2,not included,2.38072564517665,not included,not included,not included,not included
2018-19,N4,East of England,Milton Keynes,BSU,50<71,A to F2,not included,3.6210762331838566,not included,not included,not included,not included
2018-19,N4,East of England,Norfolk & Norwich,BSU,50<71,A to F2,not included,2.7017998079091323,not included,not included,not included,not included
2018-19,N4,East of England,Peterborough,BSU,50<71,A to F2,not included,3.5035880118193328,not included,not included,not included,not included
2018-19,N4,East of England,South Essex,BSU,50<71,A to F2,not included,2.757168638459996,not included,not included,not included,not included
2018-19,N4,East of England,West Essex (Epping),BSU,50<71,A to F2,not included,2.2017175223826055,not included,not included,not included,not included
2018-19,N4,East of England,West Suffolk,BSU,50<71,A to F2,not included,2.547169811320755,not included,not included,not included,not included
2018-19,N5,London,Central & East London,BSU,50<71,A to F2,not included,7.519101351009462,not included,not included,not included,not included
2018-19,N5,London,North London,BSU,50<71,A to F2,not included,5.22449306403507,not included,not included,not included,not included
2018-19,N5,London,Outer North East London,BSU,50<71,A to F2,not included,5.143422354104846,not included,not included,not included,not included
2018-19,N5,London,South East London,BSU,50<71,A to F2,not included,3.536181002535596,not included,not included,not included,not included
2018-19,N5,London,South West London,BSU,50<71,A to F2,not included,3.6792366272135055,not included,not included,not included,not included
2018-19,N5,London,West of London,BSU,50<71,A to F2,not included,4.225104749479389,not included,not included,not included,not included
2018-19,N6,South East,Aylesbury & Wycombe,BSU,50<71,A to F2,not included,3.070618913309563,not included,not included,not included,not included
2018-19,N6,South East,Brighton,BSU,50<71,A to F2,not included,3.2272540293930665,not included,not included,not included,not included
2018-19,N6,South East,Canterbury,BSU,50<71,A to F2,not included,2.864732325296281,not included,not included,not included,not included
2018-19,N6,South East,East Berkshire,BSU,50<71,A to F2,not included,4.020656584286241,not included,not included,not included,not included
2018-19,N6,South East,Guildford,BSU,50<71,A to F2,not included,4.219741831039918,not included,not included,not included,not included
2018-19,N6,South East,Isle of Wight,BSU,50<71,A to F2,not included,4.222803136939473,not included,not included,not included,not included
2018-19,N6,South East,Maidstone,BSU,50<71,A to F2,not included,4.988422097254383,not included,not included,not included,not included
2018-19,N6,South East,Medway,BSU,50<71,A to F2,not included,4.287448409808206,not included,not included,not included,not included
2018-19,N6,South East,North & Mid Hampshire,BSU,50<71,A to F2,not included,3.1658759366824816,not included,not included,not included,not included
2018-19,N6,South East,Oxfordshire,BSU,50<71,A to F2,not included,3.8110412539832916,not included,not included,not included,not included
2018-19,N6,South East,Portsmouth,BSU,50<71,A to F2,not included,2.0199013437659468,not included,not included,not included,not included
2018-19,N6,South East,Southampton & Salisbury,BSU,50<71,A to F2,not included,4.184361728703472,not included,not included,not included,not included
2018-19,N6,South East,West Berkshire,BSU,50<71,A to F2,not included,2.344558096770486,not included,not included,not included,not included
2018-19,N6,South East,Worthing,BSU,50<71,A to F2,not included,3.3973823447507656,not included,not included,not included,not included
2018-19,N7,South West,Avon,BSU,50<71,A to F2,not included,4.274117705291293,not included,not included,not included,not included
2018-19,N7,South West,Cornwall,BSU,50<71,A to F2,not included,5.049660733602124,not included,not included,not included,not included
2018-19,N7,South West,Dorset,BSU,50<71,A to F2,not included,5.25195173882186,not included,not included,not included,not included
2018-19,N7,South West,Gloucestershire,BSU,50<71,A to F2,not included,3.1694880685294717,not included,not included,not included,not included
2018-19,N7,South West,North & East Devon,BSU,50<71,A to F2,not included,4.788676825960448,not included,not included,not included,not included
2018-19,N7,South West,Somerset,BSU,50<71,A to F2,not included,2.4002034070683957,not included,not included,not included,not included
2018-19,N7,South West,South Devon,BSU,50<71,A to F2,not included,4.561241028015744,not included,not included,not included,not included
2018-19,N7,South West,West Devon,BSU,50<71,A to F2,not included,4.85756627696361,not included,not included,not included,not included
2018-19,N7,South West,Wiltshire,BSU,50<71,A to F2,not included,4.251677076104557,not included,not included,not included,not included
2019-20,N1,North East and Yorkshire,Barnsley,BSU,45 and over,A to F2,not included,3.6684638968178453,not included,not included,not included,not included
2019-20,N1,North East and Yorkshire,Doncaster,BSU,45 and over,A to F2,not included,2.526123020575245,not included,not included,not included,not included
2019-20,N1,North East and Yorkshire,Gateshead,BSU,45 and over,A to F2,not included,3.6026837806301053,not included,not included,not included,not included
2019-20,N1,North East and Yorkshire,Humberside,BSU,45 and over,A to F2,not included,2.622425743813027,not included,not included,not included,not included
2019-20,N1,North East and Yorkshire,Leeds Wakefield,BSU,45 and over,A to F2,not included,3.633252594386791,not included,not included,not included,not included
2019-20,N1,North East and Yorkshire,Newcastle,BSU,45 and over,A to F2,not included,3.926288480569151,not included,not included,not included,not included
2019-20,N1,North East and Yorkshire,North Cumbria,BSU,45 and over,A to F2,not included,2.894441880398233,not included,not included,not included,not included
2019-20,N1,North East and Yorkshire,North Tees,BSU,45 and over,A to F2,not included,2.3403245175524336,not included,not included,not included,not included
2019-20,N1,North East and Yorkshire,North Yorkshire,BSU,45 and over,A to F2,not included,2.494842525099711,not included,not included,not included,not included
2019-20,N1,North East and Yorkshire,Pennine,BSU,45 and over,A to F2,not included,3.2176428054953,not included,not included,not included,not included
2019-20,N1,North East and Yorkshire,Rotherham,BSU,45 and over,A to F2,not included,4.072108345534407,not included,not included,not included,not included
2019-20,N1,North East and Yorkshire,Sheffield,BSU,45 and over,A to F2,not included,2.353365260827025,not included,not included,not included,not included
2019-20,N2,North West,Bolton,BSU,45 and over,A to F2,not included,3.4431858293489075,not included,not included,not included,not included
2019-20,N2,North West,Cheshire & Stockport,BSU,45 and over,A to F2,not included,4.603430582026096,not included,not included,not included,not included
2019-20,N2,North West,Crewe,BSU,45 and over,A to F2,not included,4.093110451491954,not included,not included,not included,not included
2019-20,N2,North West,East Lancashire,BSU,45 and over,A to F2,not included,3.5679984633115636,not included,not included,not included,not included
2019-20,N2,North West,Liverpool,BSU,45 and over,A to F2,not included,3.674570495527474,not included,not included,not included,not included
2019-20,N2,North West,Manchester,BSU,45 and over,A to F2,not included,3.076831753695166,not included,not included,not included,not included
2019-20,N2,North West,North Lancashire & South Cumbria,BSU,45 and over,A to F2,not included,4.580750872693596,not included,not included,not included,not included
2019-20,N2,North West,South Lancashire,BSU,45 and over,A to F2,not included,3.2720496004013904,not included,not included,not included,not included
2019-20,N2,North West,"Warrington, Halton, St Helens & Knowsley",BSU,45 and over,A to F2,not included,4.042948038176034,not included,not included,not included,not included
2019-20,N2,North West,Wirral & Chester,BSU,45 and over,A to F2,not included,4.027813109471721,not included,not included,not included,not included
2019-20,N3,Midlands,"City, Sandwell & Walsall",BSU,45 and over,A to F2,not included,2.693113219169644,not included,not included,not included,not included
2019-20,N3,Midlands,"Dudley, Wolverhampton & South West Staffordshire",BSU,45 and over,A to F2,not included,3.683200704557607,not included,not included,not included,not included
2019-20,N3,Midlands,Hereford & Worcester,BSU,45 and over,A to F2,not included,2.610237383852645,not included,not included,not included,not included
2019-20,N3,Midlands,Kettering,BSU,45 and over,A to F2,not included,2.92169848071679,not included,not included,not included,not included
2019-20,N3,Midlands,Leicestershire,BSU,45 and over,A to F2,not included,3.6357108664432745,not included,not included,not included,not included
2019-20,N3,Midlands,Lincolnshire,BSU,45 and over,A to F2,not included,3.1836783822821375,not included,not included,not included,not included
2019-20,N3,Midlands,North Derbyshire & Chesterfield,BSU,45 and over,A to F2,not included,3.465759961822954,not included,not included,not included,not included
2019-20,N3,Midlands,North Midlands,BSU,45 and over,A to F2,not included,2.8278370315884107,not included,not included,not included,not included
2019-20,N3,Midlands,North Nottinghamshire,BSU,45 and over,A to F2,not included,4.469892870336166,not included,not included,not included,not included
2019-20,N3,Midlands,Northampton,BSU,45 and over,A to F2,not included,3.0597708268813877,not included,not included,not included,not included
2019-20,N3,Midlands,Nottingham City,BSU,45 and over,A to F2,not included,2.3046555464665506,not included,not included,not included,not included
2019-20,N3,Midlands,Shropshire,BSU,45 and over,A to F2,not included,2.7374835159838113,not included,not included,not included,not included
2019-20,N3,Midlands,South Birmingham,BSU,45 and over,A to F2,not included,4.496864310148233,not included,not included,not included,not included
2019-20,N3,Midlands,South Derbyshire & South East Staffordshire,BSU,45 and over,A to F2,not included,2.8706207213944657,not included,not included,not included,not included
2019-20,N3,Midlands,"Warwickshire, Solihull & Coventry",BSU,45 and over,A to F2,not included,4.170328152853449,not included,not included,not included,not included
2019-20,N4,East of England,Beds & Herts,BSU,45 and over,A to F2,not included,3.3538390683597603,not included,not included,not included,not included
2019-20,N4,East of England,Cambridge & Huntingdon,BSU,45 and over,A to F2,not included,3.823296354992076,not included,not included,not included,not included
2019-20,N4,East of England,Chelmsford & Colchester,BSU,45 and over,A to F2,not included,2.482146571448381,not included,not included,not included,not included
2019-20,N4,East of England,East Suffolk,BSU,45 and over,A to F2,not included,2.2820823244552058,not included,not included,not included,not included
2019-20,N4,East of England,Great Yarmouth & Waveney,BSU,45 and over,A to F2,not included,4.640284404528019,not included,not included,not included,not included
2019-20,N4,East of England,King's Lynn,BSU,45 and over,A to F2,not included,2.1682956971126837,not included,not included,not included,not included
2019-20,N4,East of England,Milton Keynes,BSU,45 and over,A to F2,not included,4.6892980437284235,not included,not included,not included,not included
2019-20,N4,East of England,Norfolk & Norwich,BSU,45 and over,A to F2,not included,3.074973600844773,not included,not included,not included,not included
2019-20,N4,East of England,Peterborough,BSU,45 and over,A to F2,not included,4.320266889074229,not included,not included,not included,not included
2019-20,N4,East of England,South Essex,BSU,45 and over,A to F2,not included,2.711085582998277,not included,not included,not included,not included
2019-20,N4,East of England,West Essex (Epping),BSU,45 and over,A to F2,not included,2.238857221344688,not included,not included,not included,not included
2019-20,N4,East of England,West Suffolk,BSU,45 and over,A to F2,not included,2.931471107359374,not included,not included,not included,not included
2019-20,N5,London,Central & East London,BSU,45 and over,A to F2,not included,5.09969242681694,not included,not included,not included,not included
2019-20,N5,London,North London,BSU,45 and over,A to F2,not included,4.819861238819694,not included,not included,not included,not included
2019-20,N5,London,Outer North East London,BSU,45 and over,A to F2,not included,5.471027514875604,not included,not included,not included,not included
2019-20,N5,London,South East London,BSU,45 and over,A to F2,not included,3.5571024067956585,not included,not included,not included,not included
2019-20,N5,London,South West London,BSU,45 and over,A to F2,not included,3.8465204957102004,not included,not included,not included,not included
2019-20,N5,London,West of London,BSU,45 and over,A to F2,not included,4.322485542578523,not included,not included,not included,not included
2019-20,N6,South East,Aylesbury & Wycombe,BSU,45 and over,A to F2,not included,3.593132053631716,not included,not included,not included,not included
2019-20,N6,South East,Brighton,BSU,45 and over,A to F2,not included,3.364875701684042,not included,not included,not included,not included
2019-20,N6,South East,Canterbury,BSU,45 and over,A to F2,not included,2.4836730655056405,not included,not included,not included,not included
2019-20,N6,South East,East Berkshire,BSU,45 and over,A to F2,not included,4.021235739297413,not included,not included,not included,not included
2019-20,N6,South East,Guildford,BSU,45 and over,A to F2,not included,4.652065428333795,not included,not included,not included,not included
2019-20,N6,South East,Isle of Wight,BSU,45 and over,A to F2,not included,3.2488033404623686,not included,not included,not included,not included
2019-20,N6,South East,Maidstone,BSU,45 and over,A to F2,not included,5.052350849466614,not included,not included,not included,not included
2019-20,N6,South East,Medway,BSU,45 and over,A to F2,not included,4.874177313201703,not included,not included,not included,not included
2019-20,N6,South East,North & Mid Hampshire,BSU,45 and over,A to F2,not included,3.283450704225352,not included,not included,not included,not included
2019-20,N6,South East,Oxfordshire,BSU,45 and over,A to F2,not included,3.5063330244053135,not included,not included,not included,not included
2019-20,N6,South East,Portsmouth,BSU,45 and over,A to F2,not included,2.439456324434409,not included,not included,not included,not included
2019-20,N6,South East,Southampton & Salisbury,BSU,45 and over,A to F2,not included,4.652065189273088,not included,not included,not included,not included
2019-20,N6,South East,West Berkshire,BSU,45 and over,A to F2,not included,2.565024033062306,not included,not included,not included,not included
2019-20,N6,South East,Worthing,BSU,45 and over,A to F2,not included,2.9275982434410537,not included,not included,not included,not included
2019-20,N7,South West,Avon,BSU,45 and over,A to F2,not included,4.422897551029262,not included,not included,not included,not included
2019-20,N7,South West,Cornwall,BSU,45 and over,A to F2,not included,4.581608446904507,not included,not included,not included,not included
2019-20,N7,South West,Dorset,BSU,45 and over,A to F2,not included,4.765770641650129,not included,not included,not included,not included
2019-20,N7,South West,Gloucestershire,BSU,45 and over,A to F2,not included,3.3540934553425417,not included,not included,not included,not included
2019-20,N7,South West,North & East Devon,BSU,45 and over,A to F2,not included,5.111909367228516,not included,not included,not included,not included
2019-20,N7,South West,Somerset,BSU,45 and over,A to F2,not included,2.23337181422609,not included,not included,not included,not included
2019-20,N7,South West,South Devon,BSU,45 and over,A to F2,not included,4.11869201921179,not included,not included,not included,not included
2019-20,N7,South West,West Devon,BSU,45 and over,A to F2,not included,4.698488702678437,not included,not included,not included,not included
2019-20,N7,South West,Wiltshire,BSU,45 and over,A to F2,not included,4.411938650790521,not included,not included,not included,not included
2019-20,N1,North East and Yorkshire,Barnsley,BSU,50<71,A to F2,not included,3.667153996101365,not included,not included,not included,not included
2019-20,N1,North East and Yorkshire,Doncaster,BSU,50<71,A to F2,not included,2.2490790409099723,not included,not included,not included,not included
2019-20,N1,North East and Yorkshire,Gateshead,BSU,50<71,A to F2,not included,3.552370788229913,not included,not included,not included,not included
2019-20,N1,North East and Yorkshire,Humberside,BSU,50<71,A to F2,not included,2.4898300683765617,not included,not included,not included,not included
2019-20,N1,North East and Yorkshire,Leeds Wakefield,BSU,50<71,A to F2,not included,3.4584422909296,not included,not included,not included,not included
2019-20,N1,North East and Yorkshire,Newcastle,BSU,50<71,A to F2,not included,3.7415495809838313,not included,not included,not included,not included
2019-20,N1,North East and Yorkshire,North Cumbria,BSU,50<71,A to F2,not included,2.9021151008362023,not included,not included,not included,not included
2019-20,N1,North East and Yorkshire,North Tees,BSU,50<71,A to F2,not included,2.195673232160155,not included,not included,not included,not included
2019-20,N1,North East and Yorkshire,North Yorkshire,BSU,50<71,A to F2,not included,2.3439078601737724,not included,not included,not included,not included
2019-20,N1,North East and Yorkshire,Pennine,BSU,50<71,A to F2,not included,3.162447067303361,not included,not included,not included,not included
2019-20,N1,North East and Yorkshire,Rotherham,BSU,50<71,A to F2,not included,3.798596413055586,not included,not included,not included,not included
2019-20,N1,North East and Yorkshire,Sheffield,BSU,50<71,A to F2,not included,2.174314752078842,not included,not included,not included,not included
2019-20,N2,North West,Bolton,BSU,50<71,A to F2,not included,3.2397968639952555,not included,not included,not included,not included
2019-20,N2,North West,Cheshire & Stockport,BSU,50<71,A to F2,not included,4.435342305441779,not included,not included,not included,not included
2019-20,N2,North West,Crewe,BSU,50<71,A to F2,not included,3.679733727810651,not included,not included,not included,not included
2019-20,N2,North West,East Lancashire,BSU,50<71,A to F2,not included,3.461990924878158,not included,not included,not included,not included
2019-20,N2,North West,Liverpool,BSU,50<71,A to F2,not included,3.5200630459053,not included,not included,not included,not included
2019-20,N2,North West,Manchester,BSU,50<71,A to F2,not included,2.8911758665540925,not included,not included,not included,not included
2019-20,N2,North West,North Lancashire & South Cumbria,BSU,50<71,A to F2,not included,4.392817702155508,not included,not included,not included,not included
2019-20,N2,North West,South Lancashire,BSU,50<71,A to F2,not included,3.1385742270675414,not included,not included,not included,not included
2019-20,N2,North West,"Warrington, Halton, St Helens & Knowsley",BSU,50<71,A to F2,not included,3.67310889443059,not included,not included,not included,not included
2019-20,N2,North West,Wirral & Chester,BSU,50<71,A to F2,not included,3.788519938268532,not included,not included,not included,not included
2019-20,N3,Midlands,"City, Sandwell & Walsall",BSU,50<71,A to F2,not included,2.5496716977914216,not included,not included,not included,not included
2019-20,N3,Midlands,"Dudley, Wolverhampton & South West Staffordshire",BSU,50<71,A to F2,not included,3.3864029120858916,not included,not included,not included,not included
2019-20,N3,Midlands,Hereford & Worcester,BSU,50<71,A to F2,not included,2.440066829855849,not included,not included,not included,not included
2019-20,N3,Midlands,Kettering,BSU,50<71,A to F2,not included,2.6674890139542056,not included,not included,not included,not included
2019-20,N3,Midlands,Leicestershire,BSU,50<71,A to F2,not included,3.512425378314591,not included,not included,not included,not included
2019-20,N3,Midlands,Lincolnshire,BSU,50<71,A to F2,not included,2.860203535083021,not included,not included,not included,not included
2019-20,N3,Midlands,North Derbyshire & Chesterfield,BSU,50<71,A to F2,not included,3.2300915891770954,not included,not included,not included,not included
2019-20,N3,Midlands,North Midlands,BSU,50<71,A to F2,not included,2.649325626204239,not included,not included,not included,not included
2019-20,N3,Midlands,North Nottinghamshire,BSU,50<71,A to F2,not included,4.163024475524475,not included,not included,not included,not included
2019-20,N3,Midlands,Northampton,BSU,50<71,A to F2,not included,2.8486866444691086,not included,not included,not included,not included
2019-20,N3,Midlands,Nottingham City,BSU,50<71,A to F2,not included,2.1363559750547783,not included,not included,not included,not included
2019-20,N3,Midlands,Shropshire,BSU,50<71,A to F2,not included,2.606848951420228,not included,not included,not included,not included
2019-20,N3,Midlands,South Birmingham,BSU,50<71,A to F2,not included,4.182292515897603,not included,not included,not included,not included
2019-20,N3,Midlands,South Derbyshire & South East Staffordshire,BSU,50<71,A to F2,not included,2.741239080228939,not included,not included,not included,not included
2019-20,N3,Midlands,"Warwickshire, Solihull & Coventry",BSU,50<71,A to F2,not included,3.9041156252754035,not included,not included,not included,not included
2019-20,N4,East of England,Beds & Herts,BSU,50<71,A to F2,not included,3.0711029197788338,not included,not included,not included,not included
2019-20,N4,East of England,Cambridge & Huntingdon,BSU,50<71,A to F2,not included,3.82262996941896,not included,not included,not included,not included
2019-20,N4,East of England,Chelmsford & Colchester,BSU,50<71,A to F2,not included,2.330035110118098,not included,not included,not included,not included
2019-20,N4,East of England,East Suffolk,BSU,50<71,A to F2,not included,2.242033131528175,not included,not included,not included,not included
2019-20,N4,East of England,Great Yarmouth & Waveney,BSU,50<71,A to F2,not included,4.55094643576319,not included,not included,not included,not included
2019-20,N4,East of England,King's Lynn,BSU,50<71,A to F2,not included,2.1623625355245273,not included,not included,not included,not included
2019-20,N4,East of England,Milton Keynes,BSU,50<71,A to F2,not included,4.100022527596305,not included,not included,not included,not included
2019-20,N4,East of England,Norfolk & Norwich,BSU,50<71,A to F2,not included,3.0762687836688403,not included,not included,not included,not included
2019-20,N4,East of England,Peterborough,BSU,50<71,A to F2,not included,4.296840815612147,not included,not included,not included,not included
2019-20,N4,East of England,South Essex,BSU,50<71,A to F2,not included,2.6139637349601763,not included,not included,not included,not included
2019-20,N4,East of England,West Essex (Epping),BSU,50<71,A to F2,not included,2.011191306463385,not included,not included,not included,not included
2019-20,N4,East of England,West Suffolk,BSU,50<71,A to F2,not included,2.801897771014233,not included,not included,not included,not included
2019-20,N5,London,Central & East London,BSU,50<71,A to F2,not included,5.074421901302383,not included,not included,not included,not included
2019-20,N5,London,North London,BSU,50<71,A to F2,not included,4.599872761273159,not included,not included,not included,not included
2019-20,N5,London,Outer North East London,BSU,50<71,A to F2,not included,5.313646195805511,not included,not included,not included,not included
2019-20,N5,London,South East London,BSU,50<71,A to F2,not included,3.288582903040734,not included,not included,not included,not included
2019-20,N5,London,South West London,BSU,50<71,A to F2,not included,3.587394750555388,not included,not included,not included,not included
2019-20,N5,London,West of London,BSU,50<71,A to F2,not included,3.894960377065313,not included,not included,not included,not included
2019-20,N6,South East,Aylesbury & Wycombe,BSU,50<71,A to F2,not included,3.443526170798898,not included,not included,not included,not included
2019-20,N6,South East,Brighton,BSU,50<71,A to F2,not included,3.1253496438294857,not included,not included,not included,not included
2019-20,N6,South East,Canterbury,BSU,50<71,A to F2,not included,2.3500779556603417,not included,not included,not included,not included
2019-20,N6,South East,East Berkshire,BSU,50<71,A to F2,not included,3.729541185940435,not included,not included,not included,not included
2019-20,N6,South East,Guildford,BSU,50<71,A to F2,not included,4.358946569849355,not included,not included,not included,not included
2019-20,N6,South East,Isle of Wight,BSU,50<71,A to F2,not included,2.97712695147041,not included,not included,not included,not included
2019-20,N6,South East,Maidstone,BSU,50<71,A to F2,not included,4.834459846488716,not included,not included,not included,not included
2019-20,N6,South East,Medway,BSU,50<71,A to F2,not included,4.706098625855968,not included,not included,not included,not included
2019-20,N6,South East,North & Mid Hampshire,BSU,50<71,A to F2,not included,3.0014874628134294,not included,not included,not included,not included
2019-20,N6,South East,Oxfordshire,BSU,50<71,A to F2,not included,3.2902575382641372,not included,not included,not included,not included
2019-20,N6,South East,Portsmouth,BSU,50<71,A to F2,not included,2.1726818720074137,not included,not included,not included,not included
2019-20,N6,South East,Southampton & Salisbury,BSU,50<71,A to F2,not included,4.464105156723964,not included,not included,not included,not included
2019-20,N6,South East,West Berkshire,BSU,50<71,A to F2,not included,2.3388995932348533,not included,not included,not included,not included
2019-20,N6,South East,Worthing,BSU,50<71,A to F2,not included,2.8993832386020073,not included,not included,not included,not included
2019-20,N7,South West,Avon,BSU,50<71,A to F2,not included,4.115142915061829,not included,not included,not included,not included
2019-20,N7,South West,Cornwall,BSU,50<71,A to F2,not included,4.373833827241795,not included,not included,not included,not included
2019-20,N7,South West,Dorset,BSU,50<71,A to F2,not included,4.556448744397809,not included,not included,not included,not included
2019-20,N7,South West,Gloucestershire,BSU,50<71,A to F2,not included,3.2198974191972645,not included,not included,not included,not included
2019-20,N7,South West,North & East Devon,BSU,50<71,A to F2,not included,5.028556705457981,not included,not included,not included,not included
2019-20,N7,South West,Somerset,BSU,50<71,A to F2,not included,2.0684547426334445,not included,not included,not included,not included
2019-20,N7,South West,South Devon,BSU,50<71,A to F2,not included,3.9529015979814974,not included,not included,not included,not included
2019-20,N7,South West,West Devon,BSU,50<71,A to F2,not included,4.44339399669109,not included,not included,not included,not included
2019-20,N7,South West,Wiltshire,BSU,50<71,A to F2,not included,4.132650707993174,not included,not included,not included,not included
2020-21,N1,North East and Yorkshire,Barnsley,BSU,45 and over,A to F2,not included,5.5256869772998805,not included,not included,not included,not included
2020-21,N1,North East and Yorkshire,Doncaster,BSU,45 and over,A to F2,not included,2.6705882352941175,not included,not included,not included,not included
2020-21,N1,North East and Yorkshire,Gateshead,BSU,45 and over,A to F2,not included,4.068210644994598,not included,not included,not included,not included
2020-21,N1,North East and Yorkshire,Humberside,BSU,45 and over,A to F2,not included,3.794316644113667,not included,not included,not included,not included
2020-21,N1,North East and Yorkshire,Leeds Wakefield,BSU,45 and over,A to F2,not included,3.6703132238178386,not included,not included,not included,not included
2020-21,N1,North East and Yorkshire,Newcastle,BSU,45 and over,A to F2,not included,4.766536964980545,not included,not included,not included,not included
2020-21,N1,North East and Yorkshire,North Cumbria,BSU,45 and over,A to F2,not included,3.5604447598769817,not included,not included,not included,not included
2020-21,N1,North East and Yorkshire,North Tees,BSU,45 and over,A to F2,not included,2.937863290226648,not included,not included,not included,not included
2020-21,N1,North East and Yorkshire,North Yorkshire,BSU,45 and over,A to F2,not included,2.8224582701062215,not included,not included,not included,not included
2020-21,N1,North East and Yorkshire,Pennine,BSU,45 and over,A to F2,not included,3.20393512363733,not included,not included,not included,not included
2020-21,N1,North East and Yorkshire,Rotherham,BSU,45 and over,A to F2,not included,4.93101108346528,not included,not included,not included,not included
2020-21,N1,North East and Yorkshire,Sheffield,BSU,45 and over,A to F2,not included,2.8448983313577094,not included,not included,not included,not included
2020-21,N2,North West,Bolton,BSU,45 and over,A to F2,not included,3.8795796648679355,not included,not included,not included,not included
2020-21,N2,North West,Cheshire & Stockport,BSU,45 and over,A to F2,not included,5.424994509114869,not included,not included,not included,not included
2020-21,N2,North West,Crewe,BSU,45 and over,A to F2,not included,4.678362573099415,not included,not included,not included,not included
2020-21,N2,North West,East Lancashire,BSU,45 and over,A to F2,not included,3.3868519849828265,not included,not included,not included,not included
2020-21,N2,North West,Liverpool,BSU,45 and over,A to F2,not included,4.782378621510782,not included,not included,not included,not included
2020-21,N2,North West,Manchester,BSU,45 and over,A to F2,not included,4.083249315857699,not included,not included,not included,not included
2020-21,N2,North West,North Lancashire & South Cumbria,BSU,45 and over,A to F2,not included,4.430323100331155,not included,not included,not included,not included
2020-21,N2,North West,South Lancashire,BSU,45 and over,A to F2,not included,3.5137646648855845,not included,not included,not included,not included
2020-21,N2,North West,"Warrington, Halton, St Helens & Knowsley",BSU,45 and over,A to F2,not included,4.559355018070614,not included,not included,not included,not included
2020-21,N2,North West,Wirral & Chester,BSU,45 and over,A to F2,not included,3.4544371649791543,not included,not included,not included,not included
2020-21,N3,Midlands,"City, Sandwell & Walsall",BSU,45 and over,A to F2,not included,3.468709351062292,not included,not included,not included,not included
2020-21,N3,Midlands,"Dudley, Wolverhampton & South West Staffordshire",BSU,45 and over,A to F2,not included,4.104284976768198,not included,not included,not included,not included
2020-21,N3,Midlands,Hereford & Worcester,BSU,45 and over,A to F2,not included,3.0502793296089385,not included,not included,not included,not included
2020-21,N3,Midlands,Kettering,BSU,45 and over,A to F2,not included,2.734796689456639,not included,not included,not included,not included
2020-21,N3,Midlands,Leicestershire,BSU,45 and over,A to F2,not included,4.1527857553130385,not included,not included,not included,not included
2020-21,N3,Midlands,Lincolnshire,BSU,45 and over,A to F2,not included,3.840450771055753,not included,not included,not included,not included
2020-21,N3,Midlands,North Derbyshire & Chesterfield,BSU,45 and over,A to F2,not included,3.937246963562753,not included,not included,not included,not included
2020-21,N3,Midlands,North Midlands,BSU,45 and over,A to F2,not included,3.3795080009553375,not included,not included,not included,not included
2020-21,N3,Midlands,North Nottinghamshire,BSU,45 and over,A to F2,not included,4.3750833666800055,not included,not included,not included,not included
2020-21,N3,Midlands,Northampton,BSU,45 and over,A to F2,not included,3.139574564895916,not included,not included,not included,not included
2020-21,N3,Midlands,Nottingham City,BSU,45 and over,A to F2,not included,2.62976146204112,not included,not included,not included,not included
2020-21,N3,Midlands,Shropshire,BSU,45 and over,A to F2,not included,3.4836291478337564,not included,not included,not included,not included
2020-21,N3,Midlands,South Birmingham,BSU,45 and over,A to F2,not included,6.313398940196821,not included,not included,not included,not included
2020-21,N3,Midlands,South Derbyshire & South East Staffordshire,BSU,45 and over,A to F2,not included,3.150630126025205,not included,not included,not included,not included
2020-21,N3,Midlands,"Warwickshire, Solihull & Coventry",BSU,45 and over,A to F2,not included,5.036366711772666,not included,not included,not included,not included
2020-21,N4,East of England,Beds & Herts,BSU,45 and over,A to F2,not included,4.063231181875249,not included,not included,not included,not included
2020-21,N4,East of England,Cambridge & Huntingdon,BSU,45 and over,A to F2,not included,4.270508826583593,not included,not included,not included,not included
2020-21,N4,East of England,Chelmsford & Colchester,BSU,45 and over,A to F2,not included,1.6940599769319493,not included,not included,not included,not included
2020-21,N4,East of England,East Suffolk,BSU,45 and over,A to F2,not included,2.7715030408340575,not included,not included,not included,not included
2020-21,N4,East of England,Great Yarmouth & Waveney,BSU,45 and over,A to F2,not included,5.935080809452669,not included,not included,not included,not included
2020-21,N4,East of England,King's Lynn,BSU,45 and over,A to F2,not included,1.8604126733566355,not included,not included,not included,not included
2020-21,N4,East of England,Milton Keynes,BSU,45 and over,A to F2,not included,4.1864764923402005,not included,not included,not included,not included
2020-21,N4,East of England,Norfolk & Norwich,BSU,45 and over,A to F2,not included,3.930373080547702,not included,not included,not included,not included
2020-21,N4,East of England,Peterborough,BSU,45 and over,A to F2,not included,4.275705749021224,not included,not included,not included,not included
2020-21,N4,East of England,South Essex,BSU,45 and over,A to F2,not included,3.498507462686567,not included,not included,not included,not included
2020-21,N4,East of England,West Essex (Epping),BSU,45 and over,A to F2,not included,2.5965009719522354,not included,not included,not included,not included
2020-21,N4,East of England,West Suffolk,BSU,45 and over,A to F2,not included,2.757669769045157,not included,not included,not included,not included
2020-21,N5,London,Central & East London,BSU,45 and over,A to F2,not included,4.857630979498861,not included,not included,not included,not included
2020-21,N5,London,North London,BSU,45 and over,A to F2,not included,5.123590927611028,not included,not included,not included,not included
2020-21,N5,London,Outer North East London,BSU,45 and over,A to F2,not included,5.58447125099504,not included,not included,not included,not included
2020-21,N5,London,South East London,BSU,45 and over,A to F2,not included,4.173951861909899,not included,not included,not included,not included
2020-21,N5,London,South West London,BSU,45 and over,A to F2,not included,4.148120087129463,not included,not included,not included,not included
2020-21,N5,London,West of London,BSU,45 and over,A to F2,not included,5.643479327689854,not included,not included,not included,not included
2020-21,N6,South East,Aylesbury & Wycombe,BSU,45 and over,A to F2,not included,3.457199734571997,not included,not included,not included,not included
2020-21,N6,South East,Brighton,BSU,45 and over,A to F2,not included,3.125877398221806,not included,not included,not included,not included
2020-21,N6,South East,Canterbury,BSU,45 and over,A to F2,not included,3.0473722751084327,not included,not included,not included,not included
2020-21,N6,South East,East Berkshire,BSU,45 and over,A to F2,not included,2.7772529756281883,not included,not included,not included,not included
2020-21,N6,South East,Guildford,BSU,45 and over,A to F2,not included,4.711632453567938,not included,not included,not included,not included
2020-21,N6,South East,Isle of Wight,BSU,45 and over,A to F2,not included,3.5778175313059033,not included,not included,not included,not included
2020-21,N6,South East,Maidstone,BSU,45 and over,A to F2,not included,5.616749348356176,not included,not included,not included,not included
2020-21,N6,South East,Medway,BSU,45 and over,A to F2,not included,6.800494581424103,not included,not included,not included,not included
2020-21,N6,South East,North & Mid Hampshire,BSU,45 and over,A to F2,not included,3.5294117647058822,not included,not included,not included,not included
2020-21,N6,South East,Oxfordshire,BSU,45 and over,A to F2,not included,3.6955703350483122,not included,not included,not included,not included
2020-21,N6,South East,Portsmouth,BSU,45 and over,A to F2,not included,4.017334270320918,not included,not included,not included,not included
2020-21,N6,South East,Southampton & Salisbury,BSU,45 and over,A to F2,not included,5.66708820739804,not included,not included,not included,not included
2020-21,N6,South East,West Berkshire,BSU,45 and over,A to F2,not included,2.734875770709969,not included,not included,not included,not included
2020-21,N6,South East,Worthing,BSU,45 and over,A to F2,not included,3.1619537275064267,not included,not included,not included,not included
2020-21,N7,South West,Avon,BSU,45 and over,A to F2,not included,5.104450499545867,not included,not included,not included,not included
2020-21,N7,South West,Cornwall,BSU,45 and over,A to F2,not included,5.0188308498444405,not included,not included,not included,not included
2020-21,N7,South West,Dorset,BSU,45 and over,A to F2,not included,5.418415206121945,not included,not included,not included,not included
2020-21,N7,South West,Gloucestershire,BSU,45 and over,A to F2,not included,2.8076743097800656,not included,not included,not included,not included
2020-21,N7,South West,North & East Devon,BSU,45 and over,A to F2,not included,5.445408233512323,not included,not included,not included,not included
2020-21,N7,South West,Somerset,BSU,45 and over,A to F2,not included,4.023563410025564,not included,not included,not included,not included
2020-21,N7,South West,South Devon,BSU,45 and over,A to F2,not included,4.28880345987506,not included,not included,not included,not included
2020-21,N7,South West,West Devon,BSU,45 and over,A to F2,not included,4.671236354404671,not included,not included,not included,not included
2020-21,N7,South West,Wiltshire,BSU,45 and over,A to F2,not included,4.177648919346336,not included,not included,not included,not included
2020-21,N1,North East and Yorkshire,Barnsley,BSU,50<71,A to F2,not included,5.605670103092784,not included,not included,not included,not included
2020-21,N1,North East and Yorkshire,Doncaster,BSU,50<71,A to F2,not included,2.5360010194978972,not included,not included,not included,not included
2020-21,N1,North East and Yorkshire,Gateshead,BSU,50<71,A to F2,not included,4.093009958545767,not included,not included,not included,not included
2020-21,N1,North East and Yorkshire,Humberside,BSU,50<71,A to F2,not included,3.572265167486531,not included,not included,not included,not included
2020-21,N1,North East and Yorkshire,Leeds Wakefield,BSU,50<71,A to F2,not included,3.565007841487205,not included,not included,not included,not included
2020-21,N1,North East and Yorkshire,Newcastle,BSU,50<71,A to F2,not included,4.645786315847416,not included,not included,not included,not included
2020-21,N1,North East and Yorkshire,North Cumbria,BSU,50<71,A to F2,not included,3.495477878269372,not included,not included,not included,not included
2020-21,N1,North East and Yorkshire,North Tees,BSU,50<71,A to F2,not included,2.8275436011975477,not included,not included,not included,not included
2020-21,N1,North East and Yorkshire,North Yorkshire,BSU,50<71,A to F2,not included,2.7692820997608854,not included,not included,not included,not included
2020-21,N1,North East and Yorkshire,Pennine,BSU,50<71,A to F2,not included,3.14128683786601,not included,not included,not included,not included
2020-21,N1,North East and Yorkshire,Rotherham,BSU,50<71,A to F2,not included,4.695181907571288,not included,not included,not included,not included
2020-21,N1,North East and Yorkshire,Sheffield,BSU,50<71,A to F2,not included,2.78646851779429,not included,not included,not included,not included
2020-21,N2,North West,Bolton,BSU,50<71,A to F2,not included,3.753816679638388,not included,not included,not included,not included
2020-21,N2,North West,Cheshire & Stockport,BSU,50<71,A to F2,not included,5.156213295748179,not included,not included,not included,not included
2020-21,N2,North West,Crewe,BSU,50<71,A to F2,not included,4.6172539489671935,not included,not included,not included,not included
2020-21,N2,North West,East Lancashire,BSU,50<71,A to F2,not included,3.347073371805441,not included,not included,not included,not included
2020-21,N2,North West,Liverpool,BSU,50<71,A to F2,not included,4.620078454162429,not included,not included,not included,not included
2020-21,N2,North West,Manchester,BSU,50<71,A to F2,not included,4.017666886211305,not included,not included,not included,not included
2020-21,N2,North West,North Lancashire & South Cumbria,BSU,50<71,A to F2,not included,4.232176406605359,not included,not included,not included,not included
2020-21,N2,North West,South Lancashire,BSU,50<71,A to F2,not included,3.498809305733651,not included,not included,not included,not included
2020-21,N2,North West,"Warrington, Halton, St Helens & Knowsley",BSU,50<71,A to F2,not included,4.521963824289406,not included,not included,not included,not included
2020-21,N2,North West,Wirral & Chester,BSU,50<71,A to F2,not included,3.3698630136986303,not included,not included,not included,not included
2020-21,N3,Midlands,"City, Sandwell & Walsall",BSU,50<71,A to F2,not included,3.347132471728594,not included,not included,not included,not included
2020-21,N3,Midlands,"Dudley, Wolverhampton & South West Staffordshire",BSU,50<71,A to F2,not included,3.9347870949989683,not included,not included,not included,not included
2020-21,N3,Midlands,Hereford & Worcester,BSU,50<71,A to F2,not included,2.9768208024473464,not included,not included,not included,not included
2020-21,N3,Midlands,Kettering,BSU,50<71,A to F2,not included,2.709616295594505,not included,not included,not included,not included
2020-21,N3,Midlands,Leicestershire,BSU,50<71,A to F2,not included,4.116222760290557,not included,not included,not included,not included
2020-21,N3,Midlands,Lincolnshire,BSU,50<71,A to F2,not included,3.769825456284371,not included,not included,not included,not included
2020-21,N3,Midlands,North Derbyshire & Chesterfield,BSU,50<71,A to F2,not included,3.8963842417701025,not included,not included,not included,not included
2020-21,N3,Midlands,North Midlands,BSU,50<71,A to F2,not included,3.2988185317934424,not included,not included,not included,not included
2020-21,N3,Midlands,North Nottinghamshire,BSU,50<71,A to F2,not included,4.144118484762176,not included,not included,not included,not included
2020-21,N3,Midlands,Northampton,BSU,50<71,A to F2,not included,2.9728407144604843,not included,not included,not included,not included
2020-21,N3,Midlands,Nottingham City,BSU,50<71,A to F2,not included,2.5859173849770514,not included,not included,not included,not included
2020-21,N3,Midlands,Shropshire,BSU,50<71,A to F2,not included,3.30812854442344,not included,not included,not included,not included
2020-21,N3,Midlands,South Birmingham,BSU,50<71,A to F2,not included,6.043165467625899,not included,not included,not included,not included
2020-21,N3,Midlands,South Derbyshire & South East Staffordshire,BSU,50<71,A to F2,not included,3.049981370096343,not included,not included,not included,not included
2020-21,N3,Midlands,"Warwickshire, Solihull & Coventry",BSU,50<71,A to F2,not included,4.96976310644296,not included,not included,not included,not included
2020-21,N4,East of England,Beds & Herts,BSU,50<71,A to F2,not included,3.9468952289618797,not included,not included,not included,not included
2020-21,N4,East of England,Cambridge & Huntingdon,BSU,50<71,A to F2,not included,4.274075063443301,not included,not included,not included,not included
2020-21,N4,East of England,Chelmsford & Colchester,BSU,50<71,A to F2,not included,1.6025887972879267,not included,not included,not included,not included
2020-21,N4,East of England,East Suffolk,BSU,50<71,A to F2,not included,2.749933469351548,not included,not included,not included,not included
2020-21,N4,East of England,Great Yarmouth & Waveney,BSU,50<71,A to F2,not included,5.805350028457598,not included,not included,not included,not included
2020-21,N4,East of England,King's Lynn,BSU,50<71,A to F2,not included,1.7937752435257783,not included,not included,not included,not included
2020-21,N4,East of England,Milton Keynes,BSU,50<71,A to F2,not included,3.86013986013986,not included,not included,not included,not included
2020-21,N4,East of England,Norfolk & Norwich,BSU,50<71,A to F2,not included,3.926083702722929,not included,not included,not included,not included
2020-21,N4,East of England,Peterborough,BSU,50<71,A to F2,not included,4.284354173278325,not included,not included,not included,not included
2020-21,N4,East of England,South Essex,BSU,50<71,A to F2,not included,3.4706354597665654,not included,not included,not included,not included
2020-21,N4,East of England,West Essex (Epping),BSU,50<71,A to F2,not included,2.619760479041916,not included,not included,not included,not included
2020-21,N4,East of England,West Suffolk,BSU,50<71,A to F2,not included,2.6769116371297557,not included,not included,not included,not included
2020-21,N5,London,Central & East London,BSU,50<71,A to F2,not included,4.797770134029178,not included,not included,not included,not included
2020-21,N5,London,North London,BSU,50<71,A to F2,not included,5.0436783262034,not included,not included,not included,not included
2020-21,N5,London,Outer North East London,BSU,50<71,A to F2,not included,5.449770190413657,not included,not included,not included,not included
2020-21,N5,London,South East London,BSU,50<71,A to F2,not included,3.9939773357635313,not included,not included,not included,not included
2020-21,N5,London,South West London,BSU,50<71,A to F2,not included,4.068315065001275,not included,not included,not included,not included
2020-21,N5,London,West of London,BSU,50<71,A to F2,not included,5.413067844662755,not included,not included,not included,not included
2020-21,N6,South East,Aylesbury & Wycombe,BSU,50<71,A to F2,not included,3.356594556873692,not included,not included,not included,not included
2020-21,N6,South East,Brighton,BSU,50<71,A to F2,not included,3.0607674314437863,not included,not included,not included,not included
2020-21,N6,South East,Canterbury,BSU,50<71,A to F2,not included,2.954262324256985,not included,not included,not included,not included
2020-21,N6,South East,East Berkshire,BSU,50<71,A to F2,not included,2.6799894123875068,not included,not included,not included,not included
2020-21,N6,South East,Guildford,BSU,50<71,A to F2,not included,4.556464352160634,not included,not included,not included,not included
2020-21,N6,South East,Isle of Wight,BSU,50<71,A to F2,not included,3.4857142857142858,not included,not included,not included,not included
2020-21,N6,South East,Maidstone,BSU,50<71,A to F2,not included,5.496239903444434,not included,not included,not included,not included
2020-21,N6,South East,Medway,BSU,50<71,A to F2,not included,6.595295772446668,not included,not included,not included,not included
2020-21,N6,South East,North & Mid Hampshire,BSU,50<71,A to F2,not included,3.5018124615279396,not included,not included,not included,not included
2020-21,N6,South East,Oxfordshire,BSU,50<71,A to F2,not included,3.7096558189366546,not included,not included,not included,not included
2020-21,N6,South East,Portsmouth,BSU,50<71,A to F2,not included,3.8476142260473356,not included,not included,not included,not included
2020-21,N6,South East,Southampton & Salisbury,BSU,50<71,A to F2,not included,5.576109936575053,not included,not included,not included,not included
2020-21,N6,South East,West Berkshire,BSU,50<71,A to F2,not included,2.5821596244131455,not included,not included,not included,not included
2020-21,N6,South East,Worthing,BSU,50<71,A to F2,not included,3.133633576808084,not included,not included,not included,not included
2020-21,N7,South West,Avon,BSU,50<71,A to F2,not included,4.976940814757878,not included,not included,not included,not included
2020-21,N7,South West,Cornwall,BSU,50<71,A to F2,not included,5.002632964718273,not included,not included,not included,not included
2020-21,N7,South West,Dorset,BSU,50<71,A to F2,not included,5.231095219176268,not included,not included,not included,not included
2020-21,N7,South West,Gloucestershire,BSU,50<71,A to F2,not included,2.749719416386083,not included,not included,not included,not included
2020-21,N7,South West,North & East Devon,BSU,50<71,A to F2,not included,5.478461983232148,not included,not included,not included,not included
2020-21,N7,South West,Somerset,BSU,50<71,A to F2,not included,3.9407661240974177,not included,not included,not included,not included
2020-21,N7,South West,South Devon,BSU,50<71,A to F2,not included,4.142233312538989,not included,not included,not included,not included
2020-21,N7,South West,West Devon,BSU,50<71,A to F2,not included,4.5812742086282885,not included,not included,not included,not included
2020-21,N7,South West,Wiltshire,BSU,50<71,A to F2,not included,4.0315876974231095,not included,not included,not included,not included
2021-22,N1,North East and Yorkshire,Barnsley,BSU,45 and over,A to F2,not included,5.469926159581332,not included,not included,not included,not included
2021-22,N1,North East and Yorkshire,Doncaster,BSU,45 and over,A to F2,not included,1.5946529130045788,not included,not included,not included,not included
2021-22,N1,North East and Yorkshire,Gateshead,BSU,45 and over,A to F2,not included,2.767262063449747,not included,not included,not included,not included
2021-22,N1,North East and Yorkshire,Humberside,BSU,45 and over,A to F2,not included,2.504157481533047,not included,not included,not included,not included
2021-22,N1,North East and Yorkshire,Leeds Wakefield,BSU,45 and over,A to F2,not included,3.9765303355274515,not included,not included,not included,not included
2021-22,N1,North East and Yorkshire,Newcastle,BSU,45 and over,A to F2,not included,3.7683795664696076,not included,not included,not included,not included
2021-22,N1,North East and Yorkshire,North Cumbria,BSU,45 and over,A to F2,not included,3.153481589500547,not included,not included,not included,not included
2021-22,N1,North East and Yorkshire,North Tees,BSU,45 and over,A to F2,not included,2.8719959093233336,not included,not included,not included,not included
2021-22,N1,North East and Yorkshire,North Yorkshire,BSU,45 and over,A to F2,not included,2.462256891931333,not included,not included,not included,not included
2021-22,N1,North East and Yorkshire,Pennine,BSU,45 and over,A to F2,not included,3.1859775744296943,not included,not included,not included,not included
2021-22,N1,North East and Yorkshire,Rotherham,BSU,45 and over,A to F2,not included,3.4482758620689653,not included,not included,not included,not included
2021-22,N1,North East and Yorkshire,Sheffield,BSU,45 and over,A to F2,not included,2.657250055175458,not included,not included,not included,not included
2021-22,N2,North West,Bolton,BSU,45 and over,A to F2,not included,3.335232502081781,not included,not included,not included,not included
2021-22,N2,North West,Cheshire & Stockport,BSU,45 and over,A to F2,not included,4.070145665393862,not included,not included,not included,not included
2021-22,N2,North West,East Lancashire,BSU,45 and over,A to F2,not included,3.427112752552683,not included,not included,not included,not included
2021-22,N2,North West,Liverpool,BSU,45 and over,A to F2,not included,4.7884476534296025,not included,not included,not included,not included
2021-22,N2,North West,Manchester,BSU,45 and over,A to F2,not included,3.8205406471981056,not included,not included,not included,not included
2021-22,N2,North West,North Lancashire & South Cumbria,BSU,45 and over,A to F2,not included,3.699328525242477,not included,not included,not included,not included
2021-22,N2,North West,South Lancashire,BSU,45 and over,A to F2,not included,3.5702705623806605,not included,not included,not included,not included
2021-22,N2,North West,"Warrington, Halton, St Helens & Knowsley",BSU,45 and over,A to F2,not included,3.665187650212608,not included,not included,not included,not included
2021-22,N2,North West,Wirral & Chester,BSU,45 and over,A to F2,not included,2.462113833807316,not included,not included,not included,not included
2021-22,N3,Midlands,"City, Sandwell & Walsall",BSU,45 and over,A to F2,not included,2.8327959465684014,not included,not included,not included,not included
2021-22,N3,Midlands,"Dudley, Wolverhampton & South West Staffordshire",BSU,45 and over,A to F2,not included,3.6007865639405563,not included,not included,not included,not included
2021-22,N3,Midlands,Hereford & Worcester,BSU,45 and over,A to F2,not included,2.3640314812639494,not included,not included,not included,not included
2021-22,N3,Midlands,Kettering,BSU,45 and over,A to F2,not included,2.687653129408271,not included,not included,not included,not included
2021-22,N3,Midlands,Leicestershire,BSU,45 and over,A to F2,not included,3.626188914398163,not included,not included,not included,not included
2021-22,N3,Midlands,Lincolnshire,BSU,45 and over,A to F2,not included,3.121768869800366,not included,not included,not included,not included
2021-22,N3,Midlands,North Derbyshire & Chesterfield,BSU,45 and over,A to F2,not included,3.187168003332986,not included,not included,not included,not included
2021-22,N3,Midlands,North Midlands,BSU,45 and over,A to F2,not included,3.551728243184253,not included,not included,not included,not included
2021-22,N3,Midlands,North Nottinghamshire,BSU,45 and over,A to F2,not included,4.452610887958294,not included,not included,not included,not included
2021-22,N3,Midlands,Northampton,BSU,45 and over,A to F2,not included,2.335858585858586,not included,not included,not included,not included
2021-22,N3,Midlands,Nottingham City,BSU,45 and over,A to F2,not included,2.349819455082613,not included,not included,not included,not included
2021-22,N3,Midlands,Shropshire,BSU,45 and over,A to F2,not included,3.4171734872693538,not included,not included,not included,not included
2021-22,N3,Midlands,South Birmingham,BSU,45 and over,A to F2,not included,5.801616705961603,not included,not included,not included,not included
2021-22,N3,Midlands,South Derbyshire & South East Staffordshire,BSU,45 and over,A to F2,not included,2.745226404800873,not included,not included,not included,not included
2021-22,N3,Midlands,"Warwickshire, Solihull & Coventry",BSU,45 and over,A to F2,not included,4.989520815471087,not included,not included,not included,not included
2021-22,N4,East of England,Beds & Herts,BSU,45 and over,A to F2,not included,3.4936345573625722,not included,not included,not included,not included
2021-22,N4,East of England,Cambridge & Huntingdon,BSU,45 and over,A to F2,not included,2.9896609066589543,not included,not included,not included,not included
2021-22,N4,East of England,Chelmsford & Colchester,BSU,45 and over,A to F2,not included,1.657476173780002,not included,not included,not included,not included
2021-22,N4,East of England,East Suffolk,BSU,45 and over,A to F2,not included,2.0353570597813446,not included,not included,not included,not included
2021-22,N4,East of England,Great Yarmouth & Waveney,BSU,45 and over,A to F2,not included,4.037068598210482,not included,not included,not included,not included
2021-22,N4,East of England,King's Lynn,BSU,45 and over,A to F2,not included,2.016467820534364,not included,not included,not included,not included
2021-22,N4,East of England,Milton Keynes,BSU,45 and over,A to F2,not included,3.7411223367010105,not included,not included,not included,not included
2021-22,N4,East of England,Norfolk & Norwich,BSU,45 and over,A to F2,not included,3.197298462422762,not included,not included,not included,not included
2021-22,N4,East of England,Peterborough,BSU,45 and over,A to F2,not included,3.1746031746031744,not included,not included,not included,not included
2021-22,N4,East of England,South Essex,BSU,45 and over,A to F2,not included,3.063493643997478,not included,not included,not included,not included
2021-22,N4,East of England,West Essex (Epping),BSU,45 and over,A to F2,not included,2.3629799803085003,not included,not included,not included,not included
2021-22,N4,East of England,West Suffolk,BSU,45 and over,A to F2,not included,3.0,not included,not included,not included,not included
2021-22,N5,London,Central & East London,BSU,45 and over,A to F2,not included,4.434489808189525,not included,not included,not included,not included
2021-22,N5,London,North London,BSU,45 and over,A to F2,not included,4.202889677972328,not included,not included,not included,not included
2021-22,N5,London,Outer North East London,BSU,45 and over,A to F2,not included,5.30123436605902,not included,not included,not included,not included
2021-22,N5,London,South East London,BSU,45 and over,A to F2,not included,3.4939015536518077,not included,not included,not included,not included
2021-22,N5,London,South West London,BSU,45 and over,A to F2,not included,3.748383485494798,not included,not included,not included,not included
2021-22,N5,London,West of London,BSU,45 and over,A to F2,not included,4.757139558155647,not included,not included,not included,not included
2021-22,N6,South East,Aylesbury & Wycombe,BSU,45 and over,A to F2,not included,3.4315104271306303,not included,not included,not included,not included
2021-22,N6,South East,Brighton,BSU,45 and over,A to F2,not included,2.6426321316065806,not included,not included,not included,not included
2021-22,N6,South East,Canterbury,BSU,45 and over,A to F2,not included,2.8073572120038723,not included,not included,not included,not included
2021-22,N6,South East,East Berkshire,BSU,45 and over,A to F2,not included,2.5888214904679376,not included,not included,not included,not included
2021-22,N6,South East,Guildford,BSU,45 and over,A to F2,not included,4.437060203283815,not included,not included,not included,not included
2021-22,N6,South East,Isle of Wight,BSU,45 and over,A to F2,not included,4.276136981337199,not included,not included,not included,not included
2021-22,N6,South East,Maidstone,BSU,45 and over,A to F2,not included,5.687251497307363,not included,not included,not included,not included
2021-22,N6,South East,Medway,BSU,45 and over,A to F2,not included,5.7261888933209235,not included,not included,not included,not included
2021-22,N6,South East,North & Mid Hampshire,BSU,45 and over,A to F2,not included,3.2802977626896803,not included,not included,not included,not included
2021-22,N6,South East,Oxfordshire,BSU,45 and over,A to F2,not included,3.265125463892956,not included,not included,not included,not included
2021-22,N6,South East,Portsmouth,BSU,45 and over,A to F2,not included,3.0492717694453053,not included,not included,not included,not included
2021-22,N6,South East,Southampton & Salisbury,BSU,45 and over,A to F2,not included,5.0120242775890365,not included,not included,not included,not included
2021-22,N6,South East,West Berkshire,BSU,45 and over,A to F2,not included,3.076923076923077,not included,not included,not included,not included
2021-22,N6,South East,Worthing,BSU,45 and over,A to F2,not included,3.0248569137611634,not included,not included,not included,not included
2021-22,N7,South West,Avon,BSU,45 and over,A to F2,not included,4.043338139258756,not included,not included,not included,not included
2021-22,N7,South West,Cornwall,BSU,45 and over,A to F2,not included,4.757968218976761,not included,not included,not included,not included
2021-22,N7,South West,Dorset,BSU,45 and over,A to F2,not included,4.016357148438518,not included,not included,not included,not included
2021-22,N7,South West,Gloucestershire,BSU,45 and over,A to F2,not included,2.547729197888838,not included,not included,not included,not included
2021-22,N7,South West,North & East Devon,BSU,45 and over,A to F2,not included,4.1622781353618095,not included,not included,not included,not included
2021-22,N7,South West,Somerset,BSU,45 and over,A to F2,not included,3.1936045066688754,not included,not included,not included,not included
2021-22,N7,South West,South Devon,BSU,45 and over,A to F2,not included,3.8602380225816293,not included,not included,not included,not included
2021-22,N7,South West,West Devon,BSU,45 and over,A to F2,not included,4.241254721629168,not included,not included,not included,not included
2021-22,N7,South West,Wiltshire,BSU,45 and over,A to F2,not included,4.124242814795721,not included,not included,not included,not included
2021-22,N1,North East and Yorkshire,Barnsley,BSU,50<71,A to F2,not included,5.4785280671513155,not included,not included,not included,not included
2021-22,N1,North East and Yorkshire,Doncaster,BSU,50<71,A to F2,not included,1.5657561250352015,not included,not included,not included,not included
2021-22,N1,North East and Yorkshire,Gateshead,BSU,50<71,A to F2,not included,2.7388015634226583,not included,not included,not included,not included
2021-22,N1,North East and Yorkshire,Humberside,BSU,50<71,A to F2,not included,2.431870951973604,not included,not included,not included,not included
2021-22,N1,North East and Yorkshire,Leeds Wakefield,BSU,50<71,A to F2,not included,3.918348193336462,not included,not included,not included,not included
2021-22,N1,North East and Yorkshire,Newcastle,BSU,50<71,A to F2,not included,3.677804532110697,not included,not included,not included,not included
2021-22,N1,North East and Yorkshire,North Cumbria,BSU,50<71,A to F2,not included,3.1992627213481666,not included,not included,not included,not included
2021-22,N1,North East and Yorkshire,North Tees,BSU,50<71,A to F2,not included,2.848443843031123,not included,not included,not included,not included
2021-22,N1,North East and Yorkshire,North Yorkshire,BSU,50<71,A to F2,not included,2.4208018354560696,not included,not included,not included,not included
2021-22,N1,North East and Yorkshire,Pennine,BSU,50<71,A to F2,not included,3.134074845213961,not included,not included,not included,not included
2021-22,N1,North East and Yorkshire,Rotherham,BSU,50<71,A to F2,not included,3.32859932540387,not included,not included,not included,not included
2021-22,N1,North East and Yorkshire,Sheffield,BSU,50<71,A to F2,not included,2.630704211975877,not included,not included,not included,not included
2021-22,N2,North West,Bolton,BSU,50<71,A to F2,not included,3.2588454376163876,not included,not included,not included,not included
2021-22,N2,North West,Cheshire & Stockport,BSU,50<71,A to F2,not included,4.040404040404041,not included,not included,not included,not included
2021-22,N2,North West,East Lancashire,BSU,50<71,A to F2,not included,3.4146893935103915,not included,not included,not included,not included
2021-22,N2,North West,Liverpool,BSU,50<71,A to F2,not included,4.741432636397377,not included,not included,not included,not included
2021-22,N2,North West,Manchester,BSU,50<71,A to F2,not included,3.7710367753999585,not included,not included,not included,not included
2021-22,N2,North West,North Lancashire & South Cumbria,BSU,50<71,A to F2,not included,3.699295844490727,not included,not included,not included,not included
2021-22,N2,North West,South Lancashire,BSU,50<71,A to F2,not included,3.4951757275157904,not included,not included,not included,not included
2021-22,N2,North West,"Warrington, Halton, St Helens & Knowsley",BSU,50<71,A to F2,not included,3.6716637994593264,not included,not included,not included,not included
2021-22,N2,North West,Wirral & Chester,BSU,50<71,A to F2,not included,2.4165944987422163,not included,not included,not included,not included
2021-22,N3,Midlands,"City, Sandwell & Walsall",BSU,50<71,A to F2,not included,2.771683878217133,not included,not included,not included,not included
2021-22,N3,Midlands,"Dudley, Wolverhampton & South West Staffordshire",BSU,50<71,A to F2,not included,3.5427508012544373,not included,not included,not included,not included
2021-22,N3,Midlands,Hereford & Worcester,BSU,50<71,A to F2,not included,2.30277586314932,not included,not included,not included,not included
2021-22,N3,Midlands,Kettering,BSU,50<71,A to F2,not included,2.5510622590435568,not included,not included,not included,not included
2021-22,N3,Midlands,Leicestershire,BSU,50<71,A to F2,not included,3.596889176928062,not included,not included,not included,not included
2021-22,N3,Midlands,Lincolnshire,BSU,50<71,A to F2,not included,3.0174446016030174,not included,not included,not included,not included
2021-22,N3,Midlands,North Derbyshire & Chesterfield,BSU,50<71,A to F2,not included,3.155353433271574,not included,not included,not included,not included
2021-22,N3,Midlands,North Midlands,BSU,50<71,A to F2,not included,3.537665226504684,not included,not included,not included,not included
2021-22,N3,Midlands,North Nottinghamshire,BSU,50<71,A to F2,not included,4.366453965360073,not included,not included,not included,not included
2021-22,N3,Midlands,Northampton,BSU,50<71,A to F2,not included,2.302449806594216,not included,not included,not included,not included
2021-22,N3,Midlands,Nottingham City,BSU,50<71,A to F2,not included,2.3054755043227666,not included,not included,not included,not included
2021-22,N3,Midlands,Shropshire,BSU,50<71,A to F2,not included,3.378600372357902,not included,not included,not included,not included
2021-22,N3,Midlands,South Birmingham,BSU,50<71,A to F2,not included,5.808393837435807,not included,not included,not included,not included
2021-22,N3,Midlands,South Derbyshire & South East Staffordshire,BSU,50<71,A to F2,not included,2.6894526281710336,not included,not included,not included,not included
2021-22,N3,Midlands,"Warwickshire, Solihull & Coventry",BSU,50<71,A to F2,not included,4.909853141637304,not included,not included,not included,not included
2021-22,N4,East of England,Beds & Herts,BSU,50<71,A to F2,not included,3.4286966569709523,not included,not included,not included,not included
2021-22,N4,East of England,Cambridge & Huntingdon,BSU,50<71,A to F2,not included,2.9055029055029054,not included,not included,not included,not included
2021-22,N4,East of England,Chelmsford & Colchester,BSU,50<71,A to F2,not included,1.6053986858462086,not included,not included,not included,not included
2021-22,N4,East of England,East Suffolk,BSU,50<71,A to F2,not included,2.078239608801956,not included,not included,not included,not included
2021-22,N4,East of England,Great Yarmouth & Waveney,BSU,50<71,A to F2,not included,3.951057863879684,not included,not included,not included,not included
2021-22,N4,East of England,King's Lynn,BSU,50<71,A to F2,not included,1.9328885400313973,not included,not included,not included,not included
2021-22,N4,East of England,Milton Keynes,BSU,50<71,A to F2,not included,3.677480714361196,not included,not included,not included,not included
2021-22,N4,East of England,Norfolk & Norwich,BSU,50<71,A to F2,not included,3.143766877594615,not included,not included,not included,not included
2021-22,N4,East of England,Peterborough,BSU,50<71,A to F2,not included,3.1193948374015443,not included,not included,not included,not included
2021-22,N4,East of England,South Essex,BSU,50<71,A to F2,not included,2.9507839721254356,not included,not included,not included,not included
2021-22,N4,East of England,West Essex (Epping),BSU,50<71,A to F2,not included,2.3409740124015888,not included,not included,not included,not included
2021-22,N4,East of England,West Suffolk,BSU,50<71,A to F2,not included,2.9428641691941966,not included,not included,not included,not included
2021-22,N5,London,Central & East London,BSU,50<71,A to F2,not included,4.419126001904002,not included,not included,not included,not included
2021-22,N5,London,North London,BSU,50<71,A to F2,not included,4.174912224704755,not included,not included,not included,not included
2021-22,N5,London,Outer North East London,BSU,50<71,A to F2,not included,5.239855570839064,not included,not included,not included,not included
2021-22,N5,London,South East London,BSU,50<71,A to F2,not included,3.438495609604476,not included,not included,not included,not included
2021-22,N5,London,South West London,BSU,50<71,A to F2,not included,3.715257512025278,not included,not included,not included,not included
2021-22,N5,London,West of London,BSU,50<71,A to F2,not included,4.719646093167039,not included,not included,not included,not included
2021-22,N6,South East,Aylesbury & Wycombe,BSU,50<71,A to F2,not included,3.2759070738710516,not included,not included,not included,not included
2021-22,N6,South East,Brighton,BSU,50<71,A to F2,not included,2.619772221002102,not included,not included,not included,not included
2021-22,N6,South East,Canterbury,BSU,50<71,A to F2,not included,2.7702647323989837,not included,not included,not included,not included
2021-22,N6,South East,East Berkshire,BSU,50<71,A to F2,not included,2.5287888432382384,not included,not included,not included,not included
2021-22,N6,South East,Guildford,BSU,50<71,A to F2,not included,4.364137346333192,not included,not included,not included,not included
2021-22,N6,South East,Isle of Wight,BSU,50<71,A to F2,not included,4.321728691476591,not included,not included,not included,not included
2021-22,N6,South East,Maidstone,BSU,50<71,A to F2,not included,5.64642375168691,not included,not included,not included,not included
2021-22,N6,South East,Medway,BSU,50<71,A to F2,not included,5.6648527975443,not included,not included,not included,not included
2021-22,N6,South East,North & Mid Hampshire,BSU,50<71,A to F2,not included,3.2174688057040997,not included,not included,not included,not included
2021-22,N6,South East,Oxfordshire,BSU,50<71,A to F2,not included,3.2398505242535283,not included,not included,not included,not included
2021-22,N6,South East,Portsmouth,BSU,50<71,A to F2,not included,2.970264498110728,not included,not included,not included,not included
2021-22,N6,South East,Southampton & Salisbury,BSU,50<71,A to F2,not included,4.972263011910589,not included,not included,not included,not included
2021-22,N6,South East,West Berkshire,BSU,50<71,A to F2,not included,3.050490883590463,not included,not included,not included,not included
2021-22,N6,South East,Worthing,BSU,50<71,A to F2,not included,2.9684711481261155,not included,not included,not included,not included
2021-22,N7,South West,Avon,BSU,50<71,A to F2,not included,3.9253048780487805,not included,not included,not included,not included
2021-22,N7,South West,Cornwall,BSU,50<71,A to F2,not included,4.7053069210075815,not included,not included,not included,not included
2021-22,N7,South West,Dorset,BSU,50<71,A to F2,not included,3.9989797075161544,not included,not included,not included,not included
2021-22,N7,South West,Gloucestershire,BSU,50<71,A to F2,not included,2.5174873606205415,not included,not included,not included,not included
2021-22,N7,South West,North & East Devon,BSU,50<71,A to F2,not included,4.145408163265306,not included,not included,not included,not included
2021-22,N7,South West,Somerset,BSU,50<71,A to F2,not included,3.1446540880503147,not included,not included,not included,not included
2021-22,N7,South West,South Devon,BSU,50<71,A to F2,not included,3.844892605345138,not included,not included,not included,not included
2021-22,N7,South West,West Devon,BSU,50<71,A to F2,not included,4.103487064116986,not included,not included,not included,not included
2021-22,N7,South West,Wiltshire,BSU,50<71,A to F2,not included,4.105282069708947,not included,not included,not included,not included
2022-23,N1,North East and Yorkshire,Barnsley,BSU,45 and over,A to F2,not included,5.014659791729856,not included,not included,not included,not included
2022-23,N1,North East and Yorkshire,Doncaster,BSU,45 and over,A to F2,not included,1.9715841522188144,not included,not included,not included,not included
2022-23,N1,North East and Yorkshire,Gateshead,BSU,45 and over,A to F2,not included,3.0262627515425877,not included,not included,not included,not included
2022-23,N1,North East and Yorkshire,Humberside,BSU,45 and over,A to F2,not included,2.704500619351287,not included,not included,not included,not included
2022-23,N1,North East and Yorkshire,Leeds Wakefield,BSU,45 and over,A to F2,not included,4.423647196452377,not included,not included,not included,not included
2022-23,N1,North East and Yorkshire,Newcastle,BSU,45 and over,A to F2,not included,2.743940568798619,not included,not included,not included,not included
2022-23,N1,North East and Yorkshire,North Cumbria,BSU,45 and over,A to F2,not included,2.2402064273985456,not included,not included,not included,not included
2022-23,N1,North East and Yorkshire,North Tees,BSU,45 and over,A to F2,not included,2.8269805127598544,not included,not included,not included,not included
2022-23,N1,North East and Yorkshire,North Yorkshire,BSU,45 and over,A to F2,not included,2.217980428003011,not included,not included,not included,not included
2022-23,N1,North East and Yorkshire,Pennine,BSU,45 and over,A to F2,not included,3.108784391503886,not included,not included,not included,not included
2022-23,N1,North East and Yorkshire,Rotherham,BSU,45 and over,A to F2,not included,3.4200817628876257,not included,not included,not included,not included
2022-23,N1,North East and Yorkshire,Sheffield,BSU,45 and over,A to F2,not included,2.9578416593023857,not included,not included,not included,not included
2022-23,N2,North West,Bolton,BSU,45 and over,A to F2,not included,3.3587365081554537,not included,not included,not included,not included
2022-23,N2,North West,Cheshire & Stockport,BSU,45 and over,A to F2,not included,3.5183443085606774,not included,not included,not included,not included
2022-23,N2,North West,East Lancashire,BSU,45 and over,A to F2,not included,3.757711721817162,not included,not included,not included,not included
2022-23,N2,North West,Liverpool,BSU,45 and over,A to F2,not included,3.7127795982333662,not included,not included,not included,not included
2022-23,N2,North West,Manchester,BSU,45 and over,A to F2,not included,3.8160492946018603,not included,not included,not included,not included
2022-23,N2,North West,North Lancashire & South Cumbria,BSU,45 and over,A to F2,not included,3.3820080199742755,not included,not included,not included,not included
2022-23,N2,North West,South Lancashire,BSU,45 and over,A to F2,not included,3.789974905089762,not included,not included,not included,not included
2022-23,N2,North West,"Warrington, Halton, St Helens & Knowsley",BSU,45 and over,A to F2,not included,3.5053488528560854,not included,not included,not included,not included
2022-23,N2,North West,Wirral & Chester,BSU,45 and over,A to F2,not included,2.9308979078328132,not included,not included,not included,not included
2022-23,N3,Midlands,"City, Sandwell & Walsall",BSU,45 and over,A to F2,not included,2.059615689292262,not included,not included,not included,not included
2022-23,N3,Midlands,"Dudley, Wolverhampton & South West Staffordshire",BSU,45 and over,A to F2,not included,3.2535455303856766,not included,not included,not included,not included
2022-23,N3,Midlands,Hereford & Worcester,BSU,45 and over,A to F2,not included,2.3566722257156134,not included,not included,not included,not included
2022-23,N3,Midlands,Kettering,BSU,45 and over,A to F2,not included,2.582044643481912,not included,not included,not included,not included
2022-23,N3,Midlands,Leicestershire,BSU,45 and over,A to F2,not included,3.791810101217695,not included,not included,not included,not included
2022-23,N3,Midlands,Lincolnshire,BSU,45 and over,A to F2,not included,2.54284622394685,not included,not included,not included,not included
2022-23,N3,Midlands,North Derbyshire & Chesterfield,BSU,45 and over,A to F2,not included,2.6511196194454114,not included,not included,not included,not included
2022-23,N3,Midlands,North Midlands,BSU,45 and over,A to F2,not included,3.2274277508526295,not included,not included,not included,not included
2022-23,N3,Midlands,North Nottinghamshire,BSU,45 and over,A to F2,not included,3.9044343218369435,not included,not included,not included,not included
2022-23,N3,Midlands,Northampton,BSU,45 and over,A to F2,not included,2.8876636802205375,not included,not included,not included,not included
2022-23,N3,Midlands,Nottingham City,BSU,45 and over,A to F2,not included,2.263098067582929,not included,not included,not included,not included
2022-23,N3,Midlands,Shropshire,BSU,45 and over,A to F2,not included,2.7669871998981086,not included,not included,not included,not included
2022-23,N3,Midlands,South Birmingham,BSU,45 and over,A to F2,not included,4.290042693843823,not included,not included,not included,not included
2022-23,N3,Midlands,South Derbyshire & South East Staffordshire,BSU,45 and over,A to F2,not included,2.701471718523157,not included,not included,not included,not included
2022-23,N3,Midlands,"Warwickshire, Solihull & Coventry",BSU,45 and over,A to F2,not included,4.34858236214994,not included,not included,not included,not included
2022-23,N4,East of England,Beds & Herts,BSU,45 and over,A to F2,not included,3.28360489770969,not included,not included,not included,not included
2022-23,N4,East of England,Cambridge & Huntingdon,BSU,45 and over,A to F2,not included,3.841604768888679,not included,not included,not included,not included
2022-23,N4,East of England,Chelmsford & Colchester,BSU,45 and over,A to F2,not included,1.2500328264922924,not included,not included,not included,not included
2022-23,N4,East of England,East Suffolk,BSU,45 and over,A to F2,not included,2.0799742018703644,not included,not included,not included,not included
2022-23,N4,East of England,Great Yarmouth & Waveney,BSU,45 and over,A to F2,not included,4.75571985213308,not included,not included,not included,not included
2022-23,N4,East of England,King's Lynn,BSU,45 and over,A to F2,not included,1.7826126702623641,not included,not included,not included,not included
2022-23,N4,East of England,Milton Keynes,BSU,45 and over,A to F2,not included,3.849574386990217,not included,not included,not included,not included
2022-23,N4,East of England,Norfolk & Norwich,BSU,45 and over,A to F2,not included,3.0127751654113437,not included,not included,not included,not included
2022-23,N4,East of England,Peterborough,BSU,45 and over,A to F2,not included,3.9936369725385132,not included,not included,not included,not included
2022-23,N4,East of England,South Essex,BSU,45 and over,A to F2,not included,3.5578974872621174,not included,not included,not included,not included
2022-23,N4,East of England,West Essex (Epping),BSU,45 and over,A to F2,not included,2.6656025538707104,not included,not included,not included,not included
2022-23,N4,East of England,West Suffolk,BSU,45 and over,A to F2,not included,3.2784301363385606,not included,not included,not included,not included
2022-23,N5,London,Central & East London,BSU,45 and over,A to F2,not included,3.436042685892484,not included,not included,not included,not included
2022-23,N5,London,North London,BSU,45 and over,A to F2,not included,3.982394999918192,not included,not included,not included,not included
2022-23,N5,London,Outer North East London,BSU,45 and over,A to F2,not included,4.301196658387898,not included,not included,not included,not included
2022-23,N5,London,South East London,BSU,45 and over,A to F2,not included,3.538897510289454,not included,not included,not included,not included
2022-23,N5,London,South West London,BSU,45 and over,A to F2,not included,3.844500513970657,not included,not included,not included,not included
2022-23,N5,London,West of London,BSU,45 and over,A to F2,not included,4.389214778223732,not included,not included,not included,not included
2022-23,N6,South East,Aylesbury & Wycombe,BSU,45 and over,A to F2,not included,3.197243095773704,not included,not included,not included,not included
2022-23,N6,South East,Brighton,BSU,45 and over,A to F2,not included,2.322268601338369,not included,not included,not included,not included
2022-23,N6,South East,Canterbury,BSU,45 and over,A to F2,not included,3.008648612548836,not included,not included,not included,not included
2022-23,N6,South East,East Berkshire,BSU,45 and over,A to F2,not included,2.972176759410802,not included,not included,not included,not included
2022-23,N6,South East,Guildford,BSU,45 and over,A to F2,not included,3.3935375835141737,not included,not included,not included,not included
2022-23,N6,South East,Isle of Wight,BSU,45 and over,A to F2,not included,3.256037486483239,not included,not included,not included,not included
2022-23,N6,South East,Maidstone,BSU,45 and over,A to F2,not included,5.4009992111490925,not included,not included,not included,not included
2022-23,N6,South East,Medway,BSU,45 and over,A to F2,not included,5.169565639879506,not included,not included,not included,not included
2022-23,N6,South East,North & Mid Hampshire,BSU,45 and over,A to F2,not included,3.166108137848247,not included,not included,not included,not included
2022-23,N6,South East,Oxfordshire,BSU,45 and over,A to F2,not included,3.193794115591585,not included,not included,not included,not included
2022-23,N6,South East,Portsmouth,BSU,45 and over,A to F2,not included,2.8302530177999046,not included,not included,not included,not included
2022-23,N6,South East,Southampton & Salisbury,BSU,45 and over,A to F2,not included,3.9196221760972234,not included,not included,not included,not included
2022-23,N6,South East,West Berkshire,BSU,45 and over,A to F2,not included,3.0140497436871083,not included,not included,not included,not included
2022-23,N6,South East,Worthing,BSU,45 and over,A to F2,not included,3.047029005913827,not included,not included,not included,not included
2022-23,N7,South West,Avon,BSU,45 and over,A to F2,not included,4.250101192885545,not included,not included,not included,not included
2022-23,N7,South West,Cornwall,BSU,45 and over,A to F2,not included,5.212158302733578,not included,not included,not included,not included
2022-23,N7,South West,Dorset,BSU,45 and over,A to F2,not included,4.405230738160153,not included,not included,not included,not included
2022-23,N7,South West,Gloucestershire,BSU,45 and over,A to F2,not included,2.7091153764430906,not included,not included,not included,not included
2022-23,N7,South West,North & East Devon,BSU,45 and over,A to F2,not included,4.235677436872115,not included,not included,not included,not included
2022-23,N7,South West,Somerset,BSU,45 and over,A to F2,not included,2.4546347139896,not included,not included,not included,not included
2022-23,N7,South West,South Devon,BSU,45 and over,A to F2,not included,4.085908852802515,not included,not included,not included,not included
2022-23,N7,South West,West Devon,BSU,45 and over,A to F2,not included,4.403900597672224,not included,not included,not included,not included
2022-23,N7,South West,Wiltshire,BSU,45 and over,A to F2,not included,3.853572454549185,not included,not included,not included,not included
2022-23,N1,North East and Yorkshire,Barnsley,BSU,50<71,A to F2,not included,4.94066882416397,not included,not included,not included,not included
2022-23,N1,North East and Yorkshire,Doncaster,BSU,50<71,A to F2,not included,1.9078328630928387,not included,not included,not included,not included
2022-23,N1,North East and Yorkshire,Gateshead,BSU,50<71,A to F2,not included,2.9582690350329974,not included,not included,not included,not included
2022-23,N1,North East and Yorkshire,Humberside,BSU,50<71,A to F2,not included,2.674530572941743,not included,not included,not included,not included
2022-23,N1,North East and Yorkshire,Leeds Wakefield,BSU,50<71,A to F2,not included,4.401281422263269,not included,not included,not included,not included
2022-23,N1,North East and Yorkshire,Newcastle,BSU,50<71,A to F2,not included,2.6659239216934587,not included,not included,not included,not included
2022-23,N1,North East and Yorkshire,North Cumbria,BSU,50<71,A to F2,not included,2.1866163996229973,not included,not included,not included,not included
2022-23,N1,North East and Yorkshire,North Tees,BSU,50<71,A to F2,not included,2.7933306523958303,not included,not included,not included,not included
2022-23,N1,North East and Yorkshire,North Yorkshire,BSU,50<71,A to F2,not included,2.1822427108902596,not included,not included,not included,not included
2022-23,N1,North East and Yorkshire,Pennine,BSU,50<71,A to F2,not included,3.069982930992441,not included,not included,not included,not included
2022-23,N1,North East and Yorkshire,Rotherham,BSU,50<71,A to F2,not included,3.4449032818952405,not included,not included,not included,not included
2022-23,N1,North East and Yorkshire,Sheffield,BSU,50<71,A to F2,not included,2.9767233661593555,not included,not included,not included,not included
2022-23,N2,North West,Bolton,BSU,50<71,A to F2,not included,3.237007168458781,not included,not included,not included,not included
2022-23,N2,North West,Cheshire & Stockport,BSU,50<71,A to F2,not included,3.4887688370770547,not included,not included,not included,not included
2022-23,N2,North West,East Lancashire,BSU,50<71,A to F2,not included,3.672573478237593,not included,not included,not included,not included
2022-23,N2,North West,Liverpool,BSU,50<71,A to F2,not included,3.6992697234526513,not included,not included,not included,not included
2022-23,N2,North West,Manchester,BSU,50<71,A to F2,not included,3.751494619370267,not included,not included,not included,not included
2022-23,N2,North West,North Lancashire & South Cumbria,BSU,50<71,A to F2,not included,3.3251198897808862,not included,not included,not included,not included
2022-23,N2,North West,South Lancashire,BSU,50<71,A to F2,not included,3.4965034965034967,not included,not included,not included,not included
2022-23,N2,North West,"Warrington, Halton, St Helens & Knowsley",BSU,50<71,A to F2,not included,3.521076868579525,not included,not included,not included,not included
2022-23,N2,North West,Wirral & Chester,BSU,50<71,A to F2,not included,2.890058595689741,not included,not included,not included,not included
2022-23,N3,Midlands,"City, Sandwell & Walsall",BSU,50<71,A to F2,not included,2.0025854977083086,not included,not included,not included,not included
2022-23,N3,Midlands,"Dudley, Wolverhampton & South West Staffordshire",BSU,50<71,A to F2,not included,3.178542289910253,not included,not included,not included,not included
2022-23,N3,Midlands,Hereford & Worcester,BSU,50<71,A to F2,not included,2.2429353454653054,not included,not included,not included,not included
2022-23,N3,Midlands,Kettering,BSU,50<71,A to F2,not included,2.495625047553831,not included,not included,not included,not included
2022-23,N3,Midlands,Leicestershire,BSU,50<71,A to F2,not included,3.658805986635003,not included,not included,not included,not included
2022-23,N3,Midlands,Lincolnshire,BSU,50<71,A to F2,not included,2.484046692607004,not included,not included,not included,not included
2022-23,N3,Midlands,North Derbyshire & Chesterfield,BSU,50<71,A to F2,not included,2.574171029668412,not included,not included,not included,not included
2022-23,N3,Midlands,North Midlands,BSU,50<71,A to F2,not included,3.066160303817709,not included,not included,not included,not included
2022-23,N3,Midlands,North Nottinghamshire,BSU,50<71,A to F2,not included,3.849931251227657,not included,not included,not included,not included
2022-23,N3,Midlands,Northampton,BSU,50<71,A to F2,not included,2.843846949327818,not included,not included,not included,not included
2022-23,N3,Midlands,Nottingham City,BSU,50<71,A to F2,not included,2.175018360544602,not included,not included,not included,not included
2022-23,N3,Midlands,Shropshire,BSU,50<71,A to F2,not included,2.5993937070978084,not included,not included,not included,not included
2022-23,N3,Midlands,South Birmingham,BSU,50<71,A to F2,not included,4.230191110156753,not included,not included,not included,not included
2022-23,N3,Midlands,South Derbyshire & South East Staffordshire,BSU,50<71,A to F2,not included,2.6510462272411606,not included,not included,not included,not included
2022-23,N3,Midlands,"Warwickshire, Solihull & Coventry",BSU,50<71,A to F2,not included,4.2453611663353215,not included,not included,not included,not included
2022-23,N4,East of England,Beds & Herts,BSU,50<71,A to F2,not included,3.18412457117032,not included,not included,not included,not included
2022-23,N4,East of England,Cambridge & Huntingdon,BSU,50<71,A to F2,not included,3.71630328333591,not included,not included,not included,not included
2022-23,N4,East of England,Chelmsford & Colchester,BSU,50<71,A to F2,not included,1.1557610241820768,not included,not included,not included,not included
2022-23,N4,East of England,East Suffolk,BSU,50<71,A to F2,not included,2.0240279339527727,not included,not included,not included,not included
2022-23,N4,East of England,Great Yarmouth & Waveney,BSU,50<71,A to F2,not included,4.75448168355417,not included,not included,not included,not included
2022-23,N4,East of England,King's Lynn,BSU,50<71,A to F2,not included,1.7194295539597453,not included,not included,not included,not included
2022-23,N4,East of England,Milton Keynes,BSU,50<71,A to F2,not included,3.820375335120643,not included,not included,not included,not included
2022-23,N4,East of England,Norfolk & Norwich,BSU,50<71,A to F2,not included,2.9781008117802528,not included,not included,not included,not included
2022-23,N4,East of England,Peterborough,BSU,50<71,A to F2,not included,4.012483281319661,not included,not included,not included,not included
2022-23,N4,East of England,South Essex,BSU,50<71,A to F2,not included,3.2846715328467155,not included,not included,not included,not included
2022-23,N4,East of England,West Essex (Epping),BSU,50<71,A to F2,not included,2.5812115891132574,not included,not included,not included,not included
2022-23,N4,East of England,West Suffolk,BSU,50<71,A to F2,not included,3.2373161604734144,not included,not included,not included,not included
2022-23,N5,London,Central & East London,BSU,50<71,A to F2,not included,3.411713159047758,not included,not included,not included,not included
2022-23,N5,London,North London,BSU,50<71,A to F2,not included,3.961054462367425,not included,not included,not included,not included
2022-23,N5,London,Outer North East London,BSU,50<71,A to F2,not included,4.206098843322819,not included,not included,not included,not included
2022-23,N5,London,South East London,BSU,50<71,A to F2,not included,3.4552919376521456,not included,not included,not included,not included
2022-23,N5,London,South West London,BSU,50<71,A to F2,not included,3.7997552304912876,not included,not included,not included,not included
2022-23,N5,London,West of London,BSU,50<71,A to F2,not included,4.351314487443502,not included,not included,not included,not included
2022-23,N6,South East,Aylesbury & Wycombe,BSU,50<71,A to F2,not included,3.0129429238277106,not included,not included,not included,not included
2022-23,N6,South East,Brighton,BSU,50<71,A to F2,not included,2.27642852085251,not included,not included,not included,not included
2022-23,N6,South East,Canterbury,BSU,50<71,A to F2,not included,2.9802729265360957,not included,not included,not included,not included
2022-23,N6,South East,East Berkshire,BSU,50<71,A to F2,not included,2.816600114090131,not included,not included,not included,not included
2022-23,N6,South East,Guildford,BSU,50<71,A to F2,not included,3.322392414296134,not included,not included,not included,not included
2022-23,N6,South East,Isle of Wight,BSU,50<71,A to F2,not included,3.1663638723072927,not included,not included,not included,not included
2022-23,N6,South East,Maidstone,BSU,50<71,A to F2,not included,5.315315315315315,not included,not included,not included,not included
2022-23,N6,South East,Medway,BSU,50<71,A to F2,not included,5.046563654336403,not included,not included,not included,not included
2022-23,N6,South East,North & Mid Hampshire,BSU,50<71,A to F2,not included,2.981223234874273,not included,not included,not included,not included
2022-23,N6,South East,Oxfordshire,BSU,50<71,A to F2,not included,3.0888914311863633,not included,not included,not included,not included
2022-23,N6,South East,Portsmouth,BSU,50<71,A to F2,not included,2.786991635419671,not included,not included,not included,not included
2022-23,N6,South East,Southampton & Salisbury,BSU,50<71,A to F2,not included,3.907964373305796,not included,not included,not included,not included
2022-23,N6,South East,West Berkshire,BSU,50<71,A to F2,not included,2.907569883697205,not included,not included,not included,not included
2022-23,N6,South East,Worthing,BSU,50<71,A to F2,not included,3.0040545521562847,not included,not included,not included,not included
2022-23,N7,South West,Avon,BSU,50<71,A to F2,not included,4.153444569556761,not included,not included,not included,not included
2022-23,N7,South West,Cornwall,BSU,50<71,A to F2,not included,5.1878549584971605,not included,not included,not included,not included
2022-23,N7,South West,Dorset,BSU,50<71,A to F2,not included,4.301016354820152,not included,not included,not included,not included
2022-23,N7,South West,Gloucestershire,BSU,50<71,A to F2,not included,2.6418786692759295,not included,not included,not included,not included
2022-23,N7,South West,North & East Devon,BSU,50<71,A to F2,not included,4.1266545548922915,not included,not included,not included,not included
2022-23,N7,South West,Somerset,BSU,50<71,A to F2,not included,2.3736419461502125,not included,not included,not included,not included
2022-23,N7,South West,South Devon,BSU,50<71,A to F2,not included,4.092714158359673,not included,not included,not included,not included
2022-23,N7,South West,West Devon,BSU,50<71,A to F2,not included,4.248137802607077,not included,not included,not included,not included
2022-23,N7,South West,Wiltshire,BSU,50<71,A to F2,not included,3.814320122618787,not included,not included,not included,not included
