CollectionYearRange,Parent_Org_Code,Parent_Org_Name,Org_Name,Org_Type,Age_Band,Table_Code,Rate_benign_biopsy,Rate_benign_biopsy_warning,Non-op_diag_rate_invasive,Non-op_diag_rate_non-invasive,Rate_non_op_diagnosis,Rate_non_op_diagnosis_warning,Rate_small_invasive,Rate_small_invasive_warning,SDR,SDR_warning
2011-12,E92000001,England,England,National,50<71,A to F2,0.68962434629359,,:,:,96.115720684338000,,not included,not included,not included,not included
2012-13,E92000001,England,England,National,50<71,A to F2,0.67081191030053,,:,:,96.709389400921600,,not included,not included,not included,not included
2013-14,E92000001,England,England,National,50<71,A to F2,0.60324157622279,,:,:,96.990756359220000,,not included,not included,not included,not included
2014-15,E92000001,England,England,National,50<71,A to F2,0.52470134634355,,:,:,97.325089051683500,,not included,not included,not included,not included
2015-16,E92000001,England,England,National,50<71,A to F2,0.46380950564229,,:,:,97.505293806246700,,not included,not included,not included,not included
2016-17,E92000001,England,England,National,50<71,A to F2,0.40200983704282,,:,:,97.845931568923600,,not included,not included,not included,not included
2017-18,E92000001,England,England,National,50<71,A to F2,0.36096476831187,,:,:,98.007513752851200,,not included,not included,not included,not included
2018-19,E92000001,England,England,National,50<71,A to F2,0.30410987361236,,:,:,98.246647039581200,,not included,not included,not included,not included
2019-20,E92000001,England,England,National,50<71,A to F2,0.26970729402944,,:,:,98.862320321547800,,not included,not included,not included,not included
2020-21,E92000001,England,England,National,50<71,A to F2,0.27867957852178,,:,:,98.707331852151000,,not included,not included,not included,not included
2021-22,E92000001,England,England,National,50<71,A to F2,0.299408607342353,,:,:,98.4790239010529,,not included,not included,not included,not included
2011-12,E92000001,England,England,National,50<71,A and B,1.72543162977167,,not included,not included,92.445414847161500,,2.77301511927589,,1.51799128262735,
2012-13,E92000001,England,England,National,50<71,A and B,1.68898310254376,,not included,not included,93.512304250559200,,2.72219849935948,,1.51715947537746,
2013-14,E92000001,England,England,National,50<71,A and B,1.58919659457872,,not included,not included,93.873268988669700,,2.95136510421763,,1.62162134384103,
2014-15,E92000001,England,England,National,50<71,A and B,1.50607464089139,,not included,not included,94.470046082949300,,3.10444354946972,,1.60900197935295,
2015-16,E92000001,England,England,National,50<71,A and B,1.25643253358283,,not included,not included,95.547594677584400,,3.08761611976207,,1.51311705985578,
2016-17,E92000001,England,England,National,50<71,A and B,1.06611303603742,,not included,not included,95.892494929006000,,3.15157976442642,,1.59449374198400,
2017-18,E92000001,England,England,National,50<71,A and B,0.93143907336835,,not included,not included,95.978260869565200,,3.08476596341347,,1.58808265840974,
2018-19,E92000001,England,England,National,50<71,A and B,0.80372851618974,,not included,not included,97.013333333333300,,3.03358507025273,,1.52892909837907,
2019-20,E92000001,England,England,National,50<71,A and B,0.63080362526554,,not included,not included,98.240938166311300,,2.70874497908143,,1.46958767359517,
2020-21,E92000001,England,England,National,50<71,A and B,0.62309178141940,,not included,not included,97.728937728937700,,2.87314543654502,,1.64671101764296,
2021-22,E92000001,England,England,National,50<71,A and B,0.658529228076287,,not included,not included,97.7294228949858,,2.71059127427529,,1.28957181129997,
2011-12,E92000001,England,England,National,50<71,C1 and C2,0.47055683978853,,not included,not included,96.873567433758100,,3.31589978203920,,1.50589419929674,
2012-13,E92000001,England,England,National,50<71,C1 and C2,0.46081350926830,,not included,not included,97.330248286909300,,3.41044468149717,,1.54263801315919,
2013-14,E92000001,England,England,National,50<71,C1 and C2,0.41770244667852,,not included,not included,97.580712438475000,,3.41553120766185,,1.57373829345598,
2014-15,E92000001,England,England,National,50<71,C1 and C2,0.36006633148565,,not included,not included,97.893017558187000,,3.41369309135114,,1.56053606012892,
2015-16,E92000001,England,England,National,50<71,C1 and C2,0.34470608061526,,not included,not included,97.861595518030400,,3.46940286693323,,1.58648794815795,
2016-17,E92000001,England,England,National,50<71,C1 and C2,0.30622627360060,,not included,not included,98.190045248868700,,3.42740228068000,,1.54949002221159,
2017-18,E92000001,England,England,National,50<71,C1 and C2,0.27955264039039,,not included,not included,98.319460959175500,,3.30563144659382,,1.54910778761515,
2018-19,E92000001,England,England,National,50<71,C1 and C2,0.23005939997284,,not included,not included,98.439925488978500,,3.37399783086851,,1.56297320474246,
2019-20,E92000001,England,England,National,50<71,C1 and C2,0.21735052873843,,not included,not included,99.013264315755400,,3.23744563068406,,1.53053200647815,
2020-21,E92000001,England,England,National,50<71,C1 and C2,0.22185388788272,,not included,not included,98.940187598976700,,3.47393323477901,,1.70370426895580,
2021-22,E92000001,England,England,National,50<71,C1 and C2,0.241470625098456,,not included,not included,98.5947537473233,,3.32597039570136,,1.38419529791129,
2011-12,R1,North East,North East,Region,50<71,A to F2,0.50878137077442,,:,:,96.336996336996300,,not included,not included,not included,not included
2011-12,R10,South West,South West,Region,50<71,A to F2,0.72739364465781,,:,:,95.531088082901500,,not included,not included,not included,not included
2011-12,R2,North West,North West,Region,50<71,A to F2,0.72379582503504,,:,:,96.996662958843100,,not included,not included,not included,not included
2011-12,R3,Yorkshire and the Humber,Yorkshire and the Humber,Region,50<71,A to F2,0.43489412000847,,:,:,97.081413210445400,,not included,not included,not included,not included
2011-12,R4,East Midlands,East Midlands,Region,50<71,A to F2,0.59822314996309,,:,:,96.989966555183900,,not included,not included,not included,not included
2011-12,R5,West Midlands,West Midlands,Region,50<71,A to F2,0.59318519451750,,:,:,95.879659908436800,,not included,not included,not included,not included
2011-12,R6,East of England,East of England,Region,50<71,A to F2,0.90989417878106,,:,:,94.824016563147000,,not included,not included,not included,not included
2011-12,R7,London,London,Region,50<71,A to F2,0.71724985911163,,:,:,96.303501945525300,,not included,not included,not included,not included
2011-12,R8,South East,South East,Region,50<71,A to F2,0.80659466442650,,:,:,95.614754098360600,,not included,not included,not included,not included
2012-13,R1,North East,North East,Region,50<71,A to F2,0.57683094942464,,:,:,97.903822441430300,,not included,not included,not included,not included
2012-13,R10,South West,South West,Region,50<71,A to F2,0.71146655587869,,:,:,96.963824289405700,,not included,not included,not included,not included
2012-13,R2,North West,North West,Region,50<71,A to F2,0.64838166796184,,:,:,97.428404441846800,,not included,not included,not included,not included
2012-13,R3,Yorkshire and the Humber,Yorkshire and the Humber,Region,50<71,A to F2,0.39066372016816,,:,:,96.926536731634100,,not included,not included,not included,not included
2012-13,R4,East Midlands,East Midlands,Region,50<71,A to F2,0.53370475713179,,:,:,96.692913385826700,,not included,not included,not included,not included
2012-13,R5,West Midlands,West Midlands,Region,50<71,A to F2,0.64581752425852,,:,:,97.121315969842300,,not included,not included,not included,not included
2012-13,R6,East of England,East of England,Region,50<71,A to F2,0.61171110361120,,:,:,95.521390374331500,,not included,not included,not included,not included
2012-13,R7,London,London,Region,50<71,A to F2,0.82522841143531,,:,:,97.389192471159600,,not included,not included,not included,not included
2012-13,R8,South East,South East,Region,50<71,A to F2,0.86915140419176,,:,:,95.635528330781000,,not included,not included,not included,not included
2013-14,R1,North East,North East,Region,50<71,A to F2,0.24018697632311,,:,:,98.222222222222200,,not included,not included,not included,not included
2013-14,R10,South West,South West,Region,50<71,A to F2,0.63757720661486,,:,:,96.902396259497300,,not included,not included,not included,not included
2013-14,R2,North West,North West,Region,50<71,A to F2,0.60795789664716,,:,:,97.397959183673400,,not included,not included,not included,not included
2013-14,R3,Yorkshire and the Humber,Yorkshire and the Humber,Region,50<71,A to F2,0.37219327385648,,:,:,97.660013764624900,,not included,not included,not included,not included
2013-14,R4,East Midlands,East Midlands,Region,50<71,A to F2,0.45240680419834,,:,:,97.471451876019500,,not included,not included,not included,not included
2013-14,R5,West Midlands,West Midlands,Region,50<71,A to F2,0.65643675625716,,:,:,96.750459840588600,,not included,not included,not included,not included
2013-14,R6,East of England,East of England,Region,50<71,A to F2,0.39624280539906,,:,:,96.323046618516000,,not included,not included,not included,not included
2013-14,R7,London,London,Region,50<71,A to F2,0.78773528409143,,:,:,97.280092592592600,,not included,not included,not included,not included
2013-14,R8,South East,South East,Region,50<71,A to F2,0.89094973917364,,:,:,96.095202677575300,,not included,not included,not included,not included
2014-15,R1,North East,North East,Region,50<71,A to F2,0.14803575063378,!,:,:,99.186046511627900,,not included,not included,not included,not included
2014-15,R10,South West,South West,Region,50<71,A to F2,0.70461877607719,,:,:,96.593673965936700,,not included,not included,not included,not included
2014-15,R2,North West,North West,Region,50<71,A to F2,0.49342408647372,,:,:,97.953964194373400,,not included,not included,not included,not included
2014-15,R3,Yorkshire and the Humber,Yorkshire and the Humber,Region,50<71,A to F2,0.24202526743792,,:,:,98.801128349788400,,not included,not included,not included,not included
2014-15,R4,East Midlands,East Midlands,Region,50<71,A to F2,0.39867689106777,,:,:,97.496087636932700,,not included,not included,not included,not included
2014-15,R5,West Midlands,West Midlands,Region,50<71,A to F2,0.48271411256683,,:,:,97.335025380710600,,not included,not included,not included,not included
2014-15,R6,East of England,East of England,Region,50<71,A to F2,0.45452938532476,,:,:,96.983311938382500,,not included,not included,not included,not included
2014-15,R7,London,London,Region,50<71,A to F2,0.60658140827984,,:,:,97.339246119733900,,not included,not included,not included,not included
2014-15,R8,South East,South East,Region,50<71,A to F2,0.80247513424218,,:,:,96.087580760947600,,not included,not included,not included,not included
2015-16,R1,North East,North East,Region,50<71,A to F2,0.16384787634947,!,:,:,98.837209302325500,,not included,not included,not included,not included
2015-16,R10,South West,South West,Region,50<71,A to F2,0.50423705995526,,:,:,96.661007357102400,,not included,not included,not included,not included
2015-16,R2,North West,North West,Region,50<71,A to F2,0.43191127706412,,:,:,98.047722342733200,,not included,not included,not included,not included
2015-16,R3,Yorkshire and the Humber,Yorkshire and the Humber,Region,50<71,A to F2,0.25514220106291,,:,:,97.640527411519700,,not included,not included,not included,not included
2015-16,R4,East Midlands,East Midlands,Region,50<71,A to F2,0.36670954347483,,:,:,98.499317871759900,,not included,not included,not included,not included
2015-16,R5,West Midlands,West Midlands,Region,50<71,A to F2,0.47619299573014,,:,:,97.924528301886800,,not included,not included,not included,not included
2015-16,R6,East of England,East of England,Region,50<71,A to F2,0.45253492547772,,:,:,97.875080489375300,,not included,not included,not included,not included
2015-16,R7,London,London,Region,50<71,A to F2,0.53470779533840,,:,:,98.180784536668500,,not included,not included,not included,not included
2015-16,R8,South East,South East,Region,50<71,A to F2,0.68488246482973,,:,:,95.833333333333300,,not included,not included,not included,not included
2016-17,R1,North East,North East,Region,50<71,A to F2,0.15558820987121,!,:,:,99.111111111111100,,not included,not included,not included,not included
2016-17,R10,South West,South West,Region,50<71,A to F2,0.55029231527788,,:,:,96.920668058455100,,not included,not included,not included,not included
2016-17,R2,North West,North West,Region,50<71,A to F2,0.29543890889959,,:,:,98.508180943214600,,not included,not included,not included,not included
2016-17,R3,Yorkshire and the Humber,Yorkshire and the Humber,Region,50<71,A to F2,0.26719196957155,,:,:,98.190045248868700,,not included,not included,not included,not included
2016-17,R4,East Midlands,East Midlands,Region,50<71,A to F2,0.26459640028625,,:,:,98.149575944487200,,not included,not included,not included,not included
2016-17,R5,West Midlands,West Midlands,Region,50<71,A to F2,0.34344769447726,,:,:,98.375000000000000,,not included,not included,not included,not included
2016-17,R6,East of England,East of England,Region,50<71,A to F2,0.23214497216629,,:,:,98.063266623628100,,not included,not included,not included,not included
2016-17,R7,London,London,Region,50<71,A to F2,0.51855266190366,,:,:,97.695605573419000,,not included,not included,not included,not included
2016-17,R8,South East,South East,Region,50<71,A to F2,0.70499416497548,,:,:,96.806790622473700,,not included,not included,not included,not included
2017-18,R1,North East,North East,Region,50<71,A to F2,0.16000142223486,!,:,:,98.853211009174300,,not included,not included,not included,not included
2017-18,R10,South West,South West,Region,50<71,A to F2,0.45350880635610,,:,:,97.008973080757700,,not included,not included,not included,not included
2017-18,R2,North West,North West,Region,50<71,A to F2,0.29485932569633,,:,:,97.935415563790300,,not included,not included,not included,not included
2017-18,R3,Yorkshire and the Humber,Yorkshire and the Humber,Region,50<71,A to F2,0.20882863201182,,:,:,98.530440867739600,,not included,not included,not included,not included
2017-18,R4,East Midlands,East Midlands,Region,50<71,A to F2,0.24778820866020,,:,:,98.311048557353900,,not included,not included,not included,not included
2017-18,R5,West Midlands,West Midlands,Region,50<71,A to F2,0.43517971310374,,:,:,98.118279569892400,,not included,not included,not included,not included
2017-18,R6,East of England,East of England,Region,50<71,A to F2,0.23059449222602,,:,:,98.056994818652800,,not included,not included,not included,not included
2017-18,R7,London,London,Region,50<71,A to F2,0.44825436941283,,:,:,99.104320337197000,,not included,not included,not included,not included
2017-18,R8,South East,South East,Region,50<71,A to F2,0.56800709104394,,:,:,97.117422636710400,,not included,not included,not included,not included
2018-19,R1,North East,North East,Region,50<71,A to F2,0.09909642081746,!,:,:,99.229074889867800,,not included,not included,not included,not included
2018-19,R10,South West,South West,Region,50<71,A to F2,0.33678901895086,,:,:,97.862823061630200,,not included,not included,not included,not included
2018-19,R2,North West,North West,Region,50<71,A to F2,0.32632038488166,,:,:,98.198661863098300,,not included,not included,not included,not included
2018-19,R3,Yorkshire and the Humber,Yorkshire and the Humber,Region,50<71,A to F2,0.18731561119523,,:,:,98.495748855461000,,not included,not included,not included,not included
2018-19,R4,East Midlands,East Midlands,Region,50<71,A to F2,0.28772760339193,,:,:,98.806179775280900,,not included,not included,not included,not included
2018-19,R5,West Midlands,West Midlands,Region,50<71,A to F2,0.28834423866031,,:,:,98.387096774193500,,not included,not included,not included,not included
2018-19,R6,East of England,East of England,Region,50<71,A to F2,0.27144776666350,,:,:,98.426573426573400,,not included,not included,not included,not included
2018-19,R7,London,London,Region,50<71,A to F2,0.32499472981519,,:,:,98.661461238148300,,not included,not included,not included,not included
2018-19,R8,South East,South East,Region,50<71,A to F2,0.44382384972807,,:,:,97.249190938511300,,not included,not included,not included,not included
2019-20,R1,North East,North East,Region,50<71,A to F2,0.13624596939007,!,:,:,99.549041713641400,,not included,not included,not included,not included
2019-20,R10,South West,South West,Region,50<71,A to F2,0.29015266494063,,:,:,98.575949367088600,,not included,not included,not included,not included
2019-20,R2,North West,North West,Region,50<71,A to F2,0.22195947532195,,:,:,98.913633894622400,,not included,not included,not included,not included
2019-20,R3,Yorkshire and the Humber,Yorkshire and the Humber,Region,50<71,A to F2,0.23713157029604,,:,:,99.217081850533800,,not included,not included,not included,not included
2019-20,R4,East Midlands,East Midlands,Region,50<71,A to F2,0.26070003627131,,:,:,99.226985242445500,,not included,not included,not included,not included
2019-20,R5,West Midlands,West Midlands,Region,50<71,A to F2,0.23560916462185,,:,:,99.030470914127400,,not included,not included,not included,not included
2019-20,R6,East of England,East of England,Region,50<71,A to F2,0.26096290387702,,:,:,98.950131233595800,,not included,not included,not included,not included
2019-20,R7,London,London,Region,50<71,A to F2,0.35874817988056,,:,:,98.095238095238000,,not included,not included,not included,not included
2019-20,R8,South East,South East,Region,50<71,A to F2,0.32315065008285,,:,:,98.787388843977300,,not included,not included,not included,not included
2020-21,R1,North East,North East,Region,50<71,A to F2,0.11699498384007,!,:,:,98.394863563402900,,not included,not included,not included,not included
2020-21,R10,South West,South West,Region,50<71,A to F2,0.36601644920984,,:,:,97.918215613382900,,not included,not included,not included,not included
2020-21,R2,North West,North West,Region,50<71,A to F2,0.25509415293281,,:,:,98.631308810949500,,not included,not included,not included,not included
2020-21,R3,Yorkshire and the Humber,Yorkshire and the Humber,Region,50<71,A to F2,0.19524894240156,!,:,:,99.090909090909100,,not included,not included,not included,not included
2020-21,R4,East Midlands,East Midlands,Region,50<71,A to F2,0.28021670091537,,:,:,99.578059071729900,,not included,not included,not included,not included
2020-21,R5,West Midlands,West Midlands,Region,50<71,A to F2,0.30061772092978,,:,:,99.146211312700100,,not included,not included,not included,not included
2020-21,R6,East of England,East of England,Region,50<71,A to F2,0.26026793137602,,:,:,98.694516971279300,,not included,not included,not included,not included
2020-21,R7,London,London,Region,50<71,A to F2,0.30851587189087,,:,:,98.750000000000000,,not included,not included,not included,not included
2020-21,R8,South East,South East,Region,50<71,A to F2,0.31540766440625,,:,:,98.564329099944700,,not included,not included,not included,not included
2021-22,R1,North East,North East,Region,50<71,A to F2,0.207318337306934,,:,:,98.6046511627907,,not included,not included,not included,not included
2021-22,R10,South West,South West,Region,50<71,A to F2,0.354314459923530,,:,:,98.4492875104777,,not included,not included,not included,not included
2021-22,R2,North West,North West,Region,50<71,A to F2,0.237909676360802,,:,:,98.1490050902360,,not included,not included,not included,not included
2021-22,R3,Yorkshire and the Humber,Yorkshire and the Humber,Region,50<71,A to F2,0.234892356060674,,:,:,98.4962406015037,,not included,not included,not included,not included
2021-22,R4,East Midlands,East Midlands,Region,50<71,A to F2,0.303824922057221,,:,:,99.1252050300710,,not included,not included,not included,not included
2021-22,R5,West Midlands,West Midlands,Region,50<71,A to F2,0.362915314500307,,:,:,99.0379173740803,,not included,not included,not included,not included
2021-22,R6,East of England,East of England,Region,50<71,A to F2,0.248573970380448,,:,:,97.9143798024149,,not included,not included,not included,not included
2021-22,R7,London,London,Region,50<71,A to F2,0.303296600745020,,:,:,98.7777274784970,,not included,not included,not included,not included
2021-22,R8,South East,South East,Region,50<71,A to F2,0.374882268378525,,:,:,98.0814540558734,,not included,not included,not included,not included
2011-12,R1,North East,North East,Region,50<71,A and B,1.43425255883695,!,not included,not included,93.442622950819600,,2.28176543451333,,1.48892988809137,
2011-12,R10,South West,South West,Region,50<71,A and B,1.72869994708061,,not included,not included,93.562231759656600,,2.57541012524254,,1.46210883303985,
2011-12,R2,North West,North West,Region,50<71,A and B,1.67057444314185,,not included,not included,95.498392282958200,,3.16529894490035,,1.79015823397833,
2011-12,R3,Yorkshire and the Humber,Yorkshire and the Humber,Region,50<71,A and B,0.97185227845368,,not included,not included,92.237442922374400,,3.09552947951911,,1.41099191646348,
2011-12,R4,East Midlands,East Midlands,Region,50<71,A and B,1.48254828871568,,not included,not included,93.750000000000000,,2.71094544222297,,1.45323210574400,
2011-12,R5,West Midlands,West Midlands,Region,50<71,A and B,1.80275715800636,,not included,not included,91.320754716981100,,3.25203252032520,,1.71379515454741,
2011-12,R6,East of England,East of England,Region,50<71,A and B,2.30513892303909,,not included,not included,89.430894308943000,,2.48955003688222,,1.34820386702060,
2011-12,R7,London,London,Region,50<71,A and B,1.60771704180064,,not included,not included,92.771084337349400,,2.44867672520405,,1.42833299818118,
2011-12,R8,South East,South East,Region,50<71,A and B,2.09145146731831,,not included,not included,90.932642487046600,,2.79594038262554,,1.54071234726875,
2012-13,R1,North East,North East,Region,50<71,A and B,1.42728365384615,!,not included,not included,93.693693693693600,,2.77944711538461,,1.46790316807378,
2012-13,R10,South West,South West,Region,50<71,A and B,1.80323889447584,,not included,not included,94.537815126050400,,2.94760203904705,,1.53227654458210,
2012-13,R2,North West,North West,Region,50<71,A and B,1.34362403524669,,not included,not included,94.023904382470100,,2.34353029403493,,1.41490658987718,
2012-13,R3,Yorkshire and the Humber,Yorkshire and the Humber,Region,50<71,A and B,1.20609075832956,,not included,not included,96.000000000000000,,3.09060756821950,,1.61557735888074,
2012-13,R4,East Midlands,East Midlands,Region,50<71,A and B,1.18115403123496,,not included,not included,92.647058823529400,,2.93101185528675,,1.57177708216187,
2012-13,R5,West Midlands,West Midlands,Region,50<71,A and B,1.99945113106206,,not included,not included,93.087557603686600,,2.74434468969302,,1.52896409585869,
2012-13,R6,East of England,East of England,Region,50<71,A and B,1.59518544030743,,not included,not included,90.350877192982400,,2.10274444404162,,1.47399195128492,
2012-13,R7,London,London,Region,50<71,A and B,1.94119474065638,,not included,not included,95.389048991354400,,2.92473340925561,,1.51363948820537,
2012-13,R8,South East,South East,Region,50<71,A and B,2.12679980433441,,not included,not included,92.028985507246300,,2.70103575150471,,1.53261179701694,
2013-14,R1,North East,North East,Region,50<71,A and B,0.46497210167390,!,not included,not included,95.121951219512200,,2.94482331060136,,1.66608321836720,
2013-14,R10,South West,South West,Region,50<71,A and B,1.83426845058264,,not included,not included,93.032786885245900,,2.80535174794993,,1.54894395849542,
2013-14,R2,North West,North West,Region,50<71,A and B,1.59335343993626,,not included,not included,94.444444444444400,,2.70301029989187,,1.70148288084158,
2013-14,R3,Yorkshire and the Humber,Yorkshire and the Humber,Region,50<71,A and B,0.89708626381513,,not included,not included,96.603773584905600,,4.01894646189177,,1.68770795614257,
2013-14,R4,East Midlands,East Midlands,Region,50<71,A and B,1.12893362811044,!,not included,not included,94.478527607361900,,2.63417846559104,,1.37837649676502,
2013-14,R5,West Midlands,West Midlands,Region,50<71,A and B,1.97170030155416,,not included,not included,91.726618705035900,,3.28616716925693,,1.83904698869872,
2013-14,R6,East of England,East of England,Region,50<71,A and B,0.97656250000000,!,not included,not included,92.924528301886800,,2.23795572916666,,1.47466965905039,
2013-14,R7,London,London,Region,50<71,A and B,2.12121212121212,,not included,not included,96.657381615598800,,2.47474747474747,,1.52594725351542,
2013-14,R8,South East,South East,Region,50<71,A and B,2.10125580935429,,not included,not included,91.084337349397500,,3.38672995154751,,1.71831507001422,
2014-15,R1,North East,North East,Region,50<71,A and B,0.29761904761905,!,not included,not included,97.580645161290300,,3.19940476190476,,1.63370633874428,
2014-15,R10,South West,South West,Region,50<71,A and B,1.96850393700787,,not included,not included,93.506493506493500,,3.68024649092776,,1.80445781507586,
2014-15,R2,North West,North West,Region,50<71,A and B,1.38978339717297,,not included,not included,94.680851063829700,,3.25412697874648,,1.78822934943724,
2014-15,R3,Yorkshire and the Humber,Yorkshire and the Humber,Region,50<71,A and B,0.81223771490456,!,not included,not included,99.014778325123100,,3.60994539957583,,1.60414467333394,
2014-15,R4,East Midlands,East Midlands,Region,50<71,A and B,1.10469495355259,!,not included,not included,91.304347826086900,,3.71579211649510,,1.73531797917421,
2014-15,R5,West Midlands,West Midlands,Region,50<71,A and B,1.52335815842924,,not included,not included,94.954128440366900,,3.13134732566012,,1.54910362952942,
2014-15,R6,East of England,East of England,Region,50<71,A and B,1.35605478461329,,not included,not included,93.827160493827100,,2.03408217691994,,1.31157605699480,
2014-15,R7,London,London,Region,50<71,A and B,1.49612479152359,,not included,not included,96.275071633237800,,2.40361032080839,,1.39412580924559,
2014-15,R8,South East,South East,Region,50<71,A and B,2.32418998527245,,not included,not included,91.606714628297300,,3.31369661266568,,1.71969616120686,
2015-16,R1,North East,North East,Region,50<71,A and B,0.10236462278637,!,not included,not included,98.850574712643600,,3.48039717473641,,1.66904545383014,
2015-16,R10,South West,South West,Region,50<71,A and B,1.41364164184379,,not included,not included,94.535519125683000,,3.68556570909274,,1.60032834972257,
2015-16,R2,North West,North West,Region,50<71,A and B,0.91005612012741,!,not included,not included,96.666666666666600,,3.37479144547247,,1.59161999553988,
2015-16,R3,Yorkshire and the Humber,Yorkshire and the Humber,Region,50<71,A and B,0.79386080973803,!,not included,not included,96.446700507614200,,3.04313310399576,,1.51205467082146,
2015-16,R4,East Midlands,East Midlands,Region,50<71,A and B,1.27492477943801,,not included,not included,95.833333333333300,,3.21281044418379,,1.49456452399577,
2015-16,R5,West Midlands,West Midlands,Region,50<71,A and B,1.01899404907475,,not included,not included,97.787610619469000,,3.05698214722426,,1.63683125151921,
2015-16,R6,East of England,East of England,Region,50<71,A and B,1.48730479124614,,not included,not included,95.833333333333300,,3.24019972378625,,1.56756281456883,
2015-16,R7,London,London,Region,50<71,A and B,1.21787845573011,,not included,not included,97.979797979797900,,2.16782365119961,,1.17627088245028,
2015-16,R8,South East,South East,Region,50<71,A and B,1.98569343764204,,not included,not included,90.721649484536000,,3.34936242493839,,1.65071692167501,
2016-17,R1,North East,North East,Region,50<71,A and B,0.83978725389568,!,not included,not included,100.000000000000000,,4.19893626947839,,1.81455036090110,
2016-17,R10,South West,South West,Region,50<71,A and B,1.57137064071370,,not included,not included,92.452830188679200,,4.10583941605839,,1.85236575066597,
2016-17,R2,North West,North West,Region,50<71,A and B,0.45601234741125,!,not included,not included,97.833935018050500,,3.71825452504560,,1.79512366784842,
2016-17,R3,Yorkshire and the Humber,Yorkshire and the Humber,Region,50<71,A and B,0.46320123520329,!,not included,not included,97.241379310344800,,2.88214101904271,,1.28044129511730,
2016-17,R4,East Midlands,East Midlands,Region,50<71,A and B,0.66958850742635,!,not included,not included,95.862068965517200,,3.22619917214511,,1.68518012270991,
2016-17,R5,West Midlands,West Midlands,Region,50<71,A and B,0.93848647726303,!,not included,not included,95.238095238095200,,3.28470267042061,,1.68234695101978,
2016-17,R6,East of England,East of England,Region,50<71,A and B,0.74716078900179,!,not included,not included,95.857988165680400,,2.44072524407252,,1.45824381974452,
2016-17,R7,London,London,Region,50<71,A and B,1.42199513147429,,not included,not included,96.747967479674800,,2.24144995300185,,1.36210803471740,
2016-17,R8,South East,South East,Region,50<71,A and B,1.73320407743603,,not included,not included,94.134897360703800,,3.34890279368996,,1.65976401447808,
2017-18,R1,North East,North East,Region,50<71,A and B,0.19531250000000,!,not included,not included,95.876288659793800,,3.61328125000000,,1.51159115581756,
2017-18,R10,South West,South West,Region,50<71,A and B,1.27597520962449,,not included,not included,94.560669456066900,,3.78235508567262,,1.89588845700029,
2017-18,R2,North West,North West,Region,50<71,A and B,0.82115999654248,!,not included,not included,96.330275229357800,,2.85245051430547,,1.60927507652888,
2017-18,R3,Yorkshire and the Humber,Yorkshire and the Humber,Region,50<71,A and B,0.35840458757872,!,not included,not included,94.086021505376300,,3.48164456505043,,1.60105947123457,
2017-18,R4,East Midlands,East Midlands,Region,50<71,A and B,0.48703934195573,!,not included,not included,95.854922279792700,,4.49158504248065,,1.86896613948932,
2017-18,R5,West Midlands,West Midlands,Region,50<71,A and B,1.26557632398753,,not included,not included,96.551724137931000,,2.62850467289719,,1.54036806689598,
2017-18,R6,East of England,East of England,Region,50<71,A and B,0.71147110332750,!,not included,not included,95.070422535211200,,2.79115586690017,,1.41704330186005,
2017-18,R7,London,London,Region,50<71,A and B,0.97976909225718,,not included,not included,99.373040752351000,,2.46266285351128,,1.39155652819681,
2017-18,R8,South East,South East,Region,50<71,A and B,1.51113200577588,,not included,not included,94.485294117647000,,2.72003761039658,,1.59394444178355,
2018-19,R1,North East,North East,Region,50<71,A and B,0.22413986327468,!,not included,not included,98.876404494382000,,3.47416788075759,,1.72095907251094,
2018-19,R10,South West,South West,Region,50<71,A and B,0.81855388813097,!,not included,not included,95.813953488372000,,3.72896771259663,,1.61306102895159,
2018-19,R2,North West,North West,Region,50<71,A and B,1.01455496156397,,not included,not included,98.148148148148100,,2.92660085066531,,1.42871975173997,
2018-19,R3,Yorkshire and the Humber,Yorkshire and the Humber,Region,50<71,A and B,0.65926264009331,!,not included,not included,95.081967213114700,,3.14417566813732,,1.54128925669619,
2018-19,R4,East Midlands,East Midlands,Region,50<71,A and B,0.80406050555304,!,not included,not included,97.484276729559700,,2.86446555103271,,1.30985907107176,
2018-19,R5,West Midlands,West Midlands,Region,50<71,A and B,0.76242756938091,!,not included,not included,97.959183673469300,,3.25302429602521,,1.78580785600373,
2018-19,R6,East of England,East of England,Region,50<71,A and B,0.54939566476875,!,not included,not included,98.255813953488300,,3.04664868644491,,1.55905755539775,
2018-19,R7,London,London,Region,50<71,A and B,0.83088518947150,,not included,not included,98.000000000000000,,2.43330662630938,,1.32693940848502,
2018-19,R8,South East,South East,Region,50<71,A and B,1.01461038961038,,not included,not included,95.362318840579700,,3.04383116883116,,1.66556757261806,
2019-20,R1,North East,North East,Region,50<71,A and B,0.31895383143290,!,not included,not included,100.000000000000000,,3.34901523004545,,1.79872084158703,
2019-20,R10,South West,South West,Region,50<71,A and B,0.74952603500727,!,not included,not included,98.139534883720900,,3.26264274061990,,1.69102489555374,
2019-20,R2,North West,North West,Region,50<71,A and B,0.43352601156069,!,not included,not included,98.275862068965500,,2.67341040462427,,1.39936570716015,
2019-20,R3,Yorkshire and the Humber,Yorkshire and the Humber,Region,50<71,A and B,0.64577020515623,!,not included,not included,98.360655737704900,,3.32820028811286,,1.64771145553529,
2019-20,R4,East Midlands,East Midlands,Region,50<71,A and B,0.48337719533810,!,not included,not included,98.742138364779800,,2.63172028572963,,1.51845080871937,
2019-20,R5,West Midlands,West Midlands,Region,50<71,A and B,0.52639890509028,!,not included,not included,98.101265822784800,,1.89503605832499,,1.38283314855475,
2019-20,R6,East of England,East of England,Region,50<71,A and B,0.70077084793273,!,not included,not included,98.947368421052600,,2.92674883548373,,1.41034302480577,
2019-20,R7,London,London,Region,50<71,A and B,0.66941573394741,,not included,not included,98.422712933753900,,2.03502383120012,,1.32017562174165,
2019-20,R8,South East,South East,Region,50<71,A and B,0.86972168905950,,not included,not included,96.539792387543200,,2.84908829174664,,1.39595948510932,
2020-21,R1,North East,North East,Region,50<71,A and B,0.29002320185615,!,not included,not included,100.000000000000000,,2.61020881670533,,1.63478031724498,
2020-21,R10,South West,South West,Region,50<71,A and B,0.91157702825889,!,not included,not included,95.321637426900500,,3.58553631115162,,1.80029928175259,
2020-21,R2,North West,North West,Region,50<71,A and B,0.77052395629028,!,not included,not included,96.093750000000000,,2.73185766321098,,1.53841269197017,
2020-21,R3,Yorkshire and the Humber,Yorkshire and the Humber,Region,50<71,A and B,0.41816509157816,!,not included,not included,96.938775510204000,,2.59262356778456,,1.43297414793540,
2020-21,R4,East Midlands,East Midlands,Region,50<71,A and B,0.96993210475267,!,not included,not included,98.581560283687900,,4.12221144519883,,1.96469708993689,
2020-21,R5,West Midlands,West Midlands,Region,50<71,A and B,0.73616018845701,!,not included,not included,99.285714285714200,,2.06124852767962,,1.75037758144971,
2020-21,R6,East of England,East of England,Region,50<71,A and B,0.68901028593927,!,not included,not included,97.560975609756100,,2.75604114375707,,1.54643330379280,
2020-21,R7,London,London,Region,50<71,A and B,0.57429257596325,!,not included,not included,98.787878787878800,,2.40158713584629,,1.39585490744408,
2020-21,R8,South East,South East,Region,50<71,A and B,0.34642032332564,!,not included,not included,97.761194029850700,,3.00230946882217,,1.77319946521751,
2021-22,R1,North East,North East,Region,50<71,A and B,0.272572402044293,!,not included,not included,100.0000000000000,,2.72572402044293,,1.26446156882173,
2021-22,R10,South West,South West,Region,50<71,A and B,0.734834845868391,!,not included,not included,97.3282442748091,,3.30675680640775,,1.48179660319662,
2021-22,R2,North West,North West,Region,50<71,A and B,0.425811945960593,!,not included,not included,95.6140350877193,,2.70971238338559,,1.26890917252641,
2021-22,R3,Yorkshire and the Humber,Yorkshire and the Humber,Region,50<71,A and B,0.607933532600435,!,not included,not included,98.1707317073170,,2.83702315213536,,1.29350305014931,
2021-22,R4,East Midlands,East Midlands,Region,50<71,A and B,0.633025863628142,!,not included,not included,98.9583333333333,,3.16512931814071,,1.32870338168386,
2021-22,R5,West Midlands,West Midlands,Region,50<71,A and B,0.823308786534327,!,not included,not included,98.0392156862745,,3.15601701504825,,1.33047664817036,
2021-22,R6,East of England,East of England,Region,50<71,A and B,0.550338802325181,!,not included,not included,97.7375565610859,,2.54531696075396,,1.19400332654880,
2021-22,R7,London,London,Region,50<71,A and B,0.586964061791307,!,not included,not included,98.2608695652173,,1.76089218537392,,1.10957891861010,
2021-22,R8,South East,South East,Region,50<71,A and B,1.016695205479450,,not included,not included,97.1502590673575,,2.75577910958904,,1.39453758085809,
2011-12,R1,North East,North East,Region,50<71,C1 and C2,0.32986581529871,,not included,not included,96.764705882352900,,3.44002921668649,,1.54934646987862,
2011-12,R10,South West,South West,Region,50<71,C1 and C2,0.50704860154744,,not included,not included,95.863166268894100,,3.35528457320279,,1.48031942486466,
2011-12,R2,North West,North West,Region,50<71,C1 and C2,0.53687671968324,,not included,not included,97.423398328690800,,3.20448292060935,,1.57729649186088,
2011-12,R3,Yorkshire and the Humber,Yorkshire and the Humber,Region,50<71,C1 and C2,0.33618191475771,,not included,not included,98.093422306959000,,3.27441184974013,,1.38348529859912,
2011-12,R4,East Midlands,East Midlands,Region,50<71,C1 and C2,0.39871491117092,,not included,not included,97.602397602397600,,3.81079443946050,,1.58260598164647,
2011-12,R5,West Midlands,West Midlands,Region,50<71,C1 and C2,0.37087091806267,,not included,not included,96.813725490196000,,3.21211930728855,,1.46402113279502,
2011-12,R6,East of England,East of England,Region,50<71,C1 and C2,0.60901734403649,,not included,not included,95.969125214408200,,3.25241177347146,,1.46771106005470,
2011-12,R7,London,London,Region,50<71,C1 and C2,0.44586511551336,,not included,not included,97.050938337801600,,3.00444493222850,,1.46937744358518,
2011-12,R8,South East,South East,Region,50<71,C1 and C2,0.55833825588076,,not included,not included,96.607594936708800,,3.38239697040807,,1.56132730888461,
2012-13,R1,North East,North East,Region,50<71,C1 and C2,0.45847374091649,,not included,not included,98.682284040995600,,3.41562936982784,,1.52160951586320,
2012-13,R10,South West,South West,Region,50<71,C1 and C2,0.48282218975539,,not included,not included,97.407698350353500,,3.54905661560456,,1.53747290884295,
2012-13,R2,North West,North West,Region,50<71,C1 and C2,0.50605541306773,,not included,not included,97.947629157820200,,3.42737529759508,,1.57333537978516,
2012-13,R3,Yorkshire and the Humber,Yorkshire and the Humber,Region,50<71,C1 and C2,0.24068581298712,,not included,not included,97.167138810198300,,3.44039132681593,,1.43402931043102,
2012-13,R4,East Midlands,East Midlands,Region,50<71,C1 and C2,0.41380064178137,,not included,not included,97.485493230174000,,3.72420577603235,,1.55246756787597,
2012-13,R5,West Midlands,West Midlands,Region,50<71,C1 and C2,0.40120999840790,,not included,not included,97.764900662251600,,3.31794300270657,,1.50552304374592,
2012-13,R6,East of England,East of England,Region,50<71,C1 and C2,0.40273608829989,,not included,not included,96.504065040650400,,3.34774373399281,,1.51361423128945,
2012-13,R7,London,London,Region,50<71,C1 and C2,0.52048951404052,,not included,not included,98.011599005799500,,2.83730259483065,,1.46665626815132,
2012-13,R8,South East,South East,Region,50<71,C1 and C2,0.60174747466643,,not included,not included,96.291079812206500,,3.59042659884304,,1.67819645646387,
2013-14,R1,North East,North East,Region,50<71,C1 and C2,0.20409259358720,!,not included,not included,98.806366047745300,,3.50179923733820,,1.62479681823768,
2013-14,R10,South West,South West,Region,50<71,C1 and C2,0.41452740914447,,not included,not included,97.470133520730800,,3.60046663942629,,1.60454886029880,
2013-14,R2,North West,North West,Region,50<71,C1 and C2,0.40400015495896,,not included,not included,97.979797979797900,,3.52531642066931,,1.70661895605354,
2013-14,R3,Yorkshire and the Humber,Yorkshire and the Humber,Region,50<71,C1 and C2,0.23591741542361,,not included,not included,97.903930131004300,,3.59268521202235,,1.47745561898819,
2013-14,R4,East Midlands,East Midlands,Region,50<71,C1 and C2,0.34393414807512,,not included,not included,97.982708933717500,,3.69155985600623,,1.52937909433321,
2013-14,R5,West Midlands,West Midlands,Region,50<71,C1 and C2,0.44707445652511,,not included,not included,97.725549658832400,,3.32201158667966,,1.61154824608776,
2013-14,R6,East of England,East of England,Region,50<71,C1 and C2,0.28484618306115,,not included,not included,96.926713947990500,,3.07396505886821,,1.46851271874128,
2013-14,R7,London,London,Region,50<71,C1 and C2,0.45156383686662,,not included,not included,97.480314960629900,,2.63214183857781,,1.40283562368365,
2013-14,R8,South East,South East,Region,50<71,C1 and C2,0.69798447180613,,not included,not included,96.929422548121000,,3.74088306799466,,1.67705907179524,
2014-15,R1,North East,North East,Region,50<71,C1 and C2,0.12972552241549,!,not included,not included,99.579242636746100,,3.59988324702982,,1.52483184698785,
2014-15,R10,South West,South West,Region,50<71,C1 and C2,0.52149252332068,,not included,not included,97.126013264554100,,3.43364740074063,,1.52021557909523,
2014-15,R2,North West,North West,Region,50<71,C1 and C2,0.33487412026922,,not included,not included,98.561601000625300,,3.69459480231447,,1.67803844125337,
2014-15,R3,Yorkshire and the Humber,Yorkshire and the Humber,Region,50<71,C1 and C2,0.16940326132649,,not included,not included,98.722316865417300,,3.39433942139374,,1.46934037637153,
2014-15,R4,East Midlands,East Midlands,Region,50<71,C1 and C2,0.27493596885988,,not included,not included,98.600746268656700,,3.43669961074854,,1.50190291628954,
2014-15,R5,West Midlands,West Midlands,Region,50<71,C1 and C2,0.31860402421391,,not included,not included,97.803030303030300,,3.30858025145209,,1.54519882143471,
2014-15,R6,East of England,East of England,Region,50<71,C1 and C2,0.29751661134413,,not included,not included,97.468354430379700,,3.37768858761280,,1.53575460719583,
2014-15,R7,London,London,Region,50<71,C1 and C2,0.39311219779500,,not included,not included,97.664233576642300,,3.06151014646407,,1.55747912611677,
2014-15,R8,South East,South East,Region,50<71,C1 and C2,0.55562599285517,,not included,not included,97.039616891597700,,3.45308502942207,,1.62977352534825,
2015-16,R1,North East,North East,Region,50<71,C1 and C2,0.17352073572792,!,not included,not included,98.800000000000000,,3.42958630615182,,1.52602068231617,
2015-16,R10,South West,South West,Region,50<71,C1 and C2,0.40654481460443,,not included,not included,96.786885245901600,,3.53081386930419,,1.67360157368701,
2015-16,R2,North West,North West,Region,50<71,C1 and C2,0.34247506183578,,not included,not included,98.184176394293100,,3.61501454159984,,1.66290795725841,
2015-16,R3,Yorkshire and the Humber,Yorkshire and the Humber,Region,50<71,C1 and C2,0.16558611114649,,not included,not included,98.084929225645300,,3.43909615458100,,1.49243241833375,
2015-16,R4,East Midlands,East Midlands,Region,50<71,C1 and C2,0.25833284895924,,not included,not included,98.891528107680100,,3.76520127358094,,1.60869209524259,
2015-16,R5,West Midlands,West Midlands,Region,50<71,C1 and C2,0.39234491477397,,not included,not included,98.184568835098300,,3.63074738592415,,1.62097060313548,
2015-16,R6,East of England,East of England,Region,50<71,C1 and C2,0.34035638607393,,not included,not included,98.135719612229600,,3.38709500334866,,1.47963118610265,
2015-16,R7,London,London,Region,50<71,C1 and C2,0.37041402185443,,not included,not included,98.180494905385700,,2.78371749757266,,1.43794430264600,
2015-16,R8,South East,South East,Region,50<71,C1 and C2,0.47742688941691,,not included,not included,96.857749469214400,,3.60273675783071,,1.68779855965370,
2016-17,R1,North East,North East,Region,50<71,C1 and C2,0.08737864077670,!,not included,not included,99.088541666666600,,3.22330097087378,,1.46351809852807,
2016-17,R10,South West,South West,Region,50<71,C1 and C2,0.44447736869398,,not included,not included,97.578692493946700,,3.55088031212188,,1.59272866274501,
2016-17,R2,North West,North West,Region,50<71,C1 and C2,0.27621205595401,,not included,not included,98.627002288329500,,3.54862268496844,,1.62606216559856,
2016-17,R3,Yorkshire and the Humber,Yorkshire and the Humber,Region,50<71,C1 and C2,0.23419906920883,,not included,not included,98.311306901615200,,3.80723615072811,,1.66498367518931,
2016-17,R4,East Midlands,East Midlands,Region,50<71,C1 and C2,0.19091126035523,,not included,not included,98.494242692648300,,3.67504176183820,,1.53050292326058,
2016-17,R5,West Midlands,West Midlands,Region,50<71,C1 and C2,0.26064871221351,,not included,not included,98.885586924219900,,3.33994047510804,,1.59534415710095,
2016-17,R6,East of England,East of England,Region,50<71,C1 and C2,0.17682234177080,,not included,not included,98.350824587706100,,3.28996720749298,,1.45606481737043,
2016-17,R7,London,London,Region,50<71,C1 and C2,0.30473160376628,,not included,not included,97.890295358649800,,2.87687293725111,,1.40226324264746,
2016-17,R8,South East,South East,Region,50<71,C1 and C2,0.55154133980898,,not included,not included,97.374817695673300,,3.49574043432888,,1.57063556093770,
2017-18,R1,North East,North East,Region,50<71,C1 and C2,0.15986731013259,!,not included,not included,99.196787148594300,,3.08743742693564,,1.41686002638791,
2017-18,R10,South West,South West,Region,50<71,C1 and C2,0.34095120444719,,not included,not included,97.320908561444300,,3.68622606547251,,1.66605454902331,
2017-18,R2,North West,North West,Region,50<71,C1 and C2,0.24152644714596,,not included,not included,98.151571164510100,,3.32602044923919,,1.55615094203972,
2017-18,R3,Yorkshire and the Humber,Yorkshire and the Humber,Region,50<71,C1 and C2,0.18406714769548,,not included,not included,99.168053244592300,,3.33161537328817,,1.46365690169851,
2017-18,R4,East Midlands,East Midlands,Region,50<71,C1 and C2,0.19854104355734,,not included,not included,98.663324979114400,,3.48407508694176,,1.53204149851671,
2017-18,R5,West Midlands,West Midlands,Region,50<71,C1 and C2,0.32654570099504,,not included,not included,98.363211223694400,,3.06829734142509,,1.55074720471770,
2017-18,R6,East of England,East of England,Region,50<71,C1 and C2,0.17734623527195,,not included,not included,98.365527488855800,,3.36403640031478,,1.50764954653396,
2017-18,R7,London,London,Region,50<71,C1 and C2,0.31423595391916,,not included,not included,99.061662198391400,,2.84410168462427,,1.54430317486088,
2017-18,R8,South East,South East,Region,50<71,C1 and C2,0.44396129653295,,not included,not included,97.659362549800800,,3.40232021642075,,1.60214901315677,
2018-19,R1,North East,North East,Region,50<71,C1 and C2,0.09030613780717,!,not included,not included,99.238578680203000,,3.47176929791994,,1.50918285813700,
2018-19,R10,South West,South West,Region,50<71,C1 and C2,0.27584848037043,,not included,not included,98.033545401966400,,3.73873208216344,,1.66225888808260,
2018-19,R2,North West,North West,Region,50<71,C1 and C2,0.22052186756380,,not included,not included,98.124621899576500,,3.55399195864445,,1.65032727099247,
2018-19,R3,Yorkshire and the Humber,Yorkshire and the Humber,Region,50<71,C1 and C2,0.10755836535187,!,not included,not included,99.000768639508000,,3.44186769125968,,1.54642956896463,
2018-19,R4,East Midlands,East Midlands,Region,50<71,C1 and C2,0.21849054248080,,not included,not included,98.936170212765900,,3.61445783132530,,1.51560454962440,
2018-19,R5,West Midlands,West Midlands,Region,50<71,C1 and C2,0.23075739705656,,not included,not included,98.566878980891700,,3.31393261884005,,1.59496701538865,
2018-19,R6,East of England,East of England,Region,50<71,C1 and C2,0.23097058974491,,not included,not included,98.376184032476300,,3.29004773392188,,1.54815973067650,
2018-19,R7,London,London,Region,50<71,C1 and C2,0.22651522505906,,not included,not included,98.863636363636300,,2.54559967209224,,1.40149646925193,
2018-19,R8,South East,South East,Region,50<71,C1 and C2,0.34638308376499,,not included,not included,97.755002440214700,,3.41605386057881,,1.58687546245369,
2019-20,R1,North East,North East,Region,50<71,C1 and C2,0.11534025374856,!,not included,not included,99.456521739130400,,3.28195449302715,,1.51684407786408,
2019-20,R10,South West,South West,Region,50<71,C1 and C2,0.23565332322415,,not included,not included,98.763906056860300,,3.49381666171453,,1.58281834656266,
2019-20,R2,North West,North West,Region,50<71,C1 and C2,0.19780730601285,,not included,not included,99.044585987261100,,3.15008134825459,,1.52525350685557,
2019-20,R3,Yorkshire and the Humber,Yorkshire and the Humber,Region,50<71,C1 and C2,0.19234348824223,,not included,not included,99.406779661016900,,3.22020227089408,,1.46469371812546,
2019-20,R4,East Midlands,East Midlands,Region,50<71,C1 and C2,0.22835668008534,,not included,not included,99.341563786008200,,3.54279077960970,,1.57314632488242,
2019-20,R5,West Midlands,West Midlands,Region,50<71,C1 and C2,0.19062267884023,,not included,not included,99.282868525896400,,3.47064739405651,,1.64825868976187,
2019-20,R6,East of England,East of England,Region,50<71,C1 and C2,0.19479887016655,,not included,not included,98.984375000000000,,3.18553446507657,,1.48104465569259,
2019-20,R7,London,London,Region,50<71,C1 and C2,0.27558236272879,,not included,not included,98.051948051948000,,2.63623128119800,,1.34490161915710,
2019-20,R8,South East,South East,Region,50<71,C1 and C2,0.25409328399689,,not included,not included,99.105461393596900,,3.27145103145992,,1.61885601406616,
2020-21,R1,North East,North East,Region,50<71,C1 and C2,0.08909162182388,!,not included,not included,98.428290766208200,,4.16948790135775,,1.80919980686361,
2020-21,R10,South West,South West,Region,50<71,C1 and C2,0.29718186681158,,not included,not included,98.389982110912300,,3.95676428383415,,1.81947904004700,
2020-21,R2,North West,North West,Region,50<71,C1 and C2,0.19943252381859,!,not included,not included,98.894472361809000,,3.19092038109742,,1.73239279803447,
2020-21,R3,Yorkshire and the Humber,Yorkshire and the Humber,Region,50<71,C1 and C2,0.17692265162824,!,not included,not included,99.598930481283400,,3.35047271520981,,1.62409734574662,
2020-21,R4,East Midlands,East Midlands,Region,50<71,C1 and C2,0.19446635191927,!,not included,not included,99.744572158365200,,3.79209386242585,,1.68201234052255,
2020-21,R5,West Midlands,West Midlands,Region,50<71,C1 and C2,0.24086159633890,!,not included,not included,99.223803363518700,,3.33765354926766,,1.70120879742590,
2020-21,R6,East of England,East of England,Region,50<71,C1 and C2,0.17502712920503,!,not included,not included,99.057591623036600,,3.72807785206707,,1.71106156713142,
2020-21,R7,London,London,Region,50<71,C1 and C2,0.20907598866808,!,not included,not included,98.795180722891500,,2.78071064928548,,1.61854920374090,
2020-21,R8,South East,South East,Region,50<71,C1 and C2,0.29439608395484,,not included,not included,98.664886515353800,,3.27876422914405,,1.66800917549597,
2021-22,R1,North East,North East,Region,50<71,C1 and C2,0.189478271579206,!,not included,not included,98.3407079646017,,3.64745672789972,,1.35132844703972,
2021-22,R10,South West,South West,Region,50<71,C1 and C2,0.300771067646147,,not included,not included,98.6131748390292,,3.58646712481087,,1.47091858228342,
2021-22,R2,North West,North West,Region,50<71,C1 and C2,0.209902517365772,,not included,not included,98.3798882681564,,3.29009992336117,,1.39418838591914,
2021-22,R3,Yorkshire and the Humber,Yorkshire and the Humber,Region,50<71,C1 and C2,0.196117897822575,,not included,not included,98.5953177257525,,3.11208137860560,,1.26960520575129,
2021-22,R4,East Midlands,East Midlands,Region,50<71,C1 and C2,0.264020000862106,,not included,not included,99.1065730695596,,3.65317470580628,,1.37551612043417,
2021-22,R5,West Midlands,West Midlands,Region,50<71,C1 and C2,0.286461576784157,,not included,not included,99.1263440860215,,3.46244862373894,,1.52385528840845,
2021-22,R6,East of England,East of England,Region,50<71,C1 and C2,0.204450735236297,,not included,not included,98.0039920159680,,3.06151870199994,,1.29627052000493,
2021-22,R7,London,London,Region,50<71,C1 and C2,0.229050415458466,,not included,not included,98.8439306358381,,2.77297205097590,,1.34214347940158,
2021-22,R8,South East,South East,Region,50<71,C1 and C2,0.263145391483591,,not included,not included,98.3660130718954,,3.46840245163789,,1.41746006569241,
2011-12,R1,North East,Gateshead,BSU,50<71,A to F2,0.15442226769100,!,0,0,98.876404494382000,,not included,not included,not included,not included
2011-12,R1,North East,Newcastle,BSU,50<71,A to F2,0.49082163541769,!,0,0,94.139194139194100,,not included,not included,not included,not included
2011-12,R1,North East,North Cumbria,BSU,50<71,A to F2,0.84094185487746,!,0,0,95.918367346938700,,not included,not included,not included,not included
2011-12,R1,North East,North Tees,BSU,50<71,A to F2,0.65307806001444,!,0,0,97.285067873303100,,not included,not included,not included,not included
2011-12,R10,South West,Avon,BSU,50<71,A to F2,0.88341913668626,,0,0,93.055555555555500,,not included,not included,not included,not included
2011-12,R10,South West,Cornwall,BSU,50<71,A to F2,0.36210018105009,!,0,0,98.734177215189800,,not included,not included,not included,not included
2011-12,R10,South West,Dorset,BSU,50<71,A to F2,0.83191907091278,,0,0,97.628458498023700,,not included,not included,not included,not included
2011-12,R10,South West,Gloucestershire,BSU,50<71,A to F2,0.59080167242320,!,0,0,97.530864197530800,,not included,not included,not included,not included
2011-12,R10,South West,North & East Devon,BSU,50<71,A to F2,0.94280326838466,!,0,0,96.129032258064500,,not included,not included,not included,not included
2011-12,R10,South West,Somerset,BSU,50<71,A to F2,0.76659682117851,!,0,0,98.039215686274500,,not included,not included,not included,not included
2011-12,R10,South West,South Devon (Torbay),BSU,50<71,A to F2,0.39131285462727,!,0,0,94.285714285714200,,not included,not included,not included,not included
2011-12,R10,South West,West Devon & East Cornwall,BSU,50<71,A to F2,0.68155604487784,!,0,0,94.666666666666600,,not included,not included,not included,not included
2011-12,R10,South West,Wiltshire,BSU,50<71,A to F2,0.70426077770512,!,0,0,89.677419354838700,,not included,not included,not included,not included
2011-12,R2,North West,"Bolton, Bury & Rochdale",BSU,50<71,A to F2,0.17067030763323,!,0,0,99.415204678362500,,not included,not included,not included,not included
2011-12,R2,North West,Chester,BSU,50<71,A to F2,0.52770448548813,!,0,0,98.529411764705800,,not included,not included,not included,not included
2011-12,R2,North West,Crewe,BSU,50<71,A to F2,0.57498802108289,!,0,0,90.410958904109500,,not included,not included,not included,not included
2011-12,R2,North West,East Cheshire & Stockport,BSU,50<71,A to F2,0.58733701397862,!,0,0,97.142857142857100,,not included,not included,not included,not included
2011-12,R2,North West,East Lancashire,BSU,50<71,A to F2,1.41659780427340,!,0,0,96.710526315789400,,not included,not included,not included,not included
2011-12,R2,North West,Greater Manchester,BSU,50<71,A to F2,0.68419800095193,!,0,0,98.928571428571400,,not included,not included,not included,not included
2011-12,R2,North West,Liverpool,BSU,50<71,A to F2,0.69778801200195,!,0,0,96.103896103896100,,not included,not included,not included,not included
2011-12,R2,North West,North Lancashire,BSU,50<71,A to F2,1.24802701611423,,0,0,96.629213483146000,,not included,not included,not included,not included
2011-12,R2,North West,South Lancashire,BSU,50<71,A to F2,0.52931057297870,!,0,0,94.303797468354400,,not included,not included,not included,not included
2011-12,R2,North West,Warrington,BSU,50<71,A to F2,0.96142970252234,!,0,0,97.468354430379700,,not included,not included,not included,not included
2011-12,R2,North West,Wirral,BSU,50<71,A to F2,0.25822000344293,!,0,0,98.000000000000000,,not included,not included,not included,not included
2011-12,R3,Yorkshire and the Humber,Barnsley,BSU,50<71,A to F2,0.53433075073470,!,0,0,100.000000000000000,,not included,not included,not included,not included
2011-12,R3,Yorkshire and the Humber,Doncaster,BSU,50<71,A to F2,0.38850038850039,!,0,0,99.082568807339400,,not included,not included,not included,not included
2011-12,R3,Yorkshire and the Humber,Humberside,BSU,50<71,A to F2,0.20647647888778,!,0,0,98.994974874371800,,not included,not included,not included,not included
2011-12,R3,Yorkshire and the Humber,Leeds Wakefield,BSU,50<71,A to F2,0.54369598809592,!,0,0,98.630136986301300,,not included,not included,not included,not included
2011-12,R3,Yorkshire and the Humber,North Yorkshire,BSU,50<71,A to F2,0.10052608651945,!,0,0,95.360824742268000,,not included,not included,not included,not included
2011-12,R3,Yorkshire and the Humber,Pennine,BSU,50<71,A to F2,0.75101252581606,,0,0,95.970695970695900,,not included,not included,not included,not included
2011-12,R3,Yorkshire and the Humber,Rotherham,BSU,50<71,A to F2,0.45009564532463,!,0,0,95.161290322580600,,not included,not included,not included,not included
2011-12,R3,Yorkshire and the Humber,Sheffield,BSU,50<71,A to F2,0.48762647811776,!,0,0,93.893129770992300,,not included,not included,not included,not included
2011-12,R4,East Midlands,Derby City & South Derbyshire,BSU,50<71,A to F2,0.33619095646327,!,0,0,99.470899470899400,,not included,not included,not included,not included
2011-12,R4,East Midlands,Kettering,BSU,50<71,A to F2,0.50025012506253,!,0,0,98.823529411764700,,not included,not included,not included,not included
2011-12,R4,East Midlands,Leicestershire,BSU,50<71,A to F2,1.15289109613338,,0,0,92.537313432835800,,not included,not included,not included,not included
2011-12,R4,East Midlands,Lincolnshire,BSU,50<71,A to F2,0.38626308027249,!,0,0,99.532710280373800,,not included,not included,not included,not included
2011-12,R4,East Midlands,North Derbyshire & Chesterfield,BSU,50<71,A to F2,0.56266704177803,!,0,0,98.958333333333300,,not included,not included,not included,not included
2011-12,R4,East Midlands,North Nottinghamshire,BSU,50<71,A to F2,0.78203552675679,!,0,0,91.935483870967700,,not included,not included,not included,not included
2011-12,R4,East Midlands,Northampton,BSU,50<71,A to F2,0.46732611574110,!,0,0,97.297297297297300,,not included,not included,not included,not included
2011-12,R4,East Midlands,Nottingham City,BSU,50<71,A to F2,0.39082855653986,!,0,0,97.660818713450300,,not included,not included,not included,not included
2011-12,R5,West Midlands,"City, Sandwell & Walsall",BSU,50<71,A to F2,0.61619471753074,!,0,0,92.576419213973800,,not included,not included,not included,not included
2011-12,R5,West Midlands,Dudley & Wolverhampton,BSU,50<71,A to F2,0.96968129808003,!,0,0,96.330275229357800,,not included,not included,not included,not included
2011-12,R5,West Midlands,Hereford & Worcester,BSU,50<71,A to F2,0.51272660684856,!,0,0,95.798319327731100,,not included,not included,not included,not included
2011-12,R5,West Midlands,North Staffordshire,BSU,50<71,A to F2,0.52893261398498,!,0,0,95.061728395061700,,not included,not included,not included,not included
2011-12,R5,West Midlands,Shropshire,BSU,50<71,A to F2,0.51715221513532,!,0,0,96.907216494845300,,not included,not included,not included,not included
2011-12,R5,West Midlands,South Birmingham,BSU,50<71,A to F2,1.15131578947368,!,0,0,96.774193548387100,,not included,not included,not included,not included
2011-12,R5,West Midlands,South Staffordshire,BSU,50<71,A to F2,0.20903883941636,!,0,0,98.477157360406000,,not included,not included,not included,not included
2011-12,R5,West Midlands,"Warwickshire, Solihull & Coventry",BSU,50<71,A to F2,0.62073246430788,!,0,0,96.014492753623100,,not included,not included,not included,not included
2011-12,R6,East of England,Bedfordshire & Hertfordshire,BSU,50<71,A to F2,0.90413642414044,,0,0,91.638795986622000,,not included,not included,not included,not included
2011-12,R6,East of England,Cambridge & Huntingdon,BSU,50<71,A to F2,1.00962509254896,!,0,0,88.000000000000000,,not included,not included,not included,not included
2011-12,R6,East of England,Colchester & Chelmsford,BSU,50<71,A to F2,0.89332241494826,!,0,0,96.803652968036500,,not included,not included,not included,not included
2011-12,R6,East of England,East Suffolk,BSU,50<71,A to F2,0.43981820847383,!,0,0,98.684210526315700,,not included,not included,not included,not included
2011-12,R6,East of England,Epping,BSU,50<71,A to F2,0.78316201664219,!,0,0,98.780487804878000,,not included,not included,not included,not included
2011-12,R6,East of England,James Paget,BSU,50<71,A to F2,0.90713232792834,!,0,0,94.642857142857100,,not included,not included,not included,not included
2011-12,R6,East of England,Kings Lynn,BSU,50<71,A to F2,1.90882551089153,!,0,0,96.666666666666600,,not included,not included,not included,not included
2011-12,R6,East of England,Norfolk & Norwich,BSU,50<71,A to F2,0.89178222678022,!,0,0,97.222222222222200,,not included,not included,not included,not included
2011-12,R6,East of England,Peterborough,BSU,50<71,A to F2,1.10297014102261,!,0,0,94.318181818181800,,not included,not included,not included,not included
2011-12,R6,East of England,South Essex (Southend),BSU,50<71,A to F2,0.51716031969911,!,0,0,95.172413793103400,,not included,not included,not included,not included
2011-12,R6,East of England,West Suffolk,BSU,50<71,A to F2,1.31826741996233,!,0,0,96.629213483146000,,not included,not included,not included,not included
2011-12,R7,London,Central & East London,BSU,50<71,A to F2,0.47123645195201,!,0,0,99.462365591397800,,not included,not included,not included,not included
2011-12,R7,London,North London,BSU,50<71,A to F2,0.36801687970755,!,0,0,95.035460992907800,,not included,not included,not included,not included
2011-12,R7,London,Outer North East London,BSU,50<71,A to F2,0.82938966678050,!,0,0,98.224852071005900,,not included,not included,not included,not included
2011-12,R7,London,South East London,BSU,50<71,A to F2,0.53367217280813,!,0,0,97.124600638977600,,not included,not included,not included,not included
2011-12,R7,London,South West London,BSU,50<71,A to F2,0.62814070351759,!,0,0,97.315436241610700,,not included,not included,not included,not included
2011-12,R7,London,West of London,BSU,50<71,A to F2,1.57902577089229,,0,0,92.517006802721000,,not included,not included,not included,not included
2011-12,R8,South East,Aylesbury & Wycombe,BSU,50<71,A to F2,0.55545269394557,!,0,0,92.982456140350800,,not included,not included,not included,not included
2011-12,R8,South East,Canterbury,BSU,50<71,A to F2,1.14542070347921,!,0,0,95.555555555555500,,not included,not included,not included,not included
2011-12,R8,South East,East Berkshire,BSU,50<71,A to F2,0.73216187433440,!,0,0,96.261682242990600,,not included,not included,not included,not included
2011-12,R8,South East,East Sussex/Brighton,BSU,50<71,A to F2,0.66093853271646,!,0,0,93.838862559241700,,not included,not included,not included,not included
2011-12,R8,South East,Guildford,BSU,50<71,A to F2,0.89357099186380,,0,0,95.822454308094000,,not included,not included,not included,not included
2011-12,R8,South East,Isle of Wight,BSU,50<71,A to F2,1.68413173652694,!,0,0,95.918367346938700,,not included,not included,not included,not included
2011-12,R8,South East,Maidstone,BSU,50<71,A to F2,0.60843699296917,!,0,0,96.460176991150400,,not included,not included,not included,not included
2011-12,R8,South East,Medway,BSU,50<71,A to F2,0.24475011013755,!,0,0,95.833333333333300,,not included,not included,not included,not included
2011-12,R8,South East,Milton Keynes,BSU,50<71,A to F2,0.61169562025936,!,0,0,96.428571428571400,,not included,not included,not included,not included
2011-12,R8,South East,North & Mid Hampshire,BSU,50<71,A to F2,0.95266448347723,!,0,0,96.031746031746000,,not included,not included,not included,not included
2011-12,R8,South East,Oxford,BSU,50<71,A to F2,1.01688021151108,!,0,0,97.122302158273300,,not included,not included,not included,not included
2011-12,R8,South East,Portsmouth,BSU,50<71,A to F2,0.98319628173043,!,0,0,93.063583815028900,,not included,not included,not included,not included
2011-12,R8,South East,Southampton & Salisbury,BSU,50<71,A to F2,1.02382725241995,!,0,0,95.454545454545400,,not included,not included,not included,not included
2011-12,R8,South East,West Berkshire,BSU,50<71,A to F2,0.42529922838569,!,0,0,95.172413793103400,,not included,not included,not included,not included
2011-12,R8,South East,Worthing,BSU,50<71,A to F2,0.83008747844965,,0,0,97.682119205298000,,not included,not included,not included,not included
2012-13,R1,North East,Gateshead,BSU,50<71,A to F2,0.15845977102563,!,99.36,100,99.479166666666600,,not included,not included,not included,not included
2012-13,R1,North East,Newcastle,BSU,50<71,A to F2,0.66206374728081,!,99.51,93.22,98.106060606060600,,not included,not included,not included,not included
2012-13,R1,North East,North Cumbria,BSU,50<71,A to F2,0.54877212237618,!,100,86.96,97.692307692307700,,not included,not included,not included,not included
2012-13,R1,North East,North Tees,BSU,50<71,A to F2,0.84572097713301,,97.63,92.86,96.444444444444400,,not included,not included,not included,not included
2012-13,R10,South West,Avon,BSU,50<71,A to F2,0.87376785080414,,99.08,85.71,96.911196911196900,,not included,not included,not included,not included
2012-13,R10,South West,Cornwall,BSU,50<71,A to F2,0.34011677342554,!,99.19,88.89,96.855345911949600,,not included,not included,not included,not included
2012-13,R10,South West,Dorset,BSU,50<71,A to F2,0.65054754418302,!,97.99,97.96,97.983870967741900,,not included,not included,not included,not included
2012-13,R10,South West,Gloucestershire,BSU,50<71,A to F2,0.56600487634970,!,98.79,97.44,98.529411764705800,,not included,not included,not included,not included
2012-13,R10,South West,North & East Devon,BSU,50<71,A to F2,0.93162879768128,!,99.06,80,94.326241134751700,,not included,not included,not included,not included
2012-13,R10,South West,Somerset,BSU,50<71,A to F2,0.35010503150945,!,98.52,88.89,96.511627906976700,,not included,not included,not included,not included
2012-13,R10,South West,South Devon (Torbay),BSU,50<71,A to F2,0.64840330685687,!,100,87.5,96.739130434782600,,not included,not included,not included,not included
2012-13,R10,South West,West Devon & East Cornwall,BSU,50<71,A to F2,1.16822429906542,!,99.01,87.1,96.212121212121200,,not included,not included,not included,not included
2012-13,R10,South West,Wiltshire,BSU,50<71,A to F2,0.81045486779455,!,99.07,90.91,97.163120567375800,,not included,not included,not included,not included
2012-13,R2,North West,"Bolton, Bury & Rochdale",BSU,50<71,A to F2,0.00000000000000,!,100,95.35,98.809523809523800,,not included,not included,not included,not included
2012-13,R2,North West,Chester,BSU,50<71,A to F2,0.20842017507295,!,100,100,100.000000000000000,,not included,not included,not included,not included
2012-13,R2,North West,Crewe,BSU,50<71,A to F2,0.73266782672406,!,100,100,100.000000000000000,,not included,not included,not included,not included
2012-13,R2,North West,East Cheshire & Stockport,BSU,50<71,A to F2,0.33774655498514,!,98.26,100,98.571428571428500,,not included,not included,not included,not included
2012-13,R2,North West,East Lancashire,BSU,50<71,A to F2,0.14143271338661,!,98.73,100,98.979591836734700,,not included,not included,not included,not included
2012-13,R2,North West,Greater Manchester,BSU,50<71,A to F2,0.59662904589072,!,99.62,90.28,97.611940298507400,,not included,not included,not included,not included
2012-13,R2,North West,Liverpool,BSU,50<71,A to F2,0.78571740364049,!,98.77,83.72,95.609756097560900,,not included,not included,not included,not included
2012-13,R2,North West,North Lancashire,BSU,50<71,A to F2,0.93451474456597,,100,79.07,95.774647887323900,,not included,not included,not included,not included
2012-13,R2,North West,South Lancashire,BSU,50<71,A to F2,0.44811790479984,!,100,96.3,99.270072992700700,,not included,not included,not included,not included
2012-13,R2,North West,Warrington,BSU,50<71,A to F2,0.53140610054203,!,98.4,85.71,96.078431372549000,,not included,not included,not included,not included
2012-13,R2,North West,Wirral,BSU,50<71,A to F2,2.35259520658726,,100,80,95.121951219512200,,not included,not included,not included,not included
2012-13,R3,Yorkshire and the Humber,Barnsley,BSU,50<71,A to F2,0.35211267605634,!,100,100,100.000000000000000,,not included,not included,not included,not included
2012-13,R3,Yorkshire and the Humber,Doncaster,BSU,50<71,A to F2,0.76261785912368,!,98.86,84.62,95.614035087719300,,not included,not included,not included,not included
2012-13,R3,Yorkshire and the Humber,Humberside,BSU,50<71,A to F2,0.10235414534289,!,98.45,87.5,96.581196581196500,,not included,not included,not included,not included
2012-13,R3,Yorkshire and the Humber,Leeds Wakefield,BSU,50<71,A to F2,0.29483502640114,!,99.49,91.18,97.338403041825000,,not included,not included,not included,not included
2012-13,R3,Yorkshire and the Humber,North Yorkshire,BSU,50<71,A to F2,0.16386055466798,!,98.1,90.24,96.482412060301500,,not included,not included,not included,not included
2012-13,R3,Yorkshire and the Humber,Pennine,BSU,50<71,A to F2,0.77201000524967,,97.47,88.46,95.600000000000000,,not included,not included,not included,not included
2012-13,R3,Yorkshire and the Humber,Rotherham,BSU,50<71,A to F2,0.67575177384841,!,94.44,100,96.153846153846100,,not included,not included,not included,not included
2012-13,R3,Yorkshire and the Humber,Sheffield,BSU,50<71,A to F2,0.24589660047950,!,100,97.14,99.342105263157900,,not included,not included,not included,not included
2012-13,R4,East Midlands,Derby City & South Derbyshire,BSU,50<71,A to F2,0.19976028765481,!,99.21,96.67,98.750000000000000,,not included,not included,not included,not included
2012-13,R4,East Midlands,Kettering,BSU,50<71,A to F2,0.54058924227408,!,97.01,95,96.551724137931000,,not included,not included,not included,not included
2012-13,R4,East Midlands,Leicestershire,BSU,50<71,A to F2,1.10809786253754,,97.9,81.82,94.025157232704400,,not included,not included,not included,not included
2012-13,R4,East Midlands,Lincolnshire,BSU,50<71,A to F2,0.15006565372350,!,99.4,86.05,96.682464454976300,,not included,not included,not included,not included
2012-13,R4,East Midlands,North Derbyshire & Chesterfield,BSU,50<71,A to F2,0.22143489813995,!,97.37,100,98.019801980198000,,not included,not included,not included,not included
2012-13,R4,East Midlands,North Nottinghamshire,BSU,50<71,A to F2,0.90971116670457,!,98.11,88.89,95.774647887323900,,not included,not included,not included,not included
2012-13,R4,East Midlands,Northampton,BSU,50<71,A to F2,0.43143740562307,!,100,85,97.413793103448200,,not included,not included,not included,not included
2012-13,R4,East Midlands,Nottingham City,BSU,50<71,A to F2,0.51336729455436,!,98.79,97.44,98.543689320388300,,not included,not included,not included,not included
2012-13,R5,West Midlands,"City, Sandwell & Walsall",BSU,50<71,A to F2,0.87804021424181,,98.95,86.21,96.000000000000000,,not included,not included,not included,not included
2012-13,R5,West Midlands,Dudley & Wolverhampton,BSU,50<71,A to F2,0.64160829813399,!,99.08,90.63,97.163120567375800,,not included,not included,not included,not included
2012-13,R5,West Midlands,Hereford & Worcester,BSU,50<71,A to F2,0.66927684636750,!,98.9,81.82,95.555555555555500,,not included,not included,not included,not included
2012-13,R5,West Midlands,North Staffordshire,BSU,50<71,A to F2,0.38207521423503,!,100,93.1,98.540145985401400,,not included,not included,not included,not included
2012-13,R5,West Midlands,Shropshire,BSU,50<71,A to F2,0.71920887024273,!,98.25,86.21,95.804195804195800,,not included,not included,not included,not included
2012-13,R5,West Midlands,South Birmingham,BSU,50<71,A to F2,0.76745970836531,!,98.44,95.65,97.701149425287300,,not included,not included,not included,not included
2012-13,R5,West Midlands,South Staffordshire,BSU,50<71,A to F2,0.44054804176395,!,98.54,90,97.452229299363000,,not included,not included,not included,not included
2012-13,R5,West Midlands,"Warwickshire, Solihull & Coventry",BSU,50<71,A to F2,0.60121961693722,!,99.61,95.16,98.746081504702200,,not included,not included,not included,not included
2012-13,R6,East of England,Bedfordshire & Hertfordshire,BSU,50<71,A to F2,0.61491160645657,,99.32,75.56,93.766233766233700,,not included,not included,not included,not included
2012-13,R6,East of England,Cambridge & Huntingdon,BSU,50<71,A to F2,0.93758371283150,!,100,80,95.798319327731100,,not included,not included,not included,not included
2012-13,R6,East of England,Colchester & Chelmsford,BSU,50<71,A to F2,0.26518164942986,!,100,84.38,97.448979591836700,,not included,not included,not included,not included
2012-13,R6,East of England,East Suffolk,BSU,50<71,A to F2,0.22439973072032,!,100,94.44,98.913043478260800,,not included,not included,not included,not included
2012-13,R6,East of England,Epping,BSU,50<71,A to F2,0.40592652729856,!,98.21,100,98.550724637681100,,not included,not included,not included,not included
2012-13,R6,East of England,James Paget,BSU,50<71,A to F2,0.10877841836180,!,100,100,100.000000000000000,,not included,not included,not included,not included
2012-13,R6,East of England,Kings Lynn,BSU,50<71,A to F2,1.16504854368932,!,100,71.43,94.285714285714200,,not included,not included,not included,not included
2012-13,R6,East of England,Norfolk & Norwich,BSU,50<71,A to F2,0.56511687644490,!,99.16,89.66,97.297297297297300,,not included,not included,not included,not included
2012-13,R6,East of England,Peterborough,BSU,50<71,A to F2,1.32100396301188,!,100,60.87,92.173913043478200,,not included,not included,not included,not included
2012-13,R6,East of England,South Essex (Southend),BSU,50<71,A to F2,0.86659529999490,!,96.26,69.23,90.977443609022500,,not included,not included,not included,not included
2012-13,R6,East of England,West Suffolk,BSU,50<71,A to F2,0.46834020232297,!,98.65,93.75,97.777777777777700,,not included,not included,not included,not included
2012-13,R7,London,Central & East London,BSU,50<71,A to F2,0.85819370657949,!,100,100,100.000000000000000,,not included,not included,not included,not included
2012-13,R7,London,North London,BSU,50<71,A to F2,0.49465393249876,,98.48,93.75,97.429906542056000,,not included,not included,not included,not included
2012-13,R7,London,Outer North East London,BSU,50<71,A to F2,1.03116943988750,!,99.24,96.77,98.773006134969300,,not included,not included,not included,not included
2012-13,R7,London,South East London,BSU,50<71,A to F2,0.50438333133181,!,98.21,88,96.374622356495400,,not included,not included,not included,not included
2012-13,R7,London,South West London,BSU,50<71,A to F2,0.49134013020513,!,99.48,97.73,98.571428571428500,,not included,not included,not included,not included
2012-13,R7,London,West of London,BSU,50<71,A to F2,1.99909718191784,,98.91,82.09,94.399999999999900,,not included,not included,not included,not included
2012-13,R8,South East,Aylesbury & Wycombe,BSU,50<71,A to F2,0.75563822366891,!,98.91,68.42,93.693693693693600,,not included,not included,not included,not included
2012-13,R8,South East,Canterbury,BSU,50<71,A to F2,0.99904258419015,!,96.97,89.74,95.588235294117600,,not included,not included,not included,not included
2012-13,R8,South East,East Berkshire,BSU,50<71,A to F2,0.48907727420933,!,100,100,100.000000000000000,,not included,not included,not included,not included
2012-13,R8,South East,East Sussex/Brighton,BSU,50<71,A to F2,0.60248222677431,!,98.98,86.84,97.021276595744600,,not included,not included,not included,not included
2012-13,R8,South East,Guildford,BSU,50<71,A to F2,0.96300645918967,,99,83.95,95.800524934383200,,not included,not included,not included,not included
2012-13,R8,South East,Isle of Wight,BSU,50<71,A to F2,0.37883571157974,!,98.57,93.33,97.647058823529400,,not included,not included,not included,not included
2012-13,R8,South East,Maidstone,BSU,50<71,A to F2,1.13704768911778,!,100,84,96.899224806201500,,not included,not included,not included,not included
2012-13,R8,South East,Medway,BSU,50<71,A to F2,0.58754406580494,!,99.21,87.5,97.333333333333300,,not included,not included,not included,not included
2012-13,R8,South East,Milton Keynes,BSU,50<71,A to F2,0.94206311822892,!,98.46,84.62,96.153846153846100,,not included,not included,not included,not included
2012-13,R8,South East,North & Mid Hampshire,BSU,50<71,A to F2,0.83139341536415,!,92.47,91.3,92.241379310344800,,not included,not included,not included,not included
2012-13,R8,South East,Oxford,BSU,50<71,A to F2,0.83093015298890,!,100,92.68,98.429319371727700,,not included,not included,not included,not included
2012-13,R8,South East,Portsmouth,BSU,50<71,A to F2,0.81208380704889,!,98.56,77.55,93.085106382978700,,not included,not included,not included,not included
2012-13,R8,South East,Southampton & Salisbury,BSU,50<71,A to F2,1.00246761258482,,97.89,76.6,93.670886075949300,,not included,not included,not included,not included
2012-13,R8,South East,West Berkshire,BSU,50<71,A to F2,1.05820105820105,!,99.05,81.63,93.506493506493500,,not included,not included,not included,not included
2012-13,R8,South East,Worthing,BSU,50<71,A to F2,1.10283059853624,,98.08,86.54,95.402298850574700,,not included,not included,not included,not included
2013-14,R1,North East,Gateshead,BSU,50<71,A to F2,0.06322911068256,!,99.45,97.56,99.099099099099000,,not included,not included,not included,not included
2013-14,R1,North East,Newcastle,BSU,50<71,A to F2,0.09233326151857,!,100,92.42,98.371335504885900,,not included,not included,not included,not included
2013-14,R1,North East,North Cumbria,BSU,50<71,A to F2,0.43312543312543,!,100,77.78,96.078431372549000,,not included,not included,not included,not included
2013-14,R1,North East,North Tees,BSU,50<71,A to F2,0.49105361691680,!,99.53,92.73,98.141263940520400,,not included,not included,not included,not included
2013-14,R10,South West,Avon,BSU,50<71,A to F2,0.87789889531056,,98.36,80.77,94.764397905759100,,not included,not included,not included,not included
2013-14,R10,South West,Cornwall,BSU,50<71,A to F2,0.21460378775685,!,100,81.82,96.385542168674700,,not included,not included,not included,not included
2013-14,R10,South West,Dorset,BSU,50<71,A to F2,0.70208284577580,!,98.47,92.06,96.911196911196900,,not included,not included,not included,not included
2013-14,R10,South West,Gloucestershire,BSU,50<71,A to F2,0.44091710758377,!,100,95.24,98.882681564245800,,not included,not included,not included,not included
2013-14,R10,South West,North & East Devon,BSU,50<71,A to F2,0.71997696073726,!,99.07,90.74,96.296296296296200,,not included,not included,not included,not included
2013-14,R10,South West,Somerset,BSU,50<71,A to F2,0.61267001592942,!,99.12,88.89,97.163120567375800,,not included,not included,not included,not included
2013-14,R10,South West,South Devon (Torbay),BSU,50<71,A to F2,0.51369863013699,!,100,93.75,98.969072164948400,,not included,not included,not included,not included
2013-14,R10,South West,West Devon & East Cornwall,BSU,50<71,A to F2,0.63030025212010,!,99.2,90.32,97.435897435897400,,not included,not included,not included,not included
2013-14,R10,South West,Wiltshire,BSU,50<71,A to F2,0.67461209804362,!,100,94.44,98.816568047337200,,not included,not included,not included,not included
2013-14,R2,North West,"Bolton, Bury & Rochdale",BSU,50<71,A to F2,0.19834382902762,!,100,98.18,99.418604651162800,,not included,not included,not included,not included
2013-14,R2,North West,Chester,BSU,50<71,A to F2,0.00000000000000,!,100,90,98.275862068965500,,not included,not included,not included,not included
2013-14,R2,North West,Crewe,BSU,50<71,A to F2,0.53518865400054,!,98.82,94.12,98.039215686274500,,not included,not included,not included,not included
2013-14,R2,North West,East Cheshire & Stockport,BSU,50<71,A to F2,0.49900199600798,!,97.6,84.85,94.339622641509400,,not included,not included,not included,not included
2013-14,R2,North West,East Lancashire,BSU,50<71,A to F2,0.24773937817416,!,99.07,100,99.236641221374000,,not included,not included,not included,not included
2013-14,R2,North West,Greater Manchester,BSU,50<71,A to F2,0.23270019488641,!,100,92.86,98.791540785498400,,not included,not included,not included,not included
2013-14,R2,North West,Liverpool,BSU,50<71,A to F2,0.84644684698550,!,99.44,85.71,96.475770925110100,,not included,not included,not included,not included
2013-14,R2,North West,North Lancashire,BSU,50<71,A to F2,1.05711737306332,,99.01,83.05,95.402298850574700,,not included,not included,not included,not included
2013-14,R2,North West,South Lancashire,BSU,50<71,A to F2,0.78230257725238,!,100,90.32,98.477157360406000,,not included,not included,not included,not included
2013-14,R2,North West,Warrington,BSU,50<71,A to F2,0.45962219055936,!,97.44,91.43,96.335078534031400,,not included,not included,not included,not included
2013-14,R2,North West,Wirral,BSU,50<71,A to F2,1.68107588856868,!,100,90.32,97.709923664122100,,not included,not included,not included,not included
2013-14,R3,Yorkshire and the Humber,Barnsley,BSU,50<71,A to F2,0.83998320033599,!,100,92.86,98.591549295774600,,not included,not included,not included,not included
2013-14,R3,Yorkshire and the Humber,Doncaster,BSU,50<71,A to F2,0.96111193257430,!,99.1,83.33,95.744680851063800,,not included,not included,not included,not included
2013-14,R3,Yorkshire and the Humber,Humberside,BSU,50<71,A to F2,0.10944211879942,!,99.03,100,99.230769230769200,,not included,not included,not included,not included
2013-14,R3,Yorkshire and the Humber,Leeds Wakefield,BSU,50<71,A to F2,0.43673990458913,!,99.52,96.92,98.897058823529400,,not included,not included,not included,not included
2013-14,R3,Yorkshire and the Humber,North Yorkshire,BSU,50<71,A to F2,0.45231325924011,!,99.42,90.16,96.995708154506400,,not included,not included,not included,not included
2013-14,R3,Yorkshire and the Humber,Pennine,BSU,50<71,A to F2,0.32239155920281,!,98.61,85.29,95.422535211267600,,not included,not included,not included,not included
2013-14,R3,Yorkshire and the Humber,Rotherham,BSU,50<71,A to F2,0.20550760378134,!,100,92.31,98.484848484848400,,not included,not included,not included,not included
2013-14,R3,Yorkshire and the Humber,Sheffield,BSU,50<71,A to F2,0.12622278321237,!,100,95,99.206349206349200,,not included,not included,not included,not included
2013-14,R4,East Midlands,Derby City & South Derbyshire,BSU,50<71,A to F2,0.33379428734920,!,100,95.45,98.843930635838100,,not included,not included,not included,not included
2013-14,R4,East Midlands,Kettering,BSU,50<71,A to F2,0.48473097430926,!,100,88.46,97.321428571428500,,not included,not included,not included,not included
2013-14,R4,East Midlands,Leicestershire,BSU,50<71,A to F2,0.68715298774119,,99.58,78.33,95.348837209302300,,not included,not included,not included,not included
2013-14,R4,East Midlands,Lincolnshire,BSU,50<71,A to F2,0.30489132801951,!,100,97.37,99.456521739130400,,not included,not included,not included,not included
2013-14,R4,East Midlands,North Derbyshire & Chesterfield,BSU,50<71,A to F2,0.20798668885191,!,100,85,97.196261682242900,,not included,not included,not included,not included
2013-14,R4,East Midlands,North Nottinghamshire,BSU,50<71,A to F2,0.42900042900043,!,100,75,96.923076923076900,,not included,not included,not included,not included
2013-14,R4,East Midlands,Northampton,BSU,50<71,A to F2,0.52974118359316,!,98.72,94.74,97.959183673469300,,not included,not included,not included,not included
2013-14,R4,East Midlands,Nottingham City,BSU,50<71,A to F2,0.43866645397990,!,100,91.49,97.849462365591300,,not included,not included,not included,not included
2013-14,R5,West Midlands,"City, Sandwell & Walsall",BSU,50<71,A to F2,0.50798667946041,!,97.87,85.48,95.286195286195200,,not included,not included,not included,not included
2013-14,R5,West Midlands,Dudley & Wolverhampton,BSU,50<71,A to F2,1.20648052395725,!,99.3,85.71,96.216216216216200,,not included,not included,not included,not included
2013-14,R5,West Midlands,Hereford & Worcester,BSU,50<71,A to F2,0.52640236881066,!,100,86.36,97.379912663755400,,not included,not included,not included,not included
2013-14,R5,West Midlands,North Staffordshire,BSU,50<71,A to F2,0.92087088074722,!,100,90.32,97.435897435897400,,not included,not included,not included,not included
2013-14,R5,West Midlands,Shropshire,BSU,50<71,A to F2,1.02675993069370,!,98.98,83.33,95.312500000000000,,not included,not included,not included,not included
2013-14,R5,West Midlands,South Birmingham,BSU,50<71,A to F2,0.16301247045399,!,98.82,77.27,94.392523364485900,,not included,not included,not included,not included
2013-14,R5,West Midlands,South Staffordshire,BSU,50<71,A to F2,0.58949850520022,!,100,90.48,98.181818181818100,,not included,not included,not included,not included
2013-14,R5,West Midlands,"Warwickshire, Solihull & Coventry",BSU,50<71,A to F2,0.59430948666518,!,99.29,92.65,97.988505747126400,,not included,not included,not included,not included
2013-14,R6,East of England,Bedfordshire & Hertfordshire,BSU,50<71,A to F2,0.50932455727942,,97.67,85.98,94.594594594594600,,not included,not included,not included,not included
2013-14,R6,East of England,Cambridge & Huntingdon,BSU,50<71,A to F2,0.05988741166607,!,98.98,87.1,96.124031007751900,,not included,not included,not included,not included
2013-14,R6,East of England,Colchester & Chelmsford,BSU,50<71,A to F2,0.33434752081313,!,98.35,96.97,98.139534883720900,,not included,not included,not included,not included
2013-14,R6,East of England,East Suffolk,BSU,50<71,A to F2,0.39408866995074,!,100,94.74,99.186991869918700,,not included,not included,not included,not included
2013-14,R6,East of England,Epping,BSU,50<71,A to F2,0.10800302408467,!,98.41,100,98.648648648648600,,not included,not included,not included,not included
2013-14,R6,East of England,James Paget,BSU,50<71,A to F2,0.29433406916851,!,100,90.91,98.148148148148100,,not included,not included,not included,not included
2013-14,R6,East of England,Kings Lynn,BSU,50<71,A to F2,1.10532133270172,!,100,63.64,92.592592592592600,,not included,not included,not included,not included
2013-14,R6,East of England,Norfolk & Norwich,BSU,50<71,A to F2,0.35978618421053,!,99.09,88,97.037037037037000,,not included,not included,not included,not included
2013-14,R6,East of England,Peterborough,BSU,50<71,A to F2,0.44979197121331,!,96.55,71.43,91.666666666666600,,not included,not included,not included,not included
2013-14,R6,East of England,South Essex (Southend),BSU,50<71,A to F2,0.22216297876122,!,100,91.18,98.064516129032200,,not included,not included,not included,not included
2013-14,R6,East of England,West Suffolk,BSU,50<71,A to F2,0.83900438146733,!,100,77.27,95.238095238095200,,not included,not included,not included,not included
2013-14,R7,London,Central & East London,BSU,50<71,A to F2,0.83298625572678,!,100,87.88,97.740112994350200,,not included,not included,not included,not included
2013-14,R7,London,North London,BSU,50<71,A to F2,0.38934745366765,!,99.32,93.33,97.572815533980500,,not included,not included,not included,not included
2013-14,R7,London,Outer North East London,BSU,50<71,A to F2,1.23010991627316,,99.31,91.3,97.368421052631500,,not included,not included,not included,not included
2013-14,R7,London,South East London,BSU,50<71,A to F2,0.44560144468679,!,100,98.51,99.672131147541000,,not included,not included,not included,not included
2013-14,R7,London,South West London,BSU,50<71,A to F2,0.66489361702128,,99.25,97.85,98.888888888888800,,not included,not included,not included,not included
2013-14,R7,London,West of London,BSU,50<71,A to F2,1.54440154440154,,97.67,73.91,91.901408450704200,,not included,not included,not included,not included
2013-14,R8,South East,Aylesbury & Wycombe,BSU,50<71,A to F2,0.72423398328691,!,100,84.62,97.122302158273300,,not included,not included,not included,not included
2013-14,R8,South East,Canterbury,BSU,50<71,A to F2,0.74343624056032,!,99.45,97.44,99.095022624434300,,not included,not included,not included,not included
2013-14,R8,South East,East Berkshire,BSU,50<71,A to F2,1.01692887479810,!,100,82.76,96.575342465753400,,not included,not included,not included,not included
2013-14,R8,South East,East Sussex/Brighton,BSU,50<71,A to F2,0.63956793632746,!,100,85.71,97.619047619047600,,not included,not included,not included,not included
2013-14,R8,South East,Guildford,BSU,50<71,A to F2,1.44439094848338,,98.48,80.41,94.352941176470500,,not included,not included,not included,not included
2013-14,R8,South East,Isle of Wight,BSU,50<71,A to F2,0.00000000000000,!,100,100,100.000000000000000,,not included,not included,not included,not included
2013-14,R8,South East,Maidstone,BSU,50<71,A to F2,1.19832234871180,!,98.08,82.14,94.696969696969700,,not included,not included,not included,not included
2013-14,R8,South East,Medway,BSU,50<71,A to F2,0.49217442661679,!,99.16,80,95.833333333333300,,not included,not included,not included,not included
2013-14,R8,South East,Milton Keynes,BSU,50<71,A to F2,0.66696309470876,!,96.72,87.5,94.805194805194800,,not included,not included,not included,not included
2013-14,R8,South East,North & Mid Hampshire,BSU,50<71,A to F2,0.87473757872638,!,97.37,61.54,90.714285714285700,,not included,not included,not included,not included
2013-14,R8,South East,Oxford,BSU,50<71,A to F2,0.53174990029689,!,99.38,92.86,97.685185185185100,,not included,not included,not included,not included
2013-14,R8,South East,Portsmouth,BSU,50<71,A to F2,1.50275505092669,,99.33,78.57,94.791666666666600,,not included,not included,not included,not included
2013-14,R8,South East,Southampton & Salisbury,BSU,50<71,A to F2,0.92180891443444,!,99.14,88.24,96.666666666666600,,not included,not included,not included,not included
2013-14,R8,South East,West Berkshire,BSU,50<71,A to F2,0.50150451354062,!,99.12,87.23,95.652173913043400,,not included,not included,not included,not included
2013-14,R8,South East,Worthing,BSU,50<71,A to F2,0.92464170134073,!,100,86.79,97.095435684647300,,not included,not included,not included,not included
2014-15,R1,North East,Gateshead,BSU,50<71,A to F2,0.03323584153151,!,99.44,100,99.532710280373800,,not included,not included,not included,not included
2014-15,R1,North East,Newcastle,BSU,50<71,A to F2,0.19012009252511,!,99.55,97.22,98.986486486486400,,not included,not included,not included,not included
2014-15,R1,North East,North Cumbria,BSU,50<71,A to F2,0.13986992097349,!,100,94.44,99.074074074074000,,not included,not included,not included,not included
2014-15,R1,North East,North Tees,BSU,50<71,A to F2,0.21782424695046,!,100,96.3,99.173553719008200,,not included,not included,not included,not included
2014-15,R10,South West,Avon,BSU,50<71,A to F2,1.10180057409608,,98.81,85,96.166134185303500,,not included,not included,not included,not included
2014-15,R10,South West,Cornwall,BSU,50<71,A to F2,0.05389092476827,!,100,90.91,98.571428571428500,,not included,not included,not included,not included
2014-15,R10,South West,Dorset,BSU,50<71,A to F2,0.91719906382440,,98.68,92.86,97.535211267605600,,not included,not included,not included,not included
2014-15,R10,South West,Gloucestershire,BSU,50<71,A to F2,0.95789611181260,!,98.17,91.84,96.713615023474100,,not included,not included,not included,not included
2014-15,R10,South West,North & East Devon,BSU,50<71,A to F2,0.49449314452686,!,99.24,85.71,95.187165775401000,,not included,not included,not included,not included
2014-15,R10,South West,Somerset,BSU,50<71,A to F2,0.47946300143839,!,98.92,92.59,97.500000000000000,,not included,not included,not included,not included
2014-15,R10,South West,South Devon (Torbay),BSU,50<71,A to F2,0.38138825324180,!,100,100,98.684210526315700,,not included,not included,not included,not included
2014-15,R10,South West,West Devon & East Cornwall,BSU,50<71,A to F2,0.65520891084119,!,99.17,87.8,96.273291925465800,,not included,not included,not included,not included
2014-15,R10,South West,Wiltshire,BSU,50<71,A to F2,0.65942984680937,!,97.5,79.31,94.000000000000000,,not included,not included,not included,not included
2014-15,R2,North West,"Bolton, Bury & Rochdale",BSU,50<71,A to F2,0.40196516301921,!,100,97.44,99.521531100478400,,not included,not included,not included,not included
2014-15,R2,North West,Chester,BSU,50<71,A to F2,0.36284470246734,!,100,82.35,96.250000000000000,,not included,not included,not included,not included
2014-15,R2,North West,Crewe,BSU,50<71,A to F2,0.18744142455483,!,98.44,100,98.734177215189800,,not included,not included,not included,not included
2014-15,R2,North West,East Cheshire & Stockport,BSU,50<71,A to F2,0.56583488937928,!,98.46,91.67,96.987951807228900,,not included,not included,not included,not included
2014-15,R2,North West,East Lancashire,BSU,50<71,A to F2,0.21866287651014,!,100,100,100.000000000000000,,not included,not included,not included,not included
2014-15,R2,North West,Greater Manchester,BSU,50<71,A to F2,0.14313933182560,!,100,96.1,99.109792284866400,,not included,not included,not included,not included
2014-15,R2,North West,Liverpool,BSU,50<71,A to F2,1.27255900046274,,97.21,92.86,96.380090497737500,,not included,not included,not included,not included
2014-15,R2,North West,North Lancashire,BSU,50<71,A to F2,0.73891625615764,!,100,90,97.391304347826100,,not included,not included,not included,not included
2014-15,R2,North West,South Lancashire,BSU,50<71,A to F2,0.44483985765125,!,99.4,93.18,98.095238095238000,,not included,not included,not included,not included
2014-15,R2,North West,Warrington,BSU,50<71,A to F2,0.20766275568477,!,99.15,89.29,97.241379310344800,,not included,not included,not included,not included
2014-15,R2,North West,Wirral,BSU,50<71,A to F2,0.71468276026364,!,100,87.5,96.402877697841700,,not included,not included,not included,not included
2014-15,R3,Yorkshire and the Humber,Barnsley,BSU,50<71,A to F2,0.33791394458211,!,100,100,100.000000000000000,,not included,not included,not included,not included
2014-15,R3,Yorkshire and the Humber,Doncaster,BSU,50<71,A to F2,0.20376282007743,!,100,100,100.000000000000000,,not included,not included,not included,not included
2014-15,R3,Yorkshire and the Humber,Humberside,BSU,50<71,A to F2,0.24950877959018,!,100,97.83,99.559471365638700,,not included,not included,not included,not included
2014-15,R3,Yorkshire and the Humber,Leeds Wakefield,BSU,50<71,A to F2,0.36351519190573,!,100,97.96,99.618320610687000,,not included,not included,not included,not included
2014-15,R3,Yorkshire and the Humber,North Yorkshire,BSU,50<71,A to F2,0.26155757536128,!,99.01,92.86,97.950819672131100,,not included,not included,not included,not included
2014-15,R3,Yorkshire and the Humber,Pennine,BSU,50<71,A to F2,0.23073964876298,!,99.56,94.44,98.327759197324400,,not included,not included,not included,not included
2014-15,R3,Yorkshire and the Humber,Rotherham,BSU,50<71,A to F2,0.10057326762547,!,100,100,100.000000000000000,,not included,not included,not included,not included
2014-15,R3,Yorkshire and the Humber,Sheffield,BSU,50<71,A to F2,0.05642703983749,!,98,88.89,96.062992125984200,,not included,not included,not included,not included
2014-15,R4,East Midlands,Derby City & South Derbyshire,BSU,50<71,A to F2,0.30926924096492,!,100,94.29,98.895027624309300,,not included,not included,not included,not included
2014-15,R4,East Midlands,Kettering,BSU,50<71,A to F2,0.16121231662099,!,98.82,77.27,94.392523364485900,,not included,not included,not included,not included
2014-15,R4,East Midlands,Leicestershire,BSU,50<71,A to F2,0.35000807710947,!,99.18,87.93,97.058823529411700,,not included,not included,not included,not included
2014-15,R4,East Midlands,Lincolnshire,BSU,50<71,A to F2,0.34071550255537,!,100,97.22,99.481865284974000,,not included,not included,not included,not included
2014-15,R4,East Midlands,North Derbyshire & Chesterfield,BSU,50<71,A to F2,0.29261155815655,!,100,85.71,95.652173913043400,,not included,not included,not included,not included
2014-15,R4,East Midlands,North Nottinghamshire,BSU,50<71,A to F2,0.53567602314120,!,100,92.86,98.765432098765400,,not included,not included,not included,not included
2014-15,R4,East Midlands,Northampton,BSU,50<71,A to F2,0.39635354736425,!,98.63,92.59,97.000000000000000,,not included,not included,not included,not included
2014-15,R4,East Midlands,Nottingham City,BSU,50<71,A to F2,0.72202166064982,!,98.31,92.5,97.247706422018300,,not included,not included,not included,not included
2014-15,R5,West Midlands,"City, Sandwell & Walsall",BSU,50<71,A to F2,0.42352371732817,!,100,95.83,98.888888888888800,,not included,not included,not included,not included
2014-15,R5,West Midlands,Dudley & Wolverhampton,BSU,50<71,A to F2,0.99988890123320,!,98.58,77.5,93.922651933701600,,not included,not included,not included,not included
2014-15,R5,West Midlands,Hereford & Worcester,BSU,50<71,A to F2,0.39789117676316,!,99.48,93.02,98.290598290598200,,not included,not included,not included,not included
2014-15,R5,West Midlands,North Staffordshire,BSU,50<71,A to F2,0.23819448579765,!,100,91.89,97.478991596638600,,not included,not included,not included,not included
2014-15,R5,West Midlands,Shropshire,BSU,50<71,A to F2,0.35728640971819,!,99.31,88.37,96.791443850267300,,not included,not included,not included,not included
2014-15,R5,West Midlands,South Birmingham,BSU,50<71,A to F2,0.59483344663494,!,100,84.21,96.590909090909100,,not included,not included,not included,not included
2014-15,R5,West Midlands,South Staffordshire,BSU,50<71,A to F2,0.17056114617090,!,99.37,94.87,98.477157360406000,,not included,not included,not included,not included
2014-15,R5,West Midlands,"Warwickshire, Solihull & Coventry",BSU,50<71,A to F2,0.71493937314116,,99.13,89.86,97.000000000000000,,not included,not included,not included,not included
2014-15,R6,East of England,Bedfordshire & Hertfordshire,BSU,50<71,A to F2,0.60581093852231,,98.74,87.06,95.679012345679000,,not included,not included,not included,not included
2014-15,R6,East of England,Cambridge & Huntingdon,BSU,50<71,A to F2,0.33543914574831,!,99.07,82.14,95.588235294117600,,not included,not included,not included,not included
2014-15,R6,East of England,Colchester & Chelmsford,BSU,50<71,A to F2,0.53630086478514,!,98.91,97.67,98.678414096916300,,not included,not included,not included,not included
2014-15,R6,East of England,East Suffolk,BSU,50<71,A to F2,0.28616397195593,!,97.78,94.44,97.222222222222200,,not included,not included,not included,not included
2014-15,R6,East of England,Epping,BSU,50<71,A to F2,0.49101443582441,!,100,88.89,97.872340425531900,,not included,not included,not included,not included
2014-15,R6,East of England,James Paget,BSU,50<71,A to F2,0.12071463061323,!,100,91.67,98.611111111111100,,not included,not included,not included,not included
2014-15,R6,East of England,Kings Lynn,BSU,50<71,A to F2,0.42712226374800,!,100,91.3,97.560975609756100,,not included,not included,not included,not included
2014-15,R6,East of England,Norfolk & Norwich,BSU,50<71,A to F2,0.27768778636553,!,100,100,100.000000000000000,,not included,not included,not included,not included
2014-15,R6,East of England,Peterborough,BSU,50<71,A to F2,0.23518344308561,!,100,90,97.979797979797900,,not included,not included,not included,not included
2014-15,R6,East of England,South Essex (Southend),BSU,50<71,A to F2,0.49305244285074,!,98.4,91.18,96.855345911949600,,not included,not included,not included,not included
2014-15,R6,East of England,West Suffolk,BSU,50<71,A to F2,0.85421412300683,!,95.77,71.43,90.217391304347800,,not included,not included,not included,not included
2014-15,R7,London,Central & East London,BSU,50<71,A to F2,0.66121454672003,!,98.75,98.08,98.591549295774600,,not included,not included,not included,not included
2014-15,R7,London,North London,BSU,50<71,A to F2,0.39925472451424,!,100,95.96,98.924731182795700,,not included,not included,not included,not included
2014-15,R7,London,Outer North East London,BSU,50<71,A to F2,0.78204066611464,!,100,89.58,97.500000000000000,,not included,not included,not included,not included
2014-15,R7,London,South East London,BSU,50<71,A to F2,0.23246623427947,!,99.61,85.71,97.133757961783400,,not included,not included,not included,not included
2014-15,R7,London,South West London,BSU,50<71,A to F2,0.49936984281740,!,99.33,95.61,98.076923076923000,,not included,not included,not included,not included
2014-15,R7,London,West of London,BSU,50<71,A to F2,1.27075109500892,,96.96,79.66,93.425605536332100,,not included,not included,not included,not included
2014-15,R8,South East,Aylesbury & Wycombe,BSU,50<71,A to F2,0.84844628274472,!,97.71,86.49,95.238095238095200,,not included,not included,not included,not included
2014-15,R8,South East,Canterbury,BSU,50<71,A to F2,1.33155792276964,,98.06,90.48,96.446700507614200,,not included,not included,not included,not included
2014-15,R8,South East,East Berkshire,BSU,50<71,A to F2,0.94043887147335,!,99.29,93.75,98.255813953488300,,not included,not included,not included,not included
2014-15,R8,South East,East Sussex/Brighton,BSU,50<71,A to F2,0.50939191340337,!,98.61,80,94.565217391304300,,not included,not included,not included,not included
2014-15,R8,South East,Guildford,BSU,50<71,A to F2,1.08910217139745,,99.03,91.18,97.080291970802900,,not included,not included,not included,not included
2014-15,R8,South East,Isle of Wight,BSU,50<71,A to F2,0.00000000000000,!,100,100,100.000000000000000,,not included,not included,not included,not included
2014-15,R8,South East,Maidstone,BSU,50<71,A to F2,0.80351072377774,!,99.13,93.33,97.931034482758600,,not included,not included,not included,not included
2014-15,R8,South East,Medway,BSU,50<71,A to F2,1.21077590555947,!,100,70.27,93.167701863354000,,not included,not included,not included,not included
2014-15,R8,South East,Milton Keynes,BSU,50<71,A to F2,0.75196046836395,!,100,100,100.000000000000000,,not included,not included,not included,not included
2014-15,R8,South East,North & Mid Hampshire,BSU,50<71,A to F2,0.34419458467187,!,94.9,89.66,93.700787401574800,,not included,not included,not included,not included
2014-15,R8,South East,Oxford,BSU,50<71,A to F2,0.25527135344872,!,97.84,100,98.265895953757200,,not included,not included,not included,not included
2014-15,R8,South East,Portsmouth,BSU,50<71,A to F2,0.94941000949410,!,97.21,77.78,91.633466135458100,,not included,not included,not included,not included
2014-15,R8,South East,Southampton & Salisbury,BSU,50<71,A to F2,0.87972854090738,!,99.38,92.86,98.029556650246300,,not included,not included,not included,not included
2014-15,R8,South East,West Berkshire,BSU,50<71,A to F2,0.52887158036444,!,100,80.65,96.153846153846100,,not included,not included,not included,not included
2014-15,R8,South East,Worthing,BSU,50<71,A to F2,0.68851125089976,!,100,85.96,96.812749003984000,,not included,not included,not included,not included
2015-16,R1,North East,Gateshead,BSU,50<71,A to F2,0.10919812179231,!,99.46,94.59,98.642533936651500,,not included,not included,not included,not included
2015-16,R1,North East,Newcastle,BSU,50<71,A to F2,0.18488275352048,!,100,100,99.610894941634200,,not included,not included,not included,not included
2015-16,R1,North East,North Cumbria,BSU,50<71,A to F2,0.22735884804850,!,100,92,98.095238095238000,,not included,not included,not included,not included
2015-16,R1,North East,North Tees,BSU,50<71,A to F2,0.16332308027329,!,99.54,94.83,98.555956678700300,,not included,not included,not included,not included
2015-16,R10,South West,Avon,BSU,50<71,A to F2,0.48798340856411,!,98.4,88,96.382428940568400,,not included,not included,not included,not included
2015-16,R10,South West,Cornwall,BSU,50<71,A to F2,0.10698619878036,!,100,87.88,97.333333333333300,,not included,not included,not included,not included
2015-16,R10,South West,Dorset,BSU,50<71,A to F2,0.31068765534383,!,100,93.18,98.818897637795200,,not included,not included,not included,not included
2015-16,R10,South West,Gloucestershire,BSU,50<71,A to F2,0.73773515308004,!,98.24,97.56,98.104265402843600,,not included,not included,not included,not included
2015-16,R10,South West,North & East Devon,BSU,50<71,A to F2,0.57077625570776,!,97.44,73.33,92.517006802721000,,not included,not included,not included,not included
2015-16,R10,South West,Somerset,BSU,50<71,A to F2,0.58419745874105,!,100,86.36,96.407185628742500,,not included,not included,not included,not included
2015-16,R10,South West,South Devon (Torbay),BSU,50<71,A to F2,0.16810960746407,!,100,91.3,98.305084745762700,,not included,not included,not included,not included
2015-16,R10,South West,West Devon & East Cornwall,BSU,50<71,A to F2,0.80270626684250,!,98.37,96.77,98.051948051948000,,not included,not included,not included,not included
2015-16,R10,South West,Wiltshire,BSU,50<71,A to F2,0.67959405581733,!,97.26,75.76,93.296089385474800,,not included,not included,not included,not included
2015-16,R2,North West,"Bolton, Bury & Rochdale",BSU,50<71,A to F2,0.23636005515068,!,100,96.15,99.024390243902400,,not included,not included,not included,not included
2015-16,R2,North West,Chester,BSU,50<71,A to F2,0.17988846914913,!,100,100,100.000000000000000,,not included,not included,not included,not included
2015-16,R2,North West,Crewe,BSU,50<71,A to F2,0.54500862930330,!,98.18,100,98.550724637681100,,not included,not included,not included,not included
2015-16,R2,North West,East Cheshire & Stockport,BSU,50<71,A to F2,0.31849162367030,!,99.02,96.88,98.507462686567100,,not included,not included,not included,not included
2015-16,R2,North West,East Lancashire,BSU,50<71,A to F2,0.27173913043478,!,99.1,91.3,97.761194029850700,,not included,not included,not included,not included
2015-16,R2,North West,Greater Manchester,BSU,50<71,A to F2,0.17204301075269,!,97.9,98.33,97.976878612716700,,not included,not included,not included,not included
2015-16,R2,North West,Liverpool,BSU,50<71,A to F2,0.54003456221198,!,100,93.48,98.723404255319100,,not included,not included,not included,not included
2015-16,R2,North West,North Lancashire,BSU,50<71,A to F2,0.58125051897368,!,100,91.49,98.048780487804800,,not included,not included,not included,not included
2015-16,R2,North West,South Lancashire,BSU,50<71,A to F2,0.46453291215683,!,98.66,87.5,97.575757575757500,,not included,not included,not included,not included
2015-16,R2,North West,Warrington,BSU,50<71,A to F2,0.29769288017862,!,97.64,88.24,95.652173913043400,,not included,not included,not included,not included
2015-16,R2,North West,Wirral,BSU,50<71,A to F2,1.37636776546693,!,99.05,94.59,97.902097902097900,,not included,not included,not included,not included
2015-16,R3,Yorkshire and the Humber,Barnsley,BSU,50<71,A to F2,0.00000000000000,!,97.92,90.91,96.610169491525400,,not included,not included,not included,not included
2015-16,R3,Yorkshire and the Humber,Doncaster,BSU,50<71,A to F2,0.06200396825397,!,99.09,95.24,98.473282442748000,,not included,not included,not included,not included
2015-16,R3,Yorkshire and the Humber,Humberside,BSU,50<71,A to F2,0.31305763391040,!,100,87.5,97.863247863247800,,not included,not included,not included,not included
2015-16,R3,Yorkshire and the Humber,Leeds Wakefield,BSU,50<71,A to F2,0.44714484862832,!,99.11,92.65,97.610921501706400,,not included,not included,not included,not included
2015-16,R3,Yorkshire and the Humber,North Yorkshire,BSU,50<71,A to F2,0.35989347153243,!,99.45,91.3,97.816593886462800,,not included,not included,not included,not included
2015-16,R3,Yorkshire and the Humber,Pennine,BSU,50<71,A to F2,0.21626882214593,!,99.58,89.41,96.894409937888200,,not included,not included,not included,not included
2015-16,R3,Yorkshire and the Humber,Rotherham,BSU,50<71,A to F2,0.11853959222380,!,100,71.43,95.652173913043400,,not included,not included,not included,not included
2015-16,R3,Yorkshire and the Humber,Sheffield,BSU,50<71,A to F2,0.00000000000000,!,99.01,100,99.212598425196800,,not included,not included,not included,not included
2015-16,R4,East Midlands,Derby City & South Derbyshire,BSU,50<71,A to F2,0.16868384430481,!,100,96,99.047619047619000,,not included,not included,not included,not included
2015-16,R4,East Midlands,Kettering,BSU,50<71,A to F2,0.45492455834407,!,100,88.46,97.478991596638600,,not included,not included,not included,not included
2015-16,R4,East Midlands,Leicestershire,BSU,50<71,A to F2,0.54126427940632,!,99.59,94.44,98.648648648648600,,not included,not included,not included,not included
2015-16,R4,East Midlands,Lincolnshire,BSU,50<71,A to F2,0.21404764088922,!,100,88.46,97.744360902255600,,not included,not included,not included,not included
2015-16,R4,East Midlands,Milton Keynes,BSU,50<71,A to F2,0.76486013986014,!,98.44,80,97.101449275362300,,not included,not included,not included,not included
2015-16,R4,East Midlands,North Derbyshire & Chesterfield,BSU,50<71,A to F2,0.20752628666298,!,100,92,98.181818181818100,,not included,not included,not included,not included
2015-16,R4,East Midlands,North Nottinghamshire,BSU,50<71,A to F2,0.20466639377814,!,100,91.67,98.437500000000000,,not included,not included,not included,not included
2015-16,R4,East Midlands,Northampton,BSU,50<71,A to F2,0.33435870001337,!,100,100,100.000000000000000,,not included,not included,not included,not included
2015-16,R4,East Midlands,Nottingham City,BSU,50<71,A to F2,0.49566294919455,!,99.38,97.67,99.019607843137200,,not included,not included,not included,not included
2015-16,R5,West Midlands,"City, Sandwell & Walsall",BSU,50<71,A to F2,0.39373655995396,!,99.49,97.5,99.159663865546200,,not included,not included,not included,not included
2015-16,R5,West Midlands,Dudley & Wolverhampton,BSU,50<71,A to F2,1.14080834419817,!,99.28,71.43,94.578313253012000,,not included,not included,not included,not included
2015-16,R5,West Midlands,Hereford & Worcester,BSU,50<71,A to F2,0.32993401319736,!,100,92.31,98.431372549019600,,not included,not included,not included,not included
2015-16,R5,West Midlands,North Staffordshire,BSU,50<71,A to F2,0.57051574623460,!,100,94.74,98.701298701298700,,not included,not included,not included,not included
2015-16,R5,West Midlands,Shropshire,BSU,50<71,A to F2,0.25998336106489,!,98.67,90.63,97.252747252747200,,not included,not included,not included,not included
2015-16,R5,West Midlands,South Birmingham,BSU,50<71,A to F2,0.84080717488789,!,100,95.83,98.901098901098900,,not included,not included,not included,not included
2015-16,R5,West Midlands,South Staffordshire,BSU,50<71,A to F2,0.32458499489938,!,99.32,96.97,98.895027624309300,,not included,not included,not included,not included
2015-16,R5,West Midlands,"Warwickshire, Solihull & Coventry",BSU,50<71,A to F2,0.39768208158164,!,99.6,90.28,97.523219814241400,,not included,not included,not included,not included
2015-16,R6,East of England,Bedfordshire & Hertfordshire,BSU,50<71,A to F2,0.66431806743835,,98.28,85.9,95.652173913043400,,not included,not included,not included,not included
2015-16,R6,East of England,Cambridge & Huntingdon,BSU,50<71,A to F2,0.43491767629699,!,98.98,93.33,97.656250000000000,,not included,not included,not included,not included
2015-16,R6,East of England,Colchester & Chelmsford,BSU,50<71,A to F2,0.11471397981034,!,100,95.45,99.004975124378100,,not included,not included,not included,not included
2015-16,R6,East of England,East Suffolk,BSU,50<71,A to F2,0.35893754486719,!,100,96.3,99.029126213592200,,not included,not included,not included,not included
2015-16,R6,East of England,Epping,BSU,50<71,A to F2,0.09829942003342,!,98.67,100,98.837209302325500,,not included,not included,not included,not included
2015-16,R6,East of England,James Paget,BSU,50<71,A to F2,0.42826552462527,!,100,100,100.000000000000000,,not included,not included,not included,not included
2015-16,R6,East of England,Kings Lynn,BSU,50<71,A to F2,0.69300069300069,!,100,100,100.000000000000000,,not included,not included,not included,not included
2015-16,R6,East of England,Norfolk & Norwich,BSU,50<71,A to F2,0.40118751504453,!,100,91.3,98.757763975155200,,not included,not included,not included,not included
2015-16,R6,East of England,Peterborough,BSU,50<71,A to F2,0.28232636928289,!,100,89.47,98.260869565217300,,not included,not included,not included,not included
2015-16,R6,East of England,South Essex (Southend),BSU,50<71,A to F2,0.34224808096612,!,98.45,96.3,98.076923076923000,,not included,not included,not included,not included
2015-16,R6,East of England,West Suffolk,BSU,50<71,A to F2,1.14329268292682,!,98.46,87.5,96.296296296296200,,not included,not included,not included,not included
2015-16,R7,London,Central & East London,BSU,50<71,A to F2,0.62875888463641,!,99.55,92,98.148148148148100,,not included,not included,not included,not included
2015-16,R7,London,North London,BSU,50<71,A to F2,0.20092425155716,!,99.66,96.58,98.771498771498700,,not included,not included,not included,not included
2015-16,R7,London,Outer North East London,BSU,50<71,A to F2,0.66009323816989,!,100,89.13,97.395833333333300,,not included,not included,not included,not included
2015-16,R7,London,South East London,BSU,50<71,A to F2,0.20671834625323,!,99.59,96.34,98.776758409785900,,not included,not included,not included,not included
2015-16,R7,London,South West London,BSU,50<71,A to F2,0.67693349128448,!,99.58,93.83,98.107255520504700,,not included,not included,not included,not included
2015-16,R7,London,West of London,BSU,50<71,A to F2,1.15576102418207,,99.46,90.16,97.154471544715400,,not included,not included,not included,not included
2015-16,R8,South East,Aylesbury & Wycombe,BSU,50<71,A to F2,0.74217857958438,!,98.58,78.57,93.989071038251300,,not included,not included,not included,not included
2015-16,R8,South East,Canterbury,BSU,50<71,A to F2,0.46763571178052,!,100,97.14,99.555555555555500,,not included,not included,not included,not included
2015-16,R8,South East,East Berkshire,BSU,50<71,A to F2,0.76555023923445,!,100,86.36,97.761194029850700,,not included,not included,not included,not included
2015-16,R8,South East,East Sussex/Brighton,BSU,50<71,A to F2,0.59992500937383,!,98.94,73.58,93.360995850622400,,not included,not included,not included,not included
2015-16,R8,South East,Guildford,BSU,50<71,A to F2,0.87978524216653,,98.54,82.24,94.666666666666600,,not included,not included,not included,not included
2015-16,R8,South East,Isle of Wight,BSU,50<71,A to F2,0.24931438544004,!,94.34,78.57,91.044776119402900,,not included,not included,not included,not included
2015-16,R8,South East,Maidstone,BSU,50<71,A to F2,0.97618117922686,!,98.11,85.71,95.522388059701400,,not included,not included,not included,not included
2015-16,R8,South East,Medway,BSU,50<71,A to F2,0.54335521847408,!,100,85.19,97.905759162303600,,not included,not included,not included,not included
2015-16,R8,South East,North & Mid Hampshire,BSU,50<71,A to F2,0.66413662239089,!,100,88.1,96.932515337423300,,not included,not included,not included,not included
2015-16,R8,South East,Oxford,BSU,50<71,A to F2,0.35402929592424,!,99.21,87.5,95.977011494252800,,not included,not included,not included,not included
2015-16,R8,South East,Portsmouth,BSU,50<71,A to F2,0.95279341706366,!,99.33,78.57,94.791666666666600,,not included,not included,not included,not included
2015-16,R8,South East,Southampton & Salisbury,BSU,50<71,A to F2,1.03831377842383,,99.56,94.34,98.586572438162500,,not included,not included,not included,not included
2015-16,R8,South East,West Berkshire,BSU,50<71,A to F2,0.66723280359093,!,99,89.29,96.875000000000000,,not included,not included,not included,not included
2015-16,R8,South East,Worthing,BSU,50<71,A to F2,0.41477794566409,!,98.16,74,93.632958801498100,,not included,not included,not included,not included
2016-17,R1,North East,Gateshead,BSU,50<71,A to F2,0.09460737937559,!,99.47,100,99.549549549549500,,not included,not included,not included,not included
2016-17,R1,North East,Newcastle,BSU,50<71,A to F2,0.22928548909461,!,99.14,96.61,98.630136986301300,,not included,not included,not included,not included
2016-17,R1,North East,North Cumbria,BSU,50<71,A to F2,0.00000000000000,!,100,100,100.000000000000000,,not included,not included,not included,not included
2016-17,R1,North East,North Tees,BSU,50<71,A to F2,0.20108008732621,!,100,95.16,98.951048951048900,,not included,not included,not included,not included
2016-17,R10,South West,Avon,BSU,50<71,A to F2,0.64977257959714,,100,89.23,97.859327217125300,,not included,not included,not included,not included
2016-17,R10,South West,Cornwall,BSU,50<71,A to F2,0.17975912277548,!,100,93.94,98.561151079136600,,not included,not included,not included,not included
2016-17,R10,South West,Dorset,BSU,50<71,A to F2,0.37277499922339,!,100,92.19,98.207885304659500,,not included,not included,not included,not included
2016-17,R10,South West,Gloucestershire,BSU,50<71,A to F2,0.73456336689280,!,100,90.24,98.019801980198000,,not included,not included,not included,not included
2016-17,R10,South West,North & East Devon,BSU,50<71,A to F2,0.21944261575598,!,98.35,76.74,92.682926829268300,,not included,not included,not included,not included
2016-17,R10,South West,Somerset,BSU,50<71,A to F2,0.25380710659898,!,99.33,84.62,97.142857142857100,,not included,not included,not included,not included
2016-17,R10,South West,South Devon (Torbay),BSU,50<71,A to F2,0.51639555899819,!,100,89.47,97.727272727272700,,not included,not included,not included,not included
2016-17,R10,South West,Southampton & Salisbury,BSU,50<71,A to F2,0.66675556740899,!,97.89,84.21,95.614035087719300,,not included,not included,not included,not included
2016-17,R10,South West,West Devon & East Cornwall,BSU,50<71,A to F2,1.61057425302676,,98.06,84.62,94.366197183098500,,not included,not included,not included,not included
2016-17,R10,South West,Wiltshire,BSU,50<71,A to F2,0.36286116024856,!,99.28,90.63,97.674418604651100,,not included,not included,not included,not included
2016-17,R2,North West,"Bolton, Bury & Rochdale",BSU,50<71,A to F2,0.24703557312253,!,100,96.23,99.115044247787600,,not included,not included,not included,not included
2016-17,R2,North West,Chester,BSU,50<71,A to F2,0.00000000000000,!,100,100,100.000000000000000,,not included,not included,not included,not included
2016-17,R2,North West,Crewe,BSU,50<71,A to F2,0.08851124092760,!,94.92,100,95.890410958904100,,not included,not included,not included,not included
2016-17,R2,North West,East Cheshire & Stockport,BSU,50<71,A to F2,0.27344818156959,!,99.25,96.15,98.742138364779800,,not included,not included,not included,not included
2016-17,R2,North West,East Lancashire,BSU,50<71,A to F2,0.10989614814001,!,99.29,96.67,98.830409356725100,,not included,not included,not included,not included
2016-17,R2,North West,Greater Manchester,BSU,50<71,A to F2,0.10732838191731,!,98.75,98.15,98.666666666666600,,not included,not included,not included,not included
2016-17,R2,North West,Liverpool,BSU,50<71,A to F2,0.35431295497004,!,99.45,97.62,99.107142857142800,,not included,not included,not included,not included
2016-17,R2,North West,North Lancashire,BSU,50<71,A to F2,0.31562667676672,!,100,96.36,99.298245614035000,,not included,not included,not included,not included
2016-17,R2,North West,South Lancashire,BSU,50<71,A to F2,0.45407636738906,!,99.28,97.14,98.843930635838100,,not included,not included,not included,not included
2016-17,R2,North West,Warrington,BSU,50<71,A to F2,0.56622469683386,!,98.57,90.91,96.410256410256400,,not included,not included,not included,not included
2016-17,R2,North West,Wirral,BSU,50<71,A to F2,0.75392038600724,!,100,83.33,96.850393700787400,,not included,not included,not included,not included
2016-17,R3,Yorkshire and the Humber,Barnsley,BSU,50<71,A to F2,0.00000000000000,!,100,92.86,98.550724637681100,,not included,not included,not included,not included
2016-17,R3,Yorkshire and the Humber,Doncaster,BSU,50<71,A to F2,0.00000000000000,!,100,93.33,99.082568807339400,,not included,not included,not included,not included
2016-17,R3,Yorkshire and the Humber,Humberside,BSU,50<71,A to F2,0.15229199451749,!,99.58,95.35,98.939929328621900,,not included,not included,not included,not included
2016-17,R3,Yorkshire and the Humber,Leeds Wakefield,BSU,50<71,A to F2,0.59483574422063,!,99.61,91.04,97.826086956521700,,not included,not included,not included,not included
2016-17,R3,Yorkshire and the Humber,North Yorkshire,BSU,50<71,A to F2,0.21137180300148,!,100,93.88,98.728813559322000,,not included,not included,not included,not included
2016-17,R3,Yorkshire and the Humber,Pennine,BSU,50<71,A to F2,0.41124460241459,!,98.21,91.53,96.808510638297800,,not included,not included,not included,not included
2016-17,R3,Yorkshire and the Humber,Rotherham,BSU,50<71,A to F2,0.20242914979757,!,97.62,87.5,96.739130434782600,,not included,not included,not included,not included
2016-17,R3,Yorkshire and the Humber,Sheffield,BSU,50<71,A to F2,0.05838734162434,!,100,96,99.350649350649300,,not included,not included,not included,not included
2016-17,R4,East Midlands,Derby City & South Derbyshire,BSU,50<71,A to F2,0.46472720513059,!,100,89.13,97.142857142857100,,not included,not included,not included,not included
2016-17,R4,East Midlands,Kettering,BSU,50<71,A to F2,0.22311468094601,!,100,87.5,97.979797979797900,,not included,not included,not included,not included
2016-17,R4,East Midlands,Leicestershire,BSU,50<71,A to F2,0.14431680424869,!,99.53,94.55,98.518518518518500,,not included,not included,not included,not included
2016-17,R4,East Midlands,Lincolnshire,BSU,50<71,A to F2,0.08165931732811,!,99.37,93.75,98.421052631578900,,not included,not included,not included,not included
2016-17,R4,East Midlands,Milton Keynes,BSU,50<71,A to F2,0.10803802938634,!,98.44,92.86,97.435897435897400,,not included,not included,not included,not included
2016-17,R4,East Midlands,North Derbyshire & Chesterfield,BSU,50<71,A to F2,0.34025178632188,!,100,88.89,98.260869565217300,,not included,not included,not included,not included
2016-17,R4,East Midlands,North Nottinghamshire,BSU,50<71,A to F2,0.21388086835633,!,100,75,94.915254237288100,,not included,not included,not included,not included
2016-17,R4,East Midlands,Northampton,BSU,50<71,A to F2,0.36390101892285,!,100,91.3,98.400000000000000,,not included,not included,not included,not included
2016-17,R4,East Midlands,Nottingham City,BSU,50<71,A to F2,0.43742792380801,!,100,96.55,99.462365591397800,,not included,not included,not included,not included
2016-17,R5,West Midlands,"City, Sandwell & Walsall",BSU,50<71,A to F2,0.20201437187960,!,100,100,100.000000000000000,,not included,not included,not included,not included
2016-17,R5,West Midlands,Dudley & Wolverhampton,BSU,50<71,A to F2,0.93437396944047,!,100,83.78,96.250000000000000,,not included,not included,not included,not included
2016-17,R5,West Midlands,Hereford & Worcester,BSU,50<71,A to F2,0.45727724065848,!,99.07,94.12,98.387096774193500,,not included,not included,not included,not included
2016-17,R5,West Midlands,North Staffordshire,BSU,50<71,A to F2,0.33702185024996,!,99.16,93.18,97.546012269938600,,not included,not included,not included,not included
2016-17,R5,West Midlands,Shropshire,BSU,50<71,A to F2,0.16770082173403,!,100,90,98.518518518518500,,not included,not included,not included,not included
2016-17,R5,West Midlands,South Birmingham,BSU,50<71,A to F2,0.15544846883258,!,97.67,100,98.165137614678900,,not included,not included,not included,not included
2016-17,R5,West Midlands,South Staffordshire,BSU,50<71,A to F2,0.18679368637340,!,100,89.66,98.235294117647000,,not included,not included,not included,not included
2016-17,R5,West Midlands,"Warwickshire, Solihull & Coventry",BSU,50<71,A to F2,0.33560512185048,!,100,92.96,98.470948012232400,,not included,not included,not included,not included
2016-17,R6,East of England,Bedfordshire & Hertfordshire,BSU,50<71,A to F2,0.24442982043809,!,99.09,97.47,98.771498771498700,,not included,not included,not included,not included
2016-17,R6,East of England,Cambridge & Huntingdon,BSU,50<71,A to F2,0.17756732761172,!,100,90.91,98.461538461538400,,not included,not included,not included,not included
2016-17,R6,East of England,Colchester & Chelmsford,BSU,50<71,A to F2,0.21196170558519,!,100,97.37,99.468085106382900,,not included,not included,not included,not included
2016-17,R6,East of England,East Suffolk,BSU,50<71,A to F2,0.12061998673180,!,99.03,83.33,96.694214876033000,,not included,not included,not included,not included
2016-17,R6,East of England,Epping,BSU,50<71,A to F2,0.09674922600619,!,100,100,100.000000000000000,,not included,not included,not included,not included
2016-17,R6,East of England,James Paget,BSU,50<71,A to F2,0.00000000000000,!,100,90,98.507462686567100,,not included,not included,not included,not included
2016-17,R6,East of England,Kings Lynn,BSU,50<71,A to F2,0.82304526748971,!,100,87.5,96.610169491525400,,not included,not included,not included,not included
2016-17,R6,East of England,Norfolk & Norwich,BSU,50<71,A to F2,0.13452311555536,!,99.26,94.44,98.701298701298700,,not included,not included,not included,not included
2016-17,R6,East of England,Peterborough,BSU,50<71,A to F2,0.20354162426216,!,100,100,100.000000000000000,,not included,not included,not included,not included
2016-17,R6,East of England,South Essex (Southend),BSU,50<71,A to F2,0.33755274261603,!,98.7,87.5,97.191011235955000,,not included,not included,not included,not included
2016-17,R6,East of England,West Suffolk,BSU,50<71,A to F2,0.43245113302197,!,97.4,66.67,91.578947368421000,,not included,not included,not included,not included
2016-17,R7,London,Central & East London,BSU,50<71,A to F2,0.37758409112363,!,98.98,96.97,98.479087452471400,,not included,not included,not included,not included
2016-17,R7,London,North London,BSU,50<71,A to F2,0.27436347673398,!,99.68,92,97.836538461538400,,not included,not included,not included,not included
2016-17,R7,London,Outer North East London,BSU,50<71,A to F2,0.80150683284575,!,99.17,90,96.894409937888200,,not included,not included,not included,not included
2016-17,R7,London,South East London,BSU,50<71,A to F2,0.21520185934406,!,100,95.52,99.104477611940300,,not included,not included,not included,not included
2016-17,R7,London,South West London,BSU,50<71,A to F2,0.78375489846812,,99.62,88.99,96.505376344086000,,not included,not included,not included,not included
2016-17,R7,London,West of London,BSU,50<71,A to F2,0.83711196372515,,100,87.5,97.178683385579900,,not included,not included,not included,not included
2016-17,R8,South East,Aylesbury & Wycombe,BSU,50<71,A to F2,0.51861840058085,!,100,82.22,95.061728395061700,,not included,not included,not included,not included
2016-17,R8,South East,Canterbury,BSU,50<71,A to F2,1.19064800115456,,99.56,86.36,97.416974169741600,,not included,not included,not included,not included
2016-17,R8,South East,East Berkshire,BSU,50<71,A to F2,0.70440573770492,!,100,100,100.000000000000000,,not included,not included,not included,not included
2016-17,R8,South East,East Sussex/Brighton,BSU,50<71,A to F2,0.46972105795635,!,100,87.23,97.087378640776700,,not included,not included,not included,not included
2016-17,R8,South East,Guildford,BSU,50<71,A to F2,0.88946740427378,,99.41,89.08,96.724890829694300,,not included,not included,not included,not included
2016-17,R8,South East,Isle of Wight,BSU,50<71,A to F2,0.13264358668258,!,100,91.67,98.305084745762700,,not included,not included,not included,not included
2016-17,R8,South East,Maidstone,BSU,50<71,A to F2,1.30931182570440,,100,90.63,98.265895953757200,,not included,not included,not included,not included
2016-17,R8,South East,Medway,BSU,50<71,A to F2,0.35593521979000,!,99.3,81.82,96.000000000000000,,not included,not included,not included,not included
2016-17,R8,South East,North & Mid Hampshire,BSU,50<71,A to F2,0.79105579580213,!,98.35,84.09,94.545454545454500,,not included,not included,not included,not included
2016-17,R8,South East,Oxford,BSU,50<71,A to F2,0.13244448368725,!,100,92.11,98.136645962732900,,not included,not included,not included,not included
2016-17,R8,South East,Portsmouth,BSU,50<71,A to F2,1.67821567778258,,99.17,76.19,93.251533742331200,,not included,not included,not included,not included
2016-17,R8,South East,West Berkshire,BSU,50<71,A to F2,0.56123721626341,!,98.94,91.3,96.610169491525400,,not included,not included,not included,not included
2016-17,R8,South East,Worthing,BSU,50<71,A to F2,0.19616818152096,!,99.47,90.7,97.826086956521700,,not included,not included,not included,not included
2017-18,R1,North East,Gateshead,BSU,50<71,A to F2,0.16163444753346,!,98.8,98.04,98.165137614678900,,not included,not included,not included,not included
2017-18,R1,North East,Newcastle,BSU,50<71,A to F2,0.12435490891003,!,100,96.83,99.319727891156400,,not included,not included,not included,not included
2017-18,R1,North East,North Cumbria,BSU,50<71,A to F2,0.29684601113173,!,100,100,100.000000000000000,,not included,not included,not included,not included
2017-18,R1,North East,North Tees,BSU,50<71,A to F2,0.13918271907360,!,100,93.85,98.360655737704900,,not included,not included,not included,not included
2017-18,R10,South West,Avon,BSU,50<71,A to F2,0.49659282147488,!,98.84,89.19,96.696696696696600,,not included,not included,not included,not included
2017-18,R10,South West,Cornwall,BSU,50<71,A to F2,0.11658408627222,!,100,97.14,99.333333333333300,,not included,not included,not included,not included
2017-18,R10,South West,Dorset,BSU,50<71,A to F2,0.50933277406597,!,98.11,91.67,96.726190476190400,,not included,not included,not included,not included
2017-18,R10,South West,Gloucestershire,BSU,50<71,A to F2,0.60182956186808,!,98.7,90.7,96.954314720812100,,not included,not included,not included,not included
2017-18,R10,South West,North & East Devon,BSU,50<71,A to F2,0.17636684303351,!,100,84.85,97.206703910614500,,not included,not included,not included,not included
2017-18,R10,South West,Somerset,BSU,50<71,A to F2,0.33398274422488,!,100,92.86,99.122807017543800,,not included,not included,not included,not included
2017-18,R10,South West,South Devon (Torbay),BSU,50<71,A to F2,0.27570995312931,!,100,82.35,94.936708860759500,,not included,not included,not included,not included
2017-18,R10,South West,Southampton & Salisbury,BSU,50<71,A to F2,0.24145840878909,!,98.84,92.86,97.379912663755400,,not included,not included,not included,not included
2017-18,R10,South West,West Devon & East Cornwall,BSU,50<71,A to F2,0.95133186461045,!,100,85.71,97.087378640776700,,not included,not included,not included,not included
2017-18,R10,South West,Wiltshire,BSU,50<71,A to F2,0.65811122079631,!,98.67,78.79,95.081967213114700,,not included,not included,not included,not included
2017-18,R2,North West,"Bolton, Bury & Rochdale",BSU,50<71,A to F2,0.09820770930518,!,100,94.74,98.830409356725100,,not included,not included,not included,not included
2017-18,R2,North West,Chester,BSU,50<71,A to F2,0.23364485981308,!,100,100,100.000000000000000,,not included,not included,not included,not included
2017-18,R2,North West,Crewe,BSU,50<71,A to F2,0.36476381542951,!,100,86.36,96.808510638297800,,not included,not included,not included,not included
2017-18,R2,North West,East Cheshire & Stockport,BSU,50<71,A to F2,0.11468547508458,!,100,95.24,99.230769230769200,,not included,not included,not included,not included
2017-18,R2,North West,East Lancashire,BSU,50<71,A to F2,0.28283742504808,!,100,87.88,97.122302158273300,,not included,not included,not included,not included
2017-18,R2,North West,Greater Manchester,BSU,50<71,A to F2,0.27227183620126,!,98.75,95.16,98.013245033112500,,not included,not included,not included,not included
2017-18,R2,North West,Liverpool,BSU,50<71,A to F2,0.26093115145190,!,98.89,91.84,97.379912663755400,,not included,not included,not included,not included
2017-18,R2,North West,North Lancashire,BSU,50<71,A to F2,0.34429872609471,!,99.49,96,98.529411764705800,,not included,not included,not included,not included
2017-18,R2,North West,South Lancashire,BSU,50<71,A to F2,0.33902614739162,!,100,100,99.450549450549400,,not included,not included,not included,not included
2017-18,R2,North West,Warrington,BSU,50<71,A to F2,0.59262185786952,!,98.48,89.13,96.067415730337000,,not included,not included,not included,not included
2017-18,R2,North West,Wirral,BSU,50<71,A to F2,0.31082446188515,!,100,81.48,95.652173913043400,,not included,not included,not included,not included
2017-18,R3,Yorkshire and the Humber,Barnsley,BSU,50<71,A to F2,0.00000000000000,!,98.08,100,98.214285714285700,,not included,not included,not included,not included
2017-18,R3,Yorkshire and the Humber,Doncaster,BSU,50<71,A to F2,0.06608511763151,!,99.12,100,99.242424242424200,,not included,not included,not included,not included
2017-18,R3,Yorkshire and the Humber,Humberside,BSU,50<71,A to F2,0.11692487576732,!,100,97.5,99.532710280373800,,not included,not included,not included,not included
2017-18,R3,Yorkshire and the Humber,Leeds Wakefield,BSU,50<71,A to F2,0.43983110485574,!,98.72,98.44,98.657718120805300,,not included,not included,not included,not included
2017-18,R3,Yorkshire and the Humber,North Yorkshire,BSU,50<71,A to F2,0.25595904655255,!,98.96,95.92,98.347107438016500,,not included,not included,not included,not included
2017-18,R3,Yorkshire and the Humber,Pennine,BSU,50<71,A to F2,0.19607293913336,!,98.96,93.51,97.397769516728600,,not included,not included,not included,not included
2017-18,R3,Yorkshire and the Humber,Rotherham,BSU,50<71,A to F2,0.00000000000000,!,100,100,100.000000000000000,,not included,not included,not included,not included
2017-18,R3,Yorkshire and the Humber,Sheffield,BSU,50<71,A to F2,0.22668026748272,!,99.05,93.55,97.794117647058800,,not included,not included,not included,not included
2017-18,R4,East Midlands,Derby City & South Derbyshire,BSU,50<71,A to F2,0.22502250225023,!,100,85,96.498054474708100,,not included,not included,not included,not included
2017-18,R4,East Midlands,Kettering,BSU,50<71,A to F2,0.70252127078292,!,100,78.57,96.666666666666600,,not included,not included,not included,not included
2017-18,R4,East Midlands,Leicestershire,BSU,50<71,A to F2,0.35053659062719,!,100,90.2,98.257839721254300,,not included,not included,not included,not included
2017-18,R4,East Midlands,Lincolnshire,BSU,50<71,A to F2,0.08283974651038,!,98.77,95.12,98.039215686274500,,not included,not included,not included,not included
2017-18,R4,East Midlands,Milton Keynes,BSU,50<71,A to F2,0.42767026622474,!,100,100,100.000000000000000,,not included,not included,not included,not included
2017-18,R4,East Midlands,North Derbyshire & Chesterfield,BSU,50<71,A to F2,0.06795786612300,!,100,96.77,99.230769230769200,,not included,not included,not included,not included
2017-18,R4,East Midlands,North Nottinghamshire,BSU,50<71,A to F2,0.11095084877399,!,100,100,100.000000000000000,,not included,not included,not included,not included
2017-18,R4,East Midlands,Northampton,BSU,50<71,A to F2,0.37873049537949,!,100,96.67,99.173553719008200,,not included,not included,not included,not included
2017-18,R4,East Midlands,Nottingham City,BSU,50<71,A to F2,0.07651109410865,!,100,97.06,99.528301886792400,,not included,not included,not included,not included
2017-18,R5,West Midlands,"City, Sandwell & Walsall",BSU,50<71,A to F2,0.25914195220271,!,99.5,100,99.603174603174600,,not included,not included,not included,not included
2017-18,R5,West Midlands,Dudley & Wolverhampton,BSU,50<71,A to F2,0.99441597185038,,99.45,87.5,96.969696969696900,,not included,not included,not included,not included
2017-18,R5,West Midlands,Hereford & Worcester,BSU,50<71,A to F2,0.39437360326016,!,99.14,94.34,98.245614035087700,,not included,not included,not included,not included
2017-18,R5,West Midlands,North Staffordshire,BSU,50<71,A to F2,0.38826574633305,!,100,96,98.907103825136600,,not included,not included,not included,not included
2017-18,R5,West Midlands,Shropshire,BSU,50<71,A to F2,0.27591281155155,!,100,89.19,97.687861271676300,,not included,not included,not included,not included
2017-18,R5,West Midlands,South Birmingham,BSU,50<71,A to F2,0.08248102936325,!,100,91.67,97.916666666666600,,not included,not included,not included,not included
2017-18,R5,West Midlands,"Warwickshire, Solihull & Coventry",BSU,50<71,A to F2,0.47649301143583,!,99.12,87.8,97.388059701492500,,not included,not included,not included,not included
2017-18,R6,East of England,Bedfordshire & Hertfordshire,BSU,50<71,A to F2,0.14168032869836,!,99.29,85.92,96.610169491525400,,not included,not included,not included,not included
2017-18,R6,East of England,Cambridge & Huntingdon,BSU,50<71,A to F2,0.44575695102246,!,99.15,96.43,98.620689655172400,,not included,not included,not included,not included
2017-18,R6,East of England,Colchester & Chelmsford,BSU,50<71,A to F2,0.17903179604698,!,99.49,87.88,97.816593886462800,,not included,not included,not included,not included
2017-18,R6,East of England,East Suffolk,BSU,50<71,A to F2,0.06735821096592,!,100,100,100.000000000000000,,not included,not included,not included,not included
2017-18,R6,East of England,Epping,BSU,50<71,A to F2,0.19860973187686,!,100,100,100.000000000000000,,not included,not included,not included,not included
2017-18,R6,East of England,James Paget,BSU,50<71,A to F2,0.26413100898045,!,97.56,85.71,94.545454545454500,,not included,not included,not included,not included
2017-18,R6,East of England,Kings Lynn,BSU,50<71,A to F2,0.56902241948333,!,100,100,100.000000000000000,,not included,not included,not included,not included
2017-18,R6,East of England,Norfolk & Norwich,BSU,50<71,A to F2,0.19664716582272,!,99.31,100,99.418604651162800,,not included,not included,not included,not included
2017-18,R6,East of England,Peterborough,BSU,50<71,A to F2,0.32320620555915,!,98.78,100,98.913043478260800,,not included,not included,not included,not included
2017-18,R6,East of England,South Essex (Southend),BSU,50<71,A to F2,0.16785564414603,!,99.35,96.43,98.907103825136600,,not included,not included,not included,not included
2017-18,R6,East of England,West Suffolk,BSU,50<71,A to F2,0.46654847438649,!,100,66.67,94.029850746268600,,not included,not included,not included,not included
2017-18,R7,London,Central & East London,BSU,50<71,A to F2,0.44031526573026,!,98.37,100,98.780487804878000,,not included,not included,not included,not included
2017-18,R7,London,North London,BSU,50<71,A to F2,0.23795831763469,!,100,97,99.285714285714200,,not included,not included,not included,not included
2017-18,R7,London,Outer North East London,BSU,50<71,A to F2,0.63203134875490,!,100,97.3,99.468085106382900,,not included,not included,not included,not included
2017-18,R7,London,South East London,BSU,50<71,A to F2,0.12134204299553,!,100,98.57,99.738219895287900,,not included,not included,not included,not included
2017-18,R7,London,South West London,BSU,50<71,A to F2,0.91657119050099,,99.69,96.59,99.031476997578700,,not included,not included,not included,not included
2017-18,R7,London,West of London,BSU,50<71,A to F2,0.45093569155999,!,100,92.68,98.187311178247700,,not included,not included,not included,not included
2017-18,R8,South East,Aylesbury & Wycombe,BSU,50<71,A to F2,0.16845415239486,!,100,96.43,99.333333333333300,,not included,not included,not included,not included
2017-18,R8,South East,Canterbury,BSU,50<71,A to F2,1.23862811258702,,99.34,92.11,97.894736842105200,,not included,not included,not included,not included
2017-18,R8,South East,East Berkshire,BSU,50<71,A to F2,0.32598774286087,!,100,100,100.000000000000000,,not included,not included,not included,not included
2017-18,R8,South East,East Sussex/Brighton,BSU,50<71,A to F2,0.29011786038078,!,100,87.72,97.071129707112900,,not included,not included,not included,not included
2017-18,R8,South East,Guildford,BSU,50<71,A to F2,0.70804292510233,,99.67,85.22,95.704057279236200,,not included,not included,not included,not included
2017-18,R8,South East,Isle of Wight,BSU,50<71,A to F2,0.35803795202291,!,100,100,100.000000000000000,,not included,not included,not included,not included
2017-18,R8,South East,Maidstone,BSU,50<71,A to F2,0.61957868649318,!,100,90,97.241379310344800,,not included,not included,not included,not included
2017-18,R8,South East,Medway,BSU,50<71,A to F2,0.72677939822666,!,100,75.86,95.808383233532900,,not included,not included,not included,not included
2017-18,R8,South East,North & Mid Hampshire,BSU,50<71,A to F2,1.09896465961015,!,96.72,82.05,93.167701863354000,,not included,not included,not included,not included
2017-18,R8,South East,Oxford,BSU,50<71,A to F2,0.64264175194028,!,98.59,92.86,97.647058823529400,,not included,not included,not included,not included
2017-18,R8,South East,Portsmouth,BSU,50<71,A to F2,0.88712623284454,!,99.21,83.78,95.705521472392600,,not included,not included,not included,not included
2017-18,R8,South East,West Berkshire,BSU,50<71,A to F2,0.10873110796999,!,100,80,96.491228070175400,,not included,not included,not included,not included
2017-18,R8,South East,Worthing,BSU,50<71,A to F2,0.06748776784208,!,100,98.04,99.626865671641800,,not included,not included,not included,not included
2018-19,R1,North East,Gateshead,BSU,50<71,A to F2,0.14319467315816,!,99.36,96.49,98.591549295774600,,not included,not included,not included,not included
2018-19,R1,North East,Newcastle,BSU,50<71,A to F2,0.00000000000000,!,100,97.06,98.709677419354800,,not included,not included,not included,not included
2018-19,R1,North East,North Cumbria,BSU,50<71,A to F2,0.07207207207207,!,100,100,100.000000000000000,,not included,not included,not included,not included
2018-19,R1,North East,North Tees,BSU,50<71,A to F2,0.17223067428309,!,100,100,100.000000000000000,,not included,not included,not included,not included
2018-19,R10,South West,Avon,BSU,50<71,A to F2,0.32173439588180,!,99.66,95,98.655913978494600,,not included,not included,not included,not included
2018-19,R10,South West,Cornwall,BSU,50<71,A to F2,0.09833808634084,!,100,92.86,98.795180722891500,,not included,not included,not included,not included
2018-19,R10,South West,Dorset,BSU,50<71,A to F2,0.57453783500625,!,98.54,92.86,97.318007662835200,,not included,not included,not included,not included
2018-19,R10,South West,Gloucestershire,BSU,50<71,A to F2,0.24474811339996,!,99.42,88.64,97.209302325581300,,not included,not included,not included,not included
2018-19,R10,South West,North & East Devon,BSU,50<71,A to F2,0.39453568082063,!,100,96.67,99.328859060402600,,not included,not included,not included,not included
2018-19,R10,South West,Somerset,BSU,50<71,A to F2,0.15255530129672,!,100,93.94,98.666666666666600,,not included,not included,not included,not included
2018-19,R10,South West,South Devon (Torbay),BSU,50<71,A to F2,0.38589179594042,!,100,82.35,96.875000000000000,,not included,not included,not included,not included
2018-19,R10,South West,Southampton & Salisbury,BSU,50<71,A to F2,0.45798984095262,!,100,94.74,98.717948717948700,,not included,not included,not included,not included
2018-19,R10,South West,West Devon & East Cornwall,BSU,50<71,A to F2,0.27443877270981,!,98.48,87.5,95.555555555555500,,not included,not included,not included,not included
2018-19,R10,South West,Wiltshire,BSU,50<71,A to F2,0.37011334721258,!,99.37,83.87,96.825396825396800,,not included,not included,not included,not included
2018-19,R2,North West,"Bolton, Bury & Rochdale",BSU,50<71,A to F2,0.39885130823229,!,99.37,98,99.038461538461500,,not included,not included,not included,not included
2018-19,R2,North West,Crewe,BSU,50<71,A to F2,0.26352775825720,!,100,93.75,99.009900990099000,,not included,not included,not included,not included
2018-19,R2,North West,East Cheshire & Stockport,BSU,50<71,A to F2,0.23100023100023,!,97.58,93.75,96.794871794871800,,not included,not included,not included,not included
2018-19,R2,North West,East Lancashire,BSU,50<71,A to F2,0.45210511443911,!,97.44,90,96.350364963503600,,not included,not included,not included,not included
2018-19,R2,North West,Greater Manchester,BSU,50<71,A to F2,0.21956909564979,!,98.82,98.08,98.697068403908700,,not included,not included,not included,not included
2018-19,R2,North West,Liverpool,BSU,50<71,A to F2,0.47850160639825,!,99.38,89.86,96.521739130434700,,not included,not included,not included,not included
2018-19,R2,North West,North Lancashire,BSU,50<71,A to F2,0.48194706614723,!,100,90.74,97.652582159624400,,not included,not included,not included,not included
2018-19,R2,North West,South Lancashire,BSU,50<71,A to F2,0.30983047846678,!,99.33,100,99.453551912568300,,not included,not included,not included,not included
2018-19,R2,North West,Warrington,BSU,50<71,A to F2,0.33600537608602,!,100,95.24,98.989898989898900,,not included,not included,not included,not included
2018-19,R2,North West,Wirral & Chester,BSU,50<71,A to F2,0.04697923517805,!,100,94.74,99.047619047619000,,not included,not included,not included,not included
2018-19,R3,Yorkshire and the Humber,Barnsley,BSU,50<71,A to F2,0.00000000000000,!,97.87,100,98.275862068965500,,not included,not included,not included,not included
2018-19,R3,Yorkshire and the Humber,Doncaster,BSU,50<71,A to F2,0.24463335575806,!,100,76.92,96.969696969696900,,not included,not included,not included,not included
2018-19,R3,Yorkshire and the Humber,Humberside,BSU,50<71,A to F2,0.19641955216342,!,99.56,97.14,99.236641221374000,,not included,not included,not included,not included
2018-19,R3,Yorkshire and the Humber,Leeds Wakefield,BSU,50<71,A to F2,0.29867767248636,!,99.62,94.81,98.529411764705800,,not included,not included,not included,not included
2018-19,R3,Yorkshire and the Humber,North Yorkshire,BSU,50<71,A to F2,0.06585879873551,!,100,86.79,97.177419354838700,,not included,not included,not included,not included
2018-19,R3,Yorkshire and the Humber,Pennine,BSU,50<71,A to F2,0.15806111696523,!,98.7,98.73,98.705501618122900,,not included,not included,not included,not included
2018-19,R3,Yorkshire and the Humber,Rotherham,BSU,50<71,A to F2,0.10964912280702,!,100,93.75,98.780487804878000,,not included,not included,not included,not included
2018-19,R3,Yorkshire and the Humber,Sheffield,BSU,50<71,A to F2,0.28149983110010,!,100,100,100.000000000000000,,not included,not included,not included,not included
2018-19,R4,East Midlands,Derby City & South Derbyshire,BSU,50<71,A to F2,0.21953294366236,!,100,95.31,98.916967509025200,,not included,not included,not included,not included
2018-19,R4,East Midlands,Kettering,BSU,50<71,A to F2,0.80876406146607,!,100,100,100.000000000000000,,not included,not included,not included,not included
2018-19,R4,East Midlands,Leicestershire,BSU,50<71,A to F2,0.29435813573181,!,99.49,90,97.881355932203300,,not included,not included,not included,not included
2018-19,R4,East Midlands,Lincolnshire,BSU,50<71,A to F2,0.09975725734047,!,100,96.23,99.186991869918700,,not included,not included,not included,not included
2018-19,R4,East Midlands,Milton Keynes,BSU,50<71,A to F2,0.33632286995516,!,97.92,100,98.412698412698400,,not included,not included,not included,not included
2018-19,R4,East Midlands,North Derbyshire & Chesterfield,BSU,50<71,A to F2,0.40983606557377,!,100,100,100.000000000000000,,not included,not included,not included,not included
2018-19,R4,East Midlands,North Nottinghamshire,BSU,50<71,A to F2,0.59159929008085,!,100,90.91,98.305084745762700,,not included,not included,not included,not included
2018-19,R4,East Midlands,Northampton,BSU,50<71,A to F2,0.19682456370555,!,97.7,95.45,97.247706422018300,,not included,not included,not included,not included
2018-19,R4,East Midlands,Nottingham City,BSU,50<71,A to F2,0.16281341582546,!,98.87,100,99.061032863849700,,not included,not included,not included,not included
2018-19,R5,West Midlands,"City, Sandwell & Walsall",BSU,50<71,A to F2,0.25302932328713,!,99.16,100,99.310344827586200,,not included,not included,not included,not included
2018-19,R5,West Midlands,Dudley & Wolverhampton,BSU,50<71,A to F2,0.53368364875405,!,99.47,90.91,97.835497835497800,,not included,not included,not included,not included
2018-19,R5,West Midlands,Hereford & Worcester,BSU,50<71,A to F2,0.18300494113341,!,99.44,96.36,98.706896551724100,,not included,not included,not included,not included
2018-19,R5,West Midlands,North Staffordshire,BSU,50<71,A to F2,0.17681902572717,!,98.04,96.15,97.560975609756100,,not included,not included,not included,not included
2018-19,R5,West Midlands,Shropshire,BSU,50<71,A to F2,0.05174644243208,!,100,89.29,98.113207547169800,,not included,not included,not included,not included
2018-19,R5,West Midlands,South Birmingham,BSU,50<71,A to F2,0.28333962976955,!,100,100,100.000000000000000,,not included,not included,not included,not included
2018-19,R5,West Midlands,"Warwickshire, Solihull & Coventry",BSU,50<71,A to F2,0.45595736798609,!,99.59,90,97.966101694915200,,not included,not included,not included,not included
2018-19,R6,East of England,Bedfordshire & Hertfordshire,BSU,50<71,A to F2,0.15210860554436,!,99.12,94.87,98.333333333333300,,not included,not included,not included,not included
2018-19,R6,East of England,Cambridge & Huntingdon,BSU,50<71,A to F2,0.21368662855922,!,100,90.91,98.051948051948000,,not included,not included,not included,not included
2018-19,R6,East of England,Colchester & Chelmsford,BSU,50<71,A to F2,0.30285593143342,!,100,91.43,98.854961832061000,,not included,not included,not included,not included
2018-19,R6,East of England,East Suffolk,BSU,50<71,A to F2,0.06661781360336,!,100,93.33,98.901098901098900,,not included,not included,not included,not included
2018-19,R6,East of England,Epping,BSU,50<71,A to F2,0.27407272062854,!,100,100,100.000000000000000,,not included,not included,not included,not included
2018-19,R6,East of England,James Paget,BSU,50<71,A to F2,0.19087612139721,!,97.33,90.91,96.511627906976700,,not included,not included,not included,not included
2018-19,R6,East of England,Kings Lynn,BSU,50<71,A to F2,0.76183220645653,!,100,90.91,98.666666666666600,,not included,not included,not included,not included
2018-19,R6,East of England,Norfolk & Norwich,BSU,50<71,A to F2,0.16703553681046,!,100,90,97.905759162303600,,not included,not included,not included,not included
2018-19,R6,East of England,Peterborough,BSU,50<71,A to F2,0.35176586464050,!,99.01,100,99.186991869918700,,not included,not included,not included,not included
2018-19,R6,East of England,South Essex (Southend),BSU,50<71,A to F2,0.45117304992982,!,97.64,100,98.113207547169800,,not included,not included,not included,not included
2018-19,R6,East of England,West Suffolk,BSU,50<71,A to F2,0.51457975986278,!,98.48,100,98.780487804878000,,not included,not included,not included,not included
2018-19,R7,London,Central & East London,BSU,50<71,A to F2,0.25299802661539,!,100,97.73,99.444444444444400,,not included,not included,not included,not included
2018-19,R7,London,North London,BSU,50<71,A to F2,0.28024100726625,!,99.32,95.28,98.099762470308700,,not included,not included,not included,not included
2018-19,R7,London,Outer North East London,BSU,50<71,A to F2,0.60207285081495,!,100,90.63,98.214285714285700,,not included,not included,not included,not included
2018-19,R7,London,South East London,BSU,50<71,A to F2,0.07801833430856,!,100,97.75,99.476439790575900,,not included,not included,not included,not included
2018-19,R7,London,South West London,BSU,50<71,A to F2,0.55050922102945,!,97.99,97.96,97.982708933717500,,not included,not included,not included,not included
2018-19,R7,London,West of London,BSU,50<71,A to F2,0.32616604360589,!,100,96.2,98.983050847457600,,not included,not included,not included,not included
2018-19,R8,South East,Aylesbury & Wycombe,BSU,50<71,A to F2,0.21286786227449,!,100,95.45,98.734177215189800,,not included,not included,not included,not included
2018-19,R8,South East,Canterbury,BSU,50<71,A to F2,1.18512464241928,,98.77,88.57,96.969696969696900,,not included,not included,not included,not included
2018-19,R8,South East,East Berkshire,BSU,50<71,A to F2,0.12295585884667,!,100,100,100.000000000000000,,not included,not included,not included,not included
2018-19,R8,South East,East Sussex/Brighton,BSU,50<71,A to F2,0.37395759320893,!,99.43,84.91,96.035242290748900,,not included,not included,not included,not included
2018-19,R8,South East,Guildford,BSU,50<71,A to F2,0.61773101009671,,99.07,87.7,95.955056179775200,,not included,not included,not included,not included
2018-19,R8,South East,Isle of Wight,BSU,50<71,A to F2,0.60325759099135,!,94.44,66.67,87.500000000000000,,not included,not included,not included,not included
2018-19,R8,South East,Maidstone,BSU,50<71,A to F2,0.39695666556401,!,100,96.67,99.275362318840500,,not included,not included,not included,not included
2018-19,R8,South East,Medway,BSU,50<71,A to F2,0.09711094925953,!,99.34,96.43,98.882681564245800,,not included,not included,not included,not included
2018-19,R8,South East,North & Mid Hampshire,BSU,50<71,A to F2,0.48773999024520,!,97.86,96.77,97.660818713450300,,not included,not included,not included,not included
2018-19,R8,South East,Oxford,BSU,50<71,A to F2,0.43062613039359,!,98.75,96.15,98.113207547169800,,not included,not included,not included,not included
2018-19,R8,South East,Portsmouth,BSU,50<71,A to F2,0.72291205987413,!,100,79.41,95.930232558139500,,not included,not included,not included,not included
2018-19,R8,South East,West Berkshire,BSU,50<71,A to F2,0.05746465923457,!,100,91.67,98.412698412698400,,not included,not included,not included,not included
2018-19,R8,South East,Worthing,BSU,50<71,A to F2,0.18564930845633,!,99.56,89.83,97.543859649122800,,not included,not included,not included,not included
2019-20,R1,North East,Gateshead,BSU,50<71,A to F2,0.06098490623571,!,99,100,99.183673469387700,,not included,not included,not included,not included
2019-20,R1,North East,Newcastle,BSU,50<71,A to F2,0.21807532944952,!,100,97.3,99.319727891156400,,not included,not included,not included,not included
2019-20,R1,North East,North Cumbria,BSU,50<71,A to F2,0.14053826154170,!,100,100,100.000000000000000,,not included,not included,not included,not included
2019-20,R1,North East,North Tees,BSU,50<71,A to F2,0.12915724895060,!,100,100,100.000000000000000,,not included,not included,not included,not included
2019-20,R10,South West,Avon,BSU,50<71,A to F2,0.17737684978715,!,100,98.9,99.415204678362500,,not included,not included,not included,not included
2019-20,R10,South West,Cornwall,BSU,50<71,A to F2,0.38415102623203,!,100,100,100.000000000000000,,not included,not included,not included,not included
2019-20,R10,South West,Dorset,BSU,50<71,A to F2,0.28455573735505,!,99.43,100,99.590163934426200,,not included,not included,not included,not included
2019-20,R10,South West,Gloucestershire,BSU,50<71,A to F2,0.24424000651307,!,100,96.43,99.043062200956900,,not included,not included,not included,not included
2019-20,R10,South West,North & East Devon,BSU,50<71,A to F2,0.17176965689011,!,99.39,94.29,98.500000000000000,,not included,not included,not included,not included
2019-20,R10,South West,Somerset,BSU,50<71,A to F2,0.10580331164365,!,100,94.12,99.145299145299100,,not included,not included,not included,not included
2019-20,R10,South West,South Devon (Torbay),BSU,50<71,A to F2,0.07645844483523,!,98.94,90,97.368421052631500,,not included,not included,not included,not included
2019-20,R10,South West,Southampton & Salisbury,BSU,50<71,A to F2,0.50556117290192,!,100,91.49,97.979797979797900,,not included,not included,not included,not included
2019-20,R10,South West,West Devon & East Cornwall,BSU,50<71,A to F2,0.29543843063106,!,100,91.67,98.611111111111100,,not included,not included,not included,not included
2019-20,R10,South West,Wiltshire,BSU,50<71,A to F2,0.69185000691850,!,99.34,75,95.081967213114700,,not included,not included,not included,not included
2019-20,R2,North West,"Bolton, Bury & Rochdale",BSU,50<71,A to F2,0.33361752604070,!,99.43,97.67,99.082568807339400,,not included,not included,not included,not included
2019-20,R2,North West,Crewe,BSU,50<71,A to F2,0.36982248520710,!,100,100,100.000000000000000,,not included,not included,not included,not included
2019-20,R2,North West,East Cheshire & Stockport,BSU,50<71,A to F2,0.00000000000000,!,100,100,100.000000000000000,,not included,not included,not included,not included
2019-20,R2,North West,East Lancashire,BSU,50<71,A to F2,0.28009635314548,!,100,95.65,99.159663865546200,,not included,not included,not included,not included
2019-20,R2,North West,Greater Manchester,BSU,50<71,A to F2,0.20537160851608,!,99.23,95.16,98.452012383900900,,not included,not included,not included,not included
2019-20,R2,North West,Liverpool,BSU,50<71,A to F2,0.09850922703093,!,99.51,98.08,99.215686274509800,,not included,not included,not included,not included
2019-20,R2,North West,North Lancashire,BSU,50<71,A to F2,0.28631027853900,!,99.36,89.74,97.435897435897400,,not included,not included,not included,not included
2019-20,R2,North West,South Lancashire,BSU,50<71,A to F2,0.17034324163189,!,99.24,97.87,98.876404494382000,,not included,not included,not included,not included
2019-20,R2,North West,Warrington,BSU,50<71,A to F2,0.41562759767249,!,100,94.12,98.657718120805300,,not included,not included,not included,not included
2019-20,R2,North West,Wirral & Chester,BSU,50<71,A to F2,0.14935032608155,!,100,97.67,99.450549450549400,,not included,not included,not included,not included
2019-20,R3,Yorkshire and the Humber,Barnsley,BSU,50<71,A to F2,0.24366471734893,!,100,100,100.000000000000000,,not included,not included,not included,not included
2019-20,R3,Yorkshire and the Humber,Doncaster,BSU,50<71,A to F2,0.12925741614425,!,98.95,100,99.074074074074000,,not included,not included,not included,not included
2019-20,R3,Yorkshire and the Humber,Humberside,BSU,50<71,A to F2,0.37506130809844,!,100,96.88,99.583333333333300,,not included,not included,not included,not included
2019-20,R3,Yorkshire and the Humber,Leeds Wakefield,BSU,50<71,A to F2,0.23073373327180,!,99.22,97.47,98.809523809523800,,not included,not included,not included,not included
2019-20,R3,Yorkshire and the Humber,North Yorkshire,BSU,50<71,A to F2,0.13470734828585,!,99.47,97.78,99.137931034482700,,not included,not included,not included,not included
2019-20,R3,Yorkshire and the Humber,Pennine,BSU,50<71,A to F2,0.15016367840947,!,100,96.83,99.270072992700700,,not included,not included,not included,not included
2019-20,R3,Yorkshire and the Humber,Rotherham,BSU,50<71,A to F2,0.11139578923917,!,100,100,100.000000000000000,,not included,not included,not included,not included
2019-20,R3,Yorkshire and the Humber,Sheffield,BSU,50<71,A to F2,0.49276255004620,!,100,91.67,98.888888888888800,,not included,not included,not included,not included
2019-20,R4,East Midlands,Derby City & South Derbyshire,BSU,50<71,A to F2,0.23429393848111,!,99.42,98.28,99.130434782608700,,not included,not included,not included,not included
2019-20,R4,East Midlands,Kettering,BSU,50<71,A to F2,1.00223575668799,!,98.86,100,99.029126213592200,,not included,not included,not included,not included
2019-20,R4,East Midlands,Leicestershire,BSU,50<71,A to F2,0.16659725114536,!,100,97.18,99.382716049382700,,not included,not included,not included,not included
2019-20,R4,East Midlands,Lincolnshire,BSU,50<71,A to F2,0.17853954650955,!,100,97.3,99.528301886792400,,not included,not included,not included,not included
2019-20,R4,East Midlands,Milton Keynes,BSU,50<71,A to F2,0.45055192610948,!,98.28,100,98.550724637681100,,not included,not included,not included,not included
2019-20,R4,East Midlands,North Derbyshire & Chesterfield,BSU,50<71,A to F2,0.13983080472628,!,100,96.3,99.186991869918700,,not included,not included,not included,not included
2019-20,R4,East Midlands,North Nottinghamshire,BSU,50<71,A to F2,0.21853146853147,!,100,100,100.000000000000000,,not included,not included,not included,not included
2019-20,R4,East Midlands,Northampton,BSU,50<71,A to F2,0.14798372179060,!,98.7,100,99.009900990099000,,not included,not included,not included,not included
2019-20,R4,East Midlands,Nottingham City,BSU,50<71,A to F2,0.21068599359515,!,99.39,96.3,98.952879581151800,,not included,not included,not included,not included
2019-20,R5,West Midlands,"City, Sandwell & Walsall",BSU,50<71,A to F2,0.22739546914528,!,100,97.18,99.259259259259200,,not included,not included,not included,not included
2019-20,R5,West Midlands,Dudley & Wolverhampton,BSU,50<71,A to F2,0.25738132882303,!,100,100,100.000000000000000,,not included,not included,not included,not included
2019-20,R5,West Midlands,Hereford & Worcester,BSU,50<71,A to F2,0.19427283677196,!,99.4,87.1,97.461928934010100,,not included,not included,not included,not included
2019-20,R5,West Midlands,North Staffordshire,BSU,50<71,A to F2,0.09633911368015,!,100,95.92,98.969072164948400,,not included,not included,not included,not included
2019-20,R5,West Midlands,Shropshire,BSU,50<71,A to F2,0.00000000000000,!,100,96.15,98.750000000000000,,not included,not included,not included,not included
2019-20,R5,West Midlands,South Birmingham,BSU,50<71,A to F2,0.48915701940323,!,100,88.89,99.065420560747600,,not included,not included,not included,not included
2019-20,R5,West Midlands,"Warwickshire, Solihull & Coventry",BSU,50<71,A to F2,0.38189242384184,!,100,95.83,99.275362318840500,,not included,not included,not included,not included
2019-20,R6,East of England,Bedfordshire & Hertfordshire,BSU,50<71,A to F2,0.32980890484043,!,100,94.87,98.963730569948100,,not included,not included,not included,not included
2019-20,R6,East of England,Cambridge & Huntingdon,BSU,50<71,A to F2,0.21843599825251,!,100,100,100.000000000000000,,not included,not included,not included,not included
2019-20,R6,East of England,Colchester & Chelmsford,BSU,50<71,A to F2,0.15959144589850,!,100,90.63,98.421052631578900,,not included,not included,not included,not included
2019-20,R6,East of England,East Suffolk,BSU,50<71,A to F2,0.00000000000000,!,100,100,100.000000000000000,,not included,not included,not included,not included
2019-20,R6,East of England,Epping,BSU,50<71,A to F2,0.08109642364772,!,98.55,100,98.850574712643600,,not included,not included,not included,not included
2019-20,R6,East of England,James Paget,BSU,50<71,A to F2,1.10753121224325,!,95.45,100,96.250000000000000,,not included,not included,not included,not included
2019-20,R6,East of England,Kings Lynn,BSU,50<71,A to F2,0.24712714691709,!,100,85.71,97.468354430379700,,not included,not included,not included,not included
2019-20,R6,East of England,Norfolk & Norwich,BSU,50<71,A to F2,0.14176353841792,!,99.25,97.14,98.809523809523800,,not included,not included,not included,not included
2019-20,R6,East of England,Peterborough,BSU,50<71,A to F2,0.35004813161810,!,100,100,100.000000000000000,,not included,not included,not included,not included
2019-20,R6,East of England,South Essex (Southend),BSU,50<71,A to F2,0.25419420437214,!,100,96.88,99.468085106382900,,not included,not included,not included,not included
2019-20,R6,East of England,West Suffolk,BSU,50<71,A to F2,0.17903500134276,!,100,100,100.000000000000000,,not included,not included,not included,not included
2019-20,R7,London,Central & East London,BSU,50<71,A to F2,0.42083813236467,!,99.6,96.39,98.813056379821900,,not included,not included,not included,not included
2019-20,R7,London,North London,BSU,50<71,A to F2,0.26990032966397,!,100,98.23,99.544419134396300,,not included,not included,not included,not included
2019-20,R7,London,Outer North East London,BSU,50<71,A to F2,0.61130442960594,!,99.19,91.43,97.484276729559700,,not included,not included,not included,not included
2019-20,R7,London,South East London,BSU,50<71,A to F2,0.22948938611589,!,100,93.51,98.322147651006700,,not included,not included,not included,not included
2019-20,R7,London,South West London,BSU,50<71,A to F2,0.52110474205315,!,100,84.71,95.131086142322000,,not included,not included,not included,not included
2019-20,R7,London,West of London,BSU,50<71,A to F2,0.25897342932615,!,98.67,94.92,97.894736842105200,,not included,not included,not included,not included
2019-20,R8,South East,Aylesbury & Wycombe,BSU,50<71,A to F2,0.28696051423324,!,99.21,92.86,97.633136094674500,,not included,not included,not included,not included
2019-20,R8,South East,Canterbury,BSU,50<71,A to F2,0.19013575693045,!,98.86,86.21,97.058823529411700,,not included,not included,not included,not included
2019-20,R8,South East,East Berkshire,BSU,50<71,A to F2,0.13415615776764,!,100,100,100.000000000000000,,not included,not included,not included,not included
2019-20,R8,South East,East Sussex/Brighton,BSU,50<71,A to F2,0.48483944355350,!,98.88,95,97.907949790794900,,not included,not included,not included,not included
2019-20,R8,South East,Guildford,BSU,50<71,A to F2,0.62859000758643,,100,96.06,98.927038626609400,,not included,not included,not included,not included
2019-20,R8,South East,Isle of Wight,BSU,50<71,A to F2,0.36306426237444,!,96.83,100,97.183098591549300,,not included,not included,not included,not included
2019-20,R8,South East,Maidstone,BSU,50<71,A to F2,0.51552296941230,!,99.16,97.44,98.734177215189800,,not included,not included,not included,not included
2019-20,R8,South East,Medway,BSU,50<71,A to F2,0.18383197757250,!,100,100,100.000000000000000,,not included,not included,not included,not included
2019-20,R8,South East,North & Mid Hampshire,BSU,50<71,A to F2,0.21249468763281,!,100,100,100.000000000000000,,not included,not included,not included,not included
2019-20,R8,South East,Oxford,BSU,50<71,A to F2,0.18330125561360,!,100,97.3,99.435028248587500,,not included,not included,not included,not included
2019-20,R8,South East,Portsmouth,BSU,50<71,A to F2,0.36039746692066,!,99.04,97.3,98.581560283687900,,not included,not included,not included,not included
2019-20,R8,South East,West Berkshire,BSU,50<71,A to F2,0.26760864911154,!,100,96.88,99.290780141843900,,not included,not included,not included,not included
2019-20,R8,South East,Worthing,BSU,50<71,A to F2,0.12093360744951,!,99.49,98.39,99.227799227799200,,not included,not included,not included,not included
2020-21,R1,North East,Gateshead,BSU,50<71,A to F2,0.04764854433697,!,99.28,94.59,98.285714285714200,,not included,not included,not included,not included
2020-21,R1,North East,Newcastle,BSU,50<71,A to F2,0.22017944624869,!,98.65,100,98.947368421052600,,not included,not included,not included,not included
2020-21,R1,North East,North Cumbria,BSU,50<71,A to F2,0.00000000000000,!,100,100,100.000000000000000,,not included,not included,not included,not included
2020-21,R1,North East,North Tees,BSU,50<71,A to F2,0.14256522358979,!,98.78,88.89,97.382198952879500,,not included,not included,not included,not included
2020-21,R10,South West,Avon,BSU,50<71,A to F2,0.38431975403536,!,98.91,94.23,97.881355932203300,,not included,not included,not included,not included
2020-21,R10,South West,Cornwall,BSU,50<71,A to F2,0.26329647182728,!,100,86.36,96.842105263157800,,not included,not included,not included,not included
2020-21,R10,South West,Dorset,BSU,50<71,A to F2,0.26486558071779,!,98.36,86.36,95.209580838323300,,not included,not included,not included,not included
2020-21,R10,South West,Gloucestershire,BSU,50<71,A to F2,0.37411148522260,!,100,96.55,99.371069182389900,,not included,not included,not included,not included
2020-21,R10,South West,North & East Devon,BSU,50<71,A to F2,0.14455044810639,!,100,91.3,98.496240601503700,,not included,not included,not included,not included
2020-21,R10,South West,Somerset,BSU,50<71,A to F2,0.24476808224208,!,100,94.74,98.888888888888800,,not included,not included,not included,not included
2020-21,R10,South West,South Devon (Torbay),BSU,50<71,A to F2,0.12476606363069,!,100,100,100.000000000000000,,not included,not included,not included,not included
2020-21,R10,South West,Southampton & Salisbury,BSU,50<71,A to F2,0.70472163495419,!,98.68,96.43,98.076923076923000,,not included,not included,not included,not included
2020-21,R10,South West,West Devon & East Cornwall,BSU,50<71,A to F2,0.66782422866302,!,100,92.68,98.148148148148100,,not included,not included,not included,not included
2020-21,R10,South West,Wiltshire,BSU,50<71,A to F2,0.34635633139374,!,99.16,92.86,97.959183673469300,,not included,not included,not included,not included
2020-21,R2,North West,"Bolton, Bury & Rochdale",BSU,50<71,A to F2,0.29934742261869,!,100,100,100.000000000000000,,not included,not included,not included,not included
2020-21,R2,North West,Crewe,BSU,50<71,A to F2,0.40502227622519,!,100,100,100.000000000000000,,not included,not included,not included,not included
2020-21,R2,North West,East Cheshire & Stockport,BSU,50<71,A to F2,0.35236081747710,!,100,95.65,98.823529411764700,,not included,not included,not included,not included
2020-21,R2,North West,East Lancashire,BSU,50<71,A to F2,0.08244023083265,!,100,95,98.969072164948400,,not included,not included,not included,not included
2020-21,R2,North West,Greater Manchester,BSU,50<71,A to F2,0.23245902909612,!,99.44,97.73,99.103139013452900,,not included,not included,not included,not included
2020-21,R2,North West,Liverpool,BSU,50<71,A to F2,0.14528548597995,!,100,96.43,99.295774647887300,,not included,not included,not included,not included
2020-21,R2,North West,North Lancashire,BSU,50<71,A to F2,0.19776525264511,!,98.51,90.32,95.918367346938700,,not included,not included,not included,not included
2020-21,R2,North West,South Lancashire,BSU,50<71,A to F2,0.42742871099713,!,100,90,97.810218978102200,,not included,not included,not included,not included
2020-21,R2,North West,Warrington,BSU,50<71,A to F2,0.29815146094216,!,95.71,96.15,95.833333333333300,,not included,not included,not included,not included
2020-21,R2,North West,Wirral & Chester,BSU,50<71,A to F2,0.18264840182648,!,100,100,100.000000000000000,,not included,not included,not included,not included
2020-21,R3,Yorkshire and the Humber,Barnsley,BSU,50<71,A to F2,0.00000000000000,!,100,100,100.000000000000000,,not included,not included,not included,not included
2020-21,R3,Yorkshire and the Humber,Doncaster,BSU,50<71,A to F2,0.12743723716070,!,100,100,100.000000000000000,,not included,not included,not included,not included
2020-21,R3,Yorkshire and the Humber,Humberside,BSU,50<71,A to F2,0.05856172405716,!,99.08,100,99.200000000000000,,not included,not included,not included,not included
2020-21,R3,Yorkshire and the Humber,Leeds Wakefield,BSU,50<71,A to F2,0.26775809968252,!,100,98.04,99.528301886792400,,not included,not included,not included,not included
2020-21,R3,Yorkshire and the Humber,North Yorkshire,BSU,50<71,A to F2,0.05560807429239,!,100,92.31,98.787878787878800,,not included,not included,not included,not included
2020-21,R3,Yorkshire and the Humber,Pennine,BSU,50<71,A to F2,0.33165924381692,!,100,95.56,98.888888888888800,,not included,not included,not included,not included
2020-21,R3,Yorkshire and the Humber,Rotherham,BSU,50<71,A to F2,0.00000000000000,!,100,92.31,97.777777777777700,,not included,not included,not included,not included
2020-21,R3,Yorkshire and the Humber,Sheffield,BSU,50<71,A to F2,0.39108330074306,!,98.08,100,98.461538461538400,,not included,not included,not included,not included
2020-21,R4,East Midlands,Derby City & South Derbyshire,BSU,50<71,A to F2,0.21291318464896,!,100,95,98.837209302325500,,not included,not included,not included,not included
2020-21,R4,East Midlands,Kettering,BSU,50<71,A to F2,0.37896731406916,!,100,93.75,98.936170212765900,,not included,not included,not included,not included
2020-21,R4,East Midlands,Leicestershire,BSU,50<71,A to F2,0.19115585574105,!,100,96.88,99.401197604790400,,not included,not included,not included,not included
2020-21,R4,East Midlands,Lincolnshire,BSU,50<71,A to F2,0.07970032677134,!,100,100,100.000000000000000,,not included,not included,not included,not included
2020-21,R4,East Midlands,Milton Keynes,BSU,50<71,A to F2,0.41958041958042,!,100,100,100.000000000000000,,not included,not included,not included,not included
2020-21,R4,East Midlands,North Derbyshire & Chesterfield,BSU,50<71,A to F2,0.43173232595791,!,100,100,100.000000000000000,,not included,not included,not included,not included
2020-21,R4,East Midlands,North Nottinghamshire,BSU,50<71,A to F2,0.14240956992310,!,100,100,100.000000000000000,,not included,not included,not included,not included
2020-21,R4,East Midlands,Northampton,BSU,50<71,A to F2,0.61169562025936,!,100,100,100.000000000000000,,not included,not included,not included,not included
2020-21,R4,East Midlands,Nottingham City,BSU,50<71,A to F2,0.27986118885033,!,100,100,100.000000000000000,,not included,not included,not included,not included
2020-21,R5,West Midlands,"City, Sandwell & Walsall",BSU,50<71,A to F2,0.20193861066236,!,100,96.61,98.974358974358900,,not included,not included,not included,not included
2020-21,R5,West Midlands,Dudley & Wolverhampton,BSU,50<71,A to F2,0.41273990506982,!,100,100,100.000000000000000,,not included,not included,not included,not included
2020-21,R5,West Midlands,Hereford & Worcester,BSU,50<71,A to F2,0.11766090128250,!,100,100,100.000000000000000,,not included,not included,not included,not included
2020-21,R5,West Midlands,North Staffordshire,BSU,50<71,A to F2,0.26549847338378,!,99.01,95,97.872340425531900,,not included,not included,not included,not included
2020-21,R5,West Midlands,Shropshire,BSU,50<71,A to F2,0.00000000000000,!,100,100,100.000000000000000,,not included,not included,not included,not included
2020-21,R5,West Midlands,South Birmingham,BSU,50<71,A to F2,0.00000000000000,!,100,93.75,98.461538461538400,,not included,not included,not included,not included
2020-21,R5,West Midlands,"Warwickshire, Solihull & Coventry",BSU,50<71,A to F2,0.68203519301596,!,99.35,96.97,98.936170212765900,,not included,not included,not included,not included
2020-21,R6,East of England,Bedfordshire & Hertfordshire,BSU,50<71,A to F2,0.20978182690002,!,99.46,92,97.881355932203300,,not included,not included,not included,not included
2020-21,R6,East of England,Cambridge & Huntingdon,BSU,50<71,A to F2,0.00000000000000,!,98.33,100,98.611111111111100,,not included,not included,not included,not included
2020-21,R6,East of England,Colchester & Chelmsford,BSU,50<71,A to F2,0.23114261499345,!,100,94.74,98.936170212765900,,not included,not included,not included,not included
2020-21,R6,East of England,East Suffolk,BSU,50<71,A to F2,0.00000000000000,!,100,100,100.000000000000000,,not included,not included,not included,not included
2020-21,R6,East of England,Epping,BSU,50<71,A to F2,0.00000000000000,!,100,88.89,98.461538461538400,,not included,not included,not included,not included
2020-21,R6,East of England,James Paget,BSU,50<71,A to F2,1.13830392714854,!,100,71.43,94.029850746268600,,not included,not included,not included,not included
2020-21,R6,East of England,Kings Lynn,BSU,50<71,A to F2,0.00000000000000,!,100,100,100.000000000000000,,not included,not included,not included,not included
2020-21,R6,East of England,Norfolk & Norwich,BSU,50<71,A to F2,0.11513441943469,!,100,96,99.425287356321800,,not included,not included,not included,not included
2020-21,R6,East of England,Peterborough,BSU,50<71,A to F2,0.52893261398498,!,100,100,100.000000000000000,,not included,not included,not included,not included
2020-21,R6,East of England,South Essex (Southend),BSU,50<71,A to F2,0.61755079355277,!,100,95.45,99.270072992700700,,not included,not included,not included,not included
2020-21,R6,East of England,West Suffolk,BSU,50<71,A to F2,0.12393109431156,!,100,93.33,98.571428571428500,,not included,not included,not included,not included
2020-21,R7,London,Central & East London,BSU,50<71,A to F2,0.17791483809750,!,100,96.55,98.305084745762700,,not included,not included,not included,not included
2020-21,R7,London,North London,BSU,50<71,A to F2,0.28759391738865,!,100,100,100.000000000000000,,not included,not included,not included,not included
2020-21,R7,London,Outer North East London,BSU,50<71,A to F2,0.59093893630991,!,100,88.46,97.777777777777700,,not included,not included,not included,not included
2020-21,R7,London,South East London,BSU,50<71,A to F2,0.15849116411760,!,100,97.44,99.500000000000000,,not included,not included,not included,not included
2020-21,R7,London,South West London,BSU,50<71,A to F2,0.50981391791996,!,100,89.47,96.791443850267300,,not included,not included,not included,not included
2020-21,R7,London,West of London,BSU,50<71,A to F2,0.19779785059669,!,100,97.06,99.230769230769200,,not included,not included,not included,not included
2020-21,R8,South East,Aylesbury & Wycombe,BSU,50<71,A to F2,0.00000000000000,!,100,95.65,99.099099099099000,,not included,not included,not included,not included
2020-21,R8,South East,Canterbury,BSU,50<71,A to F2,0.11864507326333,!,100,96,99.300699300699300,,not included,not included,not included,not included
2020-21,R8,South East,East Berkshire,BSU,50<71,A to F2,0.00000000000000,!,100,100,100.000000000000000,,not included,not included,not included,not included
2020-21,R8,South East,East Sussex/Brighton,BSU,50<71,A to F2,0.29861145672622,!,100,90.24,97.687861271676300,,not included,not included,not included,not included
2020-21,R8,South East,Guildford,BSU,50<71,A to F2,0.52655597289992,!,98.71,88.57,96.369636963696300,,not included,not included,not included,not included
2020-21,R8,South East,Isle of Wight,BSU,50<71,A to F2,0.38095238095238,!,100,100,100.000000000000000,,not included,not included,not included,not included
2020-21,R8,South East,Maidstone,BSU,50<71,A to F2,0.74273512208709,!,100,93.1,98.181818181818100,,not included,not included,not included,not included
2020-21,R8,South East,Medway,BSU,50<71,A to F2,0.23442994451825,!,100,100,100.000000000000000,,not included,not included,not included,not included
2020-21,R8,South East,North & Mid Hampshire,BSU,50<71,A to F2,0.34197387319609,!,98.72,96.55,98.130841121495300,,not included,not included,not included,not included
2020-21,R8,South East,Oxford,BSU,50<71,A to F2,0.13392259274140,!,99.03,95,98.373983739837400,,not included,not included,not included,not included
2020-21,R8,South East,Portsmouth,BSU,50<71,A to F2,0.75939754461461,!,98.33,100,98.717948717948700,,not included,not included,not included,not included
2020-21,R8,South East,West Berkshire,BSU,50<71,A to F2,0.39123630672926,!,98.78,96.3,98.165137614678900,,not included,not included,not included,not included
2020-21,R8,South East,Worthing,BSU,50<71,A to F2,0.34061234530523,!,100,100,100.000000000000000,,not included,not included,not included,not included
2021-22,R1,North East,Gateshead,BSU,50<71,A to F2,0.056238225121615,!,99.54,92.06,97.8571428571428,,not included,not included,not included,not included
2021-22,R1,North East,Newcastle,BSU,50<71,A to F2,0.197908764059768,!,100,98.39,99.6453900709219,,not included,not included,not included,not included
2021-22,R1,North East,North Cumbria,BSU,50<71,A to F2,0.131656902113093,!,100,100,100.0000000000000,,not included,not included,not included,not included
2021-22,R1,North East,North Tees,BSU,50<71,A to F2,0.360847992783040,!,99.37,93.18,98.0246913580247,,not included,not included,not included,not included
2021-22,R10,South West,Avon,BSU,50<71,A to F2,0.246592539454806,!,99.09,95.56,98.3333333333333,,not included,not included,not included,not included
2021-22,R10,South West,Cornwall,BSU,50<71,A to F2,0.146735143066764,!,100,97.56,99.4219653179190,,not included,not included,not included,not included
2021-22,R10,South West,Dorset,BSU,50<71,A to F2,0.680194989230246,!,100,90.79,97.9351032448377,,not included,not included,not included,not included
2021-22,R10,South West,Gloucestershire,BSU,50<71,A to F2,0.277027494978876,!,100,94.59,99.2481203007518,,not included,not included,not included,not included
2021-22,R10,South West,North & East Devon,BSU,50<71,A to F2,0.085034013605442,!,98.68,91.89,97.3404255319149,,not included,not included,not included,not included
2021-22,R10,South West,Somerset,BSU,50<71,A to F2,0.043675751222921,!,100,92.31,98.6607142857142,,not included,not included,not included,not included
2021-22,R10,South West,South Devon (Torbay),BSU,50<71,A to F2,0.245941957697983,!,98.73,100,98.9473684210526,,not included,not included,not included,not included
2021-22,R10,South West,Southampton & Salisbury,BSU,50<71,A to F2,0.734214390602055,!,99.46,94.12,98.0237154150197,,not included,not included,not included,not included
2021-22,R10,South West,West Devon & East Cornwall,BSU,50<71,A to F2,0.269966254218222,!,100,96.43,99.0654205607476,,not included,not included,not included,not included
2021-22,R10,South West,Wiltshire,BSU,50<71,A to F2,0.673733381243262,!,98.84,95.12,98.1308411214953,,not included,not included,not included,not included
2021-22,R2,North West,"Bolton, Bury & Rochdale",BSU,50<71,A to F2,0.325884543761638,!,100,97.37,99.3670886075949,,not included,not included,not included,not included
2021-22,R2,North West,East Cheshire & Stockport,BSU,50<71,A to F2,0.120609075832956,!,100,96.77,99.3079584775086,,not included,not included,not included,not included
2021-22,R2,North West,East Lancashire,BSU,50<71,A to F2,0.339770088906506,!,100,81.48,95.7627118644067,,not included,not included,not included,not included
2021-22,R2,North West,Greater Manchester,BSU,50<71,A to F2,0.129856638271348,!,95.96,94.44,95.1612903225806,,not included,not included,not included,not included
2021-22,R2,North West,Liverpool,BSU,50<71,A to F2,0.061858220957565,!,100,98.55,99.6763754045307,,not included,not included,not included,not included
2021-22,R2,North West,North Lancashire,BSU,50<71,A to F2,0.628119937849185,!,100,96.43,99.2727272727272,,not included,not included,not included,not included
2021-22,R2,North West,South Lancashire,BSU,50<71,A to F2,0.271244236059983,!,98.32,96,97.8165938864628,,not included,not included,not included,not included
2021-22,R2,North West,Warrington,BSU,50<71,A to F2,0.147456377488326,!,98.77,93.94,97.9591836734693,,not included,not included,not included,not included
2021-22,R2,North West,Wirral & Chester,BSU,50<71,A to F2,0.206194069858550,!,100,96.3,99.0697674418604,,not included,not included,not included,not included
2021-22,R3,Yorkshire and the Humber,Barnsley,BSU,50<71,A to F2,0.224836993179944,!,100,96,99.1666666666666,,not included,not included,not included,not included
2021-22,R3,Yorkshire and the Humber,Doncaster,BSU,50<71,A to F2,0.056322162771050,!,100,90.48,97.7777777777777,,not included,not included,not included,not included
2021-22,R3,Yorkshire and the Humber,Humberside,BSU,50<71,A to F2,0.183306855676402,!,99.37,95,98.6666666666666,,not included,not included,not included,not included
2021-22,R3,Yorkshire and the Humber,Leeds Wakefield,BSU,50<71,A to F2,0.495333437614057,!,99.09,94.67,97.9661016949152,,not included,not included,not included,not included
2021-22,R3,Yorkshire and the Humber,North Yorkshire,BSU,50<71,A to F2,0.117657440362384,!,100,98.08,99.6732026143790,,not included,not included,not included,not included
2021-22,R3,Yorkshire and the Humber,Pennine,BSU,50<71,A to F2,0.191770313955399,!,100,96.43,99.2673992673992,,not included,not included,not included,not included
2021-22,R3,Yorkshire and the Humber,Rotherham,BSU,50<71,A to F2,0.088762648677437,!,100,88,97.0588235294117,,not included,not included,not included,not included
2021-22,R3,Yorkshire and the Humber,Sheffield,BSU,50<71,A to F2,0.379885084761859,!,99.29,82.14,96.4285714285714,,not included,not included,not included,not included
2021-22,R4,East Midlands,Derby City & South Derbyshire,BSU,50<71,A to F2,0.161875910551996,!,99.65,97.92,99.2084432717678,,not included,not included,not included,not included
2021-22,R4,East Midlands,Kettering,BSU,50<71,A to F2,1.148388155196450,!,100,91.3,97.8723404255319,,not included,not included,not included,not included
2021-22,R4,East Midlands,Leicestershire,BSU,50<71,A to F2,0.388852883992222,!,99.4,98.81,99.2840095465393,,not included,not included,not included,not included
2021-22,R4,East Midlands,Lincolnshire,BSU,50<71,A to F2,0.257168574000257,!,100,100,100.0000000000000,,not included,not included,not included,not included
2021-22,R4,East Midlands,Milton Keynes,BSU,50<71,A to F2,0.105674733171298,!,100,89.47,97.6190476190476,,not included,not included,not included,not included
2021-22,R4,East Midlands,North Derbyshire & Chesterfield,BSU,50<71,A to F2,0.168435236651507,!,100,97.37,99.4535519125683,,not included,not included,not included,not included
2021-22,R4,East Midlands,North Nottinghamshire,BSU,50<71,A to F2,0.455788514129443,!,100,87.5,97.9381443298969,,not included,not included,not included,not included
2021-22,R4,East Midlands,Northampton,BSU,50<71,A to F2,0.122797323018358,!,100,100,100.0000000000000,,not included,not included,not included,not included
2021-22,R4,East Midlands,Nottingham City,BSU,50<71,A to F2,0.261985852763950,!,99.14,97.5,98.8970588235294,,not included,not included,not included,not included
2021-22,R5,West Midlands,"City, Sandwell & Walsall",BSU,50<71,A to F2,0.374551875434747,!,100,100,100.0000000000000,,not included,not included,not included,not included
2021-22,R5,West Midlands,Dudley & Wolverhampton,BSU,50<71,A to F2,0.310163007891925,!,100,97.83,99.6389891696750,,not included,not included,not included,not included
2021-22,R5,West Midlands,Hereford & Worcester,BSU,50<71,A to F2,0.250642270818973,!,99.57,100,99.6598639455782,,not included,not included,not included,not included
2021-22,R5,West Midlands,North Staffordshire,BSU,50<71,A to F2,0.384993797322154,!,98.71,94.23,97.5845410628019,,not included,not included,not included,not included
2021-22,R5,West Midlands,Shropshire,BSU,50<71,A to F2,0.657102179388895,!,100,91.67,98.2035928143712,,not included,not included,not included,not included
2021-22,R5,West Midlands,South Birmingham,BSU,50<71,A to F2,0.177085177970603,!,99.07,95.45,98.4496124031007,,not included,not included,not included,not included
2021-22,R5,West Midlands,"Warwickshire, Solihull & Coventry",BSU,50<71,A to F2,0.385792546488001,!,100,93.24,98.6666666666666,,not included,not included,not included,not included
2021-22,R6,East of England,Bedfordshire & Hertfordshire,BSU,50<71,A to F2,0.159381599394349,!,99.69,91.35,97.6635514018691,,not included,not included,not included,not included
2021-22,R6,East of England,Cambridge & Huntingdon,BSU,50<71,A to F2,0.195000195000195,!,99.26,92.31,97.7142857142857,,not included,not included,not included,not included
2021-22,R6,East of England,Colchester & Chelmsford,BSU,50<71,A to F2,0.390694370449298,!,98.88,93.02,97.7375565610859,,not included,not included,not included,not included
2021-22,R6,East of England,East Suffolk,BSU,50<71,A to F2,0.064341783554240,!,98.98,100,99.0909090909091,,not included,not included,not included,not included
2021-22,R6,East of England,Epping,BSU,50<71,A to F2,0.069671845607190,!,97.85,90.48,96.4912280701754,,not included,not included,not included,not included
2021-22,R6,East of England,James Paget,BSU,50<71,A to F2,0.764720876879938,!,96.3,100,96.9230769230769,,not included,not included,not included,not included
2021-22,R6,East of England,Kings Lynn,BSU,50<71,A to F2,0.294348508634222,!,100,100,100.0000000000000,,not included,not included,not included,not included
2021-22,R6,East of England,Norfolk & Norwich,BSU,50<71,A to F2,0.161218814235621,!,100,95.12,99.0825688073394,,not included,not included,not included,not included
2021-22,R6,East of England,Peterborough,BSU,50<71,A to F2,0.545894096545270,!,100,87.5,97.6470588235294,,not included,not included,not included,not included
2021-22,R6,East of England,South Essex (Southend),BSU,50<71,A to F2,0.217770034843205,!,98.5,89.47,97.0588235294117,,not included,not included,not included,not included
2021-22,R6,East of England,West Suffolk,BSU,50<71,A to F2,0.409869661447659,!,100,88.89,98.7654320987654,,not included,not included,not included,not included
2021-22,R7,London,Central & East London,BSU,50<71,A to F2,0.337806713140681,!,99.47,96.25,98.5130111524163,,not included,not included,not included,not included
2021-22,R7,London,North London,BSU,50<71,A to F2,0.175550590488349,!,100,99.19,99.8248686514886,,not included,not included,not included,not included
2021-22,R7,London,Outer North East London,BSU,50<71,A to F2,0.343878954607978,!,100,88.37,97.3821989528795,,not included,not included,not included,not included
2021-22,R7,London,South East London,BSU,50<71,A to F2,0.058279586603466,!,100,98.98,99.7613365155131,,not included,not included,not included,not included
2021-22,R7,London,South West London,BSU,50<71,A to F2,0.603779660675830,,99.34,91.38,97.1428571428571,,not included,not included,not included,not included
2021-22,R7,London,West of London,BSU,50<71,A to F2,0.399744163735209,!,99.63,95.59,98.8200589970501,,not included,not included,not included,not included
2021-22,R8,South East,Aylesbury & Wycombe,BSU,50<71,A to F2,0.087009484033760,!,100,91.18,98.4455958549222,,not included,not included,not included,not included
2021-22,R8,South East,Canterbury,BSU,50<71,A to F2,0.491762970248340,!,100,73.91,97.1014492753623,,not included,not included,not included,not included
2021-22,R8,South East,East Berkshire,BSU,50<71,A to F2,0.057867021584399,!,100,100,100.0000000000000,,not included,not included,not included,not included
2021-22,R8,South East,East Sussex/Brighton,BSU,50<71,A to F2,0.376494211401499,!,100,86.57,96.8750000000000,,not included,not included,not included,not included
2021-22,R8,South East,Guildford,BSU,50<71,A to F2,0.381517592200084,!,100,89.31,97.0588235294117,,not included,not included,not included,not included
2021-22,R8,South East,Isle of Wight,BSU,50<71,A to F2,1.200480192076830,!,100,84.62,96.3636363636363,,not included,not included,not included,not included
2021-22,R8,South East,Maidstone,BSU,50<71,A to F2,0.485829959514170,!,100,93.22,98.1566820276497,,not included,not included,not included,not included
2021-22,R8,South East,Medway,BSU,50<71,A to F2,0.139528394028184,!,100,93.94,98.2532751091703,,not included,not included,not included,not included
2021-22,R8,South East,North & Mid Hampshire,BSU,50<71,A to F2,0.445632798573975,!,100,97.06,99.4082840236686,,not included,not included,not included,not included
2021-22,R8,South East,Oxford,BSU,50<71,A to F2,0.181402604941406,!,100,96.08,99.1452991452991,,not included,not included,not included,not included
2021-22,R8,South East,Portsmouth,BSU,50<71,A to F2,0.887136520453425,,100,91.25,97.5265017667844,,not included,not included,not included,not included
2021-22,R8,South East,West Berkshire,BSU,50<71,A to F2,0.300540973752754,!,100,90.91,98.2558139534883,,not included,not included,not included,not included
2021-22,R8,South East,Worthing,BSU,50<71,A to F2,0.297441998810232,!,100,97.44,99.3769470404984,,not included,not included,not included,not included
2011-12,R1,North East,Gateshead,BSU,50<71,A and B,0.00000000000000,!,not included,not included,100.000000000000000,!,1.56543519098309,!,1.02176517006888,!
2011-12,R1,North East,Newcastle,BSU,50<71,A and B,1.06337728626116,!,not included,not included,85.714285714285700,,2.55210548702679,!,1.50422310637113,
2011-12,R1,North East,North Cumbria,BSU,50<71,A and B,2.13371266002844,!,not included,not included,90.476190476190400,!,1.42247510668563,!,1.50825815701499,!
2011-12,R1,North East,North Tees,BSU,50<71,A and B,2.37529691211401,!,not included,not included,100.000000000000000,,3.02310516087238,!,1.78290678639155,
2011-12,R10,South West,Avon,BSU,50<71,A and B,2.24424911165139,!,not included,not included,93.877551020408100,,4.11445670469422,!,1.85963649685396,
2011-12,R10,South West,Cornwall,BSU,50<71,A and B,0.86355785837651,!,not included,not included,96.000000000000000,!,4.31778929188255,!,1.72363272833824,!
2011-12,R10,South West,Dorset,BSU,50<71,A and B,1.55722813392161,!,not included,not included,96.666666666666600,,2.33584220088242,!,1.36406506980115,!
2011-12,R10,South West,Gloucestershire,BSU,50<71,A and B,1.11018595614765,!,not included,not included,96.296296296296200,,1.66527893422148,!,1.26377869830794,!
2011-12,R10,South West,North & East Devon,BSU,50<71,A and B,3.01709688233322,!,not included,not included,90.000000000000000,!,2.68186389540730,!,1.07496295512277,!
2011-12,R10,South West,Somerset,BSU,50<71,A and B,1.32231404958677,!,not included,not included,96.774193548387100,,2.31404958677686,!,1.79876996839070,!
2011-12,R10,South West,South Devon (Torbay),BSU,50<71,A and B,0.65963060686016,!,not included,not included,81.818181818181800,!,1.31926121372031,!,1.15692153097078,!
2011-12,R10,South West,West Devon & East Cornwall,BSU,50<71,A and B,2.39329876346230,!,not included,not included,95.000000000000000,!,1.59553250897487,!,1.31748299940206,!
2011-12,R10,South West,Wiltshire,BSU,50<71,A and B,1.56494522691705,!,not included,not included,85.000000000000000,!,1.56494522691705,!,1.24394354984170,!
2011-12,R2,North West,"Bolton, Bury & Rochdale",BSU,50<71,A and B,0.71428571428571,!,not included,not included,100.000000000000000,!,3.21428571428571,!,1.56818193698348,!
2011-12,R2,North West,Chester,BSU,50<71,A and B,1.76366843033509,!,not included,not included,100.000000000000000,!,3.52733686067019,!,2.71619804705360,!
2011-12,R2,North West,Crewe,BSU,50<71,A and B,2.06043956043956,!,not included,not included,100.000000000000000,!,2.74725274725274,!,1.75889738240891,!
2011-12,R2,North West,East Cheshire & Stockport,BSU,50<71,A and B,1.96078431372549,!,not included,not included,83.333333333333300,!,3.13725490196078,!,1.18953211736716,!
2011-12,R2,North West,East Lancashire,BSU,50<71,A and B,3.46620450606585,!,not included,not included,100.000000000000000,!,2.77296360485268,!,1.28628171970720,!
2011-12,R2,North West,Greater Manchester,BSU,50<71,A and B,0.96076861489191,!,not included,not included,98.550724637681100,,4.32345876701361,,2.15561209760303,
2011-12,R2,North West,Liverpool,BSU,50<71,A and B,1.63699611213423,!,not included,not included,91.836734693877500,,2.86474319623490,!,1.69885219368150,
2011-12,R2,North West,North Lancashire,BSU,50<71,A and B,2.98507462686567,!,not included,not included,95.121951219512200,,2.06659012629161,!,1.76462016266382,
2011-12,R2,North West,South Lancashire,BSU,50<71,A and B,0.57570523891767,!,not included,not included,85.714285714285700,!,1.72711571675302,!,1.16498011524565,!
2011-12,R2,North West,Warrington,BSU,50<71,A and B,2.30591852421214,!,not included,not included,100.000000000000000,,4.22751729438893,!,2.16974172526541,!
2011-12,R2,North West,Wirral,BSU,50<71,A and B,0.00000000000000,!,not included,not included,95.000000000000000,!,4.61893764434180,!,2.94926961338024,!
2011-12,R3,Yorkshire and the Humber,Barnsley,BSU,50<71,A and B,0.93984962406015,!,not included,not included,100.000000000000000,!,0.93984962406015,!,0.72640984043197,!
2011-12,R3,Yorkshire and the Humber,Doncaster,BSU,50<71,A and B,0.91365920511649,!,not included,not included,100.000000000000000,!,0.91365920511649,!,0.58012043300189,!
2011-12,R3,Yorkshire and the Humber,Humberside,BSU,50<71,A and B,0.21263023601956,!,not included,not included,100.000000000000000,,3.61471401233255,!,1.70697073505360,
2011-12,R3,Yorkshire and the Humber,Leeds Wakefield,BSU,50<71,A and B,1.28913443830570,!,not included,not included,100.000000000000000,,4.23572744014733,!,1.59613570984259,
2011-12,R3,Yorkshire and the Humber,North Yorkshire,BSU,50<71,A and B,0.46565774155995,!,not included,not included,86.666666666666600,,2.09545983701979,!,1.17371443058418,!
2011-12,R3,Yorkshire and the Humber,Pennine,BSU,50<71,A and B,1.77935943060498,!,not included,not included,87.500000000000000,,3.39695891297314,!,1.34273300690002,
2011-12,R3,Yorkshire and the Humber,Rotherham,BSU,50<71,A and B,1.44300144300144,!,not included,not included,84.615384615384600,!,3.60750360750360,!,1.83592014481738,!
2011-12,R3,Yorkshire and the Humber,Sheffield,BSU,50<71,A and B,0.39478878799842,!,not included,not included,79.166666666666600,!,3.15831030398736,!,1.78685234047875,!
2011-12,R4,East Midlands,Derby City & South Derbyshire,BSU,50<71,A and B,0.80321285140562,!,not included,not included,100.000000000000000,,3.21285140562249,!,1.50951267441732,!
2011-12,R4,East Midlands,Kettering,BSU,50<71,A and B,2.72479564032697,!,not included,not included,100.000000000000000,!,0.54495912806540,!,0.68994637736755,!
2011-12,R4,East Midlands,Leicestershire,BSU,50<71,A and B,2.46819821530282,!,not included,not included,76.923076923076900,,2.65805961647996,!,1.39619752824892,
2011-12,R4,East Midlands,Lincolnshire,BSU,50<71,A and B,1.05457421566042,!,not included,not included,100.000000000000000,,3.69100975481149,!,1.95267242748425,
2011-12,R4,East Midlands,North Derbyshire & Chesterfield,BSU,50<71,A and B,0.89166295140437,!,not included,not included,100.000000000000000,!,2.67498885421310,!,1.57224934976259,!
2011-12,R4,East Midlands,North Nottinghamshire,BSU,50<71,A and B,2.21729490022172,!,not included,not included,100.000000000000000,!,2.21729490022172,!,1.30762908167077,!
2011-12,R4,East Midlands,Northampton,BSU,50<71,A and B,0.51733057423694,!,not included,not included,94.444444444444400,!,2.06932229694774,!,1.71026527530008,!
2011-12,R4,East Midlands,Nottingham City,BSU,50<71,A and B,1.15975645114525,!,not included,not included,95.454545454545400,!,2.89939112786314,!,1.16192432096416,!
2011-12,R5,West Midlands,"City, Sandwell & Walsall",BSU,50<71,A and B,2.39152716091561,!,not included,not included,85.106382978723400,,2.04988042364195,!,1.24870446911329,
2011-12,R5,West Midlands,Dudley & Wolverhampton,BSU,50<71,A and B,3.02245250431778,!,not included,not included,100.000000000000000,!,4.31778929188255,!,2.14153856696805,!
2011-12,R5,West Midlands,Hereford & Worcester,BSU,50<71,A and B,1.84501845018450,!,not included,not included,89.189189189189200,,4.48075909330521,!,2.04049393117611,
2011-12,R5,West Midlands,North Staffordshire,BSU,50<71,A and B,1.05969622041681,!,not included,not included,85.714285714285700,,4.59201695513952,!,1.87187130082576,!
2011-12,R5,West Midlands,Shropshire,BSU,50<71,A and B,0.85470085470085,!,not included,not included,96.875000000000000,,3.41880341880341,!,1.66896693849058,!
2011-12,R5,West Midlands,South Birmingham,BSU,50<71,A and B,3.60522757999098,!,not included,not included,85.000000000000000,!,1.80261378999549,!,1.22367976078173,!
2011-12,R5,West Midlands,South Staffordshire,BSU,50<71,A and B,0.29463759575722,!,not included,not included,97.222222222222200,,3.83028874484384,!,2.48573714158306,
2011-12,R5,West Midlands,"Warwickshire, Solihull & Coventry",BSU,50<71,A and B,1.82982616651418,!,not included,not included,94.444444444444400,,2.51601097895699,!,1.44754379655105,
2011-12,R6,East of England,Bedfordshire & Hertfordshire,BSU,50<71,A and B,2.71234832262669,!,not included,not included,76.363636363636300,,1.99857244825124,!,1.21245404264272,
2011-12,R6,East of England,Cambridge & Huntingdon,BSU,50<71,A and B,1.89214758751182,!,not included,not included,75.000000000000000,!,2.20750551876379,!,1.28085048472185,!
2011-12,R6,East of England,Colchester & Chelmsford,BSU,50<71,A and B,3.39715873996294,!,not included,not included,94.285714285714200,,4.01482396541074,!,2.02850834419105,
2011-12,R6,East of England,East Suffolk,BSU,50<71,A and B,0.53806833467850,!,not included,not included,100.000000000000000,!,2.42130750605326,!,0.99803956513990,!
2011-12,R6,East of England,Epping,BSU,50<71,A and B,1.54320987654320,!,not included,not included,100.000000000000000,!,2.05761316872428,!,1.40804325508879,!
2011-12,R6,East of England,James Paget,BSU,50<71,A and B,2.69905533063427,!,not included,not included,83.333333333333300,!,4.04858299595141,!,1.58502719906673,!
2011-12,R6,East of England,Kings Lynn,BSU,50<71,A and B,2.03252032520325,!,not included,not included,100.000000000000000,!,3.38753387533875,!,1.73723911011663,!
2011-12,R6,East of England,Norfolk & Norwich,BSU,50<71,A and B,1.83582480986100,!,not included,not included,96.774193548387100,,3.40938893259900,!,1.80987467623352,
2011-12,R6,East of England,Peterborough,BSU,50<71,A and B,3.49127182044887,!,not included,not included,100.000000000000000,!,2.49376558603491,!,0.88062056072885,!
2011-12,R6,East of England,South Essex (Southend),BSU,50<71,A and B,1.92572214580467,!,not included,not included,95.652173913043400,!,1.92572214580467,!,1.20915735167669,!
2011-12,R6,East of England,West Suffolk,BSU,50<71,A and B,4.46677833612507,!,not included,not included,87.500000000000000,!,0.55834729201563,!,0.83272498147187,!
2011-12,R7,London,Central & East London,BSU,50<71,A and B,0.75517293460202,!,not included,not included,100.000000000000000,,3.17172632532850,!,1.41863231684950,
2011-12,R7,London,North London,BSU,50<71,A and B,0.80210839922081,!,not included,not included,85.074626865671600,,1.60421679844161,!,1.15791488862402,
2011-12,R7,London,Outer North East London,BSU,50<71,A and B,0.81168831168831,!,not included,not included,94.871794871794800,,3.24675324675324,!,1.61506295809058,
2011-12,R7,London,South East London,BSU,50<71,A and B,1.59258723034602,!,not included,not included,92.592592592592600,,1.88214854495439,!,1.36122901051267,
2011-12,R7,London,South West London,BSU,50<71,A and B,1.52578577967653,!,not included,not included,95.384615384615300,,2.59383582545010,!,1.65026210467253,
2011-12,R7,London,West of London,BSU,50<71,A and B,4.18347527267294,,not included,not included,92.307692307692300,,2.68937696100403,!,1.51936871846097,
2011-12,R8,South East,Aylesbury & Wycombe,BSU,50<71,A and B,0.85763293310463,!,not included,not included,90.000000000000000,!,0.42881646655232,!,0.66350249698106,!
2011-12,R8,South East,Canterbury,BSU,50<71,A and B,1.60000000000000,!,not included,not included,88.461538461538400,!,3.20000000000000,!,1.41079540645015,!
2011-12,R8,South East,East Berkshire,BSU,50<71,A and B,2.68199233716475,!,not included,not included,100.000000000000000,!,3.44827586206896,!,1.41617116411157,!
2011-12,R8,South East,East Sussex/Brighton,BSU,50<71,A and B,1.55728587319243,!,not included,not included,90.476190476190400,,2.66963292547274,!,1.73817255056181,
2011-12,R8,South East,Guildford,BSU,50<71,A and B,2.45060499310767,!,not included,not included,91.780821917808200,,3.98223311379996,,1.80451039213852,
2011-12,R8,South East,Isle of Wight,BSU,50<71,A and B,5.15463917525773,!,not included,not included,66.666666666666600,!,1.71821305841924,!,0.84368250539957,!
2011-12,R8,South East,Maidstone,BSU,50<71,A and B,0.91827364554637,!,not included,not included,90.000000000000000,!,4.59136822773186,!,1.72186585976206,!
2011-12,R8,South East,Medway,BSU,50<71,A and B,0.88079859072225,!,not included,not included,95.000000000000000,!,2.05519671168526,!,1.18325691465759,!
2011-12,R8,South East,Milton Keynes,BSU,50<71,A and B,0.00000000000000,!,not included,not included,80.000000000000000,!,0.88261253309797,!,0.87778202039088,!
2011-12,R8,South East,North & Mid Hampshire,BSU,50<71,A and B,4.32050274941084,!,not included,not included,92.000000000000000,!,2.74941084053417,!,1.94313606615989,!
2011-12,R8,South East,Oxford,BSU,50<71,A and B,3.66076876143990,!,not included,not included,95.652173913043400,!,0.30506406345333,!,0.83880718567988,!
2011-12,R8,South East,Portsmouth,BSU,50<71,A and B,2.34192037470726,!,not included,not included,93.103448275862000,,2.34192037470726,!,1.68097443895650,!
2011-12,R8,South East,Southampton & Salisbury,BSU,50<71,A and B,2.89268151576511,!,not included,not included,83.783783783783700,,4.62829042522418,!,1.90978730628037,
2011-12,R8,South East,West Berkshire,BSU,50<71,A and B,1.10294117647058,!,not included,not included,86.666666666666600,,2.94117647058823,!,2.30422097833677,
2011-12,R8,South East,Worthing,BSU,50<71,A and B,1.65929203539823,!,not included,not included,95.652173913043400,!,2.76548672566371,!,1.36044981912819,!
2012-13,R1,North East,Gateshead,BSU,50<71,A and B,0.00000000000000,!,not included,not included,100.000000000000000,!,3.86996904024767,!,1.93310745265644,!
2012-13,R1,North East,Newcastle,BSU,50<71,A and B,1.88323917137476,!,not included,not included,93.333333333333300,,3.76647834274952,!,1.75422928733637,
2012-13,R1,North East,North Cumbria,BSU,50<71,A and B,0.84566596194503,!,not included,not included,94.444444444444400,!,2.11416490486257,!,1.48611438410112,!
2012-13,R1,North East,North Tees,BSU,50<71,A and B,1.64068908941755,!,not included,not included,91.428571428571400,,1.84577522559474,!,1.04088166840840,!
2012-13,R10,South West,Avon,BSU,50<71,A and B,2.30149597238204,!,not included,not included,93.181818181818100,,2.63028111129377,!,1.50005878608756,
2012-13,R10,South West,Cornwall,BSU,50<71,A and B,0.88731144631766,!,not included,not included,95.833333333333300,!,3.54924578527063,!,1.85892711474829,!
2012-13,R10,South West,Dorset,BSU,50<71,A and B,2.18519530183010,!,not included,not included,97.619047619047600,,5.18983884184648,!,2.48529644884722,
2012-13,R10,South West,Gloucestershire,BSU,50<71,A and B,0.78308535630384,!,not included,not included,97.222222222222200,,1.56617071260767,!,1.77409816676522,
2012-13,R10,South West,North & East Devon,BSU,50<71,A and B,1.17647058823529,!,not included,not included,85.000000000000000,!,3.52941176470588,!,1.45090149346127,!
2012-13,R10,South West,Somerset,BSU,50<71,A and B,1.33958472873409,!,not included,not included,100.000000000000000,,3.34896182183523,!,1.52133417626515,!
2012-13,R10,South West,South Devon (Torbay),BSU,50<71,A and B,1.77304964539007,!,not included,not included,90.000000000000000,!,2.36406619385342,!,0.71829379365431,!
2012-13,R10,South West,West Devon & East Cornwall,BSU,50<71,A and B,3.42465753424657,!,not included,not included,93.333333333333300,!,3.42465753424657,!,1.19991447882260,!
2012-13,R10,South West,Wiltshire,BSU,50<71,A and B,2.03252032520325,!,not included,not included,90.000000000000000,!,1.45180023228803,!,0.78845585937388,!
2012-13,R2,North West,"Bolton, Bury & Rochdale",BSU,50<71,A and B,0.00000000000000,!,not included,not included,96.000000000000000,!,2.66903914590747,!,1.77259115289328,!
2012-13,R2,North West,Chester,BSU,50<71,A and B,1.22249388753056,!,not included,not included,100.000000000000000,!,2.44498777506112,!,1.86906571635058,!
2012-13,R2,North West,Crewe,BSU,50<71,A and B,0.58004640371230,!,not included,not included,100.000000000000000,!,2.32018561484918,!,2.25177890533521,!
2012-13,R2,North West,East Cheshire & Stockport,BSU,50<71,A and B,0.43725404459991,!,not included,not included,100.000000000000000,!,1.31176213379973,!,1.07891857833056,!
2012-13,R2,North West,East Lancashire,BSU,50<71,A and B,0.00000000000000,!,not included,not included,100.000000000000000,!,1.29087779690189,!,1.27217021637495,!
2012-13,R2,North West,Greater Manchester,BSU,50<71,A and B,1.61707632600258,!,not included,not included,92.857142857142800,,3.71927554980595,!,1.57319702028810,
2012-13,R2,North West,Liverpool,BSU,50<71,A and B,1.57604412923561,!,not included,not included,91.176470588235200,,3.41476228001050,!,1.44460845857650,!
2012-13,R2,North West,North Lancashire,BSU,50<71,A and B,2.21092195445500,!,not included,not included,86.666666666666600,,1.54764536811850,!,1.27884490280222,!
2012-13,R2,North West,South Lancashire,BSU,50<71,A and B,0.32583903551645,!,not included,not included,100.000000000000000,!,0.97751710654936,!,0.74534778755932,!
2012-13,R2,North West,Warrington,BSU,50<71,A and B,0.99042588312975,!,not included,not included,100.000000000000000,!,0.99042588312975,!,1.08879545721033,!
2012-13,R2,North West,Wirral,BSU,50<71,A and B,5.02512562814070,!,not included,not included,84.210526315789400,!,4.02010050251256,!,1.90268887992511,!
2012-13,R3,Yorkshire and the Humber,Barnsley,BSU,50<71,A and B,0.76277650648360,!,not included,not included,100.000000000000000,!,1.52555301296720,!,1.56033625246240,!
2012-13,R3,Yorkshire and the Humber,Doncaster,BSU,50<71,A and B,2.73224043715847,!,not included,not included,88.235294117647000,!,2.27686703096539,!,1.39409739164378,!
2012-13,R3,Yorkshire and the Humber,Humberside,BSU,50<71,A and B,0.72939460247994,!,not included,not included,97.142857142857100,,3.64697301239970,!,1.66714005211356,
2012-13,R3,Yorkshire and the Humber,Leeds Wakefield,BSU,50<71,A and B,1.34657465073220,!,not included,not included,100.000000000000000,,2.86147113280592,!,1.65826341680202,
2012-13,R3,Yorkshire and the Humber,North Yorkshire,BSU,50<71,A and B,0.55463117027177,!,not included,not included,90.000000000000000,,4.15973377703826,!,1.54248710621005,!
2012-13,R3,Yorkshire and the Humber,Pennine,BSU,50<71,A and B,1.73410404624277,!,not included,not included,93.181818181818100,,2.69749518304431,!,1.61373454360164,
2012-13,R3,Yorkshire and the Humber,Rotherham,BSU,50<71,A and B,1.36986301369863,!,not included,not included,100.000000000000000,!,1.36986301369863,!,0.87566901112450,!
2012-13,R3,Yorkshire and the Humber,Sheffield,BSU,50<71,A and B,0.36832412523020,!,not included,not included,100.000000000000000,,4.41988950276243,!,2.13920853004750,!
2012-13,R4,East Midlands,Derby City & South Derbyshire,BSU,50<71,A and B,0.36913990402362,!,not included,not included,100.000000000000000,!,2.21483942414174,!,1.43066701511356,!
2012-13,R4,East Midlands,Kettering,BSU,50<71,A and B,0.64516129032258,!,not included,not included,90.000000000000000,!,1.93548387096774,!,1.12818793676990,!
2012-13,R4,East Midlands,Leicestershire,BSU,50<71,A and B,2.24971878515185,!,not included,not included,88.135593220338900,,2.81214848143981,!,1.79481148339279,
2012-13,R4,East Midlands,Lincolnshire,BSU,50<71,A and B,0.28248587570621,!,not included,not included,88.235294117647000,,3.10734463276836,!,1.77545721574219,
2012-13,R4,East Midlands,North Derbyshire & Chesterfield,BSU,50<71,A and B,0.45024763619991,!,not included,not included,100.000000000000000,!,2.25123818099954,!,0.80245965347499,!
2012-13,R4,East Midlands,North Nottinghamshire,BSU,50<71,A and B,2.06469373709566,!,not included,not included,100.000000000000000,!,1.37646249139710,!,0.71230905665350,!
2012-13,R4,East Midlands,Northampton,BSU,50<71,A and B,0.00000000000000,!,not included,not included,96.774193548387100,,6.78496868475991,!,3.20703598037807,
2012-13,R4,East Midlands,Nottingham City,BSU,50<71,A and B,1.93423597678916,!,not included,not included,92.592592592592600,,2.90135396518375,!,1.29093810627986,!
2012-13,R5,West Midlands,"City, Sandwell & Walsall",BSU,50<71,A and B,2.46132208157524,!,not included,not included,88.679245283018800,,2.63713080168776,!,1.56192746915404,
2012-13,R5,West Midlands,Dudley & Wolverhampton,BSU,50<71,A and B,2.48315005321035,!,not included,not included,95.454545454545400,!,2.83788577509755,!,1.54859678912119,!
2012-13,R5,West Midlands,Hereford & Worcester,BSU,50<71,A and B,2.16157795190489,!,not included,not included,92.857142857142800,,2.43177519589300,!,1.41519542501014,!
2012-13,R5,West Midlands,North Staffordshire,BSU,50<71,A and B,0.77369439071567,!,not included,not included,95.833333333333300,!,4.64216634429400,!,1.96915515367286,!
2012-13,R5,West Midlands,Shropshire,BSU,50<71,A and B,2.72975432211101,!,not included,not included,89.473684210526300,!,2.27479526842584,!,1.15800785592529,!
2012-13,R5,West Midlands,South Birmingham,BSU,50<71,A and B,2.01207243460764,!,not included,not included,92.857142857142800,!,1.00603621730382,!,1.09081653677869,!
2012-13,R5,West Midlands,South Staffordshire,BSU,50<71,A and B,1.28369704749679,!,not included,not included,96.666666666666600,,3.85109114249037,!,1.88031085626086,!
2012-13,R5,West Midlands,"Warwickshire, Solihull & Coventry",BSU,50<71,A and B,1.75849941383352,!,not included,not included,96.296296296296200,,2.05158264947245,!,1.44252961994152,!
2012-13,R6,East of England,Bedfordshire & Hertfordshire,BSU,50<71,A and B,1.25960448419196,!,not included,not included,90.666666666666600,,1.51152538103035,!,1.62895734825792,
2012-13,R6,East of England,Cambridge & Huntingdon,BSU,50<71,A and B,2.92519849561220,!,not included,not included,76.923076923076900,!,0.41788549937317,!,0.52220739153230,!
2012-13,R6,East of England,Colchester & Chelmsford,BSU,50<71,A and B,1.49566257852228,!,not included,not included,92.000000000000000,!,3.58959018845348,!,1.68587284533955,!
2012-13,R6,East of England,East Suffolk,BSU,50<71,A and B,0.00000000000000,!,not included,not included,87.500000000000000,!,1.62469536961819,!,1.36605090295964,!
2012-13,R6,East of England,Epping,BSU,50<71,A and B,1.11669458403126,!,not included,not included,100.000000000000000,!,1.67504187604690,!,1.39496862715557,!
2012-13,R6,East of England,James Paget,BSU,50<71,A and B,0.00000000000000,!,not included,not included,100.000000000000000,!,0.00000000000000,!,2.39055253637624,!
2012-13,R6,East of England,Kings Lynn,BSU,50<71,A and B,1.62866449511400,!,not included,not included,71.428571428571400,!,4.88599348534201,!,1.87322044058144,!
2012-13,R6,East of England,Norfolk & Norwich,BSU,50<71,A and B,1.09529025191675,!,not included,not included,100.000000000000000,!,3.83351588170865,!,1.94181292833156,!
2012-13,R6,East of England,Peterborough,BSU,50<71,A and B,4.62962962962963,!,not included,not included,82.142857142857100,!,2.31481481481481,!,1.94725281572757,!
2012-13,R6,East of England,South Essex (Southend),BSU,50<71,A and B,0.84104289318755,!,not included,not included,94.117647058823500,!,0.84104289318755,!,0.82072494634511,!
2012-13,R6,East of England,West Suffolk,BSU,50<71,A and B,0.98039215686275,!,not included,not included,94.736842105263100,!,4.41176470588235,!,1.64932758183202,!
2012-13,R7,London,Central & East London,BSU,50<71,A and B,2.21157390342793,!,not included,not included,100.000000000000000,,3.68595650571323,!,1.64549869717640,
2012-13,R7,London,North London,BSU,50<71,A and B,1.41455220581734,!,not included,not included,95.192307692307700,,2.21023782158960,,1.50378995712166,
2012-13,R7,London,Outer North East London,BSU,50<71,A and B,3.29380764163372,!,not included,not included,95.833333333333300,!,3.62318840579710,!,1.50087287606739,!
2012-13,R7,London,South East London,BSU,50<71,A and B,1.03919239904988,!,not included,not included,93.478260869565200,,3.85985748218527,,1.33926359252101,
2012-13,R7,London,South West London,BSU,50<71,A and B,1.14043662430759,!,not included,not included,98.529411764705800,,2.28087324861518,!,1.62123978522432,
2012-13,R7,London,West of London,BSU,50<71,A and B,3.84037401903489,!,not included,not included,89.090909090909100,,2.83853731841709,!,1.50854646764646,
2012-13,R8,South East,Aylesbury & Wycombe,BSU,50<71,A and B,2.21975582685904,!,not included,not included,89.655172413793100,,2.95967443581206,!,2.17411853672369,!
2012-13,R8,South East,Canterbury,BSU,50<71,A and B,2.30946882217090,!,not included,not included,91.304347826086900,!,2.30946882217090,!,1.21943618690433,!
2012-13,R8,South East,East Berkshire,BSU,50<71,A and B,1.36425648021828,!,not included,not included,100.000000000000000,!,1.81900864029104,!,1.21771936660880,!
2012-13,R8,South East,East Sussex/Brighton,BSU,50<71,A and B,1.06411279595637,!,not included,not included,95.652173913043400,!,2.12822559191274,!,1.10621772447109,!
2012-13,R8,South East,Guildford,BSU,50<71,A and B,3.53267726469846,!,not included,not included,95.238095238095200,,3.78501135503406,!,1.51965126174473,
2012-13,R8,South East,Isle of Wight,BSU,50<71,A and B,1.85013876040703,!,not included,not included,100.000000000000000,!,3.70027752081406,!,1.83360913870794,!
2012-13,R8,South East,Maidstone,BSU,50<71,A and B,2.82371924162968,!,not included,not included,96.296296296296200,,3.22710770471964,!,1.85605601772435,!
2012-13,R8,South East,Medway,BSU,50<71,A and B,0.91771183848272,!,not included,not included,93.750000000000000,!,1.83542367696543,!,1.07551663209648,!
2012-13,R8,South East,Milton Keynes,BSU,50<71,A and B,3.08166409861325,!,not included,not included,83.333333333333300,!,0.77041602465331,!,1.69910060941075,!
2012-13,R8,South East,North & Mid Hampshire,BSU,50<71,A and B,2.80898876404494,!,not included,not included,88.888888888888800,!,1.40449438202247,!,1.24790307715071,!
2012-13,R8,South East,Oxford,BSU,50<71,A and B,2.20403022670025,!,not included,not included,97.674418604651100,,3.77833753148614,!,2.29105933843686,
2012-13,R8,South East,Portsmouth,BSU,50<71,A and B,2.10822206605762,!,not included,not included,83.333333333333300,,2.45959241040056,!,1.57240670823644,!
2012-13,R8,South East,Southampton & Salisbury,BSU,50<71,A and B,2.67857142857142,!,not included,not included,89.655172413793100,,2.45535714285714,!,1.28225284019004,!
2012-13,R8,South East,West Berkshire,BSU,50<71,A and B,2.33100233100233,!,not included,not included,88.888888888888800,!,2.99700299700299,!,1.23376367010146,!
2012-13,R8,South East,Worthing,BSU,50<71,A and B,1.39513253759107,!,not included,not included,89.552238805970100,,3.41032398077817,!,1.88586150387063,
2013-14,R1,North East,Gateshead,BSU,50<71,A and B,0.00000000000000,!,not included,not included,100.000000000000000,!,2.13980028530670,!,0.91972346981008,!
2013-14,R1,North East,Newcastle,BSU,50<71,A and B,0.00000000000000,!,not included,not included,96.363636363636300,,3.72184133202742,!,1.63202003527141,
2013-14,R1,North East,North Cumbria,BSU,50<71,A and B,1.18343195266272,!,not included,not included,93.750000000000000,!,4.14201183431952,!,1.92121822970085,!
2013-14,R1,North East,North Tees,BSU,50<71,A and B,0.84979817293393,!,not included,not included,93.023255813953400,,1.91204588910133,!,1.87088738861538,
2013-14,R10,South West,Avon,BSU,50<71,A and B,2.50783699059561,!,not included,not included,83.606557377049100,,2.03761755485893,!,1.53221782637221,
2013-14,R10,South West,Cornwall,BSU,50<71,A and B,1.08147080028839,!,not included,not included,91.304347826086900,!,2.16294160057678,!,1.43872988925376,!
2013-14,R10,South West,Dorset,BSU,50<71,A and B,1.89798339264531,!,not included,not included,97.500000000000000,,3.08422301304863,!,1.67876341129356,
2013-14,R10,South West,Gloucestershire,BSU,50<71,A and B,0.83577099874634,!,not included,not included,100.000000000000000,!,2.08942749686585,!,1.52972874849831,!
2013-14,R10,South West,North & East Devon,BSU,50<71,A and B,2.72355878347707,!,not included,not included,100.000000000000000,!,3.63141171130276,!,1.41449795115412,!
2013-14,R10,South West,Somerset,BSU,50<71,A and B,0.82987551867220,!,not included,not included,85.714285714285700,!,4.56431535269709,!,1.55125341275750,!
2013-14,R10,South West,South Devon (Torbay),BSU,50<71,A and B,0.61614294516328,!,not included,not included,100.000000000000000,!,6.16142945163277,!,1.84557461965783,!
2013-14,R10,South West,West Devon & East Cornwall,BSU,50<71,A and B,2.96861747243426,!,not included,not included,95.454545454545400,!,1.69635284139100,!,1.37011133735513,!
2013-14,R10,South West,Wiltshire,BSU,50<71,A and B,1.74013921113689,!,not included,not included,100.000000000000000,,2.32018561484918,!,1.59078616652349,!
2013-14,R2,North West,"Bolton, Bury & Rochdale",BSU,50<71,A and B,0.00000000000000,!,not included,not included,100.000000000000000,,3.07219662058371,!,1.83034194448206,!
2013-14,R2,North West,Chester,BSU,50<71,A and B,0.00000000000000,!,not included,not included,100.000000000000000,!,3.13479623824451,!,1.27972808337684,!
2013-14,R2,North West,Crewe,BSU,50<71,A and B,2.00133422281521,!,not included,not included,100.000000000000000,!,2.66844563042028,!,1.85521247242479,!
2013-14,R2,North West,East Cheshire & Stockport,BSU,50<71,A and B,0.72280448138778,!,not included,not included,86.956521739130400,!,1.80701120346946,!,1.61676549894281,!
2013-14,R2,North West,East Lancashire,BSU,50<71,A and B,0.00000000000000,!,not included,not included,96.666666666666600,,3.92772977219167,!,2.02483020352436,!
2013-14,R2,North West,Greater Manchester,BSU,50<71,A and B,0.31510950055144,!,not included,not included,98.305084745762700,,4.09642350716874,,1.67061054504225,
2013-14,R2,North West,Liverpool,BSU,50<71,A and B,1.83187461835945,!,not included,not included,87.755102040816300,,2.23895786688377,!,1.78136448447820,
2013-14,R2,North West,North Lancashire,BSU,50<71,A and B,3.89441800086542,!,not included,not included,91.111111111111100,,2.59627866724361,!,1.75664971765848,
2013-14,R2,North West,South Lancashire,BSU,50<71,A and B,2.02020202020202,!,not included,not included,96.000000000000000,!,1.44300144300144,!,1.32908616465605,!
2013-14,R2,North West,Warrington,BSU,50<71,A and B,0.88209350191120,!,not included,not included,96.666666666666600,,1.76418700382240,!,1.62765955872669,!
2013-14,R2,North West,Wirral,BSU,50<71,A and B,5.92592592592592,!,not included,not included,95.238095238095200,!,2.46913580246913,!,1.84742259915117,!
2013-14,R3,Yorkshire and the Humber,Barnsley,BSU,50<71,A and B,2.00267022696929,!,not included,not included,100.000000000000000,!,1.33511348464619,!,1.55148339050836,!
2013-14,R3,Yorkshire and the Humber,Doncaster,BSU,50<71,A and B,2.65957446808510,!,not included,not included,95.238095238095200,!,3.10283687943262,!,1.69399265033055,!
2013-14,R3,Yorkshire and the Humber,Humberside,BSU,50<71,A and B,0.31590586005370,!,not included,not included,98.437500000000000,,5.05449376085926,,1.99237001977227,
2013-14,R3,Yorkshire and the Humber,Leeds Wakefield,BSU,50<71,A and B,0.77200205867216,!,not included,not included,100.000000000000000,,4.88934637159032,!,1.88321316340891,
2013-14,R3,Yorkshire and the Humber,North Yorkshire,BSU,50<71,A and B,0.97158124848190,!,not included,not included,91.176470588235200,,2.42895312120476,!,1.09584904557636,!
2013-14,R3,Yorkshire and the Humber,Pennine,BSU,50<71,A and B,0.83319446758874,!,not included,not included,93.220338983050800,,4.66588901849691,,1.64624906266694,
2013-14,R3,Yorkshire and the Humber,Rotherham,BSU,50<71,A and B,1.68350168350168,!,not included,not included,100.000000000000000,!,1.68350168350168,!,0.87098150906256,!
2013-14,R3,Yorkshire and the Humber,Sheffield,BSU,50<71,A and B,0.00000000000000,!,not included,not included,100.000000000000000,,4.63141644152836,!,2.11615782689828,!
2013-14,R4,East Midlands,Derby City & South Derbyshire,BSU,50<71,A and B,1.16822429906542,!,not included,not included,95.238095238095200,!,2.33644859813084,!,1.47123731057819,!
2013-14,R4,East Midlands,Kettering,BSU,50<71,A and B,0.59136605558841,!,not included,not included,93.750000000000000,!,2.95683027794204,!,1.89839775229706,!
2013-14,R4,East Midlands,Leicestershire,BSU,50<71,A and B,1.83884988298228,!,not included,not included,93.617021276595700,,2.67469073888331,!,1.30953195638160,
2013-14,R4,East Midlands,Lincolnshire,BSU,50<71,A and B,0.00000000000000,!,not included,not included,96.875000000000000,,3.68324125230202,!,1.72656599535778,!
2013-14,R4,East Midlands,North Derbyshire & Chesterfield,BSU,50<71,A and B,0.60642813826562,!,not included,not included,87.500000000000000,!,1.81928441479684,!,0.88816256927668,!
2013-14,R4,East Midlands,North Nottinghamshire,BSU,50<71,A and B,0.75187969924812,!,not included,not included,100.000000000000000,!,2.25563909774436,!,1.15396598877575,!
2013-14,R4,East Midlands,Northampton,BSU,50<71,A and B,0.86655112651646,!,not included,not included,100.000000000000000,!,2.59965337954939,!,1.24034597383696,!
2013-14,R4,East Midlands,Nottingham City,BSU,50<71,A and B,1.65425971877584,!,not included,not included,91.666666666666600,!,2.20567962503446,!,1.21799218049020,!
2013-14,R5,West Midlands,"City, Sandwell & Walsall",BSU,50<71,A and B,1.50214592274678,!,not included,not included,90.196078431372500,,2.14592274678111,!,1.66820628204780,
2013-14,R5,West Midlands,Dudley & Wolverhampton,BSU,50<71,A and B,3.29706561160567,!,not included,not included,89.189189189189200,,3.62677217276623,!,1.89137581966471,!
2013-14,R5,West Midlands,Hereford & Worcester,BSU,50<71,A and B,1.53846153846153,!,not included,not included,87.500000000000000,,2.85714285714285,!,1.43408714837286,
2013-14,R5,West Midlands,North Staffordshire,BSU,50<71,A and B,2.90135396518375,!,not included,not included,90.000000000000000,!,2.41779497098646,!,1.30251503812816,!
2013-14,R5,West Midlands,Shropshire,BSU,50<71,A and B,3.85728061716489,!,not included,not included,87.500000000000000,!,4.33944069431051,!,2.08188417865995,!
2013-14,R5,West Midlands,South Birmingham,BSU,50<71,A and B,0.00000000000000,!,not included,not included,91.304347826086900,!,2.38663484486873,!,2.43853458415813,!
2013-14,R5,West Midlands,South Staffordshire,BSU,50<71,A and B,2.04498977505112,!,not included,not included,96.969696969696900,,4.67426234297399,!,2.21845249627669,
2013-14,R5,West Midlands,"Warwickshire, Solihull & Coventry",BSU,50<71,A and B,1.36923779096303,!,not included,not included,98.000000000000000,,3.87950707439525,!,2.01440572308998,
2013-14,R6,East of England,Bedfordshire & Hertfordshire,BSU,50<71,A and B,1.38042102841366,!,not included,not included,90.697674418604600,,2.07063154262049,!,1.62850630493664,
2013-14,R6,East of England,Cambridge & Huntingdon,BSU,50<71,A and B,0.34153005464481,!,not included,not included,92.000000000000000,!,2.39071038251366,!,1.53505293374199,!
2013-14,R6,East of England,Colchester & Chelmsford,BSU,50<71,A and B,0.74092368486046,!,not included,not included,100.000000000000000,,1.48184736972091,!,1.44500317900699,!
2013-14,R6,East of England,East Suffolk,BSU,50<71,A and B,2.22717149220489,!,not included,not included,100.000000000000000,!,2.22717149220489,!,0.41417128467649,!
2013-14,R6,East of England,Epping,BSU,50<71,A and B,0.75757575757576,!,not included,not included,100.000000000000000,!,4.54545454545454,!,2.26364696161986,!
2013-14,R6,East of England,James Paget,BSU,50<71,A and B,0.00000000000000,!,not included,not included,100.000000000000000,!,0.00000000000000,!,1.33786423353758,!
2013-14,R6,East of England,Kings Lynn,BSU,50<71,A and B,0.00000000000000,!,not included,not included,100.000000000000000,!,10.56338028169010,!,3.35651566821513,!
2013-14,R6,East of England,Norfolk & Norwich,BSU,50<71,A and B,0.00000000000000,!,not included,not included,83.333333333333300,!,2.97176820208023,!,1.16676584176321,!
2013-14,R6,East of England,Peterborough,BSU,50<71,A and B,1.29617627997407,!,not included,not included,76.923076923076900,!,2.59235255994815,!,0.96142444645987,!
2013-14,R6,East of England,South Essex (Southend),BSU,50<71,A and B,0.83728718950600,!,not included,not included,100.000000000000000,!,1.95367010884733,!,1.22107576775138,!
2013-14,R6,East of England,West Suffolk,BSU,50<71,A and B,1.35685210312075,!,not included,not included,80.000000000000000,!,1.35685210312075,!,0.93141668477755,!
2013-14,R7,London,Central & East London,BSU,50<71,A and B,2.42763772175536,!,not included,not included,95.555555555555500,,2.61437908496732,!,1.37523264352219,
2013-14,R7,London,North London,BSU,50<71,A and B,0.86153846153846,!,not included,not included,94.186046511627900,,1.96923076923076,!,1.47548468279863,
2013-14,R7,London,Outer North East London,BSU,50<71,A and B,3.29428989751098,!,not included,not included,97.619047619047600,,2.37920937042459,!,1.38197776174881,
2013-14,R7,London,South East London,BSU,50<71,A and B,1.14722753346080,!,not included,not included,100.000000000000000,,2.16698534098151,!,1.75262616425495,
2013-14,R7,London,South West London,BSU,50<71,A and B,1.42374087915999,!,not included,not included,100.000000000000000,,3.91528741768998,!,2.07352815470382,
2013-14,R7,London,West of London,BSU,50<71,A and B,4.03225806451612,,not included,not included,92.452830188679200,,2.22469410456062,!,1.15126932109959,
2013-14,R8,South East,Aylesbury & Wycombe,BSU,50<71,A and B,1.71673819742489,!,not included,not included,85.714285714285700,!,1.71673819742489,!,1.29504601730181,!
2013-14,R8,South East,Canterbury,BSU,50<71,A and B,2.29621125143513,!,not included,not included,100.000000000000000,!,6.31458094144661,!,2.39212130925583,!
2013-14,R8,South East,East Berkshire,BSU,50<71,A and B,2.61291526689063,!,not included,not included,95.454545454545400,!,3.73273609555804,!,1.65334195520545,!
2013-14,R8,South East,East Sussex/Brighton,BSU,50<71,A and B,1.10204981265153,!,not included,not included,92.000000000000000,,3.74696936301520,!,2.13808158491711,
2013-14,R8,South East,Guildford,BSU,50<71,A and B,4.15541242468314,!,not included,not included,87.272727272727200,,3.94764180344899,!,1.55446272115765,
2013-14,R8,South East,Isle of Wight,BSU,50<71,A and B,0.00000000000000,!,not included,not included,100.000000000000000,!,4.40528634361233,!,2.83430644521285,!
2013-14,R8,South East,Maidstone,BSU,50<71,A and B,3.14465408805031,!,not included,not included,100.000000000000000,!,2.35849056603773,!,0.85021578476617,!
2013-14,R8,South East,Medway,BSU,50<71,A and B,0.00000000000000,!,not included,not included,75.000000000000000,!,3.97877984084880,!,1.60767944625673,!
2013-14,R8,South East,Milton Keynes,BSU,50<71,A and B,1.80396873120865,!,not included,not included,93.333333333333300,!,2.40529164161154,!,1.49654447879845,!
2013-14,R8,South East,North & Mid Hampshire,BSU,50<71,A and B,2.06398348813209,!,not included,not included,85.185185185185100,!,3.43997248022015,!,1.65530027146924,!
2013-14,R8,South East,Oxford,BSU,50<71,A and B,1.66158958737191,!,not included,not included,96.666666666666600,,2.49238438105787,!,1.37100301209361,!
2013-14,R8,South East,Portsmouth,BSU,50<71,A and B,3.43642611683848,!,not included,not included,92.307692307692300,,5.15463917525773,!,2.46438119388221,
2013-14,R8,South East,Southampton & Salisbury,BSU,50<71,A and B,1.53704272978788,!,not included,not included,97.142857142857100,,3.38149400553335,!,1.96188213917591,
2013-14,R8,South East,West Berkshire,BSU,50<71,A and B,1.41743444365698,!,not included,not included,77.272727272727200,!,2.83486888731396,!,0.94605426567268,!
2013-14,R8,South East,Worthing,BSU,50<71,A and B,1.67544279559597,!,not included,not included,93.478260869565200,,2.15414073719483,!,1.92516813135013,
2014-15,R1,North East,Gateshead,BSU,50<71,A and B,0.00000000000000,!,not included,not included,100.000000000000000,!,4.16319733555370,!,1.21580124775945,!
2014-15,R1,North East,Newcastle,BSU,50<71,A and B,0.40858018386108,!,not included,not included,98.113207547169800,,3.88151174668028,!,1.77630710827353,
2014-15,R1,North East,North Cumbria,BSU,50<71,A and B,0.00000000000000,!,not included,not included,94.117647058823500,!,0.89928057553957,!,1.46677859315623,!
2014-15,R1,North East,North Tees,BSU,50<71,A and B,0.39062500000000,!,not included,not included,97.826086956521700,,3.32031250000000,!,1.68551392282657,
2014-15,R10,South West,Avon,BSU,50<71,A and B,2.62237762237762,!,not included,not included,89.655172413793100,,4.19580419580419,!,1.85110407595897,
2014-15,R10,South West,Cornwall,BSU,50<71,A and B,0.00000000000000,!,not included,not included,95.000000000000000,!,3.35429769392033,!,1.66745523403776,!
2014-15,R10,South West,Dorset,BSU,50<71,A and B,2.01342281879194,!,not included,not included,94.117647058823500,,4.69798657718120,!,2.07427203968628,
2014-15,R10,South West,Gloucestershire,BSU,50<71,A and B,2.94488851493479,!,not included,not included,91.666666666666600,!,3.36558687421119,!,2.04269226840976,!
2014-15,R10,South West,North & East Devon,BSU,50<71,A and B,0.87032201914708,!,not included,not included,91.666666666666600,!,2.61096605744125,!,1.02520290474156,!
2014-15,R10,South West,Somerset,BSU,50<71,A and B,2.10526315789473,!,not included,not included,93.333333333333300,!,3.15789473684210,!,1.62112955319175,!
2014-15,R10,South West,South Devon (Torbay),BSU,50<71,A and B,1.99600798403193,!,not included,not included,100.000000000000000,!,2.66134397870924,!,1.81064593970878,!
2014-15,R10,South West,West Devon & East Cornwall,BSU,50<71,A and B,2.26372382569326,!,not included,not included,100.000000000000000,!,3.39558573853989,!,2.20398425253251,!
2014-15,R10,South West,Wiltshire,BSU,50<71,A and B,1.43061516452074,!,not included,not included,94.117647058823500,!,2.86123032904148,!,1.35744149427159,!
2014-15,R2,North West,"Bolton, Bury & Rochdale",BSU,50<71,A and B,0.00000000000000,!,not included,not included,100.000000000000000,!,4.37317784256559,!,2.45804563026524,!
2014-15,R2,North West,Chester,BSU,50<71,A and B,2.21238938053097,!,not included,not included,100.000000000000000,!,7.74336283185840,!,1.82743767132228,!
2014-15,R2,North West,Crewe,BSU,50<71,A and B,0.85106382978723,!,not included,not included,100.000000000000000,!,0.85106382978723,!,0.84328764119797,!
2014-15,R2,North West,East Cheshire & Stockport,BSU,50<71,A and B,1.88323917137476,!,not included,not included,81.250000000000000,!,3.13873195229127,!,2.08059017426428,!
2014-15,R2,North West,East Lancashire,BSU,50<71,A and B,0.32562683165093,!,not included,not included,100.000000000000000,!,2.93064148485835,!,1.49454020863781,!
2014-15,R2,North West,Greater Manchester,BSU,50<71,A and B,0.00000000000000,!,not included,not included,95.238095238095200,,3.83342045652552,!,1.91008324641070,
2014-15,R2,North West,Liverpool,BSU,50<71,A and B,3.56903859022975,!,not included,not included,89.473684210526300,,2.89984385456167,!,1.73363144337680,
2014-15,R2,North West,North Lancashire,BSU,50<71,A and B,3.03615788020977,!,not included,not included,93.333333333333300,,4.41622964394148,!,1.93480636591324,
2014-15,R2,North West,South Lancashire,BSU,50<71,A and B,1.31291028446389,!,not included,not included,100.000000000000000,!,3.06345733041575,!,2.09777740483957,!
2014-15,R2,North West,Warrington,BSU,50<71,A and B,0.78802206461781,!,not included,not included,89.473684210526300,!,0.39401103230890,!,1.16234693343820,!
2014-15,R2,North West,Wirral,BSU,50<71,A and B,0.98425196850394,!,not included,not included,100.000000000000000,!,2.95275590551181,!,1.72164028047979,!
2014-15,R3,Yorkshire and the Humber,Barnsley,BSU,50<71,A and B,3.83631713554987,!,not included,not included,100.000000000000000,!,2.55754475703324,!,1.56777163211298,!
2014-15,R3,Yorkshire and the Humber,Doncaster,BSU,50<71,A and B,1.06951871657754,!,not included,not included,100.000000000000000,!,1.06951871657754,!,1.27266618475040,!
2014-15,R3,Yorkshire and the Humber,Humberside,BSU,50<71,A and B,0.51282051282051,!,not included,not included,100.000000000000000,,2.82051282051282,!,1.31109712607509,!
2014-15,R3,Yorkshire and the Humber,Leeds Wakefield,BSU,50<71,A and B,1.10558319513543,!,not included,not included,100.000000000000000,,6.35710337202874,!,2.18929409431478,
2014-15,R3,Yorkshire and the Humber,North Yorkshire,BSU,50<71,A and B,1.18389897395422,!,not included,not included,100.000000000000000,,3.15706393054459,!,1.76000563201802,!
2014-15,R3,Yorkshire and the Humber,Pennine,BSU,50<71,A and B,0.71316502638711,!,not included,not included,96.774193548387100,,3.42319212665810,!,1.41129814731835,
2014-15,R3,Yorkshire and the Humber,Rotherham,BSU,50<71,A and B,0.00000000000000,!,not included,not included,100.000000000000000,!,4.51467268623024,!,1.87388035648699,!
2014-15,R3,Yorkshire and the Humber,Sheffield,BSU,50<71,A and B,0.00000000000000,!,not included,not included,100.000000000000000,!,2.43664717348927,!,1.52981851645260,!
2014-15,R4,East Midlands,Derby City & South Derbyshire,BSU,50<71,A and B,0.45558086560364,!,not included,not included,100.000000000000000,!,2.27790432801822,!,2.11165075519299,!
2014-15,R4,East Midlands,Kettering,BSU,50<71,A and B,0.50813008130081,!,not included,not included,83.333333333333300,!,3.55691056910569,!,2.21090566065545,!
2014-15,R4,East Midlands,Leicestershire,BSU,50<71,A and B,1.27693535514764,!,not included,not included,91.176470588235200,,4.78850758180367,,2.08486691332245,
2014-15,R4,East Midlands,Lincolnshire,BSU,50<71,A and B,0.68306010928962,!,not included,not included,94.736842105263100,!,3.41530054644808,!,1.50604425762058,!
2014-15,R4,East Midlands,North Derbyshire & Chesterfield,BSU,50<71,A and B,0.66401062416999,!,not included,not included,70.000000000000000,!,1.32802124833997,!,0.65731310123608,!
2014-15,R4,East Midlands,North Nottinghamshire,BSU,50<71,A and B,5.07614213197969,!,not included,not included,100.000000000000000,!,2.03045685279187,!,1.23217049296677,!
2014-15,R4,East Midlands,Northampton,BSU,50<71,A and B,0.83125519534497,!,not included,not included,93.333333333333300,!,5.81878636741479,!,1.70469396955037,!
2014-15,R4,East Midlands,Nottingham City,BSU,50<71,A and B,1.04712041884816,!,not included,not included,95.000000000000000,!,3.83944153577661,!,1.35619884587478,!
2014-15,R5,West Midlands,"City, Sandwell & Walsall",BSU,50<71,A and B,1.25817815802717,!,not included,not included,97.916666666666600,,3.52289884247609,!,1.90929130578168,
2014-15,R5,West Midlands,Dudley & Wolverhampton,BSU,50<71,A and B,4.32276657060518,!,not included,not included,89.473684210526300,!,3.36215177713736,!,1.35686130842135,!
2014-15,R5,West Midlands,Hereford & Worcester,BSU,50<71,A and B,1.23334977799704,!,not included,not included,97.500000000000000,,2.71336951159348,!,1.76021287650346,
2014-15,R5,West Midlands,North Staffordshire,BSU,50<71,A and B,0.76219512195122,!,not included,not included,100.000000000000000,!,4.57317073170731,!,1.40909074896696,!
2014-15,R5,West Midlands,Shropshire,BSU,50<71,A and B,0.89955022488756,!,not included,not included,88.000000000000000,!,3.29835082458770,!,1.38793361359311,!
2014-15,R5,West Midlands,South Birmingham,BSU,50<71,A and B,1.96078431372549,!,not included,not included,90.909090909090900,!,1.96078431372549,!,1.40802322925434,!
2014-15,R5,West Midlands,South Staffordshire,BSU,50<71,A and B,0.85738782509288,!,not included,not included,100.000000000000000,,3.14375535867390,!,1.53002566071608,!
2014-15,R5,West Midlands,"Warwickshire, Solihull & Coventry",BSU,50<71,A and B,1.82007280291211,!,not included,not included,90.909090909090900,,2.86011440457618,!,1.31307223090972,!
2014-15,R6,East of England,Bedfordshire & Hertfordshire,BSU,50<71,A and B,1.39751552795031,!,not included,not included,93.750000000000000,,2.79503105590062,!,1.48610491900728,
2014-15,R6,East of England,Cambridge & Huntingdon,BSU,50<71,A and B,1.61160354552780,!,not included,not included,86.666666666666600,!,2.41740531829170,!,0.98926645892071,!
2014-15,R6,East of England,Colchester & Chelmsford,BSU,50<71,A and B,1.98216055500495,!,not included,not included,97.058823529411700,,1.23885034687809,!,1.69036940205999,
2014-15,R6,East of England,East Suffolk,BSU,50<71,A and B,0.00000000000000,!,not included,not included,100.000000000000000,!,1.64203612479474,!,1.71882734723062,!
2014-15,R6,East of England,Epping,BSU,50<71,A and B,1.05540897097625,!,not included,not included,100.000000000000000,!,2.63852242744063,!,1.31410879769557,!
2014-15,R6,East of England,James Paget,BSU,50<71,A and B,0.00000000000000,!,not included,not included,100.000000000000000,!,3.01204819277108,!,1.82288818403879,!
2014-15,R6,East of England,Kings Lynn,BSU,50<71,A and B,2.18340611353711,!,not included,not included,66.666666666666600,!,0.00000000000000,!,0.45138575426560,!
2014-15,R6,East of England,Norfolk & Norwich,BSU,50<71,A and B,0.00000000000000,!,not included,not included,100.000000000000000,!,2.35849056603773,!,1.68426320702963,!
2014-15,R6,East of England,Peterborough,BSU,50<71,A and B,0.00000000000000,!,not included,not included,100.000000000000000,!,3.16957210776545,!,1.65937647269661,!
2014-15,R6,East of England,South Essex (Southend),BSU,50<71,A and B,1.00908173562058,!,not included,not included,91.666666666666600,!,1.26135216952573,!,0.86076827257334,!
2014-15,R6,East of England,West Suffolk,BSU,50<71,A and B,4.67289719626168,!,not included,not included,50.000000000000000,!,0.00000000000000,!,0.00000000000000,!
2014-15,R7,London,Central & East London,BSU,50<71,A and B,2.08612725376247,!,not included,not included,97.959183673469300,,2.38414543287140,!,1.30459471391954,
2014-15,R7,London,North London,BSU,50<71,A and B,0.73088729717878,!,not included,not included,96.721311475409800,,2.48501681040783,!,1.45291176151021,
2014-15,R7,London,Outer North East London,BSU,50<71,A and B,0.99676052828308,!,not included,not included,94.871794871794800,,1.74433092449539,!,1.40534146869894,!
2014-15,R7,London,South East London,BSU,50<71,A and B,0.60441220912662,!,not included,not included,91.666666666666600,,2.71985494106980,!,1.15917284153493,
2014-15,R7,London,South West London,BSU,50<71,A and B,1.01317122593718,!,not included,not included,99.074074074074000,,2.63424518743667,,1.82659580423827,
2014-15,R7,London,West of London,BSU,50<71,A and B,3.57196011311207,!,not included,not included,93.181818181818100,,2.08364339931537,!,1.04272296675538,
2014-15,R8,South East,Aylesbury & Wycombe,BSU,50<71,A and B,3.47050074367873,!,not included,not included,88.235294117647000,!,2.97471492315319,!,1.33516210081687,!
2014-15,R8,South East,Canterbury,BSU,50<71,A and B,3.36700336700336,!,not included,not included,92.592592592592600,,2.52525252525252,!,1.86622175939922,!
2014-15,R8,South East,East Berkshire,BSU,50<71,A and B,2.97066468622354,!,not included,not included,100.000000000000000,!,2.59933160044559,!,1.81078722163673,!
2014-15,R8,South East,East Sussex/Brighton,BSU,50<71,A and B,1.57109190887666,!,not included,not included,92.105263157894700,,2.35663786331500,!,1.99404031201745,
2014-15,R8,South East,Guildford,BSU,50<71,A and B,3.71954621536172,!,not included,not included,87.755102040816300,,3.34759159382555,!,1.49460873278531,
2014-15,R8,South East,Isle of Wight,BSU,50<71,A and B,0.00000000000000,!,not included,not included,100.000000000000000,!,0.00000000000000,!,1.50222329046989,!
2014-15,R8,South East,Maidstone,BSU,50<71,A and B,3.50877192982456,!,not included,not included,95.652173913043400,!,4.51127819548872,!,1.96273742989347,!
2014-15,R8,South East,Medway,BSU,50<71,A and B,1.45985401459854,!,not included,not included,88.888888888888800,!,2.91970802919708,!,1.75000991672286,!
2014-15,R8,South East,Milton Keynes,BSU,50<71,A and B,3.16255534471853,!,not included,not included,100.000000000000000,!,4.42757748260594,!,2.00999431016995,!
2014-15,R8,South East,North & Mid Hampshire,BSU,50<71,A and B,1.28452151573538,!,not included,not included,75.000000000000000,!,2.89017341040462,!,1.68864586683821,!
2014-15,R8,South East,Oxford,BSU,50<71,A and B,1.08735048930772,!,not included,not included,96.153846153846100,,5.79920260964117,!,1.93077301130379,!
2014-15,R8,South East,Portsmouth,BSU,50<71,A and B,2.33440326816457,!,not included,not included,88.372093023255800,,3.79340531076743,!,1.84486595941885,
2014-15,R8,South East,Southampton & Salisbury,BSU,50<71,A and B,1.57645822385706,!,not included,not included,100.000000000000000,,3.41565948502364,!,1.51591138487347,!
2014-15,R8,South East,West Berkshire,BSU,50<71,A and B,1.75849941383352,!,not included,not included,90.909090909090900,,2.05158264947245,!,1.63781034725851,!
2014-15,R8,South East,Worthing,BSU,50<71,A and B,2.04415372035977,!,not included,not included,93.617021276595700,,3.67947669664758,!,1.62828036816899,
2015-16,R1,North East,Gateshead,BSU,50<71,A and B,0.00000000000000,!,not included,not included,100.000000000000000,!,5.23103748910200,!,1.79965518606634,!
2015-16,R1,North East,Newcastle,BSU,50<71,A and B,0.00000000000000,!,not included,not included,100.000000000000000,,2.93925538863487,!,1.82563094566161,!
2015-16,R1,North East,North Cumbria,BSU,50<71,A and B,0.54112554112554,!,not included,not included,94.444444444444400,!,4.32900432900432,!,2.14747229089659,!
2015-16,R1,North East,North Tees,BSU,50<71,A and B,0.00000000000000,!,not included,not included,100.000000000000000,,2.96336206896551,!,1.26688440186586,!
2015-16,R10,South West,Avon,BSU,50<71,A and B,1.31821776957553,!,not included,not included,90.909090909090900,,3.42736620089638,!,1.50340852781426,
2015-16,R10,South West,Cornwall,BSU,50<71,A and B,0.59382422802850,!,not included,not included,100.000000000000000,!,5.93824228028503,!,2.11985969355308,!
2015-16,R10,South West,Dorset,BSU,50<71,A and B,0.39062500000000,!,not included,not included,96.153846153846100,,3.51562500000000,!,1.80145773960288,!
2015-16,R10,South West,Gloucestershire,BSU,50<71,A and B,1.84218606079214,!,not included,not included,96.153846153846100,,2.14921707092416,!,1.35204767620561,!
2015-16,R10,South West,North & East Devon,BSU,50<71,A and B,2.20750551876379,!,not included,not included,91.666666666666600,!,6.62251655629139,!,2.24431626904863,!
2015-16,R10,South West,Somerset,BSU,50<71,A and B,1.22699386503067,!,not included,not included,96.000000000000000,!,2.86298568507157,!,1.46611228074290,!
2015-16,R10,South West,South Devon (Torbay),BSU,50<71,A and B,0.84245998315080,!,not included,not included,100.000000000000000,!,7.58213984835720,!,2.77967501628095,!
2015-16,R10,South West,West Devon & East Cornwall,BSU,50<71,A and B,1.94931773879142,!,not included,not included,92.307692307692300,!,4.54840805717998,!,1.52117629520555,!
2015-16,R10,South West,Wiltshire,BSU,50<71,A and B,2.46305418719211,!,not included,not included,86.666666666666600,!,2.05254515599343,!,0.85185164151811,!
2015-16,R2,North West,"Bolton, Bury & Rochdale",BSU,50<71,A and B,0.82474226804124,!,not included,not included,100.000000000000000,!,2.88659793814433,!,1.39573574814227,!
2015-16,R2,North West,Chester,BSU,50<71,A and B,0.00000000000000,!,not included,not included,100.000000000000000,!,1.35501355013550,!,1.30536373960604,!
2015-16,R2,North West,Crewe,BSU,50<71,A and B,1.07066381156316,!,not included,not included,100.000000000000000,!,2.14132762312633,!,1.78471266126153,!
2015-16,R2,North West,East Cheshire & Stockport,BSU,50<71,A and B,1.38217000691085,!,not included,not included,100.000000000000000,!,4.14651002073255,!,1.11291297020572,!
2015-16,R2,North West,East Lancashire,BSU,50<71,A and B,0.00000000000000,!,not included,not included,92.857142857142800,!,3.72439478584730,!,1.39461455642889,!
2015-16,R2,North West,Greater Manchester,BSU,50<71,A and B,0.37237013591510,!,not included,not included,94.117647058823500,,4.28225656302364,!,1.73834440079268,
2015-16,R2,North West,Liverpool,BSU,50<71,A and B,1.29299198344970,!,not included,not included,94.594594594594600,,1.55159038013964,!,1.49037219561631,!
2015-16,R2,North West,North Lancashire,BSU,50<71,A and B,1.25707102451288,!,not included,not included,96.969696969696900,,2.51414204902577,!,1.48665283088432,!
2015-16,R2,North West,South Lancashire,BSU,50<71,A and B,1.38888888888888,!,not included,not included,100.000000000000000,!,7.40740740740740,!,2.26694704843494,!
2015-16,R2,North West,Warrington,BSU,50<71,A and B,0.00000000000000,!,not included,not included,100.000000000000000,!,2.22882615156017,!,1.45679421507017,!
2015-16,R2,North West,Wirral,BSU,50<71,A and B,2.57069408740359,!,not included,not included,94.736842105263100,!,4.11311053984575,!,1.78831007252874,!
2015-16,R3,Yorkshire and the Humber,Barnsley,BSU,50<71,A and B,0.00000000000000,!,not included,not included,100.000000000000000,!,1.91021967526265,!,0.47212346972980,!
2015-16,R3,Yorkshire and the Humber,Doncaster,BSU,50<71,A and B,0.00000000000000,!,not included,not included,100.000000000000000,!,1.95407914020517,!,1.74728646412121,!
2015-16,R3,Yorkshire and the Humber,Humberside,BSU,50<71,A and B,1.43636885952312,!,not included,not included,96.774193548387100,,3.44728526285550,!,1.54734193565748,!
2015-16,R3,Yorkshire and the Humber,Leeds Wakefield,BSU,50<71,A and B,0.82101806239737,!,not included,not included,91.489361702127600,,4.51559934318555,!,1.69746515104044,
2015-16,R3,Yorkshire and the Humber,North Yorkshire,BSU,50<71,A and B,1.19952019192323,!,not included,not included,100.000000000000000,!,2.39904038384646,!,1.30329547570284,!
2015-16,R3,Yorkshire and the Humber,Pennine,BSU,50<71,A and B,0.80360012857602,!,not included,not included,96.551724137931000,,2.57152041144326,!,1.56015601560156,
2015-16,R3,Yorkshire and the Humber,Rotherham,BSU,50<71,A and B,1.49925037481259,!,not included,not included,100.000000000000000,!,4.49775112443778,!,1.73548440840807,!
2015-16,R3,Yorkshire and the Humber,Sheffield,BSU,50<71,A and B,0.00000000000000,!,not included,not included,100.000000000000000,!,2.17746325530756,!,1.30741855436115,!
2015-16,R4,East Midlands,Derby City & South Derbyshire,BSU,50<71,A and B,0.48590864917396,!,not included,not included,95.652173913043400,!,4.37317784256559,!,1.74540783199402,!
2015-16,R4,East Midlands,Kettering,BSU,50<71,A and B,3.01431801055011,!,not included,not included,92.307692307692300,!,2.26073850791258,!,1.98303960310363,!
2015-16,R4,East Midlands,Leicestershire,BSU,50<71,A and B,1.76228705698061,!,not included,not included,95.238095238095200,,2.93714509496769,!,1.42071689374458,
2015-16,R4,East Midlands,Lincolnshire,BSU,50<71,A and B,1.00368016058882,!,not included,not included,96.000000000000000,!,3.34560053529608,!,1.48640487165285,!
2015-16,R4,East Midlands,Milton Keynes,BSU,50<71,A and B,3.56294536817102,!,not included,not included,85.714285714285700,!,4.75059382422802,!,1.63436970532314,!
2015-16,R4,East Midlands,North Derbyshire & Chesterfield,BSU,50<71,A and B,0.70821529745043,!,not included,not included,100.000000000000000,!,2.12464589235127,!,1.34836763243498,!
2015-16,R4,East Midlands,North Nottinghamshire,BSU,50<71,A and B,0.96618357487923,!,not included,not included,90.909090909090900,!,2.89855072463768,!,1.61716598591679,!
2015-16,R4,East Midlands,Northampton,BSU,50<71,A and B,0.54112554112554,!,not included,not included,100.000000000000000,!,2.70562770562770,!,1.30297573598584,!
2015-16,R4,East Midlands,Nottingham City,BSU,50<71,A and B,0.66867268472083,!,not included,not included,100.000000000000000,!,3.67769976596456,!,1.34376304240599,!
2015-16,R5,West Midlands,"City, Sandwell & Walsall",BSU,50<71,A and B,0.73583517292127,!,not included,not included,96.875000000000000,,2.20750551876379,!,1.22592178173242,!
2015-16,R5,West Midlands,Dudley & Wolverhampton,BSU,50<71,A and B,2.53164556962025,!,not included,not included,93.333333333333300,!,2.02531645569620,!,1.29732585759136,!
2015-16,R5,West Midlands,Hereford & Worcester,BSU,50<71,A and B,1.02438024994878,!,not included,not included,100.000000000000000,,2.45851259987707,!,1.52906445720250,
2015-16,R5,West Midlands,North Staffordshire,BSU,50<71,A and B,0.53361792956243,!,not included,not included,100.000000000000000,!,1.60085378868730,!,1.42818934155277,!
2015-16,R5,West Midlands,Shropshire,BSU,50<71,A and B,0.34013605442177,!,not included,not included,100.000000000000000,,5.10204081632653,!,2.34155479238214,
2015-16,R5,West Midlands,South Birmingham,BSU,50<71,A and B,2.82965478211658,!,not included,not included,100.000000000000000,!,1.13186191284663,!,0.78164693008168,!
2015-16,R5,West Midlands,South Staffordshire,BSU,50<71,A and B,0.88573959255979,!,not included,not included,97.222222222222200,,3.54295837023914,!,2.00969716096781,
2015-16,R5,West Midlands,"Warwickshire, Solihull & Coventry",BSU,50<71,A and B,0.55050922102945,!,not included,not included,95.833333333333300,,4.95458298926507,!,2.11023348134809,
2015-16,R6,East of England,Bedfordshire & Hertfordshire,BSU,50<71,A and B,2.39398084815321,!,not included,not included,95.833333333333300,,2.56497948016415,!,1.36989944132277,
2015-16,R6,East of England,Cambridge & Huntingdon,BSU,50<71,A and B,2.64550264550264,!,not included,not included,100.000000000000000,!,7.05467372134038,!,2.03153683915030,!
2015-16,R6,East of England,Colchester & Chelmsford,BSU,50<71,A and B,0.00000000000000,!,not included,not included,100.000000000000000,!,1.17600940807526,!,1.13685455082876,!
2015-16,R6,East of England,East Suffolk,BSU,50<71,A and B,1.82815356489945,!,not included,not included,100.000000000000000,!,3.65630712979890,!,1.47221199852778,!
2015-16,R6,East of England,Epping,BSU,50<71,A and B,0.00000000000000,!,not included,not included,94.444444444444400,!,4.18910831837223,!,2.51762336354481,!
2015-16,R6,East of England,James Paget,BSU,50<71,A and B,0.00000000000000,!,not included,not included,100.000000000000000,!,6.28930817610062,!,1.32060272308281,!
2015-16,R6,East of England,Kings Lynn,BSU,50<71,A and B,0.00000000000000,!,not included,not included,100.000000000000000,!,5.73613766730401,!,1.58353127474267,!
2015-16,R6,East of England,Norfolk & Norwich,BSU,50<71,A and B,0.89605734767025,!,not included,not included,100.000000000000000,!,1.79211469534050,!,1.70530767540036,!
2015-16,R6,East of England,Peterborough,BSU,50<71,A and B,1.21654501216545,!,not included,not included,100.000000000000000,!,4.86618004866180,!,1.26137762618821,!
2015-16,R6,East of England,South Essex (Southend),BSU,50<71,A and B,0.54495912806540,!,not included,not included,91.176470588235200,,3.81471389645776,!,1.78070193951417,
2015-16,R6,East of England,West Suffolk,BSU,50<71,A and B,9.58466453674121,!,not included,not included,83.333333333333300,!,1.59744408945686,!,1.01624639232530,!
2015-16,R7,London,Central & East London,BSU,50<71,A and B,1.16387337057728,!,not included,not included,95.000000000000000,,2.67690875232774,!,1.26150465968283,
2015-16,R7,London,North London,BSU,50<71,A and B,0.25214321734745,!,not included,not included,100.000000000000000,,1.26071608673726,!,0.76988093791295,
2015-16,R7,London,Outer North East London,BSU,50<71,A and B,0.79702444208289,!,not included,not included,100.000000000000000,,2.65674814027630,!,1.37160869749544,!
2015-16,R7,London,South East London,BSU,50<71,A and B,0.64366632337796,!,not included,not included,98.181818181818100,,2.18846549948506,!,1.01750870842096,
2015-16,R7,London,South West London,BSU,50<71,A and B,1.08976978613267,!,not included,not included,98.437500000000000,,1.77087590246560,!,1.45023771556086,
2015-16,R7,London,West of London,BSU,50<71,A and B,3.88829975256274,!,not included,not included,97.872340425531900,,2.82785436550017,!,1.35392149108086,
2015-16,R8,South East,Aylesbury & Wycombe,BSU,50<71,A and B,1.87003272557269,!,not included,not included,84.000000000000000,!,3.74006545114539,!,1.78994943392849,!
2015-16,R8,South East,Canterbury,BSU,50<71,A and B,2.02292650033715,!,not included,not included,100.000000000000000,,3.70869858395144,!,2.20716613567830,
2015-16,R8,South East,East Berkshire,BSU,50<71,A and B,2.20458553791887,!,not included,not included,100.000000000000000,!,3.08641975308641,!,1.84089361066736,!
2015-16,R8,South East,East Sussex/Brighton,BSU,50<71,A and B,0.37078235076010,!,not included,not included,81.818181818181800,!,1.48312940304041,!,1.16318486663254,!
2015-16,R8,South East,Guildford,BSU,50<71,A and B,1.79140127388535,!,not included,not included,89.830508474576200,,4.97611464968152,,1.90931481964703,
2015-16,R8,South East,Isle of Wight,BSU,50<71,A and B,1.06496272630457,!,not included,not included,70.000000000000000,!,3.19488817891373,!,1.77059198478302,!
2015-16,R8,South East,Maidstone,BSU,50<71,A and B,3.84985563041385,!,not included,not included,94.117647058823500,!,1.92492781520692,!,1.47181363669299,!
2015-16,R8,South East,Medway,BSU,50<71,A and B,2.75103163686382,!,not included,not included,88.461538461538400,!,2.29252636405318,!,2.15654349209087,!
2015-16,R8,South East,North & Mid Hampshire,BSU,50<71,A and B,2.40963855421686,!,not included,not included,92.857142857142800,,2.40963855421686,!,1.51392202695992,!
2015-16,R8,South East,Oxford,BSU,50<71,A and B,0.40584415584416,!,not included,not included,85.714285714285700,!,2.02922077922077,!,0.95091744515108,!
2015-16,R8,South East,Portsmouth,BSU,50<71,A and B,2.49031543995572,!,not included,not included,84.375000000000000,,3.87382401770891,!,1.76571177879162,
2015-16,R8,South East,Southampton & Salisbury,BSU,50<71,A and B,3.37533753375337,!,not included,not included,97.727272727272700,,4.05040504050405,!,1.76323112102928,
2015-16,R8,South East,West Berkshire,BSU,50<71,A and B,1.94174757281553,!,not included,not included,94.117647058823500,!,4.36893203883495,!,1.47959636611132,!
2015-16,R8,South East,Worthing,BSU,50<71,A and B,1.07047279214986,!,not included,not included,89.189189189189200,,3.38983050847457,!,1.35068601778548,
2016-17,R1,North East,Gateshead,BSU,50<71,A and B,0.79302141157811,!,not included,not included,100.000000000000000,!,5.55114988104678,!,2.00021335609131,!
2016-17,R1,North East,Newcastle,BSU,50<71,A and B,1.30208333333333,!,not included,not included,100.000000000000000,,4.68750000000000,!,2.37603784114420,
2016-17,R1,North East,North Cumbria,BSU,50<71,A and B,0.00000000000000,!,not included,not included,100.000000000000000,!,1.86828584773470,!,0.92698595152790,!
2016-17,R1,North East,North Tees,BSU,50<71,A and B,0.86330935251799,!,not included,not included,100.000000000000000,,4.60431654676259,!,1.63944101619111,
2016-17,R10,South West,Avon,BSU,50<71,A and B,2.06307102858827,!,not included,not included,95.121951219512200,,5.89448865310934,!,2.10784267062306,
2016-17,R10,South West,Cornwall,BSU,50<71,A and B,0.00000000000000,!,not included,not included,90.909090909090900,!,3.40831629175187,!,1.26626357276267,!
2016-17,R10,South West,Dorset,BSU,50<71,A and B,1.10497237569060,!,not included,not included,92.857142857142800,,2.20994475138121,!,1.56154714803960,!
2016-17,R10,South West,Gloucestershire,BSU,50<71,A and B,1.84928340268146,!,not included,not included,100.000000000000000,!,1.84928340268146,!,1.43390365932213,!
2016-17,R10,South West,North & East Devon,BSU,50<71,A and B,2.03665987780040,!,not included,not included,88.888888888888800,!,6.10997963340122,!,2.20922572663442,!
2016-17,R10,South West,Somerset,BSU,50<71,A and B,1.78571428571428,!,not included,not included,90.000000000000000,!,7.14285714285714,!,2.03695304415842,!
2016-17,R10,South West,South Devon (Torbay),BSU,50<71,A and B,0.00000000000000,!,not included,not included,87.500000000000000,!,4.32588320115356,!,1.92996676948126,!
2016-17,R10,South West,Southampton & Salisbury,BSU,50<71,A and B,2.14362272240085,!,not included,not included,90.000000000000000,,3.21543408360128,!,2.02508062352232,!
2016-17,R10,South West,West Devon & East Cornwall,BSU,50<71,A and B,2.22551928783382,!,not included,not included,91.666666666666600,!,1.48367952522255,!,1.54864287262928,!
2016-17,R10,South West,Wiltshire,BSU,50<71,A and B,1.67224080267558,!,not included,not included,95.238095238095200,!,6.13154960981047,!,2.28650984596545,!
2016-17,R2,North West,"Bolton, Bury & Rochdale",BSU,50<71,A and B,0.00000000000000,!,not included,not included,100.000000000000000,,5.33661740558292,!,1.82993666589199,!
2016-17,R2,North West,Chester,BSU,50<71,A and B,0.00000000000000,!,not included,not included,100.000000000000000,!,5.05050505050505,!,3.16195535319041,!
2016-17,R2,North West,Crewe,BSU,50<71,A and B,0.00000000000000,!,not included,not included,100.000000000000000,!,3.27064595257563,!,0.76565281473116,!
2016-17,R2,North West,East Cheshire & Stockport,BSU,50<71,A and B,1.43061516452074,!,not included,not included,93.750000000000000,!,4.76871721506914,!,1.65245918976620,!
2016-17,R2,North West,East Lancashire,BSU,50<71,A and B,0.00000000000000,!,not included,not included,100.000000000000000,!,3.61383582860092,!,1.89887539104965,!
2016-17,R2,North West,Greater Manchester,BSU,50<71,A and B,0.15349194167306,!,not included,not included,98.550724637681100,,4.75825019186492,,1.91656638917523,
2016-17,R2,North West,Liverpool,BSU,50<71,A and B,0.29222676797195,!,not included,not included,100.000000000000000,,3.50672121566335,!,2.04267557817932,
2016-17,R2,North West,North Lancashire,BSU,50<71,A and B,0.54719562243502,!,not included,not included,100.000000000000000,,1.36798905608755,!,1.40474010392522,!
2016-17,R2,North West,South Lancashire,BSU,50<71,A and B,1.01044122600202,!,not included,not included,100.000000000000000,!,4.04176490400808,!,1.70779470030642,!
2016-17,R2,North West,Warrington,BSU,50<71,A and B,1.43403441682600,!,not included,not included,90.909090909090900,!,1.91204588910133,!,1.57989292839925,!
2016-17,R2,North West,Wirral,BSU,50<71,A and B,0.00000000000000,!,not included,not included,87.500000000000000,!,2.91970802919708,!,2.23839992286129,!
2016-17,R3,Yorkshire and the Humber,Barnsley,BSU,50<71,A and B,0.00000000000000,!,not included,not included,100.000000000000000,!,2.43013365735115,!,1.45058719769762,!
2016-17,R3,Yorkshire and the Humber,Doncaster,BSU,50<71,A and B,0.00000000000000,!,not included,not included,100.000000000000000,!,4.19874037788663,!,1.75527059889832,!
2016-17,R3,Yorkshire and the Humber,Humberside,BSU,50<71,A and B,0.00000000000000,!,not included,not included,100.000000000000000,!,1.56284885018977,!,0.77871107742465,!
2016-17,R3,Yorkshire and the Humber,Leeds Wakefield,BSU,50<71,A and B,0.51059484299209,!,not included,not included,94.736842105263100,,4.08475874393668,!,1.52659743743005,
2016-17,R3,Yorkshire and the Humber,North Yorkshire,BSU,50<71,A and B,0.74766355140187,!,not included,not included,95.000000000000000,!,2.24299065420560,!,1.31626055640966,!
2016-17,R3,Yorkshire and the Humber,Pennine,BSU,50<71,A and B,1.29769011160134,!,not included,not included,95.454545454545400,!,2.33584220088242,!,0.96100482664674,!
2016-17,R3,Yorkshire and the Humber,Rotherham,BSU,50<71,A and B,0.00000000000000,!,not included,not included,100.000000000000000,!,4.42477876106194,!,1.38979611690964,!
2016-17,R3,Yorkshire and the Humber,Sheffield,BSU,50<71,A and B,0.00000000000000,!,not included,not included,100.000000000000000,!,4.44162436548223,!,2.26107928851371,!
2016-17,R4,East Midlands,Derby City & South Derbyshire,BSU,50<71,A and B,1.38888888888888,!,not included,not included,90.476190476190400,!,2.77777777777777,!,1.66646298785703,!
2016-17,R4,East Midlands,Kettering,BSU,50<71,A and B,0.00000000000000,!,not included,not included,75.000000000000000,!,3.69458128078817,!,1.67483614519712,!
2016-17,R4,East Midlands,Leicestershire,BSU,50<71,A and B,0.29638411381150,!,not included,not included,100.000000000000000,,3.85299347954949,!,1.64739453809922,!
2016-17,R4,East Midlands,Lincolnshire,BSU,50<71,A and B,0.00000000000000,!,not included,not included,100.000000000000000,!,3.36558687421119,!,2.05415536066077,!
2016-17,R4,East Midlands,Milton Keynes,BSU,50<71,A and B,0.00000000000000,!,not included,not included,100.000000000000000,!,4.59136822773186,!,1.64500740253331,!
2016-17,R4,East Midlands,North Derbyshire & Chesterfield,BSU,50<71,A and B,0.00000000000000,!,not included,not included,100.000000000000000,!,1.34589502018842,!,1.47510997764388,!
2016-17,R4,East Midlands,North Nottinghamshire,BSU,50<71,A and B,1.72860847018150,!,not included,not included,71.428571428571400,!,0.86430423509075,!,0.63079278036636,!
2016-17,R4,East Midlands,Northampton,BSU,50<71,A and B,0.00000000000000,!,not included,not included,100.000000000000000,!,5.59105431309904,!,2.55429705744978,!
2016-17,R4,East Midlands,Nottingham City,BSU,50<71,A and B,1.83755972069092,!,not included,not included,100.000000000000000,!,2.94009555310547,!,1.57077657448535,!
2016-17,R5,West Midlands,"City, Sandwell & Walsall",BSU,50<71,A and B,0.49200492004920,!,not included,not included,100.000000000000000,,3.19803198031980,!,1.93183135339559,
2016-17,R5,West Midlands,Dudley & Wolverhampton,BSU,50<71,A and B,3.15599639314697,!,not included,not included,88.888888888888800,!,4.50856627592425,!,2.17699148070667,!
2016-17,R5,West Midlands,Hereford & Worcester,BSU,50<71,A and B,1.46663407479833,!,not included,not included,94.444444444444400,,3.42214617452945,!,1.87482936123391,
2016-17,R5,West Midlands,North Staffordshire,BSU,50<71,A and B,0.00000000000000,!,not included,not included,90.909090909090900,!,5.86353944562899,!,2.06294030882216,!
2016-17,R5,West Midlands,Shropshire,BSU,50<71,A and B,0.84104289318755,!,not included,not included,100.000000000000000,!,3.78469301934398,!,1.55849337328617,!
2016-17,R5,West Midlands,South Birmingham,BSU,50<71,A and B,0.00000000000000,!,not included,not included,100.000000000000000,!,3.05250305250305,!,1.42886944991383,!
2016-17,R5,West Midlands,South Staffordshire,BSU,50<71,A and B,0.61938680706101,!,not included,not included,95.454545454545400,!,2.47754722824403,!,1.24654667616119,!
2016-17,R5,West Midlands,"Warwickshire, Solihull & Coventry",BSU,50<71,A and B,0.76007093995440,!,not included,not included,94.117647058823500,,1.77349885989359,!,1.28334958909479,!
2016-17,R6,East of England,Bedfordshire & Hertfordshire,BSU,50<71,A and B,0.34977264777894,!,not included,not included,96.428571428571400,,1.74886323889471,!,1.60301333624889,
2016-17,R6,East of England,Cambridge & Huntingdon,BSU,50<71,A and B,0.82576383154418,!,not included,not included,100.000000000000000,!,3.30305532617671,!,1.37293330633231,!
2016-17,R6,East of England,Colchester & Chelmsford,BSU,50<71,A and B,0.68516615279205,!,not included,not included,100.000000000000000,!,3.08324768756423,!,1.53755021315301,!
2016-17,R6,East of England,East Suffolk,BSU,50<71,A and B,0.00000000000000,!,not included,not included,83.333333333333300,!,1.60256410256410,!,1.25080520585126,!
2016-17,R6,East of England,Epping,BSU,50<71,A and B,0.55340343110127,!,not included,not included,100.000000000000000,!,1.66021029330381,!,0.68430906682141,!
2016-17,R6,East of England,James Paget,BSU,50<71,A and B,0.00000000000000,!,not included,not included,100.000000000000000,!,4.46428571428571,!,1.35459750392833,!
2016-17,R6,East of England,Kings Lynn,BSU,50<71,A and B,0.00000000000000,!,not included,not included,75.000000000000000,!,2.48756218905472,!,1.51940277341652,!
2016-17,R6,East of England,Norfolk & Norwich,BSU,50<71,A and B,0.00000000000000,!,not included,not included,100.000000000000000,!,2.13675213675213,!,1.98358473433188,!
2016-17,R6,East of England,Peterborough,BSU,50<71,A and B,0.00000000000000,!,not included,not included,100.000000000000000,!,3.00751879699248,!,1.19167495873825,!
2016-17,R6,East of England,South Essex (Southend),BSU,50<71,A and B,1.43707657565181,!,not included,not included,91.428571428571400,,3.07944980496817,!,1.47287073680104,
2016-17,R6,East of England,West Suffolk,BSU,50<71,A and B,4.21052631578947,!,not included,not included,100.000000000000000,!,0.00000000000000,!,1.73867686690428,!
2016-17,R7,London,Central & East London,BSU,50<71,A and B,0.69357747260369,!,not included,not included,98.571428571428500,,2.35816340685254,!,1.45469221807755,
2016-17,R7,London,North London,BSU,50<71,A and B,0.40827436037017,!,not included,not included,98.484848484848400,,2.31355470876429,!,1.25000436048032,
2016-17,R7,London,Outer North East London,BSU,50<71,A and B,2.68489138393946,!,not included,not included,86.956521739130400,!,2.19672931413229,!,0.95269157787021,!
2016-17,R7,London,South East London,BSU,50<71,A and B,0.62743129627306,!,not included,not included,98.437500000000000,,2.63521144434684,!,1.35466708209790,
2016-17,R7,London,South West London,BSU,50<71,A and B,1.95193363425643,!,not included,not included,95.454545454545400,,2.19592533853849,!,1.64427616128421,
2016-17,R7,London,West of London,BSU,50<71,A and B,2.84814870334282,!,not included,not included,96.551724137931000,,1.64892819667216,!,1.31457127135943,
2016-17,R8,South East,Aylesbury & Wycombe,BSU,50<71,A and B,0.88888888888889,!,not included,not included,95.652173913043400,!,3.55555555555555,!,1.40358453897646,!
2016-17,R8,South East,Canterbury,BSU,50<71,A and B,4.68164794007490,!,not included,not included,94.117647058823500,!,2.34082397003745,!,1.20515565589592,!
2016-17,R8,South East,East Berkshire,BSU,50<71,A and B,2.22098833981121,!,not included,not included,100.000000000000000,!,1.66574125485841,!,1.28899533125891,!
2016-17,R8,South East,East Sussex/Brighton,BSU,50<71,A and B,1.22436486072849,!,not included,not included,97.368421052631500,,3.36700336700336,!,2.09679944532665,
2016-17,R8,South East,Guildford,BSU,50<71,A and B,1.99163513244373,!,not included,not included,98.360655737704900,,5.17825134435371,,2.00262343670207,
2016-17,R8,South East,Isle of Wight,BSU,50<71,A and B,0.00000000000000,!,not included,not included,100.000000000000000,!,6.45161290322580,!,2.13889364198587,!
2016-17,R8,South East,Maidstone,BSU,50<71,A and B,2.29797012638835,!,not included,not included,96.428571428571400,,4.21294523171198,!,2.22397669272426,!
2016-17,R8,South East,Medway,BSU,50<71,A and B,0.00000000000000,!,not included,not included,82.352941176470500,!,1.48257968865826,!,1.05402029691751,!
2016-17,R8,South East,North & Mid Hampshire,BSU,50<71,A and B,0.48804294777940,!,not included,not included,86.956521739130400,!,4.39238653001464,!,1.85116623472787,!
2016-17,R8,South East,Oxford,BSU,50<71,A and B,0.00000000000000,!,not included,not included,96.551724137931000,,4.10396716826265,!,1.61685931545410,!
2016-17,R8,South East,Portsmouth,BSU,50<71,A and B,5.52995391705069,!,not included,not included,88.888888888888800,,3.68663594470046,!,2.51835777889238,!
2016-17,R8,South East,West Berkshire,BSU,50<71,A and B,3.75738056897477,!,not included,not included,86.666666666666600,!,1.07353730542136,!,1.12178608287257,!
2016-17,R8,South East,Worthing,BSU,50<71,A and B,0.67024128686327,!,not included,not included,93.333333333333300,,2.23413762287756,!,1.13311512773444,!
2017-18,R1,North East,Gateshead,BSU,50<71,A and B,0.90009000900090,!,not included,not included,100.000000000000000,!,1.80018001800180,!,0.55658214039228,!
2017-18,R1,North East,Newcastle,BSU,50<71,A and B,0.00000000000000,!,not included,not included,93.939393939393900,,4.88917861799217,!,1.58546087082570,!
2017-18,R1,North East,North Cumbria,BSU,50<71,A and B,0.50890585241730,!,not included,not included,100.000000000000000,,5.08905852417302,!,2.39148931885349,!
2017-18,R1,North East,North Tees,BSU,50<71,A and B,0.00000000000000,!,not included,not included,94.117647058823500,,2.44140625000000,!,1.34641817641122,!
2017-18,R10,South West,Avon,BSU,50<71,A and B,0.89485458612975,!,not included,not included,96.078431372549000,,3.57941834451901,!,2.08927750640979,
2017-18,R10,South West,Cornwall,BSU,50<71,A and B,0.60204695966285,!,not included,not included,100.000000000000000,!,3.61228175797712,!,1.58333525252757,!
2017-18,R10,South West,Dorset,BSU,50<71,A and B,2.08706022659511,!,not included,not included,91.836734693877500,,5.96302921884317,!,2.51631058541965,
2017-18,R10,South West,Gloucestershire,BSU,50<71,A and B,2.09753539590980,!,not included,not included,94.117647058823500,!,2.62191924488725,!,1.48729478430507,!
2017-18,R10,South West,North & East Devon,BSU,50<71,A and B,0.96618357487923,!,not included,not included,100.000000000000000,!,5.79710144927536,!,2.13974478680361,!
2017-18,R10,South West,Somerset,BSU,50<71,A and B,0.57045065601825,!,not included,not included,100.000000000000000,!,1.14090131203650,!,0.81384402950456,!
2017-18,R10,South West,South Devon (Torbay),BSU,50<71,A and B,1.40646976090014,!,not included,not included,87.500000000000000,!,3.51617440225035,!,1.67699696798948,!
2017-18,R10,South West,Southampton & Salisbury,BSU,50<71,A and B,0.00000000000000,!,not included,not included,93.548387096774100,,5.51782682512733,!,2.37668792376345,
2017-18,R10,South West,West Devon & East Cornwall,BSU,50<71,A and B,3.23450134770889,!,not included,not included,94.736842105263100,!,2.15633423180593,!,1.67398498564235,!
2017-18,R10,South West,Wiltshire,BSU,50<71,A and B,0.93852651337400,!,not included,not included,94.444444444444400,!,2.81557954012200,!,1.64162639209918,!
2017-18,R2,North West,"Bolton, Bury & Rochdale",BSU,50<71,A and B,0.52798310454065,!,not included,not included,100.000000000000000,!,3.69588173178458,!,2.49721738634093,!
2017-18,R2,North West,Chester,BSU,50<71,A and B,0.00000000000000,!,not included,not included,100.000000000000000,!,5.67107750472589,!,1.50126481560714,!
2017-18,R2,North West,Crewe,BSU,50<71,A and B,1.09051254089422,!,not included,not included,100.000000000000000,!,2.18102508178844,!,1.25980760218299,!
2017-18,R2,North West,East Cheshire & Stockport,BSU,50<71,A and B,0.00000000000000,!,not included,not included,100.000000000000000,!,1.74520069808027,!,1.08432526504975,!
2017-18,R2,North West,East Lancashire,BSU,50<71,A and B,0.52493438320210,!,not included,not included,94.117647058823500,!,1.57480314960629,!,1.27861481844831,!
2017-18,R2,North West,Greater Manchester,BSU,50<71,A and B,1.40930138916851,!,not included,not included,97.435897435897400,,2.61727400845580,!,1.22939622985156,
2017-18,R2,North West,Liverpool,BSU,50<71,A and B,0.37636432066240,!,not included,not included,94.117647058823500,,3.76364320662401,!,2.04529649981592,!
2017-18,R2,North West,North Lancashire,BSU,50<71,A and B,0.94488188976378,!,not included,not included,96.774193548387100,,3.14960629921259,!,1.65092545138455,!
2017-18,R2,North West,South Lancashire,BSU,50<71,A and B,0.92721372276310,!,not included,not included,100.000000000000000,!,1.85442744552619,!,1.37998093503262,!
2017-18,R2,North West,Warrington,BSU,50<71,A and B,1.57563025210084,!,not included,not included,85.714285714285700,!,2.10084033613445,!,1.72141588916048,!
2017-18,R2,North West,Wirral,BSU,50<71,A and B,0.00000000000000,!,not included,not included,100.000000000000000,!,5.32724505327245,!,2.45415980086246,!
2017-18,R3,Yorkshire and the Humber,Barnsley,BSU,50<71,A and B,0.00000000000000,!,not included,not included,100.000000000000000,!,3.56188780053428,!,1.93805961471374,!
2017-18,R3,Yorkshire and the Humber,Doncaster,BSU,50<71,A and B,0.00000000000000,!,not included,not included,91.666666666666600,!,7.29261622607110,!,2.31850334286027,!
2017-18,R3,Yorkshire and the Humber,Humberside,BSU,50<71,A and B,0.00000000000000,!,not included,not included,100.000000000000000,,2.73473108477666,!,1.32405842024499,!
2017-18,R3,Yorkshire and the Humber,Leeds Wakefield,BSU,50<71,A and B,0.81721601743394,!,not included,not included,91.176470588235200,,4.63089076545900,!,1.57811943712898,
2017-18,R3,Yorkshire and the Humber,North Yorkshire,BSU,50<71,A and B,0.65552277941658,!,not included,not included,97.560975609756100,,3.27761389708292,!,2.38446131173062,
2017-18,R3,Yorkshire and the Humber,Pennine,BSU,50<71,A and B,0.45724737082762,!,not included,not included,87.500000000000000,,3.42935528120713,!,1.25309750038376,!
2017-18,R3,Yorkshire and the Humber,Rotherham,BSU,50<71,A and B,0.00000000000000,!,not included,not included,100.000000000000000,!,1.96078431372549,!,1.45386169898278,!
2017-18,R3,Yorkshire and the Humber,Sheffield,BSU,50<71,A and B,0.00000000000000,!,not included,not included,94.117647058823500,!,1.57563025210084,!,1.14875921241068,!
2017-18,R4,East Midlands,Derby City & South Derbyshire,BSU,50<71,A and B,0.55679287305122,!,not included,not included,88.636363636363600,,3.61915367483296,!,1.76753153344237,
2017-18,R4,East Midlands,Kettering,BSU,50<71,A and B,0.69060773480663,!,not included,not included,90.909090909090900,!,1.38121546961325,!,1.30434215503410,!
2017-18,R4,East Midlands,Leicestershire,BSU,50<71,A and B,0.77619663648124,!,not included,not included,97.560975609756100,,5.43337645536869,!,1.88946146569304,
2017-18,R4,East Midlands,Lincolnshire,BSU,50<71,A and B,0.00000000000000,!,not included,not included,100.000000000000000,!,4.63392029657089,!,2.00505696472366,!
2017-18,R4,East Midlands,Milton Keynes,BSU,50<71,A and B,0.00000000000000,!,not included,not included,100.000000000000000,!,2.20750551876379,!,1.25490668513889,!
2017-18,R4,East Midlands,North Derbyshire & Chesterfield,BSU,50<71,A and B,0.00000000000000,!,not included,not included,95.000000000000000,!,5.47445255474452,!,2.20319963338758,!
2017-18,R4,East Midlands,North Nottinghamshire,BSU,50<71,A and B,1.21654501216545,!,not included,not included,100.000000000000000,!,2.43309002433090,!,1.15013255277670,!
2017-18,R4,East Midlands,Northampton,BSU,50<71,A and B,0.60532687651332,!,not included,not included,100.000000000000000,!,3.63196125907990,!,1.73324243439677,!
2017-18,R4,East Midlands,Nottingham City,BSU,50<71,A and B,0.41806020066890,!,not included,not included,100.000000000000000,,7.52508361204013,!,2.55093531024278,
2017-18,R5,West Midlands,"City, Sandwell & Walsall",BSU,50<71,A and B,0.46663555762949,!,not included,not included,100.000000000000000,,1.86654223051796,!,1.28763377978457,!
2017-18,R5,West Midlands,Dudley & Wolverhampton,BSU,50<71,A and B,2.99401197604790,!,not included,not included,95.454545454545400,!,0.89820359281437,!,0.89915659111753,!
2017-18,R5,West Midlands,Hereford & Worcester,BSU,50<71,A and B,1.80342651036970,!,not included,not included,97.058823529411700,,3.90742410580102,!,2.15258374627064,
2017-18,R5,West Midlands,North Staffordshire,BSU,50<71,A and B,1.33037694013303,!,not included,not included,100.000000000000000,!,4.43458980044345,!,2.01741346358037,!
2017-18,R5,West Midlands,Shropshire,BSU,50<71,A and B,0.87298123090354,!,not included,not included,95.454545454545400,!,4.36490615451767,!,1.94796340426084,!
2017-18,R5,West Midlands,South Birmingham,BSU,50<71,A and B,0.00000000000000,!,not included,not included,90.909090909090900,!,1.66389351081530,!,1.29943418922731,!
2017-18,R5,West Midlands,"Warwickshire, Solihull & Coventry",BSU,50<71,A and B,0.78064012490242,!,not included,not included,93.548387096774100,,2.08170699973978,!,1.40447722914961,!
2017-18,R6,East of England,Bedfordshire & Hertfordshire,BSU,50<71,A and B,0.39393342525113,!,not included,not included,92.500000000000000,,2.95450068938349,!,1.59392160273826,
2017-18,R6,East of England,Cambridge & Huntingdon,BSU,50<71,A and B,2.11565585331452,!,not included,not included,90.909090909090900,!,2.11565585331452,!,1.38678303317185,!
2017-18,R6,East of England,Colchester & Chelmsford,BSU,50<71,A and B,0.39793076004775,!,not included,not included,90.476190476190400,!,2.78551532033426,!,1.43120484548712,!
2017-18,R6,East of England,East Suffolk,BSU,50<71,A and B,0.00000000000000,!,not included,not included,100.000000000000000,!,1.39275766016713,!,1.38246044780658,!
2017-18,R6,East of England,Epping,BSU,50<71,A and B,0.59630292188432,!,not included,not included,100.000000000000000,!,2.98151460942158,!,1.45364894959326,!
2017-18,R6,East of England,James Paget,BSU,50<71,A and B,0.00000000000000,!,not included,not included,100.000000000000000,!,0.00000000000000,!,1.89599817984174,!
2017-18,R6,East of England,Kings Lynn,BSU,50<71,A and B,4.72813238770685,!,not included,not included,100.000000000000000,!,0.00000000000000,!,0.44160248710521,!
2017-18,R6,East of England,Norfolk & Norwich,BSU,50<71,A and B,0.00000000000000,!,not included,not included,100.000000000000000,!,6.11995104039167,!,2.17861759451569,!
2017-18,R6,East of England,Peterborough,BSU,50<71,A and B,1.50150150150150,!,not included,not included,100.000000000000000,!,4.50450450450450,!,2.14351769626966,!
2017-18,R6,East of England,South Essex (Southend),BSU,50<71,A and B,0.49419322955276,!,not included,not included,100.000000000000000,!,2.47096614776377,!,1.00599930645224,!
2017-18,R6,East of England,West Suffolk,BSU,50<71,A and B,1.66944908180300,!,not included,not included,75.000000000000000,!,3.33889816360601,!,1.04087877925736,!
2017-18,R7,London,Central & East London,BSU,50<71,A and B,0.38819875776398,!,not included,not included,97.222222222222200,,1.94099378881987,!,1.21862370379784,
2017-18,R7,London,North London,BSU,50<71,A and B,0.28935185185185,!,not included,not included,98.461538461538400,,2.89351851851851,!,1.46609910954754,
2017-18,R7,London,Outer North East London,BSU,50<71,A and B,1.10527770102238,!,not included,not included,100.000000000000000,,2.21055540204476,!,1.21234241143838,!
2017-18,R7,London,South East London,BSU,50<71,A and B,0.29976019184652,!,not included,not included,100.000000000000000,,2.99760191846522,!,1.61248816137518,
2017-18,R7,London,South West London,BSU,50<71,A and B,1.97546267415263,!,not included,not included,100.000000000000000,,2.49532127261384,!,1.57576979991117,
2017-18,R7,London,West of London,BSU,50<71,A and B,1.38145398031428,!,not included,not included,100.000000000000000,,1.89949922293213,!,1.03687558637102,
2017-18,R8,South East,Aylesbury & Wycombe,BSU,50<71,A and B,0.72621641249092,!,not included,not included,100.000000000000000,!,3.63108206245461,!,2.13323881444432,!
2017-18,R8,South East,Canterbury,BSU,50<71,A and B,3.33651096282173,!,not included,not included,88.888888888888800,!,2.85986653956148,!,1.38182328393492,!
2017-18,R8,South East,East Berkshire,BSU,50<71,A and B,1.18273211117681,!,not included,not included,100.000000000000000,!,2.95683027794204,!,2.42398778310157,!
2017-18,R8,South East,East Sussex/Brighton,BSU,50<71,A and B,0.35958288385473,!,not included,not included,83.333333333333300,!,0.71916576770946,!,0.98154370650534,!
2017-18,R8,South East,Guildford,BSU,50<71,A and B,2.63901979264844,!,not included,not included,98.245614035087700,,3.01602262016965,!,1.64408201569787,
2017-18,R8,South East,Isle of Wight,BSU,50<71,A and B,0.00000000000000,!,not included,not included,100.000000000000000,!,3.62318840579710,!,0.76583751991178,!
2017-18,R8,South East,Maidstone,BSU,50<71,A and B,1.54479917610710,!,not included,not included,81.250000000000000,!,3.60453141091658,!,1.33218684526044,!
2017-18,R8,South East,Medway,BSU,50<71,A and B,1.31118881118881,!,not included,not included,100.000000000000000,!,3.05944055944055,!,2.17199287586336,!
2017-18,R8,South East,North & Mid Hampshire,BSU,50<71,A and B,1.98216055500495,!,not included,not included,90.909090909090900,!,6.44202180376610,!,2.22329876688829,!
2017-18,R8,South East,Oxford,BSU,50<71,A and B,1.56494522691705,!,not included,not included,90.000000000000000,!,1.04329681794470,!,1.06009814153016,!
2017-18,R8,South East,Portsmouth,BSU,50<71,A and B,3.40522133938706,!,not included,not included,93.333333333333300,!,2.27014755959137,!,1.28019336040515,!
2017-18,R8,South East,West Berkshire,BSU,50<71,A and B,0.54674685620558,!,not included,not included,85.714285714285700,!,2.18698742482230,!,1.26230749810653,!
2017-18,R8,South East,Worthing,BSU,50<71,A and B,0.00000000000000,!,not included,not included,100.000000000000000,,2.00222469410456,!,1.63561288525278,
2018-19,R1,North East,Gateshead,BSU,50<71,A and B,0.00000000000000,!,not included,not included,100.000000000000000,!,3.78501135503406,!,2.04272757556520,!
2018-19,R1,North East,Newcastle,BSU,50<71,A and B,0.00000000000000,!,not included,not included,96.666666666666600,,2.75103163686382,!,1.48881585855309,!
2018-19,R1,North East,North Cumbria,BSU,50<71,A and B,0.00000000000000,!,not included,not included,100.000000000000000,!,4.37636761487964,!,1.62632036884945,!
2018-19,R1,North East,North Tees,BSU,50<71,A and B,0.69783670621075,!,not included,not included,100.000000000000000,,3.48918353105373,!,1.85076404367803,!
2018-19,R10,South West,Avon,BSU,50<71,A and B,0.77519379844961,!,not included,not included,97.058823529411700,,3.35917312661498,!,1.68521202374704,
2018-19,R10,South West,Cornwall,BSU,50<71,A and B,0.00000000000000,!,not included,not included,94.736842105263100,!,2.79069767441860,!,1.41361814476754,!
2018-19,R10,South West,Dorset,BSU,50<71,A and B,1.47874306839186,!,not included,not included,91.891891891891900,,3.69685767097966,!,2.03741370704028,!
2018-19,R10,South West,Gloucestershire,BSU,50<71,A and B,0.79840319361277,!,not included,not included,95.454545454545400,!,2.79441117764471,!,1.64580368466401,!
2018-19,R10,South West,North & East Devon,BSU,50<71,A and B,0.00000000000000,!,not included,not included,100.000000000000000,!,5.42888165038002,!,1.11253515611093,!
2018-19,R10,South West,Somerset,BSU,50<71,A and B,0.47596382674917,!,not included,not included,100.000000000000000,!,3.80771061399333,!,1.54865200904412,!
2018-19,R10,South West,South Devon (Torbay),BSU,50<71,A and B,0.00000000000000,!,not included,not included,100.000000000000000,!,3.92156862745098,!,1.07209633428821,!
2018-19,R10,South West,Southampton & Salisbury,BSU,50<71,A and B,1.18249901458415,!,not included,not included,96.296296296296200,,5.51832873472605,!,1.86039243117943,!
2018-19,R10,South West,West Devon & East Cornwall,BSU,50<71,A and B,0.00000000000000,!,not included,not included,95.454545454545400,!,4.79123887748117,!,2.00107750327099,!
2018-19,R10,South West,Wiltshire,BSU,50<71,A and B,1.83823529411764,!,not included,not included,94.444444444444400,!,2.94117647058823,!,1.21894307187584,!
2018-19,R2,North West,"Bolton, Bury & Rochdale",BSU,50<71,A and B,0.35893754486719,!,not included,not included,100.000000000000000,!,1.79468772433596,!,1.31901107144918,!
2018-19,R2,North West,Crewe,BSU,50<71,A and B,0.00000000000000,!,not included,not included,100.000000000000000,!,1.66805671392827,!,0.77222760636470,!
2018-19,R2,North West,East Cheshire & Stockport,BSU,50<71,A and B,1.23001230012300,!,not included,not included,100.000000000000000,!,3.69003690036900,!,1.25953044704934,!
2018-19,R2,North West,East Lancashire,BSU,50<71,A and B,1.40449438202247,!,not included,not included,100.000000000000000,!,2.34082397003745,!,1.03533601830474,!
2018-19,R2,North West,Greater Manchester,BSU,50<71,A and B,1.11433028749721,!,not included,not included,100.000000000000000,,3.34299086249164,!,1.41684165475379,
2018-19,R2,North West,Liverpool,BSU,50<71,A and B,1.62074554294975,!,not included,not included,93.103448275862000,,2.16099405726634,!,1.40948645667361,!
2018-19,R2,North West,North Lancashire,BSU,50<71,A and B,1.33333333333333,!,not included,not included,96.296296296296200,,3.33333333333333,!,1.15574869400397,!
2018-19,R2,North West,South Lancashire,BSU,50<71,A and B,0.79239302694136,!,not included,not included,100.000000000000000,!,3.96196513470681,!,1.77693648667858,!
2018-19,R2,North West,Warrington,BSU,50<71,A and B,1.24018189334435,!,not included,not included,96.969696969696900,,3.72054568003307,!,2.32487852509706,!
2018-19,R2,North West,Wirral & Chester,BSU,50<71,A and B,0.00000000000000,!,not included,not included,100.000000000000000,!,2.86041189931350,!,1.53972095123960,!
2018-19,R3,Yorkshire and the Humber,Barnsley,BSU,50<71,A and B,0.00000000000000,!,not included,not included,100.000000000000000,!,1.74825174825174,!,1.54229354473036,!
2018-19,R3,Yorkshire and the Humber,Doncaster,BSU,50<71,A and B,0.62774639045825,!,not included,not included,100.000000000000000,!,2.51098556183301,!,1.01433986761415,!
2018-19,R3,Yorkshire and the Humber,Humberside,BSU,50<71,A and B,0.34129692832765,!,not included,not included,100.000000000000000,!,1.02389078498293,!,1.37622254436024,!
2018-19,R3,Yorkshire and the Humber,Leeds Wakefield,BSU,50<71,A and B,0.70604848199576,!,not included,not included,94.545454545454500,,6.35443633796187,,1.94255435105194,
2018-19,R3,Yorkshire and the Humber,North Yorkshire,BSU,50<71,A and B,0.00000000000000,!,not included,not included,90.625000000000000,,1.54225786551511,!,1.60315734552121,!
2018-19,R3,Yorkshire and the Humber,Pennine,BSU,50<71,A and B,1.33362969548788,!,not included,not included,95.121951219512200,,2.88953100689042,!,1.50721697063941,
2018-19,R3,Yorkshire and the Humber,Rotherham,BSU,50<71,A and B,0.00000000000000,!,not included,not included,66.666666666666600,!,2.43309002433090,!,0.58866120781507,!
2018-19,R3,Yorkshire and the Humber,Sheffield,BSU,50<71,A and B,1.10375275938189,!,not included,not included,100.000000000000000,!,3.86313465783664,!,1.72725340136054,!
2018-19,R4,East Midlands,Derby City & South Derbyshire,BSU,50<71,A and B,1.02066853789231,!,not included,not included,96.666666666666600,,2.04133707578463,!,1.10812601116498,!
2018-19,R4,East Midlands,Kettering,BSU,50<71,A and B,5.01253132832080,!,not included,not included,100.000000000000000,!,3.34168755221386,!,1.18193995745016,!
2018-19,R4,East Midlands,Leicestershire,BSU,50<71,A and B,0.26483050847458,!,not included,not included,100.000000000000000,!,3.44279661016949,!,1.06002219811191,!
2018-19,R4,East Midlands,Lincolnshire,BSU,50<71,A and B,0.33467202141901,!,not included,not included,96.666666666666600,,3.34672021419009,!,1.53750119156342,!
2018-19,R4,East Midlands,Milton Keynes,BSU,50<71,A and B,0.93109869646183,!,not included,not included,87.500000000000000,!,2.79329608938547,!,1.07982964607503,!
2018-19,R4,East Midlands,North Derbyshire & Chesterfield,BSU,50<71,A and B,1.20336943441636,!,not included,not included,100.000000000000000,!,3.00842358604091,!,1.48552210159782,!
2018-19,R4,East Midlands,North Nottinghamshire,BSU,50<71,A and B,0.00000000000000,!,not included,not included,100.000000000000000,!,0.00000000000000,!,0.00000000000000,!
2018-19,R4,East Midlands,Northampton,BSU,50<71,A and B,0.60975609756098,!,not included,not included,100.000000000000000,!,1.82926829268292,!,1.28551962131448,!
2018-19,R4,East Midlands,Nottingham City,BSU,50<71,A and B,0.00000000000000,!,not included,not included,96.666666666666600,,4.04411764705882,!,2.18257501946856,
2018-19,R5,West Midlands,"City, Sandwell & Walsall",BSU,50<71,A and B,1.19104335397808,!,not included,not included,100.000000000000000,,3.09671272034302,!,1.51505019518025,
2018-19,R5,West Midlands,Dudley & Wolverhampton,BSU,50<71,A and B,1.71939477303989,!,not included,not included,92.000000000000000,!,3.09491059147180,!,1.72489133184609,!
2018-19,R5,West Midlands,Hereford & Worcester,BSU,50<71,A and B,0.69637883008357,!,not included,not included,100.000000000000000,,2.43732590529247,!,1.74183199555357,!
2018-19,R5,West Midlands,North Staffordshire,BSU,50<71,A and B,0.00000000000000,!,not included,not included,96.666666666666600,,4.05844155844155,!,2.05575199407943,!
2018-19,R5,West Midlands,Shropshire,BSU,50<71,A and B,0.00000000000000,!,not included,not included,100.000000000000000,!,2.84495021337126,!,1.86928990349790,!
2018-19,R5,West Midlands,South Birmingham,BSU,50<71,A and B,0.70771408351026,!,not included,not included,100.000000000000000,!,1.41542816702052,!,1.28698886432885,!
2018-19,R5,West Midlands,"Warwickshire, Solihull & Coventry",BSU,50<71,A and B,0.53908355795148,!,not included,not included,97.674418604651100,,4.58221024258760,!,2.16336495966869,
2018-19,R6,East of England,Bedfordshire & Hertfordshire,BSU,50<71,A and B,0.35612535612536,!,not included,not included,98.039215686274500,,2.31481481481481,!,1.56173069351528,
2018-19,R6,East of England,Cambridge & Huntingdon,BSU,50<71,A and B,0.00000000000000,!,not included,not included,92.307692307692300,!,3.90370852309694,!,1.59590519742798,!
2018-19,R6,East of England,Colchester & Chelmsford,BSU,50<71,A and B,0.00000000000000,!,not included,not included,100.000000000000000,,2.92708887706226,!,1.93801704679794,
2018-19,R6,East of England,East Suffolk,BSU,50<71,A and B,0.00000000000000,!,not included,not included,100.000000000000000,!,2.39520958083832,!,0.78033554428404,!
2018-19,R6,East of England,Epping,BSU,50<71,A and B,1.43266475644699,!,not included,not included,100.000000000000000,!,1.43266475644699,!,0.83688731479684,!
2018-19,R6,East of England,James Paget,BSU,50<71,A and B,0.00000000000000,!,not included,not included,100.000000000000000,!,4.17536534446764,!,2.19529329118370,!
2018-19,R6,East of England,Kings Lynn,BSU,50<71,A and B,2.05761316872428,!,not included,not included,100.000000000000000,!,10.28806584362140,!,3.32336324360252,!
2018-19,R6,East of England,Norfolk & Norwich,BSU,50<71,A and B,0.00000000000000,!,not included,not included,100.000000000000000,!,3.31491712707182,!,1.78180862484464,!
2018-19,R6,East of England,Peterborough,BSU,50<71,A and B,1.25786163522012,!,not included,not included,100.000000000000000,!,2.51572327044025,!,1.01293005211525,!
2018-19,R6,East of England,South Essex (Southend),BSU,50<71,A and B,1.06345267635590,!,not included,not included,95.833333333333300,!,3.54484225451967,!,1.36408570951714,!
2018-19,R6,East of England,West Suffolk,BSU,50<71,A and B,1.43472022955523,!,not included,not included,100.000000000000000,!,3.58680057388809,!,1.38790097326555,!
2018-19,R7,London,Central & East London,BSU,50<71,A and B,0.50226017076846,!,not included,not included,97.058823529411700,,4.01808136614766,!,1.40003472086107,
2018-19,R7,London,North London,BSU,50<71,A and B,0.59040590405904,!,not included,not included,98.437500000000000,,2.80442804428044,!,1.31037473597509,
2018-19,R7,London,Outer North East London,BSU,50<71,A and B,1.30165961601041,!,not included,not included,92.592592592592600,,4.55580865603644,!,1.50334601871021,!
2018-19,R7,London,South East London,BSU,50<71,A and B,0.40722139269716,!,not included,not included,100.000000000000000,,1.22166417809148,!,1.11768700413967,
2018-19,R7,London,South West London,BSU,50<71,A and B,1.86857676736219,!,not included,not included,96.666666666666600,,2.18000622858922,!,1.45723687554858,
2018-19,R7,London,West of London,BSU,50<71,A and B,0.49342105263158,!,not included,not included,100.000000000000000,,1.64473684210526,!,1.32164591682577,
2018-19,R8,South East,Aylesbury & Wycombe,BSU,50<71,A and B,0.00000000000000,!,not included,not included,100.000000000000000,!,2.49003984063745,!,1.05969622041681,!
2018-19,R8,South East,Canterbury,BSU,50<71,A and B,5.51654964894684,!,not included,not included,100.000000000000000,!,5.01504513540621,!,1.72776847902381,!
2018-19,R8,South East,East Berkshire,BSU,50<71,A and B,0.00000000000000,!,not included,not included,100.000000000000000,!,1.64203612479474,!,1.50238127431979,!
2018-19,R8,South East,East Sussex/Brighton,BSU,50<71,A and B,0.63633471205854,!,not included,not included,92.000000000000000,!,1.90900413617562,!,1.33582489413587,!
2018-19,R8,South East,Guildford,BSU,50<71,A and B,1.08636610537751,!,not included,not included,93.243243243243200,,2.71591526344378,!,2.05540361415459,
2018-19,R8,South East,Isle of Wight,BSU,50<71,A and B,1.90114068441064,!,not included,not included,100.000000000000000,!,1.90114068441064,!,2.59342825280738,!
2018-19,R8,South East,Maidstone,BSU,50<71,A and B,0.57208237986270,!,not included,not included,100.000000000000000,!,2.28832951945080,!,1.67564209316054,!
2018-19,R8,South East,Medway,BSU,50<71,A and B,0.00000000000000,!,not included,not included,95.454545454545400,!,2.83400809716599,!,1.63120866805095,!
2018-19,R8,South East,North & Mid Hampshire,BSU,50<71,A and B,1.24018189334435,!,not included,not included,84.210526315789400,!,3.72054568003307,!,1.44490296031718,!
2018-19,R8,South East,Oxford,BSU,50<71,A and B,0.63171193935565,!,not included,not included,96.774193548387100,,3.79027163613392,!,1.83206945986012,!
2018-19,R8,South East,Portsmouth,BSU,50<71,A and B,3.18326512050932,!,not included,not included,90.000000000000000,!,4.09276944065484,!,1.58010833222725,!
2018-19,R8,South East,West Berkshire,BSU,50<71,A and B,0.00000000000000,!,not included,not included,100.000000000000000,!,1.44161460836136,!,1.57664759673859,!
2018-19,R8,South East,Worthing,BSU,50<71,A and B,0.37091988130564,!,not included,not included,96.296296296296200,,3.89465875370919,!,1.70443332077435,
2019-20,R1,North East,Gateshead,BSU,50<71,A and B,0.00000000000000,!,not included,not included,100.000000000000000,,3.26441784548422,!,2.01802499929369,
2019-20,R1,North East,Newcastle,BSU,50<71,A and B,0.58599472604747,!,not included,not included,100.000000000000000,,4.39496044535599,!,2.34113021503969,
2019-20,R1,North East,North Cumbria,BSU,50<71,A and B,0.50226017076846,!,not included,not included,100.000000000000000,!,4.01808136614766,!,1.48138638013362,!
2019-20,R1,North East,North Tees,BSU,50<71,A and B,0.28893383415198,!,not included,not included,100.000000000000000,,2.02253683906385,!,1.21869312765404,!
2019-20,R10,South West,Avon,BSU,50<71,A and B,0.21272069772389,!,not included,not included,100.000000000000000,,3.82897255902999,!,1.44974629439848,
2019-20,R10,South West,Cornwall,BSU,50<71,A and B,1.37551581843191,!,not included,not included,100.000000000000000,!,3.43878954607978,!,1.54050448440855,!
2019-20,R10,South West,Dorset,BSU,50<71,A and B,1.18110236220472,!,not included,not included,100.000000000000000,!,3.54330708661417,!,1.51066529699679,!
2019-20,R10,South West,Gloucestershire,BSU,50<71,A and B,0.43029259896730,!,not included,not included,100.000000000000000,,3.01204819277108,!,1.98366296939730,!
2019-20,R10,South West,North & East Devon,BSU,50<71,A and B,0.45516613563951,!,not included,not included,100.000000000000000,!,2.27583067819754,!,1.69918842512844,!
2019-20,R10,South West,Somerset,BSU,50<71,A and B,0.00000000000000,!,not included,not included,100.000000000000000,!,4.05797101449275,!,1.47041131414669,!
2019-20,R10,South West,South Devon (Torbay),BSU,50<71,A and B,0.00000000000000,!,not included,not included,92.307692307692300,!,2.69905533063427,!,1.54276704526169,!
2019-20,R10,South West,Southampton & Salisbury,BSU,50<71,A and B,1.73160173160173,!,not included,not included,96.666666666666600,,3.46320346320346,!,2.09602460351789,!
2019-20,R10,South West,West Devon & East Cornwall,BSU,50<71,A and B,0.61124694376528,!,not included,not included,94.117647058823500,!,2.44498777506112,!,2.17205577839238,!
2019-20,R10,South West,Wiltshire,BSU,50<71,A and B,1.73010380622837,!,not included,not included,95.652173913043400,!,3.02768166089965,!,1.69021366289185,!
2019-20,R2,North West,"Bolton, Bury & Rochdale",BSU,50<71,A and B,0.65466448445172,!,not included,not included,100.000000000000000,,2.94599018003273,!,1.46527016651330,!
2019-20,R2,North West,Crewe,BSU,50<71,A and B,0.80321285140562,!,not included,not included,100.000000000000000,!,4.81927710843373,!,2.05367944677609,!
2019-20,R2,North West,East Cheshire & Stockport,BSU,50<71,A and B,0.00000000000000,!,not included,not included,100.000000000000000,!,2.93255131964809,!,1.01780479861035,!
2019-20,R2,North West,East Lancashire,BSU,50<71,A and B,0.00000000000000,!,not included,not included,92.857142857142800,!,2.14592274678111,!,0.96362879477019,!
2019-20,R2,North West,Greater Manchester,BSU,50<71,A and B,0.45011252813203,!,not included,not included,100.000000000000000,,3.30082520630157,!,1.80380741109033,
2019-20,R2,North West,Liverpool,BSU,50<71,A and B,0.00000000000000,!,not included,not included,100.000000000000000,,2.50000000000000,!,1.15025892933898,!
2019-20,R2,North West,North Lancashire,BSU,50<71,A and B,0.78492935635793,!,not included,not included,88.235294117647000,!,1.56985871271585,!,0.79844994251160,!
2019-20,R2,North West,South Lancashire,BSU,50<71,A and B,0.82918739635158,!,not included,not included,100.000000000000000,!,1.65837479270315,!,1.06044743169272,!
2019-20,R2,North West,Warrington,BSU,50<71,A and B,1.07181136120042,!,not included,not included,95.454545454545400,!,0.00000000000000,!,1.58808108497699,!
2019-20,R2,North West,Wirral & Chester,BSU,50<71,A and B,0.00000000000000,!,not included,not included,100.000000000000000,!,4.70465237846314,!,1.86873099150194,!
2019-20,R3,Yorkshire and the Humber,Barnsley,BSU,50<71,A and B,1.49700598802395,!,not included,not included,100.000000000000000,!,2.99401197604790,!,2.04297047907657,!
2019-20,R3,Yorkshire and the Humber,Doncaster,BSU,50<71,A and B,0.87757788503730,!,not included,not included,100.000000000000000,!,3.94910048266783,!,2.10550695343671,!
2019-20,R3,Yorkshire and the Humber,Humberside,BSU,50<71,A and B,0.36140224069389,!,not included,not included,100.000000000000000,!,1.08420672208167,!,1.20610772954240,!
2019-20,R3,Yorkshire and the Humber,Leeds Wakefield,BSU,50<71,A and B,1.07874865156418,!,not included,not included,97.916666666666600,,3.88349514563106,!,1.82353823149209,
2019-20,R3,Yorkshire and the Humber,North Yorkshire,BSU,50<71,A and B,0.38446751249519,!,not included,not included,96.296296296296200,,3.07574009996155,!,1.59393031336669,!
2019-20,R3,Yorkshire and the Humber,Pennine,BSU,50<71,A and B,0.21177467174926,!,not included,not included,97.674418604651100,,4.44726810673443,!,1.66084069802203,
2019-20,R3,Yorkshire and the Humber,Rotherham,BSU,50<71,A and B,0.00000000000000,!,not included,not included,100.000000000000000,!,2.72479564032697,!,0.98965480840283,!
2019-20,R3,Yorkshire and the Humber,Sheffield,BSU,50<71,A and B,1.15942028985507,!,not included,not included,100.000000000000000,!,2.31884057971014,!,1.49113317988217,!
2019-20,R4,East Midlands,Derby City & South Derbyshire,BSU,50<71,A and B,0.30534351145038,!,not included,not included,97.222222222222200,,3.05343511450381,!,1.74162423876507,!
2019-20,R4,East Midlands,Kettering,BSU,50<71,A and B,2.13827512473271,!,not included,not included,100.000000000000000,!,4.27655024946543,!,2.04093433974073,!
2019-20,R4,East Midlands,Leicestershire,BSU,50<71,A and B,0.24752475247525,!,not included,not included,100.000000000000000,,3.71287128712871,!,1.52803114362552,
2019-20,R4,East Midlands,Lincolnshire,BSU,50<71,A and B,0.33886818027787,!,not included,not included,95.652173913043400,!,2.03320908166723,!,1.23496430953145,!
2019-20,R4,East Midlands,Milton Keynes,BSU,50<71,A and B,0.99206349206349,!,not included,not included,100.000000000000000,!,1.98412698412698,!,1.55031205566949,!
2019-20,R4,East Midlands,North Derbyshire & Chesterfield,BSU,50<71,A and B,0.00000000000000,!,not included,not included,100.000000000000000,!,0.75131480090158,!,1.08343926961747,!
2019-20,R4,East Midlands,North Nottinghamshire,BSU,50<71,A and B,0.00000000000000,!,not included,not included,100.000000000000000,!,3.03643724696356,!,1.44088066626321,!
2019-20,R4,East Midlands,Northampton,BSU,50<71,A and B,0.63331222292590,!,not included,not included,100.000000000000000,!,1.26662444585180,!,1.44932157257187,!
2019-20,R4,East Midlands,Nottingham City,BSU,50<71,A and B,0.48923679060665,!,not included,not included,100.000000000000000,!,1.95694716242661,!,1.56628635742207,!
2019-20,R5,West Midlands,"City, Sandwell & Walsall",BSU,50<71,A and B,0.26860059092130,!,not included,not included,96.774193548387100,,0.26860059092130,!,1.16618619795310,!
2019-20,R5,West Midlands,Dudley & Wolverhampton,BSU,50<71,A and B,0.93225605966439,!,not included,not included,100.000000000000000,,2.17526413921690,!,1.52290006584729,!
2019-20,R5,West Midlands,Hereford & Worcester,BSU,50<71,A and B,0.81070125658695,!,not included,not included,100.000000000000000,!,2.43210376976084,!,1.45358872887299,!
2019-20,R5,West Midlands,North Staffordshire,BSU,50<71,A and B,0.00000000000000,!,not included,not included,94.736842105263100,!,3.52467270896273,!,1.40906593019487,!
2019-20,R5,West Midlands,Shropshire,BSU,50<71,A and B,0.00000000000000,!,not included,not included,100.000000000000000,!,3.39970859640602,!,1.28824325780324,!
2019-20,R5,West Midlands,South Birmingham,BSU,50<71,A and B,0.00000000000000,!,not included,not included,100.000000000000000,!,2.47116968698517,!,2.00914709879158,!
2019-20,R5,West Midlands,"Warwickshire, Solihull & Coventry",BSU,50<71,A and B,0.92378752886836,!,not included,not included,96.875000000000000,,1.15473441108545,!,1.28438678023500,!
2019-20,R6,East of England,Bedfordshire & Hertfordshire,BSU,50<71,A and B,0.44662795891023,!,not included,not included,100.000000000000000,,3.34970969182670,!,1.28819896387580,
2019-20,R6,East of England,Cambridge & Huntingdon,BSU,50<71,A and B,0.37271710771524,!,not included,not included,100.000000000000000,!,1.49086843086097,!,0.73891671115561,!
2019-20,R6,East of England,Colchester & Chelmsford,BSU,50<71,A and B,0.40650406504065,!,not included,not included,95.833333333333300,!,3.25203252032520,!,1.83390248657872,!
2019-20,R6,East of England,East Suffolk,BSU,50<71,A and B,0.00000000000000,!,not included,not included,100.000000000000000,!,2.76854928017718,!,1.46286711315144,!
2019-20,R6,East of England,Epping,BSU,50<71,A and B,0.71326676176890,!,not included,not included,100.000000000000000,!,1.42653352353780,!,1.01293518227768,!
2019-20,R6,East of England,James Paget,BSU,50<71,A and B,4.70809792843691,!,not included,not included,100.000000000000000,!,1.88323917137476,!,1.37604579480405,!
2019-20,R6,East of England,Kings Lynn,BSU,50<71,A and B,0.00000000000000,!,not included,not included,100.000000000000000,!,4.11946446961895,!,1.21913158818710,!
2019-20,R6,East of England,Norfolk & Norwich,BSU,50<71,A and B,0.46992481203008,!,not included,not included,100.000000000000000,!,3.28947368421052,!,1.78447550918893,!
2019-20,R6,East of England,Peterborough,BSU,50<71,A and B,1.18553645524599,!,not included,not included,100.000000000000000,!,4.14937759336099,!,2.09620168255121,!
2019-20,R6,East of England,South Essex (Southend),BSU,50<71,A and B,0.92958401115501,!,not included,not included,96.969696969696900,,2.78875203346502,!,1.43639742685974,
2019-20,R6,East of England,West Suffolk,BSU,50<71,A and B,0.00000000000000,!,not included,not included,100.000000000000000,!,3.90930414386239,!,1.30075741245902,!
2019-20,R7,London,Central & East London,BSU,50<71,A and B,0.65826593943953,!,not included,not included,100.000000000000000,,2.35094978371261,,1.50564928468373,
2019-20,R7,London,North London,BSU,50<71,A and B,0.28149190710767,!,not included,not included,100.000000000000000,,1.82969739619985,!,1.58605231578600,
2019-20,R7,London,Outer North East London,BSU,50<71,A and B,1.11982082866741,!,not included,not included,100.000000000000000,!,1.49309443822321,!,1.45196184244278,!
2019-20,R7,London,South East London,BSU,50<71,A and B,0.32035880185808,!,not included,not included,97.619047619047600,,1.44161460836136,!,0.98840498701440,
2019-20,R7,London,South West London,BSU,50<71,A and B,0.99601593625498,!,not included,not included,90.909090909090900,,1.79282868525896,!,1.02223183877359,!
2019-20,R7,London,West of London,BSU,50<71,A and B,1.05913503971756,!,not included,not included,100.000000000000000,,2.82436010591350,!,1.24325004031682,
2019-20,R8,South East,Aylesbury & Wycombe,BSU,50<71,A and B,0.59772863120143,!,not included,not included,93.750000000000000,!,1.79318589360430,!,1.22450312384352,!
2019-20,R8,South East,Canterbury,BSU,50<71,A and B,1.00908173562058,!,not included,not included,89.473684210526300,!,3.53178607467204,!,1.85649511195757,!
2019-20,R8,South East,East Berkshire,BSU,50<71,A and B,0.55096418732782,!,not included,not included,100.000000000000000,!,0.55096418732782,!,0.74864308440951,!
2019-20,R8,South East,East Sussex/Brighton,BSU,50<71,A and B,0.80666845926324,!,not included,not included,91.666666666666600,,2.95778435063189,!,1.47563596702274,!
2019-20,R8,South East,Guildford,BSU,50<71,A and B,1.40622253471611,!,not included,not included,97.183098591549300,,4.39444542098787,,1.82456595603201,
2019-20,R8,South East,Isle of Wight,BSU,50<71,A and B,2.11416490486257,!,not included,not included,100.000000000000000,!,4.22832980972515,!,1.70115763777250,!
2019-20,R8,South East,Maidstone,BSU,50<71,A and B,1.75644028103044,!,not included,not included,100.000000000000000,!,2.34192037470726,!,1.74583819034470,!
2019-20,R8,South East,Medway,BSU,50<71,A and B,0.00000000000000,!,not included,not included,100.000000000000000,!,1.72413793103448,!,1.00066444118894,!
2019-20,R8,South East,North & Mid Hampshire,BSU,50<71,A and B,0.50761421319797,!,not included,not included,100.000000000000000,!,4.06091370558375,!,1.72511748050042,!
2019-20,R8,South East,Oxford,BSU,50<71,A and B,0.75642965204236,!,not included,not included,93.750000000000000,!,2.26928895612708,!,0.87487839190353,!
2019-20,R8,South East,Portsmouth,BSU,50<71,A and B,1.05318588730911,!,not included,not included,100.000000000000000,!,2.10637177461822,!,1.18370931886998,!
2019-20,R8,South East,West Berkshire,BSU,50<71,A and B,1.36177939173853,!,not included,not included,100.000000000000000,!,1.81570585565138,!,1.14871709186603,!
2019-20,R8,South East,Worthing,BSU,50<71,A and B,0.38102495713469,!,not included,not included,97.500000000000000,,3.04819965707753,!,1.31866972598043,
2020-21,R1,North East,Gateshead,BSU,50<71,A and B,0.19212295869356,!,not included,not included,100.000000000000000,,2.68972142170989,!,1.63597676503999,
2020-21,R1,North East,Newcastle,BSU,50<71,A and B,1.10071546505228,!,not included,not included,100.000000000000000,!,2.20143093010456,!,1.28006226222843,!
2020-21,R1,North East,North Cumbria,BSU,50<71,A and B,0.00000000000000,!,not included,not included,100.000000000000000,!,0.82101806239737,!,1.02328589379929,!
2020-21,R1,North East,North Tees,BSU,50<71,A and B,0.00000000000000,!,not included,not included,100.000000000000000,!,3.80228136882129,!,2.29211124074273,!
2020-21,R10,South West,Avon,BSU,50<71,A and B,0.54629882545753,!,not included,not included,91.891891891891900,,3.82409177820267,!,1.57724560342788,!
2020-21,R10,South West,Cornwall,BSU,50<71,A and B,0.00000000000000,!,not included,not included,100.000000000000000,!,2.24971878515185,!,1.79358409347135,!
2020-21,R10,South West,Dorset,BSU,50<71,A and B,0.67249495628783,!,not included,not included,91.304347826086900,!,6.72494956287827,!,2.85531183177771,!
2020-21,R10,South West,Gloucestershire,BSU,50<71,A and B,1.27334465195246,!,not included,not included,96.774193548387100,,3.82003395585738,!,2.60501872487459,
2020-21,R10,South West,North & East Devon,BSU,50<71,A and B,0.00000000000000,!,not included,not included,88.888888888888800,!,4.00801603206412,!,1.59325831129326,!
2020-21,R10,South West,Somerset,BSU,50<71,A and B,1.70357751277683,!,not included,not included,100.000000000000000,!,3.40715502555366,!,2.25759115024269,!
2020-21,R10,South West,South Devon (Torbay),BSU,50<71,A and B,0.00000000000000,!,not included,not included,100.000000000000000,!,0.87565674255692,!,1.50228132149249,!
2020-21,R10,South West,Southampton & Salisbury,BSU,50<71,A and B,2.37529691211401,!,not included,not included,100.000000000000000,!,1.58353127474267,!,1.04148223752043,!
2020-21,R10,South West,West Devon & East Cornwall,BSU,50<71,A and B,2.06753962784286,!,not included,not included,100.000000000000000,!,2.75671950379048,!,1.15355839806993,!
2020-21,R10,South West,Wiltshire,BSU,50<71,A and B,1.23228589032655,!,not included,not included,100.000000000000000,!,4.31300061614294,!,1.68849040515327,!
2020-21,R2,North West,"Bolton, Bury & Rochdale",BSU,50<71,A and B,1.12612612612612,!,not included,not included,100.000000000000000,!,2.25225225225225,!,1.61949876513219,!
2020-21,R2,North West,Crewe,BSU,50<71,A and B,0.00000000000000,!,not included,not included,100.000000000000000,!,5.97609561752988,!,2.86022099974258,!
2020-21,R2,North West,East Cheshire & Stockport,BSU,50<71,A and B,1.24378109452736,!,not included,not included,100.000000000000000,!,2.48756218905472,!,0.84700780376523,!
2020-21,R2,North West,East Lancashire,BSU,50<71,A and B,0.71787508973439,!,not included,not included,100.000000000000000,!,3.58937544867193,!,2.17981092655378,!
2020-21,R2,North West,Greater Manchester,BSU,50<71,A and B,0.61050061050061,!,not included,not included,100.000000000000000,!,1.83150183150183,!,1.24916028669616,!
2020-21,R2,North West,Liverpool,BSU,50<71,A and B,0.70571630204658,!,not included,not included,100.000000000000000,!,2.11714890613973,!,1.29437271462317,!
2020-21,R2,North West,North Lancashire,BSU,50<71,A and B,0.94339622641509,!,not included,not included,87.500000000000000,!,2.83018867924528,!,0.89984702600558,!
2020-21,R2,North West,South Lancashire,BSU,50<71,A and B,1.27877237851662,!,not included,not included,84.615384615384600,!,0.00000000000000,!,1.07740376475658,!
2020-21,R2,North West,Warrington,BSU,50<71,A and B,0.81566068515498,!,not included,not included,86.666666666666600,!,4.89396411092985,!,1.91976901339230,!
2020-21,R2,North West,Wirral & Chester,BSU,50<71,A and B,0.00000000000000,!,not included,not included,100.000000000000000,!,5.56438791732909,!,2.43115165524025,!
2020-21,R3,Yorkshire and the Humber,Barnsley,BSU,50<71,A and B,0.00000000000000,!,not included,not included,100.000000000000000,!,3.26797385620915,!,1.61170744286497,!
2020-21,R3,Yorkshire and the Humber,Doncaster,BSU,50<71,A and B,0.00000000000000,!,not included,not included,100.000000000000000,!,0.92421441774492,!,0.71775142832534,!
2020-21,R3,Yorkshire and the Humber,Humberside,BSU,50<71,A and B,0.00000000000000,!,not included,not included,93.750000000000000,!,4.15183867141162,!,2.19585367929008,!
2020-21,R3,Yorkshire and the Humber,Leeds Wakefield,BSU,50<71,A and B,0.41476565740357,!,not included,not included,100.000000000000000,!,2.48859394442140,!,1.45762678923688,!
2020-21,R3,Yorkshire and the Humber,North Yorkshire,BSU,50<71,A and B,0.00000000000000,!,not included,not included,94.736842105263100,!,3.01204819277108,!,1.42791239208277,!
2020-21,R3,Yorkshire and the Humber,Pennine,BSU,50<71,A and B,0.75187969924812,!,not included,not included,95.652173913043400,!,1.87969924812030,!,1.40038370513520,!
2020-21,R3,Yorkshire and the Humber,Rotherham,BSU,50<71,A and B,0.00000000000000,!,not included,not included,100.000000000000000,!,5.46448087431694,!,2.72884801680970,!
2020-21,R3,Yorkshire and the Humber,Sheffield,BSU,50<71,A and B,1.78253119429590,!,not included,not included,100.000000000000000,!,1.78253119429590,!,0.43917049476948,!
2020-21,R4,East Midlands,Derby City & South Derbyshire,BSU,50<71,A and B,0.00000000000000,!,not included,not included,96.296296296296200,,3.84122919334186,!,1.88119618995064,!
2020-21,R4,East Midlands,Kettering,BSU,50<71,A and B,2.06327372764786,!,not included,not included,93.750000000000000,!,3.43878954607978,!,1.81046117383718,!
2020-21,R4,East Midlands,Leicestershire,BSU,50<71,A and B,0.46446818392940,!,not included,not included,100.000000000000000,!,3.71574547143520,!,1.73166919923287,!
2020-21,R4,East Midlands,Lincolnshire,BSU,50<71,A and B,0.00000000000000,!,not included,not included,100.000000000000000,!,3.89357560025957,!,2.22934906192176,!
2020-21,R4,East Midlands,Milton Keynes,BSU,50<71,A and B,2.26757369614512,!,not included,not included,100.000000000000000,!,6.80272108843537,!,3.01137203585175,!
2020-21,R4,East Midlands,North Derbyshire & Chesterfield,BSU,50<71,A and B,2.97029702970297,!,not included,not included,100.000000000000000,!,4.95049504950495,!,2.60573356137450,!
2020-21,R4,East Midlands,North Nottinghamshire,BSU,50<71,A and B,0.00000000000000,!,not included,not included,100.000000000000000,!,2.16919739696312,!,1.01710775239528,!
2020-21,R4,East Midlands,Northampton,BSU,50<71,A and B,3.04878048780487,!,not included,not included,100.000000000000000,!,3.04878048780487,!,1.36682043396548,!
2020-21,R4,East Midlands,Nottingham City,BSU,50<71,A and B,0.53418803418803,!,not included,not included,100.000000000000000,!,4.80769230769230,!,1.87838579038717,!
2020-21,R5,West Midlands,"City, Sandwell & Walsall",BSU,50<71,A and B,0.00000000000000,!,not included,not included,95.833333333333300,!,0.87412587412587,!,1.37829461638122,!
2020-21,R5,West Midlands,Dudley & Wolverhampton,BSU,50<71,A and B,1.89393939393939,!,not included,not included,100.000000000000000,!,1.26262626262626,!,1.03253975278048,!
2020-21,R5,West Midlands,Hereford & Worcester,BSU,50<71,A and B,0.38417210910488,!,not included,not included,100.000000000000000,,2.30503265462927,!,2.29253950332131,!
2020-21,R5,West Midlands,North Staffordshire,BSU,50<71,A and B,0.68259385665529,!,not included,not included,100.000000000000000,!,5.46075085324232,!,2.31863319885260,!
2020-21,R5,West Midlands,Shropshire,BSU,50<71,A and B,0.00000000000000,!,not included,not included,100.000000000000000,!,1.15273775216138,!,1.49243484775672,!
2020-21,R5,West Midlands,South Birmingham,BSU,50<71,A and B,0.00000000000000,!,not included,not included,100.000000000000000,!,1.41043723554301,!,1.34686483537944,!
2020-21,R5,West Midlands,"Warwickshire, Solihull & Coventry",BSU,50<71,A and B,1.56250000000000,!,not included,not included,100.000000000000000,,2.18750000000000,!,1.94190745024444,
2020-21,R6,East of England,Bedfordshire & Hertfordshire,BSU,50<71,A and B,0.29655990510083,!,not included,not included,100.000000000000000,!,2.37247924080664,!,1.14599553348240,!
2020-21,R6,East of England,Cambridge & Huntingdon,BSU,50<71,A and B,0.00000000000000,!,not included,not included,92.307692307692300,!,3.25998370008149,!,2.26088100366673,!
2020-21,R6,East of England,Colchester & Chelmsford,BSU,50<71,A and B,0.55035773252614,!,not included,not included,90.000000000000000,!,2.20143093010456,!,0.81648871748674,!
2020-21,R6,East of England,East Suffolk,BSU,50<71,A and B,0.00000000000000,!,not included,not included,100.000000000000000,!,1.69109357384441,!,0.84943965297559,!
2020-21,R6,East of England,Epping,BSU,50<71,A and B,0.00000000000000,!,not included,not included,100.000000000000000,!,4.81927710843373,!,2.02215122224597,!
2020-21,R6,East of England,James Paget,BSU,50<71,A and B,1.42045454545454,!,not included,not included,100.000000000000000,!,1.42045454545454,!,2.47070450374135,!
2020-21,R6,East of England,Kings Lynn,BSU,50<71,A and B,0.00000000000000,!,not included,not included,100.000000000000000,!,3.09119010819165,!,1.33887756155967,!
2020-21,R6,East of England,Norfolk & Norwich,BSU,50<71,A and B,0.32948929159802,!,not included,not included,100.000000000000000,,4.94233937397034,!,2.18946999668211,
2020-21,R6,East of England,Peterborough,BSU,50<71,A and B,2.03804347826086,!,not included,not included,100.000000000000000,!,0.67934782608696,!,2.04228204595815,!
2020-21,R6,East of England,South Essex (Southend),BSU,50<71,A and B,1.73260179035518,!,not included,not included,95.833333333333300,!,2.31013572047357,!,1.33233104639877,!
2020-21,R6,East of England,West Suffolk,BSU,50<71,A and B,0.75131480090158,!,not included,not included,93.750000000000000,!,3.00525920360631,!,1.86888640534651,!
2020-21,R7,London,Central & East London,BSU,50<71,A and B,0.24201355275895,!,not included,not included,100.000000000000000,,2.42013552758954,!,1.31569313002251,!
2020-21,R7,London,North London,BSU,50<71,A and B,0.68854716548084,!,not included,not included,100.000000000000000,,1.83612577461556,!,1.46925941978945,
2020-21,R7,London,Outer North East London,BSU,50<71,A and B,1.73988690735102,!,not included,not included,95.454545454545400,!,2.60983036102653,!,1.56710950569448,!
2020-21,R7,London,South East London,BSU,50<71,A and B,0.31816735602927,!,not included,not included,100.000000000000000,!,2.86350620426344,!,1.32462222510041,!
2020-21,R7,London,South West London,BSU,50<71,A and B,0.35310734463277,!,not included,not included,96.296296296296200,,1.41242937853107,!,1.25394404588181,!
2020-21,R7,London,West of London,BSU,50<71,A and B,0.41823504809703,!,not included,not included,100.000000000000000,!,3.76411543287327,!,1.49216148917716,!
2020-21,R8,South East,Aylesbury & Wycombe,BSU,50<71,A and B,0.00000000000000,!,not included,not included,100.000000000000000,!,4.23728813559322,!,2.33909116676619,!
2020-21,R8,South East,Canterbury,BSU,50<71,A and B,0.00000000000000,!,not included,not included,100.000000000000000,!,1.61030595813204,!,1.14491872349195,!
2020-21,R8,South East,East Berkshire,BSU,50<71,A and B,0.00000000000000,!,not included,not included,100.000000000000000,!,1.52983171851096,!,1.49931262282830,!
2020-21,R8,South East,East Sussex/Brighton,BSU,50<71,A and B,0.40048057669203,!,not included,not included,100.000000000000000,!,0.80096115338406,!,0.57364118743726,!
2020-21,R8,South East,Guildford,BSU,50<71,A and B,0.59101654846336,!,not included,not included,94.000000000000000,,4.13711583924349,!,2.43785831438349,
2020-21,R8,South East,Isle of Wight,BSU,50<71,A and B,0.00000000000000,!,not included,not included,100.000000000000000,!,4.37956204379562,!,2.12332257516561,!
2020-21,R8,South East,Maidstone,BSU,50<71,A and B,1.25628140703517,!,not included,not included,95.454545454545400,!,4.39698492462311,!,2.33808744447042,!
2020-21,R8,South East,Medway,BSU,50<71,A and B,0.00000000000000,!,not included,not included,100.000000000000000,!,2.06896551724137,!,2.38927420676096,!
2020-21,R8,South East,North & Mid Hampshire,BSU,50<71,A and B,0.00000000000000,!,not included,not included,100.000000000000000,!,1.18273211117681,!,0.68399827085237,!
2020-21,R8,South East,Oxford,BSU,50<71,A and B,0.00000000000000,!,not included,not included,95.454545454545400,!,3.20512820512820,!,2.21642667691148,!
2020-21,R8,South East,Portsmouth,BSU,50<71,A and B,1.19617224880382,!,not included,not included,100.000000000000000,!,2.39234449760765,!,1.60159732640019,!
2020-21,R8,South East,West Berkshire,BSU,50<71,A and B,0.43252595155709,!,not included,not included,95.238095238095200,!,2.59515570934256,!,1.33574452344745,!
2020-21,R8,South East,Worthing,BSU,50<71,A and B,0.47789725209080,!,not included,not included,100.000000000000000,,4.77897252090800,!,2.17164201281497,
2021-22,R1,North East,Gateshead,BSU,50<71,A and B,0.000000000000000,!,not included,not included,100.0000000000000,,2.47269730063878,!,1.29213933717707,
2021-22,R1,North East,Newcastle,BSU,50<71,A and B,0.355871886120996,!,not included,not included,100.0000000000000,!,2.49110320284697,!,1.35485025695804,!
2021-22,R1,North East,North Cumbria,BSU,50<71,A and B,0.000000000000000,!,not included,not included,100.0000000000000,!,3.20769847634322,!,1.24048137293170,!
2021-22,R1,North East,North Tees,BSU,50<71,A and B,0.664010624169986,!,not included,not included,100.0000000000000,,2.87737937140327,!,1.19121142536693,
2021-22,R10,South West,Avon,BSU,50<71,A and B,0.000000000000000,!,not included,not included,100.0000000000000,,4.85115766262403,!,1.50479449021647,
2021-22,R10,South West,Cornwall,BSU,50<71,A and B,0.523560209424083,!,not included,not included,100.0000000000000,!,5.75916230366492,!,1.78162515654721,!
2021-22,R10,South West,Dorset,BSU,50<71,A and B,2.169869807811530,!,not included,not included,96.1538461538461,,2.47985120892746,!,1.20064450597080,!
2021-22,R10,South West,Gloucestershire,BSU,50<71,A and B,0.000000000000000,!,not included,not included,97.2222222222222,,3.33555703802535,!,2.04205446488621,
2021-22,R10,South West,North & East Devon,BSU,50<71,A and B,0.235128144838937,!,not included,not included,92.5925925925926,,1.41076886903362,!,0.96599985560844,!
2021-22,R10,South West,Somerset,BSU,50<71,A and B,0.000000000000000,!,not included,not included,95.2380952380952,!,5.14359194170595,!,1.56599515695392,!
2021-22,R10,South West,South Devon (Torbay),BSU,50<71,A and B,0.996015936254980,!,not included,not included,100.0000000000000,!,1.99203187250996,!,0.99267997784338,!
2021-22,R10,South West,Southampton & Salisbury,BSU,50<71,A and B,2.314049586776860,!,not included,not included,96.5517241379310,,2.31404958677686,!,1.29832613303298,!
2021-22,R10,South West,West Devon & East Cornwall,BSU,50<71,A and B,0.499750124937531,!,not included,not included,96.9696969696969,,2.99850074962518,!,2.11831922465481,!
2021-22,R10,South West,Wiltshire,BSU,50<71,A and B,1.035196687370600,!,not included,not included,100.0000000000000,!,3.10559006211180,!,1.56861668596392,!
2021-22,R2,North West,"Bolton, Bury & Rochdale",BSU,50<71,A and B,0.589448865310934,!,not included,not included,100.0000000000000,,3.24196875921013,!,1.07492399391593,!
2021-22,R2,North West,East Cheshire & Stockport,BSU,50<71,A and B,0.355745286374955,!,not included,not included,100.0000000000000,!,1.42298114549982,!,1.11252649203709,!
2021-22,R2,North West,East Lancashire,BSU,50<71,A and B,0.000000000000000,!,not included,not included,100.0000000000000,!,0.55370985603544,!,0.83475589650696,!
2021-22,R2,North West,Greater Manchester,BSU,50<71,A and B,0.240673886883273,!,not included,not included,89.0909090909091,,3.12876052948255,!,1.73823713204779,
2021-22,R2,North West,Liverpool,BSU,50<71,A and B,0.000000000000000,!,not included,not included,100.0000000000000,,3.78677541508884,!,1.33920948696000,!
2021-22,R2,North West,North Lancashire,BSU,50<71,A and B,1.362397820163480,!,not included,not included,100.0000000000000,,3.40599455040871,!,1.13115364550459,
2021-22,R2,North West,South Lancashire,BSU,50<71,A and B,0.000000000000000,!,not included,not included,78.9473684210526,!,1.76211453744493,!,1.12023383588746,!
2021-22,R2,North West,Warrington,BSU,50<71,A and B,0.000000000000000,!,not included,not included,100.0000000000000,!,3.06122448979591,!,1.58807671998634,!
2021-22,R2,North West,Wirral & Chester,BSU,50<71,A and B,0.624609618988132,!,not included,not included,100.0000000000000,!,1.87382885696439,!,1.16977123953639,!
2021-22,R3,Yorkshire and the Humber,Barnsley,BSU,50<71,A and B,0.000000000000000,!,not included,not included,100.0000000000000,!,1.70648464163822,!,0.69627943086119,!
2021-22,R3,Yorkshire and the Humber,Doncaster,BSU,50<71,A and B,0.000000000000000,!,not included,not included,100.0000000000000,!,2.69541778975741,!,1.03419924537928,!
2021-22,R3,Yorkshire and the Humber,Humberside,BSU,50<71,A and B,0.400801603206412,!,not included,not included,97.6744186046511,,3.20641282565130,!,1.53369830109486,
2021-22,R3,Yorkshire and the Humber,Leeds Wakefield,BSU,50<71,A and B,1.972942502818480,!,not included,not included,100.0000000000000,,2.53664036076662,!,1.10955834584822,!
2021-22,R3,Yorkshire and the Humber,North Yorkshire,BSU,50<71,A and B,0.000000000000000,!,not included,not included,100.0000000000000,,2.11565585331452,!,1.20279288507915,!
2021-22,R3,Yorkshire and the Humber,Pennine,BSU,50<71,A and B,0.000000000000000,!,not included,not included,100.0000000000000,,3.20433818092186,!,1.34426863864474,
2021-22,R3,Yorkshire and the Humber,Rotherham,BSU,50<71,A and B,0.000000000000000,!,not included,not included,90.0000000000000,!,0.00000000000000,!,1.58451485324223,!
2021-22,R3,Yorkshire and the Humber,Sheffield,BSU,50<71,A and B,2.111189303307530,!,not included,not included,91.6666666666666,!,4.92610837438423,!,1.50167368357824,!
2021-22,R4,East Midlands,Derby City & South Derbyshire,BSU,50<71,A and B,0.377145012257212,!,not included,not included,97.9166666666666,,3.39430511031491,!,1.33192529801828,
2021-22,R4,East Midlands,Kettering,BSU,50<71,A and B,2.528445006321110,!,not included,not included,100.0000000000000,!,3.79266750948166,!,1.13241305898739,!
2021-22,R4,East Midlands,Leicestershire,BSU,50<71,A and B,0.534950071326676,!,not included,not included,100.0000000000000,,3.56633380884450,!,1.27381954081636,
2021-22,R4,East Midlands,Lincolnshire,BSU,50<71,A and B,0.000000000000000,!,not included,not included,100.0000000000000,!,2.16294160057678,!,1.77988564919275,!
2021-22,R4,East Midlands,Milton Keynes,BSU,50<71,A and B,0.000000000000000,!,not included,not included,93.7500000000000,!,5.00834724540901,!,1.84711434561356,!
2021-22,R4,East Midlands,North Derbyshire & Chesterfield,BSU,50<71,A and B,0.466635557629491,!,not included,not included,100.0000000000000,!,1.86654223051796,!,1.81678749897208,!
2021-22,R4,East Midlands,North Nottinghamshire,BSU,50<71,A and B,1.060445387062560,!,not included,not included,100.0000000000000,!,3.18133616118769,!,1.51201620881375,!
2021-22,R4,East Midlands,Northampton,BSU,50<71,A and B,0.728862973760932,!,not included,not included,100.0000000000000,!,1.45772594752186,!,0.70524945378430,!
2021-22,R4,East Midlands,Nottingham City,BSU,50<71,A and B,1.186591515870660,!,not included,not included,100.0000000000000,!,3.26312666864431,!,0.98796484472389,!
2021-22,R5,West Midlands,"City, Sandwell & Walsall",BSU,50<71,A and B,0.462534690101757,!,not included,not included,100.0000000000000,,2.54394079555966,!,0.76496819644723,!
2021-22,R5,West Midlands,Dudley & Wolverhampton,BSU,50<71,A and B,1.035196687370600,!,not included,not included,100.0000000000000,,4.14078674948240,!,1.57311648796500,!
2021-22,R5,West Midlands,Hereford & Worcester,BSU,50<71,A and B,0.356506238859180,!,not included,not included,100.0000000000000,,3.92156862745098,!,1.89247782121131,
2021-22,R5,West Midlands,North Staffordshire,BSU,50<71,A and B,0.952683391552874,!,not included,not included,90.3225806451612,,3.17561130517624,!,1.14793506739054,!
2021-22,R5,West Midlands,Shropshire,BSU,50<71,A and B,1.930501930501930,!,not included,not included,100.0000000000000,!,1.93050193050193,!,1.44242095933815,!
2021-22,R5,West Midlands,South Birmingham,BSU,50<71,A and B,0.600961538461538,!,not included,not included,100.0000000000000,!,4.20673076923076,!,1.44207463512738,!
2021-22,R5,West Midlands,"Warwickshire, Solihull & Coventry",BSU,50<71,A and B,0.676742612226483,!,not included,not included,97.5609756097561,,2.93255131964809,!,1.41385284177793,
2021-22,R6,East of England,Bedfordshire & Hertfordshire,BSU,50<71,A and B,0.520020800832033,!,not included,not included,97.6744186046511,,1.73340266944011,!,1.06406823492017,
2021-22,R6,East of England,Cambridge & Huntingdon,BSU,50<71,A and B,0.000000000000000,!,not included,not included,96.0000000000000,!,1.75695461200585,!,1.00337665756348,!
2021-22,R6,East of England,Colchester & Chelmsford,BSU,50<71,A and B,1.039501039501030,!,not included,not included,100.0000000000000,,1.81912681912681,!,1.02683720090664,!
2021-22,R6,East of England,East Suffolk,BSU,50<71,A and B,0.000000000000000,!,not included,not included,100.0000000000000,!,4.85633346823148,!,1.19971892299518,!
2021-22,R6,East of England,Epping,BSU,50<71,A and B,0.000000000000000,!,not included,not included,88.8888888888888,!,4.19287211740041,!,1.05061467524843,!
2021-22,R6,East of England,James Paget,BSU,50<71,A and B,1.569858712715850,!,not included,not included,100.0000000000000,!,6.27943485086342,!,2.26705228146425,!
2021-22,R6,East of England,Kings Lynn,BSU,50<71,A and B,0.000000000000000,!,not included,not included,100.0000000000000,!,1.88797986154814,!,1.01188330455790,!
2021-22,R6,East of England,Norfolk & Norwich,BSU,50<71,A and B,0.000000000000000,!,not included,not included,96.5517241379310,,3.19693094629156,!,1.46636752769101,!
2021-22,R6,East of England,Peterborough,BSU,50<71,A and B,1.989060169070110,!,not included,not included,100.0000000000000,!,1.98906016907011,!,0.93306115593836,!
2021-22,R6,East of England,South Essex (Southend),BSU,50<71,A and B,0.696540515439981,!,not included,not included,97.3684210526315,,2.78616206175992,!,1.57352042799755,
2021-22,R6,East of England,West Suffolk,BSU,50<71,A and B,2.141327623126330,!,not included,not included,100.0000000000000,!,0.00000000000000,!,1.02060256375364,!
2021-22,R7,London,Central & East London,BSU,50<71,A and B,0.658544616397760,!,not included,not included,100.0000000000000,,1.42684666886181,!,0.94155097188529,
2021-22,R7,London,North London,BSU,50<71,A and B,0.339597011546298,!,not included,not included,100.0000000000000,,1.81118406158025,!,1.33761397242745,
2021-22,R7,London,Outer North East London,BSU,50<71,A and B,0.709471443774388,!,not included,not included,96.5517241379310,,1.06420716566158,!,1.30229489165526,!
2021-22,R7,London,South East London,BSU,50<71,A and B,0.000000000000000,!,not included,not included,100.0000000000000,,1.87881634570220,!,1.04857509979884,
2021-22,R7,London,South West London,BSU,50<71,A and B,0.980392156862745,!,not included,not included,90.9090909090909,,2.15686274509803,!,1.03444780141912,
2021-22,R7,London,West of London,BSU,50<71,A and B,1.147227533460800,!,not included,not included,97.9591836734693,,2.10325047801147,!,1.05827747288319,
2021-22,R8,South East,Aylesbury & Wycombe,BSU,50<71,A and B,0.429368827823100,!,not included,not included,100.0000000000000,!,3.00558179476170,!,1.34376317517800,!
2021-22,R8,South East,Canterbury,BSU,50<71,A and B,1.320422535211260,!,not included,not included,94.7368421052631,!,1.76056338028169,!,1.49221109695948,!
2021-22,R8,South East,East Berkshire,BSU,50<71,A and B,0.000000000000000,!,not included,not included,100.0000000000000,,1.86219739292365,!,1.36430184837319,!
2021-22,R8,South East,East Sussex/Brighton,BSU,50<71,A and B,1.553196997152470,!,not included,not included,93.0232558139534,,2.58866166192078,!,1.25620818082966,
2021-22,R8,South East,Guildford,BSU,50<71,A and B,0.412286126571840,!,not included,not included,94.1176470588235,,3.71057513914656,!,1.38855246491205,
2021-22,R8,South East,Isle of Wight,BSU,50<71,A and B,8.064516129032250,!,not included,not included,75.0000000000000,!,1.61290322580645,!,1.32902286916102,!
2021-22,R8,South East,Maidstone,BSU,50<71,A and B,0.409668168783285,!,not included,not included,100.0000000000000,,3.27734535026628,!,1.72221069525645,!
2021-22,R8,South East,Medway,BSU,50<71,A and B,0.542005420054200,!,not included,not included,100.0000000000000,!,2.71002710027100,!,1.55447018992516,!
2021-22,R8,South East,North & Mid Hampshire,BSU,50<71,A and B,0.554016620498615,!,not included,not included,100.0000000000000,!,1.66204986149584,!,1.70473554224441,!
2021-22,R8,South East,Oxford,BSU,50<71,A and B,0.263574064312071,!,not included,not included,97.2222222222222,,3.16288877174486,!,1.39098157098452,
2021-22,R8,South East,Portsmouth,BSU,50<71,A and B,2.203721841332020,!,not included,not included,97.8260869565217,,3.42801175318315,!,1.45804270465981,
2021-22,R8,South East,West Berkshire,BSU,50<71,A and B,0.905797101449275,!,not included,not included,100.0000000000000,!,4.07608695652173,!,1.33752108562652,!
2021-22,R8,South East,Worthing,BSU,50<71,A and B,1.172791243158710,!,not included,not included,100.0000000000000,,1.56372165754495,!,1.15374439787472,
2011-12,R1,North East,Gateshead,BSU,50<71,C1 and C2,0.18147996914841,!,not included,not included,98.709677419354800,,2.76756952951318,,1.31097399377942,
2011-12,R1,North East,Newcastle,BSU,50<71,C1 and C2,0.39292730844794,!,not included,not included,95.594713656387600,,3.37917485265225,,1.61481449818452,
2011-12,R1,North East,North Cumbria,BSU,50<71,C1 and C2,0.51338467180051,!,not included,not included,96.800000000000000,,4.54712137880454,,1.95757252541669,
2011-12,R1,North East,North Tees,BSU,50<71,C1 and C2,0.29464999789536,!,not included,not included,96.531791907514400,,3.49370711790209,,1.45811106911252,
2011-12,R10,South West,Avon,BSU,50<71,C1 and C2,0.55886736214605,!,not included,not included,92.543859649122800,,3.91207153502235,,1.57787626330408,
2011-12,R10,South West,Cornwall,BSU,50<71,C1 and C2,0.28657400773750,!,not included,not included,99.224806201550400,,4.44189711993122,,1.66547793894186,
2011-12,R10,South West,Dorset,BSU,50<71,C1 and C2,0.63941174119810,!,not included,not included,97.596153846153800,,3.19705870599048,,1.51576457916920,
2011-12,R10,South West,Gloucestershire,BSU,50<71,C1 and C2,0.44936246699994,!,not included,not included,97.692307692307700,,2.41532326012469,,1.51864756840795,
2011-12,R10,South West,North & East Devon,BSU,50<71,C1 and C2,0.63468556619242,!,not included,not included,97.014925373134300,,3.80811339715449,,1.37236666028346,
2011-12,R10,South West,Somerset,BSU,50<71,C1 and C2,0.66995553931421,!,not included,not included,98.347107438016500,,3.71520799074243,,1.46018591379091,
2011-12,R10,South West,South Devon (Torbay),BSU,50<71,C1 and C2,0.34940600978337,!,not included,not included,96.491228070175400,,2.91171674819473,,1.17438564252036,
2011-12,R10,South West,West Devon & East Cornwall,BSU,50<71,C1 and C2,0.37267080745342,!,not included,not included,94.444444444444400,,2.42236024844720,,1.42661257152021,
2011-12,R10,South West,Wiltshire,BSU,50<71,C1 and C2,0.37239324726912,!,not included,not included,91.129032258064500,,3.04121151936444,,1.42468322168565,
2011-12,R2,North West,"Bolton, Bury & Rochdale",BSU,50<71,C1 and C2,0.09884841595413,!,not included,not included,99.324324324324300,,2.96545247862403,,1.39929767319716,
2011-12,R2,North West,Chester,BSU,50<71,C1 and C2,0.32169856844137,!,not included,not included,98.113207547169800,,2.57358854753096,!,1.63322635700694,
2011-12,R2,North West,Crewe,BSU,50<71,C1 and C2,0.34246575342466,!,not included,not included,88.524590163934400,,2.16894977168949,!,1.31843719047626,
2011-12,R2,North West,East Cheshire & Stockport,BSU,50<71,C1 and C2,0.28651242747654,!,not included,not included,99.145299145299100,,3.58140534345677,,1.70643728472388,
2011-12,R2,North West,East Lancashire,BSU,50<71,C1 and C2,0.94018948434223,!,not included,not included,96.062992125984200,,4.48398061763216,,1.75214598459828,
2011-12,R2,North West,Greater Manchester,BSU,50<71,C1 and C2,0.63211125158028,!,not included,not included,99.043062200956900,,3.75548449468282,,1.50477098518716,
2011-12,R2,North West,Liverpool,BSU,50<71,C1 and C2,0.47522357108913,!,not included,not included,97.647058823529400,,2.59212856957705,,1.38793658097174,
2011-12,R2,North West,North Lancashire,BSU,50<71,C1 and C2,0.92793071450665,!,not included,not included,97.285067873303100,,3.57916132738279,,1.93626579014113,
2011-12,R2,North West,South Lancashire,BSU,50<71,C1 and C2,0.47737760568610,!,not included,not included,95.384615384615300,,2.81122367792924,,1.41779400449402,
2011-12,R2,North West,Warrington,BSU,50<71,C1 and C2,0.75326987605287,!,not included,not included,97.600000000000000,,2.87612134492912,,1.77459964119917,
2011-12,R2,North West,Wirral,BSU,50<71,C1 and C2,0.30972537683254,!,not included,not included,98.666666666666600,,2.99401197604790,,1.53038005106953,
2011-12,R3,Yorkshire and the Humber,Barnsley,BSU,50<71,C1 and C2,0.47709923664122,!,not included,not included,100.000000000000000,,2.54452926208651,!,1.03945821897688,
2011-12,R3,Yorkshire and the Humber,Doncaster,BSU,50<71,C1 and C2,0.31276878567519,!,not included,not included,98.969072164948400,,3.20588005317069,,1.45158046006805,
2011-12,R3,Yorkshire and the Humber,Humberside,BSU,50<71,C1 and C2,0.20998698080719,!,not included,not included,98.726114649681500,,2.85582293897778,,1.20009645521001,
2011-12,R3,Yorkshire and the Humber,Leeds Wakefield,BSU,50<71,C1 and C2,0.41235696367822,!,not included,not included,98.290598290598200,,3.64248651249097,,1.63102421080688,
2011-12,R3,Yorkshire and the Humber,North Yorkshire,BSU,50<71,C1 and C2,0.03974404832876,!,not included,not included,97.452229299363000,,2.94105957632844,,1.24627734560181,
2011-12,R3,Yorkshire and the Humber,Pennine,BSU,50<71,C1 and C2,0.55557371155920,!,not included,not included,97.695852534562200,,3.52952710872904,,1.41623985628092,
2011-12,R3,Yorkshire and the Humber,Rotherham,BSU,50<71,C1 and C2,0.26957811025745,!,not included,not included,97.916666666666600,,3.90888259873298,,1.37122932341259,
2011-12,R3,Yorkshire and the Humber,Sheffield,BSU,50<71,C1 and C2,0.44244524740063,!,not included,not included,97.087378640776700,,3.31833935550475,,1.45736297988785,
2011-12,R4,East Midlands,Derby City & South Derbyshire,BSU,50<71,C1 and C2,0.15443220426233,!,not included,not included,99.342105263157900,,3.60341809945433,,1.66637774495317,
2011-12,R4,East Midlands,Kettering,BSU,50<71,C1 and C2,0.10188487009679,!,not included,not included,98.701298701298700,,3.36220071319409,,1.56197662935856,
2011-12,R4,East Midlands,Leicestershire,BSU,50<71,C1 and C2,0.79042862788776,!,not included,not included,95.132743362831800,,3.95214313943879,,1.64156842432657,
2011-12,R4,East Midlands,Lincolnshire,BSU,50<71,C1 and C2,0.28864789080863,!,not included,not included,99.441340782122900,,4.04107047132077,,1.59491860912398,
2011-12,R4,East Midlands,North Derbyshire & Chesterfield,BSU,50<71,C1 and C2,0.42640286542726,!,not included,not included,98.734177215189800,,3.32594235033259,,1.40877076175910,
2011-12,R4,East Midlands,North Nottinghamshire,BSU,50<71,C1 and C2,0.53191489361702,!,not included,not included,92.592592592592600,,3.59042553191489,,1.44821427134708,
2011-12,R4,East Midlands,Northampton,BSU,50<71,C1 and C2,0.47487890587900,!,not included,not included,97.727272727272700,,3.89400702820780,,1.65088693900798,
2011-12,R4,East Midlands,Nottingham City,BSU,50<71,C1 and C2,0.25881256793830,!,not included,not included,97.945205479452000,,4.08923857342512,,1.53008543018790,
2011-12,R5,West Midlands,"City, Sandwell & Walsall",BSU,50<71,C1 and C2,0.23957834211787,!,not included,not included,94.915254237288100,,1.81395030460674,,1.13355220337126,
2011-12,R5,West Midlands,Dudley & Wolverhampton,BSU,50<71,C1 and C2,0.54087467161181,!,not included,not included,95.348837209302300,,2.62710554782877,,1.23140898936025,
2011-12,R5,West Midlands,Hereford & Worcester,BSU,50<71,C1 and C2,0.30352961581823,!,not included,not included,96.907216494845300,,3.98924637932529,,1.55849018909506,
2011-12,R5,West Midlands,North Staffordshire,BSU,50<71,C1 and C2,0.44393708777270,!,not included,not included,97.560975609756100,,3.55149670218163,,1.48331605856315,
2011-12,R5,West Midlands,Shropshire,BSU,50<71,C1 and C2,0.46530865474098,!,not included,not included,96.835443037974600,,3.30886154482473,,1.51028215066175,
2011-12,R5,West Midlands,South Birmingham,BSU,50<71,C1 and C2,0.61874806641229,!,not included,not included,98.989898989898900,,4.53748582035681,,1.80204081121870,
2011-12,R5,West Midlands,South Staffordshire,BSU,50<71,C1 and C2,0.19844222850623,!,not included,not included,98.701298701298700,,3.57196011311207,,1.54503045147227,
2011-12,R5,West Midlands,"Warwickshire, Solihull & Coventry",BSU,50<71,C1 and C2,0.41523928163604,!,not included,not included,96.137339055793900,,3.32191425308834,,1.61405139341393,
2011-12,R6,East of England,Bedfordshire & Hertfordshire,BSU,50<71,C1 and C2,0.49810098997572,!,not included,not included,95.278969957081500,,3.05086856360127,,1.40797935205849,
2011-12,R6,East of England,Cambridge & Huntingdon,BSU,50<71,C1 and C2,0.79470198675497,!,not included,not included,91.752577319587600,,3.79690949227373,,1.64735587615050,
2011-12,R6,East of England,Colchester & Chelmsford,BSU,50<71,C1 and C2,0.56404026379729,!,not included,not included,97.126436781609100,,2.95036445678583,,1.52787188898859,
2011-12,R6,East of England,East Suffolk,BSU,50<71,C1 and C2,0.41279669762642,!,not included,not included,98.148148148148100,,1.96078431372549,!,1.03059448554655,
2011-12,R6,East of England,Epping,BSU,50<71,C1 and C2,0.49603174603175,!,not included,not included,98.387096774193500,,3.10019841269841,,1.40884165039504,
2011-12,R6,East of England,James Paget,BSU,50<71,C1 and C2,0.76365024818633,!,not included,not included,95.918367346938700,,2.16367570319460,!,1.17645674756767,
2011-12,R6,East of England,Kings Lynn,BSU,50<71,C1 and C2,1.93396878021826,!,not included,not included,95.890410958904100,,5.24934383202099,,1.95470365226603,
2011-12,R6,East of England,Norfolk & Norwich,BSU,50<71,C1 and C2,0.64942093300141,!,not included,not included,97.315436241610700,,3.73417036475809,,1.65662510263310,
2011-12,R6,East of England,Peterborough,BSU,50<71,C1 and C2,0.66357000663570,!,not included,not included,94.736842105263100,,2.84387145701014,,1.22746410008469,
2011-12,R6,East of England,South Essex (Southend),BSU,50<71,C1 and C2,0.23054755043228,!,not included,not included,95.041322314049600,,3.22766570605187,,1.37308073825697,
2011-12,R6,East of England,West Suffolk,BSU,50<71,C1 and C2,0.57971014492754,!,not included,not included,97.435897435897400,,4.52173913043478,,1.75048624617949,
2011-12,R7,London,Central & East London,BSU,50<71,C1 and C2,0.35455604518057,!,not included,not included,99.259259259259200,,3.34295699741680,,1.43623324228030,
2011-12,R7,London,North London,BSU,50<71,C1 and C2,0.23251179166943,!,not included,not included,98.009950248756200,,1.89331030359396,,1.23885937488613,
2011-12,R7,London,Outer North East London,BSU,50<71,C1 and C2,0.74123989218329,!,not included,not included,99.180327868852400,,3.77358490566037,,1.67055221674836,
2011-12,R7,London,South East London,BSU,50<71,C1 and C2,0.26279482294199,!,not included,not included,97.854077253218800,,3.02214046383286,,1.47522944654711,
2011-12,R7,London,South West London,BSU,50<71,C1 and C2,0.39751947845444,!,not included,not included,97.607655502392300,,3.06089998409922,,1.52164427523501,
2011-12,R7,London,West of London,BSU,50<71,C1 and C2,0.86284660940503,!,not included,not included,92.237442922374400,,3.52982703847511,,1.59257636835408,
2011-12,R8,South East,Aylesbury & Wycombe,BSU,50<71,C1 and C2,0.44739393035568,!,not included,not included,95.000000000000000,,2.46066661695623,,1.41411123471490,
2011-12,R8,South East,Canterbury,BSU,50<71,C1 and C2,0.97287398420510,!,not included,not included,96.621621621621600,,4.12040746251573,,1.69108055372851,
2011-12,R8,South East,East Berkshire,BSU,50<71,C1 and C2,0.32986970146792,!,not included,not included,95.121951219512200,,2.55649018637638,,1.41119501001444,
2011-12,R8,South East,East Sussex/Brighton,BSU,50<71,C1 and C2,0.45271402055322,!,not included,not included,94.303797468354400,,2.53519851509801,,1.35625748450692,
2011-12,R8,South East,Guildford,BSU,50<71,C1 and C2,0.63272936439459,!,not included,not included,96.959459459459400,,3.73885533505895,,1.62051946449934,
2011-12,R8,South East,Isle of Wight,BSU,50<71,C1 and C2,1.30918612262710,!,not included,not included,97.777777777777700,,3.92755836788130,!,1.98261972936197,
2011-12,R8,South East,Maidstone,BSU,50<71,C1 and C2,0.57105563713493,!,not included,not included,97.752808988764000,,3.34475444607603,,1.37723702642721,
2011-12,R8,South East,Medway,BSU,50<71,C1 and C2,0.11953143676787,!,not included,not included,96.666666666666600,,2.51016017212526,,1.42932589814363,
2011-12,R8,South East,Milton Keynes,BSU,50<71,C1 and C2,0.72982046416582,!,not included,not included,98.000000000000000,,3.35717413516275,!,1.53616032083601,
2011-12,R8,South East,North & Mid Hampshire,BSU,50<71,C1 and C2,0.35880875493362,!,not included,not included,96.938775510204000,,2.72694653749551,,1.39698265715880,
2011-12,R8,South East,Oxford,BSU,50<71,C1 and C2,0.37883571157974,!,not included,not included,97.196261682242900,,2.46243212526834,,1.26694404091343,
2011-12,R8,South East,Portsmouth,BSU,50<71,C1 and C2,0.75010715816545,!,not included,not included,92.907801418439700,,2.83969138448349,,1.55213726067175,
2011-12,R8,South East,Southampton & Salisbury,BSU,50<71,C1 and C2,0.67548550520687,!,not included,not included,98.709677419354800,,4.39065578384463,,1.70047944073120,
2011-12,R8,South East,West Berkshire,BSU,50<71,C1 and C2,0.29708853238265,!,not included,not included,97.391304347826100,,3.78787878787878,,1.67640090785220,
2011-12,R8,South East,Worthing,BSU,50<71,C1 and C2,0.66171605029042,!,not included,not included,97.785977859778600,,4.81582236600250,,1.91848490262893,
2012-13,R1,North East,Gateshead,BSU,50<71,C1 and C2,0.17096208915673,!,not included,not included,99.435028248587500,,3.50472282771295,,1.48830410021578,
2012-13,R1,North East,Newcastle,BSU,50<71,C1 and C2,0.45336053496543,!,not included,not included,99.052132701421800,,3.36242396766028,,1.53828291733157,
2012-13,R1,North East,North Cumbria,BSU,50<71,C1 and C2,0.50293378038558,!,not included,not included,98.181818181818100,,4.19111483654652,,1.84317086963637,
2012-13,R1,North East,North Tees,BSU,50<71,C1 and C2,0.70726915520629,!,not included,not included,97.837837837837800,,3.02554027504911,,1.38436363174334,
2012-13,R10,South West,Avon,BSU,50<71,C1 and C2,0.56837178201270,!,not included,not included,97.607655502392300,,3.47709796054831,,1.41481286431936,
2012-13,R10,South West,Cornwall,BSU,50<71,C1 and C2,0.26483050847458,!,not included,not included,96.992481203007500,,4.50211864406779,,1.67862621230784,
2012-13,R10,South West,Dorset,BSU,50<71,C1 and C2,0.43819289251128,!,not included,not included,98.000000000000000,,4.03137461110380,,1.65187658440742,
2012-13,R10,South West,Gloucestershire,BSU,50<71,C1 and C2,0.37807183364839,!,not included,not included,99.378881987577600,,3.51066702673507,,1.74670326053447,
2012-13,R10,South West,North & East Devon,BSU,50<71,C1 and C2,0.84863914651149,!,not included,not included,95.833333333333300,,2.60653452142813,,1.31038184963892,
2012-13,R10,South West,Somerset,BSU,50<71,C1 and C2,0.17807324746246,!,not included,not included,95.714285714285700,,3.97696919332818,,1.59890817413252,
2012-13,R10,South West,South Devon (Torbay),BSU,50<71,C1 and C2,0.47874377633091,!,not included,not included,97.560975609756100,,2.87246265798544,,1.44279622152280,
2012-13,R10,South West,West Devon & East Cornwall,BSU,50<71,C1 and C2,0.75137125253588,!,not included,not included,96.363636363636300,,3.15575926065068,,1.53983442975583,
2012-13,R10,South West,Wiltshire,BSU,50<71,C1 and C2,0.43662674650699,!,not included,not included,98.305084745762700,,3.43063872255489,,1.45725550819812,
2012-13,R2,North West,"Bolton, Bury & Rochdale",BSU,50<71,C1 and C2,0.00000000000000,!,not included,not included,99.290780141843900,,2.96089385474860,,1.47036574042328,
2012-13,R2,North West,Chester,BSU,50<71,C1 and C2,0.00000000000000,!,not included,not included,100.000000000000000,,3.75637241749396,!,1.56747796713782,!
2012-13,R2,North West,Crewe,BSU,50<71,C1 and C2,0.55679287305122,!,not included,not included,100.000000000000000,,3.22939866369710,,1.56278965497915,
2012-13,R2,North West,East Cheshire & Stockport,BSU,50<71,C1 and C2,0.24861191679788,!,not included,not included,98.275862068965500,,4.55788514129443,,1.92333236565673,
2012-13,R2,North West,East Lancashire,BSU,50<71,C1 and C2,0.17164435290079,!,not included,not included,98.717948717948700,,3.69035358736697,,1.35080653540983,
2012-13,R2,North West,Greater Manchester,BSU,50<71,C1 and C2,0.41809765566672,!,not included,not included,98.534798534798500,,4.36016126623861,,1.58240378656829,
2012-13,R2,North West,Liverpool,BSU,50<71,C1 and C2,0.64405324173465,!,not included,not included,96.296296296296200,,3.32760841562902,,1.72049401639552,
2012-13,R2,North West,North Lancashire,BSU,50<71,C1 and C2,0.70836284845202,!,not included,not included,97.206703910614500,,3.16679861660902,,1.43261294274627,
2012-13,R2,North West,South Lancashire,BSU,50<71,C1 and C2,0.42001680067203,!,not included,not included,99.180327868852400,,3.06012240489619,,1.42826392932430,
2012-13,R2,North West,Warrington,BSU,50<71,C1 and C2,0.45632333767927,!,not included,not included,95.488721804511200,,2.34680573663624,,1.73557422262052,
2012-13,R2,North West,Wirral,BSU,50<71,C1 and C2,1.83470207932902,!,not included,not included,97.087378640776700,,2.70836973615236,,1.62609592529926,
2012-13,R3,Yorkshire and the Humber,Barnsley,BSU,50<71,C1 and C2,0.28026905829596,!,not included,not included,100.000000000000000,,3.08295964125560,!,1.83536753234835,
2012-13,R3,Yorkshire and the Humber,Doncaster,BSU,50<71,C1 and C2,0.42301184433164,!,not included,not included,96.703296703296700,,3.80710659898477,,1.42347625509426,
2012-13,R3,Yorkshire and the Humber,Humberside,BSU,50<71,C1 and C2,0.00000000000000,!,not included,not included,96.195652173913000,,3.81471389645776,,1.53642733647668,
2012-13,R3,Yorkshire and the Humber,Leeds Wakefield,BSU,50<71,C1 and C2,0.09730150492994,!,not included,not included,97.058823529411700,,2.85417747794499,,1.17446143848982,
2012-13,R3,Yorkshire and the Humber,North Yorkshire,BSU,50<71,C1 and C2,0.09787129924150,!,not included,not included,97.530864197530800,,3.62123807193540,,1.55733597860220,
2012-13,R3,Yorkshire and the Humber,Pennine,BSU,50<71,C1 and C2,0.56452523427797,!,not included,not included,96.428571428571400,,3.19897632757517,,1.42708941115109,
2012-13,R3,Yorkshire and the Humber,Rotherham,BSU,50<71,C1 and C2,0.54659743099207,!,not included,not included,95.454545454545400,,2.59633779721235,!,1.08929801014961,
2012-13,R3,Yorkshire and the Humber,Sheffield,BSU,50<71,C1 and C2,0.22563176895307,!,not included,not included,99.159663865546200,,4.66305655836341,,1.65604703755932,
2012-13,R4,East Midlands,Derby City & South Derbyshire,BSU,50<71,C1 and C2,0.11969597223053,!,not included,not included,98.473282442748000,,3.23179125022443,,1.51065278938406,
2012-13,R4,East Midlands,Kettering,BSU,50<71,C1 and C2,0.53995680345572,!,not included,not included,97.368421052631500,,3.02375809935205,,1.53905749684036,
2012-13,R4,East Midlands,Leicestershire,BSU,50<71,C1 and C2,0.91068301225919,,not included,not included,95.686274509803900,,4.16812609457092,,1.66767833479935,
2012-13,R4,East Midlands,Lincolnshire,BSU,50<71,C1 and C2,0.08835873647007,!,not included,not included,98.235294117647000,,3.53434945880273,,1.47634413433074,
2012-13,R4,East Midlands,North Derbyshire & Chesterfield,BSU,50<71,C1 and C2,0.17995321216484,!,not included,not included,97.560975609756100,,3.77901745546158,,1.42586629478921,
2012-13,R4,East Midlands,North Nottinghamshire,BSU,50<71,C1 and C2,0.69444444444444,!,not included,not included,95.081967213114700,,4.16666666666666,,1.57055798583624,
2012-13,R4,East Midlands,Northampton,BSU,50<71,C1 and C2,0.51238257899231,!,not included,not included,97.590361445783100,,2.90350128095644,,1.46377920187229,
2012-13,R4,East Midlands,Nottingham City,BSU,50<71,C1 and C2,0.23920011481606,!,not included,not included,99.431818181818100,,4.30560206668899,,1.62845363544189,
2012-13,R5,West Midlands,"City, Sandwell & Walsall",BSU,50<71,C1 and C2,0.57202102177255,!,not included,not included,97.916666666666600,,2.82435379500196,,1.30718191013612,
2012-13,R5,West Midlands,Dudley & Wolverhampton,BSU,50<71,C1 and C2,0.25613113914324,!,not included,not included,97.478991596638600,,3.52180316321956,,1.41970094308264,
2012-13,R5,West Midlands,Hereford & Worcester,BSU,50<71,C1 and C2,0.42670390628031,!,not included,not included,95.789473684210500,,3.29725745762054,,1.45231034466603,
2012-13,R5,West Midlands,North Staffordshire,BSU,50<71,C1 and C2,0.26045057950254,!,not included,not included,99.056603773584900,,2.73473108477666,,1.27645411762036,
2012-13,R5,West Midlands,Shropshire,BSU,50<71,C1 and C2,0.35658251319355,!,not included,not included,96.666666666666600,,3.56582513193553,,1.74105811514082,
2012-13,R5,West Midlands,South Birmingham,BSU,50<71,C1 and C2,0.36469730123997,!,not included,not included,98.571428571428500,,3.89010454655968,,1.53830770769076,
2012-13,R5,West Midlands,South Staffordshire,BSU,50<71,C1 and C2,0.31235358425738,!,not included,not included,97.580645161290300,,3.33177156541204,,1.39610278536340,
2012-13,R5,West Midlands,"Warwickshire, Solihull & Coventry",BSU,50<71,C1 and C2,0.45391174658756,!,not included,not included,98.954703832752600,,3.69613850792724,,1.84282703011028,
2012-13,R6,East of England,Bedfordshire & Hertfordshire,BSU,50<71,C1 and C2,0.46070460704607,!,not included,not included,94.539249146757600,,3.25203252032520,,1.50622022912964,
2012-13,R6,East of England,Cambridge & Huntingdon,BSU,50<71,C1 and C2,0.32995133217850,!,not included,not included,98.039215686274500,,3.79444032005279,,1.65504726133488,
2012-13,R6,East of England,Colchester & Chelmsford,BSU,50<71,C1 and C2,0.08895214374666,!,not included,not included,98.181818181818100,,2.93542074363992,,1.45813683777938,
2012-13,R6,East of England,East Suffolk,BSU,50<71,C1 and C2,0.25134048257373,!,not included,not included,100.000000000000000,,2.51340482573726,,1.30162964030966,
2012-13,R6,East of England,Epping,BSU,50<71,C1 and C2,0.25246149962131,!,not included,not included,98.148148148148100,,2.27215349659177,!,1.37548933032926,
2012-13,R6,East of England,James Paget,BSU,50<71,C1 and C2,0.11410314924692,!,not included,not included,100.000000000000000,,4.45002282062984,,1.54556391417373,
2012-13,R6,East of England,Kings Lynn,BSU,50<71,C1 and C2,0.85972202321249,!,not included,not included,98.387096774193500,,4.87175813153747,,1.75064619440411,
2012-13,R6,East of England,Norfolk & Norwich,BSU,50<71,C1 and C2,0.51537536505755,!,not included,not included,96.899224806201500,,2.92046040199278,,1.42383328266975,
2012-13,R6,East of England,Peterborough,BSU,50<71,C1 and C2,0.29492725127802,!,not included,not included,95.402298850574700,,4.22729060165159,,1.72763788709886,
2012-13,R6,East of England,South Essex (Southend),BSU,50<71,C1 and C2,0.88719898605830,!,not included,not included,90.434782608695600,,3.42205323193916,,1.45005580425284,
2012-13,R6,East of England,West Suffolk,BSU,50<71,C1 and C2,0.35756853396901,!,not included,not included,98.571428571428500,,3.69487485101311,,1.74031889603450,
2012-13,R7,London,Central & East London,BSU,50<71,C1 and C2,0.44966556123883,!,not included,not included,100.000000000000000,,3.09145073351694,,1.46593093529159,
2012-13,R7,London,North London,BSU,50<71,C1 and C2,0.22449488650536,!,not included,not included,98.366013071895400,,2.26989274133200,,1.44618458528864,
2012-13,R7,London,Outer North East London,BSU,50<71,C1 and C2,0.61815116605788,!,not included,not included,99.248120300751800,,3.25934251194155,,1.45726932243786,
2012-13,R7,London,South East London,BSU,50<71,C1 and C2,0.35952901698775,!,not included,not included,97.348484848484800,,3.14587889864277,,1.68030700911570,
2012-13,R7,London,South West London,BSU,50<71,C1 and C2,0.16053941242575,!,not included,not included,98.461538461538400,,3.13051854230213,,1.38471618535264,
2012-13,R7,London,West of London,BSU,50<71,C1 and C2,1.61187698833510,,not included,not included,95.375722543352600,,2.54506892895015,,1.29701242008717,
2012-13,R8,South East,Aylesbury & Wycombe,BSU,50<71,C1 and C2,0.42474869035820,!,not included,not included,95.061728395061700,,2.19453490018405,,1.16695205508837,
2012-13,R8,South East,Canterbury,BSU,50<71,C1 and C2,0.69279493269992,!,not included,not included,96.045197740113000,,4.20625494853523,,1.71045673470958,
2012-13,R8,South East,East Berkshire,BSU,50<71,C1 and C2,0.30766075274331,!,not included,not included,100.000000000000000,,1.74341093221208,!,1.42811579162838,
2012-13,R8,South East,East Sussex/Brighton,BSU,50<71,C1 and C2,0.43579314352121,!,not included,not included,97.044334975369400,,4.01898121247336,,1.98821627235260,
2012-13,R8,South East,Guildford,BSU,50<71,C1 and C2,0.71875415945694,,not included,not included,95.692307692307700,,4.17942233461999,,1.69895099943252,
2012-13,R8,South East,Isle of Wight,BSU,50<71,C1 and C2,0.14861049190073,!,not included,not included,98.630136986301300,,4.01248328131966,,2.17334530929732,
2012-13,R8,South East,Maidstone,BSU,50<71,C1 and C2,0.81906790072897,!,not included,not included,96.938775510204000,,3.35817839298877,,1.64131818811918,
2012-13,R8,South East,Medway,BSU,50<71,C1 and C2,0.53428317008014,!,not included,not included,97.709923664122100,,3.50252300385871,,1.59972398275929,
2012-13,R8,South East,Milton Keynes,BSU,50<71,C1 and C2,0.56601103721523,!,not included,not included,98.484848484848400,,4.38658553841799,,1.94126764083636,
2012-13,R8,South East,North & Mid Hampshire,BSU,50<71,C1 and C2,0.46769559698002,!,not included,not included,92.708333333333300,,2.53891895503440,,1.24018022878909,
2012-13,R8,South East,Oxford,BSU,50<71,C1 and C2,0.37163208423661,!,not included,not included,98.540145985401400,,3.40662743883555,,1.71685143903776,
2012-13,R8,South East,Portsmouth,BSU,50<71,C1 and C2,0.52690509122044,!,not included,not included,94.666666666666600,,3.02970427451755,,1.83615963539936,
2012-13,R8,South East,Southampton & Salisbury,BSU,50<71,C1 and C2,0.61294733367910,!,not included,not included,94.660194174757200,,4.47923051534725,,1.89617800910392,
2012-13,R8,South East,West Berkshire,BSU,50<71,C1 and C2,0.80733944954128,!,not included,not included,94.399999999999900,,3.30275229357798,,1.56655072411136,
2012-13,R8,South East,Worthing,BSU,50<71,C1 and C2,0.95681294306963,!,not included,not included,97.354497354497300,,3.69677728004175,,1.62434309731208,
2013-14,R1,North East,Gateshead,BSU,50<71,C1 and C2,0.06761782405842,!,not included,not included,99.047619047619000,,3.38089120292109,,1.47843310221911,
2013-14,R1,North East,Newcastle,BSU,50<71,C1 and C2,0.07489514679449,!,not included,not included,99.173553719008200,,4.00689035350509,,1.83189348319310,
2013-14,R1,North East,North Cumbria,BSU,50<71,C1 and C2,0.31512605042017,!,not included,not included,96.341463414634100,,3.99159663865546,,1.70201307501686,
2013-14,R1,North East,North Tees,BSU,50<71,C1 and C2,0.43967317627230,!,not included,not included,99.090909090909100,,2.96779393983805,,1.54826823543692,
2013-14,R10,South West,Avon,BSU,50<71,C1 and C2,0.56156528935390,!,not included,not included,96.784565916398700,,4.55163445055269,,1.82815787314398,
2013-14,R10,South West,Cornwall,BSU,50<71,C1 and C2,0.06449532408900,!,not included,not included,97.163120567375800,,4.70815865849725,,1.77400612078390,
2013-14,R10,South West,Dorset,BSU,50<71,C1 and C2,0.48233449897504,!,not included,not included,96.728971962616800,,3.53711965915028,,1.58073355675652,
2013-14,R10,South West,Gloucestershire,BSU,50<71,C1 and C2,0.30826140567201,!,not included,not included,98.666666666666600,,2.00369913686806,,1.41517875648868,
2013-14,R10,South West,North & East Devon,BSU,50<71,C1 and C2,0.49142732335918,!,not included,not included,95.774647887323900,,2.78475483236867,,1.23458953482259,
2013-14,R10,South West,Somerset,BSU,50<71,C1 and C2,0.43604651162791,!,not included,not included,99.152542372881300,,4.21511627906976,,1.68832803134511,
2013-14,R10,South West,South Devon (Torbay),BSU,50<71,C1 and C2,0.50921682452388,!,not included,not included,98.750000000000000,,4.07373459619105,,1.63176317125135,
2013-14,R10,South West,West Devon & East Cornwall,BSU,50<71,C1 and C2,0.27010601661152,!,not included,not included,97.692307692307700,,3.84901073671416,,1.76518640531883,
2013-14,R10,South West,Wiltshire,BSU,50<71,C1 and C2,0.43283016826273,!,not included,not included,98.540145985401400,,2.59698100957636,,1.43968806409595,
2013-14,R2,North West,"Bolton, Bury & Rochdale",BSU,50<71,C1 and C2,0.17603567656378,!,not included,not included,99.300699300699300,,2.99260650158432,,1.37325048246151,
2013-14,R2,North West,Chester,BSU,50<71,C1 and C2,0.00000000000000,!,not included,not included,98.039215686274500,,3.95460797799174,!,1.71654054280361,
2013-14,R2,North West,Crewe,BSU,50<71,C1 and C2,0.31766200762389,!,not included,not included,97.727272727272700,,2.75307073274036,,1.84776376956127,
2013-14,R2,North West,East Cheshire & Stockport,BSU,50<71,C1 and C2,0.47473719905053,!,not included,not included,96.124031007751900,,3.73007799253984,,1.67281453341266,
2013-14,R2,North West,East Lancashire,BSU,50<71,C1 and C2,0.22403106564110,!,not included,not included,100.000000000000000,,2.98708087521469,,1.49242298647864,
2013-14,R2,North West,Greater Manchester,BSU,50<71,C1 and C2,0.18368846436444,!,not included,not included,98.859315589353600,,5.18001469507714,,1.99395991817219,
2013-14,R2,North West,Liverpool,BSU,50<71,C1 and C2,0.63414634146341,!,not included,not included,98.816568047337200,,2.97560975609756,,1.61356629592212,
2013-14,R2,North West,North Lancashire,BSU,50<71,C1 and C2,0.51570929863535,!,not included,not included,96.279069767441800,,3.21326562995874,,1.61471288159654,
2013-14,R2,North West,South Lancashire,BSU,50<71,C1 and C2,0.57685248308773,!,not included,not included,98.787878787878800,,3.98552624678798,,1.79119802766391,
2013-14,R2,North West,Warrington,BSU,50<71,C1 and C2,0.33364844575432,!,not included,not included,96.153846153846100,,2.78040371461936,,1.73210882638348,
2013-14,R2,North West,Wirral,BSU,50<71,C1 and C2,0.87591240875912,!,not included,not included,98.130841121495300,,3.21167883211678,,1.90430737872089,
2013-14,R3,Yorkshire and the Humber,Barnsley,BSU,50<71,C1 and C2,0.37960268252562,!,not included,not included,98.275862068965500,,2.91028723269644,!,1.37153139709674,
2013-14,R3,Yorkshire and the Humber,Doncaster,BSU,50<71,C1 and C2,0.46667911144297,!,not included,not included,95.652173913043400,,4.66679111442971,,2.07391619646504,
2013-14,R3,Yorkshire and the Humber,Humberside,BSU,50<71,C1 and C2,0.06800639260090,!,not included,not included,99.473684210526300,,3.19630045224251,,1.24381997407944,
2013-14,R3,Yorkshire and the Humber,Leeds Wakefield,BSU,50<71,C1 and C2,0.35695871177567,!,not included,not included,98.630136986301300,,3.88688375044619,,1.64317839804218,
2013-14,R3,Yorkshire and the Humber,North Yorkshire,BSU,50<71,C1 and C2,0.37897449501649,!,not included,not included,98.453608247422700,,3.37287300564671,,1.38694764695146,
2013-14,R3,Yorkshire and the Humber,Pennine,BSU,50<71,C1 and C2,0.14559749572307,!,not included,not included,95.909090909090900,,3.82193426273068,,1.51466357252601,
2013-14,R3,Yorkshire and the Humber,Rotherham,BSU,50<71,C1 and C2,0.00000000000000,!,not included,not included,98.214285714285700,,3.22542109664317,,1.33033295052520,
2013-14,R3,Yorkshire and the Humber,Sheffield,BSU,50<71,C1 and C2,0.15519515791107,!,not included,not included,98.924731182795700,,3.64708621091022,,1.46665034548077,
2013-14,R4,East Midlands,Derby City & South Derbyshire,BSU,50<71,C1 and C2,0.22211116663890,!,not included,not included,99.328859060402600,,3.55377866622244,,1.51643490486537,
2013-14,R4,East Midlands,Kettering,BSU,50<71,C1 and C2,0.47646274061368,!,not included,not included,97.894736842105200,,3.33523918429578,,1.67132653874226,
2013-14,R4,East Midlands,Leicestershire,BSU,50<71,C1 and C2,0.46693126104793,!,not included,not included,95.600000000000000,,3.93556348597538,,1.65101132094435,
2013-14,R4,East Midlands,Lincolnshire,BSU,50<71,C1 and C2,0.36462131472028,!,not included,not included,100.000000000000000,,3.54203562871132,,1.51351083604962,
2013-14,R4,East Midlands,North Derbyshire & Chesterfield,BSU,50<71,C1 and C2,0.08012820512821,!,not included,not included,98.924731182795700,,3.76602564102564,,1.50018245725600,
2013-14,R4,East Midlands,North Nottinghamshire,BSU,50<71,C1 and C2,0.38153376573827,!,not included,not included,96.551724137931000,,4.45122726694645,,1.54743140313961,
2013-14,R4,East Midlands,Northampton,BSU,50<71,C1 and C2,0.51220761481987,!,not included,not included,97.701149425287300,,2.90250981731261,,1.47921429208396,
2013-14,R4,East Midlands,Nottingham City,BSU,50<71,C1 and C2,0.23698928808418,!,not included,not included,98.750000000000000,,3.88662432458052,,1.34753396102309,
2013-14,R5,West Midlands,"City, Sandwell & Walsall",BSU,50<71,C1 and C2,0.33228110981891,!,not included,not included,96.218487394957900,,3.09021432131583,,1.59295342423625,
2013-14,R5,West Midlands,Dudley & Wolverhampton,BSU,50<71,C1 and C2,0.78225003555682,!,not included,not included,97.945205479452000,,4.62238657374484,,2.03142056723804,
2013-14,R5,West Midlands,Hereford & Worcester,BSU,50<71,C1 and C2,0.31343049678734,!,not included,not included,99.462365591397800,,3.25184140416862,,1.46683875051079,
2013-14,R5,West Midlands,North Staffordshire,BSU,50<71,C1 and C2,0.62819002748331,!,not included,not included,98.947368421052600,,2.82685512367491,,1.41396851856416,
2013-14,R5,West Midlands,Shropshire,BSU,50<71,C1 and C2,0.60702632976705,!,not included,not included,96.969696969696900,,2.65574019273085,,1.41923902223165,
2013-14,R5,West Midlands,South Birmingham,BSU,50<71,C1 and C2,0.19411821799476,!,not included,not included,95.061728395061700,,2.52353683393186,,1.58959541000766,
2013-14,R5,West Midlands,South Staffordshire,BSU,50<71,C1 and C2,0.35391071338288,!,not included,not included,98.333333333333300,,4.29748723393498,,1.72163442448325,
2013-14,R5,West Midlands,"Warwickshire, Solihull & Coventry",BSU,50<71,C1 and C2,0.50890585241730,!,not included,not included,97.959183673469300,,3.16652530392988,,1.65310989743179,
2013-14,R6,East of England,Bedfordshire & Hertfordshire,BSU,50<71,C1 and C2,0.26485601463931,!,not included,not included,95.819935691318300,,2.62448232688047,,1.38115614657901,
2013-14,R6,East of England,Cambridge & Huntingdon,BSU,50<71,C1 and C2,0.00000000000000,!,not included,not included,97.029702970297000,,3.51191810505865,,1.37588253036590,
2013-14,R6,East of England,Colchester & Chelmsford,BSU,50<71,C1 and C2,0.27692064245589,!,not included,not included,98.342541436464000,,2.96700688345596,,1.46316871798487,
2013-14,R6,East of England,East Suffolk,BSU,50<71,C1 and C2,0.27470640752696,!,not included,not included,99.180327868852400,,3.77721310349563,,1.68682614980129,
2013-14,R6,East of England,Epping,BSU,50<71,C1 and C2,0.00000000000000,!,not included,not included,98.214285714285700,,2.57135510413988,!,1.52421764085948,
2013-14,R6,East of England,James Paget,BSU,50<71,C1 and C2,0.31953986259786,!,not included,not included,97.959183673469300,,2.71608883208180,!,1.53810410050457,
2013-14,R6,East of England,Kings Lynn,BSU,50<71,C1 and C2,1.02214650766609,!,not included,not included,91.666666666666600,,2.72572402044293,!,1.54657963463937,
2013-14,R6,East of England,Norfolk & Norwich,BSU,50<71,C1 and C2,0.32483352281955,!,not included,not included,97.637795275590500,,2.97764062584592,,1.38263527091940,
2013-14,R6,East of England,Peterborough,BSU,50<71,C1 and C2,0.27746947835738,!,not included,not included,94.545454545454500,,3.60710321864594,,1.65730462191184,
2013-14,R6,East of England,South Essex (Southend),BSU,50<71,C1 and C2,0.10824268008876,!,not included,not included,97.637795275590500,,2.86843102235211,,1.31111380545719,
2013-14,R6,East of England,West Suffolk,BSU,50<71,C1 and C2,0.82516761217122,!,not included,not included,95.652173913043400,,4.64156781846312,,1.84008259272053,
2013-14,R7,London,Central & East London,BSU,50<71,C1 and C2,0.39691540031753,!,not included,not included,98.373983739837400,,3.00521660240417,,1.43825963323262,
2013-14,R7,London,North London,BSU,50<71,C1 and C2,0.26295658825779,!,not included,not included,98.392282958199300,,2.27098871677184,,1.35415912311720,
2013-14,R7,London,Outer North East London,BSU,50<71,C1 and C2,0.62935962657995,!,not included,not included,97.122302158273300,,2.83211831960979,,1.37243481351496,
2013-14,R7,London,South East London,BSU,50<71,C1 and C2,0.27406437467645,!,not included,not included,99.534883720930200,,2.25341819178415,,1.24239784289615,
2013-14,R7,London,South West London,BSU,50<71,C1 and C2,0.40734580264096,!,not included,not included,98.884758364312200,,3.25876642112766,,1.59924410161267,
2013-14,R7,London,West of London,BSU,50<71,C1 and C2,0.91005059881329,,not included,not included,92.018779342723000,,2.58454370062975,,1.45258387491096,
2013-14,R8,South East,Aylesbury & Wycombe,BSU,50<71,C1 and C2,0.59093893630991,!,not included,not included,99.122807017543800,,3.61129349967170,,1.56462941273391,
2013-14,R8,South East,Canterbury,BSU,50<71,C1 and C2,0.59546595210752,!,not included,not included,98.930481283422400,,3.40266258347156,,1.58423007356455,
2013-14,R8,South East,East Berkshire,BSU,50<71,C1 and C2,0.72769611410275,!,not included,not included,96.638655462184800,,3.56571095910347,,1.68447750433486,
2013-14,R8,South East,East Sussex/Brighton,BSU,50<71,C1 and C2,0.52257980229064,!,not included,not included,98.958333333333300,,3.74515524974959,,1.67463619052084,
2013-14,R8,South East,Guildford,BSU,50<71,C1 and C2,1.14620818339330,,not included,not included,95.184135977337100,,4.66480074636812,,1.85985181909937,
2013-14,R8,South East,Isle of Wight,BSU,50<71,C1 and C2,0.00000000000000,!,not included,not included,100.000000000000000,,4.32354530715186,!,1.76072689849277,
2013-14,R8,South East,Maidstone,BSU,50<71,C1 and C2,1.05499142819464,!,not included,not included,94.214876033057800,,3.42872214163259,,1.60296266359934,
2013-14,R8,South East,Medway,BSU,50<71,C1 and C2,0.49014268598192,!,not included,not included,98.400000000000000,,2.77747522056420,,1.41023757265073,
2013-14,R8,South East,Milton Keynes,BSU,50<71,C1 and C2,0.41672454507570,!,not included,not included,96.666666666666600,,3.75052090568134,,1.71165758632317,
2013-14,R8,South East,North & Mid Hampshire,BSU,50<71,C1 and C2,0.64516129032258,!,not included,not included,92.035398230088400,,3.72759856630824,,1.64529913789788,
2013-14,R8,South East,Oxford,BSU,50<71,C1 and C2,0.27575557026252,!,not included,not included,97.701149425287300,,3.30906684315023,,1.77466930438567,
2013-14,R8,South East,Portsmouth,BSU,50<71,C1 and C2,1.08408428755335,!,not included,not included,95.364238410596000,,3.45551866657632,,1.97354755534197,
2013-14,R8,South East,Southampton & Salisbury,BSU,50<71,C1 and C2,0.80445129717772,!,not included,not included,96.460176991150400,,3.68706844539786,,1.43930918334243,
2013-14,R8,South East,West Berkshire,BSU,50<71,C1 and C2,0.31301353783551,!,not included,not included,98.412698412698400,,3.67790906956725,,1.71873131942092,
2013-14,R8,South East,Worthing,BSU,50<71,C1 and C2,0.75315383167012,!,not included,not included,97.849462365591300,,4.23649030314441,,1.65972030438592,
2014-15,R1,North East,Gateshead,BSU,50<71,C1 and C2,0.03543586109142,!,not included,not included,100.000000000000000,,3.64989369241672,,1.45573789236326,
2014-15,R1,North East,Newcastle,BSU,50<71,C1 and C2,0.15402387370042,!,not included,not included,99.148936170212700,,4.12013862148633,,1.72471907247204,
2014-15,R1,North East,North Cumbria,BSU,50<71,C1 and C2,0.16907599966185,!,not included,not included,100.000000000000000,,3.97328599205342,,1.53233252269537,
2014-15,R1,North East,North Tees,BSU,50<71,C1 and C2,0.18879323365051,!,not included,not included,99.476439790575900,,2.86965715148769,,1.39467231481245,
2014-15,R10,South West,Avon,BSU,50<71,C1 and C2,0.78977599080988,!,not included,not included,97.530864197530800,,3.69758759333716,,1.73113521497002,
2014-15,R10,South West,Cornwall,BSU,50<71,C1 and C2,0.06291286568103,!,not included,not included,99.130434782608700,,3.71185907518087,,1.46541861344507,
2014-15,R10,South West,Dorset,BSU,50<71,C1 and C2,0.72013341419042,!,not included,not included,98.214285714285700,,4.13129169193450,,1.66965333890979,
2014-15,R10,South West,Gloucestershire,BSU,50<71,C1 and C2,0.71388506450461,!,not included,not included,97.175141242937800,,3.00851562898373,,1.72799461466721,
2014-15,R10,South West,North & East Devon,BSU,50<71,C1 and C2,0.48414427499395,!,not included,not included,95.375722543352600,,3.09852335996126,,1.48853612831991,
2014-15,R10,South West,Somerset,BSU,50<71,C1 and C2,0.30129557095511,!,not included,not included,98.039215686274500,,2.95269659536004,,1.12502407113191,
2014-15,R10,South West,South Devon (Torbay),BSU,50<71,C1 and C2,0.11412919424789,!,not included,not included,98.360655737704900,,3.19561743894088,,1.24049676106295,
2014-15,R10,South West,West Devon & East Cornwall,BSU,50<71,C1 and C2,0.39572615749901,!,not included,not included,96.296296296296200,,3.22234156820623,,1.38992292120513,
2014-15,R10,South West,Wiltshire,BSU,50<71,C1 and C2,0.58082128129175,!,not included,not included,94.488188976377900,,3.36876343149212,,1.45972905161261,
2014-15,R2,North West,"Bolton, Bury & Rochdale",BSU,50<71,C1 and C2,0.45303533675627,!,not included,not included,99.441340782122900,,4.27866706936474,,1.75173217939415,
2014-15,R2,North West,Chester,BSU,50<71,C1 and C2,0.14146272457208,!,not included,not included,95.714285714285700,,2.97071721601358,!,1.84098284863960,
2014-15,R2,North West,Crewe,BSU,50<71,C1 and C2,0.10845986984816,!,not included,not included,98.571428571428500,,2.92841648590021,,1.55179130226326,
2014-15,R2,North West,East Cheshire & Stockport,BSU,50<71,C1 and C2,0.38762193940177,!,not included,not included,98.561151079136600,,3.61780476774985,,1.66373189641827,
2014-15,R2,North West,East Lancashire,BSU,50<71,C1 and C2,0.20009337690922,!,not included,not included,100.000000000000000,,3.33488961515373,,1.47134697288145,
2014-15,R2,North West,Greater Manchester,BSU,50<71,C1 and C2,0.14108352144470,!,not included,not included,100.000000000000000,,4.40886004514672,,1.74229245863729,
2014-15,R2,North West,Liverpool,BSU,50<71,C1 and C2,0.73156457276629,!,not included,not included,98.816568047337200,,3.26765509168942,,1.61601806543056,
2014-15,R2,North West,North Lancashire,BSU,50<71,C1 and C2,0.29547916871861,!,not included,not included,98.324022346368700,,3.69348960898256,,1.62931937621091,
2014-15,R2,North West,South Lancashire,BSU,50<71,C1 and C2,0.35489758669641,!,not included,not included,97.826086956521700,,4.05597241938754,,1.76599980275523,
2014-15,R2,North West,Warrington,BSU,50<71,C1 and C2,0.12282748879199,!,not included,not included,98.373983739837400,,2.64079100902782,,1.53369597053397,
2014-15,R2,North West,Wirral,BSU,50<71,C1 and C2,0.67554526153252,!,not included,not included,95.689655172413800,,4.24628450106157,,1.96396085077848,
2014-15,R3,Yorkshire and the Humber,Barnsley,BSU,50<71,C1 and C2,0.00000000000000,!,not included,not included,100.000000000000000,,3.93900889453621,,1.46154231273833,
2014-15,R3,Yorkshire and the Humber,Doncaster,BSU,50<71,C1 and C2,0.15243902439024,!,not included,not included,100.000000000000000,,3.81097560975609,,1.55476780653357,
2014-15,R3,Yorkshire and the Humber,Humberside,BSU,50<71,C1 and C2,0.22037758025417,!,not included,not included,99.462365591397800,,2.82817894659516,,1.35247567088839,
2014-15,R3,Yorkshire and the Humber,Leeds Wakefield,BSU,50<71,C1 and C2,0.27783566020699,!,not included,not included,99.521531100478400,,3.57713412516496,,1.46752870895697,
2014-15,R3,Yorkshire and the Humber,North Yorkshire,BSU,50<71,C1 and C2,0.18174548362473,!,not included,not included,97.685185185185100,,3.70760786594453,,1.61012847312940,
2014-15,R3,Yorkshire and the Humber,Pennine,BSU,50<71,C1 and C2,0.12753881962822,!,not included,not included,98.701298701298700,,3.22035519561266,,1.41700981664355,
2014-15,R3,Yorkshire and the Humber,Rotherham,BSU,50<71,C1 and C2,0.11906179307060,!,not included,not included,100.000000000000000,,4.04810096440052,,1.68980140754630,
2014-15,R3,Yorkshire and the Humber,Sheffield,BSU,50<71,C1 and C2,0.06622516556291,!,not included,not included,95.238095238095200,,2.84768211920529,,1.34455567537760,
2014-15,R4,East Midlands,Derby City & South Derbyshire,BSU,50<71,C1 and C2,0.24915288020730,!,not included,not included,98.709677419354800,,3.23898744269483,,1.49859442807971,
2014-15,R4,East Midlands,Kettering,BSU,50<71,C1 and C2,0.09737098344693,!,not included,not included,97.500000000000000,,2.82375851996105,,1.55517348797659,
2014-15,R4,East Midlands,Leicestershire,BSU,50<71,C1 and C2,0.13092432573972,!,not included,not included,98.717948717948700,,3.63315003927729,,1.49206195263449,
2014-15,R4,East Midlands,Lincolnshire,BSU,50<71,C1 and C2,0.26265102433899,!,not included,not included,100.000000000000000,,3.10803712134477,,1.41806549832885,
2014-15,R4,East Midlands,North Derbyshire & Chesterfield,BSU,50<71,C1 and C2,0.25210084033613,!,not included,not included,100.000000000000000,,3.27731092436974,,1.20003286869687,
2014-15,R4,East Midlands,North Nottinghamshire,BSU,50<71,C1 and C2,0.00000000000000,!,not included,not included,98.666666666666600,,4.11921492609643,,1.81788976376075,
2014-15,R4,East Midlands,Northampton,BSU,50<71,C1 and C2,0.35797386790764,!,not included,not included,97.590361445783100,,3.22176481116878,,1.36481867283271,
2014-15,R4,East Midlands,Nottingham City,BSU,50<71,C1 and C2,0.64789219073946,!,not included,not included,97.422680412371100,,3.88735314443676,,1.68971731560667,
2014-15,R5,West Midlands,"City, Sandwell & Walsall",BSU,50<71,C1 and C2,0.21006932287655,!,not included,not included,99.074074074074000,,2.76591275120789,,1.40304905076803,
2014-15,R5,West Midlands,Dudley & Wolverhampton,BSU,50<71,C1 and C2,0.57526366251198,!,not included,not included,94.904458598726100,,4.60210930009587,,1.93690772993320,
2014-15,R5,West Midlands,Hereford & Worcester,BSU,50<71,C1 and C2,0.27362989602064,!,not included,not included,98.378378378378300,,3.00992885622703,,1.46969322980161,
2014-15,R5,West Midlands,North Staffordshire,BSU,50<71,C1 and C2,0.19828155981494,!,not included,not included,97.196261682242900,,3.23859881031064,,1.19787852475755,
2014-15,R5,West Midlands,Shropshire,BSU,50<71,C1 and C2,0.27151778441488,!,not included,not included,98.089171974522200,,3.58403475427640,,1.59964293871715,
2014-15,R5,West Midlands,South Birmingham,BSU,50<71,C1 and C2,0.40164675168190,!,not included,not included,97.368421052631500,,2.20905713425042,!,1.42648510626576,
2014-15,R5,West Midlands,South Staffordshire,BSU,50<71,C1 and C2,0.05145091582630,!,not included,not included,98.750000000000000,,4.42477876106194,,1.65115737441644,
2014-15,R5,West Midlands,"Warwickshire, Solihull & Coventry",BSU,50<71,C1 and C2,0.55768789161172,!,not included,not included,97.709923664122100,,2.91966013843781,,1.64935885800645,
2014-15,R6,East of England,Bedfordshire & Hertfordshire,BSU,50<71,C1 and C2,0.32615786040444,!,not included,not included,96.268656716417900,,2.25345430824882,,1.39974710268668,
2014-15,R6,East of England,Cambridge & Huntingdon,BSU,50<71,C1 and C2,0.13457139012246,!,not included,not included,96.428571428571400,,3.76799892342887,,1.55397896313510,
2014-15,R6,East of England,Colchester & Chelmsford,BSU,50<71,C1 and C2,0.31815470272420,!,not included,not included,98.941798941798900,,3.45993239212567,,1.47101020957501,
2014-15,R6,East of England,East Suffolk,BSU,50<71,C1 and C2,0.30588055364380,!,not included,not included,98.000000000000000,,3.44115622849277,,1.61432512744309,
2014-15,R6,East of England,Epping,BSU,50<71,C1 and C2,0.24912805181863,!,not included,not included,97.435897435897400,,4.35974090682610,,1.93160314006235,
2014-15,R6,East of England,James Paget,BSU,50<71,C1 and C2,0.00000000000000,!,not included,not included,100.000000000000000,,3.62882322446863,,1.67010268883321,
2014-15,R6,East of England,Kings Lynn,BSU,50<71,C1 and C2,0.34328870580158,!,not included,not included,98.684210526315700,,3.66174619521684,,1.58423953249091,
2014-15,R6,East of England,Norfolk & Norwich,BSU,50<71,C1 and C2,0.29491275497665,!,not included,not included,100.000000000000000,,3.24404030474318,,1.56084028381158,
2014-15,R6,East of England,Peterborough,BSU,50<71,C1 and C2,0.25089905494689,!,not included,not included,97.802197802197800,,4.01438487915028,,1.52554546496564,
2014-15,R6,East of England,South Essex (Southend),BSU,50<71,C1 and C2,0.33361134278565,!,not included,not included,97.692307692307700,,3.11370586599944,,1.43204063783357,
2014-15,R6,East of England,West Suffolk,BSU,50<71,C1 and C2,0.60981807094217,!,not included,not included,90.909090909090900,,5.08181725785140,,1.72607664030438,
2014-15,R7,London,Central & East London,BSU,50<71,C1 and C2,0.18900018900019,!,not included,not included,99.358974358974300,,2.92950292950292,,1.34680306685634,
2014-15,R7,London,North London,BSU,50<71,C1 and C2,0.32760032760033,!,not included,not included,99.317406143344700,,2.56620256620256,,1.47142310710698,
2014-15,R7,London,Outer North East London,BSU,50<71,C1 and C2,0.77069006402656,!,not included,not included,98.709677419354800,,2.96419255394830,,1.79956924457155,
2014-15,R7,London,South East London,BSU,50<71,C1 and C2,0.14397189668577,!,not included,not included,98.412698412698400,,3.54170865846986,,1.52596627714357,
2014-15,R7,London,South West London,BSU,50<71,C1 and C2,0.33750717202741,!,not included,not included,97.508896797153000,,3.30757028586857,,1.68483632513691,
2014-15,R7,London,West of London,BSU,50<71,C1 and C2,0.76201032177618,!,not included,not included,93.133047210300400,,3.01340445429669,,1.58521407256414,
2014-15,R8,South East,Aylesbury & Wycombe,BSU,50<71,C1 and C2,0.54694621695533,!,not included,not included,96.575342465753400,,3.58553631115162,,1.73212222153036,
2014-15,R8,South East,Canterbury,BSU,50<71,C1 and C2,0.97077953596738,!,not included,not included,96.987951807228900,,3.49480632948257,,1.57043074908129,
2014-15,R8,South East,East Berkshire,BSU,50<71,C1 and C2,0.54162797895388,!,not included,not included,97.887323943661900,,4.41039925719591,,2.13701560664388,
2014-15,R8,South East,East Sussex/Brighton,BSU,50<71,C1 and C2,0.37191312109491,!,not included,not included,95.154185022026400,,2.82653972032133,,1.58374501705225,
2014-15,R8,South East,Guildford,BSU,50<71,C1 and C2,0.72186722990134,,not included,not included,98.280802292263600,,4.03710932278159,,1.74802844323794,
2014-15,R8,South East,Isle of Wight,BSU,50<71,C1 and C2,0.00000000000000,!,not included,not included,100.000000000000000,,3.15059861373661,!,1.77558188906473,!
2014-15,R8,South East,Maidstone,BSU,50<71,C1 and C2,0.43293166895158,!,not included,not included,98.305084745762700,,3.46345335161267,,1.66381482966914,
2014-15,R8,South East,Medway,BSU,50<71,C1 and C2,1.15580212667591,!,not included,not included,94.202898550724600,,3.00508552935737,,1.49233897129521,
2014-15,R8,South East,Milton Keynes,BSU,50<71,C1 and C2,0.26288117770768,!,not included,not included,100.000000000000000,,1.97160883280757,!,1.17527550681373,
2014-15,R8,South East,North & Mid Hampshire,BSU,50<71,C1 and C2,0.07092701610043,!,not included,not included,98.969072164948400,,2.90800766011773,,1.28707792639046,
2014-15,R8,South East,Oxford,BSU,50<71,C1 and C2,0.12360939431397,!,not included,not included,98.591549295774600,,3.52286773794808,,1.70535585871986,
2014-15,R8,South East,Portsmouth,BSU,50<71,C1 and C2,0.71299292491636,!,not included,not included,92.610837438423600,,4.05857511106236,,1.97764444352447,
2014-15,R8,South East,Southampton & Salisbury,BSU,50<71,C1 and C2,0.76095779220779,!,not included,not included,98.830409356725100,,3.60186688311688,,1.65454912198187,
2014-15,R8,South East,West Berkshire,BSU,50<71,C1 and C2,0.29209019745297,!,not included,not included,97.560975609756100,,3.09615609300151,,1.44842314290497,
2014-15,R8,South East,Worthing,BSU,50<71,C1 and C2,0.45100913293494,!,not included,not included,97.512437810945200,,3.38256849701206,,1.42945520928762,
2015-16,R1,North East,Gateshead,BSU,50<71,C1 and C2,0.11650485436893,!,not included,not included,98.514851485148500,,3.72815533980582,,1.61575996885430,
2015-16,R1,North East,Newcastle,BSU,50<71,C1 and C2,0.20948257803226,!,not included,not included,99.547511312217200,,3.21206619649465,,1.58556746216728,
2015-16,R1,North East,North Cumbria,BSU,50<71,C1 and C2,0.18104462750068,!,not included,not included,98.765432098765400,,3.80193717751425,,1.33714983662659,
2015-16,R1,North East,North Tees,BSU,50<71,C1 and C2,0.18443378827001,!,not included,not included,98.373983739837400,,3.25833025943686,,1.46832451296993,
2015-16,R10,South West,Avon,BSU,50<71,C1 and C2,0.41317761128250,!,not included,not included,96.783625730994100,,3.71859850154253,,1.87058529117292,
2015-16,R10,South West,Cornwall,BSU,50<71,C1 and C2,0.05970505701833,!,not included,not included,96.946564885496100,,3.40318825004477,,1.46881530592805,
2015-16,R10,South West,Dorset,BSU,50<71,C1 and C2,0.31825595735370,!,not included,not included,99.056603773584900,,3.62016151489835,,1.70969974484904,
2015-16,R10,South West,Gloucestershire,BSU,50<71,C1 and C2,0.54227261523293,!,not included,not included,98.314606741573000,,3.25363569139758,,1.75529187438121,
2015-16,R10,South West,North & East Devon,BSU,50<71,C1 and C2,0.49972237645752,!,not included,not included,92.424242424242400,,3.05385896724042,,1.41940321464802,
2015-16,R10,South West,Somerset,BSU,50<71,C1 and C2,0.45105999097880,!,not included,not included,96.376811594202800,,3.43933243121335,,1.42239534110818,
2015-16,R10,South West,South Devon (Torbay),BSU,50<71,C1 and C2,0.09573042312847,!,not included,not included,97.979797979797900,,5.07371242580892,,1.80092151768735,
2015-16,R10,South West,West Devon & East Cornwall,BSU,50<71,C1 and C2,0.70885423379301,!,not included,not included,98.507462686567100,,3.67315375692743,,1.70821369247155,
2015-16,R10,South West,Wiltshire,BSU,50<71,C1 and C2,0.46446818392940,!,not included,not included,93.710691823899300,,3.04484698353718,,1.72313046088761,
2015-16,R2,North West,"Bolton, Bury & Rochdale",BSU,50<71,C1 and C2,0.17778567936353,!,not included,not included,98.882681564245800,,3.28903506822525,,1.46196564468672,
2015-16,R2,North West,Chester,BSU,50<71,C1 and C2,0.21781746896101,!,not included,not included,100.000000000000000,,4.79198431714223,!,1.97914304176098,
2015-16,R2,North West,Crewe,BSU,50<71,C1 and C2,0.51171835022004,!,not included,not included,98.275862068965500,,2.04687340088015,!,1.12625352016794,
2015-16,R2,North West,East Cheshire & Stockport,BSU,50<71,C1 and C2,0.21888224135415,!,not included,not included,98.290598290598200,,3.57507660878447,,1.59925449583681,
2015-16,R2,North West,East Lancashire,BSU,50<71,C1 and C2,0.31072788005904,!,not included,not included,98.260869565217300,,4.81628214091509,,1.85465685215402,
2015-16,R2,North West,Greater Manchester,BSU,50<71,C1 and C2,0.13929031584079,!,not included,not included,98.591549295774600,,4.97962879130828,,2.02533670581804,
2015-16,R2,North West,Liverpool,BSU,50<71,C1 and C2,0.38746340623386,!,not included,not included,99.479166666666600,,3.05665576028930,,1.67575067570166,
2015-16,R2,North West,North Lancashire,BSU,50<71,C1 and C2,0.44057176424515,!,not included,not included,98.192771084337300,,3.37771685921284,,1.59021679639196,
2015-16,R2,North West,South Lancashire,BSU,50<71,C1 and C2,0.31852205765249,!,not included,not included,97.037037037037000,,3.71609067261241,,1.58656795959817,
2015-16,R2,North West,Warrington,BSU,50<71,C1 and C2,0.23656041161512,!,not included,not included,94.656488549618300,,2.54302442486249,,1.51401181540643,
2015-16,R2,North West,Wirral,BSU,50<71,C1 and C2,1.12939657954178,!,not included,not included,98.373983739837400,,3.38818973862536,,1.77859119550450,
2015-16,R3,Yorkshire and the Humber,Barnsley,BSU,50<71,C1 and C2,0.00000000000000,!,not included,not included,96.078431372549000,,2.73764258555133,!,1.64367698011711,
2015-16,R3,Yorkshire and the Humber,Doncaster,BSU,50<71,C1 and C2,0.07478872186074,!,not included,not included,98.130841121495300,,3.36549248373345,,1.64366809738843,
2015-16,R3,Yorkshire and the Humber,Humberside,BSU,50<71,C1 and C2,0.18091034083508,!,not included,not included,97.979797979797900,,3.76293508936970,,1.47556260684023,
2015-16,R3,Yorkshire and the Humber,Leeds Wakefield,BSU,50<71,C1 and C2,0.33970538278620,!,not included,not included,99.152542372881300,,3.39705382786201,,1.37731853033755,
2015-16,R3,Yorkshire and the Humber,North Yorkshire,BSU,50<71,C1 and C2,0.24261048886014,!,not included,not included,98.067632850241500,,3.39654684404189,,1.61209622058381,
2015-16,R3,Yorkshire and the Humber,Pennine,BSU,50<71,C1 and C2,0.09946290033817,!,not included,not included,97.647058823529400,,3.68012731251243,,1.54873727758467,
2015-16,R3,Yorkshire and the Humber,Rotherham,BSU,50<71,C1 and C2,0.00000000000000,!,not included,not included,94.736842105263100,,2.40577385725741,!,1.05605960400405,
2015-16,R3,Yorkshire and the Humber,Sheffield,BSU,50<71,C1 and C2,0.00000000000000,!,not included,not included,99.082568807339400,,3.40645864559204,,1.47396821387546,
2015-16,R4,East Midlands,Derby City & South Derbyshire,BSU,50<71,C1 and C2,0.14160962945480,!,not included,not included,99.444444444444400,,3.35142789709700,,1.62956761983956,
2015-16,R4,East Midlands,Kettering,BSU,50<71,C1 and C2,0.17130620985011,!,not included,not included,99.038461538461500,,3.25481798715203,,1.72125818935813,
2015-16,R4,East Midlands,Leicestershire,BSU,50<71,C1 and C2,0.33722263438322,!,not included,not included,99.186991869918700,,4.85600593511836,,1.68846729299513,
2015-16,R4,East Midlands,Lincolnshire,BSU,50<71,C1 and C2,0.13731076859703,!,not included,not included,97.899159663865500,,3.70739075211973,,1.60246873662783,
2015-16,R4,East Midlands,Milton Keynes,BSU,50<71,C1 and C2,0.48971596474045,!,not included,not included,98.333333333333300,,3.55044074436826,,1.70639572352854,
2015-16,R4,East Midlands,North Derbyshire & Chesterfield,BSU,50<71,C1 and C2,0.15660480776760,!,not included,not included,97.916666666666600,,3.13209615535196,,1.43577821476485,
2015-16,R4,East Midlands,North Nottinghamshire,BSU,50<71,C1 and C2,0.11543345261457,!,not included,not included,100.000000000000000,,2.30866905229135,!,1.24512068332223,
2015-16,R4,East Midlands,Northampton,BSU,50<71,C1 and C2,0.31198814445051,!,not included,not included,100.000000000000000,,3.19787848061773,,1.60866010678055,
2015-16,R4,East Midlands,Nottingham City,BSU,50<71,C1 and C2,0.48144046988590,!,not included,not included,98.857142857142800,,4.42925232295026,,1.63854209361592,
2015-16,R5,West Midlands,"City, Sandwell & Walsall",BSU,50<71,C1 and C2,0.35137034434294,!,not included,not included,99.504950495049500,,2.98664792691496,,1.49501113913677,
2015-16,R5,West Midlands,Dudley & Wolverhampton,BSU,50<71,C1 and C2,0.93283582089552,!,not included,not included,94.520547945205400,,3.98009950248756,,1.86423737181648,
2015-16,R5,West Midlands,Hereford & Worcester,BSU,50<71,C1 and C2,0.17919220155539,!,not included,not included,98.122065727699500,,3.79887467297423,,1.45078421795476,
2015-16,R5,West Midlands,North Staffordshire,BSU,50<71,C1 and C2,0.58827374338192,!,not included,not included,98.473282442748000,,4.05255245440878,,1.60164444037982,
2015-16,R5,West Midlands,Shropshire,BSU,50<71,C1 and C2,0.25375880225845,!,not included,not included,96.551724137931000,,4.12358053669986,,1.80624722748704,
2015-16,R5,West Midlands,South Birmingham,BSU,50<71,C1 and C2,0.46296296296296,!,not included,not included,100.000000000000000,,3.70370370370370,,1.59277743694236,
2015-16,R5,West Midlands,South Staffordshire,BSU,50<71,C1 and C2,0.22655188038061,!,not included,not included,100.000000000000000,,3.68146805618486,,1.59892486652052,
2015-16,R5,West Midlands,"Warwickshire, Solihull & Coventry",BSU,50<71,C1 and C2,0.38996490315872,!,not included,not included,98.513011152416300,,3.37969582737553,,1.70070620827231,
2015-16,R6,East of England,Bedfordshire & Hertfordshire,BSU,50<71,C1 and C2,0.39831302717901,!,not included,not included,95.469255663430400,,2.69447047797563,,1.43486499771810,
2015-16,R6,East of England,Cambridge & Huntingdon,BSU,50<71,C1 and C2,0.27660604384206,!,not included,not included,97.196261682242900,,3.66503008090726,,1.41423346648973,
2015-16,R6,East of England,Colchester & Chelmsford,BSU,50<71,C1 and C2,0.13125656282814,!,not included,not included,98.882681564245800,,3.41267063353167,,1.51098148356036,
2015-16,R6,East of England,East Suffolk,BSU,50<71,C1 and C2,0.30527360146531,!,not included,not included,98.924731182795700,,3.66328321758375,,1.29719876506677,
2015-16,R6,East of England,Epping,BSU,50<71,C1 and C2,0.00000000000000,!,not included,not included,100.000000000000000,,3.57318876293740,,1.67440831343727,
2015-16,R6,East of England,James Paget,BSU,50<71,C1 and C2,0.45182424037050,!,not included,not included,100.000000000000000,,4.40528634361233,,1.61382396134700,
2015-16,R6,East of England,Kings Lynn,BSU,50<71,C1 and C2,0.74515648286140,!,not included,not included,100.000000000000000,,4.04513519267617,,1.77730754634329,
2015-16,R6,East of England,Norfolk & Norwich,BSU,50<71,C1 and C2,0.38338658146965,!,not included,not included,98.620689655172400,,3.02449414270500,,1.32178243524561,
2015-16,R6,East of England,Peterborough,BSU,50<71,C1 and C2,0.22713506965475,!,not included,not included,98.095238095238000,,3.93700787401574,,1.62718503988779,
2015-16,R6,East of England,South Essex (Southend),BSU,50<71,C1 and C2,0.30448815541075,!,not included,not included,100.000000000000000,,3.16667681627184,,1.47543046790473,
2015-16,R6,East of England,West Suffolk,BSU,50<71,C1 and C2,0.62532569046378,!,not included,not included,98.611111111111100,,4.37727983324648,,1.55587681042089,
2015-16,R7,London,Central & East London,BSU,50<71,C1 and C2,0.44812906116962,!,not included,not included,98.989898989898900,,3.02487116289491,,1.49742365045612,
2015-16,R7,London,North London,BSU,50<71,C1 and C2,0.17245627001725,!,not included,not included,98.860398860398800,,2.80857354028085,,1.53759802416213,
2015-16,R7,London,Outer North East London,BSU,50<71,C1 and C2,0.65573770491803,!,not included,not included,96.875000000000000,,2.77427490542244,,1.47543601900804,
2015-16,R7,London,South East London,BSU,50<71,C1 and C2,0.10290183165260,!,not included,not included,98.841698841698800,,2.75262399670714,,1.27729124335106,
2015-16,R7,London,South West London,BSU,50<71,C1 and C2,0.58772823446438,!,not included,not included,97.727272727272700,,3.13455058381004,,1.60365541797846,
2015-16,R7,London,West of London,BSU,50<71,C1 and C2,0.56407942238267,!,not included,not included,96.774193548387100,,2.21871239470517,,1.26937014506754,
2015-16,R8,South East,Aylesbury & Wycombe,BSU,50<71,C1 and C2,0.53361792956243,!,not included,not included,95.424836601307100,,3.80202774813233,,1.98574693214407,
2015-16,R8,South East,Canterbury,BSU,50<71,C1 and C2,0.26815642458101,!,not included,not included,99.470899470899400,,3.75418994413407,,1.72379351092115,
2015-16,R8,South East,East Berkshire,BSU,50<71,C1 and C2,0.53475935828877,!,not included,not included,97.087378640776700,,2.44461420932009,,1.65563225397398,
2015-16,R8,South East,East Sussex/Brighton,BSU,50<71,C1 and C2,0.64474532559639,!,not included,not included,96.078431372549000,,2.96582849774339,,1.71952529358797,
2015-16,R8,South East,Guildford,BSU,50<71,C1 and C2,0.68634179821551,,not included,not included,95.989304812834200,,4.48761944987065,,1.87213439116727,
2015-16,R8,South East,Isle of Wight,BSU,50<71,C1 and C2,0.14355440712030,!,not included,not included,94.736842105263100,,3.01464254952627,!,1.59320656719747,
2015-16,R8,South East,Maidstone,BSU,50<71,C1 and C2,0.54508643513471,!,not included,not included,95.614035087719300,,3.97134402741006,,1.74224099673033,
2015-16,R8,South East,Medway,BSU,50<71,C1 and C2,0.30698388334612,!,not included,not included,99.382716049382700,,3.78613456126886,,1.77076793684311,
2015-16,R8,South East,North & Mid Hampshire,BSU,50<71,C1 and C2,0.34385924694825,!,not included,not included,97.600000000000000,,3.09473322253424,,1.29138058999429,
2015-16,R8,South East,Oxford,BSU,50<71,C1 and C2,0.36175710594315,!,not included,not included,96.732026143790800,,3.56589147286821,,1.41404426213323,
2015-16,R8,South East,Portsmouth,BSU,50<71,C1 and C2,0.68943572337717,!,not included,not included,96.774193548387100,,3.12897751378871,,1.54823327230713,
2015-16,R8,South East,Southampton & Salisbury,BSU,50<71,C1 and C2,0.58272632674298,!,not included,not included,98.717948717948700,,5.03642039542143,,1.92493109598859,
2015-16,R8,South East,West Berkshire,BSU,50<71,C1 and C2,0.49850448654038,!,not included,not included,97.222222222222200,,2.42130750605326,,1.51201613286050,
2015-16,R8,South East,Worthing,BSU,50<71,C1 and C2,0.25349460418628,!,not included,not included,94.642857142857100,,3.11436228000289,,1.59452339038777,
2016-17,R1,North East,Gateshead,BSU,50<71,C1 and C2,0.06699494188189,!,not included,not included,99.514563106796100,,3.21575721033062,,1.47305915303185,
2016-17,R1,North East,Newcastle,BSU,50<71,C1 and C2,0.09872967814125,!,not included,not included,98.701298701298700,,3.25807937866122,,1.45771303348471,
2016-17,R1,North East,North Cumbria,BSU,50<71,C1 and C2,0.00000000000000,!,not included,not included,100.000000000000000,,3.03925707049387,,1.23031269012175,
2016-17,R1,North East,North Tees,BSU,50<71,C1 and C2,0.12938284383491,!,not included,not included,98.785425101214500,,3.26691680683141,,1.55078560412881,
2016-17,R10,South West,Avon,BSU,50<71,C1 and C2,0.52439912600146,!,not included,not included,98.214285714285700,,3.58339402767662,,1.62051195270973,
2016-17,R10,South West,Cornwall,BSU,50<71,C1 and C2,0.20028039254957,!,not included,not included,99.200000000000000,,3.53828693504239,,1.54464009885696,
2016-17,R10,South West,Dorset,BSU,50<71,C1 and C2,0.27929060187125,!,not included,not included,98.755186721991700,,3.66568914956011,,1.58918686661980,
2016-17,R10,South West,Gloucestershire,BSU,50<71,C1 and C2,0.59408881627803,!,not included,not included,98.275862068965500,,3.21798108817268,,1.65930215080682,
2016-17,R10,South West,North & East Devon,BSU,50<71,C1 and C2,0.14109015661007,!,not included,not included,94.202898550724600,,2.96289328881155,,1.23100850022982,
2016-17,R10,South West,Somerset,BSU,50<71,C1 and C2,0.11355893708835,!,not included,not included,98.039215686274500,,4.14490120372473,,1.83638271817503,
2016-17,R10,South West,South Devon (Torbay),BSU,50<71,C1 and C2,0.59862316671655,!,not included,not included,100.000000000000000,,3.19265688915494,,1.39530945076770,
2016-17,R10,South West,Southampton & Salisbury,BSU,50<71,C1 and C2,0.41644976574701,!,not included,not included,96.335078534031400,,4.63300364393545,,2.04918215358352,
2016-17,R10,South West,West Devon & East Cornwall,BSU,50<71,C1 and C2,1.53252007601299,,not included,not included,94.573643410852700,,3.00373934898547,,1.40182415005366,
2016-17,R10,South West,Wiltshire,BSU,50<71,C1 and C2,0.25104182356781,!,not included,not included,98.000000000000000,,3.36396043580860,,1.49990975749558,
2016-17,R2,North West,"Bolton, Bury & Rochdale",BSU,50<71,C1 and C2,0.28051802328300,!,not included,not included,98.952879581151800,,4.53504137640843,,1.68134174756588,
2016-17,R2,North West,Chester,BSU,50<71,C1 and C2,0.00000000000000,!,not included,not included,100.000000000000000,,3.04517002199289,!,1.83619397052324,
2016-17,R2,North West,Crewe,BSU,50<71,C1 and C2,0.10289124395514,!,not included,not included,95.312500000000000,,3.49830229447474,,1.34154697578608,
2016-17,R2,North West,East Cheshire & Stockport,BSU,50<71,C1 and C2,0.12717792191276,!,not included,not included,99.280575539568300,,3.43380389164441,,1.77942747701377,
2016-17,R2,North West,East Lancashire,BSU,50<71,C1 and C2,0.12454851164529,!,not included,not included,98.657718120805300,,3.98555237264914,,1.89198244972666,
2016-17,R2,North West,Greater Manchester,BSU,50<71,C1 and C2,0.10181744132770,!,not included,not included,98.648648648648600,,3.94542585144835,,1.60200251570936,
2016-17,R2,North West,Liverpool,BSU,50<71,C1 and C2,0.37083735073797,!,not included,not included,98.924731182795700,,2.52169398501817,,1.38232601893676,
2016-17,R2,North West,North Lancashire,BSU,50<71,C1 and C2,0.29020205317953,!,not included,not included,99.590163934426200,,3.59125040809663,,1.78277166712832,
2016-17,R2,North West,South Lancashire,BSU,50<71,C1 and C2,0.38498556304139,!,not included,not included,98.639455782312900,,3.41674687199230,,1.33820502568766,
2016-17,R2,North West,Warrington,BSU,50<71,C1 and C2,0.48622366288493,!,not included,not included,97.076023391812800,,2.70124257158292,,1.63888579027865,
2016-17,R2,North West,Wirral,BSU,50<71,C1 and C2,0.76975709887102,!,not included,not included,98.148148148148100,,4.10537119397878,,1.84610646705780,
2016-17,R3,Yorkshire and the Humber,Barnsley,BSU,50<71,C1 and C2,0.00000000000000,!,not included,not included,98.412698412698400,,2.82338178395900,,1.29010018401989,
2016-17,R3,Yorkshire and the Humber,Doncaster,BSU,50<71,C1 and C2,0.00000000000000,!,not included,not included,98.888888888888800,,4.01187515044531,,1.56402423435499,
2016-17,R3,Yorkshire and the Humber,Humberside,BSU,50<71,C1 and C2,0.11781338360038,!,not included,not included,98.823529411764700,,3.91729500471253,,1.60265654037997,
2016-17,R3,Yorkshire and the Humber,Leeds Wakefield,BSU,50<71,C1 and C2,0.58578695853245,!,not included,not included,98.201438848920800,,4.10050870972714,,1.70758223431443,
2016-17,R3,Yorkshire and the Humber,North Yorkshire,BSU,50<71,C1 and C2,0.15876796062555,!,not included,not included,99.061032863849700,,3.49289513376200,,1.63945478912391,
2016-17,R3,Yorkshire and the Humber,Pennine,BSU,50<71,C1 and C2,0.30496069395500,!,not included,not included,96.850393700787400,,3.79506641366223,,1.67717196260006,
2016-17,R3,Yorkshire and the Humber,Rotherham,BSU,50<71,C1 and C2,0.22901637467079,!,not included,not included,97.500000000000000,,4.69483568075117,,2.05284991811097,
2016-17,R3,Yorkshire and the Humber,Sheffield,BSU,50<71,C1 and C2,0.06815238874123,!,not included,not included,99.224806201550400,,3.40761943706126,,1.83234481972584,
2016-17,R4,East Midlands,Derby City & South Derbyshire,BSU,50<71,C1 and C2,0.26303330001578,!,not included,not included,98.039215686274500,,3.15639960018938,,1.46196787603754,
2016-17,R4,East Midlands,Kettering,BSU,50<71,C1 and C2,0.24102193299590,!,not included,not included,100.000000000000000,,3.21362577327870,,1.47396100488765,
2016-17,R4,East Midlands,Leicestershire,BSU,50<71,C1 and C2,0.12958403524686,!,not included,not included,98.319327731092400,,3.56356096928858,,1.50175454989913,
2016-17,R4,East Midlands,Lincolnshire,BSU,50<71,C1 and C2,0.09338376056404,!,not included,not included,98.136645962732900,,3.87542606340757,,1.52275627587397,
2016-17,R4,East Midlands,Milton Keynes,BSU,50<71,C1 and C2,0.12457954403887,!,not included,not included,98.484848484848400,,3.61280677712719,,1.66596737172051,
2016-17,R4,East Midlands,North Derbyshire & Chesterfield,BSU,50<71,C1 and C2,0.23342670401494,!,not included,not included,98.076923076923000,,3.65701836290071,,1.65781261343868,
2016-17,R4,East Midlands,North Nottinghamshire,BSU,50<71,C1 and C2,0.00000000000000,!,not included,not included,98.039215686274500,,3.08451573103022,,1.29854716730995,
2016-17,R4,East Midlands,Northampton,BSU,50<71,C1 and C2,0.32805708193226,!,not included,not included,98.113207547169800,,4.01869925367013,,1.70530294402282,
2016-17,R4,East Midlands,Nottingham City,BSU,50<71,C1 and C2,0.27590012415506,!,not included,not included,99.378881987577600,,4.41440198648089,,1.53578433974259,
2016-17,R5,West Midlands,"City, Sandwell & Walsall",BSU,50<71,C1 and C2,0.16573853089366,!,not included,not included,100.000000000000000,,3.31477061787324,,1.50700766755672,
2016-17,R5,West Midlands,Dudley & Wolverhampton,BSU,50<71,C1 and C2,0.64779426054285,!,not included,not included,97.656250000000000,,3.30375072876854,,1.59703947210818,
2016-17,R5,West Midlands,Hereford & Worcester,BSU,50<71,C1 and C2,0.30713709832226,!,not included,not included,99.019607843137200,,3.68564517986716,,1.62993127557769,
2016-17,R5,West Midlands,North Staffordshire,BSU,50<71,C1 and C2,0.32320620555915,!,not included,not included,98.518518518518500,,3.55526826115061,,1.55441836281996,
2016-17,R5,West Midlands,Shropshire,BSU,50<71,C1 and C2,0.06583278472679,!,not included,not included,98.275862068965500,,3.22580645161290,,1.55585758949713,
2016-17,R5,West Midlands,South Birmingham,BSU,50<71,C1 and C2,0.18412815319462,!,not included,not included,98.901098901098900,,3.13017860430859,,1.56090374969799,
2016-17,R5,West Midlands,South Staffordshire,BSU,50<71,C1 and C2,0.11265067027149,!,not included,not included,98.630136986301300,,3.83012278923059,,1.67133212915891,
2016-17,R5,West Midlands,"Warwickshire, Solihull & Coventry",BSU,50<71,C1 and C2,0.29372888823616,!,not included,not included,98.947368421052600,,2.87854310471434,,1.65282098288716,
2016-17,R6,East of England,Bedfordshire & Hertfordshire,BSU,50<71,C1 and C2,0.21591743317355,!,not included,not included,99.117647058823500,,3.02284406442976,,1.48722751419942,
2016-17,R6,East of England,Cambridge & Huntingdon,BSU,50<71,C1 and C2,0.13164823591364,!,not included,not included,98.245614035087700,,4.01527119536598,,1.51652088168588,
2016-17,R6,East of England,Colchester & Chelmsford,BSU,50<71,C1 and C2,0.16213367921852,!,not included,not included,99.358974358974300,,2.35093834866847,,1.24728542186657,
2016-17,R6,East of England,East Suffolk,BSU,50<71,C1 and C2,0.12743723716070,!,not included,not included,97.391304347826100,,3.69567987766025,,1.53372356011630,
2016-17,R6,East of England,Epping,BSU,50<71,C1 and C2,0.00000000000000,!,not included,not included,100.000000000000000,,3.97159706342520,,1.65849011641727,
2016-17,R6,East of England,James Paget,BSU,50<71,C1 and C2,0.00000000000000,!,not included,not included,98.360655737704900,,2.89268151576511,,1.23090914225182,
2016-17,R6,East of England,Kings Lynn,BSU,50<71,C1 and C2,0.89047195013357,!,not included,not included,98.113207547169800,,3.71029979222321,,1.44864174978093,
2016-17,R6,East of England,Norfolk & Norwich,BSU,50<71,C1 and C2,0.14264656935001,!,not included,not included,98.571428571428500,,2.99557795635014,,1.46625728132723,
2016-17,R6,East of England,Peterborough,BSU,50<71,C1 and C2,0.22249415952831,!,not included,not included,100.000000000000000,,2.89242407386806,,1.24618179809872,
2016-17,R6,East of England,South Essex (Southend),BSU,50<71,C1 and C2,0.05417998591320,!,not included,not included,99.280575539568300,,3.63005905618464,,1.57357681031558,
2016-17,R6,East of England,West Suffolk,BSU,50<71,C1 and C2,0.27619222979194,!,not included,not included,91.011235955056100,,4.87939605965752,,1.60224064452800,
2016-17,R7,London,Central & East London,BSU,50<71,C1 and C2,0.17029247732981,!,not included,not included,98.333333333333300,,3.49099578526118,,1.45850082483992,
2016-17,R7,London,North London,BSU,50<71,C1 and C2,0.23946360153257,!,not included,not included,97.626112759643900,,2.61233019853709,,1.41659287677626,
2016-17,R7,London,Outer North East London,BSU,50<71,C1 and C2,0.39578489091179,!,not included,not included,98.496240601503700,,2.52312867956265,,1.21003566916255,
2016-17,R7,London,South East London,BSU,50<71,C1 and C2,0.13567784652122,!,not included,not included,99.203187250996000,,2.93064148485835,,1.37735831902034,
2016-17,R7,London,South West London,BSU,50<71,C1 and C2,0.46779978169344,!,not included,not included,97.026022304832700,,3.21222516762825,,1.48853237694621,
2016-17,R7,London,West of London,BSU,50<71,C1 and C2,0.45638655941583,!,not included,not included,97.222222222222200,,2.65274687660448,,1.40246563374836,
2016-17,R8,South East,Aylesbury & Wycombe,BSU,50<71,C1 and C2,0.48016325550687,!,not included,not included,94.531250000000000,,3.00102034691795,,1.39880918637748,
2016-17,R8,South East,Canterbury,BSU,50<71,C1 and C2,0.87032201914708,!,not included,not included,98.393574297188700,,4.90545138064720,,2.04859162238650,
2016-17,R8,South East,East Berkshire,BSU,50<71,C1 and C2,0.52188175650488,!,not included,not included,100.000000000000000,,2.98218146574219,,1.52567443541314,
2016-17,R8,South East,East Sussex/Brighton,BSU,50<71,C1 and C2,0.37950664136622,!,not included,not included,96.894409937888200,,2.78304870335230,,1.25546319439849,
2016-17,R8,South East,Guildford,BSU,50<71,C1 and C2,0.77959963786339,,not included,not included,96.325459317585300,,3.99859169097676,,1.75380103724271,
2016-17,R8,South East,Isle of Wight,BSU,50<71,C1 and C2,0.15248551387618,!,not included,not included,97.959183673469300,,1.98231168039036,!,1.43366435050226,
2016-17,R8,South East,Maidstone,BSU,50<71,C1 and C2,1.05067985166872,!,not included,not included,98.611111111111100,,4.20271940667490,,1.74738927238560,
2016-17,R8,South East,Medway,BSU,50<71,C1 and C2,0.35937981312250,!,not included,not included,97.419354838709600,,3.49111818461854,,1.62184852973728,
2016-17,R8,South East,North & Mid Hampshire,BSU,50<71,C1 and C2,0.84185207456404,!,not included,not included,95.714285714285700,,3.54780517137702,,1.52621194935050,
2016-17,R8,South East,Oxford,BSU,50<71,C1 and C2,0.10500341261091,!,not included,not included,98.400000000000000,,3.09760067202184,,1.26120396332058,
2016-17,R8,South East,Portsmouth,BSU,50<71,C1 and C2,1.07309683120818,!,not included,not included,95.121951219512200,,2.71430374952657,,1.45600788350821,
2016-17,R8,South East,West Berkshire,BSU,50<71,C1 and C2,0.07205649228996,!,not included,not included,98.969072164948400,,2.59403372243839,,1.45499117867238,
2016-17,R8,South East,Worthing,BSU,50<71,C1 and C2,0.11729288032216,!,not included,not included,98.974358974358900,,3.75337217030926,,1.52336045040314,
2017-18,R1,North East,Gateshead,BSU,50<71,C1 and C2,0.13755631211527,!,not included,not included,98.029556650246300,,3.02623886653598,,1.30333127213906,
2017-18,R1,North East,Newcastle,BSU,50<71,C1 and C2,0.14094929349167,!,not included,not included,100.000000000000000,,4.19324148137707,,1.73866743879567,
2017-18,R1,North East,North Cumbria,BSU,50<71,C1 and C2,0.26735585063720,!,not included,not included,100.000000000000000,,2.85179574013011,,1.50930312887163,
2017-18,R1,North East,North Tees,BSU,50<71,C1 and C2,0.15921538657496,!,not included,not included,99.029126213592200,,2.22901541204942,,1.19537899295648,
2017-18,R10,South West,Avon,BSU,50<71,C1 and C2,0.42143482348365,!,not included,not included,96.739130434782600,,4.11709404480176,,1.73793765634961,
2017-18,R10,South West,Cornwall,BSU,50<71,C1 and C2,0.06569870573550,!,not included,not included,99.230769230769200,,3.87622363839432,,1.60490178318889,
2017-18,R10,South West,Dorset,BSU,50<71,C1 and C2,0.27452729830823,!,not included,not included,97.445255474452500,,4.11790947462338,,1.85029706896199,
2017-18,R10,South West,Gloucestershire,BSU,50<71,C1 and C2,0.35837477041616,!,not included,not included,97.159090909090900,,3.04618554853738,,1.55245478586325,
2017-18,R10,South West,North & East Devon,BSU,50<71,C1 and C2,0.14266013600266,!,not included,not included,97.484276729559700,,3.32873650672880,,1.52395957521385,
2017-18,R10,South West,Somerset,BSU,50<71,C1 and C2,0.25314853490285,!,not included,not included,99.019607843137200,,3.60736662236567,,1.43481983754136,
2017-18,R10,South West,South Devon (Torbay),BSU,50<71,C1 and C2,0.10837758751490,!,not included,not included,96.825396825396800,,3.57646038799176,,1.34763482161542,
2017-18,R10,South West,Southampton & Salisbury,BSU,50<71,C1 and C2,0.27133360466694,!,not included,not included,97.948717948717900,,3.61778139555917,,1.60914866491709,
2017-18,R10,South West,West Devon & East Cornwall,BSU,50<71,C1 and C2,0.72972214426045,!,not included,not included,97.267759562841500,,4.26606792029188,,2.02860692136009,
2017-18,R10,South West,Wiltshire,BSU,50<71,C1 and C2,0.63633471205854,!,not included,not included,94.968553459119500,,2.96956198960653,,1.67784907552466,
2017-18,R2,North West,"Bolton, Bury & Rochdale",BSU,50<71,C1 and C2,0.05529444290849,!,not included,not included,98.611111111111100,,2.82001658833287,,1.48403646481819,
2017-18,R2,North West,Chester,BSU,50<71,C1 and C2,0.25749967812540,!,not included,not included,100.000000000000000,,3.99124501094373,,1.85410258557802,
2017-18,R2,North West,Crewe,BSU,50<71,C1 and C2,0.30794498049682,!,not included,not included,97.530864197530800,,2.66885649763908,,1.60185958098913,
2017-18,R2,North West,East Cheshire & Stockport,BSU,50<71,C1 and C2,0.13272280841463,!,not included,not included,99.152542372881300,,3.38443161457296,,1.59101343659551,
2017-18,R2,North West,East Lancashire,BSU,50<71,C1 and C2,0.25748310267139,!,not included,not included,97.520661157024700,,3.15416800772449,,1.48774901990576,
2017-18,R2,North West,Greater Manchester,BSU,50<71,C1 and C2,0.09741208559275,!,not included,not included,98.023715415019700,,3.96142481410527,,1.62475323560002,
2017-18,R2,North West,Liverpool,BSU,50<71,C1 and C2,0.25661862195800,!,not included,not included,97.872340425531900,,3.46435139643300,,1.56560790243215,
2017-18,R2,North West,North Lancashire,BSU,50<71,C1 and C2,0.28262559174733,!,not included,not included,98.744769874476900,,3.28552250406274,,1.48618876999474,
2017-18,R2,North West,South Lancashire,BSU,50<71,C1 and C2,0.28571428571429,!,not included,not included,99.386503067484600,,3.85714285714285,,1.50241689580480,
2017-18,R2,North West,Warrington,BSU,50<71,C1 and C2,0.50913616563897,!,not included,not included,97.315436241610700,,2.71539288340781,,1.55120335292604,
2017-18,R2,North West,Wirral,BSU,50<71,C1 and C2,0.35158653423574,!,not included,not included,94.845360824742200,,2.46110573965017,,1.55428603007716,
2017-18,R3,Yorkshire and the Humber,Barnsley,BSU,50<71,C1 and C2,0.00000000000000,!,not included,not included,97.872340425531900,,2.77874261896491,!,1.22629437510177,
2017-18,R3,Yorkshire and the Humber,Doncaster,BSU,50<71,C1 and C2,0.07318501170960,!,not included,not included,100.000000000000000,,3.65925058548009,,1.76411972920227,
2017-18,R3,Yorkshire and the Humber,Humberside,BSU,50<71,C1 and C2,0.13276686139140,!,not included,not included,99.456521739130400,,2.55576208178438,,1.22160113305948,
2017-18,R3,Yorkshire and the Humber,Leeds Wakefield,BSU,50<71,C1 and C2,0.40294147275108,!,not included,not included,99.603174603174600,,4.29804237601155,,1.65061307896285,
2017-18,R3,Yorkshire and the Humber,North Yorkshire,BSU,50<71,C1 and C2,0.18045329868630,!,not included,not included,98.492462311557700,,2.52634618160820,,1.43661915625228,
2017-18,R3,Yorkshire and the Humber,Pennine,BSU,50<71,C1 and C2,0.13078306359326,!,not included,not included,99.090909090909100,,3.40035965342488,,1.29757025536988,
2017-18,R3,Yorkshire and the Humber,Rotherham,BSU,50<71,C1 and C2,0.00000000000000,!,not included,not included,100.000000000000000,,4.45404238088810,,2.05630903804204,
2017-18,R3,Yorkshire and the Humber,Sheffield,BSU,50<71,C1 and C2,0.26539278131635,!,not included,not included,98.245614035087700,,3.78184713375796,,1.53412981871808,
2017-18,R4,East Midlands,Derby City & South Derbyshire,BSU,50<71,C1 and C2,0.18618506795755,!,not included,not included,98.048780487804800,,3.12790914168683,,1.48454285779600,
2017-18,R4,East Midlands,Kettering,BSU,50<71,C1 and C2,0.62623009482913,!,not included,not included,97.435897435897400,,2.95222758990874,,1.49747173130976,
2017-18,R4,East Midlands,Leicestershire,BSU,50<71,C1 and C2,0.27425646026329,!,not included,not included,98.340248962655600,,3.93100926377376,,1.51527324164730,
2017-18,R4,East Midlands,Lincolnshire,BSU,50<71,C1 and C2,0.09324009324009,!,not included,not included,97.701149425287300,,3.72960372960372,,1.55605924928432,
2017-18,R4,East Midlands,Milton Keynes,BSU,50<71,C1 and C2,0.48186965425852,!,not included,not included,100.000000000000000,,3.97542464763281,,1.92900433105987,
2017-18,R4,East Midlands,North Derbyshire & Chesterfield,BSU,50<71,C1 and C2,0.00000000000000,!,not included,not included,100.000000000000000,,3.30292544825416,,1.55113934057045,
2017-18,R4,East Midlands,North Nottinghamshire,BSU,50<71,C1 and C2,0.00000000000000,!,not included,not included,100.000000000000000,,1.72711571675302,!,0.88678072909277,
2017-18,R4,East Midlands,Northampton,BSU,50<71,C1 and C2,0.26614620298084,!,not included,not included,99.047619047619000,,3.37118523775727,,1.71277054728439,
2017-18,R4,East Midlands,Nottingham City,BSU,50<71,C1 and C2,0.04265301770100,!,not included,not included,99.450549450549400,,3.88142461079121,,1.58788280281639,
2017-18,R5,West Midlands,"City, Sandwell & Walsall",BSU,50<71,C1 and C2,0.23332555581481,!,not included,not included,99.539170506912400,,3.03323222559248,,1.43711316671520,
2017-18,R5,West Midlands,Dudley & Wolverhampton,BSU,50<71,C1 and C2,0.71355304820943,!,not included,not included,97.073170731707300,,4.19212415823038,,1.81966687238708,
2017-18,R5,West Midlands,Hereford & Worcester,BSU,50<71,C1 and C2,0.22524213529544,!,not included,not included,98.380566801619400,,3.30355131766649,,1.80442461319014,
2017-18,R5,West Midlands,North Staffordshire,BSU,50<71,C1 and C2,0.29304029304029,!,not included,not included,98.709677419354800,,3.17460317460317,,1.32305293391755,
2017-18,R5,West Midlands,Shropshire,BSU,50<71,C1 and C2,0.20969855832241,!,not included,not included,98.648648648648600,,2.93577981651376,,1.48944133751832,
2017-18,R5,West Midlands,South Birmingham,BSU,50<71,C1 and C2,0.09552010698252,!,not included,not included,98.750000000000000,,2.57904288852803,,1.43823759779426,
2017-18,R5,West Midlands,"Warwickshire, Solihull & Coventry",BSU,50<71,C1 and C2,0.39128340958343,!,not included,not included,97.835497835497800,,2.31760173368649,,1.47578237416007,
2017-18,R6,East of England,Bedfordshire & Hertfordshire,BSU,50<71,C1 and C2,0.11649852046879,!,not included,not included,97.333333333333300,,2.88916330762599,,1.35704978992580,
2017-18,R6,East of England,Cambridge & Huntingdon,BSU,50<71,C1 and C2,0.24872528292501,!,not included,not included,99.218750000000000,,3.29560999875637,,1.61761802761478,
2017-18,R6,East of England,Colchester & Chelmsford,BSU,50<71,C1 and C2,0.16516640515319,!,not included,not included,98.469387755102000,,3.22074490048724,,1.70778124757159,
2017-18,R6,East of England,East Suffolk,BSU,50<71,C1 and C2,0.07157683773531,!,not included,not included,100.000000000000000,,3.22095769808889,,1.28766394365037,
2017-18,R6,East of England,Epping,BSU,50<71,C1 and C2,0.12423903590508,!,not included,not included,100.000000000000000,,3.35445396943719,,1.41988595596843,
2017-18,R6,East of England,James Paget,BSU,50<71,C1 and C2,0.28344671201814,!,not included,not included,94.117647058823500,,2.97619047619047,!,1.34484996782977,
2017-18,R6,East of England,Kings Lynn,BSU,50<71,C1 and C2,0.36941263391208,!,not included,not included,100.000000000000000,,4.06353897303287,,1.48346436764001,
2017-18,R6,East of England,Norfolk & Norwich,BSU,50<71,C1 and C2,0.20811654526535,!,not included,not included,99.378881987577600,,3.90218522372528,,1.72252710666350,
2017-18,R6,East of England,Peterborough,BSU,50<71,C1 and C2,0.25989777354241,!,not included,not included,98.734177215189800,,3.20540587368968,,1.52821669165623,
2017-18,R6,East of England,South Essex (Southend),BSU,50<71,C1 and C2,0.05159692482328,!,not included,not included,98.757763975155200,,4.38573860997884,,1.68007616345274,
2017-18,R6,East of England,West Suffolk,BSU,50<71,C1 and C2,0.40494027130998,!,not included,not included,94.915254237288100,,2.93581696699736,,1.20974052829872,
2017-18,R7,London,Central & East London,BSU,50<71,C1 and C2,0.42316527626647,!,not included,not included,99.166666666666600,,2.90170475154153,,1.31943156516161,
2017-18,R7,London,North London,BSU,50<71,C1 and C2,0.19159382109927,!,not included,not included,99.702380952380900,,2.68231349538977,,1.52999601667316,
2017-18,R7,London,Outer North East London,BSU,50<71,C1 and C2,0.46528459907977,!,not included,not included,99.328859060402600,,3.72227679263816,,1.60948379383943,
2017-18,R7,London,South East London,BSU,50<71,C1 and C2,0.09643899028377,!,not included,not included,99.671052631578900,,2.84495021337126,,1.50896118543028,
2017-18,R7,London,South West London,BSU,50<71,C1 and C2,0.60662879832350,!,not included,not included,98.709677419354800,,2.86769977389290,,1.66060848340069,
2017-18,R7,London,West of London,BSU,50<71,C1 and C2,0.27800086489158,!,not included,not included,97.802197802197800,,2.47111879903626,,1.55292973581987,
2017-18,R8,South East,Aylesbury & Wycombe,BSU,50<71,C1 and C2,0.12485173856046,!,not included,not included,99.230769230769200,,3.30857107185217,,1.66178407585314,
2017-18,R8,South East,Canterbury,BSU,50<71,C1 and C2,0.95102234902520,!,not included,not included,99.404761904761900,,3.32857822158820,,1.58590189191099,
2017-18,R8,South East,East Berkshire,BSU,50<71,C1 and C2,0.22639800769753,!,not included,not included,100.000000000000000,,2.18851407440947,,1.42605091039277,
2017-18,R8,South East,East Sussex/Brighton,BSU,50<71,C1 and C2,0.24955288441542,!,not included,not included,98.067632850241500,,2.95304246558249,,1.62334121161115,
2017-18,R8,South East,Guildford,BSU,50<71,C1 and C2,0.46443223159687,!,not included,not included,95.389048991354400,,3.58644889955362,,1.62204185682192,
2017-18,R8,South East,Isle of Wight,BSU,50<71,C1 and C2,0.38789759503491,!,not included,not included,100.000000000000000,,3.29712955779674,!,1.42043100611495,
2017-18,R8,South East,Maidstone,BSU,50<71,C1 and C2,0.42961477874839,!,not included,not included,99.200000000000000,,4.36775025060862,,1.62142423084569,
2017-18,R8,South East,Medway,BSU,50<71,C1 and C2,0.60968850460038,!,not included,not included,95.744680851063800,,3.10386875069282,,1.58304504172551,
2017-18,R8,South East,North & Mid Hampshire,BSU,50<71,C1 and C2,1.00113461923513,!,not included,not included,94.814814814814800,,4.20476540078756,,1.64747984184852,
2017-18,R8,South East,Oxford,BSU,50<71,C1 and C2,0.56500367252387,!,not included,not included,98.000000000000000,,3.72902423865755,,1.73461556862237,
2017-18,R8,South East,Portsmouth,BSU,50<71,C1 and C2,0.64652639003174,!,not included,not included,96.527777777777700,,3.58528270835782,,1.62461828658841,
2017-18,R8,South East,West Berkshire,BSU,50<71,C1 and C2,0.06145526057030,!,not included,not included,97.916666666666600,,2.21238938053097,,1.21311339183168,
2017-18,R8,South East,Worthing,BSU,50<71,C1 and C2,0.08071025020178,!,not included,not included,99.561403508771900,,3.95480225988700,,1.77515895231679,
2018-19,R1,North East,Gateshead,BSU,50<71,C1 and C2,0.15491266798342,!,not included,not included,98.412698412698400,,3.33062236164362,,1.35471119962327,
2018-19,R1,North East,Newcastle,BSU,50<71,C1 and C2,0.00000000000000,!,not included,not included,98.876404494382000,,3.74922570338734,,1.68525640257660,
2018-19,R1,North East,North Cumbria,BSU,50<71,C1 and C2,0.08504124500383,!,not included,not included,100.000000000000000,,3.23156731014542,,1.58439571867469,
2018-19,R1,North East,North Tees,BSU,50<71,C1 and C2,0.12735608762099,!,not included,not included,100.000000000000000,,3.40677534386143,,1.43164992051230,
2018-19,R10,South West,Avon,BSU,50<71,C1 and C2,0.25588536335722,!,not included,not included,98.773006134969300,,4.66279995450926,,1.78771623859475,
2018-19,R10,South West,Cornwall,BSU,50<71,C1 and C2,0.11258725512272,!,not included,not included,99.295774647887300,,3.82796667417248,,1.64500266696057,
2018-19,R10,South West,Dorset,BSU,50<71,C1 and C2,0.46573003182489,!,not included,not included,98.113207547169800,,3.68702941861367,,1.61638725538200,
2018-19,R10,South West,Gloucestershire,BSU,50<71,C1 and C2,0.18890200708383,!,not included,not included,97.297297297297300,,3.30578512396694,,1.69367439295403,
2018-19,R10,South West,North & East Devon,BSU,50<71,C1 and C2,0.43341640481092,!,not included,not included,99.280575539568300,,2.60049842886553,,1.45025068048689,
2018-19,R10,South West,Somerset,BSU,50<71,C1 and C2,0.05851375073142,!,not included,not included,98.387096774193500,,4.21299005266237,,1.43945735023265,
2018-19,R10,South West,South Devon (Torbay),BSU,50<71,C1 and C2,0.42746003248696,!,not included,not included,96.341463414634100,,2.39377618192699,,1.43505412961783,
2018-19,R10,South West,Southampton & Salisbury,BSU,50<71,C1 and C2,0.38200744914526,!,not included,not included,98.984771573604000,,3.77232356030942,,1.73073684088255,
2018-19,R10,South West,West Devon & East Cornwall,BSU,50<71,C1 and C2,0.30511991212547,!,not included,not included,95.454545454545400,,3.66143894550558,,1.72462610106128,
2018-19,R10,South West,Wiltshire,BSU,50<71,C1 and C2,0.10776442696266,!,not included,not included,97.023809523809500,,4.04116601109973,,1.89973743768728,
2018-19,R2,North West,"Bolton, Bury & Rochdale",BSU,50<71,C1 and C2,0.36768085301958,!,not included,not included,98.876404494382000,,3.81468885007813,,1.53846345283913,
2018-19,R2,North West,Crewe,BSU,50<71,C1 and C2,0.30870549495781,!,not included,not included,98.876404494382000,,4.21897509775674,,1.91232445301859,
2018-19,R2,North West,East Cheshire & Stockport,BSU,50<71,C1 and C2,0.13537295248409,!,not included,not included,96.031746031746000,,3.65506971707052,,1.72278139208764,
2018-19,R2,North West,East Lancashire,BSU,50<71,C1 and C2,0.26172871818360,!,not included,not included,95.901639344262200,,3.72963423411633,,1.67247180558287,
2018-19,R2,North West,Greater Manchester,BSU,50<71,C1 and C2,0.09693053311793,!,not included,not included,98.490566037735800,,3.61873990306946,,1.75794699917648,
2018-19,R2,North West,Liverpool,BSU,50<71,C1 and C2,0.28223530360455,!,not included,not included,96.891191709844500,,2.49979840335456,,1.29254317044855,
2018-19,R2,North West,North Lancashire,BSU,50<71,C1 and C2,0.37285607755406,!,not included,not included,97.765363128491600,,3.58873974645786,,1.56049474289823,
2018-19,R2,North West,South Lancashire,BSU,50<71,C1 and C2,0.25647601949218,!,not included,not included,99.358974358974300,,3.79584508848422,,1.57172010305454,
2018-19,R2,North West,Warrington,BSU,50<71,C1 and C2,0.17006802721088,!,not included,not included,99.367088607594900,,3.28798185941043,,1.75186941985793,
2018-19,R2,North West,Wirral & Chester,BSU,50<71,C1 and C2,0.00000000000000,!,not included,not included,98.930481283422400,,3.92341494036409,,1.95144045834200,
2018-19,R3,Yorkshire and the Humber,Barnsley,BSU,50<71,C1 and C2,0.00000000000000,!,not included,not included,98.113207547169800,,2.70416441319632,!,1.40655313103750,
2018-19,R3,Yorkshire and the Humber,Doncaster,BSU,50<71,C1 and C2,0.21052631578947,!,not included,not included,96.551724137931000,,3.15789473684210,,1.34246877598344,
2018-19,R3,Yorkshire and the Humber,Humberside,BSU,50<71,C1 and C2,0.18867924528302,!,not included,not included,99.152542372881300,,3.23899371069182,,1.58108485713278,
2018-19,R3,Yorkshire and the Humber,Leeds Wakefield,BSU,50<71,C1 and C2,0.18908357494012,!,not included,not included,99.277978339350100,,4.38043615277952,,1.71994206674776,
2018-19,R3,Yorkshire and the Humber,North Yorkshire,BSU,50<71,C1 and C2,0.07550303899732,!,not included,not included,98.529411764705800,,3.09562459889010,,1.50080058043232,
2018-19,R3,Yorkshire and the Humber,Pennine,BSU,50<71,C1 and C2,0.00000000000000,!,not included,not included,99.227799227799200,,3.37030455297505,,1.44965039140186,
2018-19,R3,Yorkshire and the Humber,Rotherham,BSU,50<71,C1 and C2,0.12851818532322,!,not included,not included,100.000000000000000,,4.11258193034314,,1.89742819420177,
2018-19,R3,Yorkshire and the Humber,Sheffield,BSU,50<71,C1 and C2,0.00000000000000,!,not included,not included,100.000000000000000,,2.94792007861120,,1.48271875178288,
2018-19,R4,East Midlands,Derby City & South Derbyshire,BSU,50<71,C1 and C2,0.09554748710109,!,not included,not included,99.156118143459900,,3.50340786037327,,1.47969772515656,
2018-19,R4,East Midlands,Kettering,BSU,50<71,C1 and C2,0.32757349930391,!,not included,not included,100.000000000000000,,2.78437474408320,,1.20649698627106,
2018-19,R4,East Midlands,Leicestershire,BSU,50<71,C1 and C2,0.30556510446507,!,not included,not included,97.536945812807800,,3.59038997746457,,1.58332096169797,
2018-19,R4,East Midlands,Lincolnshire,BSU,50<71,C1 and C2,0.07550303899732,!,not included,not included,99.523809523809500,,3.17112763788742,,1.54635929952869,
2018-19,R4,East Midlands,Milton Keynes,BSU,50<71,C1 and C2,0.26116479498564,!,not included,not included,100.000000000000000,,3.26455993732044,,1.35629169184148,
2018-19,R4,East Midlands,North Derbyshire & Chesterfield,BSU,50<71,C1 and C2,0.31728404854446,!,not included,not included,100.000000000000000,,4.44197667962243,,1.83626365576125,
2018-19,R4,East Midlands,North Nottinghamshire,BSU,50<71,C1 and C2,0.65760631302061,!,not included,not included,98.214285714285700,,3.28803156510302,,1.27259671464266,
2018-19,R4,East Midlands,Northampton,BSU,50<71,C1 and C2,0.15181417944436,!,not included,not included,96.808510638297800,,3.64354030666464,,1.42587513086156,
2018-19,R4,East Midlands,Nottingham City,BSU,50<71,C1 and C2,0.18737118231216,!,not included,not included,99.425287356321800,,4.59059396664793,,1.64749637579599,
2018-19,R5,West Midlands,"City, Sandwell & Walsall",BSU,50<71,C1 and C2,0.13018290698431,!,not included,not included,99.186991869918700,,2.86402395365488,,1.63583507043438,
2018-19,R5,West Midlands,Dudley & Wolverhampton,BSU,50<71,C1 and C2,0.38544928932787,!,not included,not included,99.004975124378100,,4.14357986027463,,1.91094884036074,
2018-19,R5,West Midlands,Hereford & Worcester,BSU,50<71,C1 and C2,0.13652809065465,!,not included,not included,98.492462311557700,,3.00361799440234,,1.28954053670677,
2018-19,R5,West Midlands,North Staffordshire,BSU,50<71,C1 and C2,0.15275726870004,!,not included,not included,98.235294117647000,,3.71709353836753,,1.60130566460627,
2018-19,R5,West Midlands,Shropshire,BSU,50<71,C1 and C2,0.05920312592505,!,not included,not included,97.810218978102200,,4.08501568882837,,1.63883190443144,
2018-19,R5,West Midlands,South Birmingham,BSU,50<71,C1 and C2,0.24348672997322,!,not included,not included,100.000000000000000,,2.80009739469198,!,1.52699502648737,
2018-19,R5,West Midlands,"Warwickshire, Solihull & Coventry",BSU,50<71,C1 and C2,0.45924225028703,!,not included,not included,97.942386831275700,,2.95227160898802,,1.62204077423153,
2018-19,R6,East of England,Bedfordshire & Hertfordshire,BSU,50<71,C1 and C2,0.13163379478291,!,not included,not included,98.300283286118900,,2.85206555362980,,1.59791206157287,
2018-19,R6,East of England,Cambridge & Huntingdon,BSU,50<71,C1 and C2,0.23917723032767,!,not included,not included,98.550724637681100,,3.40827553216933,,1.62634766777268,
2018-19,R6,East of England,Colchester & Chelmsford,BSU,50<71,C1 and C2,0.29053931360087,!,not included,not included,98.557692307692300,,3.05066279280915,,1.58275064990587,
2018-19,R6,East of England,East Suffolk,BSU,50<71,C1 and C2,0.07152564194264,!,not included,not included,98.823529411764700,,2.57492310993491,,1.24819868228895,
2018-19,R6,East of England,Epping,BSU,50<71,C1 and C2,0.11018069634200,!,not included,not included,100.000000000000000,,2.97487880123402,,1.43629490115310,
2018-19,R6,East of England,James Paget,BSU,50<71,C1 and C2,0.20584602717168,!,not included,not included,96.052631578947300,,4.42568958419102,,1.67352940505268,
2018-19,R6,East of England,Kings Lynn,BSU,50<71,C1 and C2,0.71883343602382,!,not included,not included,98.461538461538400,,2.97802423495584,,1.36933153798753,
2018-19,R6,East of England,Norfolk & Norwich,BSU,50<71,C1 and C2,0.13214112672334,!,not included,not included,97.752808988764000,,3.61185746377130,,1.54444654265235,
2018-19,R6,East of England,Peterborough,BSU,50<71,C1 and C2,0.30296144815572,!,not included,not included,99.137931034482700,,3.93849882602438,,1.78705155117015,
2018-19,R6,East of England,South Essex (Southend),BSU,50<71,C1 and C2,0.30260848514192,!,not included,not included,98.400000000000000,,3.51025842764631,,1.50109336992076,
2018-19,R6,East of England,West Suffolk,BSU,50<71,C1 and C2,0.39800995024876,!,not included,not included,98.571428571428500,,4.27860696517413,,1.44481492045422,
2018-19,R7,London,Central & East London,BSU,50<71,C1 and C2,0.20288090890647,!,not included,not included,100.000000000000000,,3.24609454250355,,1.68943203944923,
2018-19,R7,London,North London,BSU,50<71,C1 and C2,0.21713954834974,!,not included,not included,97.928994082840200,,2.36440841536382,,1.42213948344053,
2018-19,R7,London,Outer North East London,BSU,50<71,C1 and C2,0.46191747074523,!,not included,not included,99.253731343283500,,2.92547731471976,,1.37453941895318,
2018-19,R7,London,South East London,BSU,50<71,C1 and C2,0.02359158252336,!,not included,not included,99.344262295081900,,2.68944040766254,,1.42974952200472,
2018-19,R7,London,South West London,BSU,50<71,C1 and C2,0.31027868667494,!,not included,not included,98.513011152416300,,2.17195080672458,,1.33482600892404,
2018-19,R7,London,West of London,BSU,50<71,C1 and C2,0.28249474245896,!,not included,not included,99.115044247787600,,2.44828776797765,,1.29285956001496,
2018-19,R8,South East,Aylesbury & Wycombe,BSU,50<71,C1 and C2,0.12187690432663,!,not included,not included,98.561151079136600,,3.53443022547227,,1.55118613028758,
2018-19,R8,South East,Canterbury,BSU,50<71,C1 and C2,0.81355932203390,!,not included,not included,96.531791907514400,,3.16384180790960,,1.62084108552390,
2018-19,R8,South East,East Berkshire,BSU,50<71,C1 and C2,0.14315367547062,!,not included,not included,100.000000000000000,,2.36203564526519,,1.40717173088179,
2018-19,R8,South East,East Sussex/Brighton,BSU,50<71,C1 and C2,0.31017369727047,!,not included,not included,96.276595744680800,,3.41191066997518,,1.56501397233681,
2018-19,R8,South East,Guildford,BSU,50<71,C1 and C2,0.49985004498650,!,not included,not included,96.866096866096800,,3.67389783065080,,1.58987831699918,
2018-19,R8,South East,Isle of Wight,BSU,50<71,C1 and C2,0.23529411764706,!,not included,not included,86.842105263157900,,3.29411764705882,!,1.55955958037450,
2018-19,R8,South East,Maidstone,BSU,50<71,C1 and C2,0.38092335822033,!,not included,not included,99.152542372881300,,3.96160292549139,,1.76765691810144,
2018-19,R8,South East,Medway,BSU,50<71,C1 and C2,0.11270780501550,!,not included,not included,99.358974358974300,,3.88841927303465,,1.83180352488580,
2018-19,R8,South East,North & Mid Hampshire,BSU,50<71,C1 and C2,0.35271591252645,!,not included,not included,99.324324324324300,,3.32560717524942,,1.49515544921142,
2018-19,R8,South East,Oxford,BSU,50<71,C1 and C2,0.42052144659378,!,not included,not included,98.850574712643600,,4.04751892346509,,1.70107871587114,
2018-19,R8,South East,Portsmouth,BSU,50<71,C1 and C2,0.48088482808367,!,not included,not included,97.945205479452000,,2.69295503726857,,1.42642330300202,
2018-19,R8,South East,West Berkshire,BSU,50<71,C1 and C2,0.06718624025800,!,not included,not included,98.148148148148100,,2.48589088954582,,1.41464207807925,
2018-19,R8,South East,Worthing,BSU,50<71,C1 and C2,0.15145204649578,!,not included,not included,97.737556561085900,,3.86202718564234,,1.64557872764035,
2019-20,R1,North East,Gateshead,BSU,50<71,C1 and C2,0.06999615021174,!,not included,not included,98.984771573604000,,2.97483638399888,,1.41817391602871,
2019-20,R1,North East,Newcastle,BSU,50<71,C1 and C2,0.17940437746681,!,not included,not included,99.173553719008200,,3.15751704341585,,1.54913745864262,
2019-20,R1,North East,North Cumbria,BSU,50<71,C1 and C2,0.08440955516164,!,not included,not included,100.000000000000000,,2.70110576517261,,1.18419620742789,
2019-20,R1,North East,North Tees,BSU,50<71,C1 and C2,0.11078286558346,!,not included,not included,100.000000000000000,,3.98818316100443,,1.73497061268625,
2019-20,R10,South West,Avon,BSU,50<71,C1 and C2,0.17893355600620,!,not included,not included,99.650349650349600,,3.87689371346773,,1.53164551859941,
2019-20,R10,South West,Cornwall,BSU,50<71,C1 and C2,0.31115813056195,!,not included,not included,100.000000000000000,,3.60943431451863,,1.59658519317768,
2019-20,R10,South West,Dorset,BSU,50<71,C1 and C2,0.20403166571452,!,not included,not included,99.516908212560300,,3.18289398514649,,1.45749700766940,
2019-20,R10,South West,Gloucestershire,BSU,50<71,C1 and C2,0.18583042973287,!,not included,not included,99.431818181818100,,2.78745644599303,,1.45487395847221,
2019-20,R10,South West,North & East Devon,BSU,50<71,C1 and C2,0.14677103718200,!,not included,not included,98.255813953488300,,3.96281800391389,,1.72048766266971,
2019-20,R10,South West,Somerset,BSU,50<71,C1 and C2,0.11943863839952,!,not included,not included,99.038461538461500,,2.80680800238877,,1.26100059962752,
2019-20,R10,South West,South Devon (Torbay),BSU,50<71,C1 and C2,0.08780402142418,!,not included,not included,97.979797979797900,,3.59996487839143,,1.77369452877210,
2019-20,R10,South West,Southampton & Salisbury,BSU,50<71,C1 and C2,0.35205069530012,!,not included,not included,98.787878787878800,,3.46183183711787,,1.82618040994442,
2019-20,R10,South West,West Devon & East Cornwall,BSU,50<71,C1 and C2,0.19977358993141,!,not included,not included,99.200000000000000,,3.52933342212159,,1.67961355190486,
2019-20,R10,South West,Wiltshire,BSU,50<71,C1 and C2,0.58090409801436,!,not included,not included,94.871794871794800,,3.96070975918884,,1.69766195662668,
2019-20,R2,North West,"Bolton, Bury & Rochdale",BSU,50<71,C1 and C2,0.29812606473595,!,not included,not included,98.936170212765900,,3.57751277683134,,1.59287415172901,
2019-20,R2,North West,Crewe,BSU,50<71,C1 and C2,0.32383419689119,!,not included,not included,100.000000000000000,,3.56217616580310,,1.62050313700185,
2019-20,R2,North West,East Cheshire & Stockport,BSU,50<71,C1 and C2,0.00000000000000,!,not included,not included,100.000000000000000,,3.67392208512408,,1.64780804157504,
2019-20,R2,North West,East Lancashire,BSU,50<71,C1 and C2,0.32711808963036,!,not included,not included,100.000000000000000,,2.87863918874713,,1.32711030525135,
2019-20,R2,North West,Greater Manchester,BSU,50<71,C1 and C2,0.16432953549518,!,not included,not included,98.054474708171200,,2.93054338299737,,1.37457572608425,
2019-20,R2,North West,Liverpool,BSU,50<71,C1 and C2,0.11477542275614,!,not included,not included,99.074074074074000,,2.83112709465146,,1.69062628499338,
2019-20,R2,North West,North Lancashire,BSU,50<71,C1 and C2,0.23119249086790,!,not included,not included,98.295454545454500,,3.51412586119202,,1.64061353515218,
2019-20,R2,North West,South Lancashire,BSU,50<71,C1 and C2,0.09678199854827,!,not included,not included,98.734177215189800,,2.80667795789983,,1.35771956469128,
2019-20,R2,North West,Warrington,BSU,50<71,C1 and C2,0.35387791212032,!,not included,not included,100.000000000000000,,2.18224712474196,,1.43751743352897,
2019-20,R2,North West,Wirral & Chester,BSU,50<71,C1 and C2,0.16792611251050,!,not included,not included,99.371069182389900,,3.97425132941505,,1.66101529282938,
2019-20,R3,Yorkshire and the Humber,Barnsley,BSU,50<71,C1 and C2,0.13533631073217,!,not included,not included,100.000000000000000,,3.11273514683989,!,1.66294057116022,
2019-20,R3,Yorkshire and the Humber,Doncaster,BSU,50<71,C1 and C2,0.00000000000000,!,not included,not included,98.750000000000000,,2.76526823101840,,1.36767687188071,
2019-20,R3,Yorkshire and the Humber,Humberside,BSU,50<71,C1 and C2,0.38942073665423,!,not included,not included,99.528301886792400,,2.92065552490670,,1.47203945065727,
2019-20,R3,Yorkshire and the Humber,Leeds Wakefield,BSU,50<71,C1 and C2,0.11868379669466,!,not included,not included,98.913043478260800,,4.09459098596564,,1.54331963540092,
2019-20,R3,Yorkshire and the Humber,North Yorkshire,BSU,50<71,C1 and C2,0.11289654912881,!,not included,not included,99.497487437185900,,2.78478154517743,,1.51397113798656,
2019-20,R3,Yorkshire and the Humber,Pennine,BSU,50<71,C1 and C2,0.14291839359726,!,not included,not included,100.000000000000000,,3.68014863512934,,1.52529892352466,
2019-20,R3,Yorkshire and the Humber,Rotherham,BSU,50<71,C1 and C2,0.12547051442911,!,not included,not included,100.000000000000000,,3.26223337515683,,1.23104915240727,
2019-20,R3,Yorkshire and the Humber,Sheffield,BSU,50<71,C1 and C2,0.42628774422735,!,not included,not included,98.701298701298700,,2.13143872113676,,1.15947426625921,
2019-20,R4,East Midlands,Derby City & South Derbyshire,BSU,50<71,C1 and C2,0.24586133420751,!,not included,not included,99.404761904761900,,2.41763645304048,,1.25919337080021,
2019-20,R4,East Midlands,Kettering,BSU,50<71,C1 and C2,0.87742388347811,!,not included,not included,98.795180722891500,,2.89549881547775,,1.51432158825509,
2019-20,R4,East Midlands,Leicestershire,BSU,50<71,C1 and C2,0.15821783431428,!,not included,not included,99.307958477508600,,4.52503006138851,,1.74008464424241,
2019-20,R4,East Midlands,Lincolnshire,BSU,50<71,C1 and C2,0.16270083384177,!,not included,not included,100.000000000000000,,3.57941834451901,,1.57305668509764,
2019-20,R4,East Midlands,Milton Keynes,BSU,50<71,C1 and C2,0.25879917184265,!,not included,not included,100.000000000000000,,3.23498964803312,,1.56538167998678,
2019-20,R4,East Midlands,North Derbyshire & Chesterfield,BSU,50<71,C1 and C2,0.15794045644792,!,not included,not included,99.099099099099000,,3.63263049830214,,1.69061444701944,
2019-20,R4,East Midlands,North Nottinghamshire,BSU,50<71,C1 and C2,0.24670038238559,!,not included,not included,100.000000000000000,,4.93400764771185,,1.75319171574595,
2019-20,R4,East Midlands,Northampton,BSU,50<71,C1 and C2,0.08568980291345,!,not included,not included,98.863636363636300,,2.74207369323050,,1.39735979452882,
2019-20,R4,East Midlands,Nottingham City,BSU,50<71,C1 and C2,0.14209254961398,!,not included,not included,98.823529411764700,,3.64704210675886,,1.67738738527806,
2019-20,R5,West Midlands,"City, Sandwell & Walsall",BSU,50<71,C1 and C2,0.19360459488239,!,not included,not included,99.576271186440600,,3.12994095059856,,1.41351379884947,
2019-20,R5,West Midlands,Dudley & Wolverhampton,BSU,50<71,C1 and C2,0.16989466530751,!,not included,not included,100.000000000000000,,3.61026163778457,,1.75716444813391,
2019-20,R5,West Midlands,Hereford & Worcester,BSU,50<71,C1 and C2,0.13134851138354,!,not included,not included,97.109826589595300,,3.10858143607705,,1.54561861130890,
2019-20,R5,West Midlands,North Staffordshire,BSU,50<71,C1 and C2,0.10813148788927,!,not included,not included,99.421965317919000,,4.16306228373702,,1.75369930912218,
2019-20,R5,West Midlands,Shropshire,BSU,50<71,C1 and C2,0.00000000000000,!,not included,not included,98.561151079136600,,4.66271042751604,,1.75512367058600,
2019-20,R5,West Midlands,South Birmingham,BSU,50<71,C1 and C2,0.46957175056349,!,not included,not included,100.000000000000000,,3.56874530428249,,1.90101859822134,
2019-20,R5,West Midlands,"Warwickshire, Solihull & Coventry",BSU,50<71,C1 and C2,0.30927835051546,!,not included,not included,100.000000000000000,,2.85223367697594,,1.66846771295883,
2019-20,R6,East of England,Bedfordshire & Hertfordshire,BSU,50<71,C1 and C2,0.32608695652174,!,not included,not included,98.830409356725100,,3.08695652173913,,1.46087493902464,
2019-20,R6,East of England,Cambridge & Huntingdon,BSU,50<71,C1 and C2,0.18846588767433,!,not included,not included,100.000000000000000,,2.16735770825480,!,1.05810491110193,
2019-20,R6,East of England,Colchester & Chelmsford,BSU,50<71,C1 and C2,0.09191598878625,!,not included,not included,98.734177215189800,,2.80343765798060,,1.47839294849448,
2019-20,R6,East of England,East Suffolk,BSU,50<71,C1 and C2,0.00000000000000,!,not included,not included,100.000000000000000,,3.53166986564299,,1.41743470801497,
2019-20,R6,East of England,Epping,BSU,50<71,C1 and C2,0.00000000000000,!,not included,not included,98.648648648648600,,2.26095148374941,!,1.39186464394710,
2019-20,R6,East of England,James Paget,BSU,50<71,C1 and C2,0.68878429571806,!,not included,not included,97.101449275362300,,4.70669268740672,,1.62783622395883,
2019-20,R6,East of England,Kings Lynn,BSU,50<71,C1 and C2,0.28889209880110,!,not included,not included,96.923076923076900,,4.47782753141701,,1.92025261990021,
2019-20,R6,East of England,Norfolk & Norwich,BSU,50<71,C1 and C2,0.10687757174157,!,not included,not included,98.591549295774600,,3.47352108160102,,1.50355967753656,
2019-20,R6,East of England,Peterborough,BSU,50<71,C1 and C2,0.20920502092050,!,not included,not included,100.000000000000000,,2.71966527196652,,1.45867407047948,
2019-20,R6,East of England,South Essex (Southend),BSU,50<71,C1 and C2,0.10568031704095,!,not included,not included,100.000000000000000,,3.59313077939233,,1.61710496628336,
2019-20,R6,East of England,West Suffolk,BSU,50<71,C1 and C2,0.10313531353135,!,not included,not included,100.000000000000000,,2.99092409240924,,1.49568793169292,
2019-20,R7,London,Central & East London,BSU,50<71,C1 and C2,0.27088851432699,!,not included,not included,98.305084745762700,,2.49819407657115,,1.28647922100816,
2019-20,R7,London,North London,BSU,50<71,C1 and C2,0.23025558369790,!,not included,not included,99.436619718309800,,2.80911812111443,,1.50950317693456,
2019-20,R7,London,Outer North East London,BSU,50<71,C1 and C2,0.49831127844527,!,not included,not included,97.656250000000000,,3.15597143015336,,1.37924147787379,
2019-20,R7,London,South East London,BSU,50<71,C1 and C2,0.22280398819139,!,not included,not included,98.312236286919800,,2.39514287305742,,1.22967404694671,
2019-20,R7,London,South West London,BSU,50<71,C1 and C2,0.43196544276458,!,not included,not included,96.226415094339600,,2.52533643462369,,1.25326301868186,
2019-20,R7,London,West of London,BSU,50<71,C1 and C2,0.12656625743577,!,not included,not included,97.247706422018300,,2.62624984179217,,1.37770975827885,
2019-20,R8,South East,Aylesbury & Wycombe,BSU,50<71,C1 and C2,0.25921845635409,!,not included,not included,97.986577181208000,,3.75866761713434,,1.86946112223910,
2019-20,R8,South East,Canterbury,BSU,50<71,C1 and C2,0.12476606363069,!,not included,not included,97.790055248618700,,2.62008733624454,,1.57467515975333,
2019-20,R8,South East,East Berkshire,BSU,50<71,C1 and C2,0.07884569896712,!,not included,not included,100.000000000000000,,2.99613656075061,,1.66012674384107,
2019-20,R8,South East,East Sussex/Brighton,BSU,50<71,C1 and C2,0.44714720085852,!,not included,not included,98.984771573604000,,3.84546592738329,,1.63818571587241,
2019-20,R8,South East,Guildford,BSU,50<71,C1 and C2,0.50780754094198,!,not included,not included,99.212598425196800,,3.63082391773517,,1.77568585866290,
2019-20,R8,South East,Isle of Wight,BSU,50<71,C1 and C2,0.26123301985371,!,not included,not included,96.969696969696900,,3.13479623824451,!,1.84775928921160,
2019-20,R8,South East,Maidstone,BSU,50<71,C1 and C2,0.38632412594167,!,not included,not included,99.264705882352900,,3.02620565320970,,1.62996399203817,
2019-20,R8,South East,Medway,BSU,50<71,C1 and C2,0.20931449502878,!,not included,not included,100.000000000000000,,3.19204604918890,,1.70791740045655,
2019-20,R8,South East,North & Mid Hampshire,BSU,50<71,C1 and C2,0.18045112781955,!,not included,not included,100.000000000000000,,3.84962406015037,,1.56200513260010,
2019-20,R8,South East,Oxford,BSU,50<71,C1 and C2,0.10847751803439,!,not included,not included,100.000000000000000,,3.57975809513478,,1.65699573577492,
2019-20,R8,South East,Portsmouth,BSU,50<71,C1 and C2,0.29253451907325,!,not included,not included,98.333333333333300,,2.16475544114205,,1.25016974287457,
2019-20,R8,South East,West Berkshire,BSU,50<71,C1 and C2,0.12303906490311,!,not included,not included,99.193548387096700,,2.58382036296524,,1.45394867470306,
2019-20,R8,South East,Worthing,BSU,50<71,C1 and C2,0.07336218912772,!,not included,not included,99.539170506912400,,3.48470398356686,,1.46399984689736,
2020-21,R1,North East,Gateshead,BSU,50<71,C1 and C2,0.00000000000000,!,not included,not included,97.674418604651100,,3.92516027737799,,1.60595331571670,
2020-21,R1,North East,Newcastle,BSU,50<71,C1 and C2,0.12796724038646,!,not included,not included,98.750000000000000,,4.03096807217352,,2.02088004351421,
2020-21,R1,North East,North Cumbria,BSU,50<71,C1 and C2,0.00000000000000,!,not included,not included,100.000000000000000,,4.08639813193228,,1.61389238565572,
2020-21,R1,North East,North Tees,BSU,50<71,C1 and C2,0.16344320348679,!,not included,not included,98.148148148148100,,4.52192862980114,,1.87551027846140,
2020-21,R10,South West,Avon,BSU,50<71,C1 and C2,0.37884169152815,!,not included,not included,98.901098901098900,,4.02519297248662,,1.70049090610075,
2020-21,R10,South West,Cornwall,BSU,50<71,C1 and C2,0.29256875365711,!,not included,not included,96.385542168674700,,3.31577920811390,,1.54032414581324,
2020-21,R10,South West,Dorset,BSU,50<71,C1 and C2,0.22619316896630,!,not included,not included,95.804195804195800,,4.44846565633717,,1.90344155168555,
2020-21,R10,South West,Gloucestershire,BSU,50<71,C1 and C2,0.15145778114351,!,not included,not included,100.000000000000000,,3.48352896630064,,1.88504374872366,
2020-21,R10,South West,North & East Devon,BSU,50<71,C1 and C2,0.17937219730942,!,not included,not included,100.000000000000000,,3.94618834080717,,1.96111137690276,
2020-21,R10,South West,Somerset,BSU,50<71,C1 and C2,0.15213753232923,!,not included,not included,98.529411764705800,,5.47695116385212,,1.96083364287373,
2020-21,R10,South West,South Devon (Torbay),BSU,50<71,C1 and C2,0.15003750937734,!,not included,not included,100.000000000000000,,2.40060015003750,!,1.27811860940695,
2020-21,R10,South West,Southampton & Salisbury,BSU,50<71,C1 and C2,0.51009997959600,!,not included,not included,97.752808988764000,,3.97877984084880,,1.63523788994849,
2020-21,R10,South West,West Devon & East Cornwall,BSU,50<71,C1 and C2,0.53106744556559,!,not included,not included,99.319727891156400,,4.02093923071087,,2.07598513372217,
2020-21,R10,South West,Wiltshire,BSU,50<71,C1 and C2,0.23879646581231,!,not included,not included,97.692307692307700,,4.29833638462150,,2.05280157561318,
2020-21,R2,North West,"Bolton, Bury & Rochdale",BSU,50<71,C1 and C2,0.20634156406906,!,not included,not included,100.000000000000000,,2.95756241832313,,1.59538167554790,
2020-21,R2,North West,Crewe,BSU,50<71,C1 and C2,0.51988562516246,!,not included,not included,100.000000000000000,,2.07954250064985,!,1.59747062890501,
2020-21,R2,North West,East Cheshire & Stockport,BSU,50<71,C1 and C2,0.27793218454697,!,not included,not included,98.630136986301300,,3.47415230683713,,1.79851354552173,
2020-21,R2,North West,East Lancashire,BSU,50<71,C1 and C2,0.00000000000000,!,not included,not included,98.717948717948700,,2.82512477634428,,1.48268444652432,
2020-21,R2,North West,Greater Manchester,BSU,50<71,C1 and C2,0.19138755980861,!,not included,not included,98.941798941798900,,3.25358851674641,,1.77132062979715,
2020-21,R2,North West,Liverpool,BSU,50<71,C1 and C2,0.08401949252227,!,not included,not included,99.218750000000000,,4.36901361115778,,2.08609647378114,
2020-21,R2,North West,North Lancashire,BSU,50<71,C1 and C2,0.11642798928862,!,not included,not included,96.590909090909100,,3.95855163581324,,1.73144002731701,
2020-21,R2,North West,South Lancashire,BSU,50<71,C1 and C2,0.34167008336750,!,not included,not included,99.173553719008200,,2.46002460024600,,1.64435820699181,
2020-21,R2,North West,Warrington,BSU,50<71,C1 and C2,0.23218017181333,!,not included,not included,97.468354430379700,,2.78616206175992,!,1.64485718385703,
2020-21,R2,North West,Wirral & Chester,BSU,50<71,C1 and C2,0.21112635912594,!,not included,not included,100.000000000000000,,3.37802174601499,,1.90679582030356,
2020-21,R3,Yorkshire and the Humber,Barnsley,BSU,50<71,C1 and C2,0.00000000000000,!,not included,not included,100.000000000000000,,5.17177687476911,!,2.47628044334591,
2020-21,R3,Yorkshire and the Humber,Doncaster,BSU,50<71,C1 and C2,0.15595757953837,!,not included,not included,100.000000000000000,,3.58702432938240,!,1.44410481238671,
2020-21,R3,Yorkshire and the Humber,Humberside,BSU,50<71,C1 and C2,0.07377895824111,!,not included,not included,100.000000000000000,,2.95115832964438,,1.46672118282190,
2020-21,R3,Yorkshire and the Humber,Leeds Wakefield,BSU,50<71,C1 and C2,0.25731194785145,!,not included,not included,99.470899470899400,,3.68813791920404,,1.52079545206120,
2020-21,R3,Yorkshire and the Humber,North Yorkshire,BSU,50<71,C1 and C2,0.06593696426217,!,not included,not included,99.295774647887300,,3.09903732032177,,1.97765252645110,
2020-21,R3,Yorkshire and the Humber,Pennine,BSU,50<71,C1 and C2,0.29472443265547,!,not included,not included,100.000000000000000,,3.71352785145888,,1.62445106492111,
2020-21,R3,Yorkshire and the Humber,Rotherham,BSU,50<71,C1 and C2,0.00000000000000,!,not included,not included,97.222222222222200,,3.13837375178316,!,1.90356403589416,
2020-21,R3,Yorkshire and the Humber,Sheffield,BSU,50<71,C1 and C2,0.22706630336058,!,not included,not included,100.000000000000000,,2.15712988192552,!,1.28552952078813,
2020-21,R4,East Midlands,Derby City & South Derbyshire,BSU,50<71,C1 and C2,0.25143000817148,!,not included,not included,99.280575539568300,,3.52002011440065,,1.67855746602523,
2020-21,R4,East Midlands,Kettering,BSU,50<71,C1 and C2,0.11139578923917,!,not included,not included,100.000000000000000,,4.23303999108833,,1.80725563850067,
2020-21,R4,East Midlands,Leicestershire,BSU,50<71,C1 and C2,0.14993627708224,!,not included,not included,99.300699300699300,,5.62261039058400,,2.16546978582402,
2020-21,R4,East Midlands,Lincolnshire,BSU,50<71,C1 and C2,0.09307520476545,!,not included,not included,100.000000000000000,,2.79225614296351,,1.48845030222306,
2020-21,R4,East Midlands,Milton Keynes,BSU,50<71,C1 and C2,0.16294606485253,!,not included,not included,100.000000000000000,,4.39954375101841,,2.00772250383876,
2020-21,R4,East Midlands,North Derbyshire & Chesterfield,BSU,50<71,C1 and C2,0.12434717731907,!,not included,not included,100.000000000000000,,3.35737378761502,,1.44577442304564,
2020-21,R4,East Midlands,North Nottinghamshire,BSU,50<71,C1 and C2,0.15394088669951,!,not included,not included,100.000000000000000,,3.07881773399014,!,1.56822305792786,
2020-21,R4,East Midlands,Northampton,BSU,50<71,C1 and C2,0.42069835927640,!,not included,not included,100.000000000000000,,3.50581966063665,,1.44558010441218,
2020-21,R4,East Midlands,Nottingham City,BSU,50<71,C1 and C2,0.25338907893070,!,not included,not included,100.000000000000000,,3.35740529583174,,1.48597311765137,
2020-21,R5,West Midlands,"City, Sandwell & Walsall",BSU,50<71,C1 and C2,0.23110700254218,!,not included,not included,99.411764705882300,,2.83106078114166,,1.73090270724627,
2020-21,R5,West Midlands,Dudley & Wolverhampton,BSU,50<71,C1 and C2,0.24044241404184,!,not included,not included,100.000000000000000,,3.28604632523843,,1.53966745946381,
2020-21,R5,West Midlands,Hereford & Worcester,BSU,50<71,C1 and C2,0.07156659271452,!,not included,not included,100.000000000000000,,4.07929578472768,,1.92877268371342,
2020-21,R5,West Midlands,North Staffordshire,BSU,50<71,C1 and C2,0.22353028835407,!,not included,not included,97.540983606557300,,4.09805528649132,,1.58549942320624,
2020-21,R5,West Midlands,Shropshire,BSU,50<71,C1 and C2,0.00000000000000,!,not included,not included,100.000000000000000,,3.26137599006056,!,1.51469481171586,
2020-21,R5,West Midlands,South Birmingham,BSU,50<71,C1 and C2,0.00000000000000,!,not included,not included,98.245614035087700,,4.14781297134238,!,1.94818839352848,
2020-21,R5,West Midlands,"Warwickshire, Solihull & Coventry",BSU,50<71,C1 and C2,0.54749520941692,!,not included,not included,99.315068493150600,,2.51847796331782,,1.68730784275415,
2020-21,R6,East of England,Bedfordshire & Hertfordshire,BSU,50<71,C1 and C2,0.17417961401798,!,not included,not included,98.076923076923000,,2.82170974709120,,1.41212193018469,
2020-21,R6,East of England,Cambridge & Huntingdon,BSU,50<71,C1 and C2,0.00000000000000,!,not included,not included,100.000000000000000,,3.81489467573395,!,1.92130648841212,
2020-21,R6,East of England,Colchester & Chelmsford,BSU,50<71,C1 and C2,0.09375585974123,!,not included,not included,100.000000000000000,,2.62516407275454,,1.50561251282622,
2020-21,R6,East of England,East Suffolk,BSU,50<71,C1 and C2,0.00000000000000,!,not included,not included,100.000000000000000,,4.91348002563554,,1.73472169756240,
2020-21,R6,East of England,Epping,BSU,50<71,C1 and C2,0.00000000000000,!,not included,not included,100.000000000000000,,4.98664292074799,,2.15007619606764,
2020-21,R6,East of England,James Paget,BSU,50<71,C1 and C2,1.15036976170912,!,not included,not included,92.857142857142800,,3.28677074774034,!,1.80219868239251,
2020-21,R6,East of England,Kings Lynn,BSU,50<71,C1 and C2,0.00000000000000,!,not included,not included,100.000000000000000,,3.23958179944043,!,1.55991141121285,
2020-21,R6,East of England,Norfolk & Norwich,BSU,50<71,C1 and C2,0.07105805443047,!,not included,not included,99.285714285714200,,4.68983159241100,,2.08146868430364,
2020-21,R6,East of England,Peterborough,BSU,50<71,C1 and C2,0.25490695895998,!,not included,not included,100.000000000000000,,3.56869742543971,,1.82383655456872,
2020-21,R6,East of England,South Essex (Southend),BSU,50<71,C1 and C2,0.32084703617550,!,not included,not included,100.000000000000000,,4.09079971123766,,1.82675094077673,
2020-21,R6,East of England,West Suffolk,BSU,50<71,C1 and C2,0.00000000000000,!,not included,not included,100.000000000000000,,4.97887748943874,,1.65254778800970,
2020-21,R7,London,Central & East London,BSU,50<71,C1 and C2,0.17173278378843,!,not included,not included,97.500000000000000,,2.49012536493216,,1.23975052016990,
2020-21,R7,London,North London,BSU,50<71,C1 and C2,0.17711654268509,!,not included,not included,100.000000000000000,,2.83386468296138,,1.69680397182652,
2020-21,R7,London,Outer North East London,BSU,50<71,C1 and C2,0.39748787661976,!,not included,not included,98.181818181818100,,2.78241513633834,,1.78115185111153,
2020-21,R7,London,South East London,BSU,50<71,C1 and C2,0.04723888705182,!,not included,not included,99.421965317919000,,3.02328877131654,,1.63966643562985,
2020-21,R7,London,South West London,BSU,50<71,C1 and C2,0.44169611307420,!,not included,not included,96.710526315789400,,2.27158001009591,,1.70384860320367,
2020-21,R7,London,West of London,BSU,50<71,C1 and C2,0.08450942280064,!,not included,not included,100.000000000000000,,3.21135806642440,,1.52175113948933,
2020-21,R8,South East,Aylesbury & Wycombe,BSU,50<71,C1 and C2,0.00000000000000,!,not included,not included,98.837209302325500,,2.82554290788730,,1.35365811174646,
2020-21,R8,South East,Canterbury,BSU,50<71,C1 and C2,0.13475272874276,!,not included,not included,99.218750000000000,,2.42554911736962,,1.70852525905306,
2020-21,R8,South East,East Berkshire,BSU,50<71,C1 and C2,0.00000000000000,!,not included,not included,100.000000000000000,,2.01894704146606,,1.34746477390214,
2020-21,R8,South East,East Sussex/Brighton,BSU,50<71,C1 and C2,0.29229510113410,!,not included,not included,97.385620915032600,,3.15678709224833,,1.68286495493629,
2020-21,R8,South East,Guildford,BSU,50<71,C1 and C2,0.53215440664784,!,not included,not included,96.774193548387100,,4.33910516189774,,1.96458401857483,
2020-21,R8,South East,Isle of Wight,BSU,50<71,C1 and C2,0.45651677699155,!,not included,not included,100.000000000000000,,2.96735905044510,!,1.44154054110996,
2020-21,R8,South East,Maidstone,BSU,50<71,C1 and C2,0.67219359175443,!,not included,not included,98.837209302325500,,3.58503248935693,,1.76671958543924,
2020-21,R8,South East,Medway,BSU,50<71,C1 and C2,0.26831231553528,!,not included,not included,100.000000000000000,,3.84580985600572,,2.36278198326231,
2020-21,R8,South East,North & Mid Hampshire,BSU,50<71,C1 and C2,0.31347962382445,!,not included,not included,97.894736842105200,,3.52664576802507,,1.38316358734191,
2020-21,R8,South East,Oxford,BSU,50<71,C1 and C2,0.15806528096104,!,not included,not included,98.947368421052600,,3.39840354066229,,1.54923227794466,
2020-21,R8,South East,Portsmouth,BSU,50<71,C1 and C2,0.57845263919017,!,not included,not included,98.571428571428500,,3.90455531453362,,1.88774741512171,
2020-21,R8,South East,West Berkshire,BSU,50<71,C1 and C2,0.31000542509494,!,not included,not included,98.863636363636300,,2.48004340075951,,1.30977261208521,
2020-21,R8,South East,Worthing,BSU,50<71,C1 and C2,0.27428571428571,!,not included,not included,100.000000000000000,,3.47428571428571,,1.68878478027419,
2021-22,R1,North East,Gateshead,BSU,50<71,C1 and C2,0.068236096895258,!,not included,not included,97.3684210526315,,3.51415899010576,,1.20671449232203,
2021-22,R1,North East,Newcastle,BSU,50<71,C1 and C2,0.154864686979751,!,not included,not included,99.5780590717299,,3.87161717449378,,1.46721822564356,
2021-22,R1,North East,North Cumbria,BSU,50<71,C1 and C2,0.168548794876116,!,not included,not included,100.0000000000000,,2.27540873082757,,1.07776113984018,
2021-22,R1,North East,North Tees,BSU,50<71,C1 and C2,0.311300197156791,!,not included,not included,97.7715877437326,,4.02096087994189,,1.46887547631841,
2021-22,R10,South West,Avon,BSU,50<71,C1 and C2,0.264110081081794,!,not included,not included,98.0337078651685,,4.06729524865964,,1.50457236305492,
2021-22,R10,South West,Cornwall,BSU,50<71,C1 and C2,0.111919418019026,!,not included,not included,99.3333333333333,,3.35758254057078,,1.28312346316158,
2021-22,R10,South West,Dorset,BSU,50<71,C1 and C2,0.502344273275284,!,not included,not included,98.3050847457627,,3.54989953114534,,1.54328320505807,
2021-22,R10,South West,Gloucestershire,BSU,50<71,C1 and C2,0.322710770471964,!,not included,not included,99.5348837209302,,3.06575231948366,,1.50791466710898,
2021-22,R10,South West,North & East Devon,BSU,50<71,C1 and C2,0.055493895671476,!,not included,not included,98.6394557823129,,3.49611542730299,,1.32725201208639,
2021-22,R10,South West,Somerset,BSU,50<71,C1 and C2,0.050625221485344,!,not included,not included,98.9637305699481,,4.10064294031286,,1.58924464424554,
2021-22,R10,South West,South Devon (Torbay),BSU,50<71,C1 and C2,0.187038249321986,!,not included,not included,98.7654320987654,,3.55372673711774,,1.29801308058573,
2021-22,R10,South West,Southampton & Salisbury,BSU,50<71,C1 and C2,0.475624256837098,!,not included,not included,98.1818181818181,,3.75743162901308,,1.56017125894621,
2021-22,R10,South West,West Devon & East Cornwall,BSU,50<71,C1 and C2,0.252703932073183,!,not included,not included,99.4382022471910,,2.62812089356110,,1.37828716345621,
2021-22,R10,South West,Wiltshire,BSU,50<71,C1 and C2,0.606796116504854,!,not included,not included,97.8260869565217,,3.94417475728155,,1.52635913195229,
2021-22,R2,North West,"Bolton, Bury & Rochdale",BSU,50<71,C1 and C2,0.234219463637428,!,not included,not included,99.1869918699187,,3.10340789319592,,1.12425707836442,
2021-22,R2,North West,East Cheshire & Stockport,BSU,50<71,C1 and C2,0.039447731755424,!,not included,not included,99.0654205607476,,3.27416173570019,,1.30375989957689,
2021-22,R2,North West,East Lancashire,BSU,50<71,C1 and C2,0.393210564257159,!,not included,not included,95.9595959595959,,2.42479847958581,,1.00677857301352,
2021-22,R2,North West,Greater Manchester,BSU,50<71,C1 and C2,0.124688279301745,!,not included,not included,95.9183673469387,,3.83416458852867,,1.52448212605558,
2021-22,R2,North West,Liverpool,BSU,50<71,C1 and C2,0.072137060414788,!,not included,not included,99.6124031007752,,3.71505861136158,,1.45574239533705,
2021-22,R2,North West,North Lancashire,BSU,50<71,C1 and C2,0.518134715025906,!,not included,not included,99.1666666666666,,3.02909525707453,,1.52335975462462,
2021-22,R2,North West,South Lancashire,BSU,50<71,C1 and C2,0.311138767890479,!,not included,not included,99.5049504950495,,3.24473286514356,,1.44196368246690,
2021-22,R2,North West,Warrington,BSU,50<71,C1 and C2,0.112365863250744,!,not included,not included,97.6047904191616,,2.80914658126861,,1.60866269457206,
2021-22,R2,North West,Wirral & Chester,BSU,50<71,C1 and C2,0.182000182000182,!,not included,not included,98.9637305699481,,3.45800345800345,,1.33859699418044,
2021-22,R3,Yorkshire and the Humber,Barnsley,BSU,50<71,C1 and C2,0.251994960100797,!,not included,not included,99.0909090909091,,3.77992440151196,,1.54278053278382,
2021-22,R3,Yorkshire and the Humber,Doncaster,BSU,50<71,C1 and C2,0.062324711748208,!,not included,not included,97.5609756097561,,1.99439077594266,,0.78346633306165,
2021-22,R3,Yorkshire and the Humber,Humberside,BSU,50<71,C1 and C2,0.166393306234994,!,not included,not included,98.7421383647798,,2.94753856759133,,1.27183552507368,
2021-22,R3,Yorkshire and the Humber,Leeds Wakefield,BSU,50<71,C1 and C2,0.298578765078227,!,not included,not included,98.0158730158730,,3.34408216887614,,1.16503192248785,
2021-22,R3,Yorkshire and the Humber,North Yorkshire,BSU,50<71,C1 and C2,0.133257820568344,!,not included,not included,99.6309963099631,,3.43138887963487,,1.54465119133933,
2021-22,R3,Yorkshire and the Humber,Pennine,BSU,50<71,C1 and C2,0.225646315518019,!,not included,not included,99.1266375545851,,3.22351879311456,,1.19696864746663,
2021-22,R3,Yorkshire and the Humber,Rotherham,BSU,50<71,C1 and C2,0.096329833349388,!,not included,not included,97.7011494252873,,2.31191600038531,!,1.38480180024234,
2021-22,R3,Yorkshire and the Humber,Sheffield,BSU,50<71,C1 and C2,0.265533722782793,!,not included,not included,97.2602739726027,,3.34572490706319,,1.31088037209068,
2021-22,R4,East Midlands,Derby City & South Derbyshire,BSU,50<71,C1 and C2,0.135508699658518,!,not included,not included,99.3690851735015,,2.65597051330695,,1.31426667398532,
2021-22,R4,East Midlands,Kettering,BSU,50<71,C1 and C2,1.000454752160070,!,not included,not included,97.6190476190476,,3.54706684856753,,1.17873163985145,
2021-22,R4,East Midlands,Leicestershire,BSU,50<71,C1 and C2,0.375281461095821,!,not included,not included,99.1712707182320,,4.15311483612709,,1.46312549121021,
2021-22,R4,East Midlands,Lincolnshire,BSU,50<71,C1 and C2,0.238208670795616,!,not included,not included,100.0000000000000,,3.19199618866126,,1.29550134258411,
2021-22,R4,East Midlands,Milton Keynes,BSU,50<71,C1 and C2,0.126694539465349,!,not included,not included,98.5294117647058,,3.16736348663372,,1.37307371359184,
2021-22,R4,East Midlands,North Derbyshire & Chesterfield,BSU,50<71,C1 and C2,0.135639199728721,!,not included,not included,99.3377483443708,,4.40827399118345,,1.66232721413742,
2021-22,R4,East Midlands,North Nottinghamshire,BSU,50<71,C1 and C2,0.410382681850825,!,not included,not included,97.6470588235294,,4.92459218220991,,1.47665524087094,
2021-22,R4,East Midlands,Northampton,BSU,50<71,C1 and C2,0.070676372888543,!,not included,not included,100.0000000000000,,3.25111315287299,,1.14740509979446,
2021-22,R4,East Midlands,Nottingham City,BSU,50<71,C1 and C2,0.165535507366330,!,not included,not included,98.7551867219917,,4.10528058268498,,1.39384864820024,
2021-22,R5,West Midlands,"City, Sandwell & Walsall",BSU,50<71,C1 and C2,0.343235147279081,!,not included,not included,100.0000000000000,,3.24513230154767,,1.43912841777808,
2021-22,R5,West Midlands,Dudley & Wolverhampton,BSU,50<71,C1 and C2,0.239741079633995,!,not included,not included,99.5815899581590,,3.43628880808726,,1.64226066774318,
2021-22,R5,West Midlands,Hereford & Worcester,BSU,50<71,C1 and C2,0.213431986340352,!,not included,not included,99.6031746031746,,3.34376778599886,,1.41242846248009,
2021-22,R5,West Midlands,North Staffordshire,BSU,50<71,C1 and C2,0.209358316759133,!,not included,not included,98.7341772151898,,3.71611012247461,,1.34068716330652,
2021-22,R5,West Midlands,Shropshire,BSU,50<71,C1 and C2,0.396667988893296,!,not included,not included,97.8723404255319,,3.57001190003966,,1.46217030071879,
2021-22,R5,West Midlands,South Birmingham,BSU,50<71,C1 and C2,0.114916111238795,!,not included,not included,98.1651376146789,,3.90714778211905,,2.08172671980449,
2021-22,R5,West Midlands,"Warwickshire, Solihull & Coventry",BSU,50<71,C1 and C2,0.369697156412705,!,not included,not included,98.7301587301587,,3.48131488955297,,1.59891429330308,
2021-22,R6,East of England,Bedfordshire & Hertfordshire,BSU,50<71,C1 and C2,0.119494300121884,!,not included,not included,97.7715877437326,,2.84396434290084,,1.33153008912880,
2021-22,R6,East of England,Cambridge & Huntingdon,BSU,50<71,C1 and C2,0.187564475288380,!,not included,not included,97.9020979020979,,2.25077370346056,,1.06323646331478,
2021-22,R6,East of England,Colchester & Chelmsford,BSU,50<71,C1 and C2,0.306923313017933,!,not included,not included,97.7653631284916,,2.32384794142149,,1.30688343506576,
2021-22,R6,East of England,East Suffolk,BSU,50<71,C1 and C2,0.078951523764409,!,not included,not included,98.8888888888888,,3.07910942681193,,1.30854209899089,
2021-22,R6,East of England,Epping,BSU,50<71,C1 and C2,0.081241368104639,!,not included,not included,96.9696969696969,,2.43724104313916,,1.31532919609577,
2021-22,R6,East of England,James Paget,BSU,50<71,C1 and C2,0.594265339474075,!,not included,not included,96.4285714285714,,3.86272470658148,,1.37192703256954,
2021-22,R6,East of England,Kings Lynn,BSU,50<71,C1 and C2,0.365853658536585,!,not included,not included,100.0000000000000,,4.14634146341463,,1.41118100995996,
2021-22,R6,East of England,Norfolk & Norwich,BSU,50<71,C1 and C2,0.190340233166785,!,not included,not included,99.4382022471910,,4.09231501308589,,1.39300853818164,
2021-22,R6,East of England,Peterborough,BSU,50<71,C1 and C2,0.290613193839000,!,not included,not included,97.1428571428571,,2.90613193839000,,1.12257825896777,
2021-22,R6,East of England,South Essex (Southend),BSU,50<71,C1 and C2,0.134643866971859,!,not included,not included,97.3404255319149,,3.59050311924958,,1.40683860639289,
2021-22,R6,East of England,West Suffolk,BSU,50<71,C1 and C2,0.355429180735738,!,not included,not included,98.6111111111111,,3.46543451217344,,1.17756611435749,
2021-22,R7,London,Central & East London,BSU,50<71,C1 and C2,0.143864192202560,!,not included,not included,98.1481481481481,,2.63751019038028,,1.15751694911215,
2021-22,R7,London,North London,BSU,50<71,C1 and C2,0.157616833477815,!,not included,not included,99.7727272727272,,2.65978406493813,,1.43242632017811,
2021-22,R7,London,Outer North East London,BSU,50<71,C1 and C2,0.154456057251711,!,not included,not included,97.4193548387096,,2.83169438294805,,1.27619441777795,
2021-22,R7,London,South East London,BSU,50<71,C1 and C2,0.070430801737293,!,not included,not included,99.7142857142857,,2.91113980514144,,1.30591088154595,
2021-22,R7,London,South West London,BSU,50<71,C1 and C2,0.547371427211499,!,not included,not included,97.7653631284916,,2.68925962064780,,1.28172534177746,
2021-22,R7,London,West of London,BSU,50<71,C1 and C2,0.236894649565129,!,not included,not included,98.8679245283018,,2.94426207316660,,1.49988053034942,
2021-22,R8,South East,Aylesbury & Wycombe,BSU,50<71,C1 and C2,0.049711672300656,!,not included,not included,98.7804878048780,,3.23125869954265,,1.40524509269437,
2021-22,R8,South East,Canterbury,BSU,50<71,C1 and C2,0.286601385240028,!,not included,not included,97.1264367816091,,4.25125388106042,,1.48427742755513,
2021-22,R8,South East,East Berkshire,BSU,50<71,C1 and C2,0.068951251465214,!,not included,not included,100.0000000000000,,2.55119630421292,,1.15336689868326,
2021-22,R8,South East,East Sussex/Brighton,BSU,50<71,C1 and C2,0.224752771950854,!,not included,not included,97.4137931034482,,3.97063230446508,,1.40871439815176,
2021-22,R8,South East,Guildford,BSU,50<71,C1 and C2,0.304398559180153,!,not included,not included,97.9643765903307,,4.21084673532545,,1.48959178987005,
2021-22,R8,South East,Isle of Wight,BSU,50<71,C1 and C2,0.237642585551330,!,not included,not included,100.0000000000000,,4.75285171102661,!,1.67108469630184,
2021-22,R8,South East,Maidstone,BSU,50<71,C1 and C2,0.460344600815467,!,not included,not included,98.2035928143712,,3.35393923451269,,1.70041818237078,
2021-22,R8,South East,Medway,BSU,50<71,C1 and C2,0.053250971830236,!,not included,not included,97.9899497487437,,3.14180733798391,,1.55201518788947,
2021-22,R8,South East,North & Mid Hampshire,BSU,50<71,C1 and C2,0.352947108354762,!,not included,not included,100.0000000000000,,2.42020874300408,,1.17417011149981,
2021-22,R8,South East,Oxford,BSU,50<71,C1 and C2,0.172488141440276,!,not included,not included,99.4845360824742,,2.84605433376455,,1.35119525142299,
2021-22,R8,South East,Portsmouth,BSU,50<71,C1 and C2,0.691828733953416,!,not included,not included,97.4137931034482,,3.84349296640787,,1.31268008329892,
2021-22,R8,South East,West Berkshire,BSU,50<71,C1 and C2,0.230747043553504,!,not included,not included,97.8873239436619,,2.88433804441880,,1.33942148233536,
2021-22,R8,South East,Worthing,BSU,50<71,C1 and C2,0.146134736226801,!,not included,not included,99.2452830188679,,3.36109893321642,,1.50870920699314,
